{
    "1": {
        "number": 1,
        "bab": 2,
        "title": "مقدمه",
        "arabic": {
            "1": "",
            "2": "",
            "3": "",
            "4": "",
            "5": "",
            "6": "",
            "7": "",
            "8": "",
            "9": "",
            "10": "",
            "11": "",
            "12": ""
        },
        "farsi": {
            "1": "",
            "2": "",
            "3": "",
            "4": "",
            "5": "",
            "6": "",
            "7": "",
            "8": "",
            "9": "",
            "10": "",
            "11": "",
            "12": ""
        },
        "tozih": {
            "1": "باب دوّم: در اعمال ماه‌های سال و فضیلت و اعمال نوروز و نیز اعمال ماه‌های رومی (شمسی) و آن در چند فصل است:",
            "2": "فصل اول: فضیلت و اعمال ماه رجب ",
            "3": "فصل دوم: فضیلت و اعمال ماه شعبان ",
            "4": "فصل سوم: فضیلت و اعمال ماه مبارک رمضان ",
            "5": "فصل چهارم: اعمال ماه شوال ",
            "6": "فصل پنجم: اعمال ماه ذی القعده  ",
            "7": "فصل ششم: اعمال ماه ذی الحجه  ",
            "8": "فصل هفتم: اعمال ماه محرم ",
            "9": "فصل هشتم: اعمال ماه صفر ",
            "10": "فصل نهم: اعمال ماه ربیع الاول ",
            "11": "فصل دهم: اعمال ماه ربیع الثانی, جمادی الاول و جمادی الآخر ",
            "12": "فصل یازدهم: اعمال هر ماه نو و عید نوروز و اعمال ماه های رومی "
        }
    }
}