{
    "101": {
        "number": 101,
        "bab": 2,
        "title": "دعای هر روز ماه رمضان که باعث بخشش گناهان چهل ساله می شود",
        "arabic": {
            "1": "اللّٰهُمَّ رَبَّ شَهْرِ رَمَضانَ الَّذِى أَنْزَلْتَ فِيهِ الْقُرْآنَ ، وَافْتَرَضْتَ عَلَىٰ عِبادِكَ فِيهِ الصِّيامَ ، ارْزُقْنِى حَجَّ بَيْتِكَ الْحَرامِ فِى هٰذَا الْعامِ وَفِى كُلِّ عامٍ ، وَاغْفِرْ لِىَ الذُّنُوبَ الْعِظامَ فَإِنَّهُ لَايَغْفِرُها غَيْرُكَ يَا ذَا الْجَلالِ وَالْإِكْرامِ."
        },
        "farsi": {
            "1": "خدایا؛ ای پروردگار ماه رمضان ‌که قرآن را در آن نازل کردی و روزه‌ی در آن را بر بندگانت واجب نمودی، حج خانه محترمت را در این سال و در هر سال روزی من کن و گناهان بزرگ را بر من بیامرز، همانا کسی جز تو آن‌ها را نمی‌آمرزد، ای دارای بزرگی و شکوه. "
        },
        "tozih": {
            "1": " شیخ کفعمی در کتاب «بلد الامین» و «مصباح» از کتاب «اختیار» سید ابن باقی نقل کرده است: که هرکه این دعا را در هر روز ماه رمضان بخواند، حق‌تعالی گناهان چهل ساله او را بیامرزد:"
        }
    }
}