{
    "107": {
        "number": 107,
        "bab": 2,
        "title": "اهمیت غسل شب اول ماه رمضان",
        "arabic": {
            "1": ""
        },
        "farsi": {
            "1": ""

        },
        "tozih": {
            "1": "[از جمله اعمال آغاز ماه رمضان این است که] غسل شب اول ماه را انجام دهد. روایت شده: هرکه در شب اول ماه رمضان غسل کند تا ماه رمضان آینده بدنش دچار خارش نشود.\n\nاگر بتواند در نهر جاری غسل کند و سی کف آب بر سر بریزد که تا ماه رمضان آینده با طهارت معنوی باشد. "

        }
    }
}