{
    "108": {
        "number": 108,
        "bab": 2,
        "title": "ثواب زیارت امام حسین(علیه‌السلام) در شب اول ماه رمضان",
        "arabic": {
            "1": ""
        },
        "farsi": {
            "1": ""

        },
        "tozih": {
            "1": "[در این شب] قبر مطهر امام حسین(علیه\u200Cالسلام) را زیارت کند تا گناهانش ریخته و ثواب حاجیان و اهل عمره آن سال را به دست آورد."

        }
    }
}