{
    "11": {
        "number": 11,
        "bab": 2,
        "title": "استغفار مخصوص ماه رجب",
        "arabic": {
            "1": " أَسْتَغْفِرُ اللّٰهَ الَّذِي لَاإِلٰهَ إِلّا هُوَ وَحْدَهُ لَاشَرِيكَ لَهُ وَأَتُوبُ إِلَيْهِ. ",
            "2": " أَسْتَغْفِرُ اللَّهَ وَ أَتُوبُ إِلَيْهِ ",
            "3": " اللّٰهُمَّ اغْفِرْ لِي وَتُبْ عَلَيَّ ",
            "4": " أَسْتَغْفِرُ اللّٰهَ ذَا الْجَلالِ وَالْإِكْرامِ مِنْ جَمِيعِ الذُّنُوبِ وَالْآثامِ. ",
            "5": ""
        },
        "farsi": {
            "1": "  آمرزش می‌خواهم از خدایی که معبودی جز او نیست، اوست یگانه، برایش شریکی نمی‌باشد و به‌سوی او باز می‌گردم.",
            "2": " از خدا آمرزش می‌طلبم و به او باز می‌گردم",
            "3": " خدایا مرا بیامرز و توبه‌ام را بپذیر",
            "4": " از خدای دارای بزرگی و رأفت و محبت، از همه گناهان و گنه\u200Cکاری\u200Cها، آمرزش می\u200Cخواهم.",
            "5": ""
        },
        "tozih": {
            "1": "از پیامبر(صلى\u200Cاللّه\u200Cعلیه\u200Cو\u200Cآله) روایت شده: هرکه در ماه رجب «صد مرتبه» بگوید: ",
            "2": "و آن را با صدقه پایان دهد، حق\u200Cتعالی سرانجام کارش را ختم به رحمت و آمرزش کند و هرکه «چهارصد مرتبه» بگوید، ثواب شهادت صد شهید را برای او بنویسد.\n\n[و نیز] روایت شده: هرکه در ماه رجب به هنگام صبح، «هفتاد مرتبه» و در زمان پسین (شامگاه) هم «هفتاد مرتبه» بگوید: ",
            "3": " و چون به پایان رساند، دست\u200Cها را بلند کند و بگوید: ",
            "4": " پس اگر در ماه رجب از دنیا برود، خدا از او خشنود باشد و به برکت ماه رجب، آتش دوزخ با او تماس نگیرد.\n\nدر همه\u200Cی این ماه «هزار مرتبه» بگوید: ",
            "5": " تا خداى مهربان او را بیامرزد. "
        }
    }
}