{
    "114": {
        "number": 114,
        "bab": 2,
        "title": "گلاب مالیدن بر سر و صورت در روز اول ماه رمضان",
        "arabic": {
            "1": ""
        },
        "farsi": {
            "1": ""
        },
        "tozih": {
            "1": "[در روز اول ماه مبارک رمضان] کفی از گلاب به روی خویش بزند تا از خواری و پریشانی نجات یابد و قدری هم به سر خود بمالد تا در آن سال از سرسام [در برخی نسخه‌ها: بَرسام به معنی بیماری سینه] ایمن گردد."
        }
    }
}