{
    "115": {
        "number": 115,
        "bab": 2,
        "title": "نماز روز اول ماه رمضان برای دور شدن بدی ها",
        "arabic": {
            "1": ""
        },
        "farsi": {
            "1": ""
        },
        "tozih": {
            "1": "[در روز اول ماه مبارک رمضان] دو رکعت نماز بخواند، در رکعت اول سوره\u200Cهای «حَمد» و «اِنّا فَتَحنا» را و در رکعت دوم سوره «حمد» و هر سوره دیگری را که بخواهد بخواند تا حق\u200Cتعالی در آن سال بدی\u200Cها را از او دور سازد و تا سال آینده در پناه خدا باشد."
        }
    }
}