{
    "119": {
        "number": 119,
        "bab": 2,
        "title": "اعمال شب چهاردهم ماه رمضان",
        "arabic": {
            "1": ""
        },
        "farsi": {
            "1": ""
        },
        "tozih": {
            "1": " در شب چهاردهم [همان] نماز [شب سیزدهم] خوانده می‌شود به صورت چهار رکعت با دو سلام [در هر رکعت پس از سوره «حمد» سوره‌های «یس» و «تَبارَک المُلک» و «توحید»]\n\n[همچنین] در صفحات پیش در شرح «دعای مجیر» گذشت که هر که آن را در ایام البیض ماه رمضان بخواند، گناهانش آمرزیده می‌شود، هرچند به تعداد قطرات باران و برگ درختان و ریگ بیابان باشد. "
        }
    }
}