{
    "121": {
        "number": 121,
        "bab": 2,
        "title": "نماز ایمنی از عذاب دوزخ در شب نیمه ماه رمضان",
        "arabic": {
            "1": ""
        },
        "farsi": {
            "1": ""
        },
        "tozih": {
            "1": "خواندن «صد رکعت» نماز، در هر رکعت پس از سوره «حمد» «ده مرتبه» سوره «توحید» خوانده شود.\nشیخ مفید در کتاب «مقنعه» از حضرت امیرالمؤمنین(علیه\u200Cالسلام) روایت کرده: که هرکه این عمل را انجام دهد، حق\u200Cتعالی ده فرشته به سوی او می\u200Cفرستد تا دشمنانش را از پری و آدمی از او دور کنند و هنگام مرگ او سی فرشته می\u200Cفرستد که او را از عذاب دوزخ مژده ایمنی دهند. "
        }
    }
}