{
    "122": {
        "number": 122,
        "bab": 2,
        "title": "ثواب زیارت امام حسین(علیه‌السلام) در شب نیمه ماه رمضان",
        "arabic": {
            "1": ""

        },
        "farsi": {
            "1": ""

        },
        "tozih": {
            "1": "روایت شده: که از امام صادق(علیه\u200Cالسلام) پرسیدند: چه می\u200Cفرمایی در حق کسی\u200Cکه در شب نیمه ماه رمضان کنار قبر امام حسین(علیه\u200Cالسلام) حاضر شود؟\nحضرت فرمود: خوشا به حال کسی\u200Cکه در شب نیمه ماه رمضان پس از نماز عشا «ده رکعت» نماز کنار قبر آن حضرت بخواند، البته این نماز غیر از نافله شب است و بخواند در هر رکعت پس از سوره «حمد» «ده مرتبه» «توحید» و به خدای تعالی از آتش دوزخ پناهنده شود، خدا او را نجات یافتگان از آتش ثبت می\u200Cکند و از دنیا نرود تا فرشتگانی را در خواب ببیند که او را به بهشت بشارت می\u200Cدهند و نیز فرشتگانی که او را از آتش ایمنی می\u200Cدهند."
        }
    }
}