{
    "128": {
        "number": 128,
        "bab": 2,
        "title": "قرآن به سر گرفتن در شب قدر",
        "arabic": {
            "1": " اللّٰهُمَّ إِنِّى أَسْأَلُكَ بِكِتابِكَ الْمُنْزَلِ وَمَا فِيهِ وَفِيهِ اسْمُكَ الْأَكْبَرُ وَأَسْماؤُكَ الْحُسْنىٰ وَمَا يُخافُ وَيُرْجىٰ أَنْ تَجْعَلَنِى مِنْ عُتَقائِكَ مِنَ النّارِ. ",
            "2": " اللّٰهُمَّ بِحَقِّ هٰذَا الْقُرْآنِ وَبِحَقِّ مَنْ أَرْسَلْتَهُ بِهِ وَبِحَقِّ كُلِّ مُؤْمِنٍ مَدَحْتَهُ فِيهِ وَبِحَقِّكَ عَلَيْهِمْ فَلَا أَحَدَ أَعْرَفُ بِحَقِّكَ مِنْكَ. ",
            "3": "سپس ده مرتبه بگو «بِکَ یَا اللّٰهُ» و ده مرتبه «بِمُحَمَّدٍ» و ده مرتبه «بِعَلِیٍّ» و ده مرتبه «بِفَاطِمَةَ» و ده مرتبه «بِالْحَسَنِ» و ده مرتبه «بِالْحُسَیْنِ» و ده مرتبه «بِعَلِیِّ بْنِ الْحُسَیْنِ» و ده مرتبه «بِمُحَمَّدِ بْنِ عَلِیٍّ» و ده مرتبه «بِجَعْفَرِ بْنِ مُحَمَّدٍ» و ده مرتبه «بِمُوسَى بْنِ جَعْفَرٍ» و ده مرتبه «بِعَلِیِّ بْنِ مُوسَى» و ده مرتبه «بِمُحَمَّدِ بْنِ عَلِیٍّ» و ده مرتبه «بِعَلِیِّ بْنِ مُحَمَّدٍ» و ده مرتبه «بِالْحَسَنِ بْنِ عَلِیٍّ» و ده مرتبه «بِالْحُجَّةِ».",
            "4": ""
        },
        "farsi": {
            "1": " خدایا؛ از تو می\u200Cخواهم به حق کتاب نازل شده\u200Cات و آنچه در آن است و در آن است نام بزرگ\u200Cترت و نام\u200Cهای نیکوترت و آنچه بیم\u200Cانگیز است و امیدبخش، اینکه مرا از آزادشدگان از آتش دوزخ قرار دهی. ",
            "2": "خدایا؛ به حق این قرآن و به حق کسی که آن را بر او فرستادی و به حق هر مؤمنی که او را در آن ستودی و به حق خود بر آنان، پس احدی شناساتر از تو به حق تو نیست.",
            "3": "به ذاتت ای خدا؛ به حق محمّد؛ به حق على؛ به حق فاطمه؛ به حق حسن؛ به حق حسین؛ به حق على بن الحسین؛ به حق محمّد بن على؛ به حق جعفر بن محمّد؛ به حق موسى بن جعفر؛ به حق على بن موسى؛ به حق محمد بن على؛ به حق على بن محمّد؛ به حق حسن بن على؛ به حق حجّت.",
            "4": ""
        },
        "tozih": {
            "1": "[یکی از اعمال شب\u200Cهای قدر این است که] قرآن مجید را باز کند و در برابر خود گرفته و بگوید: ",
            "2": "سپس هر حاجت که دارد بخواهد.\n[از دیکر اعمال شب\u200Cهای قدر این که] قرآن مجید را روی سر بگذارد و بگوید:",
            "3": "",
            "4": "پس هر حاجتى که دارى از خدا بخواه."
        }
    }
}