{
    "13": {
        "number": 13,
        "bab": 2,
        "title": "ثواب خواندن سوره توحید(اخلاص) در ماه رجب",
        "arabic": {
            "1": ""
        },
        "farsi": {

            "1": ""
        },
        "tozih": {
            "1": "سید ابن طاووس در کتاب «اقبال» از حضرت رسول(صلی\u200Cالله\u200Cعلیه\u200Cوآله) برای خواندن سوره «قُلْ هُوَ اللّٰهُ أَحَدٌ» در ماه رجب «ده هزار مرتبه»، یا «هزار مرتبه»، یا «صد مرتبه» فضیلت بسیار روایت کرده؛\nو نیز روایت کرده: هرکه در روز جمعه ماه رجب «صد مرتبه» سوره «توحید» را بخواند، در قیامت برایش نوری پدید می\u200Cآید که او را به بهشت راهنمایی کند.\n\n[همچنین] از پیامبر(صلی\u200Cالله\u200Cعلیه\u200Cوآله) روایت شده: هرکه در یک شب از ماه رجب، در دو رکعت نماز «صد مرتبه» سوره «توحید» بخواند مانند کسی است که در راه خدا صد سال روزه گرفته و حق\u200Cتعالی برای این عمل صد قصر در بهشت به او عطا کند، هر قصری در جوار پیامبری از پیامبران.\n\nو نیز از آن حضرت روایت شده: هرکه در یک شب از شب\u200Cهای رجب ده رکعت نماز بخواند به این ترتیب که در هر رکعت سوره «حمد» و یک بار «قُلْ یٰا أَیُّهَا الْکٰافِرُونَ» و «سه بار» سوره «توحید» را بخواند حق\u200Cتعالی هر گناهی که پیش از آن مرتکب شده بیامرزد تا آخر حدیث."
        }
    }
}