{
    "130": {
        "number": 130,
        "bab": 2,
        "title": "ثواب احیای شب قدر",
        "arabic": {
            "1": ""
        },
        "farsi": {
            "1": ""
        },
        "tozih": {
            "1": "روایت شده: هرکه شب قدر را اِحیا بدارد، گناهانش آمرزیده می‌شود، هرچند به شماره ستارگان آسمان و سنگینی کوه‌ها و پیمانه دریاها باشد."
        }
    }
}