{
    "133": {
        "number": 133,
        "bab": 2,
        "title": "اعمال شب نوزدهم ماه رمضان",
        "arabic": {
            "1": " أَسْتَغْفِرُ اللّٰهَ رَبِّي وَأَتُوبُ إِلَيْهِ.",
            "2": "اللّٰهُمَّ الْعَنْ قَتَلَةَ أَمِيرِ الْمُؤْمِنِينَ.",
            "3": "اللّٰهُمَّ اجْعَلْ فِيما تَقْضِى وَتُقَدِّرُ مِنَ الْأَمْرِ الْمَحْتُومِ وَفِيما تَفْرُقُ مِنَ الْأَمْرِ الْحَكِيمِ فِى لَيْلَةِ الْقَدْرِ وَفِى الْقَضاءِ الَّذِى لَايُرَدُّ وَلَا يُبَدَّلُ أَنْ تَكْتُبَنِى مِنْ حُجَّاجِ بَيْتِكَ الْحَرامِ الْمَبْرُورِ حَجُّهُمُ ، الْمَشْكُورِ سَعْيُهُمُ ، الْمَغْفُورِ ذُنُوبُهُمُ ، الْمُكَفَّرِ عَنْهُمْ سَيِّئاتُهُمْ ، وَاجْعَلْ فِيما تَقْضِى وَتُقَدِّرُ أَنْ تُطِيلَ عُمْرِى ، وَتُوَسِّعَ عَلَىَّ فِى رِزْقِى ، وَتَفْعَلَ بِى كَذا وَكَذا.",
            "4": ""
        },
        "farsi": {
            "1": " از پروردگارم خدا آمرزش می‌جویم و به سوی او می‌پویم.",
            "2": "خدایا؛ قاتلان امیرالمؤمنین را لعنت کن.",
            "3": " خدایا؛ مقرّر فرما در آنچه حکم می‌کنی و تقدیر می‌نمایی از فرمان حتمی و در آنچه جدا می‌کنی از کار حکیمانه در شب قدر و در آن حکم حتمی که برگشت و تغییری ندارد، اینکه مرا از حاجیان خانه محترمت بنویسی، حاجیانی که حجّشان قبول، سعی‌شان پذیرفته، گناهانشان آمرزیده، بدی‌هایشان نادیده گرفته شده است و در آنچه حکم می‌کنی و تقدیر می‌نمایی، مقرّر فرما که عمرم را طولانی نمایی و در روزی‌ام بر من وسعت بخشی و با من چنین و چنان کنی. "
        },
        "tozih": {
            "1": " امّا اعمال شب نوزدهم چند چیز است:\n\nاوّل:\nگفتن «صد مرتبه»: ",
            "2": "دوم:\nگفتن «صد مرتبه»:",
            "3": "سوم:\nدعای «یَا ذَا الَّذِی کانَ» را که در قسم چهارم گذشت بخواند.\n\nچهارم:\nاین دعا را بخواند: ",
            "4": " و به جای «کذا و کذا» حاجت خود را بیان کند. "
        }
    }
}