{
    "138": {
        "number": 138,
        "bab": 2,
        "title": "اعتکاف در دهه آخر ماه رمضان",
        "arabic": {
            "1": ""
        },
        "farsi": {
            "1": ""
        },
        "tozih": {
            "1": "اعتکاف در این دهه استحباب و برتری و مزیت بسیار دارد و بهترین اوقات برای اعتکاف این دهه است و روایت شده: که اعتکاف در این دهه برابر دو حج و دو عمره ثواب دارد.\nبنای رسول خدا(صلی\u200Cالله\u200Cعلیه\u200Cوآله) این بود که چون دهه آخر ماه رمضان می\u200Cشد، در مسجد اعتکاف می\u200Cکرد؛ چادری مویین برای آن حضرت می\u200Cزدند و آن جناب کمر عبادت را محکم می\u200Cبست و بستر خواب را به هم می\u200Cپیچید."
        }
    }
}