{
    "140": {
        "number": 140,
        "bab": 2,
        "title": "دعاى شب بيست و دوم ماه رمضان",
        "arabic": {
            "1": "يَا سالِخَ النَّهارِ مِنَ اللَّيْلِ فَإِذا نَحْنُ مُظْلِمُونَ ، وَمُجْرِىَ الشَّمْسِ لِمُسْتَقَرِّها بِتَقْدِيرِكَ يَا عَزِيزُ يَا عَلِيمُ ، وَمُقَدِّرَ الْقَمَرِ مَنازِلَ حَتّىٰ عادَ كَالْعُرْجُونِ الْقَدِيمِ ، يَا نُورَ كُلِّ نُورٍ ، وَمُنْتَهىٰ كُلِّ رَغْبَةٍ ، وَوَلِىَّ كُلِّ نِعْمَةٍ ، يَا اللّٰهُ يَا رَحْمانُ ، يَا اللّٰهُ يَا قُدُّوسُ ، يَا أَحَدُ يَا واحِدُ يَا فَرْدُ ، يَا اللّٰهُ يَا اللّٰهُ يَا اللّٰهُ ، لَكَ الْأَسْماءُ الْحُسْنىٰ ، وَالْأَمْثالُ الْعُلْيا ، وَالْكِبْرِياءُ وَالْآلاءُ ، أَسْأَلُكَ أَنْ تُصَلِّىَ عَلَىٰ مُحَمَّدٍ وَأَهْلِ بَيْتِهِ ، وَأَنْ تَجْعَلَ اسْمِى فِى هٰذِهِ اللَّيْلَةِ فِى السُّعَداءِ ، وَرُوحِى مَعَ الشُّهَداءِ ، وَ إِحْسانِى فِى عِلِّيِّينَ ، وَإِساءَتِى مَغْفُورَةً، وَأَنْ تَهَبَ لِى يَقِيناً تُباشِرُ بِهِ قَلْبِى ، وَإِيماناً يُذْهِبُ الشَّكَّ عَنِّى ، وَتُرْضِيَنِى بِما قَسَمْتَ لِى ، وَآتِنا فِى الدُّنْيا حَسَنَةً ، وَفِى الْآخِرَةِ حَسَنَةً ، وَقِنا عَذابَ النَّارِ الْحَرِيقِ ، وَارْزُقْنِى فِيها ذِكْرَكَ وَشُكْرَكَ ، وَالرَّغْبَةَ إِلَيْكَ ، وَالْإِنابَةَ وَالتَّوْفِيقَ لِما وَفَّقْتَ لَهُ مُحَمَّداً وَآلَ مُحَمَّدٍ عَلَيْهِمُ السَّلامُ."
        },
        "farsi": {
            "1": " ای برکننده‌ی روز از قامت شب، پس به ناگاه ما در تاریکی درآییم و روان کننده‌ی خورشید در جایگاهش به تقدیرت، ای توانا، ای دانا و اندازه ده ماه در منازل فلکی تا چون شاخه‌ی خرمای رسیده خشکیده برگردد، ای نور هر نور و منتهای هر شوق و سرچشمه هر نعمت، ای خدا، ای بخشنده، ای خدا، ای قدوس، ای یگانه، ای یکتا، ای بی‌همتا، ای خدا، ای خدا، ای خدا، نام‌های نیکوتر و نمونه‌های والاتر و بزرگ‌منشی و نعمت‌ها برای توست، از تو می‌خواهم بر محمّد و اهل‌بیتش درود فرستی و قرار دهی نامم را در این شب در گروه سعادتمندان و روحم را با شهیدان و کردار نیکم را در بلندمرتبه‌ترین درجه بهشت و بدکاری‌ام را آمرزیده و یقینی بر من بخشی که دلم همراه آن باشد و ایمانی که دودلی را از من برطرف کند و خشنودی به آنچه نصیبم نمودی و به ما در دنیا و آخرت نیکویی عنایت کن و از عذاب آتش سوزان نگاه دار و در این شب ذکر و شکر و رغبت به‌سوی خود و توبه و توفیق به آنچه محمّد و خاندان محمّد ـ درود خدا بر آنان ـ را به آن موفق نمودی روزی‌ام فرما. "
        },
        "tozih": {}
    }
}