{
    "144": {
        "number": 144,
        "bab": 2,
        "title": "صد رکعت نماز شب بیست و سوم ماه رمضان",
        "arabic": {
            "1": ""
        },
        "farsi": {
            "1": ""
        },
        "tozih": {
            "1": "شیخ طوسی در کتاب «تهذیب» از ابو بصیر از امام صادق(علیه\u200Cالسلام) روایت کرده که آن حضرت فرمود: در شبی که امید می\u200Cرود شب قدر باشد، «صد رکعت» نماز بخوان در هر رکعت پس از سوره «حمد»، «ده مرتبه» «توحید» را قرائت کن؛ گفتم: فدایت شوم، اگر ایستاده قدرت نداشته باشم چه؟ فرمود نشسته بخوان؛ گفتم اگر نتوانم؛ فرمود: به همان حالی که در بسترت به پشت خوابیده\u200Cای این نماز را بخوان."
        }
    }
}