{
    "147": {
        "number": 147,
        "bab": 2,
        "title": "دعاى شب بيست و سوم ماه رمضان",
        "arabic": {
            "1": "يَا رَبَّ لَيْلَةِ الْقَدْرِ وَجاعِلَها خَيْراً مِنْ أَلْفِ شَهْرٍ ، وَرَبَّ اللَّيْلِ وَالنَّهارِ وَالْجِبالِ وَالْبِحارِ وَالظُّلَمِ وَالْأَنْوارِ وَالْأَرْضِ وَالسَّماءِ ، يَا بارِئُ يَا مُصَوِّرُ يَا حَنَّانُ يَا مَنَّانُ ، يَا اللّٰهُ يَا رَحْمانُ يَا اللّٰهُ يَا قَيُّومُ يَا اللّٰهُ يَا بَدِيعُ ، يَا اللّٰهُ يَا اللّٰهُ يَا اللّٰهُ ، لَكَ الْأَسْماءُ الْحُسْنىٰ ، وَالْأَمْثالُ الْعُلْيا ، وَالْكِبْرِياءُ وَالْآلاءُ ، أَسْأَلُكَ أَنْ تُصَلِّىَ عَلَىٰ مُحَمَّدٍ وَآلِ مُحَمَّدٍ وَأَنْ تَجْعَلَ اسْمِى فِى هٰذِهِ اللَّيْلَةِ فِى السُّعَداءِ ، وَرُوحِى مَعَ الشُّهَداءِ ، وَ إِحْسانِى فِى عِلِّيِّينَ ، وَ إِساءَتِى مَغْفُورَةً ، وَأَنْ تَهَبَ لِى يَقِيناً تُباشِرُ بِهِ قَلْبِى ، وَ إِيماناً يُذْهِبُ الشَّكَّ عَنِّى ، وَتُرْضِيَنِى بِما قَسَمْتَ لِى ، وَآتِنا فِى الدُّنْيا حَسَنَةً ، وَفِى الْآخِرَةِ حَسَنَةً ، وَقِنا عَذابَ النَّارِ الْحَرِيقِ ، وَارْزُقْنِى فِيها ذِكْرَكَ وَشُكْرَكَ وَالرَّغْبَةَ إِلَيْكَ وَالْإِنابَةَ وَالتَّوْبَةَ وَالتَّوْفِيقَ لِما وَفَّقْتَ لَهُ مُحَمَّداً وَآلَ مُحَمَّدٍ عَلَيْهِمُ السَّلامُ."
        },
        "farsi": {
            "1": "ای پروردگار شب قدر و قراردهنده آن بهتر از هزار ماه و پروردگار شب و روز و کوه‌ها و دریاها و تاریکی‌ها و روشنایی‌ها و زمین و آسمان، ای پدیدآورنده، ای صورت‌بخش، ای عطا کننده، ای نعمت ده، ای خدا، ای بخشنده، ای خدا، ای به خود پاینده، ای خدا، ای نو آفرین، ای خدا، ای خدا، ای خدا، نام‌های نیکوتر و نمونه‌های والاتر و بزرگ‌منشی و نعمت‌ها از آن توست، از تو درخواست می‌کنم که بر محمّد و خاندان محمّد درود فرستی و قرار دهی در این شب نامم را در زمره سعادتمندان و روحم را با شهیدان و نیکوکاری‌ام را در بلندمرتبه‌ترین درجه بهشت و گناهم را آمرزیده و ببخشی بر من یقینی که دلم با آن همراه باشد و ایمانی که شک را از من زدوده گرداند و خشنودی به آنچه نصیبم نموده‌ای و ما را در دنیا و آخرت پاداش نیکو عنایت فرما و از عذاب آتش سوزان حفظ کن و در این شب ذکر و شکر خویش و رغبت به‌سوی خود و بازگشت و توبه روزی‌ام فرما و به آنچه محمّد و خاندان محمّد (درود خدا بر آنان باد) را به آن موفق کردی، توفیقم ده. "
        },
        "tozih": {
            "1": ""
        }
    }
}