{
    "148": {
        "number": 148,
        "bab": 2,
        "title": "دعاى شب بيست و چهارم ماه رمضان",
        "arabic": {
            "1": "يَا فالِقَ الْإِصْباحِ وَجاعِلَ اللَّيْلِ سَكَناً وَالشَّمْسِ وَالْقَمَرِ حُسْباناً ، يَا عَزِيزُ يَا عَلِيمُ يَا ذَا الْمَنِّ وَالطَّوْلِ وَالْقُوَّةِ وَالْحَوْلِ وَالْفَضْلِ وَالْإِنْعامِ وَالْجَلالِ وَالْإِكْرامِ ،يَا اللّٰهُ يَا رَحْمٰنُ يَا اللّٰهُ يَا فَرْدُ يَا وِتْرُ يَا اللّٰهُ يَا ظاهِرُ يَا باطِنُ ، يَا حَىُّ لَاإِلٰهَ إِلّا أَنْتَ لَكَ الْأَسْماءُ الْحُسْنىٰ ، وَالْأَمْثالُ الْعُلْيا ، وَالْكِبْرِياءُ وَالْآلاءُ ، أَسْأَلُكَ أَنْ تُصَلِّىَ عَلَىٰ مُحَمَّدٍ وَآلِ مُحَمَّدٍ ، وَأَنْ تَجْعَلَ اسْمِى فِى هٰذِهِ اللَّيْلَةِ فِى السُّعَداءِ ، وَرُوحِى مَعَ الشُّهَداءِ، وَ إِحْسانِى فِى عِلِّيِّينَ ، وَ إِساءَتِى مَغْفُورَةً ، وَأَنْ تَهَبَ لِى يَقِيناً تُباشِرُ بِهِ قَلْبِى ، وَإِيماناً يَذْهَبُ بِالشَّكِّ عَنِّى ، وَرِضىً بِما قَسَمْتَ لِى ، وَآتِنا فِى الدُّنْيا حَسَنَةً ، وَفِى الْآخِرَةِ حَسَنَةً ، وَقِنا عَذابَ النَّارِ الْحَرِيقِ ، وَارْزُقْنِى فِيها ذِكْرَكَ وَشُكْرَكَ وَالرَّغْبَةَ إِلَيْكَ وَالْإِنابَةَ وَالتَّوْبَةَ وَالتَّوْفِيقَ لِما وَفَّقْتَ لَهُ مُحَمَّداً وَآلَ مُحَمَّدٍ صَلَواتُكَ عَلَيْهِ وَعَلَيْهِمْ."
        },
        "farsi": {
            "1": " ای شکافنده روشنی سپیده از شب و قراردهنده شب برای آرامش و آفتاب و ماه برای حساب زمان، ای توانا، ای دانا، ای صاحب نعمت و عطا و قوت و قدرت و فضل و نعمت‌بخشی و بزرگی و بزرگواری، ای خدا، ای مهربان، ای خدا، ای یگانه، ای تنها، ای خدا، ای آشکار، ای نهان، ای زنده، معبودی جز تو نیست، نام‌های نیکوتر و نمونه‌های برتر و بزرگ‌منشی و نعمت‌ها از آن توست، از تو می‌خواهم که بر محمّد و خاندان محمّد درود فرستی و اینکه قرار دهی در این شب نام مرا از سعادتمندان و روحم را با شهیدان و نیکوکاری‌ام را در بلندمرتبه‌ترین درجه بهشت و گناهم را آمرزیده و به من ببخشی باوری که قلبم همراه آن باشد و یقینی که شک را از من برطرف سازد و خشنودی به آنچه نصیبم نمودی و در دنیا و آخرت پاداش نیکو به ما عنایت فرما و از عذاب آتش سوزان ما را حفظ کن و در این شب ذکر و شکر خویش و رغبت به‌سوی خود و بازگشت و توبه روزی‌ام کن و به آنچه محمّد و خاندان محمّد را که درودت بر او و بر ایشان باد بر آن موفق کردی، توفیقم ده. "
        },
        "tozih": {}
    }
}