{
    "150": {
        "number": 150,
        "bab": 2,
        "title": "دعاى شب بيست و ششم ماه رمضان",
        "arabic": {
            "1": "يَا جاعِلَ اللَّيْلِ وَالنَّهارِ آيَتَيْنِ ، يَامَنْ مَحا آيَةَ اللَّيْلِ وَجَعَلَ آيَةَ النَّهارِ مُبْصِرَةً لِتَبْتَغُوا فَضْلاً مِنْهُ وَرِضْواناً ، يَا مُفَصِّلَ كُلِّ شَىْءٍ تَفْصِيلاً ، يَا مَاجِدُ يَا وَهَّابُ يَا اللّٰهُ يَا جَوادُ ، يَا اللّٰهُ يَا اللّٰهُ يَا اللّٰهُ ، لَكَ الْأَسْماءُ الْحُسْنىٰ ، وَالْأَمْثالُ الْعُلْيا ، وَالْكِبْرِياءُ وَالْآلاءُ ، أَسْأَلُكَ أَنْ تُصَلِّىَ عَلَىٰ مُحَمَّدٍ وَآلِ مُحَمَّدٍ ، وَأَنْ تَجْعَلَ اسْمِى فِى هٰذِهِ اللَّيْلَةِ فِى السُّعَداءِ ، وَرُوحِى مَعَ الشُّهَداءِ ، وَ إِحْسانِى فِى عِلِّيِّينَ ، وَ إِساءَتِى مَغْفُورَةً ، وَأَنْ تَهَبَ لِى يَقِيناً تُباشِرُ بِهِ قَلْبِى ، وَإِيماناً يُذْهِبُ الشَّكَّ عَنِّى ، وَتُرْضِيَنِى بِما قَسَمْتَ لِى ، وَآتِنا فِى الدُّنْيا حَسَنَةً ، وَفِى الْآخِرَةِ حَسَنَةً ، وَقِنا عَذابَ النّارِ الْحَرِيقِ ، وَارْزُقْنِى فِيها ذِكْرَكَ وَشُكْرَكَ وَالرَّغْبَةَ إِلَيْكَ وَالْإِنابَةَ وَالتَّوْبَةَ وَالتَّوْفِيقَ لِما وَفَّقْتَ لَهُ مُحَمَّداً وَآلَ مُحَمَّدٍ صَلَّى اللّٰهُ عَلَيْهِ وَعَلَيْهِمْ."
        },
        "farsi": {
            "1": " ای قراردهنده‌ی شب و روز دو نشانه، ای آن‌که نشانه شب را محو ساخت و نشانه روز را روشنی‌بخش قرار داد تا فضل و خشنودی‌اش را طلب کنند، ای جدا کننده هر چیز به‌دقت بسیار، ای بزرگوار، ای بخشنده، ای خدا، ای سخاوتمند، ای خدا، ای خدا، ای خدا، نام‌های نیکوتر و نمونه‌های برتر و بزرگ‌منشی و نعمت‌ها از آن توست، از تو درخواست می‌کنم که بر محمّد و خاندان محمّد درود فرستی و قرار دهی در این شب نام مرا از سعادتمندان و روحم را با شهیدان و نیکوکاری‌ام را در بلندمرتبه‌ترین درجه بهشت و گناهم را آمرزیده و به من ببخشی یقینی که قلبم با آن همراه باشد و باوری که شک را از من زدوده سازد و خشنودی به آنچه نصیبم نمودی و در دنیا و آخرت پاداش نیکو به ما عنایت فرما و از عذاب آتش سوزان ما را حفظ کن و در این شب ذکر و شکر خویش و رغبت به سویت و بازگشت و توبه را روزی‌ام گردان و به آنچه محمّد و خاندان محمّد را (درود خدا بر او و ایشان) بر آن موفّق نمودی، توفیقم ده."
        },
        "tozih": {}
    }
}