{
    "153": {
        "number": 153,
        "bab": 2,
        "title": "دعاى شب بيست و نهم ماه رمضان",
        "arabic": {
            "1": "يَا مُكَوِّرَ اللَّيْلِ عَلَى النَّهارِ ، وَمُكَوِّرَ النَّهارِ عَلَى اللَّيْلِ ، يَا عَلِيمُ يَا حَكِيمُ ، يَا رَبَّ الْأَرْبابِ ، وَسَيِّدَ السَّاداتِ ، لَاإِلٰهَ إِلّا أَنْتَ ، يَا أَقْرَبَ إِلَىَّ مِنْ حَبْلِ الْوَرِيدِ ، يَا اللّٰهُ يَا اللّٰهُ يَا اللّٰهُ ، لَكَ الْأَسْماءُ الْحُسْنىٰ ، وَالْأَمْثالُ الْعُلْيا ، وَالْكِبْرِياءُ وَالْآلاءُ ، أَسْأَلُكَ أَنْ تُصَلِّىَ عَلَىٰ مُحَمَّدٍ وَآلِ مُحَمَّدٍ ، وَأَنْ تَجْعَلَ اسْمِى فِى هٰذِهِ اللَّيْلَةِ فِى السُّعَداءِ ، وَرُوحِى مَعَ الشُّهَداءِ ، وَ إِحْسانِى فِى عِلِّيِّينَ ، وَ إِساءَتِى مَغْفُورَةً ، وَأَنْ تَهَبَ لِى يَقِيناً تُباشِرُ بِهِ قَلْبِى ، وَإِيماناً يُذْهِبُ الشَّكَّ عَنِّى ، وَتُرْضِيَنِى بِما قَسَمْتَ لِى ، وَآتِنا فِى الدُّنْيا حَسَنَةً ، وَفِى الْآخِرَةِ حَسَنَةً ، وَقِنا عَذابَ النَّارِ الْحَرِيقِ ، وَارْزُقْنِى فِيها ذِكْرَكَ وَشُكْرَكَ ، وَالرَّغْبَةَ إِلَيْكَ وَالْإِنابَةَ وَالتَّوْبَةَ وَالتَّوْفِيقَ لِما وَفَّقْتَ لَهُ مُحَمَّداً وَآلَ مُحَمَّدٍ صَلَّى اللّٰهُ عَلَيْهِ وَعَلَيْهِمْ."
        },
        "farsi": {
            "1": " ای پیچاننده‌ی شب بر روز و پیچاننده‌ی روز بر شب، ای دانا، ای فرزانه، ای پروردگار پرورندگان و آقای آقایان، معبودی جز تو نیست، ای نزدیک‌تر از رگ گردن به من، ای خدا، ای خدا، ای خدا، نام‌های نیکوتر و نمونه‌های برتر و بزرگ‌منشی و نعمت‌ها از آن توست، از تو می‌خواهم بر محمّد و خاندان محمّد درود فرستی و قرار دهی نامم را در این شب از سعادتمندان و روحم را با شهیدان و نیکوکاری‌ام را در بلندمرتبه‌ترین درجه بهشت و گناهم را آمرزیده و به من ببخشی یقینی که قلبم با آن همراه باشد و ایمانی که شک را از من برطرف نماید و خشنودی به آنچه نصیبم کردی و پاداش نیکو در دنیا و آخرت به ما عنایت فرما و ما را از عذاب آتش سوزان حفظ کن و در این شب ذکر و شکر خویش و رغبت به‌سوی خود و بازگشت و توبه را روزی‌ام کن و به آنچه محمّد و خاندان محمّد (درود خدا بر او و ایشان) را بر آن موفق کردی، توفیقم ده. "
        },
        "tozih": {}
    }
}