{
    "158": {
        "number": 158,
        "bab": 2,
        "title": "دعای روز سی ام ماه رمضان",
        "arabic": {
            "1": "اللّٰهُمَّ اشْرَحْ بِالْقُرْآنِ صَدْرِى ، وَاسْتَعْمِلْ بِالْقُرْآنِ بَدَنِى ، وَنَوِّرْ بِالْقُرْآنِ بَصَرِى ، وَأَطْلِقْ بِالْقُرْآنِ لِسانِى ، وَأَعِنِّى عَلَيْهِ مَا أَبْقَيْتَنِى فَإِنَّهُ لَاحَوْلَ وَلَا قُوَّةَ إِلّا بِكَ.",
            "2": " اللّٰهُمَّ إِنِّى أَسْأَلُكَ إِخْباتَ  الْمُخْبِتِينَ ، وَ إِخْلاصَ الْمُوقِنِينَ ، وَمُرافَقَةَ الْأَبْرارِ ، وَاسْتِحْقاقَ حَقائِقِ الْإِيمانِ ، وَالْغَنِيمَةَ مِنْ كُلِّ بِرٍّ ، وَالسَّلامَةَ مِنْ كُلِّ إِثْمٍ ، وَوُجُوبَ رَحْمَتِكَ ، وَعَزائِمَ مَغْفِرَتِكَ ، وَالْفَوْزَ بِالْجَنَّةِ ، وَالنَّجاةَ مِنَ النّارِ."
        },
        "farsi": {
            "1": " خدایا، به قرآن سینه‌ام را بگشا و به قرآن بدنم را بکار انداز و به قرآن دیده‌ام را روشن ساز و به قرآن زبانم را بازگردان و به عمل به آن تا زنده‌ام می‌داری یاری‌ام ده که جنبش و نیرویی جز به خواست تو نیست. ",
            "2": "  خدایا، از تو درخواست می‌کنم، خشوع خاشعان و اخلاص اهل یقین و مدارای نیکان و شایستگی حقایق ایمان و بهره‌مندی از هر نیکی و سلامت از هر گناه و وجوب رحمتت و اراده‌های آمرزشت و رسیدن به بهشت و رهایی از آتش را."
        },
        "tozih": {
            "1": " سید در کتاب «اقبال» برای روز آخر دعایی نقل کرده است که ابتدایش این است: «اللّٰهُمَّ إِنَّکَ أَرْحَمُ الرَّاحِمِینَ»\n\nچون در این روز بیشتر مردم قرآن را ختم می‌کنند، شایسته است پس از ختم قرآن «دعای چهل‌ودوم صحیفه کامله سجادیه» را بخوانند و اگر بخواهند می‌توانند این دعای مختصر را که شیخ طوسی از امیرالمؤمنین(علیه‌السلام) روایت کرده بخوانند: ",
            "2": " و همچنین این دعا را که از حضرت امیرالمؤمنین(علیه‌السلام) روایت شده است بخواند: "
        }
    }
}