{
    "16": {
        "number": 16,
        "bab": 2,
        "title": "ثواب روزه پنجشنبه و جمعه و شنبه ماه رجب",
        "arabic": {
            "1": ""
        },
        "farsi": {
            "1": ""
        },
        "tozih": {
            "1": "سه روز از این ماه را که پنجشنبه و جمعه و شنبه باشد روزه بگیر، زیرا روایت شده: هرکه در یکی از ماه\u200Cهای حرام این سه روز را روزه بگیرد، حق\u200Cتعالی برای او ثواب نهصد سال عبادت را می\u200Cنویسد."
        }
    }
}