{
    "160": {
        "number": 160,
        "bab": 2,
        "title": "خاتمه‌ی اعمال ماه رمضان",
        "arabic": {
            "1": "در بیان نمازهای شب‌های ماه رمضان و دعاهای روزهای آن‌ که مشهور است و علامه مجلسی در کتاب «زاد المعاد» در فصل آخر اعمال ماه رمضان، آن‌ها را ذکر کرده و احقر در این قسمت، به بیان آنچه آن بزرگوار نوشته اکتفا می‌کنم: ",
            "2": "«نمازهای هر یک از شب‌های ماه رمضان» ",
            "3": "«دعاهای مختصر هر یک از روزهای ماه رمضان» "
        },
        "farsi": {},
        "tozih": {}
    }
}