{
    "162": {
        "number": 162,
        "bab": 2,
        "title": "دعاهای مختصر هر یک از روزهای ماه رمضان ",
        "arabic": {
            "1": "روز اول:\nاللّٰهُمَّ اجْعَلْ صِيامِى فِيهِ صِيامَ الصَّائِمِينَ ، وَقِيامِى فِيهِ قِيامَ الْقائِمِينَ ، وَنَبِّهْنِى فِيهِ عَنْ نَوْمَةِ الْغافِلِينَ ، وَهَبْ لِى جُرْمِى فِيهِ يَا إِلٰهَ الْعالَمِينَ ، وَاعْفُ عَنِّى يَا عافِياً عَنِ الْمُجْرِمِينَ. ",
            "2": " اللّٰهُمَّ قَرِّبْنِى فِيهِ إِلىٰ مَرْضاتِكَ ، وَجَنِّبْنِى فِيهِ مِنْ سَخَطِكَ وَنَقِماتِكَ ، وَوَفِّقْنِى فِيهِ لِقِراءَةِ آياتِكَ ، بِرَحْمَتِكَ يَا أَرْحَمَ الرَّاحِمِينَ. ",
            "3": " اللّٰهُمَّ ارْزُقْنِى فِيهِ الذِّهْنَ وَالتَّنْبِيهَ ، وَباعِدْنِى فِيهِ مِنَ السَّفاهَةِ وَالتَّمْوِيهِ ، وَاجْعَلْ لِى نَصِيباً مِنْ كُلِّ خَيْرٍ تُنْزِلُ فِيهِ ، بِجُودِكَ يَا أَجْوَدَ الْأَجْوَدِينَ. ",
            "4": " اللّٰهُمَّ قَوِّنِى فِيهِ عَلَىٰ إِقامَةِ أَمْرِكَ ، وَأَذِقْنِى فِيهِ حَلاوَةَ ذِكْرِكَ ، وَأَوْزِعْنِى فِيهِ لِأَداءِ شُكْرِكَ بِكَرَمِكَ ، وَاحْفَظْنِى فِيهِ بِحِفْظِكَ وَسَِتْرِكَ ، يَا أَبْصَرَ النَّاظِرِينَ. ",
            "5": " اللّٰهُمَّ اجْعَلْنِى فِيهِ مِنَ الْمُسْتَغْفِرِينَ ، وَاجْعَلْنِى فِيهِ مِنْ عِبادِكَ الصَّالِحِينَ الْقانِتِينَ ، وَاجْعَلْنِى فِيهِ مِنْ أَوْلِيائِكَ الْمُقَرَّبِينَ ، بِرَأْفَتِكَ يَا أَرْحَمَ الرَّاحِمِينَ. ",
            "6": " اللّٰهُمَّ لَاتَخْذُلْنِى فِيهِ لِتَعَرُّضِ مَعْصِيَتِكَ ، وَلَا تَضْرِبْنِى بِسِياطِ نَقِمَتِكَ ، وَزَحْزِحْنِى فِيهِ مِنْ مُوجِباتِ سَخَطِكَ ، بِمَنِّكَ وَأَيادِيكَ يَا مُنْتَهىٰ رَغْبَةِ الرَّاغِبِينَ. ",
            "7": " اللّٰهُمَّ أَعِنِّى فِيهِ عَلَىٰ صِيامِهِ وَقِيامِهِ ، وَجَنِّبْنِى فِيهِ مِنْ هَفَواتِهِ وَآثامِهِ ، وَارْزُقْنِى فِيهِ ذِكْرَكَ بِدَوامِهِ ، بِتَوْفِيقِكَ يَا هادِىَ الْمُضِلِّينَ. ",
            "8": " اللّٰهُمَّ ارْزُقْنِى فِيهِ رَحْمَةَ الْأَيْتامِ ، وَ إِطْعامَ الطَّعامِ ، وَ إِفْشاءَ السَّلامِ ، وَصُحْبَةَ الْكِرامِ ، بِطَوْلِكَ يَا مَلْجَأَ الْآمِلِينَ. ",
            "9": " اللّٰهُمَّ اجْعَلْ لِى فِيهِ نَصِيباً مِنْ رَحْمَتِكَ الْواسِعَةِ ، وَاهْدِنِى فِيهِ لِبَراهِينِكَ السّاطِعَةِ ، وَخُذْ بِناصِيَتِى إِلىٰ مَرْضاتِكَ الْجامِعَةِ ، بِمَحَبَّتِكَ يَا أَمَلَ الْمُشْتاقِينَ. ",
            "10": " اللّٰهُمَّ اجْعَلْنِى فِيهِ مِنَ الْمُتَوَكِّلِينَ عَلَيْكَ ، وَاجْعَلْنِى فِيهِ مِنَ الْفائِزِينَ لَدَيْكَ ، وَاجْعَلْنِى فِيهِ مِنَ الْمُقَرَّبِينَ إِلَيْكَ ، بِإِحْسانِكَ يَا غايَةَ الطَّالِبِينَ. ",
            "11": " اللّٰهُمَّ حَبِّبْ إِلَىَّ فِيهِ الْإِحْسانَ ، وَكَرِّهْ إِلَىَّ فِيهِ الْفُسُوقَ وَالْعِصْيانَ ، وَحَرِّمْ عَلَىَّ فِيهِ السَّخَطَ وَالنِّيرانَ ، بِعَوْنِكَ يَا غِياثَ الْمُسْتَغِيثِينَ. ",
            "12": " اللّٰهُمَّ زَيِّنِّى فِيهِ بِالسَِّتْرِ وَالْعَفافِ ، وَاسْتُرْنِى فِيهِ بِلِباسِ الْقُنُوعِ وَالْكَفافِ ، وَاحْمِلْنِى فِيهِ عَلَى الْعَدْلِ وَالْإِنْصافِ ، وَآمِنِّى فِيهِ مِنْ كُلِّ مَا أَخافُ ، بِعِصْمَتِكَ يَا عِصْمَةَ الْخائِفِينَ. ",
            "13": " اللّٰهُمَّ طَهِّرْنِى فِيهِ مِنَ الدَّنَسِ وَالْأَقْذارِ ، وَصَبِّرْنِى فِيهِ عَلَىٰ كائِناتِ الْأَقْدارِ ، وَوَفِّقْنِى فِيهِ لِلتُّقىٰ وَصُحْبَةِ الْأَبْرارِ ، بِعَوْنِكَ يَا قُرَّةَ عَيْنِ الْمَساكِينِ. ",
            "14": " اللّٰهُمَّ لَاتُؤاخِذْنِى فِيهِ بِالْعَثَراتِ ، وَأَقِلْنِى فِيهِ مِنَ الْخَطايا وَالْهَفَواتِ ، وَلَا تَجْعَلْنِى فِيهِ غَرَضاً لِلْبَلايا وَالْآفاتِ ، بِعِزَّتِكَ يَا عِزَّ الْمُسْلِمِينَ. ",
            "15": " اللّٰهُمَّ ارْزُقْنِى فِيهِ طاعَةَ الْخاشِعِينَ ، وَاشْرَحْ فِيهِ صَدْرِى بِإِنابَةِ الْمُخْبِتِينَ ، بِأَمانِكَ يَا أَمانَ الْخائِفِينَ. ",
            "16": " اللّٰهُمَّ وَفِّقْنِى فِيهِ لِمُوافَقَةِ الْأَبْرارِ ، وَجَنِّبْنِى فِيهِ مُرافَقَةَ الْأَشْرارِ ، وَآوِنِى فِيهِ بِرَحْمَتِكَ إِلىٰ دارِ الْقَرارِ ، بِإِلٰهِيَّتِكَ يَا إِلٰهَ الْعالَمِينَ. ",
            "17": " اللّٰهُمَّ اهْدِنِى فِيهِ لِصالِحِ الْأَعْمالِ ، وَاقْضِ لِى فِيهِ الْحَوائِجَ وَالْآمالَ ، يَا مَنْ لا يَحْتاجُ إِلَى التَّفْسِيرِ وَالسُّؤالِ ، يَا عالِماً بِما فِى صُدُورِ الْعالَمِينَ ، صَلِّ عَلَىٰ مُحَمَّدٍ وَآلِهِ الطَّاهِرِينَ. ",
            "18": " اللّٰهُمَّ نَبِّهْنِى فِيهِ لِبَرَكاتِ أَسْحارِهِ ، وَنَوِّرْ فِيهِ قَلْبِى بِضِياءِ أَنْوارِهِ ، وَخُذْ بِكُلِّ أَعْضائِى إِلَى اتِّباعِ آثارِهِ ، بِنُورِكَ يَا مُنَوِّرَ قُلُوبِ الْعارِفِينَ. ",
            "19": " اللّٰهُمَّ وَفِّرْ فِيهِ حَظِّى مِنْ بَرَكاتِهِ ، وَسَهِّلْ سَبِيلِى إِلىٰ خَيْراتِهِ ، وَلَا تَحْرِمْنِى قَبُولَ حَسَناتِهِ ، يَا هادِياً إِلَى الْحَقِّ الْمُبِينِ. ",
            "20": " اللّٰهُمَّ افْتَحْ لِى فِيهِ أَبْوابَ الْجِنانِ ، وَأَغْلِقْ عَنِّى فِيهِ أَبْوابَ النِّيرانِ ، وَوَفِّقْنِى فِيهِ لِتِلاوَةِ الْقُرْآنِ ، يَا مُنْزِلَ السَّكِينَةِ فِى قُلُوبِ الْمُؤْمِنِينَ. ",
            "21": " اللّٰهُمَّ اجْعَلْ لِى فِيهِ إِلىٰ مَرْضاتِكَ دَلِيلاً ، وَلَا تَجْعَلْ لِلشَّيْطانِ فِيهِ عَلَىَّ سَبِيلاً ، وَاجْعَلِ الْجَنَّةَ لِى مَنْزِلاً وَمَقِيلاً ، يَا قاضِىَ حَوائِجِ الطَّالِبِينَ. ",
            "22": " اللّٰهُمَّ افْتَحْ لِى فِيهِ أَبْوابَ فَضْلِكَ ، وَأَنْزِلْ عَلَىَّ فِيهِ بَرَكاتِكَ ، وَوَفِّقْنِى فِيهِ لِمُوجِباتِ مَرْضاتِكَ ، وَ أَسْكِنِّى فِيهِ بُحْبُوحاتِ جَنَّاتِكَ ، يَا مُجِيبَ دَعْوَةِ الْمُضْطَرِّينَ. ",
            "23": " اللّٰهُمَّ اغْسِلْنِى فِيهِ مِنَ الذُّنُوبِ ، وَطَهِّرْنِى فِيهِ مِنَ الْعُيُوبِ ، وَامْتَحِنْ قَلْبِى فِيهِ بِتَقْوَى الْقُلُوبِ ، يَا مُقِيلَ عَثَراتِ الْمُذْنِبِينَ. ",
            "24": " اللّٰهُمَّ إِنِّى أَسْأَلُكَ فِيهِ مَا يُرْضِيكَ ، وَأَعُوذُ بِكَ مِمَّا يُؤْذِيكَ ، وَأَسْأَلُكَ التَّوْفِيقَ فِيهِ لِأَنْ أُطِيعَكَ وَلَا أَعْصِيَكَ ، يَا جَوادَ السَّائِلِينَ. ",
            "25": " اللّٰهُمَّ اجْعَلْنِى فِيهِ مُحِبّاً لِأَوْلِيائِكَ ، وَمُعادِياً لِأَعْدائِكَ ، مُسْتَنّاً بِسُنَّةِ خاتَمِ أَنْبِيائِكَ ، يَا عاصِمَ قُلُوبِ النَّبِيِّينَ. ",
            "26": " اللّٰهُمَّ اجْعَلْ سَعْيِى فِيهِ مَشْكُوراً ، وَذَنْبِى فِيهِ مَغْفُوراً ، وَعَمَلِى فِيهِ مَقْبُولاً ، وَعَيْبِى فِيهِ مَسْتُوراً ، يَا أَسْمَعَ السَّامِعِينَ. ",
            "27": " اللّٰهُمَّ ارْزُقْنِى فِيهِ فَضْلَ لَيْلَةِ الْقَدْرِ ، وَصَيِّرْ أُمُورِى فِيهِ مِنَ الْعُسْرِ إِلَى الْيُسْرِ ، وَاقْبَلْ مَعاذِيرِى ، وَحُطَّ عَنِّى الذَّنْبَ وَالْوِزْرَ ، يَا رَؤُوفاً بِعِبادِهِ الصَّالِحِينَ. ",
            "28": " اللّٰهُمَّ وَفِّرْ حَظِّى فِيهِ مِنَ النَّوافِلِ ، وَأَكْرِمْنِى فِيهِ بِإِحْضارِ الْمَسائِلِ ، وَقَرِّبْ فِيهِ وَسِيلَتِى إِلَيْكَ مِنْ بَيْنِ الْوَسائِلِ ، يَا مَنْ لَا يَشْغَلُهُ إِلْحاحُ الْمُلِحِّينَ. ",
            "29": " اللّٰهُمَّ غَشِّنِى فِيهِ بِالرَّحْمَةِ ، وَارْزُقْنِى فِيهِ التَّوْفِيقَ وَالْعِصْمَةَ ، وَطَهِّرْ قَلْبِى مِنْ غَياهِبِ التُّهَمَةِ ، يَا رَحِيماً بِعِبادِهِ الْمُؤْمِنِينَ. ",
            "30": " اللّٰهُمَّ اجْعَلْ صِيامِى فِيهِ بِالشُّكْرِ وَالْقَبُولِ عَلَىٰ مَا تَرْضاهُ وَيَرْضاهُ الرَّسُولُ ، مُحْكَمَةً فُرُوعُهُ بِالْأُصُولِ ، بِحَقِّ سَيِّدِنا مُحَمَّدٍ وَآلِهِ الطَّاهِرِينَ ، وَالْحَمْدُ لِلّٰهِ رَبِّ الْعالَمِينَ. "
        },
        "farsi": {
            "1": "خدایا، روزه‌ام را در این ماه روزه‌ی روزه‌داران قرار ده و شب‌زنده‌داری‌ام را شب‌زنده‌داری شب‌زنده‌داران و بیدارم کن در آن از خواب بی‌خبران و ببخش گناهم را در آن، ای معبود جهانیان و از من درگذر، ای درگذرنده از گنه‌کاران. ",
            "2": "  خدایا، مرا در این ماه به خشنودی‌ات نزدیک کن و از خشم و انتقامت برکنار دار و به قرائت آیاتت موفق کن، ای مهربان‌ترین مهربانان.",
            "3": " خدایا، در این ماه به من تیزهوشی و بیداری عنایت فرما و از بی‌خردی و اشتباه دورم ساز و از هر خیری که در این ماه نازل می‌کنی، برایم بهره‌ای قرار ده و به‌حق جودت، ای جودمندترین جودمندان.",
            "4": "خدایا، در این ماه برای برپاداشتن امرت نیرومند ساز مرا و شیرینی ذکرت را به من بچشان و ادای شکرت را به من الهام فرما و به نگهداری و پوششت نگاهم بدار، ای بیناترین بینندگان. ",
            "5": " خدایا، قرار ده مرا در این ماه از آمرزش‌جویان و از بندگان شایسته فرمان‌بردار و از اولیای مقرّبت، به رأفتت ای مهربان‌ترین مهربانان.",
            "6": " خدایا، مرا در این ماه به خاطر نزدیک شدن به نافرمانی‌ات وامگذار و با تازیانه‌های انتقامت عذاب مکن و از موجبات خشمت دورم بدار، به فضل و عطاهایت، ای نهایت دل‌بستگی دل‌شدگان. ",
            "7": " خدایا، مرا در این ماه بر روزه و شب‌زنده‌داری‌اش یاری ده و از لغزش‌ها و گناهانش دورم بدار و ذکرت را همواره روزی‌ام کن، به توفیقت ای راهنمای گمراهان. ",
            "8": "خدایا، در این ماه مهرورزی به ایتام و خوراندن طعام و آشکار کردن سلام و هم‌نشینی با اهل کرامت را نصیبم فرما، به عطایت ای پناهگاه آرزومندان. ",
            "9": " خدایا، برای من در این ماه بهره‌ای از رحمت گسترده‌ات قرار ده و به جانب دلایل درخشانت راهنمایی کن و به‌سوی خشنودی فراگیرت متوجه کن، به مهرت ای آرزوی مشتاقان. ",
            "10": "خدایا، مرا در این ماه از توکل‌کنندگان و از رستگاران نزد خود و از مقرّبان درگاهت قرار بده، به احسانت ای هدف جویندگان. ",
            "11": "خدایا، در این ماه نیکی را پسندیده من گردان و نادرستی‌ها و نافرمانی‌ها را مورد کراهت من قرار ده و خشم و آتش برافروخته را بر من حرام گردان، به یاری‌ات ای فریادرس دادخواهان. ",
            "12": " خدایا، مرا در این ماه به پوشش و پاک‌دامنی بیارای و به لباس قناعت و اکتفا به اندازه حاجت بپوشان و بر عدالت و انصاف وادارم نما و مرا در این ماه از هرچه می‌ترسم ایمنی ده، به نگهداری‌ات ای نگهدارنده هراسندگان. ",
            "13": " خدایا، مرا در این ماه از آلودگی‌ها و ناپاکی‌ها پاک کن و بر شدنی‌های مورد تقدیرت شکیبایم گردان و به پرهیزگاری و هم‌نشینی با نیکان توفیقم ده، به یاری‌ات ای نور چشم درماندگان. ",
            "14": " خدایا، مرا در این ماه بر لغزش‌ها سرزنش مکن و از خطاها و افتادن در گناهان دور بدار و هدف بلاها و آفات قرار مده، به عزّتت ای عزّت مسلمانان. ",
            "15": " خدایا، در این ماه طاعت فروتنان را نصیبم کن و سینه‌ام را برای انابه همانند بازگشت خاضعان باز کن، به امان دادنت ای امان‌ده هراسندگان. ",
            "16": " خدایا، مرا در این ماه به همراهی و همسویی با نیکان توفیق ده و از هم‌نشینی با بدان دور بدار و به‌حق رحمتت به خانه آرامش جایم ده، به پرستیدگی‌ات ای پرستیده‌ی جهانیان. ",
            "17": "خدایا، مرا در این ماه به‌سوی کارهای شایسته هدایت فرما و حاجت‌ها و آرزوهایم را برآور، ای آن‌که نیاز به روشنگری و پرسش ندارد، ای آگاه به آنچه در سینه جهانیان است بر محمّد و خاندان پاکش درود فرست. ",
            "18": " خدایا، مرا در این ماه به برکت‌های سحرهایش آگاه کن و دلم را با روشنایی انوارش روشنی بخش و تمام اعضایم را به پیروی آثارش بگمار، به نورت ای نوربخش دل‌های عارفان. ",
            "19": "خدایا، در این ماه بهره‌ام را از برکت‌هایش کامل گردان و راهم را به‌سوی نیکی‌هایش هموار نما و از پذیرفتن خوبی‌هایش محرومم مساز، ای هدایت کننده به‌سوی حق آشکار.",
            "20": "خدایا، در این ماه درهای بهشت‌هایت را به رویم باز کن و درهای آتش دوزخ را به روزیم بربند و به تلاوت قرآن موفقم بدار، ای فرو فرستنده آرامش در دل مؤمنان.",
            "21": "خدایا، در این ماه برای من به‌سوی خشنودی‌ات دلیلی قرار ده و برای شیطان راهی به‌سوی من قرار مده و بهشت را منزل و آسایشگاهم قرار ده، ای برآورنده حاجات خواهندگان. ",
            "22": " خدایا، در این ماه درهای فضلت را به روی من بگشا و برکاتت را بر من نازل فرما و به موجبات خشنودی‌ات موفقم بدار و در میان بهشت‌هایت جایم ده، ای برآورنده خواهش درماندگان. ",
            "23": "خدایا، در این ماه از گناهانم شست‌وشویم ده و از عیب‌ها پاکم کن و دلم را به پرهیزکاری دل‌ها بیازمای، ای نادیده‌گیرنده لغزش‌های اهل گناه. ",
            "24": "خدایا، در این ماه آنچه تو را خشنود می‌کند از تو درخواست می‌کنم و از آنچه تو را ناخشنود می‌کند به تو پناه می‌آورم و از تو در این ماه توفیق اطاعت و ترک نافرمانی‌ات را خواستارم، ای بخشنده به نیازمندان. ",
            "25": " خدایا، مرا در این ماه دلبسته اولیائت و دشمن دشمنانت قرار ده و آراسته به راه و روش خاتم پیامبرانت گردان، ای نگهدارنده‌ی دل‌های پیامبران. ",
            "26": " خدایا، کوششم را در این ماه مورد سپاس و گناهم را آمرزیده و عملم را پذیرفته و عیبم را پوشیده قرار ده، ای شنواترین شنوایان.",
            "27": " خدایا، در این ماه، فضیلت شب قدر را روزی‌ام ساز و کارهایم را از سختی به آسانی برگردان و پوزش‌هایم را بپذیر و گناه و بار گران را از گُرده‌ام بریز، ای مهربان به بندگان شایسته. ",
            "28": " خدایا، بهره‌ام را در این ماه از مستحبات فراوان کن و مرا با تحقق درخواست‌ها اکرام فرما و از میان وسایل، وسیله‌ام را به‌سویت نزدیک کن، ای که پافشاری اصرارورزان مشغولش نسازد. ",
            "29": " خدایا، در این ماه با رحمتت فروگیر و توفیق و خود نگهداری نصیبم کن و از تیرگی‌های تهمت دلم را پاک گردان، ای مهربان به بندگان با ایمان. ",
            "30": "خدایا، روزه‌ام را در این ماه، بر پایه آنچه تو و پیامبر آن را می‌پسندد مورد سپاس و پذیرش قرار ده، درحالی‌که فروعش بر اصولش استوار باشد، به‌حق سرورمان محمّد و اهل‌بیت پاکش و سپاس خدای را پروردگار جهانیان. "
        },
        "tozih": {
            "1": " از ابن عباس روایت کرده‌اند: که حضرت رسول(صلی‌الله‌علیه‌وآله) برای روزه‌ی هر روز ماه مبارک رمضان فضیلت بسیار بیان فرمود و برای هر روز دعای مخصوصی با فضیلت و ثواب بسیار برای آن ذکر کرده که ما به بیان اصل دعا اکتفا می‌کنیم:\n\nروز اول:",
            "2": "روز دوم: ",
            "3": "روز سوم: ",
            "4": "روز چهارم: ",
            "5": "روز پنجم:",
            "6": "روز ششم: ",
            "7": "روز هفتم: ",
            "8": "روز هشتم:",
            "9": "روز نهم:",
            "10": "روز دهم:",
            "11": "روز یازدهم:",
            "12": "روز دوازدهم:",
            "13": "روز سیزدهم:",
            "14": "روز چهاردهم:",
            "15": "روز پانزدهم: ",
            "16": "روز شانزدهم: ",
            "17": "روز هفدهم: ",
            "18": "روز هیجدهم: ",
            "19": "روز نوزدهم: ",
            "20": "روز بیستم:",
            "21": "روز بیست‌ویکم:",
            "22": "روز بیست‌ودوم:",
            "23": "روز بیست‌وسوم: ",
            "24": "روز بیست‌وچهارم: ",
            "25": "روز بیست‌وپنجم: ",
            "26": "روز بیست‌وششم: ",
            "27": "روز بیست‌وهفتم: ",
            "28": "روز بیست‌وهشتم: ",
            "29": "روز بیست‌ونهم: ",
            "30": "روز سی‌ام: "
        }
    }
}