{
    "164": {
        "number": 164,
        "bab": 2,
        "title": "دعای روز دوم ماه رمضان",
        "arabic": {
            "1": "اللّٰهُمَّ قَرِّبْنِى فِيهِ إِلىٰ مَرْضاتِكَ ، وَجَنِّبْنِى فِيهِ مِنْ سَخَطِكَ وَنَقِماتِكَ ، وَوَفِّقْنِى فِيهِ لِقِراءَةِ آياتِكَ ، بِرَحْمَتِكَ يَا أَرْحَمَ الرَّاحِمِينَ."
        },
        "farsi": {
            "1": "  خدایا، مرا در این ماه به خشنودی‌ات نزدیک کن و از خشم و انتقامت برکنار دار و به قرائت آیاتت موفق کن، ای مهربان‌ترین مهربانان."
        },
        "tozih": {
            "1": ""
        }
    }
}