{
    "167": {
        "number": 167,
        "bab": 2,
        "title": "دعای روز پنجم ماه رمضان",
        "arabic": {
            "1": "اللّٰهُمَّ اجْعَلْنِى فِيهِ مِنَ الْمُسْتَغْفِرِينَ ، وَاجْعَلْنِى فِيهِ مِنْ عِبادِكَ الصَّالِحِينَ الْقانِتِينَ ، وَاجْعَلْنِى فِيهِ  مِنْ أَوْلِيائِكَ الْمُقَرَّبِينَ ، بِرَأْفَتِكَ يَا أَرْحَمَ الرَّاحِمِينَ."
        },
        "farsi": {
            "1": " خدایا، قرار ده مرا در این ماه از آمرزش‌جویان و از بندگان شایسته فرمان‌بردار و از اولیای مقرّبت، به رأفتت ای مهربان‌ترین مهربانان."
        },
        "tozih": {
            "1": ""
        }
    }
}