{
    "168": {
        "number": 168,
        "bab": 2,
        "title": "دعای روز ششم ماه رمضان",
        "arabic": {
            "1": "اللّٰهُمَّ لَاتَخْذُلْنِى فِيهِ لِتَعَرُّضِ مَعْصِيَتِكَ ، وَلَا تَضْرِبْنِى بِسِياطِ نَقِمَتِكَ ، وَزَحْزِحْنِى فِيهِ مِنْ مُوجِباتِ سَخَطِكَ ، بِمَنِّكَ وَأَيادِيكَ يَا مُنْتَهىٰ رَغْبَةِ الرَّاغِبِينَ."
        },
        "farsi": {
            "1": " خدایا، مرا در این ماه در معرض نافرمانی\u200Cات وامگذار و با تازیانه\u200Cهای انتقامت عذابم مکن و از انگیزه\u200Cهای خشمت دورم بدار، به مهرورزی و عطاهایت، ای نهایت شوق مشتاقان. "
        },
        "tozih": {
            "1": ""
        }
    }
}