{
    "17": {
        "number": 17,
        "bab": 2,
        "title": "نمازی برابر با شصت حج و شصت عمره در ماه رجب",
        "arabic": {
            "1": " لَا إِلٰهَ إِلّا اللّٰهُ وَحْدَهُ لَاشَرِيكَ لَهُ، لَهُ الْمُلْكُ وَلَهُ الْحَمْدُ، يُحْيِى وَيُمِيتُ وَهُوَ حَيٌّ لَايَمُوتُ، بِيَدِهِ الْخَيْرُ، وَهُوَ عَلَىٰ كُلِّ شَىْءٍ قَدِيرٌ، وَ إِلَيْهِ الْمَصِيرُ، وَلَا حَوْلَ وَلَا قُوَّةَ إِلّا بِاللّٰهِ الْعَلِيِّ الْعَظِيمِ، اللّٰهُمَّ صَلِّ عَلَىٰ مُحَمَّدٍ النَّبِيِّ الْأُمِّيِّ وَآلِهِ. ",
            "2": ""
        },
        "farsi": {
            "1": " معبودی جز خدا نیست، یگانه و بی\u200Cشریک است، فرمانروایی و سپاس ویژه اوست، زنده می\u200Cکند و می\u200Cمیراند و او زنده\u200Cای است که هرگز نمی\u200Cمیرد، خیر فقط به دست اوست و او بر هر کاری توانا است و بازگشت همه به\u200Cسوی اوست و هیچ نیرو و توانى نیست جز به خداى بلندمرتبه بزرگ، خدایا! بر محمّد پیامبر درس ناخوانده و خاندانش درود فرست. ",
            "2": ""
        },
        "tozih": {
            "1": "در تمام ماه رجب شصت رکعت نماز بخواند، در هر شب دو رکعت به این ترتیب که در هر رکعت «یک مرتبه» سوره «حمد» و «سه مرتبه» «قُلْ یٰا أَیُّهَا الْکٰافِرُونَ» و «یک مرتبه» سوره «توحید» بخواند و چون سلام دهد، دست\u200Cها را بلند کرده و بگوید: ",
            "2": " سپس دست\u200Cها را به صورت خویش بمالد، از پیامبر روایت شده: هرکه این عمل را بجا آورد، خدا دعایش را مستجاب کند و پاداش شصت حج و شصت عمره را به او عطا فرماید."
        }
    }
}