{
    "170": {
        "number": 170,
        "bab": 2,
        "title": "دعای روز هشتم ماه رمضان",
        "arabic": {
            "1": "اللّٰهُمَّ ارْزُقْنِى فِيهِ رَحْمَةَ الْأَيْتامِ ، وَ إِطْعامَ الطَّعامِ ، وَ إِفْشاءَ السَّلامِ ، وَصُحْبَةَ الْكِرامِ ، بِطَوْلِكَ يَا مَلْجَأَ الْآمِلِينَ."
        },
        "farsi": {
            "1": "خدایا، در این ماه مهرورزی به ایتام و خوراندن طعام و آشکار کردن سلام و هم‌نشینی با اهل کرامت را نصیبم فرما، به عطایت ای پناهگاه آرزومندان. "
        },
        "tozih": {
            "1": ""
        }
    }
}