{
    "172": {
        "number": 172,
        "bab": 2,
        "title": "دعای روز دهم ماه رمضان",
        "arabic": {
            "1": "اللّٰهُمَّ اجْعَلْنِى فِيهِ مِنَ الْمُتَوَكِّلِينَ عَلَيْكَ ، وَاجْعَلْنِى فِيهِ مِنَ الْفائِزِينَ لَدَيْكَ ، وَاجْعَلْنِى فِيهِ مِنَ الْمُقَرَّبِينَ إِلَيْكَ ، بِإِحْسانِكَ يَا غايَةَ الطَّالِبِينَ. "
        },
        "farsi": {
            "1": "خدایا، مرا در این ماه از توکل‌کنندگان و از رستگاران نزد خود و از مقرّبان درگاهت قرار بده، به احسانت ای هدف جویندگان. "
        },
        "tozih": {
            "1": ""
        }
    }
}