{
    "173": {
        "number": 173,
        "bab": 2,
        "title": "دعای روز یازدهم ماه رمضان",
        "arabic": {
            "1": "اللّٰهُمَّ حَبِّبْ إِلَىَّ فِيهِ الْإِحْسانَ ، وَكَرِّهْ إِلَىَّ فِيهِ الْفُسُوقَ وَالْعِصْيانَ ، وَحَرِّمْ عَلَىَّ فِيهِ السَّخَطَ وَالنِّيرانَ ، بِعَوْنِكَ يَا غِياثَ الْمُسْتَغِيثِينَ."
        },
        "farsi": {
            "1": "خدایا، در این ماه نیکی را پسندیده من گردان و نادرستی‌ها و نافرمانی‌ها را مورد کراهت من قرار ده و خشم و آتش برافروخته را بر من حرام گردان، به یاری‌ات ای فریادرس دادخواهان. "
        },
        "tozih": {
            "1": ""
        }
    }
}