{
    "174": {
        "number": 174,
        "bab": 2,
        "title": "دعای روز دوازدهم ماه رمضان",
        "arabic": {
            "1": "اللّٰهُمَّ زَيِّنِّى فِيهِ بِالسَِّتْرِ وَالْعَفافِ ، وَاسْتُرْنِى فِيهِ بِلِباسِ الْقُنُوعِ وَالْكَفافِ ، وَاحْمِلْنِى فِيهِ عَلَى الْعَدْلِ وَالْإِنْصافِ ، وَآمِنِّى فِيهِ مِنْ كُلِّ مَا أَخافُ ، بِعِصْمَتِكَ يَا عِصْمَةَ الْخائِفِينَ."
        },
        "farsi": {
            "1": " خدایا، مرا در این ماه به پوشش و پاک‌دامنی بیارای و به لباس قناعت و اکتفا به اندازه حاجت بپوشان و بر عدالت و انصاف وادارم نما و مرا در این ماه از هرچه می‌ترسم ایمنی ده، به نگهداری‌ات ای نگهدارنده هراسندگان. "
        },
        "tozih": {
            "1": ""
        }
    }
}