{
    "175": {
        "number": 175,
        "bab": 2,
        "title": "دعای روز سیزدهم ماه رمضان",
        "arabic": {
            "1": "اللّٰهُمَّ طَهِّرْنِى فِيهِ مِنَ الدَّنَسِ وَالْأَقْذارِ ، وَصَبِّرْنِى فِيهِ عَلَىٰ كائِناتِ الْأَقْدارِ ، وَوَفِّقْنِى فِيهِ لِلتُّقىٰ وَصُحْبَةِ الْأَبْرارِ ، بِعَوْنِكَ يَا قُرَّةَ عَيْنِ الْمَساكِينِ."
        },
        "farsi": {
            "1": " خدایا، مرا در این ماه از آلودگی‌ها و ناپاکی‌ها پاک کن و بر شدنی‌های مورد تقدیرت شکیبایم گردان و به پرهیزگاری و هم‌نشینی با نیکان توفیقم ده، به یاری‌ات ای نور چشم درماندگان. "
        },
        "tozih": {
            "1": ""
        }
    }
}