{
    "176": {
        "number": 176,
        "bab": 2,
        "title": "دعای روز چهاردهم ماه رمضان",
        "arabic": {
            "1": "اللّٰهُمَّ لَاتُؤاخِذْنِى فِيهِ بِالْعَثَراتِ ، وَأَقِلْنِى فِيهِ مِنَ الْخَطايا وَالْهَفَواتِ ، وَلَا تَجْعَلْنِى فِيهِ غَرَضاً لِلْبَلايا وَالْآفاتِ ، بِعِزَّتِكَ يَا عِزَّ الْمُسْلِمِينَ."
        },
        "farsi": {
            "1": " خدایا، مرا در این ماه بر لغزش‌ها سرزنش مکن و از خطاها و افتادن در گناهان دور بدار و هدف بلاها و آفات قرار مده، به عزّتت ای عزّت مسلمانان. "
        },
        "tozih": {
            "1": ""
        }
    }
}