{
    "177": {
        "number": 177,
        "bab": 2,
        "title": "دعای روز پانزدهم ماه رمضان",
        "arabic": {
            "1": "اللّٰهُمَّ ارْزُقْنِى فِيهِ طاعَةَ الْخاشِعِينَ ، وَاشْرَحْ فِيهِ صَدْرِى بِإِنابَةِ الْمُخْبِتِينَ ، بِأَمانِكَ يَا أَمانَ الْخائِفِينَ."
        },
        "farsi": {
            "1": " خدایا، در این ماه طاعت فروتنان را نصیبم کن و سینه‌ام را برای انابه همانند بازگشت خاضعان باز کن، به امان دادنت ای امان‌ده هراسندگان. "
        },
        "tozih": {
            "1": ""
        }
    }
}