{
    "178": {
        "number": 178,
        "bab": 2,
        "title": "دعای روز شانزدهم ماه رمضان",
        "arabic": {
            "1": "اللّٰهُمَّ وَفِّقْنِى فِيهِ لِمُوافَقَةِ الْأَبْرارِ ، وَجَنِّبْنِى فِيهِ مُرافَقَةَ الْأَشْرارِ ، وَآوِنِى فِيهِ بِرَحْمَتِكَ إِلىٰ دارِ الْقَرارِ ، بِإِلٰهِيَّتِكَ يَا إِلٰهَ الْعالَمِينَ. "
        },
        "farsi": {
            "1": " خدایا، مرا در این ماه به همراهی و همسویی با نیکان توفیق ده و از هم‌نشینی با بدان دور بدار و به‌حق رحمتت به خانه آرامش جایم ده، به پرستیدگی‌ات ای پرستیده‌ی جهانیان. "
        },
        "tozih": {
            "1": ""
        }
    }
}