{
    "179": {
        "number": 179,
        "bab": 2,
        "title": "دعای روز هفدهم ماه رمضان",
        "arabic": {
            "1": "اللّٰهُمَّ اهْدِنِى فِيهِ لِصالِحِ الْأَعْمالِ ، وَاقْضِ لِى فِيهِ الْحَوائِجَ وَالْآمالَ ، يَا مَنْ لا يَحْتاجُ إِلَى التَّفْسِيرِ وَالسُّؤالِ ، يَا عالِماً بِما فِى صُدُورِ الْعالَمِينَ ، صَلِّ عَلَىٰ مُحَمَّدٍ وَآلِهِ الطَّاهِرِينَ. "
        },
        "farsi": {
            "1": "خدایا، مرا در این ماه به‌سوی کارهای شایسته هدایت فرما و حاجت‌ها و آرزوهایم را برآور، ای آن‌که نیاز به روشنگری و پرسش ندارد، ای آگاه به آنچه در سینه جهانیان است بر محمّد و خاندان پاکش درود فرست. "
        },
        "tozih": {
            "1": ""
        }
    }
}