{
    "180": {
        "number": 180,
        "bab": 2,
        "title": "دعای روز هجدهم ماه رمضان",
        "arabic": {
            "1": "اللّٰهُمَّ نَبِّهْنِى فِيهِ لِبَرَكاتِ أَسْحارِهِ ، وَنَوِّرْ فِيهِ قَلْبِى بِضِياءِ أَنْوارِهِ ، وَخُذْ بِكُلِّ أَعْضائِى إِلَى اتِّباعِ آثارِهِ ، بِنُورِكَ يَا مُنَوِّرَ قُلُوبِ الْعارِفِينَ."
        },
        "farsi": {
            "1": " خدایا، مرا در این ماه به برکت‌های سحرهایش آگاه کن و دلم را با روشنایی انوارش روشنی بخش و تمام اعضایم را به پیروی آثارش بگمار، به نورت ای نوربخش دل‌های عارفان. "
        },
        "tozih": {
            "1": ""
        }
    }
}