{
    "182": {
        "number": 182,
        "bab": 2,
        "title": "دعای روز بیستم ماه رمضان",
        "arabic": {
            "1": "اللّٰهُمَّ افْتَحْ لِى فِيهِ أَبْوابَ الْجِنانِ ، وَأَغْلِقْ عَنِّى فِيهِ أَبْوابَ النِّيرانِ ، وَوَفِّقْنِى فِيهِ لِتِلاوَةِ الْقُرْآنِ ، يَا مُنْزِلَ السَّكِينَةِ فِى قُلُوبِ الْمُؤْمِنِينَ."
        },
        "farsi": {
            "1": "خدایا، در این ماه درهای بهشت‌هایت را به رویم باز کن و درهای آتش دوزخ را به روزیم بربند و به تلاوت قرآن موفقم بدار، ای فرو فرستنده آرامش در دل مؤمنان. "
        },
        "tozih": {
            "1": ""
        }
    }
}