{
    "185": {
        "number": 185,
        "bab": 2,
        "title": "دعای روز بیست و سوم ماه رمضان",
        "arabic": {
            "1": "اللّٰهُمَّ اغْسِلْنِى فِيهِ مِنَ الذُّنُوبِ ، وَطَهِّرْنِى فِيهِ مِنَ الْعُيُوبِ ، وَامْتَحِنْ قَلْبِى فِيهِ بِتَقْوَى الْقُلُوبِ ، يَا مُقِيلَ عَثَراتِ الْمُذْنِبِينَ."
        },
        "farsi": {
            "1": "خدایا، در این ماه از گناهانم شست‌وشویم ده و از عیب‌ها پاکم کن و دلم را به پرهیزکاری دل‌ها بیازمای، ای نادیده‌گیرنده لغزش‌های اهل گناه. "
        },
        "tozih": {
            "1": " موافق مذهب شیعه خواندن «دعای روز بیست‌وهفتم» در «روز بیست‌وسوم» دور نیست که مناسب‌تر باشد. "
        }
    }
}