{
    "186": {
        "number": 186,
        "bab": 2,
        "title": "دعای روز بیست و چهارم ماه رمضان",
        "arabic": {
            "1": "اللّٰهُمَّ إِنِّى أَسْأَلُكَ فِيهِ مَا يُرْضِيكَ ، وَأَعُوذُ بِكَ  مِمَّا يُؤْذِيكَ ، وَأَسْأَلُكَ التَّوْفِيقَ فِيهِ لِأَنْ أُطِيعَكَ وَلَا أَعْصِيَكَ ، يَا جَوادَ السَّائِلِينَ. "
        },
        "farsi": {
            "1": "خدایا، در این ماه آنچه تو را خشنود می‌کند از تو درخواست می‌کنم و از آنچه تو را ناخشنود می‌کند به تو پناه می‌آورم و از تو در این ماه توفیق اطاعت و ترک نافرمانی‌ات را خواستارم، ای بخشنده به نیازمندان. "
        },
        "tozih": {
            "1": ""
        }
    }
}