{
    "189": {
        "number": 189,
        "bab": 2,
        "title": "دعای روز بیست و هفتم ماه رمضان",
        "arabic": {
            "1": "اللّٰهُمَّ ارْزُقْنِى فِيهِ فَضْلَ لَيْلَةِ الْقَدْرِ ، وَصَيِّرْ أُمُورِى فِيهِ مِنَ الْعُسْرِ إِلَى الْيُسْرِ ، وَاقْبَلْ مَعاذِيرِى ، وَحُطَّ عَنِّى الذَّنْبَ وَالْوِزْرَ ، يَا رَؤُوفاً بِعِبادِهِ الصَّالِحِينَ."
        },
        "farsi": {
            "1": " خدایا، در این ماه، فضیلت شب قدر را روزی‌ام ساز و کارهایم را از سختی به آسانی برگردان و پوزش‌هایم را بپذیر و گناه و بار گران را از گُرده‌ام بریز، ای مهربان به بندگان شایسته. "
        },
        "tozih": {
            "1": ""
        }
    }
}