{
    "192": {
        "number": 192,
        "bab": 2,
        "title": "دعای روز سی‌ام ماه رمضان",
        "arabic": {
            "1": "اللّٰهُمَّ اجْعَلْ صِيامِى فِيهِ بِالشُّكْرِ وَالْقَبُولِ عَلَىٰ مَا تَرْضاهُ وَيَرْضاهُ الرَّسُولُ ، مُحْكَمَةً فُرُوعُهُ بِالْأُصُولِ ، بِحَقِّ سَيِّدِنا مُحَمَّدٍ وَآلِهِ الطَّاهِرِينَ ، وَالْحَمْدُ لِلّٰهِ رَبِّ الْعالَمِينَ."
        },
        "farsi": {
            "1": "خدایا، روزه‌ام را در این ماه، بر پایه آنچه تو و پیامبر آن را می‌پسندد مورد سپاس و پذیرش قرار ده، درحالی‌که فروعش بر اصولش استوار باشد، به‌حق سرورمان محمّد و اهل‌بیت پاکش و سپاس خدای را پروردگار جهانیان. "
        },
        "tozih": {
            "1": ""
        }
    }
}