{
    "195": {
        "number": 195,
        "bab": 2,
        "title": "تکبیرهای عید فطر",
        "arabic": {
            "1": " اللّٰهُ أَكْبَرُ اللّٰهُ أَكْبَرُ لَاإِلٰهَ إِلّا اللّٰهُ وَاللّٰهُ أَكْبَرُ اللّٰهُ أَكْبَرُ وَ لِلّٰهِ الْحَمْدُ، الْحَمْدُ لِلّٰهِ عَلَىٰ مَا هَدانا، وَلَهُ الشُّكْرُ عَلَىٰ مَا أَوْلانا. "

        },
        "farsi": {
            "1": "خدا بزرگ\u200Cتر از آن است که وصف شود، خدا بزرگ\u200Cتر از آن است که وصف شود، معبودی جز خدا نیست و خدا بزرگ\u200Cتر از آن است که وصف شود و ستایش ویژه خداست و ستایش ویژه خداست بر آنچه ما را بدان هدایت کرد و او را سپاس بر آنچه به ما ارزانی داشت."
        },
        "tozih": {
            "1": "[در شب عید فطر] پس از نماز مغرب و عشا و [در روز عید فطر بعد از] نماز صبح و نماز عید بخوان:"
        }
    }
}