{
    "196": {
        "number": 196,
        "bab": 2,
        "title": "دعای حاجت در شب عید فطر",
        "arabic": {
            "1": " يَا ذَا الْمَنِّ وَالطَّوْلِ، يَا ذَا الْجُودِ، يَا مُصْطَفِيَ مُحَمَّدٍ وَناصِرَهُ صَلِّ عَلَىٰ مُحَمَّدٍ وَآلِ مُحَمَّدٍ وَاغْفِرْ لِي كُلَّ ذَنْبٍ أَحْصَيْتَهُ وَ هُوَ عِنْدَكَ فِي كِتابٍ مُبِينٍ. ",
            "2": ""
        },
        "farsi": {
            "1": " ای صاحب مهر و قدرت و توانایی، ای دارای جود، ای برگزیننده محمّد و ای یاور او، بر محمّد و خاندان محمّد درود فرست و بر من بیامرز هر گناهی که شماره نمودی\u200Cاش و آن پیش تو در کتابی آشکار است.",
            "2": ""
        },
        "tozih": {
            "1": "[در شب عید فطر] چون نماز مغرب و نافله آن را خواند، دست\u200Cها را به جانب آسمان بلند کند و بگوید: ",
            "2": "پس به سجده برو و در سجده «صد مرتبه» بگو: «أَتُوبُ إِلَى اللّٰهِ؛ به\u200Cسوی خدا می\u200Cپویم»، سپس هر حاجتی که دارد از خدا بخواه که بخواست خدا برآورده خواهد شد؛"
        }
    }
}