{
    "198": {
        "number": 198,
        "bab": 2,
        "title": "نمازی که هر رکعت آن ثواب چهل سال عبادت را دارد",
        "arabic": {
            "1": ""

        },
        "farsi": {
            "1": ""

        },
        "tozih": {
            "1": "[در شب عید فطر] چهارده رکعت نماز بخوان، در هر رکعت سوره «حمد» و «آیت\u200Cالکرسی» و «سه مرتبه» سوره «توحید» را قرائت کن تا در برابر هر رکعتی ثواب چهل سال عبادت و ثواب عبادت هرکه در آن ماه روزه گرفته و نماز خوانده، برایت باشد.\n"
        }
    }
}