{
    "209": {
        "number": 209,
        "bab": 2,
        "title": "فضیلت شب نیمه ماه ذی ‌القعده",
        "arabic": {
            "1": ""
        },
        "farsi": {
            "1": ""
        },
        "tozih": {
            "1": "شب پانزدهم [که] شب مبارکی است، خداوند بر بندگان مؤمن خود نظر رحمت می‌فرماید و چنان‌که در روایت نبوی آمده: کسی که در این شب به طاعت حق مشغول باشد، برای او اجر صد نفر روزه‌داری است که ملازم مسجد بوده‌اند، آن هم روزه‌داری که خدا را به اندازه چشم‌برهم‌زدنی معصیت نکرده باشد.\n\nپس این شب را غنیمت بشمار و خود را به طاعت و عبادت و نماز و درخواست حاجات از خدا مشغول کن؛ روایت شده است: هرکه در این شب حاجتی از خدا بخواهد حتماً به او عطا خواهد شد. "
        }
    }
}