{
    "21": {
        "number": 21,
        "bab": 2,
        "title": "ارزش زیارت امام رضا(ع) و حج عمره در ماه رجب",
        "arabic": {
            "1": "عَظُمَ الذَّنْبُ مِنْ عَبْدِكَ فَلْيَحْسُنِ الْعَفْوُ مِنْ عِنْدِكَ."
        },
        "farsi": {
            "1": " گناه از بنده‌ات بزرگ شده، پس [بگذر که] گذشت از سوى تو زیبا باشد."
        },
        "tozih": {
            "1": "آگاه باش زیارت حضرت امام رضا(علیه‌السلام) در ماه رجب مستحب است و انجام آن در این ماه امتیاز خاصی دارد، همان‌گونه که انجام عمره در ماه رجب فضیلت دارد تا جایی که روایت شده: انجام آن در این ماه، در فضیلت همتای حج است؛\n\nو نیز نقل‌شده: حضرت سجاد(علیه‌السلام) در ماه رجب به عمره مشرّف شده بود و شب و روز نزد کعبه نماز می‌خواند و در حالی که پیوسته در سجده بود این ذکر از زبان ایشان شنیده می‌شد: "
        }
    }
}