{
    "210": {
        "number": 210,
        "bab": 2,
        "title": "فضیلت زیارت امام رضا(ع) در بیست و سوم ماه ذی‌القعده",
        "arabic": {
            "1": "قالَ السيّد ابن‌طاووس في الإقبال : وَرَأَيْتُ في بعض تَصانيف أَصْحابنا العَجَم رضْوان اللّٰه عَلَيْهِمْ انّه يُسْتَحبّ أَنْ يُزار مولانا الرّضا عَلَيْهِ السَّلامُ يومَ ثالث و عِشرِين مِن ذي القعدة مِنْ قُربٍ أَو بُعدٍ ببعض زياراته المعروفة أَو بما يكون كالزّيارة من الرّواية بذلك."
        },
        "farsi": {
            "1": "  سید ابن طاووس در کتاب «اقبال» گفت: که در بعضی از کتاب‌های علمای شیعه غیر عرب (رضوان الله علیهم) دیدم که مستحب است مولایمان حضرت رضا (درود خدا بر او) در روز بیست‌وسوم از ماه ذی‌القعده از نزدیک و دور زیارت شود، به بعضی از زیارت‌های معروف یا به آنچه همانند زیارت باشد از روایاتی که در این باب رسیده است. "
        },
        "tozih": {
            "1": "روز بیست‌وسوم؛ سال دویست‌ و سه به قولی شهادت حضرت رضا(علیه‌السلام) واقع شده و زیارت آن حضرت از نزدیک و دور، مستحب است. "
        }
    }
}