{
    "212": {
        "number": 212,
        "bab": 2,
        "title": "فضیلت و اعمال روز دحوالارض",
        "arabic": {
            "1": " لَا حَوْلَ وَلَا قُوَّةَ إِلّا بِاللّٰهِ الْعَلِيِّ الْعَظِيمِ. ",
            "2": " يَا مُقِيلَ الْعَثَراتِ أَقِلْنِى عَثْرَتِى ، يَا مُجِيبَ الدَّعَوَاتِ أَجِبْ دَعْوَتِى ، يَا سامِعَ الْأَصْواتِ اسْمَعْ صَوْتِى وَارْحَمْنِى وَتَجاوَزْ عَنْ سَيِّئاتِى وَمَا عِنْدِى يَا ذَا الْجَلالِ وَالْإِكْرامِ. ",
            "3": " اللّٰهُمَّ داحِىَ الكَعْبَةِ ، وَفالِقَ الْحَبَّةِ ، وَصارِفَ اللَّزْبَةِ ، وَكاشِفَ كُلِّ كُرْبَةٍ ، أَسْأَلُكَ فِى هٰذَا الْيَوْمِ مِنْ أَيَّامِكَ الَّتِى أَعْظَمْتَ حَقَّها ، وَأَقْدَمْتَ سَبْقَها ، وَجَعَلْتَها عِنْدَ الْمُؤْمِنِينَ وَدِيعَةً ، وَ إِلَيْكَ ذَرِيعَةً ، وَبِرَحْمَتِكَ الْوَسِيعَةِ ، أَنْ تُصَلِّىَ عَلَىٰ مُحَمَّدٍ عَبْدِكَ الْمُنْتَجَبِ فِى الْمِيثاقِ الْقَرِيبِ يَوْمَ التَّلاقِ فاتِقِ كُلِّ رَتْقٍ ، وَداعٍ إِلىٰ كُلِّ حَقٍّ ، وَعَلَىٰ أَهْلِ بَيْتِهِ الْأَطْهارِ ، الْهُداةِ الْمَنارِ ، دَعائِمِ الْجَبَّارِ ، وَ وُلاةِ الْجَنَّةِ وَالنَّارِ ، وَأَعْطِنا فِى يَوْمِنا هٰذَا مِنْ عَطائِكَ الْمَخْزُونِ غَيْرَ مَقْطُوعٍ وَلَا مَمْنُوعٍ ، تَجْمَعُ لَنا بِهِ التَّوْبَةَ ، وَحُسْنَ الْأَوْبَةِ؛ ",
            "4": " يَا خَيْرَ مَدْعُوٍّ ، وَأَكْرَمَ مَرْجُوٍّ ، يَا كَفِىُّ يَا وَفِىُّ ، يَا مَنْ لُطْفُهُ خَفِيٌّ ، الْطُفْ لِي بِلُطْفِكَ ، وَأَسْعِدْنِى بِعَفْوِكَ ، وَأَيِّدْنِى بِنَصْرِكَ ، وَلَا تُنْسِنِى كَرِيمَ ذِكْرِكَ ، بِوُلاةِ أَمْرِكَ ، وَحَفَظَةِ سِرِّكَ ،وَ احْفَظْنِى مِنْ شَوائِبِ الدَّهْرِ إِلىٰ يَوْمِ الْحَشْرِ وَالنَّشْرِ ، وَأَشْهِدْنِى أَوْلِياءَكَ عِنْدَ خُرُوجِ نَفْسِى ، وَحُلُولِ رَمْسِى ، وَانْقِطاعِ عَمَلِى ، وَانْقِضاءِ أَجَلِى . اللّٰهُمَّ وَاذْكُرْنِى عَلَىٰ طُولِ الْبِلىٰ إِذا حَلَلْتُ بَيْنَ أَطْباقِ الثَّرىٰ ، وَنَسِيَنِى النَّاسُونَ مِنَ الْوَرىٰ ، وَأَحْلِلْنِى دارَ الْمُقامَةِ ، وَبَوِّئْنِى مَنْزِلَ الْكَرامَةِ؛ ",
            "5": " وَاجْعَلْنِى مِنْ مُرافِقِى أَوْلِيائِكَ وَأَهْلِ اجْتِبائِكَ وَاصْطِفائِكَ ، وَبارِكْ لِى فِى لِقائِكَ ، وَارْزُقْنِى حُسْنَ الْعَمَلِ قَبْلَ حُلُولِ الْأَجَلِ بَرِيئاً مِنَ الزَّلَلِ وَسُوءِ الْخَطَلِ . اللّٰهُمَّ وَأَوْرِدْنِى حَوْضَ نَبِيِّكَ مُحَمَّدٍ صَلَّى اللّٰهُ عَلَيْهِ وَآلِهِ وَاسْقِنِى مِنْهُ مَشْرَباً رَوِيّاً سائِغاً هَنِيئاً لَاأَظْمَأُ بَعْدَهُ ، وَلَا أُحَلَّأُ وِرْدَهُ ، وَلَا عَنْهُ أُذادُ ، وَاجْعَلْهُ لِى خَيْرَ زادٍ ، وَأَوْفىٰ مِيعادٍ يَوْمَ يَقُومُ الْأَشْهادُ . اللّٰهُمَّ وَالْعَنْ جَبابِرَةَ الْأَوَّلِينَ وَالْآخِرِينَ وَبِحُقُوقِ أَوْلِيائِكَ الْمُسْتَأْثِرِينَ . اللّٰهُمَّ وَاقْصِمْ دَعائِمَهُمْ ، وَأَهْلِكْ أَشْياعَهُمْ وَعامِلَهُمْ ، وَعَجِّلْ مَهالِكَهُمْ ، وَاسْلُبْهُمْ مَمالِكَهُمْ ، وَضَيِّقْ عَلَيْهِمْ مَسالِكَهُمْ ، وَالْعَنْ مُساهِمَهُمْ وَمُشارِكَهُمْ؛ ",
            "6": " اللّٰهُمَّ وَعَجِّلْ فَرَجَ أَوْلِيائِكَ ، وَارْدُدْ عَلَيْهِمْ مَظالِمَهُمْ ، وَأَظْهِرْ بِالْحَقِّ قائِمَهُمْ ، وَاجْعَلْهُ لِدِينِكَ مُنْتَصِراً ، وَبِأَمْرِكَ فِى أَعْدائِكَ مُؤْتَمِراً . اللّٰهُمَّ احْفُفْهُ بِمَلائِكَةِ النَّصْرِ ، وَبِما أَلْقَيْتَ إِلَيْهِ مِنَ الْأَمْرِ فِى لَيْلَةِ الْقَدْرِ ، مُنْتَقِماً لَكَ حَتّىٰ تَرْضىٰ ، وَيَعُودَ دِينُكَ بِهِ وَعَلَىٰ يَدَيْهِ جَدِيداً غَضّاً ، وَيَمْحَضَ الْحَقَّ مَحْضاً ، وَيَرْفُضَ الْباطِلَ رَفْضاً . اللّٰهُمَّ صَلِّ عَلَيْهِ وَعَلَىٰ جَمِيعِ آبائِهِ ، وَاجْعَلْنا مِنْ صَحْبِهِ وَأُسْرَتِهِ ، وَابْعَثْنا فِى كَرَّتِهِ ، حَتّىٰ نَكُونَ فِى زَمانِهِ مِنْ أَعْوانِهِ . اللّٰهُمَّ أَدْرِكْ بِنا قِيامَهُ ، وَأَشْهِدْنا أَيَّامَهُ وَصَلِّ عَلَيْهِ ، وَارْدُدْ إِلَيْنا سَلامَهُ ، وَالسَّلامُ عَلَيْهِ وَرَحْمَةُ اللّٰهِ وَبَرَكاتُهُ. ",
            "7": ""
        },
        "farsi": {
            "1": " هیچ جنبش و نیرویی نیست، مگر به خدای برتر بزرگ.",
            "2": " ای نادیده‌گیر لغزش‌ها، لغزشم را نادیده‌گیر، ای اجابت کننده دعاها، دعایم را اجابت کن، ای شنوای صداها، صدایم را بشنو به من رحم کن و از بدی‌هایم و آنچه نزد من است درگذر، ای صاحب بزرگی و بزرگواری. ",
            "3": "خدایا؛ ای گستراننده کعبه و شکافنده دانه و برگیرنده سختی و برطرف کننده هر گرفتاری، از تو می‌خواهم در این روز از روزهایت که حقّش را بزرگ گرداندی و سبقتش را پیش انداختی و آن را نزد اهل ایمان امانت و به‌سوی خود وسیله قرار دادی و به رحمت گسترده‌ات که بر محمّد درود فرستی آن بنده برگزیده‌ات در پیمان نزدیک، روز دیدار، شکافنده هر امر بسته و دعوت کننده به‌حق و بر اهل‌بیت پاکش، آن راهنمایان و روشن‌کنندگان راه حق، ستون‌های جبّار و متولّیان بهشت و دوزخ و عطا کن به ما از عطای در خزانه‌ات که نه بریده شود و نه منع گردد تا به وسیله آن توبه و بازگشت خوبی برای ما فراهم نمایی؛",
            "4": "‌ای بهترین خوانده شده و کریم‌ترین امید شده، ای کفایت کننده، ای وفادار، ای آن‌که لطفش پنهانی است، به لطفت به من لطف کن و به عفوت خوشبختم نما و به یاری‌ات تأییدم فرما و از ذکر کریمانه‌ات فراموشم مکن به‌حق متولیان امرت و نگهبانان رازت و از گرفتاری‌های روزگار تا روز قیامت و برانگیخته شدن حفظم کن هنگام بیرون آمدن جانم و فرو رفتن در قبرم و تمام شدن کارم و سپری شدن عمرم، اولیایت را به بالینم حاضر کن، خدایا یادم کن، بر طول پوسیدگی، زمانی‌که در میان توده‌های خاک فرود آیم و فراموش‌کنندگان از مردم فراموشم کنند و در خانه اقامت فرودم آر و در منزل کرامت جایم ده؛ ",
            "5": "و از دوستان اولیایت و برگزیدگان و خاصان درگاهت قرارم ده و دیدارت را بر من مبارک گردان و پیش از فرا رسیدن پایان عمرم حُسن عمل روزی‌ام فرما، درحالی‌که پاک از لغزش‌ها و گفتار بی‌پایه و منطق تباه باشم. خدایا مرا به حوض پیامبرت محمّد (درود خدا بر او و خاندانش) وارد کن و از آن به من بنوشان، نوشاندنی سیراب کننده، روان و گوارا که پس از آن هرگز تشنه نشوم و از ورود به آن طرد نگردم و از آن منع نشوم و آن را قرار ده برایم بهترین توشه و کامل‌ترین وعده‌گاه، روزی که گواهان بپا می‌خیزند. خدایا لعنت کن گردنکشان گذشته و آینده را، هم آنان‌که حقوق اولیایت را به ناحق به خود اختصاص دادند. خدایا پایه‌هایشان را بشکن و پیروان و عُمّالشان را نابود ساز، زمینه‌های هلاکتشان را به زودی فراهم فرما و کشورهایشان را از دستشان بگیر و راه‌هایشان را بر آنان تنگ کن و بر آنان‌که با آنان سهیم و شریک‌اند لعنت فرست؛ ",
            "6": " خدایا در فرج دوستانت شتاب کن و حقوق تاراج‌رفته آنان را به آنان بازگردان و قائم آنان را به‌حق آشکار کن و او را یاری‌رسان دینت بدار و درباره دشمنانت فرمانده به فرمانت قرار ده. خدایا فرشتگان پیروزی را گرداگرد او همواره بدار و به آن دستوری که در شب قدر به او القا کردی او را انتقام‌گیرنده خویش قرار ده تا جایی که خشنود شوی و دینت به وسیله او و به دست او به‌گونه‌ای نو تازه بازگردد و حق به‌طور کامل ناب شود و باطل به صورت همه جانبه به دور افکنده شود. خدایا بر او و همه پدرانش درود فرست و ما را از هم‌نشینان و خاندانش قرار بده و در زمان بازگشتش ما را برانگیز تا در دوران او در شمار یارانش باشیم. خدایا درک قیامش را روزی ما کن و در روزگارش ما را حاضر کن و بر او درود فرست و سلام او را به ما باز رسان، درود و رحمت خدا و برکاتش بر او باد. "
        },
        "tozih": {
            "1": "روز بیست‌وپنجم، روز دَحوُالاَرض است؛ یکی از آن چهار روزی است که در تمام سال به فضیلت روزه ممتاز است و در روایتی آمده: که روزه این روز همانند روزه هفتاد سال است و در روایت دیگر آمده: که کفاره هفتاد سال است و هرکه این روز را روزه بدارد و شب را به عبادت به سر آورد، برای او عبادت صد سال نوشته شود و برای روزه‌دار این روز، هرچه در میان زمین و آسمان است استغفار کند.\n\nو این روزی است که رحمت خدا در آن منتشر شده و برای عبادت و اجتماع به ذکر خدا در این روز اجر بسیاری است و برای این روز جز روزه و عبادت و ذکر خدا و غسل دو عمل دیگر وارد است:\n\nاوّل:\nنمازی که در کتاب‌های علمای شیعه از اهل قم روایت شده و آن دو رکعت است در وقت چاشت [بالا آمدن آفتاب تا پیش از گذشتن از وقت ظهر] در هر رکعت پس از سوره «حمد» «پنج مرتبه» سوره «وَ الشَّمس» خوانده شود و پس از سلام بگوید: ",
            "2": "آنگاه دعا کند و بخواند: ",
            "3": "دوّم:\nخواندن دعایی که شیخ در کتاب «مصباح» فرموده: خواندن آن مستحب است:",
            "4": "",
            "5": "",
            "7": "میرداماد(ره) در رساله «اَربعه اَیام» خود، در بیان اعمال روز «دَحوُالاَرض» فرموده است: زیارت امام رضا(علیه‌السلام) در این روز افضل اعمال مستحب و مؤکدترین آداب می‌باشد و همچنین زیارت آن حضرت در روز اول ماه رجب الفرد، در نهایت تأکید بوده و نسبت به آن ترغیب بسیار شده است. "
        }
    }
}