{
    "215": {
        "number": 215,
        "bab": 2,
        "title": "فضیلت ماه ذی الحجه",
        "arabic": {
            "1": "",
            "2": "",
            "3": ""
        },
        "farsi": {
            "1": "",
            "2": "",
            "3": ""
        },
        "tozih": {
            "1": "این ماه از ماه‌های بسیار شریف است که چون فرا می‌رسید، نیکان صحابه پیامبر و تابعین، اهتمام شدیدی در عبادت اظهار می‌داشتند.",
            "2": "دهه اول آن «ایام معلومات» است که در قرآن مجید ذکر شده و در نهایت فضیلت و برکت است و از رسول خدا(صلی‌الله‌علیه‌وآله) روایت شده است: که در هیچ ایامی کار نیک و عبادت نزد خدا، محبوب‌تر و پسندیده‌تر از این دهه نیست.",
            "3": "[عیدهای «غدیر» و «قربان» و روزهای «عرفه» و «مباهله» در این ماه قرار دارند.]"
        }
    }
}