{
    "220": {
        "number": 220,
        "bab": 2,
        "title": "اعمال روز اول ماه ذی الحجه",
        "arabic": {
            "1": "سُبْحانَ ذِي الْعِزِّ الشَّامِخِ الْمُنِيفِ ! سُبْحانَ ذِي الْجَلالِ الْباذِخِ الْعَظِيمِ ! سُبْحانَ ذِي الْمُلْكِ الْفاخِرِ الْقَدِيمِ ! سُبْحانَ مَنْ يَرىٰ أَثَرَ النَّمْلَةِ فِي الصَّفا ! سُبْحانَ مَنْ يَرىٰ وَقْعَ الطَّيْرِ فِي الْهَواءِ ! سُبْحانَ مَنْ هُوَ هٰكَذا وَلَا هٰكَذا غَيْرُهُ.",
            "2": "حَسْبِي حَسْبِي حَسْبِي مِنْ سُؤالِي عِلْمُكَ بِحالِي."
        },
        "farsi": {
            "1": "  منزّه است آن دارای عزّت بلندمرتبه شریف، منزّه است آن دارای عظمت بسیار باشکوه بزرگ، منزّه است آن دارای فرمانروایی گران‌مایه ازلی، منزّه است آن‌که جای پای مورچه را بر سنگ صاف بیند، منزّه است آن‌که چگونگی گذر پرنده را در هوا بیند، منزّه است آن‌که او چنین است و جز او چنین نیست. ",
            "2": "مرا کافی است، مرا کافی است، مرا کافی است، آگاهی تو به حالم از درخواست من. "
        },
        "tozih": {
            "1": " روز بسیار مبارکى است و در آن چند عمل وارد است:\n\nاوّل:\nروزه که ثواب روزه‌ی هشتاد ماه را دارد.\n\nدوّم:\nخواندن نماز حضرت فاطمه(سلام‌الله‌علیها)؛ شیخ فرموده: روایت شده: این نماز چهار رکعت است با دو سلام، مانند نماز امیرالمؤمنین(علیه‌السلام) که در هر رکعت سوره «حمد» «یک مرتبه» و «توحید» «پنجاه مرتبه» خوانده می‌شود و پس از سلام «تسبیحات» آن حضرت را گفته، سپس بخواند:",
            "2": "سوّم:\nدو رکعت نماز نیم ساعت پیش از رسیدن آفتاب به هنگام ظهر بخواند، در هر رکعت سوره «حمد» «یک مرتبه» و هر یک از سوره‌های «توحید» و «آیت‌الکرسی» و «قدر» را «ده مرتبه» بخواند.\n\nچهارم:\nهرکه از ستمگری وحشت دارد، در این روز بگوید: ",
            "3": "تا خدا شرّ ستمکار را از او کفایت کند؛\n\nو بدان که در این روز حضرت ابراهیم خلیل متولّد شده است و نیز در این روز به روایت شیخ کلینی و شیخ طوسی، حضرت فاطمه به امیرالمؤمنین(علیه‌السلام) تزویج شده."
        }
    }
}