{
    "222": {
        "number": 222,
        "bab": 2,
        "title": "اعمال روز هفتم ماه ذی الحجه",
        "arabic": {
            "1": "",
            "2": "",
            "3": ""
        },
        "farsi": {
            "1": "",
            "2": "",
            "3": ""
        },
        "tozih": {
            "1": "سال صدوچهارده شهادت امام باقر(علیه‌السلام) در مدینه اتّفاق افتاده و به این سبب روز حزن شیعه است."
        }
    }
}