{
    "223": {
        "number": 223,
        "bab": 2,
        "title": "اعمال روز هشتم ماه ذی الحجه",
        "arabic": {
            "1": ""
        },
        "farsi": {
            "1": ""
        },
        "tozih": {
            "1": " روز ترویه است و روزه‌اش فضیلت بسیار دارد و روایت شده: روزه‌ی این روز کفّاره شصت سال است و شیخ شهید غسل این روز را مستحب دانسته."

        }
    }
}