{
    "234": {
        "number": 234,
        "bab": 2,
        "title": "اعمال شب عید غدیر",
        "arabic": {
            "1": ""
        },
        "farsi": {
            "1": ""
        },
        "tozih": {
            "1": "شب هیجدهم [ماه ذی الحجه]، شب عید غدیر و شب بسیار با شرافتی است، سید ابن طاووس در کتاب «اقبال» دوازده رکعت نماز با یک سلام به کیفیتی مخصوص برای این شب همراه با دعاهایی روایت کرده است."
        }
    }
}