{
    "24": {
        "number": 24,
        "bab": 2,
        "title": "اعمال روز اول ماه رجب",
        "arabic": {
            "1": " لَاإِلٰهَ إِلّا اللّٰهُ وَحْدَهُ لَا شَرِيكَ لَهُ ، لَهُ الْمُلْكُ ، وَلَهُ الْحَمْدُ ، يُحْيِي وَيُمِيتُ ، وَهُوَ حَيٌّ لَايَمُوتُ ، بَيَدِهِ الْخَيْرُ وَهُوَ عَلَىٰ كُلِّ شَيْءٍ قَدِيرٌ. ",
            "2": " اللّٰهُمَّ لَامانِعَ لِما أَعْطَيْتَ ، وَلَا مُعْطِيَ لِما مَنَعْتَ ، وَلَا يَنْفَعُ ذَا الْجَدِّ مِنْكَ الْجَدُّ. ",
            "3": " إِلٰهاً واحِداً أَحَداً فَرْداً صَمَداً ، لَمْ يَتَّخِذْ صاحِبَةً وَلَا وَلَداً. ",
            "4": " وَصَلَّى اللّٰهُ عَلَىٰ مُحَمَّدٍ وَآلِهِ الطَّاهِرِينَ، وَلَا حَوْلَ وَلَا قُوَّةَ إِلّا بِاللّٰهِ الْعَلِيِّ الْعَظِيمِ.  ",
            "5": ""
        },
        "farsi": {
            "1": " معبودی جز خدا نیست، یگانه و بی‌شریک است، فرمانروایی و سپاس تنها برای اوست، زنده می‌کند و می‌میراند و اوست زنده‌ای که نمی‌میرد، خیر به دست اوست و او بر هر کاری تواناست. ",
            "2": " خدایا! از آنچه عطا کردی بازدارنده‌ای نیست و آنچه را بازداری‌دهنده‌ای ندارد و شخص کوشا را کوشش از تو بی‌نیاز نمی‌کند. ",
            "3": "  معبود، یگانه، یکتا، فرد، مقصود نیازمند، آن‌که همسری و فرزندی نگرفته است.",
            "4": " خدایا! بر محمّد و خاندان پاکش درود فرست و جنبش و نیرویی جز به خدا نیست، خدای برتر و بزرگ. ",
            "5": ""
        },
        "tozih": {
            "1": " روز شریفى است و در آن چند عمل است:\n\nاوّل:\nروزه گرفتن؛ روایت شده: حضرت نوح(علیه‌السلام) در این روز سوار کشتی شد و به کسانی که با او بودند امر فرمود روزه بدارند؛ و هرکه در این روز، روزه بدارد، آتش دوزخ به فاصله یک سال راه از او دور می‌شود.\n\nدوّم:\nغسل کردن.\n\nسوّم:\nزیارت امام حسین(علیه‌السلام)؛ شیخ از بشیر دُهّان از امام صادق(علیه‌السلام) روایت کرده: هرکه روز اوّل رجب حسین بن علی(علیه‌السلام) را زیارت کند بی‌تردید خدای عالم او را بیامرزد.\n\nچهارم:\nخواندن دعای طولانی و مفصّلی که سید در کتاب «اقبال» نقل کرده.\n\nپنجم:\nخواندن «نماز سلمان» به این صورت که: ده رکعت نماز گذارد، بعد از هر دو رکعت سلام دهد و در هر رکعت «یک مرتبه» سوره «حمد»، «سه مرتبه» «توحید» و «سه مرتبه» «قُلْ یٰا أَیُّهَا الْکٰافِرُونَ» را خوانده و پس از هر سلام دست‌ها را بلند کند و بگوید: ",
            "2": "سپس بگوید: ",
            "3": " سپس دست‌ها را بر چهره خود بکشد.\n\nو نیز در «روز نیمه ماه رجب» این نماز را با همین کیفیت بخواند، ولی پس از: «عَلَىٰ کُلِّ شَیْءٍ قَدِیرٌ» بگوید:  ",
            "4": " و هم در «روز آخر ماه» این عمل را بجا آورد و بعد از: «عَلَىٰ کُلِّ شَیْءٍ قَدِیرٌ» بگوید:",
            "5": "  پس دست‌ها را بر چهره خود کشیده و حاجتش را بطلبد؛ از فواید این نماز که بسیار است نباید غفلت نمود.\n\nو آگاه باش که برای سلمان در روز اوّل ماه رجب نماز دیگری است که آن ده رکعت است: در هر رکعت سوره «حمد» «یک مرتبه» و سوره «توحید» «سه مرتبه» خوانده شود با فضیلت بسیار که چکیده‌اش آمرزش گناهان و در امان ماندن از فتنه قبر و عذاب قیامت و سلامت یافتن از جُذام و پیسی و بیماری ذات الجنب برای خواننده آن است؛\n\nو همچنین سید ابن طاووس برای این روز، چهار رکعت نماز نقل کرده که هرکه می‌خواهد به کتاب «اقبال» مراجعه کند؛\n\nو در این روز، در سال پنجاه‌وهفت هجری به قولی ولادت امام باقر(علیه‌السلام) واقع شده، ولی مختار نویسنده در این مورد سوم صفر است."
        }
    }
}