{
    "242": {
        "number": 242,
        "bab": 2,
        "title": "اعمال روز بیست و پنجم ذی الحجه",
        "arabic": {
            "1": ""
        },
        "farsi": {
            "1": ""
        },
        "tozih": {
            "1": " روز بیست و پنجم که روز بس شریفی است و روزی است که سوره «هَل اَتی» در حق اهل‌بیت نازل شد برای اینکه سه روز روزه گرفتند و افطاری خود را به مسکین و یتیم و اسیر دادند و خود با آب افطار نمودند!\n\nو سزاوار است شیعیان اهل‌بیت در این ایام به ویژه در شب بیست‌وپنجم در دادن صدقه به مساکین و ایتام و سعی در اطعام ایشان و روزه داشتن این روز و پیروی از مولایان خود کنند.\n\nاز آنجا که بعضی از علما این روز را روز مباهله می‌دانند، مناسب است «زیارت جامعه» و «دعای مباهله» را نیز در این روز بخوانند. "
        }
    }
}