{
    "243": {
        "number": 243,
        "bab": 2,
        "title": "اعمال روز آخر ذی الحجه",
        "arabic": {
            "1": "اللّٰهُمَّ مَا عَمِلْتُ فِى هٰذِهِ السَّنَةِ مِنْ عَمَلٍ نَهَيْتَنِى عَنْهُ وَلَمْ تَرْضَهُ وَنَسِيتُهُ وَلَمْ تَنْسَهُ وَدَعَوْتَنِى إِلَى التَّوْبَةِ بَعْدَ اجْتِرائِى عَلَيْكَ ، اللّٰهُمَّ فَإِنِّى أَسْتَغْفِرُكَ مِنْهُ فَاغْفِرْ لِى ، وَمَا عَمِلْتُ مِنْ عَمَلٍ يُقَرِّبُنِى إِلَيْكَ فَاقْبَلْهُ مِنِّى ، وَلَا تَقْطَعْ رَجائِى مِنْكَ يَا كَرِيمُ.",
            "2": ""
        },
        "farsi": {
            "1": " خدایا، آنچه در این سال انجام دادم، از عملی که مرا از آن نهی کردی و به آن راضی نبودی و من آن را فراموش کردم، ولی تو فراموشش ننمودی و پس از گستاخی‌ام بر تو، مرا به توبه دعوت کردی، خدایا من از تو آمرزش می‌خواهم، پس مرا بیامرز و آنچه انجام دادم از عملی که به تو نزدیکم کند، از من قبول کن و امیدم را از خودت قطع مکن، ای کریم. "
        },
        "tozih": {
            "1": "[روز آخر ذی‌الحجه] آخرین روز سال عرب‌ها است. سید در کتاب «اقبال» براساس یک روایت ذکر کرده است که دو رکعت نماز بجا آورد و در هر رکعت سوره «حَمد» «یک مرتبه» و «ده مرتبه» «قُلْ هُوَ اللّٰهُ أَحَدٌ» و «ده مرتبه» «آیت‌الکرسی» را بخواند و پس از نماز بگوید: ",
            "2": "چون این را بگوید، شیطان فریاد می‌زند: وای بر من آنچه در این سال علیه او رنج بردم، همه را خراب کرد و سالی که گذشت برای او گواهی می‌دهد که سالش را ختم به خیر نمود."
        }
    }
}