{
    "250": {
        "number": 250,
        "bab": 2,
        "title": "روزه در ماه محرم",
        "arabic": {
            "1": ""
        },
        "farsi": {
            "1": ""
        },
        "tozih": {
            "1": " [از جمله اعمال روز اول ماه محرم] روزه گرفتن[است]؛ در روایت ریان بن شبیب از حضرت رضا(علیه‌السلام) روایت شده: هرکه در این روز، روزه بدارد و خدا را بخواند خدا دعای او را مستجاب کند، چنان‌که دعای زکرّیا را اجابت فرمود.\n\nشیخ طوسی فرموده: که روزه‌ی دهه اول محرم مستحب است ولی روز عاشورا تا بعد از عصر از خوراکی و آشامیدنی خودداری کند، آنگاه کمی تُربت بخورد و سید روایت کرده که روزه‌ی تمام این ماه فضیلت دارد و روزه‌ی آن، روزه‌دار را از هر گناهی حفظ می‌کند.\n\nعلامه مجلسی در «زاد المعاد» فرموده: بهتر آن است که روز نهم و دهم را روزه نگیرد، زیرا بنی‌امیه این دو روز را برای برکت و شماتت بر قتل آن حضرت روزه می‌داشتند و به دروغ، احادیث بسیار در فضیلت این دو روز و روزه آن‌ها را به حضرت رسول(صلی‌الله‌علیه‌وآله) نسبت داده‌اند و از طریق اهل‌بیت احادیث بسیاری در مذمّت روزه این دو روز به ویژه روز عاشورا وارد شده و نیز بنی‌امیه(علیهم اللعنه) برای برکت، آذوقه سال را در روز عاشورا ذخیره می‌نمودند!"
        }
    }
}