{
    "251": {
        "number": 251,
        "bab": 2,
        "title": "اعمال روز سوم ماه محرم",
        "arabic": {
            "1": ""
        },
        "farsi": {
            "1": ""
        },
        "tozih": {
            "1": "روزی است که حضرت یوسف از زندان آزاد شد، هرکه آن روز را روزه بگیرد، حق‌تعالی کارهای مشکل را بر او آسان کند و اندوه را از او برطرف سازد و در روایت نبوی آمده: دعایش اجابت شود."
        }
    }
}