{
    "262": {
        "number": 262,
        "bab": 2,
        "title": "روز اول ماه صفر",
        "arabic": {
            "1": ""
        },
        "farsi": {
            "1": ""
        },
        "tozih": {
            "1": " در سال سی‌وهفتم [در این روز] جنگ صفین درگرفت و در این روز در سال شصت‌ویکم به قولی سر مبارک حضرت سیدالشهدا را وارد دمشق کردند و بنی‌امیه آن روز را عید قرار دادند و آن روزی است که در آن غصّه‌ها تازه می‌شود.\nكانَتْ مآتِمُ بِالْعِراقِ تَعُدُّها\nأمَوِيَّةٌ بِالشَّامِ مِنْ أَعْيادِها\nدر عراق ماتم‌هایی بود که آن را به حساب آوردند\nبنی‌امیه در شام از عیدهای خود\nو در این روز و به قولى در روز سوم، در سال صدوبیست‌ویک زیدبن‌على شهید شد."
        }
    }
}