{
    "265": {
        "number": 265,
        "bab": 2,
        "title": "اعمال روز اربعین",
        "arabic": {
            "1": ""
        },
        "farsi": {
            "1": ""
        },
        "tozih": {
            "1": "روز بیستم که روز اربعین و به قول شیخ مفید و شیخ طوسی، روز بازگشت خانواده حضرت حسین(علیه‌السلام) از شام به مدینه و روز ورود جابر بن عبدالله انصاری به کربلا برای زیارت امام حسین(علیه‌السلام) است و جابر نخستین زائر آن حضرت پس از شهادت ایشان است و زیارت حضرت سید الشهدا در این روز مستحب است.\n\nاز حضرت عسگری(علیه‌السلام) روایت شده است که فرمودند:\nنشانه‌های مؤمن پنج چیز است: بجا آوردن پنجاه‌ویک رکعت نمازهای واجب و نافله در شب‌وروز، زیارت اربعین، انگشتر به دست راست نمودن و در سجده جبین را بر خاک گذاشتن و بلند گفتن «بِسْمِ اللّٰهِ الرَّحْمٰنِ الرَّحِیمِ»؛ شیخ در کتاب «تهذیب» و «مصباح» «زیارت خاص این روز» را از امام صادق (علیه‌السلام) نقل کرده که ما ان‌شاء‌الله در باب زیارات خواهیم آورد."
        }
    }
}