{
    "282": {
        "number": 282,
        "bab": 2,
        "title": "اعمال ماه جمادی ‌الآخر و چهار رکعت نماز آن",
        "arabic": {
            "1": "سُبْحَانَ اللَّهِ وَ الْحَمْدُ لِلَّهِ وَ لا إِلَهَ إِلا اللَّهُ وَ اللَّهُ أَكْبَرُ. ",
            "2": "اللَّهُمَّ صَلِّ عَلَى مُحَمَّدٍ وَ آلِ مُحَمَّدٍ.",
            "3": "اللَّهُمَّ اغْفِرْ لِلْمُؤْمِنِينَ وَ الْمُؤْمِنَاتِ.",
            "4": "يَا حَيُّ يَا قَيُّومُ، يَا ذَا الْجَلالِ وَ الْإِكْرَامِ، يَا اللَّهُ يَا رَحْمَانُ يَا رَحِيمُ، يَا أَرْحَمَ الرَّاحِمِينَ.",
            "5": "السَّلامُ عَلَيْكِ يَا سَيِّدَةَ نِسَاءِ الْعَالَمِينَ، السَّلامُ عَلَيْكِ يَا وَالِدَةَ الْحُجَجِ عَلَى النَّاسِ أَجْمَعِينَ، السَّلامُ عَلَيْكِ أَيَّتُهَا الْمَظْلُومَةُ الْمَمْنُوعَةُ حَقَّهَا ",
            "6": " اللَّهُمَّ صَلِّ عَلَى أَمَتِكَ وَ ابْنَةِ نَبِيِّكَ، وَ زَوْجَةِ وَصِيِّ نَبِيِّكَ، صَلاةً تُزْلِفُهَا فَوْقَ زُلْفَى عِبَادِكَ الْمُكَرَّمِينَ مِنْ أَهْلِ السَّمَاوَاتِ وَ أَهْلِ الْأَرَضِينَ.",
            "7": ""
        },
        "farsi": {
            "1": "منزّه است خدا و ستایش از آن اوست، معبودی جز او نیست و خدا بزرگ‌تر است.",
            "2": " خدایا بر محمّد و خاندان محمّد درود فرست.",
            "3": "خدایا مردان و زنان با ایمان را بیامرز.",
            "4": "ای زنده، ای پاینده، ای دارای بزرگی و شکوه، ای خدا، ای بخشنده، ای مهربان، ای مهربان‌ترین مهربانان.",
            "5": " سلام بر تو ای بانوی بانوان جهانیان، سلام بر تو ای مادر حجت‌های الهی بر همه مردم، سلام بر تو ای ستمدیده محروم گشته از حق خویش",
            "6": " خدایا درود فرست بر کنیزت و دختر پیامبرت و همسر جانشین پیامبرت، درودی که بر فراز جایگاه بندگان گرامی‌ات از اهل آسمان‌ها و زمین‌ها جایش دهد. "
        },
        "tozih": {
            "1": "سید ابن طاووس روایت کرده:\nمؤمن در این ماه هرگاه که خواهد، چهار رکعت نماز بجا آورد همراه با دو سلام که در رکعت اول پس از سوره «حَمد» «یک مرتبه» «آیت‌الکرسی» و «بیست‌وپنج مرتبه» سوره «قَدر» و در رکعت دوم پس از سوره «حمد» «یک مرتبه» سوره «أَلْهٰاکُمُ التَّکٰاثُرُ» و «بیست‌وپنج مرتبه» سوره «توحید» و در دو رکعت بعد، در رکعت اول پس از سوره «حَمد» «یک مرتبه» سوره «کافرون» و «بیست‌وپنج مرتبه» سوره «فلق» و در رکعت دوم پس از سوره «حَمد» «یک مرتبه» سوره «نصر» و «بیست‌وپنج مرتبه» سوره «ناس» و پس از سلام، «هفتاد مرتبه» بگوید:",
            "2": "و «هفتاد مرتبه»: ",
            "3": "آنگاه «سه مرتبه» بگوید: ",
            "4": "پس سر به سجده نهاده و «سه مرتبه» بگوید: ",
            "5": " سپس هر حاجت که دارد از خدا بخواهد؛ هرکه این عمل را بجا آورد، خدا خود و مال و زنان و فرزندان و دین و دنیایش را تا سال آینده حفظ می‌کند و اگر در این سال از دنیا برود بر حال شهادت رفته است، یعنی ثواب شهیدان را دارا می‌باشد.\n\nروز سوم جمادی ‌الآخر، وفات حضرت فاطمه(ع) و اعمال آن\nدر این روز در سال یازدهم وفات حضرت فاطمه(صلوات‌الله‌علیها) واقع شده و شیعیان باید در این روز، به مراسم سوگواری آن حضرت قیام کنند و آن مظلومه را زیارت و بر ظالمان و غاصبان حق او نفرین کنند.\n\nسید ابن طاووس در کتاب «اقبال» پس از ذکر وفات آن حضرت در این روز، این زیارت را برای آن بانوی بزرگ ذکر کرده:",
            "6": "پس بگو:",
            "7": "به تحقیق روایت شده: هرکه آن حضرت را به این شیوه زیارت کند و از خدا آمرزش بخواهد، حق‌تعالی گناهانش را بیامرزد و او را داخل بهشت کند.\n\nمؤلّف گوید: فرزند سید ابن طاووس هم این زیارت را در کتاب «روائد الفوائد» نقل کرده و گفته است که مختص به روز وفات آن حضرت یعنی سوم جمادی‌الآخر می‌باشد و کیفیت زیارت را به این طریق بیان فرموده:\n\nبجا می‌آوری نماز زیارت یا نماز خود آن حضرت را که دو رکعت است و در هر رکعت پس از سوره «حمد» «شصت مرتبه» سوره «توحید» و اگر نتوانستی در رکعت اول پس از سوره «حمد» سوره «توحید» و در رکعت دوم سوره «کافرون» را می‌خوانی و چون سلام دادی بگو: «السَّلامُ عَلَیْکِ..» تا آخر زیارت یاد شده.\n\nروز بیستم جمادی ‌الآخر، ولادت حضرت زهرا(ع) و اعمال آن\nدر این روز در سال پنجم یا دوم از بعثت، ولادت باسعادت حضرت فاطمه زهرا(سلام‌الله‌علیها) واقع شده و در آن انجام چند عمل شایسته است.\n\nاوّل:\nروزه گرفتن.\n\nدوّم:\nخیرات و صدقات به مؤمنان رساندن.\n\nسوم:\nزیارت نمودن آن بانوی دنیا و آخرت که کیفیت «زیارت آن حضرت»، پس از این خواهد آمد. "
        }
    }
}