{
    "284": {
        "number": 284,
        "bab": 2,
        "title": "اعمال روز بیستم جمادی ‌الآخر، روز ولادت حضرت فاطمه زهرا(س)",
        "arabic": {
            "1": ""
        },
        "farsi": {
            "1": ""
        },
        "tozih": {
            "1": "در این روز در سال پنجم یا دوم از بعثت، ولادت باسعادت حضرت فاطمه زهرا(سلام‌الله‌علیها) واقع شده و در آن انجام چند عمل شایسته است.\n\nاوّل:\nروزه گرفتن.\n\nدوّم:\nخیرات و صدقات به مؤمنان رساندن.\n\nسوم:\nزیارت نمودن آن بانوی دنیا و آخرت که کیفیت «زیارت آن حضرت»، پس از این خواهد آمد. "
        }
    }
}