{
    "29": {
        "number": 29,
        "bab": 2,
        "title": "اعمال روز نیمه رجب",
        "arabic": {
            "1": " اللّٰهُمَّ يَا مُذِلَّ كُلِّ جَبَّار ، وَيَا مُعِزَّ الْمُؤْمِنِينَ ، أَنْتَ كَهْفِى حِينَ تُعْيِينِى الْمَذاهِبُ ، وَأَنْتَ بارِئُ خَلْقِى رَحْمَةً بِى ، وَقَدْ كُنْتَ عَنْ خَلْقِى غَنِيّاً ، وَلَوْلا رَحْمَتُكَ لَكُنْتُ مِنَ الْهالِكِينَ ، وَأَنْتَ مُؤَيِّدِى بِالنَّصْرِ عَلَىٰ أَعْدائِى ، وَلَوْلا نَصْرُكَ إِيَّاىَ لَكُنْتُ مِنَ الْمَفْضُوحِينَ ، ",
            "2": " يَا مُرْسِلَ الرَّحْمَةِ مِنْ مَعادِنِها ، وَمُنْشِئَ الْبَرَكَةِ مِنْ مَواضِعِها ، يَا مَنْ خَصَّ نَفْسَهُ بِالشُّمُوخِ وَالرِّفْعَةِ فَأَوْلِياؤُهُ بِعِزِّهِ يَتَعَزَّزُونَ ، وَ يَا مَنْ وَضَعَتْ لَهُ الْمُلُوكُ نِيرَ الْمَذَلَّةِ عَلَىٰ أَعْناقِهِمْ فَهُمْ مِنْ سَطَواتِهِ خائِفُونَ ، أَسْأَلُك بِكَيْنُونِيَّتِكَ الَّتِى اشْتَقَقْتَها مِنْ كِبْرِيائِكَ ، وَأَسْأَلُك بِكِبْرِيائِكَ الَّتِى اشْتَقَقْتَها مِنْ عِزَّتِكَ ، وَأَسْأَلُك بِعِزَّتِكَ الَّتِى اسْتَوَيْتَ بِها عَلَىٰ عَرْشِكَ فَخَلَقْتَ بِها جَمِيعَ خَلْقِكَ فَهُمْ لَكَ مُذْعِنُونَ أَنْ تُصَلِّىَ عَلَىٰ مُحَمَّدٍ وَأَهْلِ بَيْتِهِ. ",
            "3": ""
        },
        "farsi": {
            "1": "  ای خوارکننده هر ستمگر سرکش، ای عزّت‌بخش مؤمنان، تویی پناهگاه من آن هنگام که دیدگاه‌ها و روش‌ها مرا عاجز سازند و تویی پدیدآورنده جسم و جانم از روی مهر و رحمت، درحالی‌که از آفریدن من بی‌نیاز بودی و اگر رحمت تو نبود هرآینه از هلاک شدگان بودم و تویی تأییدکننده من در پیروزی بر دشمنانم و اگر یاری تو نبود، هرآینه از رسواشدگان بودم،",
            "2": "ای فرستنده رحمت از سرچشمه‌هایش و پدیدآورنده برکت از جاهایش، ای آن‌که هستی‌اش را به نهایت بزرگی و بلندی خاص ساخته، پس دوستانش به عزت او عزیز می‌شوند، ای آن‌که پادشاهان در برابرش یوغ خواری بر گردن نهاده‌اند، در نتیجه از حملات انتقام‌جویانه‌اش در هراسند، از تو می‌خواهم به‌حق وجودت که آن را از کبریایت برون ساختی و از تو می‌خواهم به‌حق کبریایت که آن را از عزّتت برگرفتی و از تو می‌خواهم به‌حق عزّتت که با آن بر حکومت هستی چیره گشتی و با آن همه آفریدگانت را آفریدی، در نتیجه همه آنان بر هستی‌ات اعتراف دارند که بر محمّد و اهل‌بیتش درود فرستی. ",
            "3": ""
        },
        "tozih": {
            "1": " روز نیمه‌ی رجب، روز مبارکی است و در آن چند عمل مستحب است:\n\nاوّل:\nغسل کردن.\n\nدوّم:\nزیارت حضرت سید الشهداء(علیه‌السلام)، زیرا از ابن ابی نصر نقل‌شده که گفت: از حضرت رضا(علیه‌السلام) پرسیدم، امام حسین(علیه‌السلام) را در کدام ماه زیارت کنیم؟ فرمود: در نیمه رجب و تمام ماه شعبان.\n\nسوّم:\n«نماز سلمان» به کیفیتی که در اعمال روز اوّل گذشت.\n\nچهارم:\nچهار رکعت نماز بخواند و پس از سلام دست به دعا بردارد و بگوید: ",
            "2": "",
            "3": "روایت است: هر صاحب اندوهی این دعا را بخواند حق‌تعالی او را از اندوه و غم رهایی بخشد.\n\nپنجم:\n«عمل اُمّ داود» که مهم‌ترین اعمال این روز است و برای برآمدن حاجات و برطرف شدن سختی‌ها و دفع ستم ستمکاران بسیار موثّر است."
        }
    }
}