{
    "30": {
        "number": 30,
        "bab": 2,
        "title": "دعای ام داوود ",
        "arabic": {
            "1": "صَدَقَ اللّٰهُ الْعَظِيمُ الَّذِى لَاإِلٰهَ إِلّا هُوَ الْحَىُّ الْقَيُّومُ ذُوالْجَلالِ وَالْإِكْرامِ ، الرَّحْمٰنُ الرَّحِيمُ، الْحَلِيمُ الْكَرِيمُ ، الَّذِى لَيْسَ كَمِثْلِهِ شَىْءٌ وَهُوَ السَّمِيعُ الْعَلِيمُ ، الْبَصِيرُ الْخَبِيرُ ، ﴿شَهِدَ اللّٰهُ أَنَّهُ لَاإِلٰهَ إِلّا هُوَ وَالْمَلائِكَةُ وَأُولُو الْعِلْمِ قائِماً بِالْقِسْطِ لَا إِلٰهَ إِلّا هُوَ الْعَزِيزُ الْحَكِيمُ﴾ ، وَبَلَّغَتْ رُسُلُهُ الْكِرامُ وَأَنَا عَلَىٰ ذٰلِكَ مِنَ الشَّاهِدِينَ؛ ",
            "2": "اللّٰهُمَّ لَكَ الْحَمْدُ ، وَلَكَ الْمَجْدُ ، وَلَكَ الْعِزُّ ، وَلَكَ الْفَخْرُ  ، وَلَكَ الْقَهْرُ ، ولَكَ النِّعْمَةُ ، وَلَكَ الْعَظَمَةُ ، وَلَكَ الرَّحْمَةُ ، وَلَكَ الْمَهابَةُ ، وَلَكَ السُّلْطانُ ، وَلَكَ الْبَهاءُ ، وَلَكَ الامْتِنانُ ، وَلَكَ التَّسْبِيحُ ، وَلَكَ التَّقْدِيسُ ، وَلَكَ التَّهْلِيلُ ، وَلَكَ التَّكْبِيرُ ، وَلَكَ مَا يُرىٰ ، وَلَكَ مَا لا يُرىٰ ، وَلَكَ مَا فَوْقَ السَّماواتِ الْعُلىٰ ، وَلَكَ مَا تَحْتَ الثَّرىٰ ، وَلَكَ الْأَرَضُونَ السُّفْلىٰ، وَلَكَ الْآخِرَةُ وَالْأُولىٰ ، وَلَكَ مَا تَرْضىٰ بِهِ مِنَ الثَّناءِ وَالْحَمْدِ وَالشُّكْرِ وَالنَّعْماءِ .",
            "3": " اللّٰهُمَّ صَلِّ عَلَىٰ جَبْرَئِيلَ أَمِينِكَ عَلَىٰ وَحْيِكَ ، وَالْقَوِيِّ عَلَىٰ أَمْرِكَ ، وَالْمُطاعِ فِى سَمَاوَاتِكَ وَمَحالِّ كَراماتِكَ ، الْمُتَحَمِّلِ لِكَلِماتِكَ ، النَّاصِرِ لِأَنْبِيائِكَ ، الْمُدَمِّرِ لِأَعْدائِكَ؛ اللّٰهُمَّ صَلِّ عَلَىٰ مِيكائِيلَ مَلَكِ رَحْمَتِكَ ، وَالْمَخْلُوقِ لِرَأْفَتِكَ ، وَالْمُسْتَغْفِرِ الْمُعِينِ لِأَهْلِ طاعَتِكَ .  ",
            "4": "اللّٰهُمَّ صَلِّ عَلَىٰ إِسْرافِيلَ حامِلِ عَرْشِكَ ، وَصاحِبِ الصُّوْرِ الْمُنْتَظِرِ لِأَمْرِكَ ، الْوَجِلِ الْمُشْفِقِ مِنْ خِيفَتِكَ . اللّٰهُمَّ صَلِّ عَلَىٰ حَمَلَةِ الْعَرْشِ الطَّاهِرِينَ ، وَعَلَى السَّفَرَةِ الْكِرامِ الْبَرَرَةِ الطَّيِّبِينَ ، وَعَلَىٰ مَلائِكَتِكَ الْكِرامِ الْكاتِبِينَ ، وَعَلَىٰ مَلائِكَةِ الْجِنانِ ، وَخَزَنَةِ النِّيرانِ ، وَمَلَكِ الْمَوْتِ وَالْأَعْوانِ ، يَا ذَا الْجَلالِ وَالْإِكْرامِ.",
            "5": "اللّٰهُمَّ صَلِّ عَلَىٰ أَبِينا آدَمَ بَدِيعِ فِطْرَتِكَ الَّذِى كَرَّمْتَهُ بِسُجُودِ مَلائِكَتِكَ ، وَأَبَحْتَهُ جَنَّتَكَ . اللّٰهُمَّ صَلِّ عَلَىٰ أُمِّنا حَوّاءَ ، الْمُطَهَّرَةِ مِنَ الرِّجْسِ ، الْمُصَفَّاةِ مِنَ الدَّنَسِ، الْمُفَضَّلَةِ مِنَ الْإِنْسِ ، الْمُتَرَدِّدَةِ بَيْنَ مَحالِّ الْقُدْسِ؛ ",
            "6": "اللّٰهُمَّ صَلِّ عَلَىٰ هابِيلَ وَشَيْثٍ وَ إِدْرِيسَ وَنُوحٍ وَهُودٍ وَصالِحٍ وَ إِبْراهِيمَ وَ إِسْماعِيلَ وَ إِسْحاقَ وَيَعْقُوبَ وَيُوسُفَ وَالْأَسْباطِ وَلُوطٍ وَشُعَيْبٍ وَأَيُّوْبَ وَمُوسىٰ وَهارُونَ وَيُوشَعَ وَمِيشا وَالْخِضْرِ وَذِى الْقَرْنَيْنِ وَيُونُسَ وَ إِلْياسَ وَالْيَسَعَ وَذِى الْكِفْلِ وَطالُوتَ وَداوُدَ وَسُلَيْمانَ وَزَكَرِيَّا وَشَعْيا وَيَحْيىٰ وَتُورَخَ وَمَتّى وَ إِرْمِيا وَحَيْقُوقَ وَدانِيالَ وَعُزَيْرٍ وَعِيسىٰ وَشَمْعُونَ وَجِرْجِيسَ وَالْحَوارِيِّينَ وَالْأَتْباعِ وَخالِدٍ وَحَنْظَلَةَ وَلُقْمانَ؛ ",
            "7": "اللّٰهُمَّ صَلِّ عَلَىٰ مُحَمَّدٍ وَآلِ مُحَمَّدٍ ، وَارْحَمْ مُحَمَّداً وَآلَ مُحَمَّدٍ ، وَبارِكْ عَلَىٰ مُحَمَّدٍ وَآلِ مُحَمَّدٍ كَما صَلَّيْتَ وَرَحِمْتَ وَبارَكْتَ عَلَىٰ إِبْراهِيمَ وَآلِ إِبْراهِيمَ ، إِنَّكَ حَمِيدٌ مَجِيدٌ . اللّٰهُمَّ صَلِّ عَلَى الْأَوْصِياءِ وَالسُّعَداءِ وَالشُّهَداءِ وَأَئِمَّةِ الْهُدىٰ؛ ",
            "8": "اللّٰهُمَّ صَلِّ عَلَى الْأَبْدالِ وَالْأَوْتادِ وَالسُّيَّاحِ وَالْعُبَّادِ وَالْمُخْلِصِينَ وَالزُّهَّادِ وَأَهْلِ الْجِدِّ وَالاجْتِهادِ ، وَاخْصُصْ مُحَمَّداً وَأَهْلَ بَيْتِهِ بِأَفْضَلِ صَلَواتِكَ ، وَأَجْزَلِ كَراماتِكَ ، وَبَلِّغْ رُوحَهُ وَجَسَدَهُ مِنِّى تَحِيَّةً وَسَلاماً ، وَزِدْهُ فَضْلاً وَشَرَفاً وَكَرَماً حَتّىٰ تُبَلِّغَهُ أَعْلىٰ دَرَجاتِ أَهْلِ الشَّرَفِ مِنَ النَّبِيِّينَ وَالْمُرْسَلِينَ وَالْأَفاضِلِ الْمُقَرَّبِينَ ،",
            "9": "  اللّٰهُمَّ وَصَلِّ عَلَىٰ مَنْ سَمَّيْتُ وَمَنْ لَمْ أُسَمِّ مِنْ مَلائِكَتِكَ وَأَنْبِيائِكَ وَرُسُلِكَ وَأَهْلِ طاعَتِكَ ، وَأَوْصِلْ صَلَواتِى إِلَيْهِمْ وَ إِلىٰ أَرْواحِهِمْ وَاجْعَلْهُمْ إِخْوانِى فِيكَ ، وَأَعْوانِى عَلَىٰ دُعائِكَ .  ",
            "10": "اللّٰهُمَّ إِنِّى أَسْتَشْفِعُ بِكَ إِلَيْكَ ، وَبِكَرَمِكَ إِلىٰ كَرَمِكَ ، وَبِجُودِكَ إِلىٰ جُودِكَ ، وَبِرَحْمَتِكَ إِلىٰ رَحْمَتِكَ ، وَبِأَهْلِ طاعَتِكَ إِلَيْكَ؛ وَأَسْأَلُك اللّٰهُمَّ بِكُلِّ ما سَأَلَكَ بِهِ أَحَدٌ مِنْهُمْ مِنْ مَسْأَلَةٍ شَرِيفَةٍ غَيْرِ مَرْدُودَةٍ ، وَبِما دَعَوْكَ بِهِ مِنْ دَعْوَةٍ مُجابَةٍ غَيْرِ مُخَيَّبَةٍ ،",
            "11": " يَا اللّٰهُ يَا رَحْمٰنُ يَا رَحِيمُ يَا حَلِيمُ يَا كَرِيمُ يَا عَظِيمُ يَا جَلِيلُ يَا مُنِيلُ يَا جَمِيلُ يَا كَفِيلُ يَا وَكِيلُ يَا مُقِيلُ يَا مُجِيرُ يَا خَبِيرُ يَا مُنِيرُ يَا مُبِيرُ يَا مَنِيعُ يَا مُدِيلُ يَا مُحِيلُ يَا كَبِيرُ يَا قَدِيرُ يَا بَصِيرُ يَا شَكُورُ يَا بَرُّ يَا طُهْرُ يَا طاهِرُ يَا قاهِرُ يَا ظاهِرُ يَا باطِنُ يَا ساتِرُ ",
            "12": "يَا مُحِيطُ يَا مُقْتَدِرُ يَا حَفِيظُ يَا مُتَجَبِّرُ يَا قَرِيبُ يَا وَدُودُ يَا حَمِيدُ يَا مَجِيدُ يَا مُبْدِئُ يَا مُعِيدُ يَا شَهِيدُ يَا مُحْسِنُ يَا مُجْمِلُ يَا مُنْعِمُ يَا مُفْضِلُ يَا قابِضُ يَا باسِطُ يَا هادِى؛ ",
            "13": "يَا مُرْسِلُ يَا مُرْشِدُ يَا مُسَدِّدُ يَا مُعْطِى يَا مانِعُ يَا دافِعُ يَا رافِعُ يَا باقِى يَا واقِى يَا خَلَّاقُ يَا وَهَّابُ يَا تَوَّابُ يَا فَتَّاحُ يَا نَفَّاحُ يَا مُرْتاحُ يَا مَنْ بِيَدِهِ كُلُّ مِفْتاحٍ يَا نَفَّاعُ يَا رَؤُوفُ يَا عَطُوفُ يَا كافِى يَا شافِى يَا مُعافِى يَا مُكافِى يَا وَفِىُّ يَا مُهَيْمِنُ يَا عَزِيزُ يَا جَبّارُ يَا مُتَكَبِّرُ ",
            "14": "يَا سَلامُ يَا مُؤْمِنُ يَا أَحَدُ يَا صَمَدُ يَا نُورُ يَا مُدَبِّرُ يَا فَرْدُ يَا وِتْرُ يَا قُدُّوسُ يَا ناصِرُ يَا مُؤْ نِسُ يَا باعِثُ يَا وارِثُ يَا عالِمُ يَا حاكِمُ يَا بادِى يَا مُتَعالِى يَا مُصَوِّرُ يَا مُسَلِّمُ يَا مُتَحَبِّبُ يَا قائِمُ يَا دائِمُ يَا عَلِيمُ يَا حَكِيمُ يَا جَوادُ يَا بارِئُ يَا بارُّ يَا سارُّ يَا عَدْلُ يَا فاصِلُ يَا دَيَّانُ يَا حَنَّانُ يَا مَنَّانُ؛ ",
            "15": "يَا سَمِيعُ يَا بَدِيعُ يَا خَفِيرُ يَا مُعِينُ  يَا ناشِرُ يَا غافِرُ يَا قَدِيمُ يَا مُسَهِّلُ يَا مُيَسِّرُ يَا مُمِيتُ يَا مُحْيِى يَا نافِعُ يَا رازِقُ يَا مُقْتَدِرُ  يَا مُسَبِّبُ يَا مُغِيثُ يَا مُغْنِى يَا مُقْنِى يَا خالِقُ يَا راصِدُ يَا واحِدُ يَا حاضِرُ يَا جابِرُ يَا حافِظُ يَا شَدِيدُ يَا غِياثُ يَا عائِدُ يَا قابِضُ ",
            "16": "يَا مَنْ عَلا فَاسْتَعْلىٰ فَكانَ بِالْمَنْظَرِ الْأَعْلىٰ قَرُبَ فَدَنا ، وَبَعُدَ فَنَأَىٰ ، وَعَلِمَ السِّرَّ وَأَخْفىٰ ، يَا مَنْ إِلَيْهِ التَّدْبِيرُ وَلَهُ الْمَقادِيرُ ، وَيا مَنِ الْعَسِيرُ عَلَيْهِ سَهْلٌ يَسِيرٌ ، يَا مَنْ هُوَ عَلَىٰ مَا يَشاءُ قَدِيرٌ ، يَا مُرْسِلَ الرِّياحِ ، يَا فالِقَ الْإِصْباحِ ، يَا باعِثَ الْأَرْواحِ ، يَا ذَا الْجُودِ وَالسَّماحِ ، يَا رادَّ مَا قَدْ فاتَ ، يَا ناشِرَ الْأَمْواتِ ، يَا جامِعَ الشَّتاتِ؛",
            "17": "يَا رازِقَ مَنْ يَشاءُ بِغَيْرِ حِسابٍ ، وَيا فاعِلَ  مَا يَشاءُ كَيْفَ يَشاءُ ، وَيا ذَا الْجَلالِ وَالْإِكْرامِ ، يَا حَىُّ يَا قَيُّومُ ، يَا حَيّاً حِينَ لا حَىَّ ، يَا حَىُّ يَا مُحْيِىَ الْمَوْتىٰ ، يَا حَىُّ لَاإِلٰهَ إِلّا أَنْتَ بَدِيعُ السَّماواتِ وَالْأَرْضِ . ",
            "18": "يَا إِلٰهِى وَسَيِّدِى  صَلِّ عَلَىٰ مُحَمَّدٍ وَآلِ مُحَمَّدٍ ، وَارْحَمْ مُحَمَّداً وَآلَ مُحَمَّدٍ ، وَبارِكْ عَلَىٰ مُحَمَّدٍ وَآلِ مُحَمَّدٍ ، كَما صَلَّيْتَ وَبارَكْتَ وَرَحِمْتَ  عَلَىٰ إِبْراهِيمَ وَآلِ إِبْراهِيمَ ، إِنَّكَ حَمِيدٌ مَجِيدٌ ، وَارْحَمْ ذُلِّى وَفاقَتِى وَفَقْرِى وَانْفِرادِى وَوَحْدَتِى ، وَخُضُوعِى بَيْنَ يَدَيْكَ ، وَاعْتِمادِى عَلَيْكَ ، وَتَضَرُّعِى إِلَيْكَ؛",
            "19": "أَدْعُوكَ دُعاءَ الْخاضِعِ الذَّلِيلِ الْخاشِعِ الْخائِفِ الْمُشْفِقِ الْبائِسِ الْمَهِينِ الْحَقِيرِ الْجائِعِ الْفَقِيرِ الْعائِذِ الْمُسْتَجِيرِ الْمُقِرِّ بِذَنْبِهِ ، الْمُسْتَغْفِرِ مِنْهُ ، الْمُسْتَكِينِ لِرَبِّهِ ، دُعاءَ مَنْ أَسْلَمَتْهُ ثِقَتُهُ  وَرَفَضَتْهُ أَحِبَّتُهُ ، وَعَظُمَتْ فَجِيعَتُهُ ، دُعاءَ حَرِقٍ حَزِينٍ ضَعِيفٍ مَهِينٍ بائِسٍ مُسْتَكِينٍ بِكَ مُسْتَجِيرٍ . ",
            "20": "اللّٰهُمَّ وَأَسْأَلُك بِأَنَّكَ مَلِيكٌ وَأَنَّكَ مَا تَشاءُ مِنْ أَمْرٍ يَكُونُ ، وَأَنَّكَ عَلَىٰ مَا تَشاءُ قَدِيرٌ . وَأَسْأَلُك بِحُرْمَةِ هٰذَا الشَّهْرِ الْحَرامِ ، وَالْبَيْتِ الْحَرامِ ، وَالْبَلَدِ الْحَرامِ ، وَالرُّكْنِ وَالْمَقامِ ، وَالْمَشاعِرِ الْعِظامِ ، وَبِحَقِّ نَبِيِّكَ مُحَمَّدٍ عَلَيْهِ وَآلِهِ السَّلامُ؛",
            "21": "يَا مَنْ وَهَبَ لِآدَمَ شَيْثاً ، وَلِإِ بْراهِيمَ إِسْماعِيلَ وَ إِسْحاقَ ، وَيَا مَنْ رَدَّ يُوسُفَ عَلَىٰ يَعْقُوبَ ، وَيا مَنْ كَشَفَ بَعْدَ الْبَلاءِ ضُرَّ أَيُّوْبَ ، يَا رادَّ مُوسىٰ عَلَىٰ أُمِّهِ ، وَزائِدَ الْخِضْرِ فِى عِلْمِهِ ، وَيا مَنْ وَهَبَ لِداوُدَ سُلَيْمانَ ، وَلِزَكَرِيَّا يَحْيىٰ ، وَ لِمَرْيَمَ عِيسىٰ ، يَا حافِظَ بِنْتِ شُعَيْبٍ ، وَيا كافِلَ وَلَدِ أُمِّ مُوسىٰ  أَسْأَلُك أَنْ تُصَلِّىَ عَلَىٰ مُحَمَّدٍ وَآلِ مُحَمَّدٍ وَأَنْ تَغْفِرَ لِى ذُنُوبِى كُلَّها ، وَتُجِيرَنِى مِنْ عَذابِكَ ، وَتُوجِبَ لِى رِضْوانَكَ وَأَمانَكَ وَ إِحْسانَكَ وَغُفْرانَكَ وَجِنانَكَ . ",
            "22": "وَأَسْأَلُك أَنْ تَفُكَّ عَنِّى كُلَّ حَلْقَةٍ بَيْنِى وَبَيْنَ مَنْ يُؤْذِينِى؛ وَتَفْتَحَ لِى كُلَّ بابٍ ، وَتُلَيِّنَ لِى كُلَّ صَعْبٍ ، وَتُسَهِّلَ لِى كُلَّ عَسِيرٍ ، وَتُخْرِسَ عَنِّى كُلَّ ناطِقٍ بِشَرٍّ ، وَتَكُفَّ عَنِّى كُلَّ باغٍ ، وَتَكْبِتَ عَنِّى كُلَّ عَدُوٍّ لِى وَحاسِدٍ ، وَتَمْنَعَ مِنِّى كُلَّ ظالِمٍ ، وَتَكْفِيَنِى كُلَّ عائِقٍ يَحُولُ بَيْنِى وَبَيْنَ حاجَتِى وَيُحاوِلُ أَنْ يُفَرِّقَ بَيْنِى وَبَيْنَ طاعَتِكَ وَيُثَبِّطَنِى عَنْ عِبادَتِكَ . ",
            "23": "يَا مَنْ أَلْجَمَ الْجِنَّ الْمُتَمَرِّدِينَ ، وَقَهَرَ عُتاةَ الشَّياطِينِ ، وَأَذَلَّ رِقابَ الْمُتَجَبِّرِينَ ، وَرَدَّ كَيْدَ الْمُتَسَلِّطِينَ عَنِ الْمُسْتَضْعَفِينَ، أَسْأَلُك بِقُدْرَتِكَ عَلَىٰ مَا تَشاءُ ، وَتَسْهِيلِكَ لِما تَشاءُ كَيْفَ تَشاءُ أَنْ تَجْعَلَ قَضاءَ حاجَتِى فِيما تَشاءُ. ",
            "24": "اللّٰهُمَّ لَكَ سَجَدْتُ ، وَبِكَ آمَنْتُ ، فَارْحَمْ ذُلِّي وَفاقَتِي وَاجْتِهادِي وَتَضَرُّعِي وَمَسْكَنَتِي وَفَقْرِي إِلَيْكَ يَا رَبِّ.",
            "25": ""
        },
        "farsi": {
            "1": "راست فرمود خدای بزرگ که معبودی جز او نیست، خدای زنده و به خود پاینده، دارای بزرگی و بزرگواری، مهربان و بخشنده، بردبار و کریم که چیزی همانند او نیست و او شنوای دانای بینای آگاه است، گواهی داد خدا، خدایی که معبودی جز او نیست و فرشتگان و صاحبان دانش هم گواهان وحدانیت اویند و اینکه بر پا دارنده عدالت است، معبودی جز او که عزیز حکیم است، نیست و پیامبران بزرگوارش این حقیقت را به مردم رساندند و من بر این واقعیت از گواهانم؛  ",
            "2": "خدایا! تنها برای توست، سپاس و بزرگواری و عزّت و افتخار و چیرگی و نعمت و عظمت و رحمت و هیبت و سلطنت و زیبایی و نعمت‌بخشی و تنزیه و تقدیس و یکتایی و بزرگی و دیدنی‌ها و نادیدنی‌ها و آنچه بر فراز آسمان‌های بلند است و آنچه در اعماق زمین است و زمین‌های فروتر و آخرت و دنیا و آنچه به آن خشنود شوی از ثنا و ستایش و سپاس و نعمت‌ها،",
            "3": "خدایا! بر جبرئیل درود فرست، آن فرشته امین بر وحی‌ات و نیرومند بر انجام فرمانت و فرمان‌بردار در آسمان‌ها و جایگاه‌های کراماتت، حمل کننده کلماتت، یاور پیامبرانت، نابود کننده دشمنانت؛ خدایا، بر میکائیل درود فرست آن فرشته رحمتت، آفریده برای نمایش رأفتت و آمرزش‌خواه و یاور اهل طاعتت، ",
            "4": "خدایا! بر اسرافیل درود فرست، آن فرشته حمل‌کننده عرشت و صاحب صور (شیپور) قیامت، آن چشم به راه فرمانت، اندیشناک و بیمناک از هراست، خدایا درود فرست بر حاملان عرش، آن حاملان پاک نهاد و بر سفیران بزرگوار، آن نیکان پاکیزه و بر فرشتگانت آن بزرگواران نویسنده اعمال بندگان و بر فرشتگان بهشت و گماشتگان بر دوزخ و فرشته مرگ و یارانش، ای صاحب عظمت و بزرگواری،",
            "5": " خدایا! درود فرست بر پدرمان آدم، پدیده آفرینشت که او را گرامی داشتی با سجده فرشتگانت و بهشت را به او بخشیدی، خدایا! بر مادرمان حوّا درود فرست، آن پاکیزه از پلیدی و صفا یافته از چرکی و برتر از آدمیان و گردش کننده در جایگاه‌های مقدّس؛ ",
            "6": "خدایا! درود فرست بر هابیل و شیث و ادریس و نوح و هود و صالح و ابراهیم و اسماعیل و اسحاق و یعقوب و یوسف و اسباط و لوط و شعیب و ایوب و موسی و هارون و یوشع و میشا و خضر و ذی القرنین و یونس و الیاس و یسع و ذی الکفل و طالوت و داود و سلیمان و زکرّیا و شعیا و یحیی و تورخ و متی و ارمیا و حیقوق و دانیال و عُزَیر و عیسی و شمعون و جرجیس و حواریون و پیروان و خالد و حنظله و لقمان؛  ",
            "7": " خدایا! بر محمّد و خاندان محمّد درود فرست و بر محمّد و خاندان محمّد رحمت فرست و بر محمّد و خاندان محمّد برکت فرست، آن‌چنان‌که درود و رحمت و برکت بر ابراهیم و خاندان ابراهیم فرستادی، به‌حقیقت تویی ستوده و بزرگوار، خدایا! درود فرست بر اوصیاء و سعادتمندان و شهیدان و امامان هدایتگر؛ ",
            "8": " خدایا! درود فرست بر ابدال و اوتاد و جهانگردان و عبادت‌کنندگان و مخلصان و پارسایان و اهل کوشش و تلاش و محمّد و اهل‌بیتش را خاص گردان به برترین درودهایت و بزرگ‌ترین کراماتت و بر روح و جسمش از سوی من تحیت و سلام رسان و او را آن‌چنان فضل و شرف و کرامت بیافزایی که او را به بالاترین درجات اهل شرف از پیامبران و فرستادگان و برترین بندگان مقربّت برسانی،",
            "9": " خدایا! درود فرست بر آن‌که نام بردم و بر آن‌که نام نبردم از فرشتگانت و پیامبرانت و رسولانت و اهل طاعتت و درودهایم را بر ایشان و بر ارواحشان برسان و آنان را برادرانم در آستانت و یارانم بر دعایت قرار بده، ",
            "10": "خدایا! شفاعت می‌جویم از تو به‌سوی تو و از کرمت به‌سوی کرمت و از جودت به‌سوی جودت و از رحمتت به‌سوی رحمتت و از اهل طاعتت به سویت؛ و از تو می‌خواهم تمام آنچه را که یکی از بندگان شایسته‌ات از تو درخواست کرده، درخواست شرافت افزایی که مردود نشده و می‌خوانمت به آنچه تو را بدان خوانده‌اند، خواندنی که اجابت شده و به نومیدی نرسیده،",
            "11": " ای خدا، ای بخشنده، ای مهربان، ای بردبار، ای کریم، ای بزرگ، ای باشکوه، ای بخشنده، ای زیبا، ای سرپرست، ای کارگشا، ای برگیرنده لغزش‌ها، ای پناه ده، ای آگاه، ای روشنی‌بخش، ای نابودکننده، ای والا مقام، ای چرخاننده، ای دگرگون‌ساز، ای بزرگ، ای توانا، ای بینا، ای ستایش‌پذیر، ای نیکوکردار، ای پاکی، ای پاک، ای چیره، ای پیدا، ای پنهان،",
            "12": "ای پرده‌پوش، ای فراگیر، ای توانمند، ای نگهبان، ای بزرگ‌منش، ای نزدیک، ای مهرورز، ای ستوده، ای بزرگوار، ای آغازگر، ای بازگرداننده، ای گواه، ای احسان کننده، ای زیبایی‌بخش، ای عطا بخش، ای فزونی‌بخش، ای گیرنده، ای دهنده، ای هدایت‌گر؛ ",
            "13": "ای فرستنده، ای ارشاد کننده، ای استوارساز، ای عطا کننده، ای منع کننده، ای دفع کننده، ای بلندی‌بخش، ای همیشگی، ای نگهدار، ای آفریننده، ای بسیار بخشنده، ای توبه‌پذیر، ای کارگشا، ای فراوان‌دهنده، ای نشاط آفرین، ای آن‌که هر کلیدی به دست اوست، ای بسیار سود رسان، ای مهرورز، ای عطوف، ای بسنده، ای شفابخش، ای عافیت‌بخش، ای پاداش‌دهنده، ای وفاکننده، ای سلطه‌گر، ای با عزّت، ای جبران‌کننده، ای بزرگ‌منش، ",
            "14": "ای سلام، ای ایمنی‌بخش، ای یکتا، ای بی‌نیاز، ای نور، ای تدبیرگر، ای فرد، ای تک، ای قدوس، ای یاور، ای همدم، ای برانگیزنده، ای وارث، ای دانا، ای فرمان‌ده، ای آغازگر، ای برتر، ای صورتگر، ای سلامتی‌بخش، ای دوستی‌ورز، ای پایدار، ای همیشه، ای دانا، ای فرزانه، ای بخشنده، ای آفریننده، ای نیکوکار، ای شادی‌افزا، ای دادگر، ای داور، ای جزا دهنده، ای پرمهر، ای منّت‌گذار؛ ",
            "15": "ای شنوا، ای پدیدآور، ای پشتیبان، ای یاور، ای زندگی‌بخش مردگان، ای آمرزنده، ای دیرینه، ای آسانی‌بخش، ای هموار کننده، ای میراننده، ای زنده کننده، ای سودبخش، ای روزی بخش، ای قدرتمند، ای سبب‌ساز، ای فریادرس، ای بی‌نیازکننده، ای دارایی‌بخش، ای آفریننده، ای در کمین، ای یگانه، ای حاضر، ای جبران کننده، ای نگهدار، ای استوار، ای فریادرس، ای بازگرداننده، ای گیرنده،",
            "16": " ای که بلندی جست و بر فراز آمد، پس در چشم انداز برتر جای گرفت، ای آن‌که نزدیک شد پس در کنار آمد و دور شد پس نایافتنی شد و نهان و ناپیداتر را دانست، ای آن‌که تدبیر امور با اوست و اندازه‌ها به دست او، ای آن‌که هر دشواری بر او سهل و آسان است، ای آن‌که بر هرچه بخواهد تواناست، ای فرستنده بادها، ای پدیدآورنده روشنی بامداد، ای برانگیزنده ارواح، ای صاحب جود و بخشش، ای بازگرداننده آنچه از دست رفته، ای زنده کننده مردگان، ای گردآورنده پراکنده‌ها؛",
            "17": " ای روزی‌بخش بی‌حساب به هرکه خواهی، ای انجام‌دهنده آنچه خواهی هرگونه که خواهی، ای صاحب بزرگی و بزرگواری، ای زنده‌ی به خود پاینده، ای زنده آنگاه که نباشد زنده، ای زنده کننده مردگان، ای زنده‌ای که معبودی جز تو نیست، پدیدآورنده آسمان‌ها و زمین،",
            "18": " ای خدای من و آقای من، بر محمّد و خاندان محمّد درود فرست و بر محمّد و خاندان محمّد رحمت فرست و بر محمّد و خاندان محمّد برکت فرست، آن‌چنان‌که درود و برکت و رحمت خویش را بر ابراهیم و خاندان ابراهیم فرستادی، به یقین که ستوده و بزرگواری و رحمت آر بر خواری و نداری و تهیدستی من و بر تک بودن و تنهایی و فروتنی من در برابرت و بر اعتمادم بر تو و زاری‌ام به درگاهت؛ ",
            "19": " تو را می‌خوانم، خواندن آن فروتن خوار خاشع ترسان بیمناک بینوای پست ناچیز گرسنه نادار پناهنده‌ی پناه‌جوی، معترف به گناه، آمرزش‌خواه از گناه، درمانده به درگاه پروردگارش، می‌خوانمت خواندن آن‌که معتمدانش او را واگذاشته‌اند و دوستانش او را ترک گفته‌اند و درد جانکاهش بزرگ شده، می‌خوانمت خواندن آن دل‌سوخته غمگین ناتوان بی‌مقدار بی‌نوای درمانده پناه‌جو،",
            "20": " خدایا! از تو درخواست می‌کنم به‌حق اینکه فرمانروایی و آنچه بخواهی می‌شود و بر آنچه بخواهی توانایی و از تو درخواست می‌کنم به احترام این ماه محترم و خانه محترم و شهر محترم و رکن و مقام و مشاعر بزرگ و به‌حق پیامبرت محمّد که بر او و خاندانش سلام؛ ",
            "21": "ای آن‌که به آدم شیث را بخشید و به ابراهیم اسماعیل و اسحاق را و ای آن‌که یوسف را به یعقوب بازگرداند و ای آن‌که بدحالی ایوب را پس از آزمون برطرف ساخت، ای بازگرداننده موسی به مادرش و فزونی‌بخش دانش خضر، ای آن‌که سلیمان را به داود بخشید و یحیی را به زکریا و عیسی را به مریم، ای نگهدار دختر شعیب، ای سرپرست فرزند مادر موسی، از تو می‌خواهم بر محمّد و خاندان محمّد درود فرستی و همه گناهان مرا بیامرزی و از عذابت پناهم دهی و مرا مستوجب خشنودی و ایمنی و احسان و آمرزش و بهشت خویش قرار دهی ",
            "22": " و از تو درخواست می‌کنم هر حلقه‌ای که میان من و آزاردهنده من است باز کنی؛ و هر دری را برایم باز کنی و هر سختی را برایم آسان نمایی و هر مشکلی را برایم هموار کنی و زبان هر بدگوی از من را ناگویا سازی و هر متجاوزی را از من بازداری و هر دشمن و حسود بر من را نابود نمایی و هر ستمگری را از من بازداری و مرا از هر مانعی که بین من و حاجتم حائل می‌شود و می‌خواهد بین من و طاعتت جدایی اندازد و از عبادتت بازدارد کفایت فرمایی،",
            "23": " ای آن‌که پریان سرکش را مهار نمودی و شیاطین متکبّر را مقهور ساختی و گردن گردنکشان را به خاک ذلّت افکندی و بداندیشی چیره‌جویان را از مستضعفان بازگرداندی، از تو می‌خواهم با قدرتت بر هرچه می‌خواهی و آسان نمودنت هرچه را بخواهی به هرگونه که بخواهی اینکه برآوردن حاجتم را در زمره آنچه می‌خواهی قرار دهی. ",
            "24": "خدایا! برای تو سجده کردم و به تو ایمان آوردم، پس رحمت آور بر خواری‌ام و تنگدستی‌ام و کوششم و زاری‌ام و درماندگی‌ام و نیازم به سویت ای پروردگار من. ",
            "25": ""
        },
        "tozih": {
            "1": "عمل اُمّ داوود مهم‌ترین اعمال این روز [نیمه‌ی رجب] است و برای برآمدن حاجات و برطرف شدن سختی‌ها و دفع ستم ستمکاران بسیار مؤثّر است؛ و کیفیت آن بنابر آنچه در کتاب «مصباح» شیخ آمده چنین است:\n\nچون بخواهد این عمل را بجا آورد، روزهای سیزدهم، چهاردهم و پانزدهم را روزه بدارد، سپس در روز پانزدهم هنگام ظهر غسل کند و چون وقت ظهر داخل گردد، نماز ظهر و عصر را با رکوع و سجود نیکو در جایی خلوت بجا آورد که چیزی او را مشغول نکند و کسی با او سخن نگوید.\n\nچون از نماز فراغت یابد، رو به‌جانب قبله کند و سوره «حمد» را «صد مرتبه» و سوره «توحید» را نیز «صد مرتبه» و «آیت‌الکرسی» را «ده مرتبه» بخواند و بعد از این‌ها قرائت کند سوره‌های «انعام، بنی‌اسرائیل (اسراء)، کهف، لقمان، یس، صافات، حم سجده، حم عسق، حم دخان، فتح، واقعه، ملک، ن، اذَا السَّماءُ انْشَقَّتْ و پس از آن را تا آخر قرآن» و چون از این‌ها فارغ شود، درحالی‌که رو به قبله می‌باشد، بگوید: ",
            "2": "",
            "3": "",
            "4": "",
            "5": "",
            "6": "",
            "7": "",
            "8": "",
            "9": "",
            "10": "",
            "11": "",
            "12": "",
            "13": "",
            "14": "",
            "15": "",
            "16": "",
            "17": "",
            "18": "",
            "19": "",
            "20": "",
            "21": "",
            "22": "",
            "23": "",
            "24": "سپس بر زمین سجده کن و دو طرف رخسار خود را بر خاک بگذار و بگو: ",
            "25": "بکوش که دیده‌هایت اشک‌ریزان باشد، هرچند به اندازه سر سوزن که این خود نشانه برآورده شدن دعاست."
        }
    }
}