{
    "31": {
        "number": 31,
        "bab": 2,
        "title": "روز بیست و پنجم ماه رجب",
        "arabic": {
            "1": ""
        },
        "farsi": {
            "1": ""
        },
        "tozih": {
            "1": "[در این روز] در سـال صد و هشتاد و سه، شهادت حضرت موسی بن جعفر(علیه‌السلام) در سن پنجاه و پنج سالگی در شهر بغداد واقع شد و آن روزی است که غم‌های آل محمّد(صلی‌الله‌علیه‌وآله) و شیعیان ایشان تازه می‌شود."
        }
    }
}