{
    "42": {
        "number": 42,
        "bab": 2,
        "title": "ثواب بسیار صدقه در ماه شعبان",
        "arabic": {
            "1": ""
        },
        "farsi": {
            "1": ""


        },
        "tozih": {
            "1": " در این ماه [ماه شعبان] صدقه بدهد، گرچه نصف دانه خرمایی باشد تا حق\u200Cتعالی بدن او را بر آتش دوزخ حرام کند.\n\nاز امام صادق(علیه\u200Cالسلام) روایت شده: که از وجود مبارک ایشان درباره فضیلت روزه رجب پرسیدند، فرمود: چرا از روزه شعبان غافل هستید؟ راوی عرض کرد: یابنَ رسول\u200Cالله، کسی که یک روز از شعبان را روزه بدارد، چه ثوابی دارد؟ فرمود: به خدا سوگند بهشت پاداش آن است.\nعرض کرد: یابنَ رسول\u200Cالله، بهترین اعمال در این ماه چیست؟ فرمود: صدقه و استغفار، هرکه در ماه شعبان صدقه دهد حق\u200Cتعالی آن را رشد و نمو دهد همان\u200Cگونه که یکی از شما بچّه شترش را رشد می\u200Cدهد تا آن\u200Cکه در قیامت، درحالی\u200Cکه به اندازه کوه احد شده باشد به صاحبش بازگردد. "
        }
    }
}