{
    "43": {
        "number": 43,
        "bab": 2,
        "title": "ذکری در ماه شعبان که برابر با عبادت هزار سال است",
        "arabic": {
            "1": " لَاإِلٰهَ إِلّا اللّٰهُ، وَلا نَعْبُدُ إِلّا إِيَّاهُ مُخْلِصِينَ لَهُ الدِّينَ وَلَوْ كَرِهَ الْمُشْرِكُونَ. ",
            "2": "",
            "3": ""
        },
        "farsi": {
            "1": " معبودی جز خدا نیست و نپرستیم جز او را درحالی\u200Cکه عبادت را برای او خالص می\u200Cکنیم، گرچه مشرکان را خوش نیاید."
        },
        "tozih": {
            "1": " در تمام این ماه [ماه شعبان] «هزار مرتبه» بگوید: ",
            "2": "این ذکر پاداش بسیاری دارد، از جمله اینکه در نامه عملش عبادت هزار ساله بنویسند. "
        }
    }
}