{
    "44": {
        "number": 44,
        "bab": 2,
        "title": "نماز حاجت مخصوص ماه شعبان",
        "arabic": {
            "1": ""
        },
        "farsi": {
            "1": ""
        },
        "tozih": {
            "1": "در هر پنجشنبه این ماه دو رکعت نماز بجا آورد، در هر رکعت پس از سوره «حمد»، «صد مرتبه» سوره «توحید» خوانده و بعد از سلامِ نماز، «صد مرتبه» صلوات بفرستد تا حق\u200Cتعالی هر حاجتی که در امر دین و دنیا دارد روا کند. "
        }
    }
}