{
    "51": {
        "number": 51,
        "bab": 2,
        "title": "اعمال روز سوم ماه شعبان",
        "arabic": {
            "1": "اللّٰهُمَّ إِنِّى أَسْأَلُكَ بِحَقِّ الْمَوْلُودِ فِى هٰذَا الْيَوْمِ الْمَوْعُودِ بِشَهادَتِهِ قَبْلَ اسْتِهْلالِهِ وَوِلادَتِهِ، بَكَتْهُ السَّماءُ وَمَنْ فِيها ، وَالْأَرْضُ وَمَنْ عَلَيْها ، وَلَمَّا يَطَأْ لابَتَيْها  ، قَتِيلِ الْعَبْرَةِ ، وَسَيِّدِ الْأُسْرَةِ ، الْمَمْدُودِ بِالنُّصْرَةِ يَوْمَ الْكَرَّةِ ، الْمُعَوَّضِ مِنْ قَتْلِهِ أَنَّ الْأَئِمَّةَ مِنْ نَسْلِهِ ، وَالشِّفاءَ فِى تُرْبَتِهِ ، وَالْفَوْزَ مَعَهُ فِى أَوْبَتِهِ ، وَالْأَوْصِياءَ مِنْ عِتْرَتِهِ بَعْدَ قائِمِهِمْ وَغَيْبَتِهِ ، حَتّىٰ يُدْرِكُوا الْأَوْتارَ ، وَيَثْأَرُوا الثَّارَ ، وَيُرْضُوا الْجَبَّارَ ، وَيَكُونُوا خَيْرَ أَنْصارٍ ، صَلَّى اللّٰهُ عَلَيْهِمْ مَعَ اخْتِلافِ اللَّيْلِ وَالنَّهارِ . ",
            "2": "اللّٰهُمَّ فَبِحَقِّهِمْ إِلَيْكَ أَتَوَسَّلُ وَأَسْأَلُ سُؤالَ مُقْتَرِفٍ مُعْتَرِفٍ مُسِىءٍ إِلىٰ نَفْسِهِ مِمَّا فَرَّطَ فِى يَوْمِهِ وَأَمْسِهِ ، يَسْأَلُكَ الْعِصْمَةَ إِلىٰ مَحَلِّ رَمْسِهِ؛ اللّٰهُمَّ فَصَلِّ عَلىٰ مُحَمَّدٍ وَعِتْرَتِهِ ، وَاحْشُرْنا فِى زُمْرَتِهِ ، وَبَوِّئْنا مَعَهُ دارَ الْكَرامَةِ ، وَمَحَلَّ الْإِقامَةِ .",
            "3": " اللّٰهُمَّ وَكَما أَكْرَمْتَنا بِمَعْرِفَتِهِ فَأَكْرِمْنا بِزُلْفَتِهِ ، وَارْزُقْنا مُرافَقَتَهُ وَسابِقَتَهُ ، وَاجْعَلْنا مِمَّنْ يُسَلِّمُ لِأَمْرِهِ ، وَيُكْثِرُ الصَّلاةَ عَلَيْهِ عِنْدَ ذِكْرِهِ ، وَعَلىٰ جَمِيعِ أَوْصِيائِهِ وَأَهْلِ أَصْفِيائِهِ ، الْمَمْدُودِينَ مِنْكَ بِالْعَدَدِ الاثْنَى عَشَرَ ، النُّجُومِ الزُّهَرِ ، وَالْحُجَجِ عَلىٰ جَمِيعِ الْبَشَرِ.",
            "4": " اللّٰهُمَّ وَهَبْ لَنا فِى هٰذَا الْيَوْمِ خَيْرَ مَوْهِبَةٍ ، وَأَنْجِحْ لَنا فِيهِ كُلَّ طَلِبَةٍ ، كَما وَهَبْتَ الْحُسَيْنَ لُِمحَمَّدٍ جَدِّهِ ، وَعاذَ فُطْرُسُ بِمَهْدِهِ ، فَنَحْنُ عائِذُونَ بِقَبْرِهِ مِنْ بَعْدِهِ نَشْهَدُ تُرْبَتَهُ وَنَنْتَظِرُ أَوْبَتَهُ ، آمِينَ رَبَّ الْعالَمِينَ.",
            "5": "اللّٰهُمَّ أَنْتَ مُتَعالى الْمَكانِ ، عَظِيمُ الْجَبَرُوتِ ، شَدِيدُ الْمِحالِ  ، غَنِيٌّ عَنِ الْخَلائِقِ ، عَرِيضُ الْكِبْرِياءِ ، قادِرٌ عَلىٰ مَا تَشاءُ ، قَرِيبُ الرَّحْمَةِ ، صَادِقُ الْوَعْدِ ، سَابِغُ النِّعْمَةِ ، حَسَنُ الْبَلاءِ ، قَرِيبٌ إِذا دُعِيتَ ، مُحِيطٌ بِما خَلَقْتَ ، قابِلُ التَّوْبَةِ لِمَنْ تابَ إِلَيْكَ ، قادِرٌ عَلىٰ مَا أَرَدْتَ ، وَمُدْرِكٌ مَا طَلَبْتَ ، وَشَكُورٌ إِذا شُكِرْتَ ،وَذَكُورٌ إِذا ذُكِرْتَ ، أَدْعُوكَ مُحْتاجاً ، وَأَرْغَبُ إِلَيْكَ فَقِيراً ، وَأَفْزَعُ إِلَيْكَ خائِفاً ، وَأَبْكِى إِلَيْكَ مَكْرُوباً ، وَأَسْتَعِينُ بِكَ ضَعِيفاً ، وَأَتَوَكَّلُ عَلَيْكَ كافِياً ، احْكُمْ بَيْنَنا وَبَيْنَ قَوْمِنا بِالْحَقِّ  ، فَإِنَّهُمْ غَرُّونا وَخَدَعُونا وَخَذَلُونا وَغَدَرُوا بِنا وَقَتَلُونا ، وَنَحْنُ عِتْرَةُ نَبِيِّكَ وَوَلَدُ  حَبِيبِكَ مُحَمَّدِ بْنِ عَبْدِاللّٰهِ الَّذِى اصْطَفَيْتَهُ بِالرِّسالَةِ وَائْتَمَنْتَهُ عَلىٰ وَحْيِكَ ، فَاجْعَلْ لَنا مِنْ أَمْرِنا فَرَجاً وَمَخْرَجاً بِرَحْمَتِكَ يَا أَرْحَمَ الرَّاحِمِينَ.",
            "6": ""
        },
        "farsi": {
            "1": "خدایا، از تو می‌خواهم به‌حق مولود در این روز که به شهادتش وعده داده شد پیش از برخاستن صدایش و قبل از ولادتش، آسمان و هرکه در آن است، زمین و هر که بر آن است بر او گریست درحالی‌که هنوز قدم در جهان نگذاشته بود، کشته اشک، سرور خاندان، مددیافته به یاری روز بازگشت، پاداش شهادتش اینکه امامان از نسل اویند و شفا در خاک اوست و پیروزی با اوست درگاه بازگشتش و جانشینان از خاندانش پس از قیام‌کننده‌شان و غیبت او تا انتقام گیرند و خون‌خواهی نمایند و حضرت جبّار را خشنود سازند و بهترین یاران دین حق شوند، درود خدا بر ایشان همگام با رفت‌وآمد شب و روز.",
            "2": " خدایا! به‌حق آنان به تو توسّل می‌جویم و از تو درخواست می‌کنم درخواست گنه‌کار معترف به گناه و بد کرده به خود با اموری که در امروز و دیروزش کوتاهی نموده، از تو تا هنگام رفتن در گورش پناه می‌خواهد؛ خدایا! بر محمّد و خاندانش درود فرست و ما را در جمع او محشور کن و همراه وی در بهشت و جایگاه ابدی جای ده. ",
            "3": " خدایا! همچنان که ما را به شناسایی‌اش گرامی داشتی پس ما را به تقرّب به آن حضرت گرامی دار و رفاقت و سابقه محبّت با او را روزی ما فرما و ما را از کسانی قرار ده که فرمانش را تسلیم می‌شوند و به هنگام بردن نامش صلوات زیاد بر او می‌فرستند و هم بر همه جانشینان و خاندان برگزیده‌اش، آن یاری شدگان از سوی تو به عدد دوازده، آنان‌که ستارگان درخشانند و حجّت‌های الهی بر تمام بشر، ",
            "4": "خدایا! ببخش بر ما در این روز بهترین بخشش را و برآور برای ما هر خواسته‌ای را، چنان‌که حسین را به محمّد جدّش بخشیدی و فطرس به گهواره‌اش پناهنده شد و ما پناهنده به مزار اوییم پس از شهادتش، بر تربتش حاضر می‌شویم و بازگشتش را انتظار می‌کشیم، آمین ای پروردگار جهانیان. ",
            "5": " خدایا تو بلندمرتبه و بزرگ جبروتی و در عذاب بس سختگیری، از آفریدگان بی‌نیازی، کبریایی‌ات فراگیر است، بر هرچه می‌خواهی توانایی، رحمتت به بندگان نزدیک است، وعده‌ات راست، نعمتت کامل و آزمونت نیکوست، هنگامی‌که خوانده شوی بسیار نزدیکی، به آنچه آفریدی احاطه داری، برای آن‌که توبه کند پذیرای توبه‌ای، بر هرچه اراده کنی توانایی و آنچه را بجویی به دست آوری، هرگاه سپاس شوی، سپاس پذیری و هرگاه یاد شوی یاد کنی، از سر نیاز تو را می‌خوانم و با احتیاج به‌سوی تو میل می‌کنم و بیمناک به‌جانب تو پناه می‌آورم و غمگین به درگاهت گریه می‌کنم و در کمال ناتوانی از تو کمک می‌خواهم و برای کفایت امورم بر تو توکل می‌نمایم، بین ما و بین قوم ما [به‌حق] داوری کن که آنان ما را فریفتند و به ما نیرنگ زدند و از یاری ما دست کشیدند و با ما بی‌وفایی نمودند و ما را کشتند و حال آنکه ما عترت پیامبر تو و فرزند محبوب تو، محمّد بن عبدالله هستیم، آن‌که او را به رسالت برگزیدی و بر وحی خود امین قرار دادی، در کار ما گشایش و راه رهایی از مشکل قرار ده، به مهرت ای مهربان‌ترین مهربانان. "
        },
        "tozih": {
            "1": " روز بسیار مبارکی است؛ شیخ طوسی در کتاب «مصباح» فرموده است: در این روز حضرت حسین بن علی(علیه‌السلام) متولّد شد و در توقیع [دست نوشت] شریف حضرت امام حسن عسکری(علیه‌السلام) به قاسم بن علاء همدانی، وکیل آن حضرت آمده است که: مولایمان امام حسین(علیه‌السلام) در روز پنجشنبه سوم شعبان متولّد شد، پس آن روز را روزه بگیر و این دعا را بخوان: ",
            "2": "",
            "3": "",
            "4": "",
            "5": "بعد از این دعا، می‌خوانی دعای امام حسین(علیه‌السلام) را و این آخرین دعای آن حضرت است در روزی که دشمنانش\r\nفزونی گرفتند، یعنی روز عاشورا: ",
            "6": "ابن عیاش گفت: از حسین بن علی بن سفیان بزوفری شنیدم که می‌گفت: امام صادق(علیه‌السلام) این دعا را، در این روز می‌خواند و نیز فرمود این دعا از دعاهای روز سوم شعبان است که روز ولادت امام حسین(علیه‌السلام) است. "
        }
    }
}