{
    "52": {
        "number": 52,
        "bab": 2,
        "title": "اعمال شب سیزدهم ماه شعبان",
        "arabic": {
            "1": ""
        },
        "farsi": {
            "1": ""
        },
        "tozih": {
            "1": "شب سیزدهم، اوّل لیالی بیض [شب‌های روشن که عبارت‌اند از: شب‌های سیزدهم، چهاردهم و پانزدهم] است و کیفیت نماز شب سیزدهم و دو شب بعد در «اعمال ماه رجب» بیان شد."
        }
    }
}