{
    "69": {
        "number": 69,
        "bab": 2,
        "title": " اعمالی که در هر شب و هر روز ماه رمضان بجا آورده می‌شود",
        "arabic": {
            "1": "اللّٰهُمَّ ارْزُقْنِى حَجَّ بَيْتِكَ الْحَرامِ فِى عامِى هٰذَا وَفِى كُلِّ عامٍ مَا أَبْقَيْتَنِى فِى يُسْرٍ مِنْكَ وَعافِيَةٍ وَسَعَةِ رِزْقٍ ، وَلَا تُخْلِنِى مِنْ تِلْكَ الْمَواقِفِ الْكَرِيمَةِ ، وَالْمَشاهِدِ الشَّرِيفَةِ ، وَزِيارَةِ قَبْرِ نَبِيِّكَ صَلَواتُكَ عَلَيْهِ وَ آلِهِ ، وَفِى جَمِيعِ حَوائِجِ الدُّنْيا وَالْآخِرَةِ فَكُنْ لِى ",
            "2": "اللّٰهُمَّ إِنِّى أَسْأَلُكَ فِيما تَقْضِى وَتُقَدِّرُ مِنْ الْأَمْرِ الْمَحْتُومِ فِى لَيْلَةِ الْقَدْرِ مِنَ الْقَضاءِ الَّذِى لا يُرَدُّ وَلَا يُبَدَّلُ أَنْ تَكْتُبَنِى مِنْ حُجَّاجِ بَيْتِكَ الْحَرامِ الْمَبْرُورِ حَجُّهُمُ ، الْمَشْكُورِ سَعْيُهُمُ ، الْمَغْفُورِ ذُنُوبُهُمُ ، الْمُكَفَّرِ عَنْهُمْ سَيِّئاتُهُمْ ، وَاجْعَلْ فِيما تَقْضِى وَتُقَدِّرُ أَنْ تُطِيلَ عُمْرِى  وَتُوَسِّعَ عَلَىَّ رِزْقِى ، وَتُؤَدِّىَ عَنِّى أَمانَتِى وَدَيْنِى ، آمِينَ رَبَّ الْعالَمِينَ.",
            "3": "يَا عَلِىُّ يَا عَظِيمُ ، يَا غَفُورُ يَا رَحِيمُ ، أَنْتَ الرَّبُّ الْعَظِيمُ الَّذِى لَيْسَ كَمِثْلِهِ شَىْءٌ وَهُوَ السَّمِيعُ الْبَصِيرُ ، وَهٰذَا شَهْرٌ عَظَّمْتَهُ وَكَرَّمْتَهُ وَشَرَّفْتَهُ وَفَضَّلْتَهُ عَلَى الشُّهُورِ ، وَهُوَ الشَّهْرُ الَّذِى فَرَضْتَ صِيامَهُ عَلَىَّ ، وَهُوَ شَهْرُ رَمَضانَ الَّذِى أَنْزَلْتَ فِيهِ الْقُرْآنَ هُدىً لِلنَّاسِ وَبَيِّناتٍ مِنَ الْهُدىٰ وَالْفُرْقانِ وَجَعَلْتَ فِيهِ لَيْلَةَ الْقَدْرِ وَجَعَلْتَها خَيْراً مِنْ أَلْفِ شَهْرٍ ، فَيا ذَا الْمَنِّ وَلَا يُمَنُّ عَلَيْكَ مُنَّ عَلَىَّ بِفَكاكِ رَقَبَتِى مِنَ النَّارِ فِى مَنْ تَمُنُّ عَلَيْهِ وَ أَدْخِلْنِى الْجَنَّةَ بِرَحْمَتِكَ يَا أَرْحَمَ الرَّاحِمِينَ.",
            "4": "اللّٰهُمَّ أَدْخِلْ عَلَىٰ أَهْلِ الْقُبُورِ السُّرُورَ ، اللّٰهُمَّ أَغْنِ كُلَّ فَقِيرٍ ، اللّٰهُمَّ أَشْبِعْ كُلَّ جائِعٍ ، اللّٰهُمَّ اكْسُ كُلَّ عُرْيانٍ ، اللّٰهُمَّ اقْضِ دَيْنَ كُلِّ مَدِينٍ ، اللّٰهُمَّ فَرِّجْ عَنْ كُلِّ مَكْرُوبٍ ، اللّٰهُمَّ رُدَّ كُلَّ غَرِيبٍ ، اللّٰهُمَّ فُكَّ كُلَّ أَسِيرٍ ، اللّٰهُمَّ أَصْلِحْ كُلَّ فاسِدٍ مِنْ أُمُورِ الْمُسْلِمِينَ ، اللّٰهُمَّ اشْفِ كُلَّ مَرِيضٍ ، اللّٰهُمَّ سُدَّ فَقْرَنا بِغِناكَ ، اللّٰهُمَّ غَيِّرْ سُوءَ حالِنا بِحُسْنِ حالِكَ ، اللّٰهُمَّ اقْضِ عَنَّا الدَّيْنَ وَأَغْنِنا مِنَ الْفَقْرِ ، إِنَّكَ عَلَىٰ كُلِّ شَىْءٍ قَدِيرٌ.",
            "5": "اللّٰهُمَّ إِنِّى بِكَ وَمِنْكَ أَطْلُبُ حاجَتِى ، وَمَنْ طَلَبَ حاجَةً إِلَى النَّاسِ فَإِنِّى لَا أَطْلُبُ حاجَتِى إِلّا مِنْكَ وَحْدَكَ لا شَرِيكَ لَكَ ، وَأَسْأَلُكَ بِفَضْلِكَ وَرِضْوانِكَ أَنْ تُصَلِّىَ عَلَىٰ مُحَمَّدٍ وَأَهْلِ بَيْتِهِ وَأَنْ تَجْعَلَ لِى فِى عامِى هٰذَا إِلىٰ بَيْتِكَ الْحَرامِ سَبِيلاً حِجَّةً مَبْرُورَةً مُتَقَبَّلَةً زاكِيةً خالِصَةً لَكَ تَقَرُّبِها عَيْنِى ، وَتَرْفَعُ بِها دَرَجَتِى ، ",
            "6": "وَتَرْزُقَنِى أَنْ أَغُضَّ بَصَرِى ، وَأَنْ أَحْفَظَ فَرْجِى ، وَأَنْ أَكُفَّ بِها عَنْ جَمِيعِ مَحارِمِكَ حَتَّىٰ لَايَكُونَ شَىْءٌ آثَرَ عِنْدِى مِنْ طاعَتِكَ وَخَشْيَتِكَ وَالْعَمَلِ بِما أَحْبَبْتَ ، وَالتَّرْكِ لِما كَرِهْتَ وَنَهَيْتَ عَنْهُ ، وَاجْعَلْ ذٰلِكَ فِى يُسْرٍ وَيَسارٍ وَعافِيَةٍ وَمَا أَنْعَمْتَ بِهِ عَلَىَّ ، ",
            "7": "وَأَسْأَلُكَ أَنْ تَجْعَلَ وَفاتِى قَتْلاً فِى سَبِيلِكَ تَحْتَ رايَةِ نَبِيِّكَ مَعَ أَوْلِيائِكَ ، وَأَسْأَلُكَ أَنْ تَقْتُلَ بِى أَعْداءَكَ وَأَعْداءَ رَسُولِكَ ، وَأَسْأَلُكَ أَنْ تُكْرِمَنِى بِهَوانِ مَنْ شِئْتَ مِنْ خَلْقِكَ وَلَا تُهِنِّى بِكَرامَةِ أَحَدٍ مِنْ أَوْ لِيائِكَ . اللّٰهُمَّ اجْعَلْ لِى مَعَ الرَّسُولِ سَبِيلاً ، حَسْبِىَ اللّٰهُ ، مَا شَاءَ اللّٰهُ.",
            "8": ""
        },
        "farsi": {
            "1": " خدایا، زیارت خانه‌ی محترمت را در امسال و در هر سال نصیبم کن تا زمانی که زنده‌ام داری در آسانی تندرستی و گشادگی روزی و محرومم نکن مرا از آن اماکن گرامی و مشاهد شرف خیز و زیارت قبر پیامبرت که درود تو  بر او و بر خاندانش باد و در تمام حاجات دنیا و آخرت یاور من باش، ",
            "2": "خدایا، از تو درخواست می‌کنم در آنچه حکم می‌کنی و مقدّر می‌نمایی، از فرمان حتمی در شب قدر، از حکمی که برگشت داده نمی‌شود و به حکم دیگر تبدیل نمی‌گردد، اینکه مرا در شمار زائران خانه محترمت بنویسی، آن زائرانی که پاک و خالصانه است زیارتشان و پذیرفته است تلاششان و آمرزیده است گناهشان و نابود شده است بدی‌هایشان و قرار ده در آنچه حکم می‌کنی و مقدّر می‌نمایی اینکه عمرم را طولانی سازی و روزی‌ام را فراوان کنی و امانت و قرضم را ادا نمایی، دعایم را اجابت کن ای پروردگار جهانیان.",
            "3": " ای بلندمرتبه، ای بزرگ، ای آمرزنده، ای مهربان، تویی پروردگار بزرگی که چیزی همانندش نیست و اوست شنوای بینا و این ماهی است که به آن عظمت و کرامت و شرافت بخشیدی و بر سایر ماه‌ها برتری دادی و ماهی است که روزه‌اش را بر ما واجب نمودی و آن ماه رمضان است که قرآن را در آن فرود آوردی، برای هدایت مردم و بیان دلایل روشن از هدایت و تمیز حق از باطل و شب قدر را در آن قرار دادی و آن را از هزار ماه بهتر ساختی، ای صاحب منت که بر تو منّتی گذاشته نشود، بر من به آزادی از آتش منّت نه در جمع آنان که بر آن‌ها منّت نهی و وارد بهشتم گردان، ای مهربان‌ترین مهربانان.",
            "4": " خدایا، دل اهل قبور را شاد کن، خدایا، هر تهیدستی را بی‌نیاز کن، خدایا، هر گرسنه‌ای را سیر کن، خدایا، هر برهنه‌ای را بپوشان، خدایا، قرض هر بدهکاری را ادا کن، خدایا، غم هر غم‌زده‌ای را برطرف کن، خدایا، هر غریبی را به وطن بازگردان، خدایا، هر اسیری را آزاد فرما، خدایا، هر فسادی را در کار مسلمانان اصلاح گردان، خدایا هر بیماری را درمان ده، خدایا راه تهیدستی ما را با توانگری‌ات ببند، خدایا بدحالی ما را به خوبی حال خود تغییر ده، خدایا، وام ما را بپرداز و ما را از تهیدستی بی‌نیاز کن، همانا تو بر هر چیز توانایی. ",
            "5": " خدایا، من به وسیله‌ی تو از تو حاجتم را درخواست می‌کنم و هرکه حاجت خویش از مردم بخواهد همانا من حاجتم را نمی‌خواهم مگر از تو، یگانه‌ای، شریکی برای تو نیست، به حق فضل و رضوانت از تو می‌خواهم که بر محمّد و اهل‌بیتش درود فرستی و در این سال برایم راهی به سوی کعبه قرار دهی، با زیارتی پاک و پذیرفته، پاکیزه و خالص برای خویش که دیده‌ام به آن روشن گردد و مرتبه‌ام با آن بالا رود، ",
            "6": "خدایا به من روزی کن که دیده‌ام را از حرام فرو بندم و شهوتم را نگاه دارم و خود را از همه حرام‌هایت بازدارم تا آنجا که چیزی نزد من برتر نباشد از طاعت و خشیتت و عمل به آنچه واجب کردی و ترک آنچه نپسندیدی و از آن نهی نمودی و همه این‌ها را در کنار آسانی و فراوانی و تندرستی و آنچه به من نعمت دادی قرار ده ",
            "7": "و از تو می‌خواهم مرگم را کشته شدن در راهت در زیر پرچم پیامبرت همراه با اولیایت قرار دهی و از تو می‌خواهم که به وسیله من دشمنان خود و رسولت را به قتل رسانی و از تو درخواست می‌کنم که مرا گرامی داری با خوار کردن آن از خلق که خودخواهی و خوار نکنی مرا به گرامی داشتن احدی از اولیایت، خدایا برایم همراه پیامبر راهی به خوشبختی قرار ده، خدا مرا بس است، آنچه خدا خواهد شود. ",
            "8": ""
        },
        "tozih": {
            "1": " سید ابن طاووس از امام صادق و موسی بن جعفر (علیهماالسلام) روایت کرده که فرمودند: در ماه رمضان از اوّل آن تا آخر آن پس از هر فریضه بخوان: ",
            "2": "",
            "3": " و پس از نمازهاى واجب بخوان: ",
            "4": "شیخ کفعمی در «مصباح» و «بلدالامین» و شیخ شهید در مجموعه‌ی خود از حضرت رسول(صلی‌الله‌علیه‌وآله) نقل کرده‌اند که آن حضرت فرمود: هرکه این دعا را در ماه رمضان، پس از هر نماز واجب بخواند، حق‌تعالی گناهان او را تا روز قیامت بیامرزد؛ و آن دعا این است:",
            "5": "دعای حج\nشیخ کلینی در کتاب «کافی» از ابوبصیر روایت کرده: که امام صادق(علیه‌السلام) در ماه رمضان این دعا را می‌خواند: ",
            "6": "",
            "7": "",
            "8": " مؤلّف گوید: این دعا موسوم به «دعای حجّ» است، سید در «اقبال» خواندن آن را در شب‌های ماه رمضان، پس از مغرب، از امام صادق(علیه‌السلام) روایت کرده و کفعمی در کتاب «بلدالامین» فرموده: در هر روز از ماه رمضان و در شب اوّل آن، خواندن این دعا مستحب است و شیخ مفید در کتاب «مقنعه» آن را برای خصوص شب اول ماه پس از نماز مغرب روایت کرده.\n\nبهار قرآن\nآگاه باش بهترین اعمال در شب‌ها و روزهای ماه مبارک رمضان، خواندن قرآن است و باید آن را بسیار خواند، چه اینکه قرآن در این ماه نازل شده و در آثار اسلامی وارد شده که هرچیزی را بهاری است و بهار قرآن ماه رمضان و در ماه‌های دیگر یک ختم قرآن مستحب است و کم‌ترینش ختم آن در شش روز است، ولی در ماه رمضان هر سه روز یک ختم مستحب است و اگر بتواند روزی یک ختم قرآن کند بسیار خوب است.\n\nعلاّمه مجلسی فرموده: در حدیث است که بعضی از امامان(علیهم‌السلام) در این ماه چهل ختم قرآن می‌نمودند و بلکه زیادتر و اگر ثواب هر ختم قرآنی را به روح مقدس یکی از چهارده معصوم هدیه کند ثوابش دو چندان گردد؛ و از روایتی ظاهر می‌شود که اجر چنین کسی آن است که در روز قیامت با ایشان باشد.\n\nدر این ماه باید دعا و صلوات و استغفار بسیار نمود و زیاد «لا إِلٰهَ إِلّا اللّٰهُ» گفت و روایت شده: که امام چهارم(علیه‌السلام) چون ماه رمضان فرا می‌رسید، زبان نمی‌گشود مگر به دعا و تسبیح و استغفار و تکبیر؛\n\nو نیز باید به عبادت و انجام نافله‌های شب و روز اهتمام بسیار ورزید. "
        }
    }
}