{
    "72": {
        "number": 72,
        "bab": 2,
        "title": "دعای «ادخل علی اهل القبور السرور...» بعد از هر نماز واجب در ماه رمضان ",
        "arabic": {
            "1": "اللّٰهُمَّ أَدْخِلْ عَلَىٰ أَهْلِ الْقُبُورِ السُّرُورَ ، اللّٰهُمَّ أَغْنِ كُلَّ فَقِيرٍ ، اللّٰهُمَّ أَشْبِعْ كُلَّ جائِعٍ ، اللّٰهُمَّ اكْسُ كُلَّ عُرْيانٍ ، اللّٰهُمَّ اقْضِ دَيْنَ كُلِّ مَدِينٍ ، اللّٰهُمَّ فَرِّجْ عَنْ كُلِّ مَكْرُوبٍ ، اللّٰهُمَّ رُدَّ كُلَّ غَرِيبٍ ، اللّٰهُمَّ فُكَّ كُلَّ أَسِيرٍ ، اللّٰهُمَّ أَصْلِحْ كُلَّ فاسِدٍ مِنْ أُمُورِ الْمُسْلِمِينَ ، اللّٰهُمَّ اشْفِ كُلَّ مَرِيضٍ ، اللّٰهُمَّ سُدَّ فَقْرَنا بِغِناكَ ، اللّٰهُمَّ غَيِّرْ سُوءَ حالِنا بِحُسْنِ حالِكَ ، اللّٰهُمَّ اقْضِ عَنَّا الدَّيْنَ وَأَغْنِنا مِنَ الْفَقْرِ ، إِنَّكَ عَلَىٰ كُلِّ شَىْءٍ قَدِيرٌ."
        },
        "farsi": {
            "1": " خدایا، دل اهل قبور را شاد کن، خدایا، هر تهیدستی را بی‌نیاز کن، خدایا، هر گرسنه‌ای را سیر کن، خدایا، هر برهنه‌ای را بپوشان، خدایا، قرض هر بدهکاری را ادا کن، خدایا، غم هر غم‌زده‌ای را برطرف کن، خدایا، هر غریبی را به وطن بازگردان، خدایا، هر اسیری را آزاد فرما، خدایا، هر فسادی را در کار مسلمانان اصلاح گردان، خدایا هر بیماری را درمان ده، خدایا راه تهیدستی ما را با توانگری‌ات ببند، خدایا بدحالی ما را به خوبی حال خود تغییر ده، خدایا، وام ما را بپرداز و ما را از تهیدستی بی‌نیاز کن، همانا تو بر هر چیز توانایی. "
        },
        "tozih": {
            "1": " شیخ کفعمی در «مصباح» و «بلدالامین» و شیخ شهید در مجموعه‌ی خود از حضرت رسول(صلی‌الله‌علیه‌وآله) نقل کرده‌اند که آن حضرت فرمود: هرکه این دعا را در ماه رمضان، پس از هر نماز واجب بخواند، حق‌تعالی گناهان او را تا روز قیامت بیامرزد؛ و آن دعا این است:"
        }
    }
}