{
    "74": {
        "number": 74,
        "bab": 2,
        "title": "فضیلت تلاوت قرآن در ماه رمضان (ماه رمضان بهار قرآن)",
        "arabic": {
            "1": ""
        },
        "farsi": {
            "1": ""
        },
        "tozih": {
            "1": "آگاه باش بهترین اعمال در شب\u200Cها و روزهای ماه مبارک رمضان، خواندن قرآن است و باید آن را بسیار خواند، چه اینکه قرآن در این ماه نازل شده و در آثار اسلامی وارد شده که هرچیزی را بهاری است و بهار قرآن ماه رمضان و در ماه\u200Cهای دیگر یک ختم قرآن مستحب است و کم\u200Cترینش ختم آن در شش روز است، ولی در ماه رمضان هر سه روز یک ختم قرآن مستحب است و اگر انسان بتواند روزی یک ختم قرآن کند بسیار خوب است.\n\nعلاّمه مجلسی فرموده: در روایت است که بعضی از امامان(علیهم\u200Cالسلام) در این ماه چهل ختم قرآن می\u200Cکردند و بلکه زیادتر و اگر ثواب هر ختم قرآنی را به روح مقدس یکی از چهارده معصوم هدیه کند ثوابش دو چندان گردد؛ و از روایتی چنین برداشت می\u200Cشود که پاداش چنین کسی آن است که در روز قیامت با آنان باشد."
        }
    }
}