{
    "79": {
        "number": 79,
        "bab": 2,
        "title": "ثواب افطاری دادن",
        "arabic": {
            "1": ""
        },
        "farsi": {
            "1": ""
        },
        "tozih": {
            "1": "[از جمله اعمال شبهای ماه رمضان این است که] به هنگام افطار صدقه داده و به روزه داران افطار دهد، هرچند به\u200Cقدر چند دانه خرما یا جرعه\u200Cای آب باشد.\n\nاز رسول خدا(صلی\u200Cالله\u200Cعلیه\u200Cوآله) روایت شده: هرکه روزه\u200Cداری را افطار دهد همچون پاداش آن روزه\u200Cدار برایش خواهد بود، بی\u200Cآنکه از پاداش آن روزه\u200Cدار چیزی کاسته شود؛ و همچنین برای او خواهد بود همانند آن عمل خوبی که آن افطار کننده به نیروی آن طعام بجا آورد.\n\nآیت الله علاّمه حلی در رساله «سعدیه» از امام صادق(علیه\u200Cالسلام) روایت کرده: هر مؤمنی در ماه رمضان مؤمن دیگری را به لقمه\u200Cای اطعام کند، حق\u200Cتعالی برای او پاداش کسی را بنویسد که سی بنده مؤمن آزاد کرده و نزد خدا یک دعایش مستجاب شود. "
        }
    }
}