{
    "80": {
        "number": 80,
        "bab": 2,
        "title": "دعای بخشش گناهان چهل ساله در ماه رمضان",
        "arabic": {
            "1": "اللّٰهُمَّ رَبَّ شَهْرِ رَمْضانَ الَّذِى أَنْزَلْتَ فِيهِ الْقُرْآنَ ، وَافْتَرَضْتَ عَلَىٰ عِبادِكَ فِيهِ الصِّيامَ ، صَلِّ عَلَىٰ مُحَمَّدٍ وَآلِ مُحَمَّدٍ وَارْزُقْنِى حَجَّ بَيْتِكَ الْحَرامِ فِى عامِى هٰذَا وَفِى كُلِّ عامٍ ، وَاغْفِر لِى تِلْكَ الذُّنُوبَ الْعِظامَ ، فَإِنَّهُ لَايَغْفِرُها غَيْرُكَ يَا رَحْمٰنُ يَا عَلَّامُ."
        },
        "farsi": {
            "1": " خدایا، پروردگار ماه رمضان‌ که قرآن را در آن فرو فرستادی و روزه را در آن بر بندگانت واجب نمودی، بر محمّد و خاندان محمّد درود فرست و زیارت خانه‌ات را در این سال و در هر سال نصیب من فرما و برایم بیامرز گناهان بزرگی را که آن‌ها را جز تو نیامرزد، ای بخشاینده، ای دارای دانش بی‌پایان. "
        },
        "tozih": {
            "1": " سیّد روایت کرده است: هرکه این دعا را در هر شب ماه رمضان بخواند، گناهان چهل سال او آمرزیده می‌شود: "
        }
    }
}