{
    "84": {
        "number": 84,
        "bab": 2,
        "title": "کیفیت هزار رکعت نماز در ماه رمضان",
        "arabic": {
            "1": " اللّٰهُمَّ اجْعَلْ فِيما تَقْضِى وَتُقَدِّرُ مِنَ الْأَمْرِ الْمَحْتُومِ وَفِيما تَفْرُقُ مِنَ الْأَمْرِ الْحَكِيمِ فِى لَيْلَةِ الْقَدْرِ أَنْ تَجْعَلَنِى مِنْ حُجَّاجِ بَيْتِكَ الْحَرامِ الْمَبْرُورِ حَجُّهُمُ، الْمَشْكُورِ سَعْيُهُمُ، الْمَغْفُورِ ذُنُوبُهُمْ، وَأَسْأَلُكَ أَنْ تُطِيلَ عُمْرِى فِى طاعَتِكَ، وَتُوَسِّعَ لِى فِى رِزْقِى، يَا أَرْحَمَ الرَّاحِمِينَ. "
        },
        "farsi": {
            "1": " خدایا، در آنچه حکم می‌کنی و مقدّر می‌نمایی از فرمان حتمی‌ات و در آنچه بسط می‌دهی از کار حکیمانه‌ات، در شب قدر مقرّر فرما که مرا از حاجیان خانه کعبه‌ات قرار دهی، حاجیانی که حجّشان پذیرفته شده و تلاششان قبول گشته و گناهانشان آمرزیده شده است و از تو درخواست می‌کنم که عمرم را در طاعتت طولانی سازی و روزی‌ات را بر من گسترده نمایی، ای مهربان‌ترین مهربانان."
        },
        "tozih": {
            "1": "آگاه باش از اعمالی که مستحب است در شب\u200Cهای ماه رمضان انجام شود، هزار رکعت نماز در مجموع این ماه است که استادان و بزرگان علما در کتاب\u200Cهای خود که در زمینه\u200Cی فقه یا عبادات نوشته\u200Cاند به آن اشاره کرده\u200Cاند.\n\nروایات در باب کیفیت انجام دادن آن متفاوت است، آنچه موافق روایت ابن ابی قرّه از امام جواد(علیه\u200Cالسلام) است و شیخ مفید در کتاب «غرّیه و اشراف» آن را اختیار کرده، بلکه مورد اختیار مشهور از علماست، آن است که:\n\nدر دهه اول و دوم ماه رمضان، در هر شب «بیست رکعت» خوانده شود، هر «دو رکعت» به یک سلام، به این صورت که «هشت رکعت» آن را پس از نماز مغرب و «دوازده رکعت» دیگر را بعد از نماز عشا انجام دهد و در دهه آخر ماه در هر شب «سی رکعت» بخواند، «هشت رکعت» آن را پس از نماز مغرب و «بیست\u200Cودو رکعت» دیگر را بعد از نماز عشا بخواند که مجموع این نمازها «هفتصد رکعت» می\u200Cشود و باقی آن را که «سیصد رکعت» است در شب\u200Cهای قدر بخواند: شب نوزدهم صد رکعت و شب بیست\u200Cویکم صد رکعت و شب بیست\u200Cوسوم نیز صد رکعت که در جمع هزار رکعت می\u200Cشود.\n\nاین هزار رکعت به ترتیب دیگری هم وارد شده است که شرحش در جای دیگر آمده و این مقام گنجایش شرح آن را ندارد و امید است که اهل خیر در اجرای این هزار رکعت مسامحه و سهل\u200Cانگاری نکنند و خود را از فیض آن بهره\u200Cمند نمایند.\n\nو نیز روایت شده که: پس از هر دو رکعت از نمازهای مستحبی ماه رمضان بخوان: "
        }
    }
}