{
    "87": {
        "number": 87,
        "bab": 2,
        "title": "اهمیت سحری خوردن",
        "arabic": {
            "1": ""
        },
        "farsi": {
            "1": ""
        },
        "tozih": {
            "1": "[از جمله اعمال سحر] سحری خوردن [است] و آن را ترک نکند گرچه به خوردن یک خرمای خشک، یا نوشیدن شربتی از آب باشد و بهترین سحری\u200Cها سویق یعنی قاووت و خرماست و در خبر وارد شده: که خدا و فرشتگان صلوات می\u200Cفرستند بر آن\u200Cهایی که در سحرها استغفار می\u200Cکنند و سحری می\u200Cخورند."
        }
    }
}