{
    "95": {
        "number": 95,
        "bab": 2,
        "title": "اعمال و دعاهای مشترک روزهای ماه رمضان",
        "arabic": {
            "1": " اللّٰهُمَّ إِنِّي أَدْعُوكَ كَما أَمَرْتَنِي فَاسْتَجِبْ لِي كَما وَعَدْتَنِي... ",
            "2": " يَا ذَا الَّذِى كانَ قَبْلَ كُلِّ شَىْءٍ، ثُمَّ خَلَقَ كُلَّ شَىْءٍ، ثُمَّ يَبْقىٰ وَيَفْنىٰ كُلُّ شَىْءٍ، يَا ذَا الَّذِى لَيْسَ كَمِثْلِهِ شَىْءٌ، وَيَا ذَا الَّذِى لَيْسَ فِى السَّمَاواتِ الْعُلىٰ، وَلَا فِى الْأَرَضِينَ السُّفْلىٰ، وَلَا فَوْقَهُنَّ وَلَا تَحْتَهُنَّ وَلَا بَيْنَهُنَّ إِلٰهٌ يُعْبَدُ غَيْرُهُ، لَكَ الْحَمْدُ حَمْداً لَايَقْوىٰ عَلَىٰ إِحْصائِهِ إِلّا أَنْتَ، فَصَلِّ عَلَىٰ مُحَمَّدٍ وَآلِ مُحَمَّدٍ صَلاةً لَايَقْوىٰ عَلَىٰ إِحْصائِها إِلّا أَنْتَ. ",
            "3": " اللّٰهُمَّ رَبَّ شَهْرِ رَمَضانَ الَّذِى أَنْزَلْتَ فِيهِ الْقُرْآنَ، وَافْتَرَضْتَ عَلَىٰ عِبادِكَ فِيهِ الصِّيامَ، ارْزُقْنِى حَجَّ بَيْتِكَ الْحَرامِ فِى هٰذَا الْعامِ وَفِى كُلِّ عامٍ، وَاغْفِرْ لِىَ الذُّنُوبَ الْعِظامَ فَإِنَّهُ لَايَغْفِرُها غَيْرُكَ يَا ذَا الْجَلالِ وَالْإِكْرامِ. ",
            "4": " سُبْحانَ الضَّارِّ النَّافِعِ، سُبْحانَ الْقاضِي بِالْحَقِّ، سُبْحانَ الْعَلِيِّ الْأَعْلىٰ، سُبْحانَهُ وَبِحَمْدِهِ، سُبْحانَهُ وَتَعالىٰ. ",
            "5": ""

        },
        "farsi": {
            "1": " خدایا می\u200Cخوانمت آن\u200Cگونه که فرمودی، پس اجابتم کن آن\u200Cگونه که وعده کردی...",
            "2": "\u200Cای که پیش از هر چیز بوده پس آنگاه همه\u200Cچیز را آفرید و ماندگار است و همه\u200Cچیز نابود می\u200Cشود، ای که چیزی مانند او نیست، ای آن\u200Cکه نه در آسمان\u200Cهای برتر و نه در زمین\u200Cهای پایین\u200Cتر و نه بالای آن\u200Cها و نه زیر آن\u200Cها و نه بین آن\u200Cها، معبودی جز او نیست که پرستیده شود، سپاس فقط ویژه توست، سپاسی که کسی بر شمردنش جز تو توان ندارد، بر محمّد و خاندان محمّد درود فرست، درودی که کسی جز تو توانایی شمردنش را نداشته باشد. ",
            "3": "خدایا؛ ای پروردگار ماه رمضان \u200Cکه قرآن را در آن نازل کردی و روزه\u200Cی در آن را بر بندگانت واجب نمودی، حج خانه محترمت را در این سال و در هر سال روزی من کن و گناهان بزرگ مرا بیامرز، همانا کسی جز تو آن\u200Cها را نمی\u200Cآمرزد، ای دارای بزرگی و رأفت و محبت. ",
            "4": " منزّه است زیان رسان به کافران و سود رسان به مؤمنان، منزّه است داوری کننده بر اساس حق، منزّه است او که برتر است، منزّه است او و ستایش از آن اوست، منزّه است او و برترست. ",
            "5": ""
        },
        "tozih": {
            "1": " و آن چند عمل است:\n\nاوّل:\nدعایی را که شیخ طوسی و سید ابن طاووس به این صورت نقل کرده\u200Cاند، هر روز بخواند: [کلیک کنید]\n\nدوم:\nفرموده\u200Cاند که: این تسبیحات را در همه روزهای ماه مبارک رمضان از اوّل تا آخر ماه بخوان و آن ده بخش است که هر بخش آن مشتمل بر ده «سبحان الله» است: [کلیک کنید]\n\nسوم:\nو نیز فرموده\u200Cاند: این صلوات را در هر روز ماه رمضان بخوان: [کلیک کنید]\n\nچهارم:\nشیخ طوسی و سید ابن طاووس فرموده\u200Cاند: در هر روز ماه رمضان بخوان: [کلیک کنید]\n\nپنجم:\nخواندن این دعا است: ",
            "2": " و چون دعایی طولانی است، برای ضروری بودن خلاصه نویسی آن را ننوشتم، هرکه خواهان آن است به کتاب «اقبال» یا «زاد المعاد» مرحوم مجلسی مراجعه کند.\n\nششم:\nشیخ مفید در کتاب «مُقنعه» از ثقه بزرگوار علی بن مهزیار از حضرت جواد(علیه\u200Cالسلام) روایت کرده: که مستحب است در هر وقت از شب و روز ماه مبارک رمضان، از اول ماه تا آخر ماه بسیار بگویی: ",
            "3": "هفتم:\nشیخ کفعمی در کتاب «بلد الامین» و «مصباح» از کتاب «اختیار» سید ابن باقی نقل کرده است: که هرکه این دعا را در هر روز ماه رمضان بخواند، حق\u200Cتعالی گناهان چهل ساله او را بیامرزد:",
            "4": "هشتم:\nاین ذکر را که فیض کاشانی در کتاب «خلاصة الاَذکار» فرموده در هر روز ماه رمضان «صد مرتبه» بگوید: ",
            "5": "نهم:\nشیخ مفید در کتاب «مُقنعه» فرموده: از جمله مستحبات ماه رمضان در هر روز، «صد مرتبه» صلوات فرستادن بر رسول خداست و هرکه زیادتر فرستد بهتر است. "

        }
    }
}