{
    "121": {
        "number": 121,
        "bab": 3,
        "title": "کیفیت زیارت امام حسین و حضرت عباس(ع)",
        "arabic": {
            "1": ""
        },
        "farsi": {
            "1": ""
        },
        "tozih": {
            "1": "بدان که زیارات بیان‌شده برای امام حسین(علیه‌السلام) بر دو صورت است: یکی مطلقه که مقید به وقتی نیست و دیگری مخصوصه که مقید به اوقات معینی است و ذکر این زیارات در ضمن سه مطلب خواهد آمد:\nبخش اول: در «زیارات مطلقه حضرت امام حسین»(علیه‌السلام) است.\nبخش دوم: «زیارت حضرت عباس»(علیه‌السلام).\nبخش سوم: «زیارت‌های مخصوصه حضرت امام حسین»(علیه‌السلام)."
        }
    }
}