{
    "124": {
        "number": 124,
        "bab": 3,
        "title": "زیارت امام حسین(ع) / زیارت‌نامه دوم",
        "arabic": {
            "1": "السَّلامُ عَلَيْكَ يَا أَبا عَبْدِ اللّٰهِ ، السَّلامُ عَلَيْكَ يَا حُجَّةَ اللّٰهِ فِي أَرْضِهِ وَشَاهِدَهُ عَلىٰ خَلْقِهِ، السَّلامُ عَلَيْكَ يَا ابْنَ رَسُولِ اللّٰهِ ، السَّلامُ عَلَيْكَ يَا ابْنَ عَلِيٍّ الْمُرْتَضىٰ ، السَّلامُ عَلَيْكَ يَا ابْنَ فاطِمَةَ الزَّهْراءِ ، أَشْهَدُ أَنَّكَ قَدْ أَقَمْتَ الصَّلاةَ ، وَآتَيْتَ الزَّكاةَ ، وَأَمَرْتَ بِالْمَعْرُوفِ ، وَنَهَيْتَ عَنِ الْمُنْكَرِ ، وَجاهَدْتَ فِي سَبِيلِ اللّٰهِ حَتّىٰ أَتَاكَ الْيَقِينُ ، فَصَلَّى اللّٰهُ عَلَيْكَ حَيّاً وَ مَيِّتاً.",
            "3": "أَشْهَدُ أَنَّكَ عَلَىٰ بَيِّنَةٍ مِنْ رَبِّكَ ، جِئْتُ مُقِرّاً بِالذُّنُوبِ لِتَشْفَعَ لِي عِنْدَ رَبِّكَ يَابْنَ رَسُولِ اللّٰهِ.",
            "5": "أَشْهَدُ أَنَّكُمْ حُجَجُ اللّٰهِ.",
            "7": "اكْتُبْ لِي عِنْدَكَ مِيثاقاً وَعَهْداً إِنِّي أَتَيْتُكَ مُجَدِّداً الْمِيثاقَ فَاشْهَدْ لِي عِنْدَ رَبِّكَ إِنَّكَ أَنْتَ الشَّاهِدُ."
        },
        "farsi": {
            "1": " سلام بر تو ای اباعبدالله، سلام بر تو ای حجّت خدا بر روی زمین و گواه او بر خلق، سلام بر تو ای فرزند رسول خدا، سلام بر تو ای فرزند علی مرتضی، سلام بر تو ای فرزند فاطمه زهرا، شهادت می‌دهم که تو نماز را برپا داشتی و زکات را پرداختی و امر به معروف و نهی از منکر نمودی و در راه خدا جهاد کردی تا مرگ تو را دررسید، پس درود خدا بر تو در زندگی و پس از مرگ. ",
            "2": "  شهادت می‌دهم که تو در همه کارهایت بر برهانی از پروردگارت هستی، به درگاه تو با اقرار به گناهان آمدم تا نزد پروردگارت ای فرزند رسول خدا برای من شفاعت کنی.",
            "3": " شهادت می‌دهم که شما حجت‌های خدایید.",
            "4": "نزد خود برای من پیمان محکم و عهدی بنویس که من برای تجدید کردن پیمان نزد تو آمدم، پس شهادت ده برای من نزد پروردگارت، زیرا که تو نیکو شاهدی هستی. "
        },
        "tozih": {
            "1": "شیخ کلینی از امام علی النقی(علیه‌السلام) روایت کرده است که آن حضرت فرمود: نزد امام حسین(علیه‌السلام) می‌گویی: ",
            "2": "آنگاه گونه راست صورت را بر قبر بگذار و بگو: ",
            "3": " پس یک‌یک امامان را به نام‌هایشان یاد کن و بگو: ",
            "4": "آنگاه بگو: "
        }
    }
}