{
    "126": {
        "number": 126,
        "bab": 3,
        "title": "زيارت امام حسین(ع) / زیارت‌نامه چهارم",
        "arabic": {
            "1": "السَّلامُ عَلَيْكَ يَا أَبا عَبْدِاللّٰهِ ، صَلَّى اللّٰهُ عَلَيْكَ يَا أَبا عَبْدِاللّٰهِ ، رَحِمَكَ اللّٰهُ يَا أَبا عَبْدِاللّٰهِ ، لَعَنَ اللّٰهُ مَنْ قَتَلَكَ ، وَلَعَنَ اللّٰهُ مَنْ شَرِكَ فِي دَمِكَ ، وَلَعَنَ اللّٰهُ مَنْ بَلَغَهُ ذٰلِكَ فَرَضِيَ بِهِ ، أَنَا إِلَى اللّٰهِ مِنْ ذٰلِكَ بَرِيءٌ."
        },
        "farsi": {
            "1": "سلام بر تو ای اباعبدالله، درود خدا بر تو ای اباعبدالله، خدا رحمتت کند ای اباعبدالله، خدا لعنت کند کسی را که تو را کشت، خدا لعنت کند کسی را که در خونت شریک شد و خدا لعنت کند کسی را که این واقعه به او رسید و با آن خشنود شد، من به سوی خدا از این واقعه هولناک بیزارم. "
        },
        "tozih": {
            "1": "از معاویه‌ بن‌ عمّار نقل‌شده: خدمت امام صادق(علیه‌السلام) عرضه داشتم: چون به زیارت حضرت امام حسین(علیه‌السلام) بروم چه بگویم؟ فرمود: بگو:  "
        }
    }
}