{
    "127": {
        "number": 127,
        "bab": 3,
        "title": "زيارت امام حسین(ع) / زیارت‌نامه پنجم",
        "arabic": {
            "1": "السَّلامُ عَلَيْكَ يَا أَبا عَبْدِ اللّٰهِ ، السَّلامُ عَلَيْكَ يَا ابْنَ رَسُولِ اللّٰهِ ، أَشْهَدُ أَنَّكَ قَدْ أَقَمْتَ الصَّلاةَ ، وَآتَيْتَ الزَّكَاةَ ، وَأَمَرْتَ بِالْمَعْرُوفِ ، وَنَهَيْتَ عَنِ الْمُنْكَرِ ، وَدَعَوْتَ إِلىٰ سَبِيلِ رَبِّكَ بِالْحِكْمَةِ وَالْمَوْعِظَةِ الْحَسَنَةِ ، وَأَشْهَدُ أَنَّ الَّذِينَ سَفَكُوا دَمَكَ وَاسْتَحَلُّوا حُرْمَتَكَ مَلْعُونُونَ مُعَذَّبُونَ عَلَىٰ لِسانِ داوُدَ وَعِيسَى ابْنِ مَرْيَمَ ذٰلِكَ بِما عَصَوْا وَكانُوا يَعْتَدُونَ.",
            "2": ""
        },
        "farsi": {
            "1": "سلام بر تو ای اباعبدالله، سلام بر تو ای فرزند رسول خدا، شهادت می‌دهم که تو نماز بپا داشتی و زکات پرداختی و به خوبی امر کردی و از بدی نهی نمودی و به سوی راه پروردگارت با حکمت و موعظه نیکو فرا خواندی و شهادت می‌دهم آنان‌که خونت را ریختند و حرمتت را حلال شمردند، در لعنت و شکنجه بر زبان داود و عیسی پسر مریم‌اند، به خاطر گناهی که مرتکب شدند و اهل ستم و تجاوز بودند. "
        },
        "tozih": {
            "1": "به سند معتبر روایت شده: حضرت موسی بن جعفر به ابراهیم بن ابی البلاد فرمود: هنگامی‌که به زیارت امام حسین(علیه‌السلام) می‌روی چه می‌گویی؟ گفت: می‌گویم:  ",
            "2": "حضرت فرمود: آری چنین است.  "
        }
    }
}