{
    "136": {
        "number": 136,
        "bab": 3,
        "title": "جایگاه حضرت عباس(ع) در بهشت",
        "arabic": {
            "1": ""
        },
        "farsi": {
            "1": ""
        },
        "tozih": {
            "1": "در خبری از حضرت سجاد(علیه‌السلام) آنچه حاصلش این است روایت شده: خداوند رحمت کند عباس(علیه‌السلام) را که نسبت به برادر خود ایثار کرد و جانش را فدای آن حضرت نمود تا این که در راه یاری او دو دستش را از بدن جدا کردند و خدا به جای دو دست او دو بال به آن جناب عنایت فرمود که مانند جعفر بن ابی‌طالب(علیه‌السلام) با آن دو بال همراه فرشتگان در بهشت پرواز می‌کند و برای عباس(علیه‌السلام) در قیامت نزد خدا مقامی است که مورد غبطه همه شهداست و تمام شهیدان را آرزوی مقام اوست. "
        }
    }
}