{
    "137": {
        "number": 137,
        "bab": 3,
        "title": "مرثیه ام البنین مادر حضرت عباس(ع)",
        "arabic": {
            "1": ""
        },
        "farsi": {
            "1": ""
        },
        "tozih": {
            "1": "روایت شده که قمر بنی‌هاشم به هنگام شهادت سی‌وچهار ساله بود و امّ البنین مادر آن حضرت در ماتم او و سه برادر دیگر عباس به بقیع می‌رفت و چنان ندبه و گریه می‌کرد که هر شخصی از آنجا می‌گذشت گریان می‌شد، گریستن دوستان عجبی نیست، مروان بن حکم که از بزرگ‌ترین دشمنان خاندان نبوّت بود، چون بر ماتم امّ البنین عبور می‌کرد، از اثر گریه او گریه می‌کرد و این اشعار از امّ البنین در مرثیه قمر بنی‌هاشم و دیگر پسرانش نقل‌شده است:\nيَا مَنْ رَأَى الْعَبَّاسَ كَرَّ عَلَى جَمَاهِيرِ النَّقَدِ\nوَ وَرَاهُ مِنْ أَبْنَاءِ حَيْدَرَ كُلُّ لَيْثٍ ذِي لَبَدٍ\nای که عباس را دیدی حمله می‌کرد بر توده‌های فرومایه\nو از فرزندان حیدر هر شیر یال داری دنبال او بود\nأُنْبِئْتُ أَنَّ ابْنِي أُصِيبَ بِرَأْسِهِ مَقْطُوعَ يَدٍ\nوَيْلِي عَلَى شِبْلِي أَمَالَ بِرَأْسِهِ ضَرْبُ الْعَمَدِ\nخبردار شده‌ام که به سر فرزندم ضربت وارد شده درحالی‌که بریده دست بود\nوای بر من بر شیر بچه‌ام که ضربت عمود سرش را خمیده کرد\nلَوْ كَانَ سَيْفُكَ فِي يَدِيْكَ\nلَمَا دَنَا مِنْهُ أَحَدٌ\nاگر شمشیرت در دستت بود\nکسی نمی‌توانست به تو نزدیک شود\nو نیز از اوست:\nلا تَدْعُوِنِّي وَيْكِ أُمَّ الْبَنِينَ\nتُذَكِّرِينِي بِلِيُوثِ الْعَرِينِ\nوای بر تو مرا دیگر مادر پسران مخوان\nکه مرا به یاد شیران بیشه‌ام می‌اندازی\nكَانَتْ بَنُونَ لِي أُدْعَى بِهِمْ\nوَ الْيَوْمَ أَصْبَحْتُ وَ لا مِنْ بَنِينَ\nمرا پسرانی بود که به آنان خوانده می‌شدم\nاما امروز برای من پسرانی نیست\nأَرْبَعَةٌ مِثْلُ نُسُورِ الرُّبَى\nقَدْ وَاصَلُوا الْمَوْتَ بِقَطْعِ الْوَتِينِ\nچهار پسر مانند کرکسان بلندی‌ها\nکه با بریده شدن رگ حیات یکی پس از دیگری به مرگ پیوستند\nتَنَازَعَ الْخِرْصَانُ أَشْلاءَهُمْ\nفَكُلُّهُمْ أَمْسَى صَرِيعاً طَعِينَ\nنیزه‌ها بر پیکرهایشان ستیزه داشتند\nهمه آنان با تن مجروح به خاک افتادند\nيَا لَيْتَ شِعْرِي أَكَمَا أَخْبَرُوا\nبِأَنَّ عَبَّاسا قَطِيعُ الْيَمِينِ\nای کاش می‌دانستم آن‌چنان است که خبر دادند\nاین که دست عباسم بریده شده بود\n"
        }
    }
}