{
    "139": {
        "number": 139,
        "bab": 3,
        "title": "زیارت‌های امام حسین(ع) در ایام خاص",
        "arabic": {
            "1": "",
            "2": ""
        },
        "farsi": {
            "1": "",
            "2": ""
        },
        "tozih": {
            "1": " زیارت‌های مخصوصه یعنی زیاراتی که مقید به اوقات معینی هستند و آن چند زیارت است. ",
            "2": "\nاول: زیارت اول رجب، نیمه رجب و نیمه شعبان\n\nدوم: زیارت نیمه رجب\n\nسوم: زیارت نیمه شعبان\n\nچهارم: زیارت شب ‌های قدر\n\nپنجم: زیارت آن حضرت در عید فطر و قربان\n\nششم: زیارت آن حضرت در روز عرفه\n\nهفتم: زیارت عاشورا\n\nهشتم: زیارت اربعین\n"
        }
    }
}