{
    "142": {
        "number": 142,
        "bab": 3,
        "title": "زیارت امام حسین(ع) در نیمه رجب",
        "arabic": {
            "1": " السَّلامُ عَلَيْكُمْ يَا آلَ اللّٰهِ ، السَّلامُ عَلَيْكُمْ يَا صَفْوَةَ اللّٰهِ ، السَّلامُ عَلَيْكُمْ يَا خِيَرَةَ اللّٰهِ مِنْ خَلْقِهِ ، السَّلامُ عَلَيْكُمْ يَا سادَةَ السَّاداتِ ، السَّلامُ عَلَيْكُمْ يَا لُيُوثَ الْغاباتِ ، السَّلامُ عَلَيْكُمْ يَا سُفُنَ النَّجاةِ ، السَّلامُ عَلَيْكَ يَا أَبا عَبْدِ اللّٰهِ الْحُسَيْنِ ، السَّلامُ عَلَيْكَ يَا وارِثَ عِلْمِ الْأَنْبِياءِ وَرَحْمَةُ اللّٰهِ وَبَرَكاتُهُ ، السَّلامُ عَلَيْكَ يَا وارِثَ آدَمَ صَفْوَةِ اللّٰهِ ، السَّلامُ عَلَيْكَ يَا وارِثَ نُوحٍ نَبِيِّ اللّٰهِ ، السَّلامُ عَلَيْكَ يَا وارِثَ إِبْراهِيمَ خَلِيلِ اللّٰهِ ، السَّلامُ عَلَيْكَ يَا وارِثَ إِسْماعِيلَ ذَبِيحِ اللّٰهِ ، السَّلامُ عَلَيْكَ يَا وارِثَ مُوسىٰ كَلِيمِ اللّٰهِ ، السَّلامُ عَلَيْكَ يَا وارِثَ عِيسىٰ رُوحِ اللّٰهِ ، السَّلامُ عَلَيْكَ يَا وارِثَ مُحَمَّدٍ حَبِيبِ اللّٰهِ؛ ",
            "2": " السَّلامُ عَلَيْكَ يَا ابْنَ مُحَمَّدٍ الْمُصْطَفىٰ ، السَّلامُ عَلَيْكَ يَا ابْنَ عَلِيٍّ الْمُرْتَضىٰ ، السَّلامُ عَلَيْكَ يَا ابْنَ فاطِمَةَ الزَّهْراءِ ، السَّلامُ عَلَيْكَ يَا ابْنَ خَدِيجَةَ الْكُبْرَىٰ ، السَّلامُ عَلَيْكَ يَا شَهِيدُ ابْنَ الشَّهِيدِ ، السَّلامُ عَلَيْكَ يَا قَتِيلُ ابْنَ الْقَتِيلِ ، السَّلامُ عَلَيْكَ يَا وَلِيَّ اللّٰهِ وَابْنَ وَلِيِّهِ ، السَّلامُ عَلَيْكَ يَا حُجَّةَ اللّٰهِ وَابْنَ حُجَّتِهِ عَلَىٰ خَلْقِهِ ، أَشْهَدُ أَنَّكَ قَدْ أَقَمْتَ الصَّلاةَ ، وَآتَيْتَ الزَّكاةَ ، وَأَمَرْتَ بِالْمَعْرُوفِ ، وَنَهَيْتَ عَنِ الْمُنْكَرِ ، وَرُزِئْتَ بِوالِدَيْكَ ، وَجاهَدْتَ عَدُوَّكَ ، وَأَشْهَدُ أَنَّكَ تَسْمَعُ الْكَلامَ ، وَتَرُدُّ الْجَوابَ ، وَأَنَّكَ حَبِيبُ اللّٰهِ وَخَلِيلُهُ وَنَجِيبُهُ وَ صَفِيُّهُ وَابْنُ صَفِيِّهِ؛ ",
            "3": " يَا مَوْلايَ وَابْنَ مَوْلايَ زُرْتُكَ مُشْتاقاً فَكُنْ لِي شَفِيعاً إِلَى اللّٰهِ يَا سَيِّدِي ، وَأَسْتَشْفِعُ إِلَى اللّٰهِ بِجَدِّكَ سَيِّدِ النَّبِيِّينَ ، وَبِأَبِيكَ سَيِّدِ الْوَصِيِّينَ ، وَبِأُمِّكَ فاطِمَةَ سَيِّدَةِ نِساءِ الْعالَمِينَ ، أَلا لَعَنَ اللّٰهُ قاتِلِيكَ ، وَلَعَنَ اللّٰهُ ظالِمِيكَ ، وَلَعَنَ اللّٰهُ سَالِبِيكَ وَمُبْغِضِيكَ مِنَ الْأَوَّلِينَ وَالْآخِرِينَ ، وَصَلَّى اللّٰهُ عَلَىٰ سَيِّدِنا مُحَمَّدٍ وَآلِهِ الطَّيِّبِينَ الطَّاهِرِينَ. ",
            "4": " السَّلامُ عَلَيْكَ يَا مَوْلايَ وَابْنَ مَوْلايَ ، لَعَنَ اللّٰهُ قاتِلِيكَ ، وَلَعَنَ اللّٰهُ ظالِمِيكَ ، إِنِّي أَتَقَرَّبُ إِلَى اللّٰهِ بِزِيارَتِكُمْ وَبِمَحَبَّتِكُمْ ، وَأَبْرَأُ إِلَى اللّٰهِ مِنْ أَعْدَائِكُمْ ، وَالسَّلامُ عَلَيْكَ يَا مَوْلايَ وَرَحْمَةُ اللّٰهِ وَبَرَكاتُهُ. ",
            "5": " السَّلامُ عَلَى الْأَرْواحِ الْمُنِيخَةِ بِقَبْرِ أَبِي عَبْدِ اللّٰهِ الْحُسَيْنِ عَلَيْهِ السَّلاٰمُ ، السَّلامُ عَلَيْكُمْ يَا طَاهِرِينَ مِنَ الدَّنَسِ ، السَّلامُ عَلَيْكُمْ يَا مَهْدِيُّونَ ، السَّلامُ عَلَيْكُمْ يَا أَبْرارَ اللّٰهِ ، السَّلامُ عَلَيْكُمْ وَعَلَى الْمَلائِكَةِ الْحَافِّينَ بِقُبُورِكُمْ أَجْمَعِينَ ، جَمَعَنَا اللّٰهُ وَ إِيَّاكُمْ فِي مُسْتَقَرِّ رَحْمَتِهِ وَتَحْتَ عَرْشِهِ إِنَّهُ أَرْحَمُ الرَّاحِمِينَ ، وَالسَّلامُ عَلَيْكُمْ وَرَحْمَةُ اللّٰهِ وَبَرَكَاتُهُ. ",
            "6": ""
        },
        "farsi": {
            "1": " سلام بر شما ای خاندان خدا، سلام بر شما ای برگزیدگان خدا، سلام بر شما ای انتخاب‌گشته‌های خدا از میان خلق، سلام بر شما ای آقایان آقاها، سلام بر شما ای شیران بیشه‌ها، سلام بر شما ای کشتی‌های نجات، سلام بر تو ای اباعبدالله الحسین، سلام بر تو ای وارث دانش پیامبران، رحمت و برکات خدا بر تو باد، سلام بر تو ای وارث آدم برگزیده خدا، سلام بر تو ای وارث نوح پیامبر خدا، سلام بر تو ای وارث ابراهیم دوست خدا، سلام بر تو ای وارث اسماعیل قربانی خدا، سلام بر تو ای وارث موسی هم‌سخن خدا، سلام بر تو ای وارث عیسی روح خدا، سلام بر تو ای وارث محمّد حبیب خدا؛",
            "2": " سلام بر تو ای فرزند محمّد مصطفی، سلام بر تو ای فرزند علی مرتضی، سلام بر تو ای فرزند فاطمه زهرا، سلام بر تو ای فرزند خدیجه کبری، سلام بر تو ای شهید فرزند شهید، سلام بر تو ای کشته فرزند کشته، سلام بر تو ای ولی خدا و فرزند ولی خدا، سلام بر تو ای حجّت خدا و فرزند حجّت خدا بر خلقش، گواهی می‌دهم که تو نماز بپا داشتی و زکات پرداختی و به معروف امر کردی و از منکر نهی نمودی و مصیبت‌زده پدر و مادر شدی و با دشمنت جهاد کردی و گواهی می‌دهم که تو سخن را می‌شنوی و پاسخ می‌دهی و تو حبیب و دوست و بنده نجیب و برگزیده و فرزند برگزیده خدایی؛",
            "3": "ای مولای من و فرزند مولای من مشتاقانه تو را زیارت نمودم؛ ای آقای من به درگاه خدا شفیع من باش، ای آقای من به درگاه خدا طلب شفاعت می‌کنم به وسیله‌ی جدّت سرور پیامبران و پدرت سرور جانشینان و مادرت فاطمه سرور بانوان جهانیان، خدا لعنت کند قاتل و ستمگر و غارت‌گر و دشمنت را از گذشتگان و آیندگان و درود خدا بر آقای ما محمّد و خاندان پاک و پاکیزه‌اش. ",
            "4": " سلام بر تو ای مولای من و فرزند مولای من، خدا لعنت کند کشنده‌ی تو و ستم‌کننده بر تو را، من به زیارت شما و محبتتان به خدا تقرب می‌جویم و از دشمنانتان اعلام بیزاری می‌کنم، سلام و رحمت و برکات خدا بر تو ای مولایم. ",
            "5": " سلام بر ارواح خفته در کنار قبر ابی‌عبدالله الحسین (درود بر او)، سلام بر شما ای پاکان از آلودگی، سلام بر شما ای هدایت‌شده‌گان، سلام بر شما ای نیکان خدا، سلام بر شما و بر همه فرشتگان پیرامون قبرهایتان، خدا ما و شما را در جایگاه رحمتش و زیر عرشش گردآورد که او مهربان‌ترین مهربانان است و سلام و رحمت و برکات خدا بر شما باد.",
            "6": ""
        },
        "tozih": {
            "1": "غیر «زیارت اول» که گذشت زیارت دیگری است که شیخ مفید در کتاب «مزار» نقل کرده و از زیارات مخصوصه نیمه رجب است، نیمه رجبی که آن را «غفیله» می‌گویند، به سبب غفلت عموم مردم از فضیلت آن،\n\nچون در این وقت زیارت آن حضرت را قصد کردی، وارد حرم مطهّر شو و «سه مرتبه» بگو: ",
            "2": "",
            "3": "",
            "4": "سپس قبر مطهّر را ببوس و رو به جانب علی بن الحسین(علیه‌السلام) کن و در زیارت آن جناب بگو: ",
            "5": " بعد برو تا به قبور شهدا(رضوان الله علیهم) برسی، آنجا بایست و بگو: ",
            "6": "بعد از آن به حرم عباس بن امیر‌المؤمنین رفته و چون به آنجا رسیدی بر در بارگاه آن جانب بایست و بگو: «سَلامُ اللّٰهِ وَسَلامُ مَلائِکَتِهِ الْمُقَرَّبِینَ» تا آخر زیارت آن حضرت که پیش از این گذشت."
        }
    }
}