{
    "152": {
        "number": 152,
        "bab": 3,
        "title": "زیارت امام حسین(ع) در روز عاشورا",
        "arabic": {
            "1": ""
        },
        "farsi": {
            "1": ""
        },
        "tozih": {
            "1": "بدان که زیارت نقل‌شده برای روز عاشورا چند زیارت است و ما در اینجا به ملاحظه اختصار تنها به ذکر دو زیارت اکتفا می‌کنیم ـ و البته در باب دوّم در بیان «اعمال روز عاشورا» نیز «زیارتی» را نقل کردیم ـ با مطالبی دیگر که مناسب این مقام است.\n\nامّا آن دو زیارت:\nیکی «زیارت عاشورای معروف» است که از نزدیک و دور خوانده می‌شود.\nدوم «زیارت عاشورای غیر معروف»، که با زیارت معروف متداول در اجر و ثواب همسان است و مشقّت گفتن صد مرتبه لعن و صد مرتبه سلام را ندارد."
        }
    }
}