{
    "153": {
        "number": 153,
        "bab": 3,
        "title": "زیارت عاشورا",
        "arabic": {
            "1": " السَّلامُ عَلَيْكَ يَا أَبا عَبْدِاللّٰهِ ، السَّلامُ عَلَيْكَ يَا ابْنَ رَسُولِ اللّٰهِ ، السَّلامُ عَلَيْكَ يا خِيَرَةَ اللّٰهِ وَابْنَ خِيرَتِهِ ، السَّلامُ عَلَيْكَ يَا ابْنَ أَمِيرِ الْمُؤْمِنِينَ ، وَابْنَ سَيِّدِ الْوَصِيِّينَ ، السَّلامُ عَلَيْكَ يَا ابْنَ فاطِمَةَ سَيِّدَةِ نِساءِ الْعالَمِينَ ، السَّلامُ عَلَيْكَ يَا ثارَ اللّٰهِ وَابْنَ ثارِهِ وَالْوِتْرَ الْمَوْتُورَ ، السَّلامُ عَلَيْكَ وَعَلَى الْأَرْواحِ الَّتِي حَلَّتْ بِفِنائِكَ ، عَلَيْكُمْ مِنِّي جَمِيعاً سَلامُ اللّٰهِ أَبَداً مَا بَقِيتُ وَبَقِيَ اللَّيْلُ وَالنَّهارُ؛ ",
            "2": " يَا أَبا عَبْدِاللّٰهِ ، لَقَدْ عَظُمَتِ الرَّزِيَّةُ وَجَلَّتْ وَعَظُمَتِ الْمُصِيبَةُ بِكَ عَلَيْنا وَعَلَىٰ جَمِيعِ أَهْلِ الْإِسْلامِ ، وَجَلَّتْ وَعَظُمَتْ مُصِيبَتُكَ فِي السَّمَاوَاتِ عَلَىٰ جَمِيعِ أَهْلِ السَّمَاوَاتِ ، فَلَعَنَ اللّٰهُ أُمَّةً أَسَّسَتْ أَسَاسَ الظُّلْمِ وَالْجَوْرِ عَلَيْكُمْ أَهْلَ الْبَيْتِ ، وَلَعَنَ اللّٰهُ أُمَّةً دَفَعَتْكُمْ عَنْ مَقامِكُمْ وَأَزالَتْكُمْ عَنْ مَراتِبِكُمُ الَّتِي رَتَّبَكُمُ اللّٰهُ فِيها ، وَلَعَنَ اللّٰهُ أُمَّةً قَتَلَتْكُمْ؛ ",
            "3": " وَلَعَنَ اللّٰهُ الْمُمَهِّدِينَ لَهُمْ بِالتَّمْكِينِ مِنْ قِتالِكُمْ ، بَرِئْتُ إِلَى اللّٰهِ وَ إِلَيْكُمْ مِنْهُمْ وَ [مِنْ] أَشْياعِهِمْ وَأَتْباعِهِمْ وَأَوْلِيائِهِمْ ، يَا أَبا عَبْدِاللّٰهِ ، إِنِّي سِلْمٌ لِمَنْ سالَمَكُمْ ، وَحَرْبٌ لِمَنْ حارَبَكُمْ إِلىٰ يَوْمِ الْقِيامَةِ ، وَلَعَنَ اللّٰهُ آلَ زِيادٍ وَآلَ مَرْوانَ ، وَلَعَنَ اللّٰهُ بَنِي أُمَيَّةَ قاطِبَةً ، وَلَعَنَ اللّٰهُ ابْنَ مَرْجانَةَ ، وَلَعَنَ اللّٰهُ عُمَرَ بْنَ سَعْدٍ ، وَلَعَنَ اللّٰهُ شِمْراً ، وَلَعَنَ اللّٰهُ أُمَّةً أَسْرَجَتْ وَأَلْجَمَتْ وَتَنَقَّبَتْ لِقِتالِكَ؛ ",
            "4": " بِأَبِي أَنْتَ وَأُمِّي ، لَقَدْ عَظُمَ مُصابِي بِكَ ، فَأَسْأَلُ اللّٰهَ الَّذِي أَكْرَمَ مَقامَكَ ، وَأَكْرَمَنِي بِكَ، أَنْ يَرْزُقَنِي طَلَبَ ثارِكَ مَعَ إِمامٍ مَنْصُورٍ مِنْ أَهْلِ بَيْتِ مُحَمَّدٍ صَلَّى اللّٰهُ عَلَيْهِ وَآلِهِ . اللّٰهُمَّ اجْعَلْنِي عِنْدَكَ وَجِيهاً بِالْحُسَيْنِ عَلَيْهِ السَّلاٰمُ فِي الدُّنْيا وَالآخِرَةِ ، يَا أَباعَبْدِاللّٰهِ ، إِنِّي أَتَقَرَّبُ إِلَى اللّٰهِ ، وَ إِلىٰ رَسُولِهِ ، وَ إِلىٰ أَمِيرِ الْمُؤْمِنِينَ ، وَ إِلىٰ فاطِمَةَ ، وَ إِلَى الْحَسَنِ ، وَ إِلَيْكَ بِمُوَالاتِكَ؛ ",
            "5": " وَبِالْبَراءَةِ [مِمَّنْ قَاتَلَكَ ، وَنَصَبَ لَكَ الْحَرْبَ ، وَبِالْبَراءَةِ مِمَّنْ أَسَّسَ أَسَاسَ الْظُلْمِ وَالْجَوْرِ عَلَيْكُمْ ، وَأَبْرَأُ إِلَى اللّٰهِ وَإِلىٰ رَسُولِهِ] مِمَّنْ أَسَّسَ أَساسَ ذٰلِكَ وَبَنىٰ عَلَيْهِ بُنْيانَهُ ، وَجَرىٰ فِي ظُلْمِهِ وَجَوْرِهِ عَلَيْكُمْ وَعَلَىٰ أَشْياعِكُمْ ، بَرِئْتُ إِلَى اللّٰهِ وَ إِلَيْكُمْ مِنْهُمْ ، وَأَتَقَرَّبُ إِلَى اللّٰهِ ثُمَّ إِلَيْكُمْ بِمُوالاتِكُمْ وَمُوالاةِ وَلِيِّكُمْ ، وَبِالْبَراءَةِ مِنْ أَعْدائِكُمْ ، وَالنَّاصِبِينَ لَكُمُ الْحَرْبَ ، وَبِالْبَراءَةِ مِنْ أَشْيَاعِهِمْ وَأَتْبَاعِهِمْ ، إِنِّي سِلْمٌ لِمَنْ سالَمَكُمْ ، وَحَرْبٌ لِمَنْ حارَبَكُمْ ، وَوَلِيٌّ لِمَنْ والاكُمْ، وَعَدُوٌّ لِمَنْ عاداكُمْ؛ ",
            "6": " فَأَسْأَلُ اللّٰهَ الَّذِي أَكْرَمَنِي بِمَعْرِفَتِكُمْ ، وَمَعْرِفَةِ أَوْلِيَائِكُمْ ، وَرَزَقَنِي الْبَراءَةَ مِنْ أَعْدائِكُمْ ، أَنْ يَجْعَلَنِي مَعَكُمْ فِي الدُّنْيا وَالْآخِرَةِ ، وَأَنْ يُثَبِّتَ لِي عِنْدَكُمْ قَدَمَ صِدْقٍ فِي الدُّنْيا وَالْآخِرَةِ ، وَأَسْأَلُهُ أَنْ يُبَلِّغَنِي الْمَقامَ الْمَحْمُودَ لَكُمْ عِنْدَ اللّٰهِ ، وَأَنْ يَرْزُقَنِي طَلَبَ ثارِي مَعَ إِمامِ هُدىً ظَاهِرٍ نَاطِقٍ بِالْحَقِّ مِنْكُمْ؛ ",
            "7": " وَأَسْأَلُ اللّٰهَ بِحَقِّكُمْ وَبِالشَّأْنِ الَّذِي لَكُمْ عِنْدَهُ أَنْ يُعْطِيَنِي بِمُصابِي بِكُمْ أَفْضَلَ مَا يُعْطِي مُصاباً بِمُصِيبَتِهِ ، مُصِيبَةً مَا أَعْظَمَها وَأَعْظَمَ رَزِيَّتَها فِي الْإِسْلامِ وَفِي جَمِيعِ السَّماواتِ وَالْأَرْضِ . اللّٰهُمَّ اجْعَلْنِي فِي مَقَامِي هٰذَا مِمَّنْ تَنالُهُ مِنْكَ صَلَواتٌ وَرَحْمَةٌ وَمَغْفِرَةٌ ، اللّٰهُمَّ اجْعَلْ مَحْيايَ مَحْيا مُحَمَّدٍ وَآلِ مُحَمَّدٍ ، وَمَماتِي مَماتَ مُحَمَّدٍ وَآلِ مُحَمَّدٍ؛ ",
            "8": " اللّٰهُمَّ إِنَّ هٰذَا يَوْمٌ تَبَرَّكَتْ بِهِ بَنُو أُمَيَّةَ وَابْنُ آكِلَةِ الْأَكْبادِ ، اللَّعِينُ ابْنُ اللَّعِينِ عَلَىٰ لِسانِكَ وَ لِسانِ نَبِيِّكَ صَلَّى اللّٰهُ عَلَيْهِ وَآلِهِ فِي كُلِّ مَوْطِنٍ وَ مَوْقِفٍ وَقَفَ فِيهِ نَبِيُّكَ صَلَّى اللّٰهُ عَلَيْهِ وَآلِهِ . اللّٰهُمَّ الْعَنْ أَباسُفْيانَ وَمُعَاوِيَةَ وَيَزِيدَ بْنَ مُعَاوِيَةَ عَلَيْهِمْ مِنْكَ اللَّعْنَةُ أَبَدَ الْآبِدِينَ ، وَهٰذَا يَوْمٌ فَرِحَتْ بِهِ آلُ زِيادٍ وَآلُ مَرْوانَ بِقَتْلِهِمُ الْحُسَيْنَ صَلَواتُ اللّٰهِ عَلَيْهِ؛ ",
            "9": " اللّٰهُمَّ فَضاعِفْ عَلَيْهِمُ اللَّعْنَ مِنْكَ وَالْعَذابَ الْأَلِيمَ . اللّٰهُمَّ إِنِّي أَتَقَرَّبُ إِلَيْكَ فِي هٰذَا الْيَوْمِ ، وَفِي مَوْقِفِي هٰذَا ، وَأَيَّامِ حَيَاتِي بِالْبَرَاءَةِ مِنْهُمْ ، وَاللَّعْنَةِ عَلَيْهِمْ ، وَبِالْمُوَالاةِ لِنَبِيِّكَ وَآلِ نَبِيِّكَ عَلَيْهِ وَ عَلَيْهِمُ السَّلامُ؛ ",
            "10": " اللّٰهُمَّ الْعَنْ أَوَّلَ ظَالِمٍ ظَلَمَ حَقَّ مُحَمَّدٍ وَآلِ مُحَمَّدٍ وَآخِرَ تَابِعٍ لَهُ عَلَىٰ ذٰلِكَ . اللّٰهُمَّ الْعَنِ الْعِصَابَةَ الَّتِي جاهَدَتِ الْحُسَيْنَ وَشايَعَتْ وَبايَعَتْ وَتابَعَتْ عَلَىٰ قَتْلِهِ ، اللّٰهُمَّ الْعَنْهُمْ جَمِيعاً؛ ",
            "11": " السَّلامُ عَلَيْكَ يَا أَبا عَبْدِاللّٰهِ وَعَلَى الْأَرْواحِ الَّتِي حَلَّتْ بِفِنائِكَ ، عَلَيْكَ مِنِّي سَلامُ اللّٰهِ أَبَداً مَا بَقِيتُ وَبَقِيَ اللَّيْلُ وَالنَّهارُ ، وَلَا جَعَلَهُ اللّٰهُ آخِرَ الْعَهْدِ مِنِّي لِزِيارَتِكُمْ، السَّلامُ عَلَى الْحُسَيْنِ ، وَعَلَىٰ عَلِيِّ بْنِ الْحُسَيْنِ ، وَعَلَىٰ أَوْلادِ الْحُسَيْنِ ، وَعَلَىٰ أَصْحابِ الْحُسَيْنِ؛ ",
            "12": " اللّٰهُمَّ خُصَّ أَنْتَ أَوَّلَ ظالِمٍ بِاللَّعْنِ مِنِّي ، وَابْدَأْ بِهِ أَوَّلاً ، ثُمَّ الْعَن الثَّانِيَ وَالثَّالِثَ وَالرَّابِعَ. اللّٰهُمَّ الْعَنْ يَزِيدَ خامِساً ، وَالْعَنْ عُبَيْدَ اللّٰهِ بْنَ زِيادٍ وَابْنَ مَرْجانَةَ وَعُمَرَ بْنَ سَعْدٍ وَشِمْراً وَآلَ أَبِي سُفْيانَ وَآلَ زِيادٍ وَآلَ مَرْوَانَ إِلىٰ يَوْمِ الْقِيَامَةِ. ",
            "13": " اللّٰهُمَّ لَكَ الْحَمْدُ حَمْدَ الشَّاكِرِينَ لَكَ عَلَىٰ مُصَابِهِمْ ، الْحَمْدُ لِلّٰهِ عَلَىٰ عَظِيمِ رَزِيَّتِي ، اللّٰهُمَّ ارْزُقْنِي شَفاعَةَ الْحُسَيْنِ يَوْمَ الْوُرُودِ ، وَثَبِّتْ لِي قَدَمَ صِدْقٍ عِنْدَكَ مَعَ الْحُسَيْنِ وَأَصْحابِ الْحُسَيْنِ الَّذِينَ بَذَلُوا مُهَجَهُمْ دُونَ الْحُسَيْنِ عَلَيْهِ‌السلام. ",
            "14": "",
            "15": ""

        },
        "farsi": {
            "1": " سلام بر تو ای اباعبدالله، سلام بر تو ای فرزند رسول خدا، سلام بر تو ای فرزند امیرمؤمنان و فرزند سرور جانشیان، سلام بر تو ای فرزند فاطمه سرور بانوان جهانیان، سلام بر تو ای خون خدا و فرزند خون خدا و ای تنهای مظلوم، سلام بر تو و جان‌هایی که به درگاهت فرود آمدند، از جانب من بر همگی شما سلام خدا، برای همیشه تا هستم و تا شب و روز باقی است؛ ",
            "2": "ای اباعبدالله، هرآینه عزایت بزرگ و سنگین شد و مصیبت تو بر ما و بر همه اهل اسلام بس بزرگ گشت و سنگین و بزرگ شد مصیبتت در آسمان‌ها بر همه اهل آسمان، خدا لعنت کند امّتی را که بنای ستم و بی‌داد را بر شما اهل‌بیت بنیان نهادند و خدا لعنت کند قومی را که شما را از مقامتان دور کرد و از مرتبه‌هایتان برکنار نمود، مرتبه‌هایی که خدا شما را در آن‌ها جای داد و خدا لعنت کند امّتی را که شما را کشتند؛ ",
            "3": " و خدا لعنت کند آنان را که امکان و توان جنگ با شما را برای ایشان تدارک دیدند، من بیزاری می‌جویم به سوی خدا و به جانب شما از ایشان و از شیعیان و پیروان و دوستدارانشان، ای اباعبدالله من در صلحم با کسی که با شما صلح کرد و در جنگم با کسی که با شما جنگید تا روز قیامت و خدا لعنت کند خاندان زیاد و خاندان مروان را و خدا همه بنی امیه را لعنت کند و لعنت کند پسر مرجانه و عمر بن سعد و شمر را و لعنت کند امّتی را که مرکب‌ها را زین کردند و لگام زدند و جنگ با تو را دنبال کردند؛ ",
            "4": " پدر و مادرم به فدایت، همانا مصیبتت بر من سنگین شد، از خدا که مقامت را گرامی داشت و مرا به وسیله تو کرامت بخشید، درخواست می‌کنم که خون‌خواهی تو را همراه پیشوای یاری شده از اهل‌بیت محمّد (درود خدا بر او و خاندانش) روزی من کند، خدایا به حق حسین مرا نزد خود در دنیا و آخرت آبرومند قرار ده، ای اباعبدالله من به خدا و رسولش و امیرمؤمنان و فاطمه و حسن تقرّب می‌جویم، به دوستی تو؛ ",
            "5": "و به بیزاری [از کسی که با تو مقاتله کرد و جنگ با تو را برپا کرد و به بیزاری جستن از کسی که شالوده ستم و ظلم بر شما را ریخت و بیزاری جویم بسوی خدا و بسوی رسولش] از کسی که پایه‌گذاری کرد اساس این واقعه را و بنا نهاد بر آن بنیانش را و روان شد در ستم و بیدادش بر شما و شیعیان شما، از ایشان به سوی خدا و شما بیزارم و به خدا تقرّب می‌جویم و پس از آن به شما نیز با دوستی نسبت به شما و دوستی نسبت به دوستان شما و به بیزاری از دشمنانتان و برپاکنندگان جنگ با شما و به بیزاری از شیعیان و پیروان آن‌ها، من در صلحم با کسی که با شما صلح کرد و در جنگم با کسی که با شما جنگید و دوستم با کسی که شما را دوست داشت و دشمنم با کسی که شما را دشمن داشت؛ ",
            "6": " پس درخواست می‌کنم از خدا که مرا به معرفت شما و دوستان شما گرامی داشت و بیزاری از دشمنان شما را نصیب من کرد، اینکه مرا در دنیا و آخرت با شما قرار دهد و جایگاهم را نزد شما استوار بدارد و از او می‌خواهم که مرا برساند به مقام ستوده‌ای که برای شما نزد خداست و روزی کند خون‌خواهی‌ام را به همراه امام هدایت‌گر آشکار و گویای به حق از خاندان شما؛ ",
            "7": "و از خدا درخواست می‌کنم به حق شما و شأنی که برای شما نزد اوست که عطا کند به من به خاطر مصیبت‌زدگی‌ام به شما برترین چیزی را که عطا کند به مصیبت‌زده‌ای به خاطر مصیبتش، چه مصیبتی بزرگ است آن مصیبت و چه عظیم است آن عزا در اسلام و در همه آسمان‌ها و زمین. خدایا در این جایگاه مرا از کسانی قرار ده که از جانب تو به آنان درود و رحمت و آمرزش می‌رسد، خدایا حیاتم را حیات [آمیخته به عشق] محمّد و خاندان محمّد و مرگم را مرگ [در حال شیفتگی به] محمّد و خاندان محمّد قرار ده؛ ",
            "8": " خدایا این روز روزی است که به آن تبرّک جستند بنی‌امیه و فرزند جگرخوار، آن لعنت‌شده فرزند لعنت شده بر زبان تو و زبان پیامبرت (درود خدا بر او و خاندانش) در هر کجا و هر موقفی که پیامبرت (درود خدا بر او و خاندانش) در آن ایستاد. خدایا لعنت کن اباسفیان و معاویه و یزید فرزند معاویه را که از جانب تو بر آنان لعنت باد به جاودانگی جاودان‌ها و امروز روزی است که خوشحال شدند به این روز خاندان زیاد و خاندان مردان، به خاطر کشتن حضرت امام حسین را (درود خدا بر او)؛ ",
            "9": "خدایا پس لعنت و شکنجه‌ات را بر آنان دوچندان کن، خدای من در این روز و در این جایگاه و همه روزهای زندگی‌ام به تو تقرّب می‌جویم، به بیزاری از اینان و لعنت بر ایشان و به دوستی پیامبر و خاندان پیامبرت (درود بر او ایشان)؛ ",
            "10": "خدایا لعنت کن نخستین ستمکاری را که به حق محمّد و خاندان محمّد ستم کرد و آخرین کسی را که در این ستم از او پیروی نمود. خدایا لعنت کن جمعیتی را که با حسین پیکار کردند و همراهی نمودند و پیمان بستند و پیروی کردند بر کشتن آن حضرت، خدایا همه آنان را لعنت کن؛",
            "11": " سلام بر تو ای اباعبدالله و بر جان‌هایی که به درگاهت فرود آمدند، از جانب من سلام خدا بر تو باد همیشه تا هستم و تا شب و روز باقی است و خدا زیارت شما آخرین زیارت از سوی من قرار ندهد، سلام بر حسین و بر علی بن الحسین و فرزندان حسین و یاران حسین؛ ",
            "12": "خدایا اختصاص ده، اوّلین ستمکار را از جانب من به لعنت و آغاز کن به آن لعنت اولین را، سپس دومین و سومین و چهارمین را، خدایا یزید پنجم آنان را لعنت کن و لعنت کن عبیدالله بن زیاد و پسر مرجانه و عمر بن سعد و شمر و خاندان ابوسفیان خاندان زیاد و خاندان مروان را تا روز قیامت. ",
            "13": "خدایا سپاس تو را سپاس شکرگزاران بر مصیبت‌زدگی آنان، خدای را سپاس بر بزرگی عزایم، خدایا شفاعت حسین را در روز ورود [به قیامت] نصیبم کن و ثابت بدار قدم صدق مرا نزد خود به همراه حسین و یاران حسین، آنان‌که جانشان را در دفاع از حسین (درود بر او) بخشیدند. ",
            "14": "",
            "15": ""
        },
        "tozih": {
            "1": "",
            "2": "",
            "3": "",
            "4": "",
            "5": "",
            "6": "",
            "7": "",
            "8": "",
            "9": "",
            "10": " سپس «صد مرتبه» می‌گویى: ",
            "11": "پس مى‌گویى «صد مرتبه»:",
            "12": "آنگاه می‌گویی: ",
            "13": "سپس به سجده می‌روی و می‌گویی: ",
            "14": "علقمه گفت: حضرت باقر(علیه‌السلام) فرمود: اگر بتوانی آن حضرت را هر روز به این زیارت در خانه خود زیارت کنی زیارت کن که تمام این ثواب‌ها برای تو خواهد بود. ",
            "15": "[این زیارت همان] زیارت عاشورای معروف است که از نزدیک و دور خوانده می‌شود و شرح آن چنان‌که شیخ ابوجعفر طوسی در «مصباح» ذکر فرموده چنین است:\n\nمحمّد بن اسماعیل بن بزیع، از صالح بن عقبه، از پدرش، از حضرت باقر(علیه‌السلام) روایت کرده است: که حضرت فرموده: هرکه حسین بن علی را در روز «دهم محرّم» نزد قبر آن حضرت زیارت کند تا آنکه گریان شود، خدا را در روز قیامت ملاقات کند، با ثوابی به اندازه ثواب دو هزار حج و دو هزار عمره و دو هزار جهاد که ثواب آن‌ها همانند ثواب کسی می‌باشد که در خدمت رسول خدا (صلی‌الله‌علیه‌و‌آله‌وائمه‌طاهرین) جهاد کرده باشد.\n\nراوی گفت: فدایت شوم چه ثوابی است برای کسی که در شهرهای دور از کربلا باشد و برایش در مانند این روز رفتن به سوی قبر آن حضرت ممکن نباشد؟\n\nفرمود: هرگاه چنین باشد به سوی صحرا بیرون رود، یا در خانه خود بر بام بلندی بالا رود و به سوی آن حضرت به سلام اشاره کند و در نفرین کردن بر قاتلین آن حضرت بکوشد و پس از آن دو رکعت نماز بخواند؛ و این کار را در اوایل روز، پیش از زوال آفتاب انجام دهد، پس بر امام حسین(علیه‌السلام) زاری و گریه کند و کسانی را که در خانه‌اش هستند، هرگاه از ایشان تقیه نمی‌کند، به گریه کردن بر آن حضرت امر کند و در خانهٔ خود به اظهار جزع بر آن حضرت عزا بپا دارد و یکدیگر را به مصیبتشان به حسین(علیه‌السلام) تعزیت گویند و من بر خدا برای ایشان همه آن ثواب‌ها را ضامنم، هرگاه این عمل را بیاورند.\n\nگفتم: فدایت شوم این ثواب‌ها را برای ایشان ضامن می‌شوی و آن‌ها را کفیل می‌گردی؟ فرمود: آری من ضامن و کفیلم برای کسی که این عمل را بجا آورد.\n\nگفتم: یکدیگر را چگونه تعزیت گویند؟ فرمود: بگویند:\nأَعْظَمَ اللّٰهُ أُجُورَنا بِمُصابِنا بِالْحُسَيْنِ عليه السلام ، وَجَعَلَنا وَإِيَّاكُمْ مِنَ الطَّالِبِينَ بِثارِهِ مَعَ وَلِيِّهِ الْإِمامِ الْمَهْدِيِّ مِنْ آلِ مُحَمَّدٍ عَلَيْهِمُ السَّلاٰمُ.\nخدای بزرگ فرماید اجرهایمان را به مصیبتمان بر حسین (درود بر او) و ما و شما را از خواهندگان خون او همراه با ولی‌اش، امام مهدی از خاندان محمّد (درود بر ایشان) قرار دهد.\n\nو اگر بتوانی آن روز را به دنبال حاجتی بیرون نروی، بیرون نرو، زیرا روز نحسی است که در آن حاجت مؤمن برآورده نمی‌شود و اگر برآورده شود برای او مبارک نخواهد بود و در آن خیر و رشدی نخواهد دید و در آن روز هیچ‌کدام از شما برای منزلش، البته چیزی ذخیره نکند، چرا که هرکه در آن روز چیزی ذخیره کند، در آن چیز برکت نخواهد دید و برای او و اهلش که جهت آن‌ها ذخیره کرده مبارک نخواهد بود.\n\nهرگاه این عمل را به جا آوردند، حق‌تعالی برای ایشان ثواب هزار حج، هزار عمره و هزار جهاد بنویسد که گویا همه را با رسول خدا(صلی‌الله‌علیه‌وآله) انجام داده باشد و برای اوست مزد و پاداش مصیبت هر پیامبر و رسول و وصی و صدّیق و شهیدی که مرده یا کشته شده باشد، از زمانی که حق‌تعالی خلق فرموده دنیا را تا زمانی که قیامت بر پا شود.\n\nصالح بن عُقبه و سیف بن عُمَیره گفته‌اند: عَلقَمة بن محمّد حَضرمی گفت: به حضرت باقر(علیه‌السلام) گفتم: به من دعایی تعلیم فرما که آن را در این روز بخوانم هرگاه آن جناب را از نزدیک زیارت کنم و دعایی که آن را بخوانم هرگاه او را از نزدیک زیارت ننمایم و بخواهم به سلام به جانب او از شهرهای دور از خانه‌ام اشاره کنم.\n\nبه من فرمود: ای علقمه هرگاه آن دو رکعت نماز را بجای آوردی به سوی آن حضرت، به سلام اشاره کن و در وقت اشاره به آن حضرت پس از گفتن «تکبیر» این کلام را بگو: [زیارتی که چند سطر بعد ذکر می‌شود]\n\nبه درستی که هرگاه این کلام را گفتی، دعا کرده‌ای به آن چیزی که دعا می‌کنند به آن زائران آن حضرت از ملائکه و خداوند برای تو صد هزار هزار درجه بنویسد و همانند کسی باشی که با امام حسین(علیه‌السلام) شهید شده باشد تا مشارکت کنی با ایشان در درجاتشان و شناخته نشوی، مگر در زمرهٔ شهیدانی که با آن حضرت شهید شده‌اند و برای تو نوشته شود زیارت هر پیامبر و رسولی و پاداش زیارت هرکه زیارت کرده امام حسین(علیه‌السلام) را از روزی که شهید شده، سلام خدا بر آن حضرت و اهل‌بیتش باد؛ "
        }
    }
}