{
    "170": {
        "number": 170,
        "bab": 3,
        "title": "صلوات بر امام جواد، حضرت امام محمد تقی(ع)",
        "arabic": {
            "1": "اللّٰهُمَّ صَلِّ عَلَىٰ مُحَمَّدٍ وَأَهْلِ بَيْتِهِ ، وَصَلِّ عَلَىٰ مُحَمَّدِ بْنِ عَلِيٍّ ، الزَّكِيِّ التَّقِيِّ ، وَالْبَرِّ الْوَفِيِّ ، وَالْمُهَذَّبِ النَّقِيِّ ، هادِي الْأُمَّةِ ، وَوارِثِ الْأَئِمَّةِ ، وَخازِنِ الرَّحْمَةِ ، وَيَنْبُوعِ الْحِكْمَةِ ، وَقائِدِ الْبَرَكَةِ ، وَعَدِيلِ الْقُرْآنِ فِي الطَّاعَةِ ، وَواحِدِ الْأَوْصِياءِ فِي الْإِخْلاصِ وَالْعِبادَةِ ، وَحُجَّتِكَ الْعُلْيا ، وَمَثَلِكَ الْأَعْلىٰ ، وَكَلِمَتِكَ الْحُسْنىٰ ، الدَّاعِي إِلَيْكَ ، وَالدَّالِّ عَلَيْكَ ، الَّذِي نَصَبْتَهُ عَلَماً لِعِبادِكَ ، وَمُتَرْجِماً لِكِتابِكَ ، وَصادِعاً بِأَمْرِكَ ، وَناصِراً لِدِينِكَ ، وَحُجَّةً عَلَىٰ خَلْقِكَ ، وَنُوراً تَخْرُقُ بِهِ الظُّلَمَ ، وَقُدْوَةً تُدْرَكُ بِهَا الْهِدايَةُ ، وَشَفِيعاً تُنالُ بِهِ الْجَنَّةُ .",
            "2": " اللّٰهُمَّ وَكَما أَخَذَ فِي خُشُوعِهِ لَكَ حَظَّهُ ، وَاسْتَوْفىٰ مِنْ خَشْيَتِكَ نَصِيبَهُ ، فَصَلِّ عَلَيْهِ أَضْعافَ مَا صَلَّيْتَ عَلَىٰ وَلِيٍّ ارْتَضَيْتَ طاعَتَهُ ، وَقَبِلْتَ خِدْمَتَهُ ، وَبَلِّغْهُ مِنَّا تَحِيَّةً وَسَلاماً ، وَآتِنا فِي مُوالاتِهِ مِنْ لَدُنْكَ فَضْلاً وَ إِحْساناً وَمَغْفِرَةً وَرِضْواناً ، إِنَّكَ ذُو الْمَنِّ الْقَدِيمِ ، وَالصَّفْحِ الْجَمِيلِ."
        },
        "farsi": {
            "1": " خدایا درود فرست بر محمّد و اهل‌بیتش و درود فرست بر محمّد بن علی پاک، پرهیزگار، نیکوکار وفادار، پیراسته، بی‌عیب، راهنمای امّت و وارث امامان و خزانه‌دار رحمت و چشمه‌های حکمت و پیشرو برکت و همسان قرآن در وجوب از او، یگانه جانشینان در اخلاص و عبادت و حجّت والایت و نمونه برترت و کلمه زیباترت، دعوت‌کننده به سویت و دلالت کننده بر وجودت که او را چونان پرچمی برای بندگانت نصب کردی و او را قرار دادی مترجم کتابت و آشکارا اجرا کننده امرت و یاور دینت و حجّت بر بندگانت و نوری که به وسیله او پرده تاریکی‌ها دریده شود و مقتدایی که هدایت به وسیله او دریافت گردد و شفیعی که به وسیله آن به بهشت توان رسید. ",
            "2": " خدایا همچنان که در خشوع برای تو بهره‌اش را گرفت و از خشیت تو سهمش را کامل نمود پس بر او درود فرست، چندین برابر آنچه درود فرستادی، بر نماینده‌ای که طاعتش را پسندیدی و خدمتش را پذیرفتی و از جانب ما به او تحیت و سلام برسان و به ما از پیش خود، در دوستی‌اش فضل و احسان و آمرزش و رضوان عنایت کن، تو صاحب احسان دیرینه و چشم‌پوشی زیبا هستی. "
        },
        "tozih": {
            "1": " در صلوات بر آن حضرت بگو: ",
            "2": ""
        }
    }
}