{
    "184": {
        "number": 184,
        "bab": 3,
        "title": "نماز در مسجد جامع مدائن",
        "arabic": {
            "1": ""
        },
        "farsi": {
            "1": ""
        },
        "tozih": {
            "1": " و بدان که در جنب حرم جناب سلمان مسجد جامع مدائن می‌باشد که منسوب به حضرت عسکری است، معلوم نیست چه کسی آن را ساخته یا در آنجا نماز خوانده، شایسته است زائر در آن محل شریف خود را از فیض دو رکعت نماز تحیت محروم نکند. "
        }
    }
}