{
    "187": {
        "number": 187,
        "bab": 3,
        "title": "کیفیت زیارت امام هشتم، حضرت امام رضا(ع)",
        "arabic": {
            "1": "اللّٰهُمَّ طَهِّرْنِي ، وَطَهِّرْ لِي قَلْبِي ، وَاشْرَحْ لِي صَدْرِي ، وَأَجْرِ عَلىٰ لِسانِي مِدْحَتَكَ وَالثَّناءَ عَلَيْكَ ، فَإِنَّهُ لَاقُوَّةَ إِلّا بِكَ . اللّٰهُمَّ اجْعَلْهُ لِي طَهُوراً وَشِفاءً.",
            "2": "بِسْمِ اللّٰهِ ، وَبِاللّٰهِ ، وَ إِلَى اللّٰهِ ، وَ إِلَى ابْنِ رَسُولِ اللّٰهِ ، حَسْبِيَ اللّٰهُ تَوَكَّلْتُ عَلَى اللّٰهِ . اللّٰهُمَّ إِلَيْكَ تَوَجَّهْتُ ، وَ إِلَيْكَ قَصَدْتُ ، وَمَا عِنْدَكَ أَرَدْتُ.",
            "3": "اللّٰهُمَّ إِلَيْكَ وَجَّهْتُ وَجْهِي ، وَعَلَيْكَ خَلَّفْتُ أَهْلِي وَمالِي وَمَا خَوَّلْتَنِي ، وَبِكَ وَثِقْتُ فَلَا تُخَيِّبْنِي يَا مَنْ لَا يُخَيِّبُ مَنْ أَرَادَهُ ، وَلَا يُضَيِّعُ مَنْ حَفِظَهُ ، صَلِّ عَلَىٰ مُحَمَّدٍ وَآلِ مَحُمَّدٍ وَاحْفَظْنِي بِحِفْظِكَ فَإِنَّهُ لَايَضِيعُ مَنْ حَفِظْتَ.",
            "4": "اللّٰهُمَّ طَهِّرْنِي ، وَطَهِّرْ لِي قَلْبِي ، وَاشْرَحْ لِي صَدْرِي ، وَأَجْرِ عَلَىٰ لِسانِي مِدْحَتَكَ وَمَحَبَّتَكَ وَالثَّناءَ عَلَيْكَ ، فَإِنَّهُ لَاقُوَّةَ إِلّا بِكَ ، وَقَدْ عَلِمْتُ أَنَّ قَِوامَ دِينِي التَّسْلِيمُ لِأَمْرِكَ ، وَالاِتِّباعُ لِسُنَّةِ نَبِيِّكَ ، وَالشَّهَادَةُ عَلَىٰ جَمِيعِ خَلْقِكَ ، اللّٰهُمَّ اجْعَلْهُ لِي شِفاءً وَنُوراً إِنَّكَ عَلَىٰ كُلِّ شَيْءٍ قَدِيرٌ.",
            "5": "بِسْمِ اللّٰهِ ، وَبِاللّٰهِ ، وَعَلَىٰ مِلَّةِ رَسُولِ اللّٰهِ صَلَّى اللّٰهُ عَلَيْهِ وَآلِهِ ، أَشْهَدُ أَنْ لَا إِلٰهَ إِلّا اللّٰهُ وَحْدَهُ لَاشَرِيكَ لَهُ ، وَأَشْهَدُ أَنَّ مُحَمَّداً عَبْدُهُ وَرَسُولُهُ ، وَأَنَّ عَلِيّاً وَلِيُّ اللّٰهِ.",
            "6": "أَشْهَدُ أَنْ لَاإِلٰهَ إِلّا اللّٰهُ وَحْدَهُ لَاشَرِيكَ لَهُ ، وَأَشْهَدُ أَنَّ مُحَمَّداً عَبْدُهُ وَرَسُولُهُ ، وَأَنَّهُ سَيِّدُ الْأَوَّلِينَ وَالْآخِرِينَ ، وَأَنَّهُ سَيِّدُ الْأَنْبِياءِ وَالْمُرْسَلِينَ . اللّٰهُمَّ صَلِّ عَلَىٰ مُحَمَّدٍ عَبْدِكَ وَرَسُولِكَ وَنَبِيِّكَ وَسَيِّدِ خَلْقِكَ أَجْمَعِينَ صَلاةً لَايَقْوَىٰ عَلَىٰ إِحْصَائِها غَيْرُكَ. اللّٰهُمَّ صَلِّ عَلَىٰ أَمِيرِ الْمُؤْمِنِينَ عَلِيِّ بْنِ أَبِي طالِبٍ عَبْدِكَ وَأَخِي رَسُولِكَ الَّذِي انْتَجَبْتَهُ بِعِلْمِكَ ، وَجَعَلْتَهُ هادِياً لِمَنْ شِئْتَ مِنْ خَلْقِكَ ، وَالدَّلِيلَ عَلَىٰ مَنْ بَعَثْتَهُ بِرِسالاتِكَ ، وَدَيَّانِ‌َ الدِّينِ بِعَدْلِكَ وَفَصْلَ‌ِ قَضائِكَ بَيْنَ خَلْقِكَ ، وَالْمُهَيْمِنِ‌َ عَلَىٰ ذٰلِكَ كُلِّهِ ، وَالسَّلامُ عَلَيْهِ وَرَحْمَةُ اللّٰهِ وَبَرَكاتُهُ؛",
            "7": "اللّٰهُمَّ صَلِّ عَلَىٰ فاطِمَةَ بِنْتِ نَبِيِّكَ ، وَزَوْجَةِ وَلِيِّكَ ، وَأُمِّ السِّبْطَيْنِ الْحَسَنِ وَالْحُسَيْنِ سَيِّدَىْ شَبابِ أَهْلِ الْجَنَّةِ ، الطُّهْرَةِ الطَّاهِرَةِ الْمُطَهَّرَةِ التَّقِيَّةِ النَّقِيَّةِ الرَّضِيَّةِ الزَّكِيَّةِ سَيِّدَةِ نِساءِ أَهْلِ الْجَنَّةِ أَجْمَعِينَ صَلاةً لَايَقْوىٰ عَلَىٰ إِحْصائِها غَيْرُكَ . اللّٰهُمَّ صَلِّ عَلَى الْحَسَنِ وَالْحُسَيْنِ سِبْطَيْ نَبِيِّكَ ، وَسَيِّدَيْ شَبابِ أَهْلِ الْجَنَّةِ ، الْقائِمَيْنِ فِي خَلْقِكَ ، وَالدَّلِيلَيْنِ عَلَىٰ مَنْ بَعَثْتَ  بِرِسالاتِكَ ، وَدَيَّانَيِ الدِّينِ بِعَدْلِكَ ، وَفَصْلَيْ قَضائِكَ بَيْنَ خَلْقِكَ . اللّٰهُمَّ صَلِّ عَلَىٰ عَلِيِّ بْنِ الْحُسَيْنِ عَبْدِكَ الْقائِمِ فِي خَلْقِكَ ، وَالدَّلِيلِ عَلَىٰ مَنْ بَعَثْتَ بِرِسَالاتِكَ ، وَدَيَّانِ الدِّينِ بِعَدْلِكَ ، وَفَصْلِ قَضائِكَ بَيْنَ خَلْقِكَ سَيِّدِ الْعَابِدِينَ؛",
            "8": "اللّٰهُمَّ صَلِّ عَلَىٰ مُحَمَّدِ بْنِ عَلِيٍّ عَبْدِكَ وَخَلِيفَتِكَ فِي أَرْضِكَ ، باقِرِ عِلْمِ النَّبِيِّينَ ، اللّٰهُمَّ صَلِّ عَلَىٰ جَعْفَرِ بْنِ مُحَمَّدٍ الصَّادِقِ عَبْدِكَ ، وَوَلِيِّ دِينِكَ ، وَحُجَّتِكَ عَلَىٰ خَلْقِكَ أَجْمَعِينَ الصَّادِقِ الْبارِّ . اللّٰهُمَّ صَلِّ عَلَىٰ مُوسَى بْنِ جَعْفَرٍ عَبْدِكَ الصَّالِحِ ، وَ لِسَانِكَ فِي خَلْقِكَ ، النَّاطِقِ بِحُكْمِكَ  وَالْحُجَّةِ عَلَىٰ بَرِيَّتِكَ . اللّٰهُمَّ صَلِّ عَلَىٰ عَلِيِّ بْنِ مُوسَى الرِّضَا الْمُرْتَضىٰ عَبْدِكَ وَوَلِيِّ دِينِكَ ، الْقائِمِ بِعَدْلِكَ ، وَالدَّاعِي إِلىٰ دِينِكَ وَدِينِ آبائِهِ لصَّادِقِينَ ، صَلاةً لَايَقْوىٰ عَلَىٰ إِحْصائِها غَيْرُكَ . اللّٰهُمَّ صَلِّ عَلَىٰ مُحَمَّدِ بْنِ عَلِيٍّ عَبْدِكَ وَوَلِيِّكَ الْقائِمِ بِأَمْرِكَ ، وَ الدَّاعِي إِلىٰ سَبِيلِكَ . اللّٰهُمَّ صَلِّ عَلَىٰ عَلِيِّ بْنِ مُحَمَّدٍ عَبْدِكَ وَوَلِيِّ دِينِكَ؛",
            "9": "اللّٰهُمَّ صَلِّ عَلَى الْحَسَنِ بْنِ عَلِيٍّ الْعامِلِ بِأَمْرِكَ ، الْقائِمِ فِي خَلْقِكَ ، وَحُجَّتِكَ الْمُؤَدِّي عَنْ نَبِيِّكَ ، وَشاهِدِكَ عَلَىٰ خَلْقِكَ ، الْمَخْصُوصِ بِكَرامَتِكَ ، الدَّاعِي إِلىٰ طاعَتِكَ وَطاعَةِ رَسُولِكَ صَلَوَاتُكَ عَلَيْهِمْ أَجْمَعِينَ . اللّٰهُمَّ صَلِّ عَلَىٰ حُجَّتِكَ وَوَلِيِّكَ الْقائِمِ فِي خَلْقِكَ صَلاةً تَامَّةً نَامِيَةً بَاقِيَةً تُعَجِّلُ بِها فَرَجَهُ وَتَنْصُرُهُ بِها ، وَتَجْعَلُنا مَعَهُ فِي الدُّنْيا وَالْآخِرَةِ . اللّٰهُمَّ إِنِّي أَتَقَرَّبُ إِلَيْكَ بِحُبِّهِمْ ، وَأُوَالِي وَلِيَّهُمْ ، وَأُعادِي عَدُوَّهُمْ ، فَارْزُقْنِي بِهِمْ خَيْرَ الدُّنْيا وَالْآخِرَةِ ، وَاصْرِفْ عَنِّي بِهِمْ شَرَّ الدُّنْيا وَالْآخِرَةِ وَأَهْوالَ يَوْمِ الْقِيامَةِ.",
            "10": "السَّلامُ عَلَيْكَ يَا وَلِيَّ اللّٰهِ ، السَّلامُ عَلَيْكَ يَا حُجَّةَ اللّٰهِ ، السَّلامُ عَلَيْكَ يَا نُورَ اللّٰهِ فِي ظُلُماتِ الْأَرْضِ ، السَّلامُ عَلَيْكَ يَا عَمُودَ الدِّينِ ، السَّلامُ عَلَيْكَ يَا وارِثَ آدَمَ صِفْوَةِ اللّٰهِ ، السَّلامُ عَلَيْكَ يَا وارِثَ نُوحٍ نَبِيِّ اللّٰهِ ، السَّلامُ عَلَيْكَ يَا وارِثَ إِبْراهِيمَ خَلِيلِ اللّٰهِ ، السَّلامُ عَلَيْكَ يَا وارِثَ إِسْماعِيلَ ذَبِيحِ اللّٰهِ ، السَّلامُ عَلَيْكَ يَا وارِثَ مُوسىٰ كَلِيمِ اللّٰهِ ، السَّلامُ عَلَيْكَ يَا وارِثَ عِيسىٰ رُوحِ اللّٰهِ ، السَّلامُ عَلَيْكَ يَا وارِثَ مُحَمَّدٍ رَسُولِ اللّٰهِ ، السَّلامُ عَلَيْكَ يَا وارِثَ أَمِيرِ الْمُؤْمِنِينَ عَلِيٍّ وَلِيِّ اللّٰهِ وَوَصِيِّ رَسُولِ رَبِّ الْعَالَمِينَ ، السَّلامُ عَلَيْكَ يَا وارِثَ فاطِمَةَ الزَّهْراءِ ، السَّلامُ عَلَيْكَ يَا وارِثَ الْحَسَنِ وَالْحُسَيْنِ سَيِّدَيْ شَبابِ أَهْلِ الجَنَّةِ؛",
            "11": "السَّلامُ عَلَيْكَ يَا وارِثَ عَلِيِّ بْنِ الْحُسَيْنِ زَيْنِ الْعابِدِينَ ، السَّلامُ عَلَيْكَ يَا وارِثَ مُحَمَّدِ بْنِ عَلِيٍّ باقِرِ عِلْمِ الْأَوَّلِينَ وَالْآخِرِينَ ، السَّلامُ عَلَيْكَ يَا وارِثَ جَعْفَرِ بْنِ مُحَمَّدٍ الصَّادِقِ الْبارِّ ، السَّلامُ عَلَيْكَ يَا وارِثَ مُوسَى بْنِ جَعْفَرٍ ، السَّلامُ عَلَيْكَ أَيُّهَا الصِّدِّيقُ الشَّهِيدُ ، السَّلامُ عَلَيْكَ أَيُّهَا الْوَصِيُّ الْبَارُّ التَّقِيُّ ، أَشْهَدُ أَنَّكَ قَدْ أَقَمْتَ الصَّلاةُ ، وَآتَيْتَ الزَّكَاةَ ، وَأَمَرْتَ بِالْمَعْرُوفِ ، وَنَهَيْتَ عَنِ الْمُنْكَرِ ، وَعَبَدْتَ اللّٰهَ مُخْلِصاً حَتّىٰ أَتَاكَ الْيَقِينُ ، السَّلامُ عَلَيْكَ يَا أَبَا الْحَسَنِ وَرَحْمَةُ اللّٰهِ وَبَرَكاتُهُ.",
            "12": " اللّٰهُمَّ إِلَيْكَ صَمَدْتُ  مِنْ أَرْضِي ، وَقَطَعْتُ الْبِلادَ رَجاءَ رَحْمَتِكَ فَلَا تُخَيِّبْنِي وَلَا تَرُدَّنِي بِغَيْرِ قَضاءِ حاجَتِي ، وَارْحَمْ تَقَلُّبِي عَلَىٰ قَبْرِ ابْنِ أَخِي رَسُولِكَ صَلَواتُكَ عَلَيْهِ وَآلِهِ ، بِأَبِي أَنْتَ وَأُمِّي يَا مَوْلايَ أَتَيْتُكَ زائِراً وافِداً عائِذاً مِمَّا جَنَيْتُ عَلَىٰ نَفْسِي ، وَاحْتَطَبْتُ عَلَىٰ ظَهْرِي فَكُنْ لِي شافِعاً إِلَى اللّٰهِ يَوْمَ فَقْرِي وَفاقَتِي ، فَلَكَ عِنْدَ اللّٰهِ مَقامٌ مَحْمُودٌ ، وَأَنْتَ عِنْدَهُ وَجِيهٌ.",
            "13": " اللّٰهُمَّ إِنِّي أَتَقَرَّبُ إِلَيْكَ بِحُبِّهِمْ وَبِوِلايَتِهِمْ ، أَتَوَلَّىٰ آخِرَهُمْ بِمَا تَوَلَّيْتُ بِهِ أَوَّلَهُمْ ، وَأَبْرَأُ مِنْ كُلِّ وَلِيجَةٍ دُونَهُمْ . اللّٰهُمَّ الْعَنِ الَّذِينَ بَدَّلُوا نِعْمَتَكَ ، وَاتَّهَمُوا نَبِيَّكَ ، وَجَحَدُوا بِآياتِكَ ، وَسَخِرُوا بِإِمامِكَ ، وَحَمَلُوا النَّاسَ عَلَىٰ أَكْتافِ آلِ مُحَمَّدٍ . اللّٰهُمَّ إِنِّي أَتَقَرَّبُ إِلَيْكَ بِاللَّعْنَةِ عَلَيْهِمْ وَالْبَراءَةِ مِنْهُمْ فِي الدُّنْيا وَالآخِرَةِ يَا رَحْمٰنُ.",
            "14": "صَلَّى اللّٰهُ عَلَيْكَ يَا أَبَا الْحَسَنِ ، صَلَّى اللّٰهُ عَلَىٰ رُوحِكَ وَبَدَنِكَ ، صَبَرْتَ وَأَنْتَ الصَّادِقُ المُصَدَّقُ ، قَتَلَ اللّٰهُ مَنْ قَتَلَكَ بِالْأَيْدِي وَالْأَلْسُنِ.",
            "15": "اللّٰهُمَّ الْعَنْ قَتَلَةَ أَمِيرِ الْمُؤْمِنِينَ ، وَقَتَلَةَ الْحَسَنِ وَالْحُسَيْنِ عَلَيْهِمُ السَّلامُ ، وَقَتَلَةَ أَهْلِ بَيْتِ نَبِيِّكَ ، اللّٰهُمَّ الْعَنْ أَعْداءَ آلِ مُحَمَّدٍ وَقَتَلَتَهُمْ ، وَزِدْهُمْ عَذاباً فَوْقَ الْعَذَابِ ، وَهَوَاناً فَوْقَ هَوَانٍ ، وَذُلّاً فَوْقَ ذُلٍّ ، وَخِزْياً فَوْقَ خِزْيٍ . اللّٰهُمَّ دُعَّهُمْ إِلَى النَّارِ دَعّاً ، وَأَرْكِسْهُمْ  فِي أَلِيمِ عَذابِكَ رَكْساً ، وَاحْشُرْهمْ وَأَتْباعَهُمْ إِلىٰ جَهَنَّمَ زُمَراً. "
        },
        "farsi": {
            "1": " خدایا مرا پا کن و دلم را پاک گردان و سینه‌ام را بگشا و مدح و ثنای خودت را بر زبانم جاری ساز که نیرویی نیست جز به تو؛ خدایا این غسل را برایم پاک کننده و شفابخش قرار ده. ",
            "2": "  به نام خدا و با خدا و به سوی خدا و به جانب فرزند رسول خدا، خدا مرا بس است، بر خدا توکل نمودم؛ خدایا به سوی تو رو نمودم و به جانب تو قصد کردم و آنچه را نزد توست خواستم. ",
            "3": " خدایا رویم را به سوی تو کردم و به امید تو پشت سر گذاشتم خاندان و مال و آنچه را به من بخشیدی و به تو اعتماد کردم، پس مرا محروم مکن، ای آن‌که هرکه او را قصد کند محرومش نسازد و کسی را که حفظ کرد تباهش نسازد، بر محمّد و خاندان محمّد درود فرست و مرا به نگهداری‌ات نگاهدار که هرکه را تو حفظ کردی تباه نشود. ",
            "4": "خدایا مرا پاک کن و دلم را پاک گردان و سینه‌ام را بگشا و مدح و محبّت و ثنایت را بر زبانم جاری ساز که نیرویی جز به تو نیست، به یقین دانستم که پایه و اساس دین من تسلیم بودن به فرمان تو و پیروی از راه و رسم پیامبرت و گواهی بر تمام خلق توست؛ خدایا این غسل را برای من شفا و نور قرار ده که تو بر هر چیز توانایی.",
            "5": " به نام خدا و با خدا و بر آیین رسول خدا، درود خدا بر او و خاندانش، گواهی می‌دهم که معبودی جز خدا نیست و شریکی برای او نیست و گواهی می‌دهم که محمّد بنده و فرستاده اوست و اینکه علی ولی خداست. ",
            "6": " گواهی می‌دهم که معبودی جز خدا نیست، یگانه است و شریکی برایش نمی‌باشد و گواهی می‌دهم که محمّد بنده و رسول اوست و اینکه او آقای پیشینیان و پسینیان و آقای پیامبران و رسولان است. خدایا درود فرست بر محمّد بنده و رسول و پیامبر و آقای تمام آفریدگانت، درودی که نیروی شمردن آن را کسی جز تو نداشته باشد. خدایا درود فرست بر امیرمؤمنان علی بن ابیطالب بنده‌ات و برادر رسولت، آن وجود مبارکی که او را به علم خود برگزیدی و برای هرکه از بندگانت خواستی او را راهنما قرار دادی و دلیل بر وجود پیامبری که او را با رسالت‌هایت برانگیختی و او را به عدالتت داور دین و فیصله‌بخش حکم خود در میان بندگانت نهادی و بر تمام این‌ها مسلّط نمودی، سلام و رحمت و برکات خدا بر او باد؛ ",
            "7": "  خدایا درود فرست بر فاطمه دختر پیامبرت و همسر ولی‌ات و مادر دو فرزندزاده پیامبر، حسن و حسین، دو سرور جوانان اهل بهشت، آن بانوی پاک و پاکیزه و پاک گشته و بی‌عیب و پسندیده و زکیه، سرور بانوان همه اهل بهشت، درودی که توان شمردن آن را کسی جز تو نداشته باشد. خدایا درود فرست بر حسن و حسین، دو فرزندزاده پیامبرت و دو سرور جوانان اهل بهشت، دو قیام کننده در میان بندگانت و دو راهنما بر وجود پیامبری که او را به رسالت‌هایت برگزیدی و دو داور دین به دادگری و دو فیصله‌بخش حکم خود در میان بندگانت. خدایا درود فرست بر علی بن الحسین بنده قیام کننده در میان بندگانت و راهنما بر پیامبری که او را به رسالت‌هایت برگزیدی و داور دین به دادگری و فیصله‌بخش حکم خود در میان بندگانت، سرور بندگی‌کنندگانت؛ ",
            "8": "  خدایا درود فرست بر محمّد بن علی بنده و خلیفه‌ات در زمین، شکافنده دانش پیامبران.\r\n خدایا درود فرست بر جعفر بن محمّد صادق، بنده و ولی دینت و حجّت بر همه بندگان، آن راستگوی نیکوکار.\r\n خدایا درود فرست بر موسی بن جعفر، بنده شایسته‌ات و زبانت در بین بندگانت، آن گویای به قانون و فرمانت و حجّت بر مخلوقاتت.\r\n خدایا درود فرست بر علی بن موسی‌الرضا، آن پسندیده پیشگاهت و بنده و ولی دینت، قیام کننده به دادگری و دعوت‌کننده به سوی دین تو و دین پدران راستگویش، درودی که توان شمردن آن را کسی جز تو نداشته باشد. خدایا درود فرست بر محمّد بن علی بنده و ولی‌ات، قیام کننده به امرت و دعوت کننده به راهت، خدایا درود فرست بر علی بن محمّد بنده و ولی دینت.",
            "9": "  خدایا درود فرست بر حسن بن علی عمل کننده به فرمانت، قیام کننده در میان بندگانت و حجّتت که ادا کننده بود از طرف پیامبرت و گواهت بر بندگانت، اختصاص یافته به کرامتت، دعوت کننده به طاعتت و طاعت رسولت، درودهایت بر همه آنان باد؛ خدایا درود فرست بر حجّتت و ولی‌ات، قیام کننده در میان بندگانت، درودی کامل، روینده، پایدار که به آن درود در گشایش امرش شتاب کنی و به آن یاری‌اش نمایی و ما را در دنیا و آخرت با او قرار دهی. خدایا من به محبّت ایشان به تو تقرّب می‌جویم و دوست دارم دوست ایشان را و دشمن دارم دشمن آنان را، پس به حق آنان خیر دنیا و آخرت را نصیبم کن و شرّ دنیا و آخرت و هراس‌های روز قیامت را از من بازگردان. ",
            "10": " سلام بر تو ای ولی خدا، سلام بر تو ای حجّت خدا، سلام بر تو ای نور خدا در تاریکی‌های زمین، سلام بر تو ای ستون دین، سلام بر تو ای وارث آدم برگزیده خدا، سلام بر تو ای وارث نوح پیامبر خدا، سلام بر تو ای وارث ابراهیم دوست خدا، سلام بر تو ای وارث اسماعیل قربانی خدا، سلام بر تو ای وارث موسی هم‌سخن خدا، سلام بر تو ای وارث عیسی روح خدا، سلام بر تو ای وارث محمّد فرستاده خدا، سلام بر تو ای وارث امیرمؤمنان علی ولی خدا و جانشین فرستاده پروردگار جهانیان، سلام بر تو ای وارث فاطمه زهرا، سلام بر تو ای وارث حسن و حسین دو سرور جوانان اهل بهشت؛ ",
            "11": " سلام بر تو ای وارث علی بن الحسین زیور پرستندگان، سلام بر تو ای وارث محمّد بن علی، شکافنده دانش پیشینیان و پسینیان، سلام بر تو ای وارث جعفر بن محمّد، راستگوی نیکوکار، سلام بر تو ای وارث موسی بن جعفر، سلام بر تو ای راستگوی شهید، سلام بر تو ای جانشین نیکوکار پرهیزگار؛ گواهی می‌دهم که تو نماز را بپا داشتی و زکات دادی و امر به معروف و نهی از منکر نمودی و خدا را (خالصانه) عبادت کردی تا مرگ تو را دررسید، سلام بر تو باد ای ابا الحسن و رحمت و برکات خدا.",
            "12": " خدایا از وطنم آهنگ تو کردم و به امید رحمتت شهرها را پشت سر گذاشتم، پس ناامیدم مکن و بدون برآوردن حاجتم، بازم مگردان و رفت‌وآمدم را بر قبر برادر فرزند فرستاده‌ات، (درود تو بر او و خاندانش) رحم کن، پدر و مادرم فدایت ای مولایم، به سوی تو برای زیارت آمدم، بر تو واردم، از آنچه خود جنایت کرده‌ام و بر پشتم بار کرده‌ام به تو پناه آوردم، به درگاه خدا شفیع من باش در روز تهیدستی و نداری، برای تو نزد خدا مقامی بس ستوده است و تو نزد او بس آبرومندی. ",
            "13": " خدایا به سوی تو تقرّب می‌جویم با دوستی و ولایت ایشان، آخرین آن‌ها را دوست دارم، آن‌گونه که دوست داشتم اولین آن‌ها را و بیزاری می‌جویم از هر یاری غیر ایشان. خدایا لعنت کن کسانی را که نعمتت را دگرگون کردند و پیامبرت را متهم نمودند و آیاتت را منکر شدند و امام برگزیده‌ات را ریشخند زدند و مردم را علیه خاندان محمّد مسلط کردند، خدایا من با لعنت بر آنان و بیزاری از ایشان در دنیا و آخرت به تو تقرّب می‌جویم ای مهربان. ",
            "14": " درود خدا بر تو ای اباالحسن، درود خدا بر روح و پیکرت، شکیبایی نمودی، تویی راستگوی تصدیق شده، خدا بکشد کسانی را که تو را با دست‌ها و زبان‌هایشان کشتند. ",
            "15": "  خدایا قاتلان امیرمؤمنان و قاتلان حسن و حسین (درود بر ایشان) و قاتلان اهل‌بیت پیامبرت را لعنت کن. خدایا دشمنان و قاتلان خاندان محمّد را لعنت کن و بر آنان بیفزا عذابی بر عذاب و خواری بر خواری و زبونی بر زبونی و رسوایی بر رسوایی. خدایا آنان را به سوی آتش پرتاب کن، پرتابی سخت و در عذاب دردناکت نگونسارشان گردان، نگونساری شدید و ایشان و پیروانشان را گروه‌گروه به سوی دوزخ محشور کن."
        },
        "tozih": {
            "1": "بدان که برای آن بزرگوار زیارات چندی نقل‌شده و زیارت مشهور آن حضرت زیارتی است که در کتب معتبر مذکور است و به شیخ جلیل‌القدر محمّد بن حسن بن ولید که از مشایخ جناب صدوق است منسوب کرده‌اند و از کتاب «مزار» ابن قولویه(رحمة‌الله‌علیه) معلوم می‌شود که از ائمه(علیهم‌السلام) روایت شده است و کیفیت آن موافق کتاب «من لا یحضره الفقیه» چنان است که:",
            "2": " چون زیارت قبر امام رضا(علیه‌السلام) را در طوس قصد کنی، پیش از آنکه از خانه بیرون روی غسل کن و وقتی که غسل می‌کنی چنین بگو:",
            "3": " و در وقت بیرون رفتن از خانه می‌گویى: ",
            "4": " چون بیرون رفتی بر در خانه خود بایست و بگو:  ",
            "5": "چون به سلامت رسیدی ان‌شاء‌الله ، هرگاه خواستی به زیارت بروی غسل کن و وقتی که غسل می‌کنی بگو:  ",
            "6": " پس پاکیزه‌ترین جامه‌های خویش را بپوش و با پای برهنه به آرامی و وقار راه برو و دلت به یاد خدا باشد و «اللّٰهُ أَکْبَرُ» و «لَا إِلٰهَ إِلّا اللّٰهُ» و «سُبْحانَ اللّٰهِ» و «الْحَمْدُ لِلّٰهِ» بگو و گام‌های خود را کوتاه بردار و زمانی که وارد روضه مقدّسه شوی بگو:",
            "7": "آنگاه به نزد ضریح برو و قبله را پشت سر خود قرار بده و روبروی آن حضرت بایست و بگو: ",
            "8": " سپس نزد سر آن حضرت می‌نشینی و می‌گویی:  ",
            "9": " بعد خود را به ضریح می‌چسبانی و می‌گویی:  ",
            "10": " پس دست راست را بلند می‌کنی و دست چپ را بر قبر می‌گشایی و می‌گویی:",
            "11": "آنگاه بازمی‌گردی و به نزد پای آن حضرت می‌روی و می‌گویی:",
            "12": " سپس زاری کن و در لعنت بر قاتل امیرمؤمنان(علیه‌السلام) و قاتلان حسن(علیه‌السلام) و حسین(علیه‌السلام) و قاتلان همه اهل‌بیت رسول خدا(صلی‌الله‌علیه‌وآله) مبالغه کن، آنگاه از پشت قبر برو و بالای سر آن حضرت دو رکعت نماز بجا آر، در رکعت اول سوره «یس» و در رکعت دوم سوره «اَلرَّحمن» را بخوان و در دعا و زاری بکوش و برای خود و پدر و مادرت و همه برادران اهل ایمان خویش، بسیار دعا کن و آنچه خواهی نزد سر آن حضرت توقف کن و توجه داشته باش که باید نمازهای خود را نزد قبر بجای آوری.",
            "13": "مؤلّف گوید: این زیارت، بهترین زیارات آن حضرت است. ",
            "14": "در کتاب «فقیه» و «عیون» و کتب علاّمه مجلسی و غیر ایشان «وَسَخِرُوا بِإِمامِکَ» که در آخر زیارت است با دومیم است، یعنی: «خدایا لعنت کن کسانی را که استهزا نمودند به امامی که برای ایشان قرار دادی»؛ ولی در کتاب «مصباح الزائر»: «سَخِرُوا بِأَیّامِکَ» است که این نیز صحیح است، بلکه شاید از جهتی اولی باشد، چه آن‌که مراد از ایام، ائمه(علیهم‌السلام) هستند، همان‌طور که در «روایت صَقر بن ابی دُلَف» در فصل پنجم از باب اول گذشت،",
            "15": " این را هم بدان که لعنت کردن بر قاتلان ائمه(علیهم‌السلام) به هر زبانی انجام گیرد خوب است و اگر زائر این عبارت را که از بعضی دعاها گرفته شده بخواند، شاید مناسب‌تر باشد: "
        }
    }
}