{
    "191": {
        "number": 191,
        "bab": 3,
        "title": "زیارت وداع امام هشتم، حضرت امام رضا(ع)",
        "arabic": {
            "1": "السَّلامُ عَلَيْكَ يَا وَلِيَّ اللّٰهِ وَرَحْمَةُ اللّٰهِ وَبَرَكاتُهُ . اللّٰهُمَّ لَاتَجْعَلْهُ آخِرَ الْعَهْدِ مِنْ زِيارَتِي ابْنَ نَبِيِّكَ وَحُجَّتِكَ عَلَىٰ خَلْقِكَ ، وَاجْمَعْنِي وَ إِيَّاهُ فِي جَنَّتِكَ ، وَاحْشُرْنِي مَعَهُ وَفِي حِزْبِهِ مَعَ الشُّهَداءِ وَالصَّالِحِينَ وَحَسُنَ أُولَئِكَ رَفِيقاً ، وَأَسْتَوْدِعُكَ اللّٰهَ وَأَسْتَرْعِيكَ وَأَقْرَأُ عَلَيْكَ السَّلامَ ، آمَنَّا بِاللّٰهِ وَبِالرَّسُولِ وَبِمَا جِئْتَ بِهِ وَدَلَلْت عَلَيْهِ فَاكْتُبْنا مَعَ الشَّاهِدِينَ."
        },
        "farsi": {
            "1": "  سلام و رحمت و برکات خدا بر تو باد ای ولی خدا. خدایا این زیارت من را آخرین زیارت فرزند پیامبرت و حجّت بر بندگانت قرار مده و من و او را در بهشتت گرد آور و با او در حزبش محشور کن همراه با شهدا و شایستگان و آنان از جهت رفیق بودن خوبند و به خدا می‌سپارمت و خواستار رعایت توأم و بر تو سلام می‌خوانم، به خدا و به پیامبر و به آنچه تو آوردی و بر آن دلالت نمودی ایمان آوردیم، پس ما را با گواهان بنویس. "
        },
        "tozih": {
            "1": " مؤلّف گوید: زیارت آن حضرت در ایام و اوقات شریفه خاصه به آن جناب فضیلت بسیار دارد، به ویژه در «ماه رجب» و «بیست و سوم» و «بیست و پنجم ذوالقعده» و «ششم ماه رمضان»، چنان‌که در محل خود در اعمال ماه‌ها ذکر شد و غیر این روزها از ایام دیگر که به آن حضرت اختصاصی دارد، چون خواستی آن حضرت را وداع کنی، آنچه را در وداع حضرت رسول(صلی‌الله‌علیه‌وآله) می‌گفتی بگو: «لَاجَعَلَهُ اللّٰهُ آخِرَ تَسْلِیمِی عَلَیْکَ»، اگر خواستی بگو: "
        }
    }
}