{
    "198": {
        "number": 198,
        "bab": 3,
        "title": "متن کتیبه قبّه مطهّر حرم امام رضا(ع)",
        "arabic": {
            "1": ""
        },
        "farsi": {
            "1": ""
        },
        "tozih": {
            "1": "و در سال هزار و نه بنا به نذری که شاه عباس کرده بود تا پیاده به مشهد برود، پیاده به مشهد مشرّف شد و آن مسافت دور را در بیست‌وهشت روز طی کرد. صاحب تاریخ «عالم‌آرا» این اشعار را به همین مناسبت نگاشته است:\nغلام شاه مردان شاه عبّاس\nشه والا گُهر خاقان امجَد\nبه طوف مرقد شاه خراسان\nپیاده رفت با اخلاص بی‌حدّ\nتا آنجا که گفته است:\nپیاده رفت شد تاریخ رفتن\nز اصفاهان پیاده تا به مشهد\n\nچون به مشهد مقدّس رسید، صحن مبارک را وسعت داد و ایوان علی شیر که درگاه روضه متبرکه از آنجا بوده و در یک گوشه صحن قرار داشت و بدنما بود، در وسط قرار داد و ایوانی برابر آن در طرف دیگر ساخت و خیابانی از دروازه غربی شهر تا شرقی طرح کرد که از هر طرف به صحن رسیده، از میان ایوان‌ها بگذشت و چشمه‌ها و قنات‌ها احداث کرد و به شهر آورد و نهری از میان خیابان و حوضی بزرگ در وسط ایجاد کرد که آب از حوض گذشته به خیابان شرقی جاری گردد و در بناهای مذکور کتیبه‌ها به خط میرزا محمّد رضا صدر الکتّاب و علیرضا عبّاسی و محمّدرضا امامی رسم شد و بارگاه مطهّر را به طلا تذهیب کرد، چنان‌که در کتیبه بارگاه مطهر به آن اشاره شده و نوشته آن کتیبه چنین است:\nبِسمِ اللهِ الرَّحمنِ الرَّحِيم مِن عَظائِمِ تَوفِيقاتِ اللهِ سُبحَانَهُ أَن وَفَّقَ السُّلطَانَ الأعظَمَ مَولَى مُلُوكِ العَرَبِ وَ العَجَمِ، صَاحِبُ النَّسَبِ الطَّاهِرِ النَّبَوِيِّ وَ الحَسَبِ البَاهِرِ العَلَوِيِّ، تُرابُ أَقدَامِ خُدَّامِ هَذِهِ العَتَبَةِ المُطَهَّرةِ اللَّاهُوتِيَّةِ، غُبارُ نِعالِ زُوَّارِ هَذِهِ الرَّوضَةِ المُنَوَّرَةِ المَلَكُوتِيَّةِ، مُرَوِّجُ آثَارِ أَجدادِهِ المَعصُومينَ، اَلسُّلطَانُ ابنُ السُّلطَانِ، أبُو المُظَفَّرِ شَاه عَبَّاسُ الحُسَينِيُّ المُوسَوِيُّ الصَّفَوِيُّ بَهادُر خانُ، فَاستَسعَدَ بِالمَجِي‌ءِ مَاشِيًا عَلَى قدَمَيهِ مِن دَارِ السَّلطَنَةِ أِصفَهَانَ إِلَى زِيَارَةِ هَذَا الحَرَمِ الأشرَفِ، وَ قَد تَشَرَّفَ بِزِينَةِ هَذِهِ القُبَّةِ مِن خُلَّصِ مَالِهِ فِي سَنَةِ أَلفِ وَ عَشَرٍ، وَ تَمَّ فِي سَنَةِ أَلفٍ وَ سِتٍّ وَ عَشَرٍ.\nبه نام خدا که رحمتش بسیار و مهربانی‌اش همیشگی است، از بزرگ توفیقات خدای سبحان اینکه موفق نمود سلطان اعظم سرور پادشاهان عرب و عجم، دارنده نسب پاک نبوی و حَسَب تابناک علوی خاک قدم‌های خدمتکاران این قبّه مطهّر لاهوتی، غبار کفش‌های زائران این گلشن نورانی، رواج دهنده آثار اجداد معصومینش، سلطان فرزند سلطان، ابوالمظفر شاه عباس حسینی موسوی صفوی بهادر خان، پس سعادت یافت به آمدن با پای پیاده از اصفهان پایتخت کشور، به زیارت این حرم شریف و به طلاکاری این گنبد از مال خالصش در سال هزار و ده تشرّف پیدا کرد و در سال هزار و شانزده به پایان رسید."
        }
    }
}