{
    "200": {
        "number": 200,
        "bab": 3,
        "title": "اشعار جامی در مدح امام هشتم، حضرت امام رضا(ع)",
        "arabic": {
            "1": ""
        },
        "farsi": {
            "1": ""
        },
        "tozih": {
            "1": " بهتر آنکه این فصل را به همین‌جا ختم کنیم و این چند بیت شعر را که از جامی در مدح آن حضرت نقل‌شده است ذکر نماییم.\nسَلامٌ عَلىٰ آلِ طٰهٰ وَیٰس‌\nسَلامٌ عَلىٰ آلِ خَیْرِ النَّبِیِّین\nسَلامٌ عَلىٰ رَوْضَةٍ حَلَّ فِیها\nإِمامٌ یُباهِی بِهِ الْمُلْکُ وَالدِّین\nامام به حق شاه مطلق که آمد\nحریم درش قبله‌گاه سلاطین\nشه کاخ عرفان گل شاخ احسان\nدُرِ دُرج امکـان مه بُرج تمکیـن\nعلی‌بن‌موسی‌الرّضا کز خدایش\nرضا شد لقب چون رضا بودش آیین\nز فضل و شرف بینی او را جهانی\nاگر نبوَدَت تیره چشم جهان بین\nپـی عطـر روبنـد حـوران جنّـت\nغبار درش را به گیسوی مشکین\nاگر خواهی آری به کف دامـن او\nبرو دامن از هرچه جز اوست برچین\n"
        }
    }
}