{
    "209": {
        "number": 209,
        "bab": 3,
        "title": "امامزاده سید حسین فرزند حضرت هادی(ع)",
        "arabic": {
            "1": ""
        },
        "farsi": {
            "1": ""
        },
        "tozih": {
            "1": " مؤلف گوید: معروف است که در کنار قبر عسکریین قبور عدّه‌ای از سادات عظام است که از جمله آن‌ها حسین پسر حضرت امام هادی(علیه‌السلام) است.\n\nمن بر حال حسین آگاه نشدم، ولی آنچه به نظرم می‌رسد آن است که سیدی جلیل‌القدر و عظیم‌الشأن بوده، زیرا از بعضی روایات استفاده می‌شود که از مولای ما حضرت عسکری(علیه‌السلام) و برادرش حسین بن علی(علیه‌السلام) تعبیر به سبطین می‌کردند و این دو برادر را به دو جدّشان، دو سبط پیامبر رحمت حسن(علیه‌السلام) و حسین(علیه‌السلام) تشبیه می‌کردند و در روایت ابوالطیب است که صدای حضرت حجّت شبیه به صدای حسین بود.\n\nدر کتاب «شجرة الاولیا»، نوشته‌ی سید فقیه محدّث حکیم سید احمد اردکانی یزدی، در ذکر اولاد حضرت هادی(علیه‌السلام) است که حسین فرزند آن حضرت از زاهدان و عابدان بود و به امامت برادرش اعتراف داشت و شاید جستجوگر ماهر، غیر از آنچه ذکر شد، چیزی را بیابد که دلالت بر جلالت حسین کند. "
        }
    }
}