{
    "214": {
        "number": 214,
        "bab": 3,
        "title": "اذن دخول سرداب مطهر",
        "arabic": {
            "1": ""
        },
        "farsi": {
            "1": ""
        },
        "tozih": {
            "1": "بر اساس پی‌جویی در تمام زیارات و تصریح علما، از هر دری که ورود به حرم شریف هر امامی از آنجا رسم شده خواندن اذن دخول را باید رعایت کرد و در آن حرم محترم نباید بدون اذن وارد شد.\n\nبدان که «اذن دخول ویژه سرداب مطهّر»، همان زیارتی است که پس از این خواهد آمد و ابتدای آن «السَّلامُ عَلَیْک یَا خَلیفَةَ اللّٰه» است که در پایان آن جملات اذن دخول گفته می‌شود و باید آن زیارت را در کنار درِ سرداب، پیش از پایین رفتن از پلّه‌ها خواند.\n\nاذن دخولی دیگر سیّد ابن طاووس نقل کرده که از نظر عبارات نزدیک به همان «اذن دخول اول» است که در فصل دوم از باب زیارات نقل کردیم.\n\nاذن دخولی دیگر، علاّمه مجلسی از نسخه‌ای قدیمی نقل فرموده است که اول آن این عبارات است: «اللّٰهُمَّ إِنَّ هٰذِهِ بُقْعَةٌ طَهَّرْتَها وَعَقْوَةٌ شَرَّفْتَها» که ما نیز آن را پس از اذن دخول عام نقل کردیم، به آنجا رجوع کن و به آن جملات اذن دخول بطلب. "
        }
    }
}