{
    "218": {
        "number": 218,
        "bab": 3,
        "title": "زیارت سوم امام زمان(عج)",
        "arabic": {
            "1": "السَّلامُ عَلَى الْحَقِّ الْجَدِيدِ ، وَالْعالِمِ الَّذِي عِلْمُهُ لَايَبِيدُ ، السَّلامُ عَلَىٰ مُحْيِي الْمُؤْمِنِينَ، وَمُبِيرِ الْكافِرِينَ ، السَّلامُ عَلَىٰ مَهْدِيِّ الْأُمَمِ ، وَجامِعِ الْكَلِمِ ، السَّلامُ عَلَىٰ خَلَفِ السَّلَفِ ، وَصاحِبِ الشَّرَفِ ، السَّلامُ عَلَىٰ حُجَّةِ الْمَعْبُودِ ، وَكَلِمَةِ الْمَحْمُودِ ، السَّلامُ عَلَىٰ مُعِزِّ الْأَوْلِياءِ ، وَمُذِلِّ الْأَعْداءِ ، السَّلامُ عَلَىٰ وارِثِ الْأَنْبِياءِ ، وَخاتِمِ الْأَوْصِياءِ ، السَّلامُ عَلَى الْقائِمِ الْمُنْتَظَرِ ، وَالْعَدْلِ الْمُشْتَهَرِ ، ",
            "2": "السَّلامُ عَلَى السَّيْفِ الشَّاهِرِ ، وَالْقَمَرِ الزَّاهِرِ ، وَالنُّورِ الْباهِرِ  ، السَّلامُ عَلَىٰ شَمْسِ الظَّلامِ ، وَبَدْرِ  التَّمامِ ، السَّلامُ عَلَىٰ رَبِيعِ الْأَنامِ ، وَنَضْرَةِ  الْأَيَّامِ ، السَّلامُ عَلَىٰ صاحِبِ الصَّمْصامِ ، وَفَلَّاقِ الْهامِ ، السَّلامُ عَلَى الدِّينِ الْمَأْ ثُورِ ، وَالْكِتابِ الْمَسْطُورِ؛",
            "3": "السَّلامُ عَلَىٰ بَقِيَّةِ اللّٰهِ فِي بِلادِهِ ، وَحُجَّتِهِ عَلَىٰ عِبَادِهِ ، الْمُنْتَهىٰ إِلَيْهِ مَوارِيثُ الْأَنْبِياءِ ، وَلَدَيْهِ مَوْجُودٌ آثارُ الْأَصْفِياءِ ، السَّلامُ عَلَى  الْمُؤْتَمَنِ عَلَى السِّرِّ ، وَالْوَلِيِّ لِلْأَمْرِ ، السَّلامُ عَلَى الْمَهْدِيِّ الَّذِي وَعَدَ اللّٰهُ عَزَّوَجَلَّ بِهِ الْأُمَمَ ، أَنْ يَجْمَعَ بِهِ الْكَلِمَ ، وَيَلُمَّ بِهِ الشَّعَثَ ، وَيَمْلَأَ بِهِ الْأَرْضَ قِسْطاً وَعَدْلاً ، وَيُمَكِّنَ لَهُ ، وَيُنْجِزَ بِهِ وَعْدَ الْمُؤْمِنِينَ، ",
            "4": "أَشْهَدُ يَا مَوْلايَ أَنَّكَ وَالْأَئِمَّةَ مِنْ آبائِكَ أَئِمَّتِي وَمَوالِيَّ فِي الْحَيَاةِ الدُّنْيا وَيَوْمَ يَقُومُ الْأَشْهادُ ، أَسْأَلُكَ يَا مَوْلايَ أَنْ تَسْأَلَ اللّٰهَ تَبارَكَ وَتَعالىٰ فِي صَلاحِ شَأْنِي ، وَقَضاءِ حَوائِجِي ، وَغُفْرانِ ذُنُوبِي ، وَالْأَخْذِ بِيَدِي فِي دِينِي وَدُنْيايَ وَآخِرَتِي ، لِي وَلِإِخْوانِي وَأَخَواتِي الْمُؤْمِنِينَ وَالْمُؤْمِناتِ كافَّةً إِنَّهُ غَفُورٌ رَحِيمٌ. ",
            "5": "اللّٰهُمَّ صَلِّ عَلَىٰ حُجَّتِكَ فِي أَرْضِكَ ، وَخَلِيفَتِكَ فِي بِلادِكَ ، الدَّاعِي إِلَىٰ سَبِيلِكَ ، وَالْقائِمِ بِقِسْطِكَ ، وَالْفائِزِ بِأَمْرِكَ ، وَلِيِّ الْمُؤْمِنِينَ ، وَمُبِيرِ الْكافِرِينَ ، وَمُجَلِّي الظُّلْمَةِ ، وَمُنِيرِ الْحَقِّ ، وَ الصَّادِعِ بِالْحِكْمَةِ وَالْمَوْعِظَةِ الْحَسَنَةِ وَالصِّدْقِ ، وَكَلِمَتِكَ وَعَيْبَتِكَ وَعَيْنِكَ فِي أَرْضِكَ ، الْمُتَرَقِّبِ الْخائِفِ الْوَلِيِّ النَّاصِحِ ، سَفِينَةِ النَّجاةِ ، وَعَلَمِ الْهُدَىٰ ، وَنُورِ أَبْصارِ الْوَرَىٰ ، ",
            "6": "وَخَيْرِ مَنْ تَقَمَّصَ وَارْتَدىٰ ، وَالْوِتْرِ الْمَوْتُورِ ، وَمُفَرِّجِ الْكَرْبِ ، وَمُزِيلِ الْهَمِّ ، وَكاشِفِ الْبَلْوَىٰ ، صَلَواتُ اللّٰهِ عَلَيْهِ وَعَلَىٰ آبائِهِ الْأَئِمَّةِ الْهادِينَ وَالْقادَةِ الْمَيامِينِ ، مَا طَلَعَتْ كَواكِبُ الْأَسْحارِ ، وَأَوْرَقَتِ الْأَشْجارُ ، وَأَيْنَعَتِ الْأَثْمارُ ، وَاخْتَلَفَ اللَّيْلُ وَالنَّهارُ ، وَغَرَّدَتِ الْأَطْيارُ . اللّٰهُمَّ انْفَعْنا بِحُبِّهِ ، وَاحْشُرْنا فِي زُمْرَتِهِ ، وَتَحْتَ لِوائِهِ ، إِلٰهَ الْحَقِّ آمِينَ رَبَّ الْعالَمِينَ."
        },
        "farsi": {
            "1": "  سلام بر حق تازه و عالمی که دانشش نابود نگردد، سلام بر حیات‌بخش مؤمنان و نابودکننده کافران، سلام بر مهدی امّت‌ها و جمع‌کننده سخن‌ها، سلام بر یادگار گذشتگان و صاحب شرافت، سلام بر حجّت معبود و سخن [خدای] ستوده، سلام بر عزیزکننده دوستان و خوارکننده دشمنان، سلام بر وارث پیامبران و خاتم جانشینان، سلام بر قیام‌کننده مورد انتظار و عدل آشکار،",
            "2": " سلام بر شمشیر برکشیده و ماه درخشان و نور غالب، سلام بر آفتاب تاریکی و ماه تمام، سلام بر بهار مردمان و شادابی و سرسبزی ایام، سلام بر شمشیر برّان و شکافنده سرها، سلام بر دین رسیده از جانب حق و کتاب نگاشته؛",
            "3": " سلام بر باقی مانده خدا در کشورهایش و حجّت او بر بندگانش، آنکه میراث پیامبران به او رسیده و آثار برگزیدگان نزد او سپرده است، آن امین بر راز ولی امر، سلام بر مهدی که خدای عزّوجل امّت‌ها را به وجود او وعده داد که به وسیله او سخن‌ها را جمع کند و پراکنده‌ها را گرد آورد و زمین را به او پر از عدل‌وداد نماید و به او جایگاه و قدرت دهد و وعده‌اش را به اهل ایمان به وسیله او وفا کند، ای مولای من،",
            "4": " گواهی می‌دهم که تو و امامان از پدرانت، امامان و سرپرستان من هستید، هم در دنیا و هم روزی که گواهان بپا می‌خیزند، از تو می‌خواهم ای مولای من که از خدای تبارک و تعالی بخواهی، اصلاح کارم و برآمده شدن حاجاتم و آمرزش گناهانم را و اینکه دستم را بگیری، در دین و دنیا و آخرتم و همچنین دست برادران و خواهرانم و همه مردان و زنان مؤمن را، به درستی که او آمرزنده و مهربان است. ",
            "5": " خدایا درود فرست بر حجّتت در زمینت و خلیفه‌ات در کشورهایت و دعوت‌کننده به راهت و قیام کننده به عدالتت و کامیاب به فرمانت و سرپرست مؤمنان و نابودکننده کافران و زداینده تاریکی و نوربخش حق و آشکارگوی به حکمت و پند نیکو و راستی و کلمه‌ات و گنجینه‌ات و دیده‌ات در زمین آن نگران بیمناک ولی خیرخواه، کشتی نجات و پرچم هدایت و نور دیدگان مردم ",
            "6": " و بهترین کسی که پیراهن و قبای خلافت پوشید و تنها و انتقام‌گیرنده خون مظلوم و گشاینده غم و زداینده اندوه و برطرف‌کننده بلا درودهای خدا بر او و پدرانش، امامان راهنما و پیشروان با میمنت تا گاهی که ستارگان سحر سرزند و درختان برگ دهد و میوه‌ها برسد و شب‌وروز رفت‌وآمد نماید و پرندگان نغمه‌سرایی کنند. خدایا ما را به دوستی‌اش منفعت ده و در گروهش و زیر پرچمش محشور کن، ای معبود حق، آمین ای پروردگار جهانیان. "
        },
        "tozih": {
            "1": "زیارتی است که سید ابن طاووس نقل کرده است که در آن می‌گویی: ",
            "2": "",
            "3": "",
            "4": "",
            "5": " آنگاه نماز زیارت را آن‌چنان‌که پیش از این ذکر کردیم بجای آر، یعنی دوازده رکعت که پس از هر دو رکعت سلام داده و پس از پایان نمازها «تسبیح حضرت زهرا»(سلام‌الله‌علیها) را خوانده و آن را هدیه به محضر آن حضرت نموده و پس از فراغت از نمازها بگو:"
        }
    }
}