{
    "221": {
        "number": 221,
        "bab": 3,
        "title": "دعاها و زیارت های نقل شده از کتاب مصباح سید بن طاووس",
        "arabic": {
            "1": ""
        },
        "farsi": {},
        "tozih": {
            "1": " مؤلّف گوید: سید ابن طاووس در کتاب «مصباح الزائر» فصلی در اعمال سرداب مقدّس آورده و در آن فصل شش زیارت نقل کرده، پس از آن فرموده:\n\nدعای ندبه به این فصل ملحق می‌شود و همچنین زیارتی که هر روز، مولای ما صاحب‌الامر پس از نماز صبح به آن زیارت می‌شود و آن زیارت هفتم حساب می‌شود و دعای عهدی که به خواندن آن در حال غیبت امر شده و دعایی که آن را وقتی که می‌خواهند از آن حرم شریف بازگردند بخوانند، آنگاه در کتاب خود به ذکر این چهار عمل شروع کرده است، ما هم در این کتاب مبارک از آن بزرگوار پیروی کرده و آن چهار عمل را ذکر می‌کنیم:"
        }
    }
}