{
    "223": {
        "number": 223,
        "bab": 3,
        "title": "زیارت امام زمان، حضرت مهدی (عج) بعد از نماز صبح  ",
        "arabic": {
            "1": " اللّٰهُمَّ بَلِّغْ مَوْلايَ صاحِبَ الزَّمانِ صَلَواتُ اللّٰهِ عَلَيْهِ عَنْ جَمِيعِ الْمُؤْمِنِينَ وَالْمُؤْمِناتِ ، فِي مَشارِقِ الْأَرْضِ وَمَغارِبِها ، وَبَرِّها وَبَحْرِها ، وَسَهْلِها وَجَبَلِها ، حَيِّهِمْ وَمَيِّتِهِمْ ، وَعَنْ والِدَيَّ وَوُلَْدِي وَعَنِّي مِنَ الصَّلَواتِ وَالتَّحِيَّاتِ زِنَةَ عَرْشِ اللّٰهِ وَمِدادَ كَلِماتِهِ، وَمُنْتَهىٰ رِضاهُ ، وَعَدَدَ مَا أَحْصاهُ كِتابُهُ ، وَأَحاطَ بِهِ عِلْمُهُ . اللّٰهُمَّ إِنِّي أُجَدِّدُ لَهُ فِي هٰذَا الْيَوْمِ وَفِي كُلِّ يَوْمٍ عَهْداً وَعَقْداً وَبَيْعَةً فِي رَقَبَتِي؛ ",
            "2": " اللّٰهُمَّ كَمَا شَرَّفْتَنِي بِهٰذَا التَّشْرِيفِ ، وَفَضَّلْتَنِي بِهٰذِهِ الْفَضِيلَةِ ، وَخَصَصْتَنِي بِهٰذِهِ النِّعْمَةِ ، فَصَلِّ عَلَىٰ مَوْلايَ وَسَيِّدِي صاحِبِ الزَّمانِ ، وَاجْعَلْنِي مِنْ أَنْصارِهِ وَأَشْياعِهِ وَالذَّابِّينَ عَنْهُ ، وَاجْعَلْنِي مِنَ الْمُسْتَشْهَدِينَ بَيْنَ يَدَيْهِ طائِعاً غَيْرَ مُكْرَهٍ فِي الصَّفِّ الَّذِي نَعَتَّ أَهْلَهُ فِي كِتابِكَ فَقُلْتَ : ﴿صَفًّا كَأَنَّهُمْ بُنْيٰانٌ مَرْصُوصٌ﴾ عَلَىٰ طاعَتِكَ وَطاعَةِ رَسُولِكَ وَآلِهِ عَلَيهِمُ السَّلامُ . اللّٰهُمَّ هٰذِهِ بَيْعَةٌ لَهُ فِي عُنُقِي إِلَىٰ يَوْمِ الْقِيَامَةِ. ",
            "3": ""
        },
        "farsi": {
            "1": " خدایا برسان به مولایم صاحب‌الزمان (درود خدا بر او) از جانب همه مردان و زنان مؤمن در مشرق‌ها و مغرب‌های زمین و خشکی‌ها و دریاهایش و همواری‌ها و کوه‌هایش، زنده و مرده آنان و همچنین از طرف پدر و مادرم و فرزندانم و خودم، درودها و تحیت‌هایی به گرانی عرش خدا و کشیدگی کلماتش و نهایت خشنودی‌اش و شمار آنچه کتابش برشمرده و دانشش به آن احاطه یافته است. خدایا در این روز و در هر روز برای آن حضرت، عهد و پیمان و بیعت، بر عهده‌ام تجدید می‌کنم؛ ",
            "2": " خدایا همچنان‌ که مرا به این شرافت مفتخر نمودی و به این فضیلت برتری‌ام دادی و به این نعمت خاصم فرمودی، پس درود فرست بر مولا و سرورم صاحب‌الزمان و مرا قرار ده از یاران و پیروان و دفاع‌کنندگان از آن حضرت و از کشته‌شدگان پیش رویش، از روی میل و رغبت، نه ناراحتی و اکراه، در صفی که اهل آن را در قرآنت وصف نموده، فرموده‌ای: گویی آنان بنایی محکم و استوارند. این عمل را از من بر پایه اطاعتت و اطاعت رسولت و خاندانش (درود بر ایشان) قرار ده. خدایا این بیعتی است بر او، بر عهده من تا روز قیامت. ",
            "3": ""
        },
        "tozih": {
            "1": " زیارتی است که هر روز پس از نماز صبح مولای ما صاحب‌الزمان به آن زیارت می‌شود و آن زیارت چنین است: ",
            "2": "",
            "3": " مؤلّف گوید: علاّمه مجلسی در کتاب «بحارالانوار» فرموده است: من در بعضی از کتاب‌های قدیمی دیده‌ام که پس از این زیارت، دست راست را به دست چپ بگذارد، مانند قراردادن در بیعت؛\n\nو نیز بدان که ما در اعمال سرداب مقدّس،«چهار زیارت» نقل کردیم و این زیارت، پنجمین زیارت کتاب ما محسوب می‌گردد و در باب اول، در ذکر زیارات حجج طاهره در ایام هفته، زیارتی برای آن حضرت نقل کردیم که در «روزهای جمعه» به آن زیارت می‌شود. "
        }
    }
}