{
    "224": {
        "number": 224,
        "bab": 3,
        "title": "دعای عهد",
        "arabic": {
            "1": " اللّٰهُمَّ رَبَّ النُّورِ الْعَظِيمِ ، وَرَبَّ الْكُرْسِيِّ الرَّفِيعِ ، وَرَبَّ الْبَحْرِ الْمَسْجُورِ ، وَمُنْزِلَ التَّوْراةِ وَالْإِنْجِيلِ وَالزَّبُورِ ، وَرَبَّ الظِّلِّ وَالْحَرُورِ ، وَمُنْزِلَ الْقُرْآنِ الْعَظِيمِ ، وَرَبَّ الْمَلائِكَةِ الْمُقَرَّبِينَ وَالْأَنْبِياءِ وَ الْمُرْسَلِينَ . ",
            "2": " اللّٰهُمَّ إِنِّي أَسْأَلُكَ بِوَجْهِكَ الْكَرِيمِ وَبِنُورِ وَجْهِكَ الْمُنِيرِ وَمُلْكِكَ الْقَدِيمِ ، يَا حَيُّ يَا قَيُّومُ ، أَسْأَلُكَ بِاسْمِكَ الَّذِي أَشْرَقَتْ بِهِ السَّمَاواتُ وَالْأَرَضُونَ ، وَبِاسْمِكَ الَّذِي يَصْلَحُ بِهِ الْأَوَّلُونَ وَالْآخِرُونَ ، يَا حَيّاً قَبْلَ كُلِّ حَيٍّ ، وَيَا حَيّاً بَعْدَ كُلِّ حَيٍّ ، وَيَا حَيّاً حِينَ لَاحَيَّ ، يَا مُحْيِيَ الْمَوْتىٰ ، وَمُمِيتَ الْأَحْياءِ ، يَا حَيُّ لَاإِلٰهَ إِلّا أَنْتَ؛ ",
            "3": " اللّٰهُمَّ بَلِّغْ مَوْلانَا الْإِمامَ الْهادِيَ الْمَهْدِيَّ الْقائِمَ بِأَمْرِكَ صَلَواتُ اللّٰهِ عَلَيْهِ وَعَلَىٰ آبائِهِ الطَّاهِرِينَ عَنْ جَمِيعِ الْمُؤْمِنِينَ وَالْمُؤْمِناتِ فِي مَشارِقِ الْأَرْضِ وَمَغارِبِها ، سَهْلِها وَجَبَلِها ، وَبَرِّها وَبَحْرِها ، وَعَنِّي وَعَنْ وَالِدَيَّ مِنَ الصَّلَواتِ زِنَةَ عَرْشِ اللّٰهِ ، وَمِدادَ كَلِماتِهِ ، وَمَا أَحْصاهُ عِلْمُهُ ، وَأَحاطَ بِهِ كِتابُهُ . ",
            "4": " اللّٰهُمَّ إِنِّي أُجَدِّدُ لَهُ فِي صَبِيحَةِ يَوْمِي هٰذَا وَمَا عِشْتُ مِنْ أَيَّامِي عَهْداً وَعَقْداً وَبَيْعَةً لَهُ فِي عُنُقِي لَا أَحُولُ عَنْها وَلَا أَزُولُ أَبَداً ، اللّٰهُمَّ اجْعَلْنِي مِنْ أَنْصارِهِ وَأَعْوانِهِ ، وَالذَّابِّينَ عَنْهُ ، والْمُسارِعِينَ إِلَيْهِ فِي قَضاءِ حَوَائِجِهِ ، وَالْمُمْتَثِلِينَ لِأَوامِرِهِ ، وَالْمُحامِينَ عَنْهُ ، وَالسَّابِقِينَ إِلىٰ إِرادَتِهِ ، وَالْمُسْتَشْهَدِينَ بَيْنَ يَدَيْهِ؛ ",
            "5": " اللّٰهُمَّ إِنْ حالَ بَيْنِي وَبَيْنَهُ الْمَوْتُ الَّذِي جَعَلْتَهُ عَلَىٰ عِبادِكَ حَتْماً مَقْضِيّاً فَأَخْرِجْنِي مِنْ قَبْرِي مُؤْتَزِراً كَفَنِي ، شاهِراً سَيْفِي ، مُجَرِّداً قَناتِي ، مُلَبِّياً دَعْوَةَ الدَّاعِي فِي الْحاضِرِ وَالْبادِي . اللّٰهُمَّ أَرِنِي الطَّلْعَةَ الرَّشِيدَةَ ، وَالْغُرَّةَ الْحَمِيدَةَ ، وَاكْحَُلْ ناظِرِي بِنَظْرَةٍ مِنِّي إِلَيْهِ ، وَعَجِّلْ فَرَجَهُ ، وَسَهِّلْ مَخْرَجَهُ ، وَأَوْسِعْ مَنْهَجَهُ ، وَاسْلُكْ بِي مَحَجَّتَهُ ، وَأَنْفِذْ أَمْرَهُ ، وَاشْدُدْ أَزْرَهُ . ",
            "6": " وَاعْمُرِ اللّٰهُمَّ بِهِ بِلادَكَ ، وَأَحْيِ بِهِ عِبادَكَ ، فَإِنَّكَ قُلْتَ وَقَوْلُكَ الْحَقُّ : ﴿ظَهَرَ الْفَسٰادُ فِي الْبَرِّ وَ الْبَحْرِ بِمٰا كَسَبَتْ أَيْدِي النّٰاسِ﴾ ، فَأَظْهِرِ اللّٰهُمَّ لَنا وَلِيَّكَ وَابْنَ بِنْتِ نَبِيِّكَ الْمُسَمَّىٰ بِاسْمِ رَسُولِكَ ، حَتَّىٰ لَايَظْفَرَ بِشَيْءٍ مِنَ الْباطِلِ إِلّا مَزَّقَهُ ، وَيُحِقَّ الْحَقَّ وَيُحَقِّقَهُ؛ ",
            "7": " وَاجْعَلْهُ اللّٰهُمَّ مَفْزَعاً لِمَظْلُومِ عِبادِكَ ، وَناصِراً لِمَنْ لَايَجِدُ لَهُ ناصِراً غَيْرَكَ ، وَمُجَدِّداً لِمَا عُطِّلَ مِنْ أَحْكامِ كِتابِكَ ، وَمُشَيِّداً لِمَا وَرَدَ مِنْ أَعْلامِ دِينِكَ وَسُنَنِ نَبِيِّكَ صَلَّى اللّٰهُ عَلَيْهِ وآلِهِ ، وَاجْعَلْهُ اللّٰهُمَّ مِمَّنْ حَصَّنْتَهُ مِنْ بَأْسِ الْمُعْتَدِينَ . ",
            "8": " اللّٰهُمَّ وَسُرَّ نَبِيَّكَ مُحَمَّداً صَلَّى اللّٰهُ عَلَيْهِ وآلِهِ بِرُؤْيَتِهِ وَمَنْ تَبِعَهُ عَلَىٰ دَعْوَتِهِ ، وَارْحَمِ اسْتِكانَتَنا بَعْدَهُ . اللَّهُمَّ اكْشِفْ هٰذِهِ الْغُمَّةَ عَنْ هٰذِهِ الْأُمَّةِ بِحُضُورِهِ ، وَعَجِّلْ لَنا ظُهُورَهُ ، إِنَّهُمْ يَرَوْنَهُ بَعِيداً وَنَرَاهُ قَرِيباً ، بِرَحْمَتِكَ يَا أَرْحَمَ الرَّاحِمِينَ. ",
            "9": " الْعَجَلَ الْعَجَلَ يَا مَوْلايَ يَا صاحِبَ الزَّمانِ. "
        },
        "farsi": {
            "1": " خدایا ای پروردگار نور بزرگ و پروردگار کرسی بلند و پروردگار دریای جوشان و فرو فرستنده تورات و انجیل و زبور و پروردگار سایه و حرارت آفتاب و نازل کننده قرآن بزرگ و پروردگار فرشتگان مقرّب و پیامبران و رسولان. ",
            "2": " خدایا از تو می‌خواهم به روی کریمت و به نور وجه نوربخشت و فرمانروایی دیرینه‌ات، ای زنده و پا برجای دائم، از تو می‌خواهم به حق نامت که به آن آسمان‌ها و زمین‌ها روشن شد و به حق نامت که پیشینیان و پسینیان به آن شایسته می‌شوند، ای زنده پیش از هر زنده، ای زنده پس از هر زنده، ای زنده در آن وقتی که زنده‌ای نبود، ای زنده کننده مردگان و میراننده زندگان، ای زنده، معبودی جز تو نیست؛ ",
            "3": " خدایا برسان به مولای ما امام راهنمای راه‌یافته، قیام کننده به فرمانت که درودهای خدا بر او و پدران پاکش، از جانب همه مردان و زنان مؤمن، در مشرق‌های زمین و مغرب‌هایش، همواری‌ها و کوه‌هایش، خشکی‌ها و دریاهایش و از طرف من و پدر و مادرم، از درودها به گرانی عرش خدا و کشش کلماتش و آنچه دانشش برشمرده و کتابش به آن احاطه یافته.",
            "4": " خدایا در صبح این روز و تا زندگی کنم از روزهایم، برای آن حضرت بر عهده‌ام، عهد و پیمان و بیعت تجدید می‌کنم که از آن‌، رو نگردانم و هیچ‌گاه دست برندارم. خدایا مرا، از یاران و مددکاران و دفاع‌کنندگان از او قرار ده و از شتابندگان به سویش، در برآوردن خواسته‌هایش و اطاعت‌کنندگان اَوامرش و مدافعان حضرتش و پیش‌گیرندگان به جانب خواسته‌اش و کشته‌شدگان در پیشگاهش؛ ",
            "5": "خدایا اگر بین من و او مرگی که بر بندگانت حتم و قطعی ساختی حائل شد، کفن پوشیده از قبر مرا بیرون آور، با شمشیر از نیام برکشیده و نیزه برهنه، پاسخگو به دعوت آن دعوت‌کننده، در میان شهرنشین و بادیه‌نشین. خدایا آن جمال با رشادت و پیشانی ستوده را به من بنمایان و با نگاهی از من به او، دیده‌ام را سرمه بنه و در گشایش امرش شتاب کن و درآمدنش را آسان گردان و راهش را وسعت بخش و مرا به راهش درآور و فرمانش را نافذ کن و پشتش را محکم گردان،",
            "6": " خدایا به دست او کشورهایت را آباد کن و بندگانت را به وسیله او زنده فرما، به درستی که تو فرمودی و گفته‌ات حق است که: فساد در خشکی و دریا، در اثر اعمال مردم نمایان شد، خدایا ولی‌ات و فرزند دختر پیامبرت که به نام رسولت نامیده شده، برای ما آشکار کن تا به چیزی از باطل دست نیابد، مگر آن را از هم بپاشد و حق را پابرجا و ثابت نماید؛ ",
            "7": " خدایا او را قرار ده پناهگاهی برای ستمدیدگان از بندگانت و یاور برای کسی که یاری برای خود جز تو نمی‌یابد و تجدیدکننده آنچه از احکام کتابت تعطیل شده و محکم‌کننده آنچه از نشانه‌های دینت و روش‌های پیامبرت (درود خدا بر او و خاندانش) رسیده است و او را قرار ده، خدایا، از آنان‌ که از حمله متجاوزان، نگاهش داری، ",
            "8": " خدایا پیامبرت محمّد (درود خدا بر او و خاندانش) را به دیدار او و کسانی که بر پایه دعوتش از او پیروی کردند شاد کن و پس از او به درماندگی ما رحم فرما، خدایا این اندوه را از این امت به حضور آن حضرت برطرف کن و در ظهورش برای ما شتاب فرما که دیگران ظهورش را دور می‌بینند و ما نزدیک می‌بینیم، به مهربانی‌ات ای مهربان‌ترین مهربانان. ",
            "9": ""
        },
        "tozih": {
            "1": " از حضرت صادق(علیه‌السلام) روایت شده: هرکه چهل صبحگاه این عهد را بخواند، از یاوران قائم ما باشد و اگر پیش از ظهور آن حضرت از دنیا برود، خدا او را از قبر بیرون آورد که در خدمت آن حضرت باشد و حق‌تعالی بر هر کلمه هزار حسنه به او کرامت فرماید و هزار گناه از او محو سازد و آن عهد این است:",
            "2": "",
            "3": "",
            "4": "",
            "5": "",
            "6": "",
            "7": "",
            "8": "",
            "9": "آنگاه «سه بار» بر ران خود دست می‌زنی و در هر مرتبه می‌گویی: "
        }
    }
}