{
    "228": {
        "number": 228,
        "bab": 3,
        "title": "زیارت جامعه همه امامان",
        "arabic": {
            "1": ""
        },
        "farsi": {
            "1": ""
        },
        "tozih": {
            "1": " این مقام در زیارات جامعه است که هر امامی را می‌توان به آن زیارت کرد و این زیارات بسیار است که ما به ذکر چند نمونه از میان آن‌ها اکتفا می‌کنیم:\nزیارت اول: زیارت جامعه صغیره\nزیارت دوم: زیارت جامعه کبیره\nزیارت جامعه سوم\nزیارت چهارم: زیارت امین‌الله\nزیارت پنج: زیارت رجبیه "
        }
    }
}