{
    "246": {
        "number": 246,
        "bab": 3,
        "title": "صلوات بر امام موسی کاظم(ع)",
        "arabic": {
            "1": "اللّٰهُمَّ صَلِّ عَلَى الْأَمِينِ الْمُؤْتَمَنِ مُوسَى بْنِ جَعْفَرٍ الْبَرِّ الْوَفِيِّ ، الطَّاهِرِ الزَّكِيِّ ، النُّورِ الْمُبِينِ  ، الْمُجْتَهِدِ الْمُحْتَسِبِ الصَّابِرِ عَلَى الْأَذىٰ فِيكَ . اللّٰهُمَّ وَكَما بَلَّغَ عَنْ آبائِهِ مَا اسْتُودِعَ مِنْ أَمْرِكَ وَنَهْيِكَ ، وَحَمَلَ عَلَى الْمَحَجَّةِ ، وَكابَدَ أَهْلَ الْعِزَّةِ وَالشِّدَّةِ فِيما كانَ يَلْقىٰ مِنْ جُهَّالِ قَوْمِهِ ، رَبِّ فَصَلِّ عَلَيْهِ أَفْضَلَ وَأَكْمَلَ مَا صَلَّيْتَ عَلَىٰ أَحَدٍ مِمَّنْ أَطاعَكَ وَنَصَحَ لِعِبادِكَ إِنَّكَ غَفُورٌ رَحِيمٌ."
        },
        "farsi": {
            "1": " خدایا درود فرست بر امین مورد اعتماد، موسی بن جعفر، نیکوکار وفادار، پاک و پاکیزه، نور آشکار، تلاش کننده و عمل‌کننده برای خدا، شکیبا بر آزار در راه تو. خدایا چنان‌که از سوی پدرانش، آنچه از امر و نهی تو، به او سپرده شده بود، به مردم رساند و بندگانت را به راه روشن واداشت و از اهل تکبّر و سرسختی، در اموری که از نادانان ملّت خود می‌دید، متحمّل زحمت و مصیبت شد، پس بر او درود فرست، برترین و کامل‌ترین درودی که بر یکی از فرمانبران و خیرخواهان بندگانت فرستادی، به درستی که تو آمرزنده و مهربانی. "
        },
        "tozih": {
            "1": ""
        }
    }
}