{
    "249": {
        "number": 249,
        "bab": 3,
        "title": "صلوات بر امام هادی، حضرت امام علی النقی(ع)",
        "arabic": {
            "1": "اللّٰهُمَّ صَلِّ عَلَىٰ عَلِيِّ بْنِ مُحَمَّدٍ وَصِيِّ الْأَوْصِياءِ ، وَ إِمامِ الْأَتْقِياءِ ، وَخَلَفِ أَئِمَّةِ الدِّينِ ، وَالْحُجَّةِ عَلَى الْخَلائِقِ أَجْمَعِينَ . اللّٰهُمَّ كَما جَعَلْتَهُ نُوراً يَسْتَضِيءُ بِهِ الْمُؤْمِنُونَ فَبَشَّرَ بِالْجَزِيلِ مِنْ ثَوابِكَ ، وَأَنْذَرَ بِالْأَلِيمِ مِنْ عِقابِكَ ، وَحَذَّرَ بَأْسَكَ ، وَذَكَّرَ بِآياتِكَ ، وَأَحَلَّ حَلالَكَ ، وَحَرَّمَ حَرامَكَ ، وَبَيَّنَ شَرائِعَكَ وَفَرائِضَكَ ، وَحَضَّ عَلَىٰ عِبادَتِكَ ، وَأَمَرَ بِطاعَتِكَ ، وَنَهىٰ عَنْ مَعْصِيَتِكَ ، فَصَلِّ عَلَيْهِ أَفْضَلَ مَا صَلَّيْتَ عَلَىٰ أَحَدٍ مِنْ أَوْلِيائِكَ وَذُرِّيَّةِ أَنْبِيائِكَ يَا إِلٰهَ الْعالَمِينَ."
        },
        "farsi": {
            "1": "  خدایا درود فرست بر علی بن محمد، جانشین اوصیا و پیشوای پرهیزگاران و یادگار امامان دین و حجّت بر همه آفریدگان. خدایا چنان‌که او را نوری قرار دادی که مؤمنان به وسیله او روشنی جویند، پس به پاداش شایانت مژده داد و به کیفر دردناکت بیم داد و از صولتت بر حذر داشت و آیاتت را به یاد مردم انداخت و حلالت را حلال نمود و حرامت را حرام کرد و قوانین و واجباتت را بیان فرمود و مردم را به بندگی‌ات ترغیب نمود و به طاعتت فرمان داد و از نافرمانی‌ات بازداشت، پس بر او درود فرست، برترین درودی که بر یکی از اولیایت و نسل پیامبرانت فرستادی، ای معبود جهانیان."
        },
        "tozih": {
            "1": ""
        }
    }
}