{
    "250": {
        "number": 250,
        "bab": 3,
        "title": "صلوات بر حضرت امام حسن عسکری(ع)",
        "arabic": {
            "1": "اللّٰهُمَّ صَلِّ عَلَى الْحَسَنِ بْنِ عَلِيِّ بْنِ مُحَمَّدٍ  الْبَرِّ التَّقِيِّ ، الصَّادِقِ الْوَفِيِّ ، النُّورِ الْمُضِيءِ ، خازِنِ عِلْمِكَ ، وَالْمُذَكِّرِ بِتَوْحِيدِكَ ، وَوَلِيِّ أَمْرِكَ ، وَخَلَفِ أَئِمَّةِ الدِّينِ الْهُداةِ الرَّاشِدِينَ ، وَالْحُجَّةِ عَلَىٰ أَهْلِ الدُّنْيا ، فَصَلِّ عَلَيْهِ يَا رَبِّ أَفْضَلَ مَا صَلَّيْتَ عَلَىٰ أَحَدٍ مِنْ أَصْفِيائِكَ وَحُجَجِكَ وَأَوْلادِ رُسُلِكَ يَا إِلٰهَ الْعالَمِينَ."
        },
        "farsi": {
            "1": " خدایا درود فرست بر حسن بن علی بن محمّد، نیکوکار، پرهیزگار، صادق، وفادار، نور تابنده، خزانه‌دار دانشت، به یاد اندازه‌ی توحیدت و ولی امرت و یادگار پیشوایان دین، آن راهنمایان رشد یافته و حجّت بر اهل دنیا، پس بر او درود فرست ای پروردگار، برترین درودی که بر یکی از برگزیدگان و حجّت‌هایت و اولاد رسولانت فرستادی، ای معبود جهانیان. "
        },
        "tozih": {
            "1": ""
        }
    }
}