{
    "251": {
        "number": 251,
        "bab": 3,
        "title": "صلوات بر امام زمان، حضرت مهدی(ع)",
        "arabic": {
            "1": "اللّٰهُمَّ صَلِّ عَلَىٰ وَلِيِّكَ وَابْنِ أَوْلِيائِكَ الَّذِينَ فَرَضْتَ طاعَتَهُمْ ، وَأَوْجَبْتَ حَقَّهُمْ ، وَأَذْهَبْتَ عَنْهُمُ الرِّجْسَ وَطَهَّرْتَهُمْ تَطْهِيراً . اللّٰهُمَّ انْصُرْهُ وَانْتَصِرْ بِهِ لِدِينِكَ ، وَانْصُرْ بِهِ أَوْلِياءَكَ وَأَوْلِياءَهُ وَشِيعَتَهُ وَأَنْصارَهُ وَاجْعَلْنا مِنْهُمْ . ",
            "2": "اللّٰهُمَّ أَعِذْهُ مِنْ شَرِّ كُلِّ باغٍ وَطاغٍ ، وَمِنْ شَرِّ جَمِيعِ خَلْقِكَ ، وَاحْفَظْهُ مِنْ بَيْنِ يَدَيْهِ وَمِنْ خَلْفِهِ وَعَنْ يَمِينِهِ وَعَنْ شِمالِهِ ، وَاحْرُسْهُ وَامْنَعْهُ أَنْ يُوصَلَ إِلَيْهِ بِسُوءٍ ، وَاحْفَظْ فِيهِ رَسُولَكَ وَآلَ رَسُولِكَ ، وَأَظْهِرْ بِهِ الْعَدْلَ ، وَأَيِّدْهُ بِالنَّصْرِ ، وَانْصُرْ ناصِرِيهِ ، وَاخْذُل خاذِلِيهِ ، ",
            "3": "وَاقْصِمْ بِهِ جَبابِرَةَ الْكُفْرِ ، وَاقْتُلْ بِهِ الْكُفَّارَ وَالْمُنافِقِينَ وَجَمِيعَ الْمُلْحِدِينَ حَيْثُ كانُوا  مِنْ مَشارِقِ الْأَرْضِ وَمَغارِبِها ، وَبَرِّها وَبَحْرِها ، وَامْلَأْ بِهِ الْأَرْضَ عَدْلاً ، وَأَظْهِرْ بِهِ دِينَ نَبِيِّكَ عَلَيْهِ وَآلِهِ السَّلامُ ، وَاجْعَلْنِي اللّٰهُمَّ مِنْ أَنْصارِهِ وَأَعْوانِهِ وَأَتْباعِهِ وَشِيعَتِهِ ، وَأَرِنِي فِي آلِ مُحَمَّدٍ مَا يَأْمُلُونَ ، وَفِي عَدُوِّهِمْ مَا يَحْذَرُونَ ، إِلٰهَ الْحَقِّ آمِينَ."
        },
        "farsi": {
            "1": " خدایا درود فرست بر نماینده‌ات و فرزند نمایندگانت، آنان‌ که فرمان‌برداری از آن‌ها را لازم نمودی و حقّشان را واجب گرداندی و پلیدی را از آن‌ها بردی و پاکشان نمودی، پاک‌کردنی درخور و شایسته. ",
            "2": " خدایا یاری‌اش کن و به وسیله او برای دینت یاری رسان و به دست او یاری فرما دوستانت و دوستانش و شیعیان و یاورانش را و ما را از آنان قرار ده؛ خدایا به او پناه ده، از شرّ هر متجاوز و سرکش و از شرّ همه آفریدگانت و او را حفظ کن، از پیش رویش و از پشت سرش و از جانب راستش و از طرف چپش و نگهبانی‌اش کن و جلوگیری فرما از اینکه پیش‌آمد بدی به او در رسد و پیامبرت و خاندان پیامبرت را در وجود او حفظ فرما و عدالت را به او آشکار کن و وی را با پیروزی تأیید کن، یاورش را یاری ده و دریغ کننده از یاری‌اش را خوار گردان ",
            "3": " و به دست او گردنکشان کفر را درهم شکن و کافران و منافقان و تمام بی‌دینان را به قتل برسان، هر کجا که هستند، در مشرق‌های زمین و مغرب‌هایش، در خشکی‌ها و دریاهایش و به وسیله او زمین را از عدالت پر کن و دین پیامبرت (بر او و خاندانش درود باد) را به او نمایان فرما و قرار ده مرا خدایا از یاران و مددکاران و پیروان و شیعیانش و درباره خاندان محمّد به من بنمایان، آنچه را که آرزو دارند و درباره دشمنانشان آنچه را که بیم دارند، ای معبود حق آمین. "
        },
        "tozih": {
            "1": "",
            "2": "",
            "3": ""
        }
    }
}