{
    "258": {
        "number": 258,
        "bab": 3,
        "title": "امام‌ زاده های واجب التعظیم",
        "arabic": {
            "1": ""
        },
        "farsi": {
            "1": ""
        },
        "tozih": {
            "1": "\nپوشیده نماند که امامزاده‌ای که انسان، با اطمینان خاطر، به خاطر درک فیوضات و زدودن رنج‌ها و غصه‌ها، به جانب قبر شریفش، بار سفر ببندد و شدّ رحال کند، باید نسبت به او دو مطلب را رعایت کند، آنگاه به قصد زیارت حرکت کند:\n\nاول:\nجلالت مقام و عظمت شأن صاحب آن مرقد، علاوه بر شرافت نسب او که این دو معنا، از کتاب‌های حدیث و انساب [علم نسب‌شناسی] و تاریخ شناخته می‌شود.\n\nدوم:\nمعلوم بودن قبر آن سید جلیل و صحت نسبت قبر به او\n\nزمینه جمع بین این دو مطلب بسیار کم است؛ و ما در کتاب «هدیة الزائر» به ذکر جمعی از ایشان اشاره کرده‌ایم و در کتاب «نفثة المصدور» و «منتهی الآمال» اشاره به محسن بن حسین(علیه‌السلام) نمودیم و چون در این کتاب گنجایش ذکر نیست، تنها به ذکر دو نفر از ایشان اکتفا می‌نماییم:\n\nزیارت حضرت معصومه(ع) در قم\nزیارت حضرت عبدالعظیم(ع) در شهر ری "
        }
    }
}