{
    "26": {
        "number": 26,
        "bab": 3,
        "title": "کیفیت زیارت حضرت رسول خدا(ص) در مدینه",
        "arabic": {
            "1": "السَّلامُ عَلَيْكَ يَا رَسُولَ اللّٰهِ ، السَّلامُ عَلَيْكَ يَا نَبِيَّ اللّٰهِ ، السَّلامُ عَلَيْكَ يَا مُحَمَّدَ بْنَ عَبْدِاللّٰهِ ، السَّلامُ عَلَيْكَ يَا خاتَمَ النَّبِيِّينَ ، أَشْهَدُ أَنَّكَ قَدْ بَلَّغْتَ الرِّسالَةَ ، وَأَقَمْتَ الصَّلَاةَ ، وَآتَيْتَ الزَّكَاةَ ، وَأَمَرْتَ بِالْمَعْرُوفِ ، وَنَهَيْتَ عَنِ الْمُنْكَرِ ، وَعَبَدْتَ اللّٰهَ مُخْلِصاً حَتَّىٰ أَتاكَ الْيَقِينُ ، فَصَلَواتُ اللّٰهِ عَلَيْكَ وَرَحْمَتُهُ وَعَلَىٰ أَهْلِ بَيْتِكَ الطَّاهِرِينَ.",
            "2": "أَشْهَدُ أَنْ لَاإِلٰهَ إِلّا اللّٰهُ وَحْدَهُ لَاشَرِيكَ لَهُ ، وَأَشْهَدُ  أَنَّ مُحَمَّداً عَبْدُهُ وَرَسُولُهُ ، وَأَشْهَدُ أَنَّكَ رَسُولُ اللّٰهِ ، وَأَنَّكَ مُحَمَّدُ بْنُ عَبْدِ اللّٰهِ ، وَأَشْهَدُ أَنَّكَ قَدْ بَلَّغْتَ رِسالاتِ رَبِّكَ وَنَصَحْتَ لِأُمَّتِكَ ، وَجاهَدْتَ فِي سَبِيلِ اللّٰهِ ، وَعَبَدْتَ اللّٰهَ حَتّىٰ أَتاكَ الْيَقِينُ بِالْحِكْمَةِ وَالْمَوْعِظَةِ الْحَسَنَةِ ، وَأَدَّيْتَ الَّذِي عَلَيْكَ مِنَ الْحَقِّ ، وَأَنَّكَ قَدْ رَؤُفْتَ بِالْمُؤْمِنِينَ ، وَغَلُظْتَ عَلَى الْكافِرِينَ ، فَبَلَّغَ اللّٰهُ بِكَ أَفْضَلَ شَرَفِ مَحَلِّ الْمُكَرَّمِينَ، الْحَمْدُ لِلّٰهِ الَّذِي اسْتَنْقَذَنا بِكَ مِنْ الشِّرْكِ وَالضَّلالَةِ؛",
            "3": "اللّٰهُمَّ فَاجْعَلْ صَلَوَاتِكَ وَصَلَوَاتِ مَلائِكَتِكَ الْمُقَرَّبِينَ ، وَأَنْبِيائِكَ الْمُرْسَلِينَ ، وَعِبادِكَ الصَّالِحِينَ ، وَأَهْلِ السَّمَاواتِ وَالْأَرَضِينَ ، وَمَنْ سَبَّحَ لَكَ يَا رَبَّ الْعالَمِينَ مِنَ الْأَوَّلِينَ وَالْآخِرِينَ عَلَىٰ مُحَمَّدٍ عَبْدِكَ وَرَسُولِكَ وَنَبِيِّكَ وَأَمِينِكَ وَنَجِيِّكَ وَحَبِيبِكَ وَصَفِيِّكَ وَخاصَّتِكَ وَصَفْوَتِكَ وَخِيَرَتِكَ مِنْ خَلْقِكَ؛ ",
            "4": "اللّٰهُمَّ أَعْطِهِ الدَّرَجَةَ الرَّفِيعَةَ ، وَآتِهِ الْوَسِيلَةَ مِنَ الْجَنَّةِ ، وَابْعَثْهُ مَقاماً مَحْمُوداً يَغْبِطُهُ بِهِ الْأَوَّلُونَ وَالْآخِرُونَ . اللّٰهُمَّ إِنَّكَ قُلْتَ :﴿وَ لَوْ أَنَّهُمْ إِذْ ظَلَمُوا أَنْفُسَهُمْ جٰاؤُكَ فَاسْتَغْفَرُوا اللّٰهَ وَ اسْتَغْفَرَ لَهُمُ الرَّسُولُ لَوَجَدُوا اللّٰهَ تَوّٰاباً رَحِيماً﴾ وَإِنِّي أَتَيْتُكَ مُسْتَغْفِراً تَائِباً مِنْ ذُنُوبِي ، وَ إِنِّي أَتَوَجَّهُ بِكَ إِلَى اللّٰهِ رَبِّي وَرَبِّكَ لِيَغْفِرَ لِي ذُنُوبِي. ",
            "5": "أَسْأَلُ اللّٰهَ الَّذِي اجْتَبَاكَ وَاخْتَارَكَ وَهَدَاكَ وَهَدىٰ بِكَ أَنْ يُصَلِّيَ عَلَيْكَ.",
            "6": " إِنَّ اللّٰهَ وَ مَلاٰئِكَتَهُ يُصَلُّونَ عَلَى النَّبِيِّ يٰا أَيُّهَا الَّذِينَ آمَنُوا صَلُّوا عَلَيْهِ وَ سَلِّمُوا تَسْلِيماً.",
            "7": "أَسْأَلُكَ أَيْ جَوادُ ، أَيْ كَرِيمُ ، أَيْ قَرِيبُ ، أَيْ بَعِيدُ أَنْ تَرُدَّ عَلَيَّ نِعْمَتَكَ."
        },
        "farsi": {
            "1": " سلام بر تو ای فرستاده خدا، سلام بر تو ای پیامبر خدا، سلام بر تو ای محمّد بن عبدالله، سلام بر تو ای خاتم پیامبران، شهادت می‌دهم که تو رسالت خویش را انجام دادی و نماز را بپا داشتی و زکات را پرداختی و به معروف امر نموده و از منکر نهی کردی و خدا را خالصانه عبادت کردی تا مرگ تو را دررسید، درودهای خدا و رحمتش بر تو و اهل‌بیت پاکیزه‌ات. ",
            "2": " شهادت می‌دهم که معبودی جز خدا نیست، یگانه و بی‌شریک است و شهادت می‌دهم که محمّد بنده و فرستاده اوست و شهادت می‌دهم که تو رسول خدایی و اینکه تویی محمّد بن عبدالله و شهادت می‌دهم که تو پیام‌های پروردگارت را به مردم رساندی و برای امّتت خیرخواهی نمودی و در راه خدا جهاد کردی با حکمت و موعظه و حسنه و خدا را عبادت کردی تا مرگ تو را دررسید و آنچه از حق بر عهده‌ات بود ادا کردی و نسبت به مردم مؤمن مهربان و بر کافران سخت‌گیر بودی، پس خدا تو را به برترین شرف مقام گرامی داشتگان برساند؛ خدا را سپاس که ما را به وسیله تو، از شرک و گمراهی رهانید؛",
            "3": " خدایا قرار ده، درودهایت و درودهای فرشتگان مقرّبت و پیامبران مرسلت و بندگان شایسته‌ات و اهل آسمان‌ها و زمین‌ها و هرکه برایت تسبیح گفت ای پروردگار جهانیان از گذشتگان و آیندگان، بر محمّد بنده و رسول و پیامبرت و امین و محرم راز و محبوبت و دوست خالص و مخصوص و برگزیده‌ات و انتخاب‌شده تو از میان خلقت؛",
            "4": " خدایا او را درجه بلند عطا کن و او را از بهشت وسیله عنایت کن و او را به مقام پسندیده‌ای برانگیز که گذشتگان و آیندگان به او رشک برند، خدایا تو فرمودی: «اگر اینان وقتی‌که به خود ستم کردند، نزد تو آمدند، پس از خدا درخواست آمرزش کردند و رسول برای آنان آمرزش خواست، خدا را توبه‌پذیر و مهربان می‌یابند» و من هم اکنون آمرزش‌خواه و توبه‌کننده به نزد تو آمدم و به وسیله تو رو به جانب خدا، پروردگارم و پروردگار تو می‌کنم تا گناهانم را بیامرزد.",
            "5": " از خدا که تو را برگزید و انتخاب کرد و هدایتت نمود و مردم را به وسیله تو هدایت کرد، می‌خواهم که بر تو درود فرستد.",
            "6": "به درستی که خدا و فرشتگانش بر پیامبر درود می‌فرستند، ای کسانی که ایمان آورده‌اید بر او درود فرستید و سلام کنید، سلامی کامل.",
            "7": " از تو می‌خواهم ای بخشنده، ای بزرگوار، ای نزدیک، ای دور که نعمتت را به من بازگردانی. "
        },
        "tozih": {
            "1": "امّا کیفیت زیارت رسول خدا(صلی‌الله‌علیه‌و‌آله) چنین است:\nهرگاه به مدینه پیامبر(صلی‌الله‌علیه‌و‌آله) وارد شدی، برای زیارت غسل کن، چون خواستی وارد مسجد آن حضرت شوی کنار در مسجد بایست و «اذن دخول» اوّل را که در صفحات پیش گذشت بخوان و از در جبرییل وارد شو و پای راست را وقت ورود مقدّم بدار، سپس «صد مرتبه» «اللّٰهُ أَکْبَرُ» بگو، آنگاه دو رکعت [نماز به نیت] «نماز تحیت» مسجد بجا آور و به جانب حجره شریفه برو و بر آن دست بگذار و آن را ببوس و بگو:",
            "2": "پس رو به قبله نزد ستون جلو که از جانب راست قبر است بایست، به‌طوری‌که دوش چپ به جانب قبر و دوش راست به جانب منبر که جایگاه سر رسول خدا(صلی‌الله‌علیه‌وآله) است قرار گیرد و بگو:",
            "3": "",
            "4": "",
            "5": "و اگر تو را حاجتی باشد، قبر مطهّر را پشت کتف خود قرار ده و رو به جانب قبله کن و دست‌ها را به سوی خدا بردار و حاجت خویش را بخواه که سزاوار است برآورده شود، ان‌شاء‌الله تعالی.\n\nابن قولَوَیه به سند معتبر از محمّد بن مسعود روایت کرده که گفت: دیدم امام صادق(علیه‌السلام) نزد قبر رسول خدا(صلی‌الله‌علیه‌وآله) آمد و دست مبارک را بر قبر گذاشت و گفت:",
            "6": "پس فرمود:",
            "7": " شیخ طوسی در کتاب «مصباح» فرموده: چون کنار قبر شریف از دعا فارغ شدی، نزد منبر برو و بر آن دست بمال و دو قبّه پایین منبر را که مانند انار است بگیر و صورت و چشم‌های خود را به آن بمال که در آن شفای چشم است و نزد منبر بایست و حمد و ثنای الهی را بجای آور، و حاجت خود را بخواه که رسول خدا(صلی‌الله‌علیه‌وآله) فرمود: بین قبر و منبر من باغی است از باغ‌های بهشت و منبر من بر دری است از درهای بهشت.\n\nسپس به مقام پیامبر(صلی‌الله‌علیه‌وآله) می‌روی و در آنجا آنچه خواهی نماز بجا می‌آوری و در مسجد پیامبر بسیار نماز بخوان، به درستی که نماز در آن برابر با هزار نماز است و هرگاه داخل مسجد شوی یا بیرون روی بر آن حضرت صلوات فرست و در خانه فاطمه زهرا نماز گذار و به مقام جبرییل که زیر ناودان است برو که محلّ ایستادن جبرییل در هنگام اذن دخول خواستن از پیامبر(صلی‌الله‌علیه‌وآله) آنجا بوده و بگو:"
        }
    }
}