{
    "262": {
        "number": 262,
        "bab": 3,
        "title": "زیارت جناب ابوالفتوح رازی و شیخ صدوق در شهر ری",
        "arabic": {
            "1": ""
        },
        "farsi": {
            "1": ""
        },
        "tozih": {
            "1": "در صحن امام‌زاده حمزه [و حضرت عبدالعظیم در شهر ری]، قبر شیخ جلیل سعید، قدوة المفسّرین، جمال‌الدین ابو الفتوح حسین بن علی خزاعی صاحب تفسیر معروف قرار دارد، باید آن جناب را هم زیارت نمود و همچنین از زیارت جناب شیخ صدوق رئیس المحدثین، معروف به ابن‌بابویه که در نزدیکی شهر حضرت عبدالعظیم است، نباید غفلت کرد.\n"
        }
    }
}