{
    "267": {
        "number": 267,
        "bab": 3,
        "title": "خاتمه کتاب مفاتیح‌الجنان",
        "arabic": {
            "1": ""
        },
        "farsi": {
            "1": ""
        },
        "tozih": {
            "1": " آنچه ثبت آن در این کتاب شریف مقدر شده بود، در شب یکشنبه دهم ذوالقعدة الحرام سال هراز و سیصد و چهل و چهار قمری، شب ولادت باسعادت حضرت ثامن‌الائمه، مولانا ابوالحسن الرضا(علیه‌السلام) پایان یافت و چون در این روز به وسیله نامه خبر فوت مادرم به من رسید، از برادران ایمانی که از این کتاب بهره‌مند می‌شوند، برای آن مرحومه مغفوره و برای خودم و والدم در حیات و ممات، التماس دعا و زیارت دارم.\n\nو الحمد لله اَوّلًا و آخراً و صلّی الله علی محمّد و آله الطاهرین. "
        }
    }
}