{
    "106": {
        "number": 106,
        "bab": 1,
        "title": "زیارت امام حسن عسکری(علیه السلام) در روز پنجشنبه",
        "arabic": {
            "1": "السَّلامُ عَلَيْكَ يَا وَلِىَّ اللّٰهِ ، السَّلامُ عَلَيْكَ يَا حُجَّةَ اللّٰهِ وَخَالِصَتَهُ، السَّلامُ عَلَيْكَ يَا إِمَامَ الْمُؤْمِنِينَ، وَوَارِثَ الْمُرْسَلِينَ، وَحُجَّةَ رَبِّ الْعَالَمِينَ، صَلَّى اللّٰهُ عَلَيْكَ وَعَلَىٰ آلِ بَيْتِكَ الطَّيِّبِينَ الطَّاهِرِينَ، يَا مَوْلاىَ يَا أَبا مُحَمَّدٍ الْحَسَنَ بْنَ عَلِيٍّ، أَنَا مَوْلىً لَكَ وَلِآلِ بَيْتِكَ، وَهٰذَا يَوْمُكَ وَهُوَ يَوْمُ الْخَمِيسِ، وَأَنَا ضَيْفُكَ فِيهِ وَمُسْتَجِيرٌ بِكَ فِيهِ، فَأَحْسِنْ ضِيافَتِى وَإِجارَتِى بِحَقِّ آلِ بَيْتِكَ الطَّيِّبِينَ الطَاهِرِينَ."
        },
        "farsi": {
            "1": " سلام بر تو ای ولی خدا، سلام بر تو ای حجّت حق و بنده‌ی پاک خدا، سلام بر تو ای پیشوای مؤمنان و وارث پیامبران و برهان محکم پروردگار جهانیان، درود خدا بر تو و اهل‌بیت پاکیزه و پاکت باد، ای سرور من یا ابا محمّد حسن بن علی، من دل‌بسته تو و اهل‌بیت توأم، این روز، روز پنجشنبه و روز توست و من در آن میهمان و پناهنده به توأم، پس به نیکی پذیرایم باش و پناهم ده، به حق خاندان پاکیزه و پاکت. "
        },
        "tozih": {
            "1": " روز پنجشنبه به نام امام حسن عسکری(علیه‌السلام) است. در زیارت آن حضرت بگو: "
        }
    }
}