{
    "107": {
        "number": 107,
        "bab": 1,
        "title": "زیارت امام زمان، حضرت مهدی(عج) در روز جمعه",
        "arabic": {
            "1": "السَّلامُ عَلَيْكَ يَا حُجَّةَ اللّٰهِ فِى أَرْضِهِ ، السَّلامُ عَلَيْكَ يَا عَيْنَ اللّٰهِ فِى خَلْقِهِ ، السَّلامُ عَلَيْكَ يَا نُورَ اللّٰهِ الَّذِى يَهْتَدِى بِهِ الْمُهْتَدُونَ ، وَيُفَرَّجُ بِهِ عَنِ الْمُؤْمِنِينَ ، السَّلامُ عَلَيْكَ أَيُّهَا الْمُهَذَّبُ الْخائِفُ ، السَّلامُ عَلَيْكَ أَيُّهَا الْوَلِىُّ النَّاصِحُ ، السَّلامُ عَلَيْكَ يَا سَفِينَةَ النَّجاةِ ، السَّلامُ عَلَيْكَ يَا عَيْنَ الْحَيَاةِ ، السَّلامُ عَلَيْكَ ، صَلَّى اللّٰهُ عَلَيْكَ وَعَلَىٰ آلِ بَيْتِكَ الطَّيِّبِينَ الطَّاهِرِينَ ، السَّلامُ عَلَيْكَ ، عَجَّلَ اللّٰهُ لَكَ مَا وَعَدَكَ مِنَ النَّصْرِ وَظُهُورِ الْأَمْرِ ، السَّلامُ عَلَيْكَ يَا مَوْلاىَ ، أَنَا مَوْلاكَ عَارِفٌ بِأُولَاكَ وَأُخْرَاكَ ، أَتَقَرَّبُ إِلَى اللّٰهِ تَعَالَىٰ بِكَ وَبِآلِ بَيْتِكَ ، وَأَنْتَظِرُ ظُهُورَكَ وَظُهُورَ الْحَقِّ عَلَىٰ يَدَيْكَ؛",
            "2": "وَأَسْأَلُ اللّٰهَ أَنْ يُصَلِّىَ عَلَىٰ مُحَمَّدٍ وَآلِ مُحَمَّدٍ ، وَأَنْ يَجْعَلَنِى مِنَ الْمُنْتَظِرِينَ لَكَ وَالتَّابِعِينَ وَالنَّاصِرِينَ لَكَ عَلَىٰ أَعْدائِكَ ، وَالْمُسْتَشْهَدِينَ بَيْنَ يَدَيْكَ فِى جُمْلَةِ أَوْلِيَائِكَ . يَا مَوْلاىَ يَا صَاحِبَ الزَّمَانِ ، صَلَواتُ اللّٰهِ عَلَيْكَ وَعَلَىٰ آلِ بَيْتِكَ ، هٰذَا يَوْمُ الْجُمُعَةِ وَهُوَ يَوْمُكَ الْمُتَوَقَّعُ فِيهِ ظُهُورُكَ ، وَالْفَرَجُ فِيهِ لِلْمُؤْمِنِينَ عَلَىٰ يَدَيْكَ ، وَقَتْلُ الْكافِرِينَ بِسَيْفِكَ ، وَأَنَا يَا مَوْلاىَ فِيهِ ضَيْفُكَ وَجَارُكَ ، وَأَنْتَ يَا مَوْلاىَ كَرِيمٌ مِنْ أَوْلادِ الْكِرَامِ ، وَمَأْمُورٌ بِالضِّيافَةِ وَالْإِجَارَةِ ، فَأَضِفْنِى وَأَجِرْنِى صَلَوَاتُ اللّٰهِ عَلَيْكَ وَعَلَىٰ أَهْلِ بَيْتِكَ الطَّاهِرِينَ."
        },
        "farsi": {
            "1": "سلام بر تو ای حجّت خدا در زمینش، سلام بر تو ای دیده خدا در میان مخلوقاتش، سلام بر تو ای نور خدا که ره‌جویان به آن نور ره می‌یابند و به آن نور از مؤمنان اندوه و غم زدوده می‌شود، سلام بر تو ای پاک‌نهاد و ای هراسان از آشوب دوران، سلام بر تو ای همراه خیرخواه، سلام بر تو ای کشتی نجات، سلام بر تو ای چشمه حیات، سلام بر تو، درود خدا بر تو و بر خاندان پاکیزه و پاکت، سلام بر تو، خدا در تحقق وعده‌ای که به تو داده از نصرت و ظهور امرت شتاب فرماید، سلام بر تو ای مولای من، من دل‌بسته تو و آگاه به شأن دنیا و آخرت توأم و به دوستی تو و خاندانت به‌سوی خدا تقرّب می‌جویم و ظهور تو و ظهور حق را به دست تو انتظار می‌کشم؛  ",
            "2": "و از خدا درخواست می‌کنم بر محمّد و خاندان محمّد درود فرستد و مرا از منتظران و پیروان و یاوران تو در برابر دشمنانت و از شهدای در آستانت در شمار شیفتگانت قرار دهد، ای سرور من، ای صاحب زمان، درودهای خدا بر تو و بر خاندانت، امروز روز جمعه و روز توست، روزی که ظهورت و گشایش کار اهل ایمان به دستت در آن روز و کشتن کافران به سلاحت امید می‌رود و من ای آقای من در این روز میهمان و پناهنده به توأم و تو ای مولای من بزرگواری از فرزندان بزرگواران و از سوی خدا به پذیرایی و پناه‌دهی مأموری، پس مرا پذیرا باش و پناه ده، درودهای خدا بر تو و خاندان پاکیزه‌ات. "
        },
        "tozih": {
            "1": " جمعه روز حضرت صاحب الزامان (عج) و بنام آن حضرت است و همان روزی است که ایشان در آن روز ظهور خواهد فرمود؛ در زیارت آن حضرت بگو: ",
            "2": "سید ابن طاووس فرموده است: من پس‌ازاین زیارت به این شعر تمثل می‌جویم و به آن حضرت اشاره نموده، می‌گویم: "
        }
    }
}