{
    "110": {
        "number": 110,
        "bab": 1,
        "title": "دعای کمیل",
        "arabic": {
            "1": " اللّٰهُمَّ إِنِّى أَسْأَلُكَ بِرَحْمَتِكَ الَّتِى وَسِعَتْ كُلَّ شَىْءٍ ، وَبِقُوَّتِكَ الَّتِى قَهَرْتَ بِها كُلَّ شَىْءٍ ، وَخَضَعَ لَها كُلُّ شَىْءٍ ، وَذَلَّ لَها كُلُّ شَىْءٍ ، وَبِجَبَرُوتِكَ الَّتِى غَلَبْتَ بِها كُلَّ شَىْءٍ ، وَبِعِزَّتِكَ الَّتِى لَايَقُومُ لَها شَىْءٌ ، وَ بِعَظَمَتِكَ الَّتِى مَلَأَتْ كُلَّ شَىْءٍ ، وَ بِسُلْطانِكَ الَّذِى عَلَا كُلَّ شَىْءٍ ، وَ بِوَجْهِكَ الْباقِى بَعْدَ فَنَاءِ كُلِّ شَىْءٍ ، وَبِأَسْمَائِكَ الَّتِى مَلَأَتْ  أَرْكَانَ كُلِّ شَىْءٍ ، وَبِعِلْمِكَ الَّذِى أَحَاطَ بِكُلِّ شَىْءٍ ، وَبِنُورِ وَجْهِكَ الَّذِى أَضَاءَ لَهُ كُلُّ شَىْءٍ؛ يَا نُورُ يَا قُدُّوسُ ، يَا أَوَّلَ الْأَوَّلِينَ ، وَيَا آخِرَ الْآخِرِينَ .",
            "2": " اللّٰهُمَّ اغْفِرْ لِىَ الذُّنُوبَ الَّتِى تَهْتِكُ الْعِصَمَ . اللّٰهُمَّ اغْفِرْ لِىَ الذُّنُوبَ الَّتِى تُنْزِلُ النِّقَمَ . اللّٰهُمَّ اغْفِرْ لِىَ الذُّنُوبَ الَّتِى تُغَيِّرُ النِّعَمَ . اللّٰهُمَّ اغْفِرْ لِىَ الذُّنُوبَ الَّتِى تَحْبِسُ الدُّعَاءَ . اللّٰهُمَّ اغْفِرْ لِىَ الذُّنُوبَ الَّتِى تُنْزِلُ الْبَلَاءَ؛ اللّٰهُمَّ اغْفِرْ لِى كُلَّ ذَنْبٍ أَذْنَبْتُهُ ، وَكُلَّ خَطِيئَةٍ أَخْطَأْتُها .",
            "3": " اللّٰهُمَّ إِنِّى أَتَقَرَّبُ إِلَيْكَ بِذِكْرِكَ ، وَأَسْتَشْفِعُ بِكَ إِلَىٰ نَفْسِكَ ، وَأَسْأَلُكَ بِجُودِكَ أَنْ تُدْنِيَنِى مِنْ قُرْبِكَ ، وَأَنْ تُوزِعَنِى شُكْرَكَ ، وَأَنْ تُلْهِمَنِى ذِكْرَكَ . اللّٰهُمَّ إِنِّى أَسْأَلُكَ سُؤَالَ خَاضِعٍ مُتَذَلِّلٍ خَاشِعٍ ، أَنْ تُسامِحَنِى وَتَرْحَمَنِى ، وَتَجْعَلَنِى بِقَِسْمِكَ رَاضِياً قانِعاً ، وَفِى جَمِيعِ الْأَحْوَالِ مُتَواضِعاً؛ ",
            "4": "اللّٰهُمَّ وَأَسْأَلُكَ سُؤَالَ مَنِ اشْتَدَّتْ فَاقَتُهُ ، وَأَنْزَلَ بِكَ عِنْدَ الشَّدائِدِ حَاجَتَهُ ، وَعَظُمَ فِيَما عِنْدَكَ رَغْبَتُهُ . اللّٰهُمَّ عَظُمَ سُلْطَانُكَ ، وَعَلَا مَكَانُكَ ، وَخَفِىَ مَكْرُكَ ، وَظَهَرَ أَمْرُكَ ، وَغَلَبَ قَهْرُكَ ، وَجَرَتْ قُدْرَتُكَ ، وَلَا يُمْكِنُ الْفِرارُ مِنْ حُكُومَتِكَ؛ ",
            "5": "اللّٰهُمَّ لَاأَجِدُ لِذُنُوبِى غَافِراً ، وَلَا لِقَبائِحِى سَاتِراً ، وَلَا لِشَىْءٍ مِنْ عَمَلِىَ الْقَبِيحِ بِالْحَسَنِ مُبَدِّلاً غَيْرَكَ ، لَاإِلٰهَ إِلّا أَنْتَ سُبْحَانَكَ وَبِحَمْدِكَ ، ظَلَمْتُ نَفْسِى ، وَتَجَرَّأْتُ بِجَهْلِى ، وَسَكَنْتُ إِلَىٰ قَدِيمِ ذِكْرِكَ لِى وَمَنِّكَ عَلَىَّ . اللّٰهُمَّ مَوْلَاىَ كَمْ مِنْ قَبِيحٍ سَتَرْتَهُ ، وَكَمْ مِنْ فَادِحٍ  مِنَ الْبَلَاءِ أَقَلْتَهُ  ، وَكَمْ مِنْ عِثَارٍ  وَقَيْتَهُ ، وَكَمْ مِنْ مَكْرُوهٍ دَفَعْتَهُ ، وَكَمْ مِنْ ثَنَاءٍ جَمِيلٍ لَسْتُ أَهْلاً لَهُ نَشَرْتَهُ؛ ",
            "6": "اللّٰهُمَّ عَظُمَ بَلَائِى ، وَأَفْرَطَ بِى سُوءُ حالِى ، وَقَصُرَتْ بِى أَعْمالِى ، وَقَعَدَتْ بِى أَغْلالِى ، وَحَبَسَنِى عَنْ نَفْعِى بُعْدُ أَمَلِى ، وَخَدَعَتْنِى الدُّنْيا بِغُرُورِها ، وَنَفْسِى بِجِنايَتِها  وَمِطالِى  ، يَا سَيِّدِى فَأَسْأَلُكَ بِعِزَّتِكَ أَنْ لَايَحْجُبَ عَنْكَ دُعائِى سُوءُ عَمَلِى وَفِعالِى ، وَلَا تَفْضَحْنِى بِخَفِيِّ مَا اطَّلَعْتَ عَلَيْهِ مِنْ سِرِّى ، وَلَا تُعاجِلْنِى بِالْعُقُوبَةِ عَلىٰ مَا عَمِلْتُهُ فِى خَلَواتِى مِنْ سُوءِ فِعْلِى وَ إِساءَتِى ، وَدَوامِ تَفْرِيطِى وَجَهالَتِى ، وَكَثْرَةِ شَهَواتِى وَغَفْلَتِى؛",
            "7": "وَ كُنِ اللّٰهُمَّ بِعِزَّتِكَ لِى فِى كُلِّ الْأَحْوالِ رَؤُوفاً ، وَعَلَىَّ فِى جَمِيعِ الْأُمُورِ عَطُوفاً، إِلٰهِى وَرَبِّى مَنْ لِى غَيْرُكَ، أَسْأَلُهُ كَشْفَ ضُرِّى ، وَالنَّظَرَ فِى أَمْرِى؛",
            "8": "إِلٰهِى وَمَوْلاىَ أَجْرَيْتَ عَلَىَّ حُكْماً اتَّبَعْتُ فِيهِ هَوىٰ نَفْسِى ، وَلَمْ أَحْتَرِسْ فِيهِ مِنْ تَزْيِينِ عَدُوِّى ، فَغَرَّنِى بِمَا أَهْوىٰ وَأَسْعَدَهُ عَلَىٰ ذٰلِكَ الْقَضاءُ ، فَتَجاوَزْتُ بِما جَرىٰ عَلَىَّ مِنْ ذٰلِكَ بَعْضَ حُدُودِكَ  ، وَخالَفْتُ بَعْضَ أَوامِرِكَ ، فَلَكَ الحَمْدُ عَلَىَّ فِى جَمِيعِ ذٰلِكَ؛ وَلَا حُجَّةَ لِى فِيما جَرىٰ عَلَىَّ فِيهِ قَضَاؤُكَ ، وَأَلْزَمَنِى حُكْمُكَ وَبَلٰاؤُكَ ، ",
            "9": "وَقَدْ أَتَيْتُكَ يَا إِلٰهِى بَعْدَ تَقْصِيرِى وَ إِسْرافِى عَلىٰ نَفْسِى، مُعْتَذِراً نادِماً مُنْكَسِراً مُسْتَقِيلاً مُسْتَغْفِراً مُنِيباً مُقِرّاً مُذْعِناً مُعْتَرِفاً ، لَاأَجِدُ مَفَرّاً مِمَّا كَانَ مِنِّى وَلَا مَفْزَعاً أَتَوَجَّهُ إِلَيْهِ فِى أَمْرِى ، غَيْرَ قَبُو لِكَ عُذْرِى وَ إِدْخالِكَ إِيَّاىَ فِى سَعَةِ رَحْمَتِكَ . اللّٰهُمَّ  فَاقْبَلْ عُذْرِى ، وَارْحَمْ شِدَّةَ ضُرِّى ، وَفُكَّنِى مِنْ شَدِّ وَثاقِى؛",
            "10": "يَا رَبِّ ارْحَمْ ضَعْفَ بَدَنِى ، وَرِقَّةَ جِلْدِى ، وَدِقَّةَ عَظْمِى ، يَا مَنْ بَدَأَ خَلْقِى وَذِكْرِى وَتَرْبِيَتِى وَبِرِّى وَتَغْذِيَتِى ، هَبْنِى لِابْتِداءِ كَرَمِكَ وَسالِفِ بِرِّكَ بِى .",
            "11": "يَا إِلٰهِى وَسَيِّدِى وَرَبِّى ، أَتُراكَ مُعَذِّبِى بِنَارِكَ بَعْدَ تَوْحِيدِكَ ، وَبَعْدَ مَا انْطَوىٰ عَلَيْهِ قَلْبِى مِنْ مَعْرِفَتِكَ ، وَلَهِجَ بِهِ لِسَانِى مِنْ ذِكْرِكَ ، وَاعْتَقَدَهُ ضَمِيرِى مِنْ حُبِّكَ ، وَبَعْدَ صِدْقِ اعْتِرافِى وَدُعَائِى خَاضِعاً لِرُبُوبِيَّتِكَ؛ هَيْهاتَ أَنْتَ أَكْرَمُ مِنْ أَنْ تُضَيِّعَ مَنْ رَبَّيْتَهُ ، أَوْ تُبْعِدَ مَنْ أَدْنَيْتَهُ ، أَوْ تُشَرِّدَ مَنْ آوَيْتَهُ ، أَوْ تُسَلِّمَ إِلَى الْبَلَاءِ مَنْ كَفَيْتَهُ وَرَحِمْتَهُ ، ",
            "12": "وَلَيْتَ شِعْرِى يَا سَيِّدِى وَ إِلٰهِى وَمَوْلاىَ ، أَتُسَلِّطُ النَّارَ عَلَىٰ وُجُوهٍ خَرَّتْ لِعَظَمَتِكَ سَاجِدَةً ، وَعَلَىٰ أَلْسُنٍ نَطَقَتْ بِتَوْحِيدِكَ صَادِقَةً ، وَبِشُكْرِكَ مَادِحَةً ، وَعَلَىٰ قُلُوبٍ اعْتَرَفَتْ بِإِلٰهِيَّتِكَ مُحَقِّقَةً؛ وَعَلَىٰ ضَمَائِرَ حَوَتْ مِنَ الْعِلْمِ بِكَ حَتَّىٰ صَارَتْ خَاشِعَةً ، وَعَلَىٰ جَوارِحَ سَعَتْ إِلَىٰ أَوْطانِ تَعَبُّدِكَ طَائِعَةً ، وَ أَشارَتْ بِاسْتِغْفارِكَ مُذْعِنَةً ،",
            "13": "مَا هَكَذَا الظَّنُّ بِكَ ، وَلَا أُخْبِرْنا بِفَضْلِكَ عَنْكَ يَا كَرِيمُ ، يَا رَبِّ وَأَنْتَ تَعْلَمُ ضَعْفِى عَنْ قَلِيلٍ مِنْ بَلاءِ الدُّنْيا وَعُقُوباتِها ، وَمَا يَجْرِى فِيها مِنَ الْمَكَارِهِ عَلَىٰ أَهْلِها ، عَلىٰ أَنَّ ذٰلِكَ بَلاءٌ وَمَكْرُوهٌ قَلِيلٌ مَكْثُهُ ، يَسِيرٌ بَقاؤُهُ ، قَصِيرٌ مُدَّتُهُ؛ فَكَيْفَ احْتِمالِى لِبَلاءِ الْآخِرَةِ وَجَلِيلِ وُقُوعِ الْمَكَارِهِ فِيها ؟ وَهُوَ بَلاءٌ تَطُولُ مُدَّتُهُ ، وَيَدُومُ مَقامُهُ ، وَلَا يُخَفَّفُ عَنْ أَهْلِهِ ، لِأَنَّهُ لَايَكُونُ إِلّا عَنْ غَضَبِكَ وَانْتِقامِكَ وَسَخَطِكَ ، وَهٰذا ما لَاتَقُومُ لَهُ السَّماواتُ وَالْأَرْضُ ، يَا سَيِّدِى فَكَيْفَ لِى وَأَنَا عَبْدُكَ الضَّعِيفُ الذَّلِيلُ الْحَقِيرُ الْمِسْكِينُ الْمُسْتَكِينُ؛",
            "14": "يا إِلٰهِى وَرَبِّى وَسَيِّدِى وَمَوْلاىَ ، لِأَيِّ الْأُمُورِ إِلَيْكَ أَشْكُو ، وَ لِمَا مِنْها أَضِجُّ وَأَبْكِى، لِأَلِيمِ الْعَذابِ وَشِدَّتِهِ ، أَمْ لِطُولِ الْبَلَاءِ وَمُدَّتِهِ . فَلَئِنْ صَيَّرْتَنِى لِلْعُقُوبَاتِ مَعَ أَعْدائِكَ ، وَجَمَعْتَ بَيْنِى وَبَيْنَ أَهْلِ بَلَائِكَ ، وَفَرَّقْتَ بَيْنِى وَبَيْنَ أَحِبَّائِكَ وَأَوْلِيائِكَ، فَهَبْنِى يَا إِلٰهِى وَسَيِّدِى وَمَوْلاىَ  وَرَبِّى ، صَبَرْتُ عَلَىٰ عَذابِكَ ، فَكَيْفَ أَصْبِرُ عَلَىٰ فِراقِكَ ، وَهَبْنِى صَبَرْتُ عَلىٰ حَرِّ نَارِكَ ، فَكَيْفَ أَصْبِرُ عَنِ النَّظَرِ إِلَىٰ كَرامَتِكَ ؟ أَمْ كَيْفَ أَسْكُنُ فِى النَّارِ وَرَجائِى عَفْوُكَ؟ ",
            "15": "فَبِعِزَّتِكَ يَا سَيِّدِى وَمَوْلاىَ أُقْسِمُ صَادِقاً ، لَئِنْ تَرَكْتَنِى نَاطِقاً لَأَضِجَّنَّ إِلَيْكَ بَيْنَ أَهْلِها ضَجِيجَ الْآمِلِينَ ، وَلَأَصْرُخَنَّ إِلَيْكَ صُراخَ الْمُسْتَصْرِخِينَ ، وَلَأَبْكِيَنَّ عَلَيْكَ بُكَاءَ الْفَاقِدِينَ ، وَلَأُنادِيَنَّكَ أَيْنَ كُنْتَ يَا وَلِىَّ الْمُؤْمِنِينَ ، يَا غَايَةَ آمالِ الْعارِفِينَ ، يَا غِياثَ الْمُسْتَغِيثِينَ ، يَا حَبِيبَ قُلُوبِ الصَّادِقِينَ ، وَيَا إِلٰهَ الْعالَمِينَ؛",
            "16": "أَفَتُراكَ سُبْحَانَكَ يَا إِلٰهِى وَبِحَمْدِكَ تَسْمَعُ فِيها صَوْتَ عَبْدٍ مُسْلِمٍ سُجِنَ  فِيها بِمُخالَفَتِهِ ، وَذاقَ طَعْمَ عَذابِها بِمَعْصِيَتِهِ ، وَحُبِسَ بَيْنَ أَطْباقِها بِجُرْمِهِ وَجَرِيرَتِهِ ، وَهُوَ يَضِجُّ إِلَيْكَ ضَجِيجَ مُؤَمِّلٍ لِرَحْمَتِكَ ، وَيُنادِيكَ بِلِسانِ أَهْلِ تَوْحِيدِكَ ، وَيَتَوَسَّلُ إِلَيْكَ بِرُبُوبِيَّتِكَ ؟ يَا مَوْلاىَ فَكَيْفَ يَبْقىٰ فِى الْعَذابِ وَهُوَ يَرْجُو مَا سَلَفَ مِنْ حِلْمِكَ ؟ أَمْ كَيْفَ تُؤْلِمُهُ النَّارُ وَهُوَ يَأْمُلُ فَضْلَكَ وَرَحْمَتَكَ ؟",
            "17": "أَمْ كَيْفَ يُحْرِقُهُ لَهِيبُها وَأَنْتَ تَسْمَعُ صَوْتَهُ وَتَرىٰ مَكانَهُ ؟ أَمْ كَيْفَ يَشْتَمِلُ عَلَيْهِ زَفِيرُها وَأَنْتَ تَعْلَمُ ضَعْفَهُ ؟ أَمْ كَيْفَ يَتَقَلْقَلُ  بَيْنَ أَطْباقِها وَأَنْتَ تَعْلَمُ صِدْقَهُ ؟ أَمْ كَيْفَ تَزْجُرُهُ زَبانِيَتُها وَهُوَ يُنادِيكَ يَا رَبَّهُ ؟ أَمْ كَيْفَ يَرْجُو فَضْلَكَ فِى عِتْقِهِ مِنْها فَتَتْرُكُهُ فِيها ،",
            "18": " هَيْهاتَ ما ذٰلِكَ الظَّنُ بِكَ ، وَلَا الْمَعْرُوفُ مِنْ فَضْلِكَ ، وَلَا مُشْبِهٌ لِمَا عَامَلْتَ بِهِ الْمُوَحِّدِينَ مِنْ بِرِّكَ وَ إِحْسانِكَ؛ فَبِالْيَقِينِ أَقْطَعُ ، لَوْلَا مَا حَكَمْتَ بِهِ مِنْ تَعْذِيبِ جَاحِدِيكَ ، وَقَضَيْتَ بِهِ مِنْ إِخْلادِ مُعانِدِيكَ ، لَجَعَلْتَ النَّارَ كُلَّها بَرْداً وَسَلاماً ، وَمَا كانَ لِأَحَدٍ فِيها مَقَرّاً وَلَا مُقاماً ، لَكِنَّكَ تَقَدَّسَتْ أَسْماؤُكَ أَقْسَمْتَ أَنْ تَمْلَأَها مِنَ الْكَافِرِينَ ، مِنَ الْجِنَّةِ وَالنَّاسِ أَجْمَعِينَ ، وَأَنْ تُخَلِّدَ فِيهَا الْمُعانِدِينَ ، وَأَنْتَ جَلَّ ثَناؤُكَ قُلْتَ مُبْتَدِئاً ، وَتَطَوَّلْتَ بِالْإِنْعامِ مُتَكَرِّماً ، ﴿أَفَمَنْ كَانَ مُؤْمِناً كَمَنْ كَانَ فَاسِقاً لَا يَسْتَوُونَ﴾؛ ",
            "19": "إِلٰهِى وَسَيِّدِى ، فَأَسْأَلُكَ بِالْقُدْرَةِ الَّتِى قَدَّرْتَها ، وَبِالْقَضِيَّةِ الَّتِى حَتَمْتَها وَحَكَمْتَها ، وَغَلَبْتَ مَنْ عَلَيْهِ أَجْرَيْتَها ، أَنْ تَهَبَ لِى فِى هَذِهِ اللَّيْلَةِ وَفِى هَذِهِ السَّاعَةِ ، كُلَّ جُرْمٍ أَجْرَمْتُهُ ، وَكُلَّ ذَنْبٍ أَذْنَبْتُهُ ، وَكُلَّ قَبِيحٍ أَسْرَرْتُهُ ، وَكُلَّ جَهْلٍ عَمِلْتُهُ ، كَتَمْتُهُ أَوْ أَعْلَنْتُهُ ، أَخْفَيْتُهُ أَوْ أَظْهَرْتُهُ ، وَكُلَّ سَيِّئَةٍ أَمَرْتَ بِإِثْباتِهَا الْكِرامَ الْكاتِبِينَ؛",
            "20": "الَّذِينَ وَكَّلْتَهُمْ بِحِفْظِ مَا يَكُونُ مِنِّى ، وَجَعَلْتَهُمْ شُهُوداً عَلَىَّ مَعَ جَوارِحِى ، وَكُنْتَ أَنْتَ الرَّقِيبَ عَلَىَّ مِنْ وَرائِهِمْ ، وَالشَّاهِدَ لِما خَفِىَ عَنْهُمْ ، وَبِرَحْمَتِكَ أَخْفَيْتَهُ ، وَبِفَضْلِكَ سَتَرْتَهُ ، وَأَنْ تُوَفِّرَ حَظِّى ، مِنْ كُلِّ خَيْرٍ أَنْزَلْتَهُ ، أَوْ إِحْسَانٍ فَضَّلْتَه ، أَوْ بِرٍّ نَشَرْتَهُ ، أَوْ رِزْقٍ بَسَطْتَهُ  ، أَوْ ذَنْبٍ تَغْفِرُهُ ، أَوْ خَطَاً تَسْتُرُهُ ، يَا رَبِّ يَا رَبِّ يَا رَبِّ؛",
            "21": " يَا إِلٰهِى وَسَيِّدِى وَمَوْلاىَ وَمالِكَ رِقِّى ، يَا مَنْ بِيَدِهِ نَاصِيَتِى ، يَا عَلِيماً بِضُرِّى وَمَسْكَنَتِى ، يَا خَبِيراً بِفَقْرِى وَفاقَتِى ، يَا رَبِّ يَا رَبِّ يَا رَبِّ ، أَسْأَلُكَ بِحَقِّكَ وَقُدْسِكَ وَأَعْظَمِ صِفاتِكَ وَأَسْمائِكَ ، أَنْ تَجْعَلَ أَوْقاتِى مِنَ اللَّيْلِ  وَالنَّهارِ بِذِكْرِكَ مَعْمُورَةً ، وَبِخِدْمَتِكَ مَوْصُولَةً؛ وَأَعْمالِى عِنْدَكَ مَقْبُولَةً ، حَتَّىٰ تَكُونَ أَعْمالِى وَأَوْرادِى  كُلُّها وِرْداً وَاحِداً ، وَحالِى فِى خِدْمَتِكَ سَرْمَداً .",
            "22": " يَا سَيِّدِى يَا مَنْ عَلَيْهِ مُعَوَّلِى ، يَا مَنْ إِلَيْهِ شَكَوْتُ أَحْوالِى ، يَا رَبِّ يَا رَبِّ يَا رَبِّ ، قَوِّ عَلىٰ خِدْمَتِكَ جَوارِحِى ، وَاشْدُدْ عَلَى الْعَزِيمَةِ جَوانِحِى ، وَهَبْ لِىَ الْجِدَّ فِى خَشْيَتِكَ ، وَالدَّوامَ فِى الاتِّصالِ بِخِدْمَتِكَ ، حَتّىٰ أَسْرَحَ إِلَيْكَ فِى مَيادِينِ السَّابِقِينَ؛ وَأُسْرِعَ إِلَيْكَ فِى البَارِزِينَ ، وَأَشْتاقَ إِلىٰ قُرْبِكَ فِى الْمُشْتاقِينَ ، وَأَدْنُوَ مِنْكَ دُنُوَّ الْمُخْلِصِينَ ، وَأَخافَكَ مَخافَةَ الْمُوقِنِينَ ، وَأَجْتَمِعَ فِى جِوارِكَ مَعَ الْمُؤْمِنِينَ .",
            "23": " اللّٰهُمَّ وَمَنْ أَرادَنِى بِسُوءٍ فَأَرِدْهُ ، وَمَنْ كادَنِى فَكِدْهُ ، وَاجْعَلْنِى مِنْ أَحْسَنِ عَبِيدِكَ نَصِيباً عِنْدَكَ ، وَأَقْرَبِهِمْ مَنْزِلَةً مِنْكَ ، وَأَخَصِّهِمْ زُلْفَةً لَدَيْكَ ، فَإِنَّهُ لَايُنالُ ذٰلِكَ إِلّا بِفَضْلِكَ ، وَجُدْ لِى بِجُودِكَ ، وَاعْطِفْ عَلَىَّ بِمَجْدِكَ؛ وَاحْفَظْنِى بِرَحْمَتِكَ ، وَاجْعَلْ لِسانِى بِذِكْرِكَ لَهِجاً ، وَقَلْبِى بِحُبِّكَ مُتَيَّماً ، وَمُنَّ عَلَىَّ بِحُسْنِ إِجابَتِكَ ، وَأَقِلْنِى عَثْرَتِى ، وَاغْفِرْ زَلَّتِى ، فَإِنَّكَ قَضَيْتَ عَلىٰ عِبادِكَ بِعِبادَتِكَ ، وَأَمَرْتَهُمْ بِدُعائِكَ ، وَضَمِنْتَ لَهُمُ الْإِجابَةَ ،",
            "24": " فَإِلَيْكَ يارَبِّ نَصَبْتُ وَجْهِى ، وَ إِلَيْكَ يَا رَبِّ مَدَدْتُ يَدِى ، فَبِعِزَّتِكَ اسْتَجِبْ لِى دُعائِى ، وَبَلِّغْنِى مُناىَ ، وَلَا تَقْطَعْ مِنْ فَضْلِكَ رَجائِى ، وَاكْفِنِى شَرَّ الْجِنِّ وَالْإِنْسِ مِنْ أَعْدائِى؛ ",
            "25": "يَا سَرِيعَ الرِّضا ، اغْفِرْ لِمَنْ لَايَمْلِكُ إِلّا الدُّعاءَ ، فَإِنَّكَ فَعَّالٌ لِما تَشَاءُ ، يَا مَنِ اسْمُهُ دَوَاءٌ ، وَذِكْرُهُ شِفاءٌ ، وَطَاعَتُهُ غِنىً ، ارْحَمْ مَنْ رَأْسُ مالِهِ الرَّجاءُ ، وَسِلاحُهُ الْبُكَاءُ ، يَا سَابِغَ النِّعَمِ ، يَا دَافِعَ النِّقَمِ ، يَا نُورَ الْمُسْتَوْحِشِينَ فِى الظُّلَمِ ، يَا عَالِماً لَايُعَلَّمُ ، صَلِّ عَلَىٰ مُحَمَّدٍ وَآلِ مُحَمَّدٍ ، وَافْعَلْ بِى مَا أَنْتَ أَهْلُهُ ، وَصَلَّى اللّٰهُ عَلىٰ رَسُو لِهِ وَالْأَئِمَّةِ الْمَيامِينَ مِنْ آلِهِ وَسَلَّمَ تَسْلِيماً كَثِيراً."
        },
        "farsi": {
            "1": " خدایا از تو درخواست می‌کنم، به رحمتت که همه‌چیز را فراگرفته و به نیرویت که با آن بر هر چیز چیره گشتی و در برابر آن هر چیز فروتنی نموده و همه‌چیز خوار شده و به جبروتت که با آن بر همه‌چیزی فائق آمدی و به عزّتت که چیزی در برابرش تاب نیاورد و به بزرگی‌ات که همه‌چیز را پر کرده و به پادشاهی‌ات که برتر از همه‌چیز قرار گرفته و به جلوه‌ات که پس از نابودی همه‌چیز باقی است و به نام‌هایت که پایه‌های همه‌چیز را انباشته و به علمت که بر همه‌چیز احاطه نموده و به نور ذاتت که همه‌چیز در پرتو آن تابنده گشته؛ ای نور، ای پاک از هر عیب، ای آغاز هر آغاز و ای پایان هر پایان، ",
            "2": " خدایا! بیامرز برای من آن گناهانی را که پرده حرمتم می‌درد، خدایا! بیامرز برای من آن گناهانی را که کیفرها را فرو می‌بارند، خدایا! بیامرز برایم گناهانی را که نعمت‌ها را دگرگون می‌سازند، خدایا! بیامرز برایم آن گناهانی را که دعا را بازمی‌دارند، خدایا! بیامرز برایم گناهانی که بلا را نازل می‌کند؛ خدایا! بیامرز برایم همه گناهانی را که مرتکب شدم و تمام خطاهایی که به آن‌ها آلوده گشتم،",
            "3": " خدایا! با یاد تو به‌سویت نزدیکی می‌جویم و از ناخشنودی تو به درگاه خودت شفاعت می‌طلبم و از تو خواستارم به جودت مرا به بارگاه قرب خویش نزدیک گردانی و سپاس خود را نصیب من کنی و یادت را به من الهام نمایی، خدایا! از تو درخواست می‌کنم، درخواست بنده‌ای فروتن، خوار و افتاده که با من مدارا نمایی و به من رحم کنی و به آنچه روزی‌ام نموده‌ای خشنود و قانع بداری و در تمام حالات در عرصه‌ی تواضعم بگذاری؛ ",
            "4": " خدایا! از تو درخواست می‌کنم درخواست کسی که سخت تهیدست شده و بار نیازش را به هنگام گرفتاری‌ها به آستان تو فرود آورده و میلش به آنچه نزد توست فزونی یافته، خدایا! فرمانروایی‌ات بس بزرگ و مقامت والا و تدبیرت پنهان و فرمانت آشکار و قهرت چیره و قدرتت نافذ و گریز از حکومتت ممکن نیست؛ ",
            "5": " خدایا! آمرزنده‌ای برای گناهانم و پرده‌پوشی برای زشتکاری‌هایم و تبدیل‌کننده‌ای برای کار زشتم به زیبایی، جز تو نمی‌یابم، معبودی جز تو نیست، پاک و منزّهی و به ستایشت برخاسته‌ام، به خود ستم کردم و از روی نادانی جرأت نمودم و به یاد دیرینه‌ات از من و بخششت بر من به آرامش نشستم، خدایا! ای سرور من چه بسیار زشتی مرا پوشاندی و چه بسیار بلاهای سنگین و بزرگی که از من برگرداندی و چه بسیار لغزشی که مرا از آن نگهداشتی و چه بسیار ناپسند که از من دور کردی و چه بسیار ستایش نیکویی که شایسته آن نبودم و تو در میان مردم پخش کردی؛ ",
            "6": "  خدایا! بلایم بزرگ شده و زشتی حالم از حدّ گذشته و کردارم خوارم ساخته و زنجیرهای گناه مرا زمین‌گیر نموده و دوری آرزوهایم مرا زندانی ساخته و دنیا با غرورش و نفسم با جنایتش و امروز و فردا کردنم در توبه مرا فریفته، ای سرورم از تو درخواست می‌کنم به عزّتت که مانع نشود از اجابت دعایم به درگاهت، بدی عمل و زشتی کردارم و مرا با آنچه از اسرار نهانم می‌دانی رسوا مسازی و در کیفر آنچه در خلوت‌هایم انجام دادم شتاب نکنی، از زشتی کردار و بدی رفتار و تداوم تقصیر و نادانی و بسیاری شهواتم و غفلتم، شتاب نکنی؛ ",
            "7": " خدایا! با من در همه احوال مهر ورز و بر من در هر کارم به دیده لطف بنگر. خدایا، پروردگارا، جز تو که را دارم؟ تا برطرف شدن ناراحتی و نظر لطف در کارم را از او درخواست کنم؛",
            "8": "خدای من و سرور من، حکمی را بر من جاری ساختی که هوای نفسم را در آن پیروی کردم و از فریبکاری آرایش دشمنم نهراسیدم، پس مرا به خواهش دل فریفت و بر این امر اختیار و اراده‌ام یاریش نمود، پس بدین‌سان و بر پایه گذشته‌هایم از حدودت گذشتم و با برخی از دستوراتت مخالفت نمودم، پس حجت تنها از آن توست در همه این‌ها؛ و مرا هیچ حقی نیست در آنچه بر من از سوی قضایت جاری شده و فرمان و آزمایشت ملزمم نموده، ",
            "9": "ای خدای من، اینک پس از کوتاهی در عبادت و زیاده‌روی در خواهش‌های نفس عذرخواه، پشیمان، شکسته‌دل، جویای گذشت، طالب آمرزش، بازگشت کنان با حالت اقرار و اذعان و اعتراف به گناه، بی‌آنکه گریزگاهی از آنچه از من سرزده بیابم و نه پناهگاهی که به آن روی آورم پیدا کنم، جز اینکه پذیرای عذرم باشی و مرا در رحمت فراگیرت بگنجانی. خدایا! پس عذرم را بپذیر و به بدحالی‌ام رحم کن و رهایم ساز از بند محکم گناه؛ ",
            "10": "  پروردگارا! بر ناتوانی جسمم و نازکی پوستم و نرمی استخوانم رحم کن. ای که آغازگر آفرینش و یاد و پرورش و نیکی بر من و تغذیه‌ام بوده‌ای، اکنون مرا ببخش به همان کرم نخستت و پیشینه احسانت بر من،",
            "11": "ای خدای من و سرور و پروردگارم، آیا مرا به آتش دوزخ عذاب نمایی، پس از اقرار به یگانگی‌ات و پس از آنکه دلم از نور شناخت تو روشنی گرفت و زبانم در پرتو آن به ذکرت گویا گشت و پس از آنکه درونم از عشقت لبریز شد و پس از صداقت در اعتراف و درخواست خاضعانه‌ام در برابر پروردگاری‌ات؟ باور نمی‌کنم چه آن بسیار بعید است و تو بزرگوارتر از آن هستی که پرورده‌ات را تباه کنی یا آن را که به خود نزدیک نموده‌ای دور نمایی یا آن را که پناه دادی از خود برانی یا آن را که خود کفایت نموده‌ای و به او رحم کردی به موج بلا واگذاری! ",
            "12": " ای کاش می‌دانستم ای سرورم و معبودم و مولایم، آیا آتش را بر صورت‌هایی که برای عظمتت سجده‌کنان بر زمین نهاده شده مسلّط می‌کنی و نیز بر زبان‌هایی که صادقانه به توحیدت و به سپاست مدح‌کنان گویا شده و هم بر دل‌هایی که بر پایه تحقیق به خداوندیت اعتراف کرده؛ و بر نهادهایی که معرفت به تو آن‌ها را فراگرفته تا آنجا که در پیشگاهت خاضع شده و به اعضایی که مشتاقانه به‌سوی پرستشگاه‌هایت شتافته‌اند و اقرار کنان جویای آمرزش تو بوده‌اند، شگفتا این همه را به آتش بسوزانی! ",
            "13": " هرگز چنین گمانی به تو نیست و از فضل تو چنین خبری داده نشده، ای بزرگوار، ای پروردگار و تو از ناتوانی‌ام در برابر اندکی از غم و اندوه دنیا و کیفرهای آن و آنچه از ناگواری‌ها بر اهلش می‌گذرد آگاهی، با آنکه این غم و اندوه و ناگواری درنگش کم، بقایش اندک و مدّتش کوتاه است؛ پس چگونه خواهد بود تابم در برابر بلای آخرت و فرود آمدن ناگواری‌ها در آن جهان بر جسم و جانم و حال آنکه زمانش طولانی و جایگاهش ابدی است و تخفیفی برای اهل آن بلا نخواهد بود، چراکه مایه آن بلا جز از خشم و انتقام و ناخشنودی تو نیست و این چیزی است که تاب نیاورند در برابرش آسمان‌ها و زمین، ای سرور من تا چه رسد به من؟ و حال آنکه من بنده ناتوان، خوار و کوچک، زمین‌گیر و درمانده توأم؛ ",
            "14": "  ای خدای من و پروردگار و سرور و مولایم، برای کدامیک از دردهایم به حضرتت شکوه کنم و برای کدامین گرفتاریم به درگاهت بنالم و اشک بریزم. آیا برای دردناکی عذاب و سختی‌اش، یا برای طولانی شدن بلا و زمانش، پس اگر مرا در عقوبت و مجازات با دشمنانت قرار دهی و بین من و اهل عذابت جمع کنی و میان من و عاشقان و دوستانت جدایی اندازی، ای خدا و آقا و مولا و پروردگارم، بر فرض که بر عذابت شکیبایی ورزم، ولی بر فراقت چگونه صبر کنم و گیرم ای خدای من بر سوزندگی آتشت صبر کنم، اما چگونه چشم‌پوشی از کرمت را تاب آورم یا چگونه در آتش، سکونت گزینم و حال آنکه امید من گذشت و عفو توست؟! ",
            "15": "پس به عزّتت ای آقا و مولایم سوگند صادقانه می‌خورم، اگر مرا در سخن گفتن آزاد بگذاری در میان اهل دوزخ به پیشگاهت سخت ناله سر دهم، همانند ناله‌ی آرزومندان و به درگاهت بانگ بردارم، همچون بانگ آنان‌که خواهان دادرسی هستند و هر آینه به آستانت گریه کنم چو آنان‌که مبتلا به فقدان عزیزی می‌باشند و صدایت می‌زنم: کجایی‌ ای سرپرست مؤمنان، آری کجایی‌ ای نهایت آرزوی عارفان، ای فریادرس خواهندگان فریادرس، ای محبوب دل‌های راستان و ای معبود جهانیان؛ ",
            "16": " آیا این چنین است، ای خدای منزّه و ستوده که در دوزخ بشنوی صدای بنده مسلمانی که برای مخالفتش با دستورات تو زندانی شده و مزه عذابش را به خاطر نافرمانی چشیده و میان درکات دوزخ به علّت جرم و جنایتش محبوس شده و حال آنکه در درگاهت سخت ناله می‌زند، همچون ناله آن‌که آرزومند رحمت توست و با زبان اهل توحیدت تو را می‌خواند و به ربوبیتت به پیشگاهت توسّل می‌جوید، ای مولای من، چگونه در عذاب بماند و حال آنکه امید به بردباری گذشته‌ات دارد یا آتش چگونه او را به درد آورد درحالی‌که بخشش و رحمت تو را آرزو دارد؟! ",
            "17": " یا چگونه شعله آتش او را بسوزاند درحالی‌که فریادش را می‌شنوی و جایش را می‌بینی یا چگونه آتش او را دربر بگیرد و حال آنکه از ناتوانی‌اش خبرداری، یا چگونه در طبقات دوزخ به این سو و آن سو کشانده شود درحالی که راست‌گویی‌اش را می‌دانی، یا چگونه فرشته‌های عذاب او را با خشم برانند و حال آنکه تو را به پروردگاری‌ات می‌خواند، یا چگونه ممکن است بخششت را در آزادی از دوزخ امید داشته باشد و تو او را در آنجا به همان حال واگذاری؟ ",
            "18": " همه این امور از بنده‌نوازی تو بس دور است، هرگز گمان ما به تو این نیست و نه از فضل تو چنین گویند و نه به آنچه از خوبی و احسانت با اهل توحید رفتار کرده‌ای شباهتی دارد؛ پس به یقین می‌دانم که اگر فرمانت در به عذاب کشیدن منکران نبود و حُکمت به همیشگی بودن دشمنانت در آتش صادر نمی‌شد، هر آینه سرتاسر دوزخ را سرد و سلامت می‌کردی و برای احدی در آنجا قرار و جایگاهی نبود، امّا تو که مقدّس است نام‌هایت سوگند یاد کردی که دوزخ را از همه‌ی کافران چه پری و چه آدمی پر سازی و ستیزه‌جویان را در آنجا همیشگی و جاودانه بداری و هم تو ـ که ثنایت برجسته و والا است ـ به این گفته ابتدا کردی و با نعمت‌هایت کریمانه تفضّل فرمودی که «آیا مؤمن همانند فاسق است؟ نه مساوی نیستند»؛ ",
            "19": " ای خدا و سرور من، از تو خواستارم به قدرتی که مقدّر نمودی و به فرمانی که حتمیتش دادی و بر همه استوارش نمودی و بر کسی که بر او اجرایش کردی چیره ساختی که در این شب و در این ساعت بر من ببخشی هر جرمی که مرتکب شدم و هر گناهی که به آن آلوده گشتم و هر کار زشتی را که پنهان ساختم و هر نادانی که آن را بکار گرفتم، خواه پنهان کردم یا آشکار، نهان ساختم یا عیان و هر کار زشتی که دستور ثبت آن را به نویسندگان بزرگوار دادی؛",
            "20": " آنان که بر ضبط آنچه از من سر زند گماشتی و آنان را نیز گواهانی بر من قراردادی علاوه بر اعضایم و خود فراتر از آن‌ها مراقب من بودی و شاهد بر آنچه از آنان پنهان ماند و به یقین با رحمتت پنهان ساختی و با فضلت پوشاندی و اینکه از تو می‌خواهم از هرچیزی‌که نازل کردی یا احسانی که تفضّل نمودی یا برّ و نیکی که گستردی یا رزقی که پراکندی یا گناهی که بیامرزی یا خطایی که بپوشانی، پروردگارا، پروردگارا، پروردگارا! ",
            "21": " ای خدای من، ای سرور من، ای مولای من و اختیاردارم، ای کسی که مهارم به دست اوست، ای آگاه از پریشانی و ناتوانی‌ام، ای دانای تهیدستی و ناداری‌ام، پروردگارا! پروردگارا! پروردگارا! از تو درخواست می‌کنم به حقّت و قدست و بزرگ‌ترین صفات و نام‌هایت که همه اوقاتم را از شب و روز به یادت آباد کنی و به خدمتگزاری‌ات پیوسته بداری؛ و اعمالم را در پیشگاهت قبول فرمایی تا آنکه اعمال و اورادم هماهنگ، همسو همواره باشد و حالم در خدمت تو پاینده گردد،",
            "22": " ای سرور من، ای آن‌که بر او تکیه دارم، ای آن‌که شکوه‌ی حالم را تنها به‌سوی او برم، ای پروردگارم، ای پروردگارم، ای پروردگارم، اعضایم را در راه خدمتت نیرو بخش و دلم را بر عزم و همّتت محکم کن و کوشش در راستای پروایت و دوام در پیوستن به خدمتت را به من ارزانی دار تا به‌سویت برانم در میدان‌های پیشتازان؛ و به‌سویت بشتابم در میان شتابندگان و به کوی قربت آیم در میان مشتاقان و همانند مخلصان به تو نزدیک شوم و چون یقین آوردگان از جاه تو بهراسم و با اهل ایمان در جوارت گرد آیم. ",
            "23": "خدایا! هرکس مرا به بدی قصد کند تو قصدش کن و هرکس با من مکر ورزد تو با او مکر کن و مرا از بهره‌مندترین بندگانت نزد خود و نزدیک‌ترینشان در منزلت به تو و مخصوص‌ترینشان در رتبه به پیشگاهت بگردان، زیرا این همه به دست نیاید جز به فضل تو، خدایا! با جودت به من جود کن و با بزرگواری‌ات به من نظر کن؛ و با رحمتت مرا نگاهدار و زبانم را به ذکرت گویا کن و دلم را به محبتت شیفته و شیدا فرما و بر من منّت گذار با پاسخ نیکویت و لغزشم را نادیده انگار و گناهم را ببخش، زیرا تو بندگانت را به بندگی فرمان دادی و به دعا و درخواست از خود امر کردی و اجابت دعا را برای آنان ضامن شدی،",
            "24": "  پس ای پروردگار من تنها روی به‌سوی تو داشتم و دستم را تنها به جانب تو دراز کردم، پس تو را به عزّتت سوگند می‌دهم که دعایم را اجابت کنی و مرا به آرزویم برسانی و امیدم را از فضلت ناامید نکنی و شرّ دشمنانم را از پری و آدمی از من کفایت کنی؛ ",
            "25": "  ای خدایی که زود از بنده‌ات خشنود می‌شوی، بیامرز آن را که جز دعا چیزی ندارد، همانا تو هرچه بخواهی انجام می‌دهی، ای آن‌که نامش دوا و یادش شفا و طاعتش توانگری است، رحم کن به کسی که سرمایه‌اش امید و سازوبرگش اشک‌ریزان است، ای فروریزنده‌ی نعمت‌ها، ای دورکننده‌ی بلاها، ای روشنی‌بخش وحشت زدگان در تاریکی‌ها، ای دانای ناآموخته، بر محمّد و خاندان محمّد درود فرست و با من چنان کن که تو را شاید و درود و سلام فراوان خدا بر پیامبرش و بر امامان خجسته از خاندانش.  "
        },
        "tozih": {
            "1": "از دعاهای بسیار معروف است؛ علاّمه مجلسی(رحمة‌الله‌علیه) فرموده است: این دعا از بهترین دعاهاست و دعای خضر پیمبر است.\n\nامیرالمؤمنین(علیه‌السلام) آن را به کمیل که از خواصّ اصحاب آن حضرت بود آموخت؛ و نیز فرموده است: در شب‌های نیمه‌شعبان و در هر شب جمعه خوانده می‌شود و برای کفایت از گزند دشمنان و گشوده شدن درهای روزی و آمرزش گناهان سودمند است.\n\nشیخ طوسی و سید ابن طاووس آن را در کتاب‌های دعای خود آورده‌اند و من متن این گنجینه ملکوتی را از «مصباح المتهجّد» روایت می‌نمایم؛ و آن دعای شریف این است: ",
            "2": "",
            "3": "",
            "4": "",
            "5": "",
            "6": "",
            "7": "",
            "8": "",
            "9": "",
            "10": "",
            "11": "",
            "12": "",
            "13": "",
            "14": "",
            "15": "",
            "16": "",
            "17": "",
            "18": "",
            "19": "",
            "20": "",
            "21": "",
            "22": "",
            "23": "",
            "24": "",
            "25": ""
        }
    }
}