{
    "114": {
        "number": 114,
        "bab": 1,
        "title": "دعای یستشیر",
        "arabic": {
            "1": " بِسْمِ اللَّهِ الرَّحْمَنِ الرَّحِيمِ الْحَمْدُ لِلّٰهِ الَّذِى لَاإِلٰهَ إِلّا هُوَ الْمَلِكُ الْحَقُّ الْمُبِينُ ، الْمُدَبِّرُ بِلا وَزِيرٍ ، وَلَا خَلْقٍ مِنْ عِبادِهِ يَسْتَشِيرُ ، الْأَوَّلُ غَيْرُ مَوْصُوفٍ ، وَالْباقِى بَعْدَ فَناءِ الْخَلْقِ، الْعَظِيمُ الرُّبُوبِيَّةِ ، نُورُ السَّمَاوَاتِ وَالْأَرَضِينَ وَفاطِرُهُما وَمُبْتَدِعُهُما ، بِغَيْرِ عَمَدٍ خَلَقَهُما وَفَتَقَهُما فَتْقاً ، فَقامَتِ السَّمَاوَاتُ طائِعاتٍ بِأَمْرِهِ ، وَاسْتَقَرَّتِ الْأَرَضُونَ بِأَوْتادِها فَوْقَ الْماءِ ، ثُمَّ عَلا رَبُّنا فِى السَّمَاوَاتِ الْعُلىٰ ، ﴿الرَّحْمٰنُ عَلَى الْعَرْشِ اسْتَوىٰ ، لَهُ ما فِى السَّمَاوَاتِ وَما فِى الْأَرْضِ وَما بَيْنَهُما وَما تَحْتَ الثَّرىٰ﴾؛ ",
            "2": "فَأَنَا أَشْهَدُ بِأَنَّكَ أَنْتَ اللّٰهُ لَارافِعَ لِما وَضَعْتَ ، وَلَا واضِعَ لِما رَفَعْتَ ، وَلَا مُعِزَّ لِمَنْ أَذْلَلْتَ ، وَلَا مُذِلَّ لِمَنْ أَعْزَزْتَ ، وَلَا مانِعَ لِما أَعْطَيْتَ ، وَلَا مُعْطِىَ لِما مَنَعْتَ ،",
            "3": " وَأَنْتَ اللّٰهُ لَاإِلٰهَ إِلّا أَنْتَ ، كُنْتَ إِذْ لَمْ تَكُنْ سَماءٌ مَبْنِيَّةٌ ، وَلَا أَرْضٌ مَدْحِيَّةٌ ، وَلَا شَمْسٌ مُضِيئَةٌ ، وَلَا لَيْلٌ مُظْلِمٌ ، وَلَا نَهارٌ مُضِىءٌ ، وَلَا بَحْرٌ لُجِّيٌّ ، وَلَا جَبَلٌ رَاسٍ  ، وَلَا نَجْمٌ سارٍ ، وَلَا قَمَرٌ مُنِيرٌ ، وَلَا رِيحٌ تَهُبُّ ، وَلَا سَحَابٌ يَسْكُبُ ، وَلَا بَرْقٌ يَلْمَعُ ، وَلَا رَعْدٌ يُسَبِّحُ ، وَلَا رُوحٌ تَنَفَّسُ ، وَلَا طَائِرٌ يَطِيرُ ، وَلَا نَارٌ تَتَوَقَّدُ ، وَلَا ماءٌ يَطَّرِدُ ، ",
            "4": "كُنْتَ قَبْلَ كُلِّ شَىْءٍ ، وَكَوَّنْتَ كُلَّ شَىْءٍ ، وَقَدَرْتَ عَلىٰ كُلِّ شَىْءٍ ، وَابْتَدَعْتَ كُلَّ شَىْءٍ ، وَأَغْنَيْتَ وَأَفْقَرْتَ، وَأَمَتَّ وَأَحْيَيْتَ ، وَأَضْحَكْتَ وَأَبْكَيْتَ؛ وَعَلَى الْعَرْشِ اسْتَوَيْتَ ، فَتَبارَكْتَ يَا اللّٰهُ وَتَعالَيْتَ ،  ",
            "5": "أَنْتَ اللّٰهُ الَّذِى لَاإِلٰهَ إِلّا أَنْتَ الْخَلَّاقُ الْمُعِينُ ، أَمْرُكَ غالِبٌ ، وَعِلْمُكَ نافِذٌ ، وَكَيْدُكَ غَرِيبٌ ، وَوَعْدُكَ صَادِقٌ ، وَقَوْلُكَ حَقٌّ ، وَحُكْمُكَ عَدْلٌ ، وَكَلامُكَ هُدىً ، وَوَحْيُكَ نُورٌ ، وَرَحْمَتُكَ واسِعَةٌ ، وَعَفْوُكَ عَظِيمٌ ، وَفَضْلُكَ كَثِيرٌ ، وَعَطاؤُكَ جَزِيلٌ ، وَحَبْلُكَ مَتِينٌ ، وَ إِمْكانُكَ عَتِيدٌ، وَجَارُكَ عَزِيزٌ ، وَبَأسُكَ شَدِيدٌ ، وَمَكْرُكَ مَكِيدٌ ، ",
            "6": "أَنْتَ يَا رَبِّ مَوْضِعُ كُلِّ شَكْوىٰ؛ وَحاضِرُ كُلِّ مَلَاً ، وَ شاهِدُ كُلِّ نَجْوىٰ ، مُنْتَهىٰ كُلِّ حاجَةٍ ، مُفَرِّجُ كُلِّ حُزْنٍ  ، غِنىٰ كُلِّ مِسْكِينٍ ، حِصْنُ كُلِّ هَارِبٍ ، أَمانُ كُلِّ خَائِفٍ ، حِرْزُ الضُّعَفاءِ ، كَنْزُ الْفُقَرَاءِ ، مُفَرِّجُ الْغَمَّاءِ ، مُعِينُ الصَّالِحِينَ ، ذٰلِكَ اللّٰهُ رَبُّنا لَاإِلٰهَ إِلّا هُوَ ، ",
            "7": "تَكْفِى مِنْ عِبادِكَ مَنْ تَوَكَّلَ عَلَيْكَ ، وَأَنْتَ جَارُ مَنْ لاذَبِكَ وَتَضَرَّعَ إِلَيْكَ ، عِصْمَةُ مَنِ اعْتَصَمَ بِكَ ، ناصِرُ مَنِ انْتَصَرَ بِكَ ، تَغْفِرُ الذُّنُوبَ لِمَنِ اسْتَغْفَرَكَ ، جَبَّارُ الْجَبَابِرَةِ ، عَظِيمُ الْعُظَمَاءِ؛ كَبِيرُ الْكُبَراءِ ، سَيِّدُ السَّادَاتِ ، مَوْلَى الْمَوَالِى ، صَرِيخُ المُسْتَصْرِخِينَ ، مُنَفِّسٌ عَنِ الْمَكْرُوبِينَ ، مُجِيبُ دَعْوَةِ الْمُضْطَرِّينَ ، أَسْمَعُ السَّامِعِينَ ، أَبْصَرُ النَّاظِرِينَ ، أَحْكَمُ الْحَاكِمِينَ ، أَسْرَعُ الْحَاسِبِينَ ، أَرْحَمُ الرَّاحِمِينَ ، خَيْرُ الْغَافِرِينَ ، قَاضِى حَوائِجِ الْمُؤْمِنِينَ ، مُغِيثُ الصَّالِحِينَ ، ",
            "8": "أَنْتَ اللّٰهُ لَاإِلٰهَ إِلّا أَنْتَ رَبُّ الْعالَمِينَ ، أَنْتَ الْخالِقُ وَأَنَا الْمَخْلُوقُ ، وَأَنْتَ الْمَالِكُ وَأَنَا الْمَمْلُوكُ ، وَأَنْتَ الرَّبُّ وَأَنَا الْعَبْدُ ، وَأَنْتَ الرَّازِقُ وَأَنَا الْمَرْزُوقُ؛ وَأَنْتَ الْمُعْطِى وَأَنَا السَّائِلُ ، وَأَنْتَ الْجَوادُ وَأَنَا الْبَخِيلُ ، وَأَنْتَ الْقَوِىُّ وَأَنَا الضَّعِيفُ ، وَأَنْتَ الْعَزِيزُ وَأَنَا الذَّلِيلُ ، وَأَنْتَ الْغَنِىُّ و أَنَا الْفَقِيرُ ، وَأَنْتَ السَّيِّدُ وَأَنَا الْعَبْدُ ، وَأَنْتَ الْغافِرُ وَأَنَا الْمُسِىءُ ،وَأَنْتَ الْعَالِمُ وَأَنَا الْجَاهِلُ ، وَأَنْتَ الْحَلِيمُ وَأَنَا الْعَجُولُ ، وَأَنْتَ الرَّحْمٰنُ وَأَنَا الْمَرْحُومُ ، وَأَنْتَ الْمُعافِى وَأَنَا الْمُبْتَلىٰ ، وَأَنْتَ الْمُجِيبُ وَأَنَا الْمُضْطَرُّ ، ",
            "9": "وَ أَنَا أَشْهَدُ بِأَنَّكَ أَنْتَ اللّٰهُ لَاإِلٰهَ إِلّا أَنْتَ ، الْمُعْطِى عِبادَكَ بِلا سُؤالٍ؛ وَأَشْهَدُ بِأَنَّكَ أَنْتَ اللّٰهُ الْواحِدُ الْأَحَدُ الْمُتَفَرِّدُ الصَّمَدُ الْفَرْدُ وَ إِلَيْكَ الْمَصِيرُ ، وَصَلَّى اللّٰهُ عَلىٰ مُحَمَّدٍ وَأَهْلِ بَيْتِهِ الطَّيِّبِينَ الطَّاهِرِينَ ، وَاغْفِرْ لِى ذُنُوبِى ، وَاسْتُرْ عَلَىَّ عُيُوبِى، وَافْتَحْ لِى مِنْ لَدُنْكَ رَحْمَةً وَرِزْقاً وَاسِعاً يَا أَرْحَمَ الرَّاحِمِينَ ، وَالْحَمْدُ لِلّٰهِ رَبِّ الْعالَمِينَ، وَحَسْبُنَا اللّٰهُ وَنِعْمَ الْوَكِيلُ ، وَلَا حَوْلَ وَلَا قُوَّةَ إِلّا بِاللّٰهِ الْعَلِيِّ الْعَظِيمِ."
        },
        "farsi": {
            "1": "ستایش خدا را که معبودی جز او نیست، آن فرمانروای بر حق آشکار، تدبیرگر هستی بی‌آنکه او را وزیری باشد و یا با آفریده‌ای از بندگانش مشورت نماید، آغازی است که در وصف نگنجد و پابرجاست پس از فنای آفریدگان، پروردگاری‌اش بس بزرگ است، روشنایی آسمان‌ها و زمین‌ها و آفریننده و پدیدآورنده آن دو است، آسمان و زمین را بی‌ستون آفرید و از هم گشودشان گشودنی چشمگیر، پس آسمان‌ها به فرمان او بر پا شدند و زمین‌ها با کوه‌هایشان بر فراز آب جا گرفت، سپس بلندی گرفت پروردگار ما در آسمان‌های بلند، «خدای بخشاینده بر فرمانروایی هستی چیره گشت، تنها از آن اوست آنچه در آسمان‌ها و زمین است و هر آنچه بین آن دو و آنچه زیر خاک است»؛ ",
            "2": "پس من شهادت می‌دهم که تنها تویی خدا، بالابرنده‌ای برای آنچه بر زمین نشاندی نیست و نه زمین زننده‌ای برای آنچه بالا بردی و نه عزّت بخشی آن را که تو خوارش کردی و خوارکننده‌ای نیست آن را که تو عزیز نمودی و بازدارنده‌ای برای آنچه عطا کردی نیست و نه عطاکننده‌ای برای آنچه دریغ کردی",
            "3": "و تویی خدا، معبودی جز تو نیست، تو بودی آنگاه که نه آسمانی بنا شده بود و نه زمینی گسترانیده و نه خورشیدی تابان و نه شبی تاریک و نه روزی فروزان و نه دریایی خروشان و نه کوهی استوار و نه ستاره‌ای روان و نه ماهی تابنده و نه بادی وزان و نه ابری پرباران و نه برقی درخشان و نه صاعقه‌ای تسبیح‌گویان و نه روحی دم‌زنان و نه پرنده‌ای پران و نه آتشی فروزان و نه آبی روان بوده باشند،",
            "4": "پیش از هر چیز بودی و همه‌چیز را پدید آوردی و بر هر چیز توانا بودی و همه‌چیز را نو آفریدی و توانگر نمودی و ناتوان ساختی و میراندی و زنده نمودی و خنداندی و گریاندی؛ و بر فرمانروایی هستی چیره گشتی، پس خجسته بودی، ای خدا و بلندی گرفتی،",
            "5": " تویی خدایی که معبودی جز تو نیست، آفریننده یاری رسانی که فرمانت چیره و علمت نافذ و نیرنگت شگفت و وعده‌ات راست و گفته‌ات حق و داوری‌ات دادگرانه و سخنت هدایتگر و پیامت نور و رحمتت فراگیر و گذشتت بزرگ و بخششت بسیار و عطایت فراوان و ریسمانت استوار و یاری‌ات فراهم و پناهنده‌ات عزتمند و عذابت سخت و نیرنگت زیرکانه است، ",
            "6": " تو ای پروردگار من آستانت جایگاه هر شکایتی است؛ و خود حاضر در هر جماعتی و گواه هر گفتگوی نهانی، نهایت هر حاجتی، شادی‌بخش هر اندوهگین، توانگری هر بر خاک‌نشسته‌ای، دژ استوار هر گریزانی، امان هر هراسانی، نگاهدار ناتوانی، گنجینه تهیدستانی، غم‌زدای غم‌زدگانی، پشتیبان شایستگانی، آن است خدا، پروردگار ما، معبودی جز او نیست،",
            "7": " کفایت می‌کنی از بندگانت آن را که بر تو توکل کند و تویی پناه آن‌که به تو پناه آورد و به درگاهت زاری نماید، نگهدار کسی که به دامن تو چنگ زند، یار آن‌که از تو یاری جوید، می‌آمرزی گناهان آن را که از تو آمرزش خواهد، جبّار جبّارانی، بزرگ بزرگان؛ سرور سروران، آقای آقایان، سرآمد مولایان، دادرس دادخواهان، گره‌گشای گرفتاران، اجابت‌کننده دعای بیچارگان، شنواترین شنوندگان، بیناترین بینندگان، داورترین داوران، سریع‌ترین حسابرسان، مهربان‌ترین مهربانان، بهترین آمرزندگان، برآورنده حاجات مؤمنان، فریادرس نیکان،",
            "8": " تویی خدا، معبودی جز تو نیست، پروردگار جهانیان، تویی آفریدگار و من آفریده و تویی مالک و من مملوک و تویی پروردگار و من بنده و تویی روزی‌دهنده و من روزی‌خوار؛ و تویی بخشنده و من سائل و تویی دارای جود و من بخیل و تویی توانمند و من ناتوان و تویی عزّتمند و من خوار و تویی بی‌نیاز و من تهیدست و تویی آقا و من بنده و تویی آمرزنده و من بدکار و تویی دانا و من نادان و تویی بردبار و من شتاب‌زده و تویی رحم کننده و من رحم شده و تویی عافیت‌بخش و من بلازده و تویی اجابت‌کننده و من ناچار و پریشان ",
            "9": "و گواهی می‌دهم که تویی خدا، معبودی جز تو نیست، عطابخش بندگانی بدون درخواست ایشان؛ و گواهی می‌دهم تویی خدای یگانه یکتای بی‌همتای بی‌نیاز تک و بازگشت همه به سوی تو است، خدایا بر محمّد و اهل‌بیت پاک و پاکیزه‌اش درود فرست و گناهانم را بیامرز و بر من بپوشان کاستی‌هایم را و از پیشگاهت برای من رحمت و روزی فراوان بگشا، ای مهربان‌ترین مهربانان و سپاس خدا را پروردگار جهانیان و خدا ما را بس است و چه نیکو وکیلی است و جنبش و نیرویی نیست جز به عنایت خدای والای بزرگ. "
        },
        "tozih": {
            "1": "سیدابن‌طاووس در کتاب «مهج‌الدعوات» از امیرالمؤمنین(علیه‌السلام) نقل کرده: حضرت رسول(صلی‌الله‌علیه‌وآله) این دعا را به من تعلیم داد و امر فرمود آن را درهرحال و برای هر سختی و آسانی بخوانم و نیز آن را به جانشین خود تعلیم دهم و خواندن این دعا را ترک نگویم تا حق‌تعالی را ملاقات کنم؛\n\nو نیز فرمود: یا علی این دعا را هر صبح و هر شام بخوان زیرا که گنجی از گنج‌های عرش الهی است.\n\nاُبَی بن کعب، به پیشگاه حضرت رسول(صلی‌الله‌علیه‌وآله) التماس کرد که آن حضرت فضیلت این دعا را بیان نماید، حضرت اندکی از ثواب بسیار آن را بیان فرمود؛ هرکه می‌خواهد به کتاب «مهج الدعوات» مراجعه نماید.\n\nمتن دعا این است:",
            "2": "",
            "3": "",
            "4": "",
            "5": "",
            "6": "",
            "7": "",
            "8": "",
            "9": ""
        }
    }
}