{
    "119": {
        "number": 119,
        "bab": 1,
        "title": "حدیث کساء",
        "arabic": {
            "1": "بِسْمِ اللَّهِ الرَّحْمَنِ الرَّحِيمِ",
            "2": "عَنْ فاطِمَةَ الزَّهْراءِ عَلَيهَا السَّلامُ بِنْتِ رَسُولِ اللَّهِ صَلَّي اللَّهُ عَلَيهِ وَآلِهِ قالَ سَمِعْتُ فاطِمَةَ اَنَّها قالَتْ دَخَلَ عَلَيَّ اَبي رَسُولُ اللَّهِ في بَعْضِ الْأَيَّامِ، فَقالَ السَّلامُ عَلَيْكِ يا فاطِمَةُ، فَقُلْتُ عَلَيْكَ السَّلامُ قالَ اِنّي اَجِدُ في بَدَني ضُعْفاً، فَقُلْتُ لَهُ اُعيذُكَ بِاللَّهِ يا اَبَتاهُ مِنَ الضُّعْفِ، فَقَالَ يا فاطِمَةُ ايتيني بِالْكِسآءِ الْيَماني فَغَطّيني بِهِ، فَاَتَيْتُهُ بِالْكِسآءِ الْيَماني فَغَطَّيْتُهُ بِهِ، وَصِرْتُ اَنْظُرُ اِلَيْهِ، وَاِذا وَجْهُهُ يَتَلَأْلَؤُ كَاَنَّهُ الْبَدْرُ في لَيْلَةِ تَمامِهِ وَكَمالِهِ ",
            "3": " فَما كانَتْ اِلاَّ ساعَةً وَاِذا بِوَلَدِيَ الْحَسَنِ قَدْ اَقْبَلَ، وَقالَ السَّلامُ عَلَيْكِ يا اُمَّاهُ، فَقُلْتُ وَعَلَيْكَ السَّلامُ يا قُرَّةَ عَيْني وَثَمَرَةَ فُؤادي، فَقالَ يا اُمَّاهُ اِنّي اَشَمُّ عِنْدَكِ رآئِحَةً طَيِّبَةً، كَاَنَّها رآئِحَةُ جَدّي رَسُولِ اللَّهِ، فَقُلْتُ نَعَمْ اِنَّ جَدَّكَ تَحْتَ الْكِسآءِ، فَاَقْبَلَ الْحَسَنُ نَحْوَ الْكِسآءِ، وَقالَ السَّلامُ عَلَيْكَ يا جَدَّاهُ يا رَسُولَ اللَّهِ، اَتَاْذَنُ لي اَنْ اَدْخُلَ مَعَكَ تَحْتَ الْكِسآءِ، فَقالَ وَعَلَيْكَ السَّلامُ يا وَلَدي وَيا صاحِبَ حَوْضي، قَدْ اَذِنْتُ لَكَ، فَدَخَلَ مَعَهُ تَحْتَ الْكِسآءِ، ",
            "4": " فَما كانَتْ اِلاَّ ساعَةً وَاِذا بِوَلَدِيَ الْحُسَيْنِ قَدْ اَقْبَلَ، وَقالَ السَّلامُ عَلَيْكِ يا اُمَّاهُ، فَقُلْتُ وَعَلَيْكَ السَّلامُ يا وَلَدي وَيا قُرَّةَ عَيْني وَثَمَرَةَ فُؤادي، فَقالَ لي يا اُمَّاهُ اِنّي اَشَمُّ عِنْدَكِ رآئِحَةً طَيِّبَةً، كَاَنَّها رآئِحَةُ جَدّي رَسُولِ اللَّهِ صَلَّي اللَّهُ عَلَيْهِ وَآلِهِ فَقُلْتُ نَعَمْ اِنَّ جَدَّكَ وَاَخاكَ تَحْتَ الْكِسآءِ، فَدَنَي الْحُسَيْنُ نَحْوَ الْكِسآءِ، وَقالَ السَّلامُ عَلَيْكَ يا جَدَّاهُ، اَلسَّلامُ عَلَيْكَ يا مَنِ اخْتارَهُ اللَّهُ، اَتَاْذَنُ لي اَنْ اَكُونَ مَعَكُما تَحْتَ الْكِسآءِ، فَقالَ وَعَلَيْكَ السَّلامُ يا وَلَدي وَيا شافِعَ اُمَّتي، قَدْ اَذِنْتُ لَكَ فَدَخَلَ مَعَهُما تَحْتَ الْكِسآءِ ",
            "5": " فَاَقْبَلَ عِنْدَ ذلِكَ اَبُوالْحَسَنِ عَلِيُّ بْنُ اَبي طالِبٍ، وَقالَ السَّلامُ عَلَيْكِ يا بِنْتَ رَسُولِ اللَّهِ، فَقُلْتُ وَعَلَيْكَ السَّلامُ يا اَبَا الْحَسَنِ وَ يا اَميرَ الْمُؤْمِنينَ فَقالَ يا فاطِمَةُ اِنّي اَشَمُّ عِنْدَكِ رائِحَةً طَيِّبَةً كَاَنَّها رآئِحَةُ اَخي وَابْنِ عَمّي رَسُولِ اللَّهِ، فَقُلْتُ نَعَمْ ها هُوَ مَعَ وَلَدَيْكَ تَحْتَ الْكِسآءِ، فَاَقْبَلَ عَلِيٌّ نَحْوَ الْكِسآءِ، وَقالَ السَّلامُ عَلَيْكَ يا رَسُولَ اللَّهِ، اَتَاْذَنُ لي اَنْ اَكُونَ مَعَكُمْ تَحْتَ الْكِسآءِ، قالَ لَهُ وَعَلَيْكَ السَّلامُ يا اَخي يا وَصِيّي وَخَليفَتي وَصاحِبَ لِوآئي، قَدْ اَذِنْتُ لَكَ فَدَخَلَ عَلِيٌّ تَحْتَ الْكِسآءِ، ",
            "6": " ثُمَّ اَتَيْتُ نَحْوَ الْكِسآءِ، وَقُلْتُ اَلسَّلامُ عَلَيْكَ يا اَبَتاهُ يا رَسُولَ اللَّهِ، اَتَاْذَنُ لي اَن اَكُونَ مَعَكُمْ تَحْتَ الْكِسآءِ، قالَ وَعَلَيْكِ السَّلامُ يا بِنْتي وَيا بَضْعَتي قَدْ اَذِنْتُ لَكِ، فَدَخَلْتُ تَحْتَ الْكِسآءِ، ",
            "7": " فَلَمَّا اكْتَمَلْنا جَميعاً تَحْتَ الْكِسآءِ، اَخَذَ اَبي رَسُولُ اللَّهِ بِطَرَفَيِ الْكِسآءِ، وَاَوْمَئَ بِيَدِهِ الْيُمْني اِلَي السَّمآءِ، وَقالَ اَللَّهُمَّ اِنَّ هؤُلاءِ اَهْلُ بَيْتي وَخآصَّتي وَحآمَّتي، لَحْمُهُمْ لَحْمي، وَدَمُهُمْ دَمي، يُؤْلِمُني ما يُؤْلِمُهُمْ، وَيَحْزُنُني ما يَحْزُنُهُمْ، اَنَا حَرْبٌ لِمَنْ حارَبَهُمْ، وَسِلْمٌ لِمَنْ سالَمَهُمْ وَعَدُوٌّ لِمَنْ عاداهُمْ، وَمُحِبٌّ لِمَنْ اَحَبَّهُمْ، اِنَّهُمْ مِنّي وَاَ نَا مِنْهُمْ، فَاجْعَلْ صَلَواتِكَ وَبَرَكاتِكَ وَرَحْمَتَكَ، وَغُفْرانَكَ وَرِضْوانَكَ عَلَيَّ وَعَلَيْهِمْ، وَاَذْهِبْ عَنْهُمُ الرِّجْسَ، وَطَهِّرْهُمْ تَطْهيراً، ",
            "8": " فَقالَ اللَّهُ عَزَّوَجَلَّ يا مَلائِكَتي وَيا سُكَّانَ سَمواتي، اِنّي ما خَلَقْتُ سَمآءً مَبْنِيَّةً، وَلا اَرْضاً مَدْحِيَّةً، وَلا قَمَراً مُنيراً، وَلا شَمْساً مُضِيئَةً، وَلا فَلَكاً يَدُورُ، وَلا بَحْراً يَجْري، وَلا فُلْكاً يَسْري، اِلاَّ في مَحَبَّةِ هؤُلاءِ الْخَمْسَةِ الَّذينَ هُمْ تَحْتَ الْكِسآءِ، فَقالَ الْأَمينُ جِبْرآئيلُ يا رَبِّ وَمَنْ تَحْتَ الْكِسآءِ، فَقالَ عَزَّوَجَلَّ هُمْ اَهْلُ بَيْتِ النُّبُوَّةِ، وَمَعْدِنُ الرِّسالَةِ، هُمْ فاطِمَةُ وَاَبُوها وَبَعْلُها وَبَنُوها، ",
            "9": " فَقالَ جِبْرآئيلُ يا رَبِّ، اَتَاْذَنُ لي اَنْ اَهْبِطَ اِلَي الْأَرْضِ لِأَكُونَ مَعَهُمْ سادِساً، فَقالَ اللَّهُ نَعَمْ قَدْ اَذِنْتُ لَكَ، فَهَبَطَ الْأَمينُ جِبْرآئيلُ، وَقالَ السَّلامُ عَلَيْكَ يا رَسُولَ اللَّهِ، الْعَلِيُ الْأَعْلي يُقْرِئُكَ السَّلامَ، وَيَخُصُّكَ بِالتَّحِيَّةِ وَالْإِكْرامِ، وَيَقُولُ لَكَ وَعِزَّتي وَجَلالي اِنّي ما خَلَقْتُ سَمآءً مَبْنِيَّةً، وَلا اَرْضاً مَدْحِيَّةً، وَلا قَمَراً مُنيراً، وَلا شَمْساً مُضيئَةً وَلا فَلَكاً يَدُورُ، وَلا بَحْراً يَجْري، وَلا فُلْكاً يَسْري، اِلاَّ لِأَجْلِكُمْ وَمَحَبَّتِكُمْ، وَقَدْ اَذِنَ لي اَنْ اَدْخُلَ مَعَكُمْ، فَهَلْ تَاْذَنُ لي يا رَسُولَ اللَّهِ، فَقالَ رَسُولُ اللَّهِ وَعَلَيْكَ السَّلامُ يا اَمينَ وَحْيِ اللَّهِ، اِنَّهُ نَعَمْ قَدْ اَذِنْتُ لَكَ، فَدَخَلَ جِبْرآئيلُ مَعَنا تَحْتَ الْكِسآءِ، فَقالَ لِأَبي اِنَّ اللَّهَ قَدْ اَوْحي اِلَيْكُمْ يَقُولُ: اِنَّما يُريدُ اللَّهُ لِيُذْهِبَ عَنْكُمُ الرِّجْسَ اَهْلَ الْبَيْتِ، وَيُطَهِّرَكُمْ تَطْهيراً، ",
            "10": " فَقالَ عَلِيٌّ لِأَبي يا رَسُولَ اللَّهِ، اَخْبِرْني ما لِجُلُوسِنا هذا تَحْتَ الْكِسآءِ مِنَ الْفَضْلِ عِنْدَ اللَّهِ؟ فَقالَ النَّبِيُّ وَالَّذي بَعَثَني بِالْحَقِّ نَبِيّاً، وَاصْطَفاني بِالرِّسالَةِ نَجِيّاً، ما ذُكِرَ خَبَرُنا هذا في مَحْفِلٍ مِنْ مَحافِلِ اَهْلِ الْأَرْضِ، وَفيهِ جَمْعٌ مِنْ شَيعَتِنا وَمُحِبّينا، اِلاَّ وَنَزَلَتْ عَلَيْهِمُ الرَّحْمَةُ وَحَفَّتْ بِهِمُ الْمَلائِكَةُ، وَاسْتَغْفَرَتْ لَهُمْ اِلي اَنْ يَتَفَرَّقُوا، فَقالَ عَلِيٌّ اِذاً وَاللَّهِ فُزْنا وَفازَ شيعَتُنا وَرَبِّ الْكَعْبَةِ، ",
            "11": " فَقالَ النَّبِيُّ ثانِياً يا عَلِيُّ وَالَّذي بَعَثَني بِالْحَقِّ نَبِيّاً، وَاصْطَفاني بِالرِّسالَةِ نَجِيّاً، ما ذُكِرَ خَبَرُنا هذا في مَحْفِلٍ مِنْ مَحافِلِ اَهْلِ الْأَرْضِ، وَفيهِ جَمْعٌ مِنْ شيعَتِنا وَمُحِبّينا، وَفيهِمْ مَهْمُومٌ اِلاَّ وَفَرَّجَ اللَّهُ هَمَّهُ، وَلا مَغْمُومٌ اِلاَّ وَكَشَفَ اللَّهُ غَمَّهُ، وَلا طالِبُ حاجَةٍ اِلاَّ وَقَضَي اللّهُ حاجَتَهُ، فَقالَ عَلِيٌّ اِذاً وَاللَّهِ فُزْنا وَسُعِدْنا، وَكَذلِكَ شيعَتُنا فازُوا وَسُعِدُوا فِي الدُّنْيا وَالْأخِرَةِ، وَرَبِّ الْكَعْبَةِ. "
        },
        "farsi": {
            "1": "بِسَنَدٍ صَحيحٍ عَنْ جابِرِ بْنِ عَبْدِاللَّهِ الاَنْصاريِ\nبه سندی صحیح از جابر بن عبداللّه انصاری روایت شده ",
            "2": " از فاطمه زهرا سلام\u200Cاللّه علیها دختر رسول خدا صلی\u200Cاللّه علیه وآله، جابر گوید شنیدم از فاطمه زهرا که فرمود: وارد شد بر من پدرم رسول خدا در بعضی از روزها و فرمود: سلام بر تو ای فاطمه در پاسخش گفتم: بر تو باد سلام فرمود: من در بدنم سستی و ضعفی احساس می\u200Cکنم، گفتم: پناه می\u200Cدهم تو را به خدا ای پدرجان از سستی و ضعف فرمود: ای فاطمه برایم کساء یمانی را بیاور و مرا بدان بپوشان من کساء یمانی را برایش آوردم و او را بدان پوشاندم و هم\u200Cچنان بدو می\u200Cنگریستم و در آن حال چهره\u200Cاش همانند ماه شب چهارده می\u200Cدرخشید.",
            "3": "پس ساعتی نگذشت که دیدم فرزندم حسن وارد شد و گفت سلام بر تو ای مادر گفتم: بر تو باد سلام ای نور دیده\u200Cام و میوه دلم گفت: مادرجان من در نزد تو بوی خوشی استشمام می کنم گویا بوی جدم رسول خدا است گفتم: آری همانا جد تو در زیر کساء است پس حسن بطرف کساء رفت و گفت: سلام بر تو ای جد بزرگوار ای رسول خدا آیا به من اذن می\u200Cدهی که وارد شوم با تو در زیر کساء؟ فرمود: بر تو باد سلام ای فرزندم و ای صاحب حوض من اذنت دادم پس حسن با آن جناب بزیر کساء رفت.",
            "4": "ساعتی نگذشت که فرزندم حسین وارد شد و گفت: سلام بر تو ای مادر گفتم: بر تو باد سلام ای فرزند من و ای نور دیده\u200Cام و میوه دلم فرمود: مادرجان من در نزد تو بوی خوشی استشمام می\u200Cکنم گویا بوی جدم رسول خدا(ص) است گفتم آری همانا جد تو و برادرت در زیر کساء هستند حسین نزدیک کساء رفته گفت: سلام بر تو ای جد بزرگوار، سلام بر تو ای کسی که خدا او را برگزید آیا به من اذن می\u200Cدهی که داخل شوم با شما در زیر کساء فرمود: و بر تو باد سلام ای فرزندم و ای شفاعت\u200Cکننده امتم به تو اذن دادم پس او نیز با آن دو در زیر کساء وارد شد.",
            "5": "در این هنگام ابوالحسن علی بن ابی\u200Cطالب وارد شد و فرمود سلام بر تو ای دختر رسول خدا گفتم: و بر تو باد سلام ای اباالحسن و ای امیرمؤمنان فرمود: ای فاطمه من بوی خوشی نزد تو استشمام می\u200Cکنم گویا بوی برادرم و پسرعمویم رسول خدا است ؟ گفتم: آری این او است که با دو فرزندت در زیر کساء هستند پس علی نیز به طرف کساء رفت و گفت سلام بر تو ای رسول خدا آیا اذن می\u200Cدهی که من نیز با شما در زیر کساء باشم رسول خدا به او فرمود: و بر تو باد سلام ای برادر من و ای وصی و خلیفه و پرچمدار من به تو اذن دادم پس علی نیز وارد در زیر کساء شد.",
            "6": "در این هنگام من نیز به طرف کساء رفتم و عرض کردم سلام بر تو ای پدرجان ای رسول خدا آیا به من هم اذن می\u200Cدهی که با شما در زیر کساء باشم؟ فرمود: و بر تو باد سلام ای دخترم و ای پاره تنم به تو هم اذن دادم، پس من نیز به زیر کساء رفتم",
            "7": "و چون همگی در زیر کساء جمع شدیم پدرم رسول خدا دو طرف کساء را گرفت و با دست راست به سوی آسمان اشاره کرد و فرمود: خدایا اینانند خاندان من و خواص و نزدیکانم گوشتشان گوشت من و خونشان خون من است می\u200Cآزارد مرا هرچه ایشان را بیازارد و به اندوه می\u200Cاندازد مرا هرچه ایشان را به اندوه در آورد من در جنگم با هر که با ایشان بجنگد و در صلحم با هر که با ایشان در صلح است و دشمنم با هر کس که با ایشان دشمنی کند و دوستم با هر کس که ایشان را دوست دارد اینان از منند و من از ایشانم پس بفرست درودهای خود و برکت\u200Cهایت و مهرت و آمرزشت و خوشنودیت را بر من و بر ایشان و دور کن از ایشان پلیدی را و پاکیزه شان کن به خوبی.",
            "8": "پس خدای عزوجل فرمود: ای فرشتگان من و ای ساکنان آسمان\u200Cهایم براستی که من نیافریدم آسمان بنا شده و نه زمین گسترده و نه ماه تابان و نه مهر درخشان و نه فلک چرخان و نه دریای روان و نه کشتی در جریان را مگر به خاطر دوستی این پنج تن اینان که در زیر کسایند پس جبرئیل امین عرض کرد: پروردگارا کیانند در زیر کساء؟ خدای عزوجل فرمود: آنان خاندان نبوت و رسالتند: آنان فاطمه است و پدرش و شوهر و دو فرزندش.",
            "9": "جبرئیل عرض کرد: پروردگارا آیا به من هم اذن می\u200Cدهی که به زمین فرود آیم تا ششمین آنها باشم خدا فرمود: آری به تو اذن دادم پس جبرئیل امین به زمین آمد و گفت: سلام بر تو ای رسول خدا، (پروردگار) علی اعلی سلامت می\u200Cرساند و تو را به تحیت و اکرام مخصوص داشته و می\u200Cفرماید: به عزت و جلالم سوگند که من نیافریدم آسمان بنا شده و نه زمین گسترده و نه ماه تابان و نه مهر درخشان و نه فلک چرخان و نه دریای روان و نه کشتی در جریان را مگر برای خاطر شما و محبت و دوستی شما و به من نیز اذن داده است که با شما در زیر کساء باشم پس آیا تو هم ای رسول خدا اذنم می\u200Cدهی؟ رسول خدا(ص ) فرمود و بر تو باد سلام ای امین وحی خدا آری به تو هم اذن دادم پس جبرئیل با ما وارد در زیر کساء شد و به پدرم گفت: همانا خداوند بسوی شما وحی کرده و می\u200Cفرماید: (حقیقت این است که خدا می\u200Cخواهد پلیدی (و ناپاکی) را از شما خاندان ببرد و پاکیزه کند شما را پاکیزگی کامل)",
            "10": "علی علیه\u200Cالسلام به پدرم گفت: ای رسول خدا به من بگو این جلوس (و نشستن) ما در زیر کساء چه فضیلتی (و چه شرافتی) نزد خدا دارد؟ پیغمبر(ص ) فرمود: سوگند بدان خدائی که مرا به حق به پیامبری برانگیخت و به رسالت و نجات دادن (خلق) برگزید که ذکر نشود این خبر (و سرگذشت) ما در محفلی از محافل مردم زمین که در آن گروهی از شیعیان و دوستان ما باشند جز آنکه نازل شود بر ایشان رحمت (حق) و فرا گیرند ایشان را فرشتگان و برای آنها آمرزش خواهند تا آنگاه که از دور هم پراکنده شوند، علی (که این فضیلت را شنید) فرمود: با این ترتیب به خدا سوگند ما رستگار شدیم و سوگند به پروردگار کعبه که شیعیان ما نیز رستگار شدند.",
            "11": "دوباره پیغمبر فرمود: ای علی سوگند بدانکه مرا بحق به نبوت برانگیخت و به رسالت و نجات دادن (خلق) برگزید ذکر نشود این خبر (و سرگذشت) ما در محفلی از محافل مردم زمین که در آن گروهی از شیعیان و دوستان ما باشند و در میان آنها اندوهناکی باشد جز آنکه خدا اندوهش را برطرف کند و نه غمناکی جز آنکه خدا غمش را بگشاید و نه حاجت\u200Cخواهی باشد جز آنکه خدا حاجتش را برآورد، علی گفت: بدین ترتیب به خدا سوگند ما کامیاب و سعادتمند شدیم و هم\u200Cچنین سوگند به پروردگار کعبه که شیعیان ما نیز رستگار شدند. "
        },
        "tozih": {
            "1": "خواص خواندن حدیث کساء:\n حدیث کساء حدیثی قدسی و در فضیلت پیامبراکرم (صلی الله علیه و آله)، امام علی (علیه السلام)، حضرت فاطمه(سلام الله علیها) و امامان حسن (علیه السلام) و حسین(علیه السلام) است یک دوره ناب از معرفت اهل بیت(علیه السلام) و امامان را طی فرازهایی کوتاه مرور می کند و سبک زندگی مناسب شیعه را نزد رویش ترسیم می کند.\n\nفضیلت خواندن حدیث کساء:\n پیامبر خدا (ص) در مورد فضیلت تلاوت کردن حدیث کسا فرمودند:« این خبر ما در هر محفل و مجلسی از محافل اهل زمین که در آن جمعی از شیعیان و دوستداران ما هستند خوانده شود، رحمت خدا بر آنها نازل شده و ملائکه آنها را در بر گرفته و برای ایشان طلب بخشش می کنند، تا زمانیکه پراکنده شوند». در این موقع امام علی( (ع) ) فرمود: « به خدا سوگند که ما رستگار شدیم و سوگند به پرودگار کعبه شیعیان ما هم رستگارشدند». بعد پیامبراکرم(ص) فرمودند: «این خبر در هر محفلی از شیعیان که آن جا هستند یادآوری شود، و در بین آنها اندوهگینی باشد، خدا ناراحتی و غمش را بر طرف می کند و درصورتی که حاجت مندی باشد خداوند حاجتش را رفع می کند».",
            "2": "",
            "3": "",
            "4": "",
            "5": "",
            "6": "",
            "7": "",
            "8": "",
            "9": "",
            "10": "",
            "11": ""
        }
    }
}