{
    "12": {
        "number":12 ,
        "bab": 1,
        "title": "نماز نافله مغرب",
        "arabic": {
            "1": "اللّٰهُمَّ إِنِّى أَسْأَلُكَ بِوَجْهِكَ الْكَرِيمِ، وَاسْمِكَ الْعَظِيمِ، وَمُلْكِكَ الْقَدِيمِ، أَنْ تُصَلِّىَ عَلىٰ مُحَمَّدٍ وَآلِهِ، وَأَنْ تَغْفِرَ لِى ذَنْبِىَ الْعَظِيمَ، إِنَّهُ لَايَغْفِرُ الْعَظِيمَ إِلّا الْعَظِيمُ.\n",
            "2": "مَا شَاءَ اللّهُ، لا قُوَّةَ إِلّا بِاللّهِ، أَسْتَغْفِرُ اللّهَ.\n",
            "3": "",
            "4": "",
            "5": ""
        },
        "farsi": {
            "1": "خدایا از تو می\u200Cخواهم به ذات بزرگ\u200Cمنش\u200Cات و نام نیرومندت و فرمانروایی دیرینه\u200Cات که بر محمد و خاندان او درود فرستی و بیامرزی گناه بزرگ مرا، چه گناه بزرگ را جز آمرزگاری بزرگ نمی\u200Cآمرزد.\n",
            "2": "آنچه خدا بخواهد خواهد شد؛ هیچ نیرویی نیست مگر به خداوند، از خدا آمرزش می\u200Cخواهم.\n",
            "3": "",
            "4": "",
            "5": ""
        },
        "tozih": {
            "1": "نافله مغرب، دو نماز دو رکعتى است و بین آن دو نماز سخن مگو.\nشیخ فرموده: روایت شده: که در رکعت اول سوره «قُلْ یا أَیُّهَا الْکافِرُونَ» و در رکعت دوم سوره «قُلْ هُوَ اللّهُ أَحَدٌ» خوانده شود و در دو رکعت دیگر هر سوره\u200Cای را که بخواهد.\nو روایت شده: که امام هادى (علیه\u200Cالسّلام) در رکعت سوم [از آن چهار رکعت نماز نافله] سوره «حمد» و «آیات اول سوره حدید» تا «وَ هُوَ عَلیمٌ بِذاتِ الصُّدُورِ» و در رکعت چهارم «حمد» و «آیات آخر سوره حشر» از «لَوْ أَنْزَلْنا هذَا الْقُرآنَ» تا پایان سوره را می\u200Cخواند.\nو مستحب است در سجده آخر نافله\u200Cها در هر شب و به\u200Cویژه در شب جمعه، «هفت مرتبه» خوانده شود:",
            "2": "و چون نافله را به پایان رساندی، هرچه می\u200Cخواهی تعقیب بخوان و سپس «ده مرتبه» بگو:\n",
            "3": "",
            "4": "",
            "5": ""

        }
    }
}