{
    "122": {
        "number": 122,
        "bab": 1,
        "title": "دعای توسل",
        "arabic": {
            "1": "اللّٰهُمَّ إِنِّى أَسْأَلُكَ وَأَتَوَجَّهُ إِلَيْكَ بِنَبِيِّكَ نَبِيِّ الرَّحْمَةِ مُحَمَّدٍ صَلَّى اللّٰهُ عَلَيْهِ وَآلِهِ ، يَا أَبَا الْقاسِمِ ، يَا رَسُولَ اللّٰهِ ، يَا إِمامَ الرَّحْمَةِ ، يَا سَيِّدَنا وَمَوْلَانَا إِنَّا تَوَجَّهْنا وَاسْتَشْفَعْنا وَتَوَسَّلْنا بِكَ إِلَى اللّٰهِ وَقَدَّمْناكَ بَيْنَ يَدَيْ حَاجاتِنا ، يَا وَجِيهاً عِنْدَ اللّٰهِ اشْفَعْ لَنا عِنْدَ اللّٰهِ؛",
            "2": "يَا أَبَا الْحَسَنِ ، يَا أَمِيرَ الْمُؤْمِنِينَ ، يَا عَلِىَّ بْنَ أَبِى طالِبٍ ، يَا حُجَّةَ اللّٰهِ عَلىٰ خَلْقِهِ ، يَا سَيِّدَنا وَمَوْلانا إِنَّا تَوَجَّهْنا وَاسْتَشْفَعْنا وَتَوَسَّلْنا بِكَ إِلَى اللّٰهِ وَقَدَّمْناكَ بَيْنَ يَدَيْ حاجاتِنا ، يا وَجِيهاً عِنْدَ اللّٰهِ اشْفَعْ لَنا عِنْدَ اللّٰهِ؛",
            "3": "يا فاطِمَةُ الزَّهْراءُ ، يَا بِنْتَ مُحَمَّدٍ ، يَا قُرَّةَ عَيْنِ الرَّسُولِ ، يَا سَيِّدَتَنا وَمَوْلاتَنا إِنَّا تَوَجَّهْنا وَاسْتَشْفَعْنا وَتَوَسَّلْنا بِكِ إِلَى اللّٰهِ وَقَدَّمْناكِ بَيْنَ يَدَيْ حاجاتِنا ، يَا وَجِيهَةً عِنْدَ اللّٰهِ اشْفَعِي لَنا عِنْدَ اللّٰهِ؛",
            "4": "يَا أَبا مُحَمَّدٍ ، يَا حَسَنَ بْنَ عَلِيٍّ ، أَيُّهَا الْمُجْتَبىٰ ، يَا ابْنَ رَسُولِ اللّٰهِ ، يَا حُجَّةَ اللّٰهِ عَلىٰ خَلْقِهِ ، يَا سَيِّدَنا وَمَوْلانا إِنَّا تَوَجَّهْنا وَاسْتَشْفَعْنا وَتَوَسَّلْنا بِكَ إِلَى اللّٰهِ وَقَدَّمْناكَ بَيْنَ يَدَيْ حاجاتِنا ، يَا وَجِيهاً عِنْدَ اللّٰهِ اشْفَعْ لَنا عِنْدَ اللّٰهِ؛",
            "5": "يَا أَبا عَبْدِاللّٰهِ ، يَا حُسَيْنَ بْنَ عَلِيٍّ ، أَيُّهَا الشَّهِيدُ ، يَا ابْنَ رَسُولِ اللّٰهِ ، يَا حُجَّةَ اللّٰهِ عَلىٰ خَلْقِهِ ، يَا سَيِّدَنا وَمَوْلانا إِنَّا تَوَجَّهْنا وَاسْتَشْفَعْنا وَتَوَسَّلْنا بِكَ إِلَى اللّٰهِ وَقَدَّمْناكَ بَيْنَ يَدَيْ حاجاتِنا ، يَا وَجِيهاً عِنْدَ اللّٰهِ ، اشْفَعْ لَنا عِنْدَ اللّٰهِ؛",
            "6": " يا اَبَا الْحَسَنِ،  يا عَلِىَّ بْنَ الْحُسَيْنِ، يَا زَيْنَ الْعابِدِينَ ، يَا ابْنَ رَسُولِ ، اللّٰهِ يَا حُجَّةَ اللّٰهِ عَلىٰ خَلْقِهِ ، يَا سَيِّدَنا وَمَوْلانا إِنَّا تَوَجَّهْنا وَاسْتَشْفَعْنا وَتَوَسَّلْنا بِكَ إِلَى اللّٰهِ وَقَدَّمْناكَ بَيْنَ يَدَيْ حاجاتِنا ، يَا وَجِيهاً عِنْدَ اللّٰهِ اشْفَعْ لَنا عِنْدَ اللّٰهِ؛",
            "7": "يَا أَبا جَعْفَرٍ ، يَا مُحَمَّدَ بْنَ عَلِيٍّ ، أَيُّهَا الْباقِرُ ، يَا ابْنَ رَسُولِ اللّٰهِ ، يَا حُجَّةَ اللّٰهِ عَلىٰ خَلْقِهِ ، يَا سَيِّدَنا وَمَوْلانا إِنَّا تَوَجَّهْنا وَاسْتَشْفَعْنا وَتَوَسَّلْنا بِكَ إِلَى اللّٰهِ وَقَدَّمْناكَ بَيْنَ يَدَيْ حَاجَاتِنا ، يَا وَجِيهاً عِنْدَ اللّٰهِ اشْفَعْ لَنا عِنْدَ اللّٰهِ؛ ",
            "8": "يَا أَبا عَبْدِ اللّٰهِ ، يَا جَعْفَرَ بْنَ مُحَمَّدٍ ، أَيُّهَا الصَّادِقُ ، يَا ابْنَ رَسُولِ اللّٰهِ ، يَا حُجَّةَ اللّٰهِ عَلىٰ خَلْقِهِ ، يَا سَيِّدَنا وَمَوْلانَا إِنَّا تَوَجَّهْنا وَاسْتَشْفَعْنا وَتَوَسَّلْنا بِكَ إِلَى اللّٰهِ وَقَدَمْناكَ بَيْنَ يَدَيْ حاجاتِنا ، يَا وَجِيهاً عِنْدَ اللّٰهِ اشْفَعْ لَنا عِنْدَ اللّٰهِ؛",
            "9": "يَا أَبَا الْحَسَنِ ، يَا مُوسَى بْنَ جَعْفَرٍ ، أَيُّهَا الْكاظِمُ ، يَا ابْنَ رَسُولِ اللّٰهِ ، يَا حُجَّةَ اللّٰهِ عَلىٰ خَلْقِهِ ، يَا سَيِّدَنا وَمَوْلانَا إِنَّا تَوَجَّهْنا وَاسْتَشْفَعْنا وَتَوَسَّلْنا بِكَ إِلَى اللّٰهِ وَقَدَّمْناكَ بَيْنَ يَدَيْ حَاجَاتِنا ، يَا وَجِيهاً عِنْدَ اللّٰهِ اشْفَعْ لَنا عِنْدَ اللّٰهِ؛ ",
            "10": "يَا أَبَا الْحَسَنِ يَا عَلِىَّ بْنَ مُوسىٰ ، أَيُّهَا الرِّضا ، يَا ابْنَ رَسُولِ اللّٰهِ ، يَا حُجَّةَ اللّٰهِ عَلىٰ خَلْقِهِ ، يَا سَيِّدَنا وَمَوْلانا إِنَّا تَوَجَّهْنا وَاسْتَشْفَعْنا وَتَوَسَّلْنا بِكَ إِلَى اللّٰهِ وَقَدَّمْناكَ بَيْنَ يَدَيْ حَاجَاتِنا ، يَا وَجِيهاً عِنْدَ اللّٰهِ اشْفَعْ لَنا عِنْدَ اللّٰهِ؛  ",
            "11": "يَا أَبا جَعْفَرٍ يَا مُحَمَّدَ بْنَ عَلِيٍّ ، أَيُّهَا التَّقِىُّ الْجَوادُ ، يَا ابْنَ رَسُولِ اللّٰهِ ، يَا حُجَّةَ اللّٰهِ عَلىٰ خَلْقِهِ ، يَا سَيِّدَنا وَمَوْلانَا إِنَّا تَوَجَّهْنا وَاسْتَشْفَعْنا وَتَوَسَّلْنا بِكَ إِلَى اللّٰهِ وَقَدَّمْناكَ بَيْنَ يَدَيْ حَاجَاتِنا ، يَا وَجِيهاً عِنْدَ اللّٰهِ اشْفَعْ لَنا عِنْدَ اللّٰهِ؛ ",
            "12": "يَا أَبَا الْحَسَنِ ، يَا عَلِىَّ بْنَ مُحَمَّدٍ ، أَيُّهَا الْهادِى النَّقِىُّ ، يَا ابْنَ رَسُولِ اللّٰهِ ، يَا حُجَّةَ اللّٰهِ عَلىٰ خَلْقِهِ ، يَا سَيِّدَنا وَمَوْلانا إِنَّا تَوَجَّهْنا وَاسْتَشْفَعْنا وَتَوَسَّلْنا بِكَ إِلَى اللّٰهِ وَقَدَّمْناكَ بَيْنَ يَدَيْ حاجاتِنا ، يَا وَجِيهاً عِنْدَ اللّٰهِ اشْفَعْ لَنا عِنْدَ اللّٰهِ؛",
            "13": "يَا أَبا مُحَمَّدٍ ، يَا حَسَنَ بْنَ عَلِيٍّ أَيُّهَا الزَّكِىُّ الْعَسْكَرِىُّ  ، يَا ابْنَ رَسُولِ اللّٰهِ ، يَا حُجَّةَ اللّٰهِ عَلىٰ خَلْقِهِ ، يَا سَيِّدَنا وَمَوْلانا إِنَّا تَوَجَّهْنا وَاسْتَشْفَعْنا وَتَوَسَّلْنا بِكَ إِلَى اللّٰهِ وَقَدَّمْناكَ بَيْنَ يَدَيْ حاجاتِنا ، يَا وَجِيهاً عِنْدَ اللّٰهِ اشْفَعْ لَنا عِنْدَ اللّٰهِ؛",
            "14": "يَا وَصِىَّ الْحَسَنِ ، وَالْخَلَفُ الْحُجَّةُ ، أَيُّهَا الْقائِمُ الْمُنْتَظَرُ الْمَهْدِىُّ ، يَا ابْنَ رَسُولِ اللّٰهِ ، يَا حُجَّةَ اللّٰهِ عَلىٰ خَلْقِهِ ، يَا سَيِّدَنا وَمَوْلانا إِنَّا تَوَجَّهْنا وَاسْتَشْفَعْنا وَتَوَسَّلْنا بِكَ إِلَى اللّٰهِ وَقَدَّمْناكَ بَيْنَ يَدَيْ حاجاتِنا ، يَا وَجِيهاً عِنْدَ اللّٰهِ اشْفَعْ لَنا عِنْدَ اللّٰهِ.",
            "15": "يَا سادَتِى وَمَوالِىَّ ، إِنِّى تَوَجَّهْتُ بِكُمْ أَئِمَّتِى وَعُدَّتِى لِيَوْمِ فَقْرِى وَحاجَتِى إِلَى اللّٰهِ ، وَتَوَسَّلْتُ بِكُمْ إِلَى اللّٰهِ ، وَاسْتَشْفَعْتُ بِكُمْ إِلَى اللّٰهِ ، فَاشْفَعُوا لِى عِنْدَ اللّٰهِ ، وَاسْتَنْقِذُونِى مِنْ ذُنُوبِى عِنْدَ اللّٰهِ ، فَإِنَّكُمْ وَسِيلَتِى إِلَى اللّٰهِ ، وَبِحُبِّكُمْ وَبِقُرْبِكُمْ أَرْجُو نَجاةً مِنَ اللّٰهِ ، فَكُونُوا عِنْدَ اللّٰهِ رَجائِى ، يَا سادَتِى يَا أَوْلِياءَ اللّٰهِ ، صَلَّى اللّٰهُ عَلَيْهِمْ أَجْمَعِينَ ، وَلَعَنَ اللّٰهُ أَعْداءَ اللّٰهِ ظالِمِيهِمْ مِنَ الْأَوَّلِينَ وَالْآخِرِينَ ، آمِينَ رَبَّ الْعالَمِينَ."
        },
        "farsi": {
            "1": "خدایا از تو درخواست دارم و به‌سویت روی آوردم به وسیله پیامبرت، پیامبر رحمت محمّد (درود خدا بر او و خاندانش) ای ابا القاسم، ای فرستاده خدا، ای پیشوای رحمت، ای آقا و مولای ما، به تو رو آوردیم و تو را واسطه قرار دادیم و به‌سوی خدا تو را وسیله ساختیم و تو را پیش روی حاجاتمان نهادیم، ای آبرومند نزد خدا، برای ما نزد خدا شفاعت کن؛ ",
            "2": " ای ابا الحسن، ای امیرالمؤمنین، ای علی بن ابیطالب، ای حجّت خدا بر بندگان، ای آقا و مولای ما، به تو روی آوردیم و تو را واسطه قرار دادیم و به‌سوی خدا به تو توسّل جستیم و تو را پیش روی حاجاتمان نهادیم، ای آبرومند نزد خدا، برای ما نزد خدا شفاعت کن؛ ",
            "3": " ای فاطمه زهرا، ای دختر دلبند محمّد، ای نور چشم رسول خدا، ای سرور و بانوی ما، به تو روی آوردیم و تو را واسطه قرار دادیم و به‌سوی خدا به تو توسّل جستیم و تو را پیش روی حاجاتمان نهادیم، ای آبرومند نزد خدا، برای ما نزد خدا شفاعت کن؛ ",
            "4": " ای ابا محمّد، ای حسن بن علی‌، ای برگزیده‌، ای فرزند فرستاده خدا، ای حجّت خدا بر بندگان، ای آقا و مولای ما، به تو روی آوردیم و تو را واسطه قرار دادیم و به‌سوی خدا به تو توسّل جستیم و تو را پیش روی حاجاتمان نهادیم، ای آبرومند نزد خدا، برای ما نزد خدا شفاعت کن؛",
            "5": " ای ابا عبدالله، ای حسین بن علی، ای شهید، ای فرزند فرستاده خدا، ای حجّت خدا بر بندگان، ای آقا و مولای ما، به تو روی آوردیم و تو را واسطه قرار دادیم و به‌سوی خدا به تو توسّل جستیم و تو را پیش روی حاجاتمان نهادیم، ای آبرومند نزد خدا، برای ما نزد خدا شفاعت کن؛",
            "6": " ای ابا الحسن، ای علی بن الحسین، ای زین‌العابدین، ای فرزند فرستاده خدا، ای حجّت خدا بر بندگان، ای آقا و مولای ما، به تو روی آوردیم و تو را واسطه قرار دادیم و به‌سوی خدا به تو توسّل جستیم و تو را پیش روی حاجاتمان نهادیم، ای آبرومند نزد خدا، برای ما نزد خدا شفاعت کن؛ ",
            "7": " ای ابا جعفر، ای محمّد بن علی، ای باقر، ای فرزند فرستاده خدا، ای حجّت خدا بر بندگان، ای آقا و مولای ما، به تو روی آوردیم و تو را واسطه قرار دادیم و به‌سوی خدا به تو توسّل جستیم و تو را پیش روی حاجاتمان نهادیم، ای آبرومند نزد خدا، برای ما نزد خدا شفاعت کن؛ ",
            "8": "  ای اباعبدالله، ای جعفر بن محمّد، ای صادق، ای فرزند رسول خدا، ای حجّت خدا بر بندگان، ای آقا و مولای ما، به تو روی آوردیم و تو را واسطه قرار دادیم و به‌سوی خدا به تو توسّل جستیم و تو را پیش روی حاجاتمان نهادیم، ای آبرومند نزد خدا، برای ما نزد خدا شفاعت کن؛  ",
            "9": " ای ابا الحسن، ای موسی بن جعفر، ای کاظم، ای فرزند فرستاده خدا، ای حجّت خدا بر بندگان، ای آقا و مولای ما، به تو روی آوردیم و تو را واسطه قرار دادیم و به‌سوی خدا به تو توسّل جستیم و تو را پیش روی حاجاتمان نهادیم، ای آبرومند نزد خدا، برای ما نزد خدا شفاعت کن؛ ",
            "10": "ای ابا الحسن، ای علی بن موسی، ای رضا، ای فرزند فرستاده خدا، ای حجّت خدا بر بندگان، ای آقا و مولای ما، به تو روی آوردیم و تو را واسطه قرار دادیم و به‌سوی خدا به تو توسّل جستیم و تو را پیش روی حاجاتمان نهادیم، ای آبرومند نزد خدا، برای ما نزد خدا شفاعت کن؛ ",
            "11": " ای ابا جعفر، ای محمّد بن علی‌، ای تقی جواد، ای فرزند فرستاده خدا، ای حجّت خدا بر بندگان، ای آقا و مولای ما، به تو روی آوردیم و تو را واسطه قرار دادیم و به‌سوی خدا به تو توسّل جستیم و تو را پیش روی حاجاتمان نهادیم، ای آبرومند نزد خدا، برای ما نزد خدا شفاعت کن؛ ",
            "12": " ای ابا الحسن، ای علی بن محمّد، ای هادی نقی، ای فرزند فرستاده خدا، ای حجّت خدا بر بندگان، ای آقا و مولای ما، به تو روی آوردیم و تو را واسطه قرار دادیم و به‌سوی خدا به تو توسّل جستیم و تو را پیش روی حاجاتمان نهادیم، ای آبرومند نزد خدا، برای ما نزد خدا شفاعت کن؛ ",
            "13": " ای ابا محمّد، ای حسن بن علی، ای پاک‌نهاد عسگری، ای فرزند فرستاده خدا، ای حجّت خدا بر بندگان، ای آقا و مولای ما، به تو روی آوردیم و تو را واسطه قرار دادیم و به‌سوی خدا به تو توسّل جستیم و تو را پیش روی حاجاتمان نهادیم، ای آبرومند نزد خدا، برای ما نزد خدا شفاعت کن؛ ",
            "14": " ای جانشین حسن، ای یادگار شایسته، ای پایدار مورد امید، ای مهدی‌، ای فرزند فرستاده خدا، ای حجّت خدا بر بندگان، ای آقا و مولای ما، به تو روی آوردیم و تو را واسطه قرار دادیم و به‌سوی خدا به تو توسّل جستیم و تو را پیش روی حاجاتمان نهادیم، ای آبرومند نزد خدا، برای ما نزد خدا شفاعت کن. ",
            "15": " ای آقایان و سرورانم، من به شما پیشوایان و توشه‌هایم برای روز تنگدستی روی آوردم و نیازم به‌سوی خداست و توسّل جستم به‌سوی خدا، پس در نزد خدا واسطه من شوید و مرا پیش خدا از گناهانم رهایی بخشید که تنها شما وسیله من به‌جانب خدا هستید، من با دوستی با شما و نزدیک شدن به شما امیدوار نجات از جانب خدا هستم، پس نزد خدا امید من باشید، ای آقایان من و دوستداران خدا، خدایا بر همه آنان درود فرست و لعنت خدا بر دشمنان خدا، آن ستمگران به محمّد و خاندان محمّد، از پیشینیان و پسینیان، دعایم را اجابت کن ای پروردگار جهانیان. "
        },
        "tozih": {
            "1": "علاّمه مجلسی فرموده است: در بعضی از کتاب‌های معتبر از محمّد بن بابویه نقل کرده‌اند که این دعا را از امامان(علیهم‌السلام) روایت کرده و گفته است: در هیچ امری آن را نخواندم مگر آنکه به زودی اثر اجابت آن را یافتم؛\nو دعا این است: ",
            "2": "",
            "3": "",
            "4": "",
            "5": "",
            "6": "",
            "7": "",
            "8": "",
            "9": "",
            "10": "",
            "11": "",
            "12": "",
            "13": "",
            "14": "",
            "15": "پس از خواندن دعا، حاجات خود را بخواهد که به خواست خدا برآورده می‌شود؛\n\nو در روایت دیگری وارد شده است که بعد از خواندن دعا چنین گوید: ",
            "16": "مؤلف گوید: شیخ کفعمی در کتاب «بلدالامین» دعای مفصلی موسوم به دعای فرج نقل کرده که این دعای توسّل در ضمن آن آمده است و به گمان من «دوازده امام» خواجه‌نصیرالدین طوسی همین دعای توسّل است که آن را با صلوات بر حجّت‌های پاک الهی ترکیب کرده‌اند و مجموعه آن در یک خطبه بلیغ و رسا جا گرفته است و کفعمی آن را در بخش‌های آخر کتاب «مصباح» ذکر کرده است. "
        }
    }
}