{
    "123": {
        "number": 123,
        "bab": 1,
        "title": "دعای توسل دیگر",
        "arabic": {
            "1": "اللّٰهُمَّ صَلِّ عَلىٰ مُحَمَّدٍ وَعَلَى ابْنَتِهِ وَعَلَى ابْنَيْها وَأَسْأَلُكَ بِهِمْ أَنْ تُعِينَنِى عَلَىٰ طاعَتِكَ وَرِضْوانِكَ ، وَأَنْ تُبَلِّغَنِى بِهِمْ أَفْضَلَ ما بَلَّغْتَ أَحَداً مِنْ أَوْلِيائِكَ ، إِنَّكَ جَوادٌ كَرِيم .",
            "2": " اللّٰهُمَّ إِنِّى أَسْأَلُكَ بِحَقِّ أَمِيرِالْمُؤْمِنِينَ عَلِيِّ بْنِ أَبِى طالِبٍ عَلَيْهِ السَّلامُ إِلّا انْتَقَمْتَ بِهِ مِمَّنْ ظَلَمَنِى وَغَشَمَنِى وَآذانِى وَانْطَوىٰ عَلىٰ ذٰلِكَ ، وَكَفَيْتَنِى بِهِ مَؤُونَةَ كُلِّ أَحَدٍ يَا أَرْحَمَ الرَّاحِمِينَ؛",
            "3": "اللّٰهُمَّ إِنِّى أَسْأَلُكَ بِحَقِّ وَ لِيِّكَ عَلِيِّ بْنِ الْحُسَيْنِ عَلَيْهِ السَّلامُ إِلّا كَفَيْتَنِي بِهِ مَؤُونَةَ كُلِّ شَيْطانٍ مَرِيدٍ وَسُلْطانٍ عَنِيدٍ يَتَقَوَّىٰ عَلَىَّ بِبَطْشِهِ ، وَيَنْتَصِرُ عَلَىَّ بِجُنْدِهِ ، إِنَّكَ جَوادٌ كَرِيمٌ ، يَا وَهَّابُ؛",
            "4": "اللّٰهُمَّ إِنِّى أَسْأَلُكَ بِحَقِّ وَلِيَّيْكَ مُحَمَّدِ بْنِ عَلِيٍّ وَجَعْفَرِ بْنِ مُحَمَّدٍ عَلَيْهِمَا السَّلامُ إِلّا أَعَنْتَنِى بِهِما عَلىٰ أَمْرِ آخِرَتِى بِطاعَتِكَ وَرِضْوانِكَ وَبَلَّغْتَنِى بِهِما ما يُرْضِيكَ ، إِنَّكَ فَعَّالٌ لِما تُرِيدُ؛",
            "5": "اللّٰهُمَّ إِنِّى أَسْأَلُكَ بِحَقِّ وَلِيِّكَ مُوسَى بْنِ جَعْفَرٍ عَلَيْهِ السَّلامُ إِلّا عافَيْتَنِى بِهِ فِى جَمِيعِ جَوارِحِى مَا ظَهَرَ مِنْها وَما بَطَنَ ، يَا جَوادُ يَا كَرِيمُ؛",
            "6": "اللّٰهُمَّ إِنِّى أَسْأَلُكَ بِحَقِّ وَلِيِّكَ الرِّضا عَلِيِّ بْنِ مُوسىٰ عَلَيْهِ السَّلامُ إِلّا سَلَّمْتَنِي بِهِ فِي جَمِيعِ أَسْفارِي فىِ الْبَرارِى وَالْبِحارِ وَالْجِبالِ وَالْقِفارِ وَالْأَوْدِيَةِ وَالْغِياضِ  مِنْ جَمِيعِ ما أَخافُهُ وَأَحْذَرُهُ ، إِنَّكَ رَؤُوفٌ رَحِيمٌ؛ ",
            "7": "اللّٰهُمَّ إِنِّى أَسْأَلُكَ بِحَقِّ وَلِيِّكَ مُحَمَّدِ بْنِ عَلِيٍّ عَلَيْهِ السَّلامُ إِلّا جُدْتَ بِهِ عَلَىَّ مِنْ فَضْلِكَ ، وَتَفَضَّلْتَ بِهِ عَلَىَّ مِنْ وُسْعِكَ ، وَوَسَّعْتَ عَلَىَّ رِزْقَكَ ، وَأَغْنَيْتَنِى عَمَّنْ سِواكَ ، وَجَعَلْتَ حاجَتِى إِلَيْكَ ، وَقَضاها عَلَيْكَ ، إِنَّكَ لِمَا تَشاءُ قَدِيرٌ؛",
            "8": "اللّٰهُمَّ إِنِّى أَسْأَلُكَ بِحَقِّ وَلِيِّكَ عَلِيِّ بْنِ مُحَمَّدٍ عَلَيْهِمَا السَّلامُ إِلّا أَعَنْتَنِي بِهِ عَلىٰ تَأْدِيَةِ فُرُوضِكَ ، وَبِرِّ إِخْوانِىَ الْمُؤْمِنِينَ ، وَسَهِّلْ ذٰلِكَ لِى وَاقْرُنْهُ بِالْخَيْرِ ، وَأَعِنِّى عَلَىٰ طاعَتِكَ بِفَضْلِكَ يَا رَحِيمُ؛ ",
            "9": "اللّٰهُمَّ إِنِّى أَسْأَلُكَ بِحَقِّ وَلِيِّكَ الْحَسَنِ بْنِ عَلِيٍّ عَلَيْهِمَا السَّلامُ إِلّا أَعَنْتَنِى بِهِ عَلىٰ أَمْرِ آخِرَتِى بِطاعَتِكَ وَرِضْوانِكَ ، وَسَرَرْتَنِى فِى مُنْقَلَبِى وَمَثْواىَ بِرَحْمَتِكَ يَا أَرْحَمَ الرَّاحِمِينَ؛",
            "10": "اللّٰهُمَّ إِنِّى أَسْأَلُكَ بِحَقِّ وَلِيِّكَ وَحُجَّتِكَ صاحِبِ الزَّمانِ عَلَيْهِ السَّلامُ إِلّا أَعَنْتَنِى بِهِ عَلَىٰ جَمِيعِ أُمُورِى ، وَكَفَيْتَنِى بِهِ مَؤُونَةَ كُلِّ مُؤْذٍ وَطاغٍ وَباغٍ ، وَأَعَنْتَنِى بِهِ فَقَدْ بَلَغَ مَجْهُودِى ، وَكَفَيْتَنِى بِهِ كُلَّ عَدُوٍّ وَهَمٍّ وَغَمٍّ وَدَيْنٍ وَعَنِّى وَعَنْ وُلْدِى وَجَمِيعِ أَهْلِى وَ إِخْوانِى وَمَنْ يَعْنِينِى أَمْرُهُ وَخاصَّتِى ، آمِينَ رَبَّ الْعالَمِينَ."
        },
        "farsi": {
            "1": "خدایا بر محمّد و دخترش و دو پسر او درود فرست و به حق آنان از تو می‌خواهم که مرا بر طاعت خویش و جلب خشنودی خود کمک کنی و مرا به وسیله آنان به برترین مقامی که اولیائت را رساندی برسانی، به یقین تو بخشنده بزرگواری.  ",
            "2": "خدایا! از تو درخواست می‌کنم به حق امیرالمؤمنین علی بن ابیطالب (درود خدا بر او) که انتقام بگیری از کسی که به من ظلم و ستم و آزار روا داشته و در حالی‌که چنین نقشه‌هایی بر زیان من است و به حق او مرا از گزند هر بدخواهی کفایت نمایی، ای مهربان‌ترین مهربانان؛ ",
            "3": "خدایا! از تو درخواست می‌کنم به حق ولیت علی بن الحسین (درود خدا بر او) که مرا کفایت کنی از شرّ هر شیطان عصیانگر و هر پادشاه ستیزه‌جویی که با یورش سختش بر زیان من نیرو گیرد و به یاری سپاهش بر ضدّ من یاری جوید همانا تو بخشنده بزرگواری، ای عطابخش؛ ",
            "4": " خدایا! از تو درخواست می‌کنم به حقّ دو ولیت محمّد بن علی و جعفر بن محمّد (درود خدا بر آنان) که مرا به وسیله آن دو بزرگوار به طاعت و جلب رضایت خود در امر آخرتم کمک کنی و به وسیله آنان مرا به آنچه تو را خشنود می‌کند برسانی، به یقین تو هر کاری را که بخواهی انجام می‌دهی؛ ",
            "5": " خدایا! از تو درخواست می‌کنم به حق ولیت موسی بن جعفر (درود خدا بر او) که در همه اعضایم، چه ظاهری و چه باطنی، به من سلامت کامل عنایت کنی، ای بخشنده بزرگوار؛ ",
            "6": "  خدایا! از تو درخواست می‌کنم به حقّ ولیت رضا، علی بن موسی (درود خدا بر او) که مرا در همه مسافرت‌هایم در خشکی‌ها و دریاها و کوه‌ها و بیابان‌های خشک و درّه‌ها و بیشه‌ها از آنچه می‌ترسم و پرهیز دارم در امان بداری، همانا تو مهربان و مهرورزی؛",
            "7": " خدایا! از تو درخواست می‌کنم به حق ولیت محمّد بن علی (درود خدا بر او) که بر من از فضلت ببخشی و از فراخی عنایتت تفضّل فرمایی و بر من فراوان سازی روزی‌ات را و از غیر خودت مرا بی‌نیاز گردانی و حاجتم را در بارگاه خود قرار دهی و برآوردنش را به عهده خود گذاری، همانا تو بر آنچه بخواهی توانایی؛ ",
            "8": "  خدایا! من از تو درخواست می‌کنم به حق ولیت علی بن محمّد (درود خدا بر آنان) که مرا بر ادای واجباتت و نیکی به برادران ایمانی‌ام کمک نمایی و این امور را بر من آسان گردانی و انجام آن‌ها را قرین خیر و خوبی فرمایی و مرا به فضل خویش بر طاعتت کمک کنی‌، ای مهربان؛",
            "9": "خدایا! از تو درخواست می‌کنم به حق ولیت حسن بن علی (درود خدا بر آنان) که مرا مدد رسانی به طاعت و جلب خشنودی‌ات بر امر آخرتم و مرا در گردشگاه و اقامتگاهم دلشاد کنی، به مهربانی‌ات ای مهربان‌ترین مهربانان؛",
            "10": " خدایا! از تو درخواست می‌کنم به حق ولی و حجّتت صاحب زمان (درود خدا بر او) که مرا در تمام امور مدد رسانی و از گزند هر مردم‌آزار و طغیانگر و متجاوز کفایت کنی و به وسیله آن حضرت مرا پشتیبانی نمایی که طاقتم به سر آمده و هم کفایت کنی مرا به وسیله او از هر دشمنی که دارم و از اندوه و غم و بدهکاری و از خود و فرزندانم و همه اهل و برادرانم و هرکه کارش با من است و نیز خاصانم، آمین ای پروردگار جهانیان. "
        },
        "tozih": {
            "1": " سید علی خان در کتاب «کلم طیب» از کتاب «قبس المصباح» شیخ صَهرَشتی دعای توسّل دیگری را نقل کرده به شرحی که مقام را گنجایش ذکر آن شرح نیست؛\n\nو آن دعا این است: ",
            "2": "",
            "3": "",
            "4": "",
            "5": "",
            "6": "",
            "7": "",
            "8": "",
            "9": "",
            "10": ""
        }
    }
}