{
    "127": {
        "number": 127,
        "bab": 1,
        "title": "حرز حضرت سجاد، امام زین ‌العابدین(ع)  ",
        "arabic": {
            "1": " بِسْمِ اللَّهِ الرَّحْمَنِ الرَّحِيمِ\nيَا أَسْمَعَ السَّامِعِينَ ، يَا أَبْصَرَ النَّاظِرِينَ ، يَا أَسْرَعَ الْحاسِبِينَ ، يَا أَحْكَمَ الْحاكِمِينَ، يَا خالِقَ الْمَخْلُوقِينَ ، يَا رازِقَ الْمَرْزُوقِينَ ، يَا ناصِرَ الْمَنْصُورِينَ، يَا أَرْحَمَ الرَّاحِمِينَ، يَا دَلِيلَ الْمُتَحَيِّرِينَ ، يَا غِياثَ الْمُسْتَغِيثِينَ ، أَغِثْنِى يَا مالِكَ يَوْمِ الدِّينِ ، إِيَّاكَ نَعْبُدُ وَ إِيَّاكَ نَسْتَعِينُ ، ",
            "2": " يَا صَرِيخَ الْمَكْرُوبِينَ ، يَا مُجِيبَ دَعْوَةِ الْمُضْطَرِّينَ ، أَنْتَ اللّٰهُ رَبُّ الْعالَمِينَ ، أَنْتَ اللّٰهُ لَاإِلٰهَ إِلّا أَنْتَ الْمَلِكُ الْحَقُّ الْمُبِينُ ، الْكِبْرِياءُ رِداؤُكَ . ",
            "3": " اللّٰهُمَّ صَلِّ عَلىٰ مُحَمَّدٍ الْمُصْطَفىٰ ، وَعَلىٰ عَلِيٍّ الْمُرْتَضىٰ ، وَفاطِمَةَ الزَّهْراءِ ، وَخَدِيجَةَ الْكُبْرىٰ ، وَالْحَسَنِ الْمُجْتَبىٰ ، وَالْحُسَيْنِ الشَّهِيدِ بِكَرْبَلاءَ؛ وَعَلِيِّ بْنِ الْحُسَيْنِ زَيْنِ الْعابِدِينَ ، وَمُحَمَّدِ بْنِ عَلِيٍّ الْباقِرِ ، وَجَعْفَرِ بْنِ مُحَمَّدٍ الصَّادِقِ، وَمُوسَى بْنِ جَعْفَرٍ الْكَاظِمِ ، وَعَلِيِّ بْنِ مُوسَى الرِّضا ، وَمُحَمَّدِ بْنِ عَلِيٍّ التَّقِيِّ ، وَعَلِيِّ بْنِ مُحَمَّدٍ النَّقِيِّ ، وَالْحَسَنِ بْنِ عَلِيٍّ الْعَسْكَرِيِّ ، وَالْحُجَّةِ الْقائِمِ الْمَهْدِيِّ الْإِمامِ المُنْتَظَرِ صَلَواتُ اللّٰهِ عَلَيْهِمْ أَجْمَعِينَ . ",
            "4": " اللّٰهُمَّ والِ مَنْ وَالاهُمْ ، وَعادِ مَنْ عادَاهُمْ ، وَانْصُرْ مَنْ نَصَرَهُمْ ، وَاخْذُلْ مَنْ خَذَلَهُمْ، وَالْعَنْ مَنْ ظَلَمَهُمْ ، وَعَجِّلْ فَرَجَ آلِ مُحَمَّدٍ ، وَانْصُرْ شِيعَةَ آلِ مُحَمَّدٍ وَأَهْلِكْ أَعْدٰاءَ آلِ مُحَمَّدٍ ، وَارْزُقْنِى رُؤْيَةَ قائِمِ آلِ مُحَمَّدٍ ، وَاجْعَلْنِى مِنْ أَتْباعِهِ وَأَشْياعِهِ وَالرَّاضِينَ بِفِعْلِهِ ، بِرَحْمَتِكَ يَا أَرْحَمَ الرَّاحِمِينَ. "
        },
        "farsi": {
            "1": "به نام خدا که رحمتش بسیار و مهربانی‌اش همیشگی است؛ ای شنواترین شنوایان، ای بیناترین بینایان، ای چابک‌ترین حسابرسان، ای داورترین داوران، ای آفریننده آفریدگان، ای روزی دهنده روزی‌مندان، ای یاور یاری‌شدگان، ای مهربان‌ترین مهربانان، ای راهنمای سرگردانان، ای فریادرس دادجویان، به دادم برس، ای مالک روز جزا، تنها تو را می‌پرستم و از تو یاری می‌جویم،",
            "2": " ای فریادرس غم‌زدگان، ای اجابت کننده دعای درماندگان، تویی خدا، پروردگار جهانیان، تویی خدا، معبودی جز تو نیست، فرمانروای مطلق، حق آشکار، بزرگ‌منشی جامه برازنده تو است.",
            "3": " خدایا درود فرست بر محمّد برگزیده و علی پسندیده و فاطمه زهرا و خدیجه کبری و حسن مجتبی و حسین شهید در کربلا؛ و علی بن الحسین زینت عبادت‌کنندگان و محمّد بن علی باقر و جعفر بن محمّد صادق و موسی بن جعفر کاظم و علی بن موسی الرضا و محمّد بن علی تقی و علی بن محمّد نقی و حسن بن علی عسگری و حجّت قائم امام مهدی مورد انتظار، درود خدا بر همه آنان. ",
            "4": " خدایا دوست بدار آن‌که آنان را دوست دارد و دشمن بدار آن‌که آنان را دشمن بدارد و یاری ده آن‌که آنان را یاری رساند و خوار کن آن‌که آنان را خوار خواهد و لعنت فرست بر آن‌که به آنان ستم ورزید و در فرج خاندان محمّد شتاب فرما و پیروان خاندان محمّد را یاری کن و دیدار قائم خاندان محمّد را روزی‌ام گردان و مرا از پیروان و شیعیان او و خرسندان به کار او قرار ده، به مهرت ای مهرورز ترین مهرورزان. "
        },
        "tozih": {
            "1": " سید ابن طاووس در دو موضع از کتاب «مهج الدعوات» این حرز شریف را از حضرت سجّاد(علیه‌السلام) روایت کرده است: ",
            "2": "",
            "3": "",
            "4": ""
        }
    }
}