{
    "128": {
        "number": 128,
        "bab": 1,
        "title": "دعای مقاتل بن سلیمان",
        "arabic": {
            "1": " إِلٰهِى كَيْفَ أَدْعُوكَ وَأَنَا أَنَا ؟ وَكَيْفَ أَقْطَعُ رَجائِى مِنْكَ وَأَنْتَ أَنْتَ ؟ إِلٰهِى إِذا لَمْ أَسْأَلْكَ فَتُعْطِيَنِى ، فَمَنْ ذَا الَّذِى أَسْأَلُهُ فَيُعْطِينِى ؟ إِلٰهِى إِذا لَمْ أَدْعُوكَ فَتَسْتَجِيبَ لِى ، فَمَنْ ذَا الَّذِى أَدْعُوهُ فَيَسْتَجِيبُ لِى ؟ إِلٰهِى إِذا لَمْ أَتَضَرَّعْ إِلَيْكَ فَتَرْحَمَنِى ، فَمَنْ ذَا الَّذِى أَتَضَرَّعُ إِلَيْهِ فَيَرْحَمُنِى ؟ ",
            "2": " إِلٰهِى فَكَما فَلَقْتَ الْبَحْرَ لِمُوسىٰ عَلَيْهِ السَّلامُ وَنَجَّيْتَهُ ، أَسْأَلُكَ أَنْ تُصَلِّىَ عَلىٰ مُحَمَّدٍ وَآلِهِ وَأَنْ تُنَجِّيَنِى مِمَّا أَنَا فِيهِ وَتُفَرِّجَ عَنِّى فَرَجاً عاجِلاً غَيْرَ آجِلٍ ، بِفَضْلِكَ وَرَحْمَتِكَ يَا أَرْحَمَ الرَّاحِمِينَ. "
        },
        "farsi": {
            "1": "خدایا چگونه تو را بخوانم و حال آنکه من منم و چگونه امیدم را از تو قطع کنم و حال آنکه تو تویی؟ خدایا! آنگاه که از تو نخواهم که به من عطا کنی پس کیست که از او درخواست عطا کنم؟ خدایا! آنگاه که تو را نخوانم تا مرا اجابت کنی، پس کیست که او را بخوانم تا اجابتم کند؟ خدایا! آنگاه که به‌سوی تو زاری نکنم تا به من مهرآوری، پس کیست که به‌جانب او زاری کنم تا به من مهر آورد،",
            "2": " خدایا! چنان‌که دریا را برای موسی (درود خدا بر او) شکافتی و نجاتش دادی، از تو درخواست می‌کنم بر محمّد و خاندانش درود فرستی و از آنچه در آن گرفتارم مرا رهایی بخشی و بر من گشایش دهی گشایشی فوری نه دیر، به فضل و مهربانی‌ات، ای مهربان‌ترین مهربانان. "
        },
        "tozih": {
            "1": "شیخ کفعمی در کتاب «بلدالامین» از حضرت زین‌العابدین(علیه‌السلام) دعایی نقل کرده و فرموده: این دعا را مقاتل بن سلیمان از آن حضرت روایت کرده و گفته: هرکه این دعا را «صد مرتبه» بخواند و دعایش اجابت نشود پس مقاتل را لعنت کند؛\n\nو آن دعا این است: ",
            "2": ""
        }
    }
}