{
    "139": {
        "number": 139,
        "bab": 1,
        "title": "مناجات دوم: راز و نیاز شکایت کنندگان / مناجات شاكين ",
        "arabic": {
            "1": "بِسْمِ اللَّهِ الرَّحْمَنِ الرَّحِيمِ\n",
            "2": "إِلٰهِى إِلَيْكَ أَشْكُو نَفْساً بِالسُّوءِ أَمَّارَةً، وَ إِلَى الْخَطِيئَةِ مُبادِرَةً، وَبِمَعاصِيكَ مُولَعَةً، وَ لِسَخَطِكَ مُتَعَرِّضَةً، تَسْلُكُ بِى مَسالِكَ الْمَهَالِكِ، وَتَجْعَلُنِى عِنْدَكَ أَهْوَنَ هَالِكٍ، كَثِيرَةَ الْعِلَلِ، طَوِيلَةَ الْأَمَلِ، إِنْ مَسَّهَا الشَّرُّ تَجْزَعُ، وَ إِنْ مَسَّهَا الْخَيْرُ تَمْنَعُ، مَيَّالَةً إِلَى اللَّعِْبِ وَاللَّهْوِ، مَمْلُوَّةً بِالْغَفْلَةِ وَالسَّهْوِ، تُسْرِعُ بِى إِلى الْحَوْبَةِ ، وَتُسَوِّفُنِى بِالتَّوْبَةِ .\n",
            "3": "الِٰهِى أَشْكُو إِلَيْكَ عَدُوّاً يُضِلُّنِى، وَشَيْطاناً يُغْوِينِى، قَدْ مَلَأَ بِالْوَسْواسِ صَدْرِى، وَأَحاطَتْ هَواجِسُه بِقَلْبِى، يُعاضِدُ لِىَ الْهَوىٰ، وَيُزَيِّنُ لِى حُبَّ الدُّنْيا، وَيَحُولُ بَيْنِى وَبَيْنَ الطَّاعَةِ وَالزُّلْفىٰ؛\n",
            "4": "إِلٰهِى إِلَيْكَ أَشْكُو قَلْباً قاسِياً مَعَ الْوَسْواسِ مُتَقَلِّباً، وَبِالرَّيْنِ وَالطَّبْعِ مُتَلَبِّساً، وَعَيْناً عَنِ الْبُكاءِ مِنْ خَوْفِكَ جامِدَةً، وَ إِلىٰ ما تَسُرُّها طامِحَةً .\n",
            "5": "إِلٰهِى لَاحَوْلَ لِى وَلَا قُوَّةَ إِلّا بِقُدْرَتِكَ، وَلَا نَجاةَ لِى مِنْ مَكارِهِ الدُّنْيا إِلّا بِعِصْمَتِكَ، فَأَسْأَلُكَ بِبَلاغَةِ حِكْمَتِكَ، وَنَفاذِ مَشِيئَتِكَ، أَنْ لَاتَجْعَلَنِى لِغَيْرِ جُودِكَ مُتَعَرِّضاً، وَلَا تُصَيِّرَنِى لِلْفِتَنِ غَرَضاً، وَكُنْ لِى عَلَى الْأَعْداءِ ناصِراً، وَعَلَى الْمَخازِى وَالْعُيُوبِ ساتِراً، وَمِنَ الْبَلاءِ واقِياً، وَعَنِ الْمَعاصِى عاصِماً، بِرَأْفَتِكَ وَرَحْمَتِكَ يَا أَرْحَمَ الرَّاحِمِينَ.\n",
            "6": "",
            "7": "",
            "8": "",
            "9": "",
            "10": "",
            "11": "",
            "12": ""
        },
        "farsi": {
            "1": "به نام خدا که رحمتش بسیار و مهربانی\u200Cاش همیشگی است؛\n",
            "2": "معبودم، از نفسی که فراوان به بدی فرمان می\u200Cدهد به تو شکایت می\u200Cکنم، همان نفسی که شتابنده به\u200Cسوی خطا و آزمند به انجام گناهان و در معرض خشم توست، نفسی که مرا به راه هلاکت می\u200Cکشاند و هستی\u200Cام را نزد تو از پست\u200Cترین تباه\u200Cشدگان قرار می\u200Cدهد، بیماری\u200Cهایش بسیار، آرزویش دراز است، اگر گزندی به او رسد بی\u200Cتابی می\u200Cکند و اگر خیری به او رسد از انفاقش دریغ می\u200Cورزد، به بازی و هوسرانی میل بسیار دارد، از غفلت و اشتباه آکنده است، مرا به\u200Cسرعت به\u200Cجانب گناه می\u200Cراند و با من در توبه و ندامت امروز و فردا می\u200Cکند،\n",
            "3": "معبودم، از دشمنی که گمراهم می\u200Cکند و از شیطانی که به بی\u200Cراهه\u200Cام می\u200Cبرد به تو شکایت می\u200Cکنم، شیطانی که سینه\u200Cام را از وسوسه انباشته و زمزمه\u200Cهای خطرناکش قلبم را فرا گرفته است، شیطانی که با هوا و هوس به من کمک می\u200Cکند و عشق به دنیا را در دیدگانم نیکو و آراسته جلوه می\u200Cدهد و بین من و بندگی و مقام قرب پرده می\u200Cافکند؛\n",
            "4": "معبودم، از دل همچون سنگی که با وسوسه زیرورو می\u200Cشود و به آلودگی گناه و سیاهی نافرمانی آلوده شده به تو شکایت می\u200Cکنم؛ معبودم، از چشمی که از گریه ناشی از هراس تو خشک شده و در عوض به مناظری که خوش\u200Cآیند آن است خیره گشته به تو گلایه می\u200Cکنم،\n",
            "5": "خدایا توان و نیرویی برای من جز به قدرت تو نیست، راه نجاتی از گرفتاری\u200Cهای دنیا جز حفظ و نگهداری تو برایم نمی\u200Cباشد، از تو می\u200Cخواهم به رسایی حکمتت و نفوذ اراده\u200Cات که مرا جز جود و بخشندگی\u200Cات در معرض چیزی قرار ندهی و هدف فتنه\u200Cها نگردانی و بر ضد دشمنانم یاور باشی و پرده\u200Cپوش رسوایی\u200Cها و عیوبم گردی و از بلا نگهدار و از گناهان بازدارنده\u200Cام باشی، به مهر و رحمتت ای مهربان\u200Cترین مهربانان.\n",
            "6": "",
            "7": "",
            "8": "",
            "9": "",
            "10": "",
            "11": "",
            "12": ""
        },
        "tozih": {
            "1": "المناجات الثانية مناجاة الشاكين "
        }
    }
}