{
    "140": {
        "number": 140,
        "bab": 1,
        "title": "مناجات سوم: راز و نیاز ترسیدگان / مناجات خائفين ",
        "arabic": {
            "1": "بِسْمِ اللَّهِ الرَّحْمَنِ الرَّحِيمِ\n",
            "2": "إِلٰهِى أَتَراكَ بَعْدَ الْإِيمانِ بِكَ تُعَذِّبُنِى ؟ أَمْ بَعْدَ حُبِّى إِيَّاكَ تُبَعِّدُنِى ؟ أَمْ مَعَ رَجائِى لِرَحْمَتِكَ وَصَفْحِكَ تَحْرِمُنِى ؟ أَمْ مَعَ اسْتِجارَتِى بِعَفْوِكَ تُسْلِمُنِى ؟ حَاشَا لِوَجْهِكَ الْكَرِيمِ أَنْ تُخَيِّبَنِى .\n",
            "3": "لَيْتَ شِعْرِى أَلِلشَّقاءِ وَلَدَتْنِى أُمِّى؟ أَمْ لِلْعَناءِ رَبَّتْنِى ؟ فَلَيْتَها لَمْ تَلِدْنِى، وَلَمْ تُرَبِّنِى، وَلَيْتَنِى عَلِمْتُ أَمِنْ أَهْلِ السَّعادَةِ جَعَلْتَنِى، وَبِقُرْبِكَ وَجِوارِكَ خَصَصْتَنِى، فَتَقَِرَّ بِذٰلِكَ عَيْنِى، وَتَطْمَئِنَّ لَهُ نَفْسِى .\n",
            "4": "إِلٰهِى هَلْ تُسَوِّدُ وُجُوهاً خَرَّتْ ساجِدَةً لِعَظَمَتِكَ ؟ أَوْ تُخْرِسُ أَلْسِنَةً نَطَقَتْ بِالثَّناءِ عَلىٰ مَجْدِكَ وَجَلالَتِكَ ؟ أَوْ تَطْبَعُ عَلىٰ قُلُوبٍ انْطَوَتْ عَلىٰ مَحَبَّتِكَ ؟ أَوْ تُصِمُّ أَسْماعاً تَلَذَّذَتْ بِسَماعِ ذِكْرِكَ فِى إِرادَتِكَ؛\n",
            "5": "أَوْ تَغُلُّ أَكُفّاً رَفَعَتْهَا الْآمالُ إِلَيْكَ رَجاءَ رَأْفَتِكَ ؟ أَوْ تُعاقِبُ أَبْداناً عَمِلَتْ بِطاعَتِكَ حَتَّىٰ نَحِلَتْ فِى مُجاهَدَتِكَ ؟ أَوْ تُعَذِّبُ أَرْجُلاً سَعَتْ فِى عِبادَتِكَ ؟ إِلٰهِى لَاتُغْلِقْ عَلىٰ مُوَحِّدِيكَ أَبْوابَ رَحْمَتِكَ، وَلَا تَحْجُبْ مُشْتاقِيكَ عَنِ النَّظَرِ إِلىٰ جَمِيلِ رُؤْيَتِكَ .\n",
            "6": "إِلٰهِى نَفْسٌ أَعْزَزْتَها بِتَوْحِيدِكَ كَيْفَ تُذِلُّها بِمَهانَةِ هِجْرانِكَ ؟ وَضَمِيرٌ انْعَقَدَ عَلىٰ مَوَدَّتِكَ كَيْفَ تُحْرِقُهُ بِحَرارَةِ نِيرانِكَ ؟ إِلٰهِى أَجِرْنِى مِنْ أَلِيمِ غَضَبِكَ، وَعَظِيمِ سَخَطِكَ، يَا حَنَّانُ يَا مَنَّانُ، يَا رَحِيمُ يَا رَحْمانُ، يَا جَبَّارُ يَا قَهَّارُ، يَا غَفَّارُ يَا سَتَّارُ، نَجِّنِى بِرَحْمَتِكَ مِنْ عَذابِ النَّارِ، وَفَضِيحَةِ الْعارِ، إِذَا امْتازَ الْأَخْيارُ مِنَ الْأَشْرارِ، وَحَالَتِ الْأَحْوالُ وَهَالَتِ الْأَهْوالُ، و قَرُبَ الْمُحْسِنُونَ وَبَعُدَ الْمُسِيئُونَ، ﴿وَ وُفِّيَتْ كُلُّ نَفْسٍ ما كَسَبَتْ وَهُمْ لَايُظْلَمُونَ﴾.\n"
        },
        "farsi": {
            "1": "به نام خدا که رحمتش بسیار و مهربانی\u200Cاش همیشگی است؛\n",
            "2": "معبودم، آیا چنین می\u200Cنمایی که پس از ایمانم به تو، عذابم کنی؟ یا پس از عشقم به تو، از خود دورم سازی؟ یا با امید به رحمت و چشم\u200Cپوشی\u200Cات محرومم نمایی؟ یا با پناه جویی\u200Cام به گذشتت رهایم کنی؟ هرگز چنین نیست! از ذات بزرگوار و مهمان\u200Cنوازت به دور است که محرومم کنی،\n",
            "3": "ای کاش می\u200Cدانستم که آیا مادرم مرا برای بدبختی به دنیا آورده، یا برای رنج کشیدن و زحمت پرورانده است؟ اگر چنین است کاش مرا نزاده و نپرورانده بود و ای کاش آگاه بودم که آیا مرا از اهل سعادت قرار داده و به قرب و جوارت اختصاص داده\u200Cای تا به این سبب چشمم روشن و جانم آرام گیرد؟\n",
            "4": "معبودم، آیا چهره\u200Cهایی که در برابر عظمتت سجده\u200Cکنان به خاک افتاده سیاه می\u200Cکنی؟ یا زبان\u200Cهایی را که برای بزرگی و شکوهت به ستایش گویا شده ناگویا می\u200Cنمایی؟ یا بر دل\u200Cهایی که به محبتت پیچیده شده مُهر می\u200Cزنی؟ یا گوش\u200Cهایی را که از شنیدن ذکرت در راه رضایت لذّت برده؟ ناشنوا می\u200Cکنی؟\n",
            "5": "یا دست\u200Cهایی را که به امید آرزوهای مهرورزی\u200Cات، به سویت بلند کرده به زنجیر می\u200Cبندی؟ یا بدن\u200Cهایی را که در طاعتت کوشیده تا جایی که در راه کوشش در بندگی\u200Cات لاغر شده، مجازات می\u200Cکنی؟ یا پاهایی را که در راه عبادتت پوییده، به عذاب دچار می\u200Cنمایی؟ معبودم، درهای رحمتت را بر یکتاپرستان مبند و شیفتگانت را از نگاه به زیبایی دیدارت محروم مساز،\n",
            "6": "معبودم، جانی را که به توحیدت عزّت بخشیدی، چگونه به خواری هجرانت خوار می\u200Cکنی و باطنی که بر دوستی\u200Cات پیمان بسته، چگونه به سوز آتشت می\u200Cسوزانی؟ معبودم، از دردناکی خشمت و بزرگی ناخشنودی\u200Cات پناهم ده، ای پرمهر، ای بسیار احسان\u200Cکننده، ای مهربان، ای بخشاینده، ای توانا، ای چیره، ای آمرزنده، ای پرده\u200Cپوش، به مهرت مرا از شکنجه آتش و رسوایی ننگ، رهایی\u200Cبخش، آنگاه که نیکان از بدان جدا شوند و حالت\u200Cها دگرگون گردد و هراسنده\u200Cها بهراسند و نیکوکاران به خوشبختی نزدیک شوند و بدکاران از آن دور گردند و به هرکس آنچه را که [از خوب و بد] انجام داده به\u200Cطور کامل [به\u200Cصورت بهشت اَبدی یا دوزخ همیشگی] خواهند داد و [در پاداش و عقاب] مورد ستم قرار نمی\u200Cگیرند\u200C.\n"

        },
        "tozih": {
            "1": "المناجاة الثالثة:مناجات الخائفين"
        }
    }
}