{
    "143": {
        "number": 143,
        "bab": 1,
        "title": "مناجات ششم: راز و نیاز سپاس گزاران و شاکران / مناجات شاكرين ",
        "arabic": {
            "1": "بِسْمِ اللَّهِ الرَّحْمَنِ الرَّحِيمِ\n",
            "2": "إِلٰهِى أَذْهَلَنِى عَنْ إِقامَةِ شُكْرِكَ تَتابُعُ طَوْلِكَ، وَأَعْجَزَنِى عَنْ إِحْصاءِ ثَنائِكَ فَيْضُ فَضْلِكَ، وَشَغَلَنِى عَنْ ذِكْرِ مَحامِدِكَ تَرادُفُ عَوائِدِكَ، وَأَعْيانِى عَنْ نَشْرِ عَوارِفِكَ تَوَالِى أَيادِيكَ، وَهٰذا مَقامُ مَنِ اعْتَرَفَ بِسُبُوغِ النَّعْماءِ وَقابَلَها بِالتَّقْصِيرِ، وَشَهِدَ عَلىٰ نَفْسِهِ بِالْإِهْمالِ وَالتَّضْيِيعِ، وَأَنْتَ الرَّؤُوفُ الرَّحِيمُ الْبَرُّ الْكَرِيمُ، الَّذِى لَايُخَيِّبُ قاصِدِيهِ، وَلَا يَطْرُدُ عَنْ فِنائِهِ آمِلِيهِ، بِساحَتِكَ تَحُطُّ رِحالُ الرَّاجِينَ، وَبِعَرْصَتِكَ تَقِفُ آمالُ الْمُسْتَرْفِدِينَ، فَلَاٰ تُقابِلْ آمالَنا بِالتَّخْيِيبِ وَالْإِيآسِ، وَلَا تُلْبِسْنا سِرْبالَ الْقُنُوطِ وَالْإِ بْلاسِ؛\n",
            "3": "إِلٰهِى تَصَاغَرَ عِنْدَ تَعاظُمِ آلائِكَ شُكْرِى، وَتَضَاءَلَ فِى جَنْبِ إِكْرامِكَ إِيَّاىَ ثَنائِى وَنَشْرِى، جَلَّلَتْنِى نِعَمُكَ مِنْ أَنْوارِ الْإِيمانِ حُلَلاً، وَضَرَبَتْ عَلَىَّ لَطائِفُ بِرِّكَ مِنَ الْعِزِّ كِلَلاً، وَقَلَّدَتْنِى مِنَنُكَ قَلائِدَ لَاتُحَلُّ، وَطَوَّقَتْنِى أَطْواقاً لَاتُفَلُّ، فَآلاؤُكَ جَمَّةٌ ضَعُفَ لِسانِى عَنْ إِحْصَائِها، وَنَعْماؤُكَ كَثِيرَةٌ قَصُرَ فَهْمِى عَنْ إِدْراكِها فَضْلاً عَنِ اسْتِقْصَائِها؛ فَكَيْفَ لِى بِتَحْصِيلِ الشُّكْرِ وَشُكْرِى إِيَّاكَ يَفْتَقِرُ إِلىٰ شُكْرٍ ؟ فَكُلَّما قُلْتُ لَكَ الْحَمْدُ وَجَبَ عَلَىَّ لِذٰلِكَ أَنْ أَقُولَ لَكَ الْحَمْدُ .\n",
            "4": "إِلٰهِى فَكَما غَذَّيْتَنا بِلُطْفِكَ، وَرَبَّيْتَنا بِصُنْعِكَ، فَتَمِّمْ عَلَيْنا سَوَابِغَ النِّعَمِ، وَادْفَعْ عَنَّا مَكارِهَ النِّقَمِ، وَآتِنا مِنْ حُظُوظِ الدَّارَيْنِ أَرْفَعَها وَأَجَلَّها عاجِلاً وَآجِلاً، وَلَكَ الْحَمْدُ عَلىٰ حُسْنِ بَلائِكَ، وَسُبُوغِ نَعْمَائِكَ، حَمْداً يُوافِقُ رِضَاكَ، وَيَمْتَرِى الْعَظِيمَ مِنْ بِرِّكَ وَنَدَاكَ، يَا عَظِيمُ يَا كَرِيمُ، بِرَحْمَتِكَ يَا أَرْحَمَ الرَّاحِمِينَ.\n",
            "5": "",
            "6": "",
            "7": "",
            "8": "",
            "9": "",
            "10": "",
            "11": "",
            "12": ""
        },
        "farsi": {
            "1": "به نام خدا که رحمتش بسیار و مهربانی\u200Cاش همیشگی است؛\n",
            "2": "معبودم، پیاپی آمدن نیکی و محبّتت، برپاداشتن سپاست را از یاد من برد و فراوانی بخششت، مرا از شمارش ستایشت درمانده ساخت و در پی هم آمدن احسانت، مرا از یاد اوصاف نیکت بازداشت و پشت هم رسیدن نعمت\u200Cهایت مرا از گسترش خوبی\u200Cهایت درمانده کرد، این است جایگاه آن\u200Cکه به فراوانی نعمت\u200Cهای تو در برابر آن به کوتاهی خود اقرار دارد و به زیان خود به سستی در بندگی و هدر دادن نعمت\u200Cها گواهی می\u200Cدهد و تویی نیک\u200Cخو و مهرورز، مهربان، نیکوکار، مهمان\u200Cنواز که خواهنده\u200Cاش را محروم نمی\u200Cکند و آرزومندش را از درگاهش نمی\u200Cراند، به آستانت فرود می\u200Cآید، بار امیدواران و در درگاه رحمت تو می\u200Cایستد، آرزوهای عطاخواهان، پس آرزوهایمان را با محرومیت و ناامیدی روبرو مکن و جامه ناامیدی و دوری از رحمت را بر ما مپوشان؛\n",
            "3": "معبودم، در برابر بزرگی نعمت\u200Cهایت، سپاسم کوچک است و در کنار اکرامت بر من، ستایش و گزارشم از آن، خود را پست و ناچیز نشان می\u200Cدهد، نعمت\u200Cهایت از انوار ایمان، زینت\u200Cهایی به من پوشاند و لطایف نیکی\u200Cات خیمه\u200Cهایی از عزت بالای سرم افراشت و عطاهایت گردنبندهای زیبنده\u200Cای به گردنم افکند که هرگز باز نشود و طوق\u200Cهایی بر من آویخت که به هیچ روی گسسته نگردد، عطاهای انبوهت زبانم را از شمردنش ناتوان ساخته و نعمت\u200Cهای فراوانت فهمم را از دریافتشان کوتاه کرده تا چه رسد به بررسی کامل آن\u200Cها؛ سپاسگزاری\u200Cات چگونه برای من امکان\u200Cپذیر است درحالی\u200Cکه سپاسم نسبت به تو خود نیازمند سپاسی دیگر است، پس هر نوبت که گفتم تو را سپاس، بر من واجب شد که به خاطر آن باز بگویم تو را سپاس،\n",
            "4": "معبودم، همان\u200Cگونه که ما را به لطفت تغذیه کردی و با احسانت پروریدی، پس نعمت\u200Cهای سرشارت را بر ما به انجام رسان و ناگواری\u200Cهای ناخوشایند را از ما دور کن و از بهره\u200Cهای هر دو جهان بالاتر و برترش را چه الان و چه در آینده به ما عطا کن، تو را سپاس بر خوبی آزمونت و بر نعمت\u200Cهای سرشارت، سپاسی که درخور خشنودی\u200Cات باشد و خیر وجودت را به\u200Cسوی ما جلب کند، ای بزرگ، ای مهمان\u200Cنواز، به مهربانی\u200Cات ای مهربان\u200Cترین مهربانان.\n",
            "5": "",
            "6": "",
            "7": "",
            "8": "",
            "9": "",
            "10": "",
            "11": "",
            "12": ""

        },
        "tozih": {
            "1": "المناجاة السادسة:مناجاة الشاكرين"
        }
    }
}