{
    "144": {
        "number": 144,
        "bab": 1,
        "title": "مناجات هفتم: راز و نیاز فرمانبران و اهل اطاعت خدا / مناجات مطيعين لله ",
        "arabic": {
            "1": "بِسْمِ اللَّهِ الرَّحْمَنِ الرَّحِيمِ\n",
            "2": "اللّٰهُمَّ أَلْهِمْنا طَاعَتَكَ، وَجَنِّبْنا مَعْصِيَتَكَ، وَيَسِّرْ لَنا بُلُوغَ مَا نَتَمَنَّىٰ مِنِ ابْتِغاءِ رِضْوانِكَ، وَأَحْلِلْنا بُحْبُوحَةَ جِنانِكَ، وَاقْشَعْ عَنْ بَصائِرِنا سَحابَ الارْتِيابِ، وَاكْشِفْ عَنْ قُلُوبِنا أَغْشِيَةَ الْمِرْيَةِ وَالْحِجابِ، وَأَزْهِقِ الْباطِلَ عَنْ ضَمائِرِنا، وَأَثْبِتِ الْحَقَّ فِى سَرائِرِنا، فَإِنَّ الشُّكُوكَ وَالظُّنُونَ لَواقِحُ الْفِتَنِ، وَمُكَدِّرَةٌ لِصَفْوِ الْمَنائِحِ وَالْمِنَنِ .\n",
            "3": "اللّٰهُمَّ احْمِلْنا فِى سُفُنِ نَجاتِكَ، وَمَتِّعْنا بِلَذِيذِ مُنَاجَاتِكَ، وَأَوْرِدْنا حِيَاضَ حُبِّكَ؛ وَأَذِقْنا حَلاوَةَ وُدِّكَ وَقُرْبِكَ، وَاجْعَلْ جِهادَنا فِيكَ، وَهَمَّنا فِى طَاعَتِكَ، وَأَخْلِصْ نِيَّاتِنا فِى مُعامَلَتِكَ، فَإِنَّا بِكَ وَلَكَ وَلَا وَسِيلَةَ لَنا إِلَيْكَ إِلّا أَنْتَ .\n",
            "4": "إِلٰهِى اجْعَلْنِى مِنَ الْمُصْطَفَيْنَ الْأَخْيارِ، وَأَلْحِقْنِى بِالصَّالِحِينَ الْأَبْرارِ، السَّابِقِينَ إِلَى الْمَكْرُماتِ، الْمُسارِعِينَ إِلَى الْخَيْراتِ، الْعامِلِينَ لِلْباقِياتِ الصَّالِحاتِ، السَّاعِينَ إِلَىٰ رَفِيعِ الدَّرَجاتِ، إِنَّكَ عَلَىٰ كُلِّ شَىْءٍ قَدِيرٌ، وَبِالْإِجابَةِ جَدِيرٌ، بِرَحْمَتِكَ يَا أَرْحَمَ الرَّاحِمِينَ.\n",
            "5": "",
            "6": "",
            "7": "",
            "8": "",
            "9": "",
            "10": "",
            "11": "",
            "12": ""
        },
        "farsi": {
            "1": "به نام خدا که رحمتش بسیار و مهربانی\u200Cاش همیشگی است؛\n",
            "2": "خدایا، فرمانبری\u200Cات را به ما الهام فرما و ما را از نافرمانیت دور کن و راه رسیدن به آنچه از خشنودی\u200Cات آرزومندیم آسان کن و ما را در میان بهشت\u200Cهایت جای ده و از برابر دیدگان دل\u200Cهایمان، ابرهای شک و دودلی را بزدای و از قلوبمان پرده\u200Cهای تردید و کوردلی را کنار زن و از نهادمان باطل را نابود کن و حق را در درون ما استوار گردان، زیرا شک\u200Cها و گمان\u200Cها، بارور کننده\u200Cی آشوب\u200Cها و تیره کننده\u200Cی عطاها و بخشش\u200Cهای زلال و بی\u200Cآلایش\u200Cاند،\n",
            "3": "خدایا ما را بر کشتی\u200Cهای نجاتت سوار کن و از لذّت راز و نیازت بهره\u200Cمند گردان و به حوض\u200Cهای دوستی\u200Cات وارد کن؛ و شیرینی محبّت و مقام قربت را به ما بچشان، کوششمان را در راهت و همّتمان را در طاعتت قرار ده و نیّت\u200Cهایمان را در معامله با خود خالص گردان، چراکه ما با تو و از توییم و برای ما وسیله\u200Cای جز به\u200Cسوی تو نیست،\n",
            "4": "معبودم، مرا از گزیدگان بندگان خوبت قرار ده و به شایستگان نیکوکار ملحق کن، هم آنان\u200Cکه به کار نیک و جوانمردی پیشی گرفتند و به\u200Cسوی خیرات شتافتند و برای کارهای خداپسند ماندگار تلاش کردند و برای رسیدن به درجات بلند کوشش نمودند، همانا تو بر هر چیز توانایی و به اجابت دعا سزاواری، به مهربانی\u200Cات ای مهربان\u200Cترین مهربانان.\n",
            "5": "",
            "6": "",
            "7": "",
            "8": "",
            "9": "",
            "10": "",
            "11": "",
            "12": ""

        },
        "tozih": {
            "1": "المناجاة السابعة:مناجاة المطيعين لله"
        }
    }}
