{
    "152": {
        "number": 152,
        "bab": 1,
        "title": "مناجات پانزدهم: راز و نیاز پارسایان /  مناجات زاهدين ",
        "arabic": {
                "1": "بِسْمِ اللَّهِ الرَّحْمَنِ الرَّحِيمِ\n",
                "2": "إِلٰهِى أَسْكَنْتَنا داراً حَفَرَتْ لَنا حُفَرَ مَكْرِها، وَعَلَّقَتْنا بِأَيْدِى الْمَنايا فِى حَبَائِلِ غَدْرِها، فَإِلَيْكَ نَلْتَجِئُ مِنْ مَكَائِدِ خُدَعِها، وَبِكَ نَعْتَصِمُ مِنَ الاغْتِرارِ بِزَخَارِفِ زِينَتِها، فَإِنَّهَا الْمُهْلِكَةُ طُلَّابَهَا، الْمُتْلِفَةُ حُلَّالَهَا، الْمَحْشُوَّةُ بِالْآفاتِ، الْمَشْحُونَةُ بِالنَّكَبَاتِ .\n",
                "3": "إِلٰهِى فَزَهِّدْنا فِيها، وَسَلِّمْنا مِنْها بِتَوْفِيقِكَ وَعِصْمَتِكَ، وَانْزَعْ عَنَّا جَلابِيبَ مُخالَفَتِكَ، وَتَوَلَّ أُمُورَنا بِحُسْنِ كِفايَتِكَ؛ وَأَوْفِرْ مَزِيدَنا مِنْ سَعَةِ رَحْمَتِكَ، وَأَجْمِلْ صِلاتِنا مِنْ فَيْضِ مَواهِبِكَ، وَاغْرِسْ فِى أَفْئِدَتِنا أَشْجارَ مَحَبَّتِكَ، وَأَتْمِمْ لَنا أَنْوارَ مَعْرِفَتِكَ، وَأَذِقْنا حَلاوَةَ عَفْوِكَ وَلَذَّةَ مَغْفِرَتِكَ، وَأَقْرِرْ أَعْيُنَنا يَوْمَ لِقائِكَ بِرُؤْيَتِكَ، وَأَخْرِجْ حُبَّ الدُّنْيا مِنْ قُلُوبِنا كَما فَعَلْتَ بِالصَّالِحِينَ مِنْ صَفْوَتِكَ وَالْأَبْرارِ مِنْ خَاصَّتِكَ، بِرَحْمَتِكَ يَا أَرْحَمَ الرَّاحِمِينَ، وَيَا أَكْرَمَ الْأَكْرَمِينَ.\n",
                "4": "",
                "5": "",
                "6": "",
                "7": "",
                "8": "",
                "9": "",
                "10": "",
                "11": "",
                "12": ""
            },
            "farsi": {
                "1": "به نام خدا که رحمتش بسیار و مهربانی\u200Cاش همیشگی است؛\n",
                "2": "معبودم، ما را در خانه\u200Cای ساکن کرده\u200Cای که گودال\u200Cهای فریبش را برای ما آماده ساخته و در شبکه\u200Cهای خیانتش به دست\u200Cهای مرگ آویخته، از دام\u200Cهای فریبش به تو پناه می\u200Cآوریم و چنگ می\u200Cزنیم از مغرور شدن به زیورهای آراسته\u200Cاش به عنایت تو که این دنیا خواهندگانش را هلاک می\u200Cسازد و واردینش را نابود می\u200Cکند، آکنده به آفت\u200Cهاست، انباشته از نکبت\u200Cهاست،\n",
                "3": "خدایا ما را به دنیا بی\u200Cرغبت کن و به توفیق و عصمتت ما را از آن سلامت بدار و جامه\u200Cهای مخالفت را از هستی\u200Cمان برکن و با حسن کفایتت امور ما را سرپرستی فرما؛ و فزونی سهم ما را از رحمت گسترده\u200Cات کامل گردان و از چشمه\u200Cسار مواهبت عطای ما را نیکو کن و در سرزمین دل\u200Cهای ما درختان محبتت را بکار و انوار معرفتت را بر ما کامل کن و شیرینی گذشت و لذّت آمرزشت را به ما بچشان و دیدگان ما را در جهان دیگر به دیدارت روشن کن و محبّت دنیا را از دل ما بیرون بر، آن\u200Cگونه که درباره نیکوکاران برگزیده\u200Cات و خاصان نیکوکردارت انجام دادی، به\u200Cحق مهربانی\u200Cات ای مهربان\u200Cترین مهربانان و ای گرامی\u200Cترین گرامیان.\n",
                "4": "",
                "5": "",
                "6": "",
                "7": "",
                "8": "",
                "9": "",
                "10": "",
                "11": "",
                "12": ""

            },
        "tozih": {
            "1": "المناجاة الخامسة عشرة:مناجاة الزّاهدين"
        }
    }
}