{
    "22": {
        "number": 22,
        "bab": 1,
        "title": "دعای حاجت بعد از نماز صبح ",
        "arabic": {
            "1": "بِسْمِ اللّٰهِ وَصَلَّى اللّٰهُ عَلى مُحَمَّدٍ وَآلِهِ، ﴿وَأُفَوِّضُ أَمْرِى إِلَى اللّٰهِ إِنَّ اللّٰهَ بَصِيرٌ بِالْعِبادِ، فَوَقَاهُ اللّٰهُ سَيِّئاتِ مَا مَكَرُوا﴾، ﴿لَاإِلٰهَ إِلّا أَنْتَ سُبْحانَكَ إِنِّى كُنْتُ مِنَ الظَّالِمِينَ، فَاسْتَجَبْنَا لَهُ وَ نَجَّيْناهُ مِنَ الْغَمِّ وَكَذَلِكَ نُنْجِى الْمُؤْمِنِينَ﴾. ﴿حَسْبُنَا اللّٰهُ وَنِعْمَ الْوَكيلُ، فَانْقَلَبُوا بِنِعْمةٍ مِنَ اللّٰهِ وَفَضْلٍ لَمْ يَمْسَسْهُمْ سُوءٌ﴾، مَا شَاءَ اللّٰهُ لَا حَوْلَ وَلَا قُوَّةَ إِلّا بِاللّٰهِ، مَا شَاءَ اللّٰهُ لَامَا شَاءَ النَّاسُ؛\n",
            "2": "مَا شَاءَ اللّٰهُ وَإِنْ كَرِهَ النَّاسُ، حَسْبِىَ الرَّبُّ مِنَ الْمَرْبُوبِينَ، حَسْبِىَ الْخالِقُ مِنَ الْمَخْلُوقِينَ، حَسْبِىَ الرَّازِقُ مِنَ الْمَرْزُوقِينَ، حَسْبِىَ اللّٰهُ رَبُّ الْعالَمِينَ، حَسْبِى مَنْ هُوَ حَسْبِى، حَسْبِى مَنْ لَمْ يَزَلْ حَسْبِى، حَسْبِى مَنْ كَانَ مُذْ كُنْتُ لَمْ يَزَلْ حَسْبِى، حَسْبِىَ اللّٰهُ، لَاإِلٰهَ إِلّا هُوَ، عَلَيْهِ تَوَكَّلْتُ، وَهُوَ رَبُّ الْعَرْشِ الْعَظِيمِ.\n"

        },
        "farsi": {
            "1": "به نام خدا، درود خدا بر محمد و خاندانش، «من کارم را به خداوند وامی گذارم؛ زیرا خداوند به بندگان بیناست؛ پس [در نتیجۀ واگذاری کارش به خداوند] خداوند او را از نقشه های شوم آنان [که می خواستند بر ضد وی به کار گیرند] حفظ کرد»، «معبودی جز تو نیست، تو [از هر عیب و نقصی] منزّهی، همانا من [به سبب کناره گیری از قومم بدون اِذن تو،] از ستمکاران بر خود هستم؛ پس دعایش را مستجاب کردیم و از اندوه نجاتش دادیم و مؤمنان را این گونه نجات می دهیم»، «خداوند برای ما بس است و او نیکو کارسازی است؛ [آنان بدون توجه به سخنان منافقان و عوامل نفوذی در جنگ «حَمراءُ الاَسَد» شرکت کردند]، پس با نعمت و احسانی بزرگ از سوی خدا [از جبهۀ جنگ] بازگشتند درحالی که هیچ آسیبی به آنان نرسیده بود» آنچه خدا بخواهد همان می\u200Cشود، هیچ نیرو و توانی نیست جز به خدای [بلندمرتبه بزرگ]؛ آنچه خدا بخواهد آن می\u200Cشود نه آنچه مردمان بخواهند؛\n",
            "2": "آنچه خدا بخواهد خواهد شد گرچه مردمان خوش ندارند، کفایت می\u200Cکند پروردگار مرا از یاری پروردگان، آفریدگار مرا از کمک آفریده\u200Cها، روزی دهنده مرا از لطف روزی\u200Cخواران، خدای یکتا پروردگار جهانیان کفایتم می\u200Cکند، مرا بس است آن\u200Cکه به\u200Cحقیقت مرا بس است، مرا بس است آن\u200Cکه همواره مرا بس است، مرا بس است آن\u200Cکه همواره از آنگاه\u200Cکه بوده\u200Cام مرا بس بوده است، مرا بس است خدایی که معبودی جز او نیست، بر او توکل نمودم و اوست پروردگار عرش بزرگ.\n"

        },
        "tozih": {
            "1": "شیخ ابن فَهد در کتاب «عدّة الدّاعی» از امام رضا(علیه\u200Cالسلام) روایت کرده: هرکس پس از نماز صبح این کلمات را بر زبان جاری کند، حاجتی نخواهد مگر آنکه برایش فراهم شود و خداوند آنچه برای او اهمیت دارد برایش آماده سازد و آن کلمات این است:\n",

            "2": ""

        }
    }
}