{
    "29": {
        "number": 29,
        "bab": 1,
        "title": "دعای روز یک‌شنبه",
        "arabic": {
            "1": " بِسْمِ اللّهِ الرَّحْمنِ الرَّحِيمِ، بِسْمِ اللّٰهِ الَّذِى لَاأَرْجُو إِلّا فَضْلَهُ ، وَلَا أَخْشىٰ إِلّا عَدْلَهُ ، وَلَا أَعْتَمِدُ إِلّا قَوْلَهُ ، وَلَا أُمْسِكُ  إِلّا بِحَبْلِهِ ، بِكَ أَسْتَجِيرُ يَا ذَا الْعَفْوِ وَالرِّضْوانِ مِنَ الظُّلْمِ وَالْعُدْوانِ ، وَمِنْ غِيَرِ الزَّمانِ ، وَتَواتُرِ الْأَحْزانِ ، وَطَوارِقِ الْحَدَثانِ ، وَمِنِ انْقِضَاءِ الْمُدَّةِ قَبْلَ التَّأَهُّبِ وَالْعُدَّةِ ، وَ إِيَّاكَ أَسْتَرْشِدُ لِمَا فِيهِ الصَّلَاحُ وَالْإِصْلاحُ ، وَبِكَ أَسْتَعِينُ فِيَما يَقْتَرِنُ بِهِ النَّجَاحُ وَ الإِنْجَاحُ ، وَ إِيَّاكَ أَرْغَبُ فِى لِبَاسِ الْعافِيَةِ وَتَمامِها وَ شُمُولِ السَّلَامَةِ وَدَوامِهَا ، وَأَعُوذُ بِكَ يَا رَبِّ مِنْ هَمَزاتِ الشَّيَاطِينِ ، وَ أَحْتَرِزُ بِسُلْطانِكَ مِنْ جَوْرِ السَّلَاطِينِ؛ ",
            "2": "فَتَقَبَّلْ مَا كَانَ مِنْ صَلَاتِى وَصَوْمِى ، وَاجْعَلْ غَدِى وَمَا بَعْدَهُ أَفْضَلَ مِنْ سَاعَتِى وَيَوْمِى ، وَأَعِزَّنِى فِى عَشِيرَتِى وَقَوْمِى ، وَاحْفَظْنِى فِى يَقْظَتِى وَنَوْمِى ، فَأَنْتَ اللّٰهُ خَيْرٌ حَافِظاً ، وَأَنْتَ أَرْحَمُ الرَّاحِمِينَ ، اللّٰهُمَّ إِنِّى أَبْرَأُ إِلَيْكَ فِى يَوْمِى هٰذَا وَمَا بَعْدَهُ مِنَ الْآحادِ ، مِنَ الشِّرْكِ وَالْإِلْحَادِ ، وَأُخْلِصُ لَكَ دُعَائِى تَعَرُّضاً لِلْإِجَابَةِ ، وَأُقِيمُ عَلَىٰ طَاعَتِكَ رَجَاءً لِلْإِثَابَةِ ، فَصَلِّ عَلَىٰ مُحَمَّدٍ خَيْرِ خَلْقِكَ ، الدَّاعِى إِلَىٰ حَقِّكَ ، وَأَعِزَّنِى بِعِزِّكَ الَّذِى لَايُضَامُ ، وَاحْفَظْنِى بِعَيْنِكَ الَّتِى لَاتَنَامُ ، وَاخْتِمْ بِالانْقِطَاعِ إِلَيْكَ أَمْرِى، وَبِالْمَغْفِرَةِ عُمْرِى ، إِنَّكَ أَنْتَ الْغَفُورُ الرَّحِيمُ."
        },
        "farsi": {
            "1": "به نام خدا که رحتمش بسیار و مهربانی‌اش همیشگی است، به نام خدایی که جز به فضل و بخشش او امید نبستم و جز از عدالت او نهراسم و جز به سخن او اعتماد نمی‌کنم و جز به ریسمانش چنگ نزنم، تنها به تو پناه می‌آورم ای خدای بخشایشگر مهربان از ستم و دشمنی و مصائب روزگار و اندوه‌های پیاپی و پیش‌آمدهای ناگوار دوران و از گذشت عمر پیش از مهیا شدن و توشه برداشتن و تنها از تو راهنمایی می‌جویم به‌سوی آنچه خیر و صلاح من در آن است و فقط از تو یاری می‌خواهم در آنچه پیروزی و رستگاری با آن همراه است و در پوشیدن لباس عافیت و کمال آن و فراگیری سلامتی و دوام آن تنها به تو دل می‌بندم و به تو پناه می‌آورم ای پروردگار من از وسوسه‌های شیاطین و به یاری سلطنت تو دوری می‌جویم از ستم پادشاهان، ",
            "2": "پس آنچه از نماز و روزه‌ام صورت گرفته پذیرا باش و فردا و روزهای پس از آن مرا بهتر از این ساعت و امروزم قرار ده و مرا در بین خویشاوندان و بستگانم عزیز گردان و در بیداری و خواب نگهدارم باش، چراکه تویی خدا و بهترین نگهدار و تویی مهربان‌ترین مهربانان. خدایا، من در امروزم و یکشنبه‌های دیگر از شرک و بی‌دینی، به‌سوی تو بیزاری می‌جویم و دعایم را تنها برای تو خالص می‌کنم تا در معرض اجابت قرار گیرد و به امید پاداش تو بر طاعتت پایداری می‌کنم، پس درود فرست بر بهترین آفریده‌ات محمّد آن‌که دعوت‌کننده مردم به حقانیت تو بود و مرا عزیز گردان با عزّت ذلّت ناپذیر خود و به دیده بی‌خواب خودت حفظ کن و کارم را با گسستن از همه خلق و پیوستن به تو و عمرم را با آمرزش خویش پایان‌بخش، همانا تویی بسیار آمرزنده و مهربان. "
        },
        "tozih": {}
    }
}