{
    "34": {
        "number": 34,
        "bab": 1,
        "title": "دعای روز جمعه",
        "arabic": {
            "1": "بِسْمِ اللّهِ الرَّحْمنِ الرَّحِيمِ، الْحَمْدُ لِلّٰهِ الأَوَّلِ قَبْلَ الْإِنْشاءِ وَالْإِحْياءِ ، وَالْآخِرِ بَعْدَ فَنَاءِ الأَشْياءِ ، الْعَلِيمِ الَّذِى لَايَنْسىٰ مَنْ ذَكَرَهُ ، وَلَا يَنْقُصُ مَنْ شَكَرَهُ ، وَلَا يَخِيبُ  مَنْ دَعَاهُ ، وَلَا يَقْطَعُ رَجَاءَ مَنْ رَجَاهُ . اللّٰهُمَّ إِنِّى أُشْهِدُكَ وَكَفىٰ بِكَ شَهِيداً ، وَأُشْهِدُ جَمِيعَ مَلائِكَتِكَ وَسُكَّانَ سَمٰواتِكَ وَحَمَلَةِ عَرْشِكَ ، وَمَنْ بَعَثْتَ مِنْ أَنْبِيَائِكَ وَ رُسُلِكَ ، وَأَنْشَأْتَ مِنْ أَصْنَافِ خَلْقِكَ ، أَنِّى أَشْهَدُ أَنَّكَ أَنْتَ اللّٰهُ لَاإِلٰهَ إِلّا أَنْتَ؛",
            "2": "وَحْدَكَ لَا شَرِيكَ لَكَ وَ لَا عَدِيلَ ، وَلَا خُلْفَ لِقَوْلِكَ وَلَا تَبْدِيلَ ، وَأَنَّ مُحَمَّداً صَلَّى اللّٰهُ عَلَيْهِ وَآلِهِ عَبْدُكَ وَرَسُولُكَ ، أَدَّىٰ مَا حَمَّلْتَهُ إِلَى الْعِبَادِ ، وَجَاهَدَ فِى اللّٰهِ عَزَّ وَجَلَّ حَقَّ الْجِهَادِ ، وَأَنَّهُ بَشَّرَ بِمَا هُوَ حَقٌّ مِنَ الثَّوَابِ ، وَأَنْذَرَ بِمَا هُوَ صِدْقٌ مِنَ الْعِقَابِ ، اللّٰهُمَّ ثَبِّتْنِى عَلىٰ دِينِكَ مَا أَحْيَيْتَنِى؛",
            "3": "وَلَا تُزِغْ قَلْبِى بَعْدَ إِذْ هَدَيْتَنِى ، وَهَبْ لِى مِنْ لَدُنْكَ رَحْمَةً إِنَّكَ أَنْتَ الْوَهَّابُ . صَلِّ عَلَىٰ مُحَمَّدٍ وَعَلَىٰ  آلِ مُحَمَّدٍ ، وَاجْعَلْنِى مِنْ أَتْباعِهِ وَشِيعَتِهِ ، وَاحْشُرْ نِى فِى زُمْرَتِهِ ، وَوَفِّقْنِى لِأَدَاءِ فَرْضِ الْجُمُعَاتِ ، وَمَا أَوْجَبْتَ عَلَىَّ فِيها مِنَ الطَّاعَاتِ ، وَقَسَمْتَ لِأَهْلِهَا مِنَ الْعَطَاءِ فِى يَوْمِ الْجَزَاءِ ، إِنَّكَ أَنْتَ الْعَزِيزُ الْحَكِيمُ."
        },
        "farsi": {
            "1": "  به نام خدا که رحمتش بسیار و مهربانی‌اش همیشگی است، ستایش خدای را که آغاز هستی است پیش از آفرینش و حیات‌بخشی و پایان هستی است پس از نابودی هر چیز، دانایی که از یاد مبرد آن را که یادش کند و کم نگذارد از آنکه شکرش را به‌جای آورد و ناامید نسازد آن را که خواندش و قطع نکند امید آن‌که به او امید بست؛ بار خدایا! تو را گواه می‌گیرم و تو برای گواهی کافی هستی و گواه می‌گیرم همه فرشتگانت و ساکنان آسمان‌هایت و نگهبانان عرشت و رسولان و پیامبرانی که برانگیختی و انواع مخلوقات که آفریدی (همه و همه را گواه می‌گیرم) بر اینکه باور دارم که همانا تویی خدا، شایسته پرستشی جز تو نیست؛",
            "2": " یگانه‌ای؛ شریکی نداری و بی‌همتایی و تخلف و تبدیلی در گفتارت نیست و اینکه محمّد ـ که خدا بر او و خاندان او درود فرستد ـ بنده و فرستاده توست؛ رسالتی را که بر عهده‌اش نهاده بودی به بندگانت ادا کرد و در راه خدا به‌حق کوشید و به پاداشی که حق است مژده داد و از عذابی که راست است بیم داد، خدایا! تا زنده‌ام مرا بر دین خود ثابت بدار؛ ",
            "3": "و دلم را پس از آنکه به نور هدایت روشن نمودی گمراه مکن و از نزد خود رحمتی بر من ببخش، چراکه تنها تو بخشاینده‌ای، درود فرست بر محمّد و خاندان محمّد و مرا از پیروان و شیعیان او قرار ده و در گروه او محشورم گردان و بر انجام واجبات جمعه‌ها و طاعاتی که در آن بر من لازم نمودی توفیقم ده و عطایی که در رستاخیز برای اهل جمعه قرار داده‌ای نصیبم گردان، چه همانا تویی قدرتمند حکیم. "
        },
        "tozih": {}
    }
}