{
    "39": {
        "number": 39,
        "bab": 1,
        "title": "سوره های مخصوص شب‌های جمعه ",
        "arabic": {
            "1": ""
        },
        "farsi": {
            "1": "در شب\u200Cهای جمعه این سوره\u200Cها را بخواند که براى هریک فایده\u200Cها و ثواب\u200Cهای بسیار روایت شده:\n«بنى\u200Cاسرائیل [اسراء]، کهف، سه طس [ شعراء و نمل و قصص]، سجده، یس، ص، احقاف، واقعه، حم سجده، حم دخان، طور، اقتربت، جمعه» و اگر فرصت نشد همه را تلاوت کند، «واقعه» و سوره\u200Cهاى پیش از آن را انتخاب کند، زیرا از امام صادق (علیه\u200Cالسلام) روایت شده:\nهرکه در هر شب جمعه سوره «اسراء» را بخواند، نمى\u200Cمیرد تا خدمت حضرت قائم (عجّل اللّه تعالی فرجه الشریف) رسد و از اصحاب آن حضرت گردد و هرکه در هر شب جمعه سوره «کهف» را بخواند، نمی\u200Cمیرد مگر شهید و خداوند او را در قیامت با شهیدان محشور می\u200Cکند و در قیامت همراه ایشان نگاهش می\u200Cدارد؛\nو هرکه در شب جمعه سوره\u200Cهاى «شعراء» و «نمل» و «قصص» را تلاوت کند، از دوستان خدا شده و در امان و حمایت حق\u200Cتعالى قرار می\u200Cگیرد و نیز در دنیا دچار تهیدستی و تنگدستى نمى\u200Cشود و خدا در آن جهان چندان از بهشت به او عطا کند که خشنود شود و بلکه افزون بر خشنودى\u200Cاش بر او جود و بخشش نماید و صد زن زیبا چشم از زنان دلرباى بهشت را به همسرى او درآورد؛\nو هرکه در شب جمعه سوره «سجده» را بخواند خدا در قیامت نامه اعمالش را به دست راست او دهد و در حسابرسى اعمال بر او آسان گیرد و از دوستان محمّد و خاندان او باشد.\nو به سند معتبر از امام باقر(علیه\u200Cالسلام) روایت شده: هرکس هر شب جمعه سوره «ص» را قرائت کند، از خیر این جهان و جهان دیگر آن اندازه به او ببخشند که جز به پیامبری مرسل یا فرشته\u200Cای مقرّب نبخشیده\u200Cاند و او را با هرکس از اهل خانه\u200Cاش که بخواهد وارد بهشت کنند، حتی خدمتکاری که به او خدمت کرده باشد، هرچند از خانواده او به\u200Cحساب نیاید و در حدّ شفاعت او نباشد؛\nو از امام صادق(علیه\u200Cالسلام) روایت شده: هرکه در شب جمعه یا روز جمعه سوره «اَحقاف» را بخواند، در دنیا دچار بیم و هراس نشود و در روز قیامت از وحشت و ترس در امان باشد و هرکه در شب جمعه سوره «واقِعَه» را بخواند، خدا او را دوست بدارد و او را محبوب تمام مردم کند و در دنیا دچار بدحالی و تنگدستی نشود و آفتی از آفات دنیا به او نرسد و از دوستان حضرت امیرالمؤمنین(علیه\u200Cالسلام) باشد و این سوره ویژه امیرالمؤمنین(علیه\u200Cالسلام) است؛\nو روایت شده: هرکه سوره «جُمعه» را در هر شب جمعه تلاوت کند کفّاره اعمال او از این جمعه تا جمعه دیگر خواهد بود؛ و نیز همین فضیلت برای کسی که در هر شب جمعه و بعدازظهر و عصر جمعه سوره «کهف» را بخواند وارد شده است."

        },
        "tozih": {
            "1": ""

        }
    }
}