{
    "40": {
        "number": 40,
        "bab": 1,
        "title": "فضیلت خواندن سوره «اسراء» در شب جمعه ",
        "arabic": {
            "1": "",
            "2": ""

        },
        "farsi": {
            "1": "",
            "2": ""
        },
        "tozih": {
        "1": "هرکه در هر شب جمعه سوره «اسراء» را بخواند، نمى\u200Cمیرد تا خدمت حضرت قائم (عجّل اللّه تعالی فرجه الشریف) رسد و از اصحاب آن حضرت گردد.\n",
        "2": ""}
    }
}