{
    "41": {
        "number": 41,
        "bab": 1,
        "title": "فضیلت خواندن سوره «کهف» در شب جمعه",
        "arabic": {
            "1": "",
            "2": ""

        },
        "farsi": {
            "1": "",
            "2": ""
        },
        "tozih": {
        "1": "هرکه در هر شب جمعه سوره «کهف» را بخواند، نمی\u200Cمیرد مگر شهید و خداوند او را در قیامت با شهیدان محشور می\u200Cکند و در قیامت همراه ایشان نگاهش می\u200Cدارد.",
        "2": ""}
    }
}