{
    "42": {
        "number": 42,
        "bab": 1,
        "title": "فضیلت خواندن سوره‌هاى «شعراء» و «نمل» و «قصص» در شب جمعه",
        "arabic": {
            "1": "",
            "2": ""

        },
        "farsi": {
            "1": "",
            "2": ""
        },
        "tozih": {
        "1": "و هرکه در شب جمعه سوره\u200Cهاى «شعراء» و «نمل» و «قصص» را تلاوت کند، از دوستان خدا شده و در امان و حمایت حق\u200Cتعالى قرار می\u200Cگیرد؛\nو نیز در دنیا دچار تهیدستی و تنگدستى نمى\u200Cشود و خدا در آن جهان چندان از بهشت به او عطا کند که خشنود شود و بلکه افزون بر خشنودى\u200Cاش بر او جود و بخشش نماید؛ و صد زن زیبا چشم از زنان دلرباى بهشت را به همسرى او درآورد.\n",
        "2": ""}
    }
}