{
    "43": {
        "number": 43,
        "bab": 1,
        "title": "فضیلت خواندن سوره «سجده» در شب جمعه",
        "arabic": {
            "1": "",
            "2": ""

        },
        "farsi": {
            "1": "",
            "2": ""
        },
        "tozih": {
        "1": "هرکه در شب جمعه سوره «سجده» را بخواند خدا در قیامت نامه اعمالش را به دست راست او دهد و در حسابرسى اعمال بر او آسان گیرد و از دوستان محمّد و خاندان او باشد.\n",
        "2": ""}
    }
}