{
    "44": {
        "number": 44,
        "bab": 1,
        "title": "فضیلت خواندن سوره «ص» در شب جمعه",
        "arabic": {
            "1": "",
            "2": ""

        },
        "farsi": {
            "1": "",
            "2": ""
        },
        "tozih": {
        "1": "به سند معتبر از امام باقر(علیه\u200Cالسلام) روایت شده: هرکس هر شب جمعه سوره «ص» را قرائت کند، از خیر این جهان و جهان دیگر آن اندازه به او ببخشند که جز به پیامبری مرسل یا فرشته\u200Cای مقرّب نبخشیده\u200Cاند و او را با هرکس از اهل خانه\u200Cاش که بخواهد وارد بهشت کنند، حتی خدمتکاری که به او خدمت کرده باشد، هرچند از خانواده او به\u200Cحساب نیاید و در حدّ شفاعت او نباشد؛\n",
        "2": ""}
    }
}