{
    "5": {
        "number": 5,
        "bab": 1,
        "title": "دعای تقویت حافظه بعد از هر نماز ",
        "arabic": {
            "1": "سُبْحَانَ مَنْ لَايَعْتَدِى عَلىٰ أَهْلِ مَمْلَكَتِهِ، سُبْحانَ مَنْ لَايَأْخُذُ أَهْلَ الْأَرْضِ بِأَلْوانِ الْعَذَابِ، سُبْحانَ الرَّؤُوُفِ الرَّحِيمِ . اللّٰهُمَّ اجْعَلْ لِى فِى قَلْبِى نُوراً وَ بَصَرَاً وَ فَهْماً وَ عِلْماً، إِنَّكَ عَلىٰ كُلِّ شَىْءٍ قَدِيرٌ."
        },
        "farsi": {
            "1": "منزه است پادشاهی که به زیردستانش ستم نمی\u200Cکند، منزه است خدایی که اهل زمین را به عذاب\u200Cهای رنگارنگ گرفتار نکند، منزه است آن خدای بسیار مهرورز و مهربان. خدایا در دلم نور و فراست و بینش و فهم و دانش قرار ده، مسلّماً تو بر هر کاری توانایی.\n"

        },
        "tozih": {
            "1": "در پی هر نماز، این دعا را که پیامبر(صلی\u200Cالله\u200Cعلیه\u200Cوآله) برای تقویت حافظه به امیرالمؤمنین(علیه\u200Cالسلام) تعلیم داد بخوان:\n"

        }
    }
}