{
    "52": {
        "number": 52,
        "bab": 1,
        "title": "توصیه به خوردن انار در شب جمعه ",
        "arabic": {
            "1": ""
        },
        "farsi": {},
        "tozih": {

            "1": "امام صادق(علیه\u200Cالسلام) در هر شب جمعه میل می\u200Cفرمود و اگر هنگام خوابیدن بخورد، شاید بهتر باشد، چه آنکه روایت شده: هرکه وقت خوابیدن انار بخورد تا صبح در جان خود ایمن خواهد بود؛\nو سزاوار است هرگاه انار بخورد، در زیر آن دستمالی بگستراند که هر دانه\u200Cای از آن بیفتد جمع کرده و پس\u200Cاز\u200Cآن بخورد و بهتر است دیگری را در آن انار شریک نسازد."

        }
    }
}