{
    "54": {
        "number": 54,
        "bab": 1,
        "title": "دعایی که کفاره گناهان بین دو جمعه است",
        "arabic": {
            "1": "اللّٰهُمَّ مَا قُلْتُ فِي جُمُعَتِي هَذِهِ مِنْ قَوْلٍ، أَوْ حَلَفْتُ فِيها مِنْ حَلْفٍ، أَوْ نَذَرْتُ فِيها مِنْ نَذْرٍ، فَمَشِيْيّتُكَ بَيْنَ يَدَيْ ذٰلِكَ كُلِّهِ، فَمَا شِئْتَ مِنْهُ أَنْ يَكُونَ كَانَ، وَمَا لَمْ تَشَأْ مِنْهُ لَمْ يَكُنْ، اللّٰهُمَّ اغْفِرْ لِي وَتَجاوَزْ عَنِّي، اللّٰهُمَّ مَنْ صَلَّيْتَ عَلَيْهِ فَصَلاَتِي عَلَيْهِ، وَمَنْ لَعَنْتَ فَلَعْنَتي عَلَيْهِ.\n",
            "2": ""

        },
        "farsi": {
            "1": "[در روز جمعه] پس از نماز صبح، پیش از آنکه سخن بگوید این دعا را بخواند تا کفّاره گناهان او از این جمعه تا جمعه\u200Cی دیگر باشد:\n",
            "2": ""
        },
        "tozih": {
        "1": "خدایا! هر سخنی که در این جمعه\u200Cام بر زبان آورم و یا هر سوگندی که در آن به زبان آورم و یا هر نذری که در آن نذر کنم، خواست و اراده تو پیشاپیش همه\u200Cی این\u200Cهاست، پس در این میان هرچه را تو بخواهی بشود می\u200Cشود و هرچه را که نخواهی نشود، خدایا! مرا بیامرز و از من درگذر. خدایا! هرکه را تو بر او درود فرستی پس درودم بر او باد و هرکه را تو لعنت کنی، پس لعنتم بر او باد.\n",
        "2": "و دست\u200Cکم در هر ماه یک\u200Cبار این عمل را انجام دهد.\n"
    }}
}