{
    "55": {
        "number": 55,
        "bab": 1,
        "title": "ثواب تعقیبات بعد از نماز صبح در روز جمعه ",
        "arabic": {
            "1": "",
            "2": ""

        },
        "farsi": {
            "1": "",
            "2": ""
        },
        "tozih": {
        "1": "روایت شده: هرکس در روز جمعه پس از نماز صبح بنشیند و به تعقیب بپردازد تا آفتاب برآید، هفتاد درجه در بهشت برین برای او بالا رود.\n",
        "2": ""}
    }
}