{
    "62": {
        "number": 62,
        "bab": 1,
        "title": "ثواب صدقه در شب و روز جمعه ",
        "arabic": {
            "1": "",
            "2": ""

        },
        "farsi": {
            "1": "",
            "2": ""
        },
        "tozih": {
        "1": "[از جمله اعمال روز جمعه این است که] صدقه دهد چه بر طبق یک روایت: ثواب صدقه دادن در شب و روز جمعه، هزار برابر اوقات دیگر است.\n",
        "2": ""
    }}
}