{
    "65": {
        "number": 65,
        "bab": 1,
        "title": "اهمیت علم آموزی در روز جمعه ",
        "arabic": {
            "1": "",
            "2": ""

        },
        "farsi": {
            "1": "",
            "2": ""
        },
        "tozih": {
        "1": "[از جمله اعمال روز جمعه این است که] خود را از کارهای دنیا آسوده کند و به آموختن مسائل دین بپردازد، نه آنکه روز جمعه را به گشت\u200Cوگذار و تفریح در باغ\u200Cها و کشتزارهای مردم و هم\u200Cسخنی با اراذل و مردمان بی\u200Cعار و مسخرگی و عیب\u200Cگویی از مردم و خنده\u200Cهای قهقهه و خواندن اشعار و غوطه\u200Cور شدن در کارهای باطل و امثال این\u200Cها هزینه کند که مفاسدش بیش از آن است که بیان شود.\nاز امام صادق(علیه\u200Cالسلام) نقل\u200Cشده است: بدا به حال مسلمانی که روز جمعه را در هفته هزینه یادگیری مسائل دینی خود نکند و برای این کار، خود را از کارهای دیگر آسوده نسازد.\nاز حضرت رسول(صلی\u200Cالله\u200Cعلیه\u200Cوآله) روایت شده: هرگاه در روز جمعه ببینید پیرمردی سرگذشت دوران جاهلیت و کفر را برای مردم بیان می\u200Cکند، بر سرش سنگریزه بزنید.",
        "2": ""
    }}
}