{
    "67": {
        "number": 67,
        "bab": 1,
        "title": "ثواب زیارت اهل قبور در روز جمعه ",
        "arabic": {
            "1": "",
            "2": ""

        },
        "farsi": {
            "1": "",
            "2": ""
        },
        "tozih": {
        "1": "[از جمله اعمال روز جمعه این است که] به زیارت گذشتگان به\u200Cویژه پدر و مادر یا یکی از ایشان برود که این عمل ثواب بسیار دارد.\nاز امام باقر(علیه\u200Cالسلام) روایت شده: مردگان را در روز جمعه زیارت کنید، زیرا می\u200Cدانند چه کسی به زیارت ایشان رفته است ازاین\u200Cرو شاد می\u200Cشوند.",
        "2": ""
    }}
}