{
    "68": {
        "number": 68,
        "bab": 1,
        "title": "نمازهای مستحبی روز جمعه",
        "arabic": {
            "1": "سُبْحانَ اللّٰهِ وَبِحَمْدِهِ.\n",
            "2": ""

        },
        "farsi": {
            "1": "پاک و منزه است خدایى که ستایش تنها شایسته اوست.\n",
            "2": ""
        },
        "tozih": {
        "1": "بدان که برای روز جمعه جز نافله\u200Cی آن\u200C که «بیست رکعت» است، نمازهای بسیاری ذکرشده است.\nکیفیت نافله مذکور بنا بر مشهور آن است که «شش رکعت» آن زمانی که نور آفتاب افق را فراگیرد بجا آورده شود و «شش رکعت» دیگر وقتی\u200Cکه خورشید بالا بیاید و «شش رکعت» دیگر نزدیک ظهر و «دو رکعت» پس از ظهر پیش از نماز ظهر و یا آنکه «شش رکعت» اوّل را پس از نماز جمعه یا نماز ظهر بجا آورد، به صورتی که در کتب فقها و «مصابیح» ذکرشده.\nالبته نمازهای بسیار دیگری نیز روایت شده که ذکر بعضی از آن\u200Cها در این مقام مناسبت دارد، هرچند بیشتر آن\u200Cها ارتباطی به\u200Cروز جمعه ندارد، ولی بجا آوردن آن\u200Cها در روز جمعه بیشتر فضیلت دارد.\nازجمله آن\u200Cها «نماز کامله» است که شیخ طوسی و سید ابن طاووس و شهید و علّامه حلّی و دیگران به سندهای بسیار و معتبر از امام صادق(علیه\u200Cالسلام) و ایشان از پدران بزرگوارشان(علیهم\u200Cالسلام) از حضرت رسول(صلی\u200Cالله\u200Cعلیه\u200Cوآله) روایت کرده\u200Cاند.\nنماز دیگر: حارث همدانی از امیرالمؤمنین(علیه\u200Cالسلام) روایت کرده: اگر بتوانی در روز جمعه «ده رکعت» نماز بخوان و رکوع و سجودش را تمام و کامل بجا آر و پس از هر دو رکعت «صد مرتبه» بگو:",
        "2": "که فضیلت بسیار دارد.\nبه سند معتبر از امام صادق(علیه\u200Cالسلام) روایت شده است: هرکس سوره «اِبراهیم» و سوره «حجر» را در دو رکعت نماز در روز جمعه بخواند، هرگز دچار پریشانی و دیوانگی و یا بلایی دیگر نشود.\nو از جمله آن نمازها؛ «نماز حضرت رسول»(صلی\u200Cالله\u200Cعلیه\u200Cوآله) است.\nسید ابن طاووس به سند معتبر از حضرت رضا(علیه\u200Cالسلام) روایت کرده: که از آن حضرت درباره\u200Cی «نماز حضرت جعفر طیار»(رحمة\u200Cالله\u200Cعلیه) پرسیدند؛ حضرت فرمود: چرا به نماز حضرت رسول(صلی\u200Cالله\u200Cعلیه\u200Cوآله) بی\u200Cتوجهی؟ شاید رسول خدا(صلی\u200Cالله\u200Cعلیه\u200Cوآله) نماز جعفر را بجا نیاورده باشد و شاید جعفر نماز رسول خدا(صلی\u200Cالله\u200Cعلیه\u200Cوآله) را نخوانده باشد.\nو نیز از جمله\u200Cی آن نمازها؛ «نماز امیرالمؤمنین» (علیه\u200Cالسلام) است.\nشیخ و سید از امام صادق(علیه\u200Cالسلام) روایت کرده\u200Cاند: هرکه از شما نماز امیرالمؤمنین(علیه\u200Cالسلام) را بخواند، از گناهان پاک شود مانند روزی که از مادر زاده شده و حاجاتش در پیشگاه حق برآورده شود.\n[و از جمله آن نمازها]؛ «نماز حضرت فاطمه»(سلام\u200Cالله\u200Cعلیها) [است.]\nروایت شده: حضرت فاطمه(سلام\u200Cالله\u200Cعلیها) دو رکعت نماز می\u200Cخواند که جبرئیل به ایشان آموخته بود.\nنویسنده گوید: سید ابن طاووس در کتاب «جمال الاسبوع» [زیبایی ایام هفته] برای هر یک از امامان(علیهم\u200Cالسلام) نمازی به همراه دعا بیان کرده که شایسته است در اینجا ذکر شود:\n«نماز حضرت مجتبى»(علیه\u200Cالسلام)\n«نماز امام حسین» (علیه\u200Cالسلام)\n«نماز امام زین العابدین»(علیه\u200Cالسلام)\n«نماز امام باقر»(علیه\u200Cالسلام)\n«نماز امام صادق»(علیه\u200Cالسلام)\n«نماز امام موسی بن جعفر»(علیه\u200Cالسلام)\n«نماز امام رضا»(علیه\u200Cالسلام)\n«نماز امام جواد»(علیه\u200Cالسلام)\n«نماز امام هادی»(علیه\u200Cالسلام)\n«نماز امام حسن عسگری»(علیه\u200Cالسلام)\n«نماز حضرت صاحب الزّمان»( عَجَّلَ اللّٰه تعالىٰ فَرَجَه)\n[و از جمله آن نمازها]؛ «نماز جناب جعفر طیار» (رحمه\u200Cالله) [است.]\nاین نماز که اکسیر اعظم و کبریت احمر است و به سندهای بسیار معتبر با فضیلت فراوان-که مهم\u200Cترین آن آمرزش گناهان بزرگ است ـ روایت شده و بهترین زمان برای بجا آوردن آن، آغاز روز جمعه است؛"
    }}
}