{
    "69": {
        "number": 69,
        "bab": 1,
        "title": "نماز نافله روز جمعه",
        "arabic": {
            "1": "",
            "2": ""

        },
        "farsi": {
            "1": "",
            "2": ""
        },
        "tozih": {
        "1": "کیفیت نافله مذکور بنا بر مشهور آن است که «شش رکعت» آن زمانی که نور آفتاب افق را فراگیرد بجا آورده شود و «شش رکعت» دیگر وقتی\u200Cکه خورشید بالا بیاید و «شش رکعت» دیگر نزدیک ظهر و «دو رکعت» پس از ظهر پیش از نماز ظهر و یا آنکه «شش رکعت» اوّل را پس از نماز جمعه یا نماز ظهر بجا آورد، به صورتی که در کتب فقها و «مصابیح» ذکرشده.\n",
        "2": ""
    }}
}