{
    "75": {
        "number": 75,
        "bab": 1,
        "title": "نماز حضرت امام حسن مجتبی (ع)",
        "arabic": {
            "1": "اللّٰهُمَّ إِنِّى أَتَقَرَّبُ إِلَيْكَ بِجُودِكَ وَكَرَمِكَ، وَأَتَقَرَّبُ إِلَيْكَ بِمُحَمَّدٍ عَبْدِكَ وَرَسُولِكَ، وَأَتَقَرَّبُ إِلَيْكَ بِمَلَائِكَتِكَ الْمُقَرَّبِينَ وَأَنْبِيائِكَ وَ رُسُلِكَ، أَنْ تُصَلِّىَ عَلَىٰ مُحَمَّدٍ عَبْدِكَ وَرَسُولِكَ وَعَلَىٰ آلِ مُحَمَّدٍ، وَأَنْ تُقِيلَنِى عَثْرَتِى، وَتَسْتُرَ عَلَىَّ ذُنُوبِى وَتَغْفِرَهَا لِى، وَتَقْضِىَ لِى حَوَائِجِى، وَلَا تُعَذِّبْنِى بِقَبِيحٍ كَانَ مِنِّى، فَإِنَّ عَفْوَكَ وَجُودَكَ يَسَعُنِى، إِنَّكَ عَلىٰ كُلِّ شَىْءٍ قَدِيرٌ.\n",
            "2": ""

        },
        "farsi": {
            "1": "خدایا! به امید جود و کرم تو به\u200Cسویت تقرّب می\u200Cجویم و به دوستی محمّد بنده و فرستاده\u200Cات به\u200Cسوی تو و به فرشتگان مقرّب به پیشگاه تو و به پیامبران و فرستادگانت تقرب می جویم و این که بر محمّد، بنده شایسته و فرستاده\u200Cات و بر خاندان محمّد درود فرستی و از لغزشم درگذری و گناهانم را بر من بپوشانی و آن\u200Cها را بیامرزی و نیازهایم را برآورده سازی و به کار زشتی که از من سرزده عذابم نکنی، چه همانا عفو و بخشش تو بر من فراگیر است، مسلماً تو بر هر کاری توانایی.\n",
            "2": ""
        },
        "tozih": {
        "1": "[بنا بر نقل سید ابن طاووس در کتاب «جمال الاسبوع»] نماز امام حسن(علیه\u200Cالسلام) در روز جمعه چهار رکعت است که مانند«نماز امیرالمؤمنین(علیه\u200Cالسلام)» می\u200Cباشد.\nنماز دیگر آن حضرت در روز جمعه نیز چهار رکعت است که در هر رکعت «یک\u200Cبار» سوره «حمد» و «بیست\u200Cوپنج» بار سوره «توحید» خوانده می\u200Cشود.\nدعای آن حضرت:",
        "2": ""
    }}
}