{
    "80": {
        "number": 80,
        "bab": 1,
        "title": "نماز حضرت امام موسی کاظم(ع)",
        "arabic": {
            "1": "إِلٰهِى خَشَعَتِ الْأَصْوَاتُ لَكَ، وَضَلَّتِ الْأَحْلَامُ فِيكَ، وَ وَجِلَ كُلُّ شَىْءٍ مِنْكَ، وَهَرَبَ كُلُّ شَىْءٍ إِلَيْكَ، وَضَاقَتِ الْأَشْيَاءُ دُونَكَ، وَمَلأَ كُلَّ شَىْءٍ نُورُكَ، فَأَنْتَ الرَّفِيعُ فِى جَلَالِكَ، وَأَنْتَ الْبَهِىُّ فِى جَمَالِكَ، وَأَنْتَ الْعَظِيمُ فِى قُدْرَتِكَ، وَأَنْتَ الَّذِى لَايَؤُودُكَ شَىْءٌ، يَا مُنْزِلَ نِعْمَتِى، يَا مُفَرِّجَ كُرْبَتِى، وَيَا قَاضِىَ حَاجَتِى، أَعْطِنِى مَسْأَلَتِى بِلَا إِلٰهَ إِلّا أَنْتَ، آمَنْتُ بِكَ مُخْلِصاً لَكَ دِينِى، أَصْبَحْتُ عَلَىٰ عَهْدِكَ وَوَعْدِكَ مَا اسْتَطَعْتُ، أَبُوءُ لَكَ بِالنِّعْمَةِ، وَأَسْتَغْفِرُكَ مِنَ الذُّنُوبِ الَّتِى لَايَغْفِرُها غَيْرُكَ، يَا مَنْ هُوَ فِى عُلُوِّهِ دَانٍ، وَفِى دُنُوِّهِ عَالٍ، وَفِى إِشْرَاقِهِ مُنِيرٌ، وَفِى سُلْطَانِهِ قَوِيٌّ، صَلِّ عَلىٰ مُحَمَّدٍ وَآلِهِ.\n",
            "2": ""

        },
        "farsi": {
            "1": "خدایا، آواها در آستانت کوتاه و آهسته گشته و اندیشه\u200Cها در شناسایی\u200Cات سرگردان شده و هر چیز از بلندای هیبتت ترسان است و همه آفریدگان به درگاهت گریزان، در برابر هستی\u200Cات، هستی هر آفریده\u200Cای در تنگنای نیستی است و همه\u200Cچیز را نور هستی تو آکنده است، پس تو والائی در بزرگی\u200Cات و فروزنده\u200Cای در زیبایی\u200Cات و بزرگی در توانایی\u200Cات و تویی آن\u200Cکه هیچش درمانده نسازد، ای فرو بارنده\u200Cی نعمتم، ای گشایشگر اندوهم و ای برآورنده\u200Cی نیازم، خواهشم را به\u200Cحق یگانگی\u200Cات روا ساز، به تو ایمان آوردم ایمانی خالص، بر پیمان وعده\u200Cات صبح کردم تا توان دارم، با عطایت به سویت آیم و از تو آمرزش می\u200Cجویم از گناهانم که جز تو آن\u200Cها را نمی\u200Cآمرزد، ای آن\u200Cکه در اوج بلندای خویش به آفریده\u200Cها نزدیک است و در کمال نزدیکی به آنان فراتر از همگان است و در تابشش پرتوافشان و در پادشاهی\u200Cاش بس نیرومند است، بر محمّد و خاندانش درود فرست.\n",
            "2": ""
        },
        "tozih": {
        "1": "[بنا بر نقل سید ابن طاووس در کتاب «جمال الاسبوع»] نماز آن حضرت دو رکعت است که در هر رکعت «یک مرتبه» سوره «حمد» و «دوازده مرتبه» سوره «توحید» خوانده می\u200Cشود.\nدعاى آن حضرت:",
        "2": ""
    }}
}