{
    "82": {
        "number": 82,
        "bab": 1,
        "title": "نماز امام جواد، حضرت امام محمد تقی(ع)",
        "arabic": {
            "1": "اللّٰهُمَّ رَبَّ الْأَرْوَاحِ الْفَانِيَةِ، وَالْأَجْسَادِ الْبَالِيَةِ، أَسْأَلُكَ بِطَاعَةِ الْأَرْوَاحِ الرَّاجِعَةِ إِلَىٰ أَجْسَادِها ، وَبِطَاعَةِ الْأَجْسَادِ الْمُلْتَئِمَةِ بِعُرُوقِها، وَبِكَلِمَتِكَ النَّافِذَةِ بَيْنَهُمْ، وَأَخْذِكَ الْحَقَّ مِنْهُمْ وَالْخَلائِقُ بَيْنَ يَدَيْكَ يَنْتَظِرُونَ فَصْلَ قَضَائِكَ، وَيَرْجُونَ رَحْمَتَكَ، وَيَخَافُونَ عِقَابَكَ، صَلِّ عَلَىٰ مُحَمَّدٍ وَآلِ مُحَمَّدٍ وَاجْعَلِ النُّورَ فِى بَصَرِى، وَالْيَقِينَ فِى قَلْبِى، وَذِكْرَكَ بِاللَّيْلِ وَالنَّهارِ عَلىٰ لِسانِى، وَعَمَلاً صالِحاً فَارْزُقْنِى.\n",
            "2": ""

        },
        "farsi": {
            "1": "خدایا! ای پروردگار جان\u200Cهای فنا یافته و بدن\u200Cهای پوسیده و در خاک افتاده، از تو درخواست می\u200Cکنم به\u200Cحق فرمان\u200Cبری روان\u200Cهای بازآینده به بدن\u200Cهای خویش و به\u200Cحق فرمان\u200Cبری بدن\u200Cهای پیوسته به رگ\u200Cهای خویش و به\u200Cحق گفتار پرنفوذت در میان آن\u200Cها و دادخواهی\u200Cات از آن\u200Cها، آنگاه که آفریده\u200Cها بر آستانت در انتظار داوری تو بنشسته\u200Cاند و به مهر بی\u200Cپایانت دل بسته و از شکنجه بی\u200Cسرانجامت هراسانند؛ بر محمّد و خاندان محمّد درود فرست و نور فروزان در دیدگانم و یقین بی\u200Cگمان در جانم و یاد جاودان خود در هر شب و روز بر زبانم قرار ده و کردار پسندیده روزی\u200Cام گردان.\n",
            "2": ""
        },
        "tozih": {
        "1": "[بنا بر نقل سید ابن طاووس در کتاب «جمال الاسبوع»] نماز آن سرچشمه جود و کرم دو رکعت است که در هر رکعت «یک مرتبه» سوره «حمد» و «هفتاد مرتبه» «توحید» خوانده می\u200Cشود.\nدعاى آن حضرت:",
        "2": ""
    }}
}