{
    "83": {
        "number": 83,
        "bab": 1,
        "title": "نماز امام هادی، حضرت امام علی النقی(ع)",
        "arabic": {
            "1": "يَا بَارُّ يَا وَصُولُ، يَا شَاهِدَ كُلِّ غائِبٍ، وَيَا قَرِيبُ غَيْرَ بَعِيدٍ، وَيَا غَالِبُ غَيْرَ مَغْلُوبٍ، وَيَا مَنْ لَايَعْلَمُ كَيْفَ هُوَ إِلّا هُوَ، يَا مَنْ لَاتُبْلَغُ قُدْرَتُهُ، أَسْأَلُكَ اللّٰهُمَّ بِاسْمِكَ الْمَكْنُونِ الْمَخْزُونِ الْمَكْتُومِ عَمَّنْ شِئْتَ، الطَّاهِرِ الْمُطَهَّرِ الْمُقَدَّسِ النُّورِ التَّامِّ الْحَيِّ الْقَيُّومِ الْعَظِيمِ، نُورِ السَّمَاوَاتِ وَنُورِ الْأَرَضِينَ، عَالِمِ الْغَيْبِ وَالشَّهَادَةِ الْكَبِيرِ الْمُتَعَالِ الْعَظِيمِ صَلِّ عَلىٰ مُحَمَّدٍ وَآلِ مُحَمَّدٍ.\n",
            "2": ""

        },
        "farsi": {
            "1": "ای نیکوکار، ای همواره در پیوند با دل\u200Cها، ای گواه هر ناپیدا، ای نزدیک دور ناشدنی و ای پیروز بی\u200Cشکست، ای آن\u200Cکه جز او نمی\u200Cداند که چون است، ای آن\u200Cکه به قدرتش نمی\u200Cتوان دست یافت، خدایا! از تو درخواست می\u200Cکنم به\u200Cحق آن نامت که در پرده است و در گنجینه است و ناپیدا از هر آنکه تو خواهی، آن نام پاک پاکی بخش، مبرّا از هر نقص، بر همگان پرتوافشان، زنده، به خود پایدار، بزرگ، تویی نور آسمان\u200Cها و فروغ زمین\u200Cها، دانای نهان و آشکار، والای بلندمرتبه و بزرگ، بر محمّد و خاندان محمّد درود فرست.\n",
            "2": ""
        },
        "tozih": {
        "1": "[بنا بر نقل سید ابن طاووس در کتاب «جمال الاسبوع»] نماز آن حضرت دو رکعت است که در رکعت اوّل سوره «حمد» و سوره «یس» و در رکعت دوم سوره «حمد» و سوره «الرّحمن» خوانده می\u200Cشود.\nدعاى آن حضرت:",
        "2": ""
    }}
}