{
    "9": {
        "number": 9,
        "bab": 1,
        "title": "تعقیبات نماز ظهر",
        "arabic": {
            "1": "لا إِلهَ إِلّا اللَّهُ الْعَظِيمُ الْحَلِيمُ،  لا إِلهَ إِلّا اللَّهُ رَبُّ الْعَرْشِ الْكَرِيمُ،  اَلْحَمْدُ لِلَّهِ رَبِّ الْعَالَمِينَ،  اَللّهُمَّ إِنِّي أَسْأَلُكَ مُوجِبَاتِ رَحْمَتِكَ،  وَ عَزَائِمَ مَغْفِرَتِكَ،  وَ الْغَنِيمَةَ مِنْ كُلِّ بِرٍّ،  وَ السَّلامَةَ مِنْ كُلِّ إِثْمٍ،  اَللّهُمَّ لا تَدَعْ لِي ذَنْبًا إِلّا غَفَرْتَهُ،  وَ لا هَمًّا إِلّا فَرَّجْتَهُ،  وَ لا سُقْماً إِلّا شَفَيْتَهُ،  وَ لا عَيْباً إِلّا سَتَرْتَهُ،  وَ لا رِزْقاً إِلّا بَسَطْتَهُ،  وَ لا خَوْفاً إِلّا آمَنْتَهُ،  وَ لا سُوءً إِلّا صَرَفْتَهُ،  وَ لا حَاجَةً هِيَ لَكَ رِضاً وَ لِيَ فِيهَا صَلاحٌ إِلّا قَضَيْتَهَا، يَا أَرْحَمَ الرَّاحِمِينَ، آمِينَ رَبَّ الْعَالَمِينَ.",
            "2": " بِاللَّهِ اعْتَصَمْتُ،  وَ بِاللَّهِ أَثِقُ،  وَ عَلَى اللَّهِ أَتَوَكَّلُ. ",
            "3": "",
            "4": "اللّٰهُمَّ إِنْ عَظُمَتْ ذُنُوبِى فَأَنْتَ أَعْظَمُ ، وَإِنْ كَبُرَ تَفْرِيطِى فَأَنْتَ أَكْبَرُ ، وَإِنْ دامَ بُخْلِى فَأَنْتَ أَجْوَدُ ، اللّٰهُمَّ اغْفِرْ لِى عَظِيمَ ذُنُوبِى بِعَظِيمِ عَفْوِكَ ، وَكَثِيرَ تَفْرِيطِى بِظَاهِرِ كَرَمِكَ ، وَاقْمَعْ بُخْلِى بِفَضْلِ جُودِكَ ، اللّٰهُمَّ مَا بِنَا مِنْ نِعْمَةٍ فَمِنْكَ لَاإِلٰهَ إِلّا أَنْتَ ، أَسْتَغْفِرُكَ وَأَتُوبُ إِلَيْكَ.",
            "5": ""
        },
        "farsi": {
            "1": "معبودی جز خدا نیست، خدای بزرگ بردبار، معبودی جز خدا نیست، پروردگار عرش آن پروردگار کریم، ستایش ویژه خدای پروردگار جهانیان است.\r\nخدایا از تو می‌خواهم مرا موفق به انجام موجبات رحمت خویش و اسباب آمرزش خویش بگردانی و بهره‌مندی از هر کار نیک و سلامت از هر کار بدی را از تو می‌طلبم. خدایا! بر من گناهی مگذار، جز آنکه بیامرزی و اندوهی منه جز آنکه از دلم برداری و نه دردی مگر آنکه شفا دهی و نه عیبی مگر آنکه بپوشانی و نه رزقی مگر آنکه گسترده‌سازی و نه ترسی جز اینکه مرا از آن ایمنی دهی و نه پیش‌آمد بدی مگر آنکه آن را برگردانی و نه حاجتی که تو را در آن رضایت و مرا در آن مصلحت است مگر اینکه روا کنی‌ ای مهربان‌ترین مهربانان، دعایم را مستجاب کن، ای پروردگار جهانیان. ",
            "2": "به ریسمان خدا چنگ می‌زنم و بر خدا توکل می‌کنم و به خداوند اعتماد می‌نمایم. ",
            "3": "",
            "4": " بار خدایا، اگر گناهانم بزرگ است تو بزرگ‌تری و اگر کوتاهی در بندگی‌ام بزرگ است، تو بزرگ‌تری و اگر همواره بخل می‌ورزم، تو بخشنده‌تری.\r\n خدایا، بزرگی گناهانم را به بزرگی گذشتت و بسیاری کوتاهی‌ام را به بزرگواری آشکارت بیامرز و بخل مرا با جود سرشارت ریشه‌کن نما.\r\n بار الها! هر نعمتی که در دست ماست از سوی توست، معبودی جز تو نیست، از تو آمرزش می‌خواهم و به‌سوی تو باز می‌گردم."
        },
        "tozih": {
            "1": " به دنبال نماز ظهر [چنان‌که در کتاب «مصباح المُتَهَجِّد» آمده] بگو: ",
            "2": "و  «ده مرتبه» می‌گویی: ",
            "3": " پس می‌گویى: "
        }
    }
}