{
    "99": {
        "number": 99,
        "bab": 1,
        "title": "زیارت رسول خدا، حضرت محمد(ص) در روز شنبه‌ ",
        "arabic": {
            "1": "أَشْهَدُ أَنْ لَاإِلٰهَ إِلّا اللّٰهُ وَحْدَهُ لَاشَرِيكَ لَهُ ، وَأَشْهَدُ أَنَّكَ رَسُولُهُ ، وَأَنَّكَ مُحَمَّدُ بْنُ عَبْدِاللّٰهِ ، وَأَشْهَدُ أَنَّكَ قَدْ بَلَّغْتَ رِسالاتِ رَبِّكَ وَ نَصَحْتَ لِأُمَّتِكَ ، وَجَاهَدْتَ فِى سَبِيلِ اللّٰهِ بِالْحِكْمَةِ وَالمَوْعِظَةِ الْحَسَنَةِ ، وَأَدَّيْتَ الَّذِى عَلَيْكَ مِنَ الْحَقِّ ، وَأَنَّكَ قَدْ رَؤُفْتَ بِالْمُؤْمِنِينَ ، وَغَلَظْتَ عَلَى الْكَافِرِينَ ، وَعَبَدْتَ اللّٰهَ مُخْلِصاً حَتَّىٰ أَتيٰكَ الْيَقِينُ ، فَبَلَغَ اللّٰهُ بِكَ أَشْرَفَ مَحَلِّ الْمُكَرَّمِينَ ، الْحَمْدُ لِلّٰهِ الَّذِى اسْتَنْقَذَنا بِكَ مِنَ الشِّرْكِ وَالضَّلالِ؛ ",
            "2": " اللّٰهُمَّ صَلِّ عَلىٰ مُحَمَّدٍ وَ آلِهِ ، وَاجْعَلْ صَلَوَاتِكَ وَصَلَوَاتِ مَلائِكَتِكَ ، وَأَنْبِيائِكَ وَالْمُرْسَلِينَ وَعِبَادِكَ الصَّالِحِينَ ، وَأَهْلِ السَّمَاوَاتِ وَالْأَرَضِينَ ، وَمَنْ سَبَّحَ لَكَ يَا رَبَّ الْعَالَمِينَ مِنَ الْأَوَّلِينَ وَالْآخِرِينَ ، عَلَىٰ مُحَمَّدٍ عَبْدِكَ وَرَسُولِكَ ، وَنَبِيِّكَ وَأَمِينِكَ ، وَنَجِيبِكَ وَحَبِيبِكَ ، وَصَفِيِّكَ وَصِفْوَتِكَ ، وَخَاصَّتِكَ وَخَالِصَتِكَ ، وَخِيَرَتِكَ مِنْ خَلْقِكَ ، وَأَعْطِهِ الْفَضْلَ وَالْفَضِيلَةَ وَالْوَسِيلَةَ وَالدَّرَجَةَ الرَّفِيعَةَ ، وَابْعَثْهُ مَقاماً مَحْمُوداً يَغْبِطُهُ بِهِ الْأَوَّلُونَ وَالْآخِرُونَ . اللّٰهُمَّ إِنَّكَ قُلْتَ : ﴿وَ لَوْ أَنَّهُمْ إِذْ ظَلَمُوا أَنْفُسَهُمْ جٰاؤُكَ فَاسْتَغْفَرُوا اللّٰهَ وَ اسْتَغْفَرَ لَهُمُ الرَّسُولُ لَوَجَدُوا اللّٰهَ تَوّٰاباً رَحِيماً ﴾، إِلٰهِى فَقَدْ أَتَيْتُ نَبِيَّكَ مُسْتَغْفِراً تَائِباً مِنْ ذُنُوبِى ، فَصَلِّ عَلىٰ مُحَمَّدٍ وَ آلِهِ وَاغْفِرْها لِى ، يَاسَيِّدَنا أَتَوَجَّهُ بِكَ وَبِأَهْلِ بَيْتِكَ إِلَى اللّٰهِ تَعَالىٰ رَبِّكَ وَرَبِّى لِيَغْفِرَ لِى. ",
            "3": " ﴿إِنَّا لِلّهِ وَ إِنَّا إِلَيْهِ رَاجِعُونَ﴾ ",
            "4": " أُصِبْنا بِكَ يَا حَبِيبَ قُلُوبِنا ، فَمَا أَعْظَمَ الْمُصِيبَةَ بِكَ حَيْثُ انْقَطَعَ عَنَّا الْوَحْىُ ، وَحَيْثُ فَقَدْنَاكَ ، فَإِنَّا لِلّٰهِ وَ إِنَّا إِلَيْهِ راجِعُونَ . يَا سَيِّدَنا يَا رَسُولَ اللّٰهِ صَلَوَاتُ اللّٰهِ عَلَيْكَ وَعَلَىٰ آلِ بَيْتِكَ الطَّاهِرِينَ ، هٰذَا يَوْمُ السَّبْتِ وَهُوَ يَوْمُكَ ، وَأَنَا فِيهِ ضَيْفُكَ وَجَارُكَ ، فَأَضِفْنِى وَأَجِرْنِى ، فَإِنَّكَ كَرِيمٌ تُحِبُّ الضِّيَافَةَ ، وَمَأمُورٌ بِالْإِجارَةِ ، فَأَضِفْنِى وَأَحْسِنْ ضِيَافَتِى ، وَأَجِرْنا وَأَحْسِنْ إِجَارَتَنا ، بِمَنْزِلَةِ اللّٰهِ عِنْدَكَ وَعِنْدَ آلِ بَيْتِكَ ، وَبِمَنْزِلَتِهِمْ عِنْدَهُ ، وَبِمَا اسْتَوْدَعَكُمْ مِنْ عِلْمِهِ فَإِنَّهُ أَكْرَمُ الْأَكْرَمِينَ. ",
            "5": " السَّلامُ عَلَيْكَ يَا رَسُولَ اللّٰهِ وَرَحْمَةُ اللّٰهِ وَبَرَكَاتُهُ ، السَّلامُ عَلَيْكَ يَا مُحَمَّدَ بْنَ عَبْدِاللّٰه ، السَّلامُ عَلَيْكَ يَا خِيَرَةَ اللّٰهِ ، السَّلامُ عَلَيْكَ يَا حَبِيبَ اللّٰهِ ، السَّلامُ عَلَيْكَ يَا صِفْوَةَ اللّٰهِ ، السَّلامُ عَلَيْكَ يَا أَمِينَ اللّٰهِ ، أَشْهَدُ أَنَّكَ رَسُولُ اللّٰهِ ، وَأَشْهَدُ أَنَّكَ مُحَمَّدُ بْنُ عَبْدِ اللّٰهِ ، وَأَشْهَدُ أَنَّكَ قَدْ نَصَحْتَ لِأُمَّتِكَ ، وَجَاهَدْتَ فِى سَبِيلِ رَبِّكَ ، وَعَبَدْتَهُ حَتَّىٰ أَتَاكَ الْيَقِينُ ، فَجَزَاكَ اللّٰهُ يَا رَسُولَ اللّٰهِ أَفْضَلَ ما جَزىٰ نَبِيّاً عَنْ أُمَّتِهِ . اللّٰهُمَّ صَلِّ عَلىٰ مُحَمَّدٍ وَآلِ مُحَمَّدٍ أَفْضَلَ ما صَلَّيْتَ عَلىٰ إِبْراهِيمَ وَآلِ إِبْراهِيمَ إِنَّكَ حَمِيدٌ مَجِيدٌ. "
        },
        "farsi": {
            "1": " شهادت می‌دهم که معبودی جز خدا نیست، یکتاست و شریکی ندارد و گواهی می‌دهم که تو فرستاده اویی و تویی محمّد فرزند عبدالله و شهادت می‌دهم که تو پیام‌های پروردگارت را به مردم رساندی و برای امّتت خیرخواهی نمودی و در راه خدا با حکمت و اندرز پسندیده کوشیدی و آنچه را از حق بر عهده‌ی تو بود ادا کردی و همانا تو به مردمان مؤمن مهربانی نمودی و بر کافران سخت گرفتی و خدا را با خلوص کامل تا رسیدن مرگ بندگی کردی، پس خداوند تو را به شریف‌ترین مقام اهل کرامت نائل گرداند؛ سپاس خدای را که ما را به وسیله تو از شرک و گمراهی رهانید؛ ",
            "2": " خدایا! بر محمّد و خاندانش درود فرست و درود خود و فرشتگان و پیامبران و فرستادگان و بندگان شایسته‌ات و همه اهل آسمان‌ها و زمین‌ها و هر آنکه از پیشینیان و آیندگان تسبیح تو گوید را ای پروردگار جهانیان، بر محمّد بنده شایسته و پیامبر و فرستاده‌ات و امین و برگزیده و محبوب و پاک و بنده و خاص و خالصت و اختیار شده از میان بندگانت، قرار ده.\r\nخدایا! به او فضل و برتری و مرتبه‌ی شفاعت و درجه بلند عطا کن و او را به مقام ستوده‌ای که پیشینیان و آیندگان بر آن رشک برند برانگیز. خدا! تو فرموده‌ای: «اگر ایشان آنگاه که بر خود ستم کردند نزد تو می‌آمدند، پس از خدا طلب آمرزش می‌کردند و پیامبر نیز برای ایشان درخواست آمرزش می‌نمود، به یقین خدا را توبه‌پذیر و مهربان می‌یافتند»؛ خدایا! من استغفارکنان و پشیمان از گناهانم نزد پیامبرت آمدم، پس بر محمّد و خاندانش درود فرست و گناهانم را بیامرز.\r\n ای سرور ما، دستم به دامن تو و خاندانت، به‌جانب خدای متعال که پروردگار من و توست روی می‌آورم تا مرا بیامرزد. ",
            "3": "همه از خداییم و به‌سوی او باز می‌گردیم.",
            "4": "  ای محبوب دل‌های ما، ما به خاطر تو سوگواریم و چه بزرگ است سوگواری بر تو ازآن‌رو که وحی از ما بریده و هم ازآن‌رو که به فقدان تو دچار آمده‌ایم، چه ما از خداییم و به‌سوی او باز می‌گردیم، ای سرور ما، ای فرستاده‌ی خدا، درود خدا بر تو و بر خاندان پاک پاکیزه‌ات باد. امروز روز شنبه است و آن روز توست و من در این روز مهمان تو و پناهنده به درگاه توأم، پس از من پذیرایی کن و به من پناه ده، زیرا تو بزرگوار و مهمان‌نوازی و از سوی حق‌تعالی مأمور به پناه دادنی، پس از من پذیرایی کن و نیکو پذیرایی فرما و ما را پناه ده و نیکو پناهمان ده، به برکت جایگاهی که خدا نزد تو و نزد خاندانت دارد و به‌حق منزلی که آنان نزد خدا دارند و به‌حق آنچه از دانشش نزد شما سپرده که همانا او گرامی‌ترین گرامیان است.",
            "5": " سلام و رحمت خدا و برکاتش بر تو ای رسول خدا، سلام بر تو ای محمّد بن عبدالله، سلام بر تو ای اختیار شده‌ی خدا، سلام بر تو ای محبوب خدا، سلام بر تو ای برگزیده خدا، سلام بر تو ای امین وحی خدا، شهادت می‌دهم که تو فرستاده خدایی و گواهی می‌دهم که تو محمّد بن عبدالله هستی و گواهی می‌دهم که تو امّت خویش را خیرخواهانه پند گفتی و در راه پروردگارت جهاد کردی و او را تا زمان مرگ پرستیدی، پس خدا پاداشت دهد ای فرستاده‌ی خدا، بهترین پاداشی که به پیامبری از سوی امّتش می‌دهد. خدایا! بر محمّد و خاندان محمّد درود فرست؛ برترین درودی که بر ابراهیم و خاندان ابراهیم فرستادی، همانا تو ستوده و بزرگواری."
        },
        "tozih": {
            "1": "",
            "2": "",
            "3": "آنگاه «سه بار» بگو:",
            "4": " سپس بگو: ",
            "5": " گردآورنده این کتاب عباس قمی (خدایش ببخشاید) گوید: من هرگاه خواستم رسول خدا را به این زیارت، زیارت نمایم، نخست آن حضرت را به صورتی که امام هشتم تعلیم بَزَنطی فرموده زیارت می‌کنم، پس‌ازآن این زیارت را می‌خوانم؛ و آن زیارت [زیارت تعلیم داده شده به بزنطی] به‌گونه‌ای که با سند صحیح روایت شده چنین است:\n\nابن ابی نصر خدمت حضرت امام رضا (علیه‌السلام) عرض کرد: پس از نماز باید چگونه بر حضرت پیامبر (صلی‌الله‌علیه‌وآله) صلوات و سلام فرستاد؟ فرمود: می‌گویی: "
        }
    }
}