{
    "235": {
        "number": 235,
        "bab": 75,
        "title": "حرز حضرت فاطمه(ع)\n",
        "arabic": {
            "1": "بِسْمِ اللّٰهِ الرَّحْمٰنِ الرَّحِيمِ، يَا حَيُّ يَا قَيُّوْمُ، بِرَحْمَتِكَ أَسْتَغِيثُ، فَأَغِثْنِي وَلَا تَكِلْنِي إِلىٰ نَفْسِي طَرْفَةَ عَيْنٍ أَبَداً، وَأَصْلِحْ لِي شَأْنِي كُلَّهُ.\n",
            "2": "",
            "3": "",
            "4": "",
            "5": "",
            "6": "",
            "7": "",
            "8": "",
            "9": "",
            "10": "",
            "11": "",
            "12": "",
            "13": "",
            "14": "",
            "15": ""
        },
        "farsi": {
            "1": "به نام خدا که رحمتش بسیار و مهربانی\u200Cاش همیشگی است، ای زنده، ای پاینده، به رحمتت درخواست فریادرسی می\u200Cکنم، پس به فریادم برس و مرا هرگز چشم برهم\u200C زدنی به خود وامگذار و همه کارهایم را اصلاح فرما.\n",
            "2": "",
            "3": "",
            "4": "",
            "5": "",
            "6": "",
            "7": "",
            "8": "",
            "9": "",
            "10": "",
            "11": "",
            "12": "",
            "13": "",
            "14": "",
            "15": ""
        },
        "tozih": {
            "1": "",
            "2": "",
            "3": "",
            "4": "",
            "5": "",
            "6": "",
            "7": "",
            "8": "",
            "9": "",
            "10": "",
            "11": "",
            "12": "",
            "13": "",
            "14": "",
            "15": ""
        }
    }
}