{
    "236": {
        "number": 236,
        "bab": 75,
        "title": "حرز امام زین العابدین حضرت سجاد(ع)",
        "arabic": {
            "1": "بِسْمِ اللّٰهِ الرَّحْمٰنِ الرَّحِيمِ، بِسْمِ اللّٰهِ وَبِاللّٰهِ، سَدَدْتُ أَفْواهَ الْجِنِّ وَالْإِنْسِ\u200C وَ الشَّياطِينِ وَالسَّحَرَةِ، وَالْأَبالِسَةِ مِنَ الْجِنِّ وَالْإِنْسِ وَالسَّلاطِينِ وَمَنْ يَلُوذُ بِهِمْ، بِاللّٰهِ الْعَزِيزِ الْأَعَزِّ، وَبِاللّٰهِ الْكَبِيرِ الْأَكْبَرِ، بِسْمِ اللّٰهِ الظَّاهِرِ الْباطِنِ الْمَكْنُونِ الْمَخْزُونِ الَّذِي أَقامَ بِهِ السَّمَاوَاتِ وَالْأَرْضَ، ثُمَّ اسْتَوَىٰ عَلَى الْعَرْشِ، بِسْمِ اللّٰهِ الرَّحْمٰنِ الرَّحِيمِ، ﴿وَ وَقَعَ الْقَوْلُ عَلَيْهِمْ بِمٰا ظَلَمُوا فَهُمْ لاٰ يَنْطِقُونَ﴾، ﴿قٰالَ اخْسَؤُا فِيهٰا وَ لاٰ تُكَلِّمُونِ﴾؛\n",
            "2": "﴿وَ عَنَتِ الْوُجُوهُ لِلْحَيِّ الْقَيُّومِ وَ قَدْ خٰابَ مَنْ حَمَلَ ظُلْماً﴾، ﴿وَ خَشَعَتِ الْأَصْوٰاتُ لِلرَّحْمٰنِ فَلاٰ تَسْمَعُ إِلاّٰ هَمْساً﴾، ﴿وَ جَعَلْنٰا عَلىٰ قُلُوبِهِمْ أَكِنَّةً أَنْ يَفْقَهُوهُ، وَ فِي آذٰانِهِمْ وَقْراً، وَ إِذٰا ذَكَرْتَ رَبَّكَ فِي الْقُرْآنِ وَحْدَهُ وَلَّوْا عَلىٰ أَدْبٰارِهِمْ نُفُوراً﴾، ﴿وَ إِذٰا قَرَأْتَ الْقُرْآنَ جَعَلْنٰا بَيْنَكَ وَ بَيْنَ الَّذِينَ لاٰ يُؤْمِنُونَ بِالْآخِرَةِ حِجٰاباً مَسْتُوراً﴾، ﴿وَ جَعَلْنٰا مِنْ بَيْنِ أَيْدِيهِمْ سَدًّا وَ مِنْ خَلْفِهِمْ سَدًّا فَأَغْشَيْنٰاهُمْ فَهُمْ لاٰ يُبْصِرُونَ﴾، ﴿اَلْيَوْمَ نَخْتِمُ عَلىٰ أَفْوٰاهِهِمْ وَ تُكَلِّمُنٰا أَيْدِيهِمْ﴾ ﴿فَهُمْ لاٰ يَنْطِقُونَ﴾، ﴿لَوْ أَنْفَقْتَ مٰا فِي الْأَرْضِ جَمِيعاً مٰا أَلَّفْتَ بَيْنَ قُلُوبِهِمْ، وَ لٰكِنَّ اللّٰهَ أَلَّفَ بَيْنَهُمْ إِنَّهُ عَزِيزٌ حَكِيمٌ﴾، وَصَلَّى اللّٰهُ عَلَىٰ مُحَمَّدٍ وَآلِهِ الطَّاهِرِينَ.\n",
            "3": "",
            "4": "",
            "5": "",
            "6": "",
            "7": "",
            "8": "",
            "9": "",
            "10": "",
            "11": "",
            "12": "",
            "13": "",
            "14": "",
            "15": ""
        },
        "farsi": {
            "1": "به نام خدا که رحمتش بسیار و مهربـانی\u200Cاش همیشگی است، به نام خدا و به خدا، دهان\u200Cهای جنّ و انس و شیاطین و جادوگران و ابلیسان از جنّ و انس و پادشاهان و هرکه به آن\u200Cها پناه می\u200Cبرند بستم به وسیلۀ خدای عزیز عزیزتر و به خدای بزرگ بزرگ\u200Cتر، به نام خدای ظاهر باطن مستور محفوظ که بر پا کرد به آن آسمان\u200Cها و زمین را، سپس بر عرش مستولی شد، به نام خدا که رحمتش بسیار و مهربانی\u200Cاش همیشگی است، «به سبب ستمی که [به آیات ما] روا داشتند عذاب بر آنان حتمی می\u200Cشود و [با دیدن عذاب] از سخن گفتن بازمی\u200Cمانند\u200C»؛ «[خداوند] پاسخ می\u200Cدهد: [ای سگان!] در دوزخ گم شوید و با من سخن مگویید\u200C».\n",
            "2": "«همۀ چهره\u200Cها در برابر خداوندِ زندۀ جاوید و قائم به ذات فروتن می\u200Cشود و کسی که بارِ ستمی را [که مانع از رسیدن به سعادت اَبدی است] با خود برداشت مسلّماً [از رحمت و شفاعت شفیعان] محروم است\u200C»، «و صداها در برابر خداوندِ رحمان فرومی\u200Cنشیند و جز صدای آهسته چیزی نمی\u200Cشنوی» «و نیز بر دل\u200Cهایشان پوشش\u200Cهایی گذاشته\u200Cایم تا آن را نفهمند و در گوش\u200Cهایشان [نیز] سنگینی [نهاده\u200Cایم تا موفق به گوش دادن موثر نشوند]، چون پروردگارت را براساس آیات قرآن به یگانگی یاد کنی، با حالت رمیدگی از تو رویگردان می\u200Cشوند\u200C»؛ «هنگامی که قرآن بخوانی، بین تو و آنان\u200Cکه به آخرت ایمان ندارند پرده\u200Cای نامرئی قرار می\u200Cدهیم [که حقایق را درک نکنند]» و «[به کیفر لجاجت و کبرشان] از پیشِ روی [دل و جانشان] و از پشت\u200Cسرِ [عقلشان و وجودشان] حایلی [بلند و تاریک\u200Cزا] قرار داده\u200Cایم و [دیدگان] آنان را به\u200Cصورتی فراگیر پوشانده\u200Cایم که نور هدایت را نمی\u200Cبینند\u200C»، «امروز بر دهان\u200Cهایشان مُهر [سکوت] می\u200Cنهیم و [به\u200Cجای زبانشان که همواره دروغ می\u200Cگفت] دست\u200Cهایشان با ما سخن می\u200Cگویند»، «پس خود انها [با دیدن عذاب] از سخن گفتن بازمی\u200Cمانند»، «اگر همۀ آنچه را در زمین است هزینه می\u200Cکردی قدرت نداشتی میان دل\u200Cهایشان الفت ایجاد کنی، ولی خداوند بین آنان الفت انداخت؛ زیرا او توانای شکست\u200Cناپذیر و حکیم است» و درود خدا بر محمّد و خاندان پاکش.\n",
            "3": "",
            "4": "",
            "5": "",
            "6": "",
            "7": "",
            "8": "",
            "9": "",
            "10": "",
            "11": "",
            "12": "",
            "13": "",
            "14": "",
            "15": ""
        },
        "tozih": {
            "1": "",
            "2": "",
            "3": "",
            "4": "",
            "5": "",
            "6": "",
            "7": "",
            "8": "",
            "9": "",
            "10": "",
            "11": "",
            "12": "",
            "13": "",
            "14": "",
            "15": ""
        }
    }
}