{
    "237": {
        "number": 237,
        "bab": 75,
        "title": "حرز امام جعفر صادق(ع)",
        "arabic": {
            "1": "بِسْمِ اللّٰهِ الرَّحْمٰنِ الرَّحِيمِ، يَا خالِقَ الْخَلْقِ، وَيَا باسِطَ الرِّزْقِ، وَيَا فالِقَ الْحَبِّ، وَيَا بارِئَ النَّسَمِ، وَمُحْيِيَ الْمَوْتَىٰ، وَمُمِيتَ الْأَحْياءِ، وَدائِمَ الثَّباتِ، وَمُخْرِجَ النَّباتِ، افْعَلْ بِي مَا أَنْتَ أَهْلُهُ، وَلَا تَفْعَلْ بِي مَا أَنَا أَهْلُهُ، وَأَنْتَ أَهْلُ التَّقْوَىٰ وَأَهْلُ الْمَغْفِرَةِ.\n",
            "2": "",
            "3": "",
            "4": "",
            "5": "",
            "6": "",
            "7": "",
            "8": "",
            "9": "",
            "10": "",
            "11": "",
            "12": "",
            "13": "",
            "14": "",
            "15": ""
        },
        "farsi": {
            "1": "به نام خدا که رحمتش بسیار و مهربانی\u200Cاش همیشگی است، ای آفریننده\u200Cی مخلوقات و ای گسترنده روزی و ای شکافنده دانه و ای آفریننده تنفّس کنندگان و زنده کننده مردگان و میراننده زندگان و همیشه پایدار و برآورنده\u200Cی گیاه، با من آن کن که تو شایسته\u200Cی آنی و با من آن مکن که من سزاوار آنم و تو اهل پروا و اهل آمرزشی.\n",
            "2": "",
            "3": "",
            "4": "",
            "5": "",
            "6": "",
            "7": "",
            "8": "",
            "9": "",
            "10": "",
            "11": "",
            "12": "",
            "13": "",
            "14": "",
            "15": ""
        },
        "tozih": {
            "1": "",
            "2": "",
            "3": "",
            "4": "",
            "5": "",
            "6": "",
            "7": "",
            "8": "",
            "9": "",
            "10": "",
            "11": "",
            "12": "",
            "13": "",
            "14": "",
            "15": ""
        }
    }
}