{
    "240": {
        "number": 240,
        "bab": 75,
        "title": "حکایت عجیب حرز امام هشتم حضرت امام رضا(علیه\u200Cالسلام)",
        "arabic": {
            "1": "",
            "2": "",
            "3": "",
            "4": "",
            "5": "",
            "6": "",
            "7": "",
            "8": "",
            "9": "",
            "10": "",
            "11": "",
            "12": "",
            "13": "",
            "14": "",
            "15": ""
        },
        "farsi": {
            "1": "",
            "2": "",
            "3": "",
            "4": "",
            "5": "",
            "6": "",
            "7": "",
            "8": "",
            "9": "",
            "10": "",
            "11": "",
            "12": "",
            "13": "",
            "14": "",
            "15": ""
        },
        "tozih": {
            "1": "برای «این حرز» حکایت عجیبی است که آن را ابوالصّلت هروی [چنین] روایت کرده: مولایم علی بن موسی\u200Cالرضا(علیه\u200Cالسلام) روزی در منزلش نشسته بود، فرستاده مأمون بر او وارد شد و گفت: امیر تو را می\u200Cطلبد.\nامام برخاست و به من گفت: مأمون در این وقت مرا نمی\u200Cطلبد مگر برای کاری سخت و به خدا نمی\u200Cتواند به من آسیبی برساند، به خاطر این کلمات که از جدّم رسول خدا(صلی\u200Cالله\u200Cعلیه\u200Cوآله) به من رسیده.\nابوالصّلت گفت: همراه امام نزد مأمون رفتم، چون نظر حضرت به مأمون افتاد، این حرز را تا آخر خواند. وقتی که حضرت برابر مأمون قرار گرفت، مأمون به\u200Cجانب آن بزرگوار نگریست و گفت: ای ابوالحسن، دستور داده\u200Cام صد هزار درهم به حضرتت بدهند و هر حاجتی داری بنویس.\nچون امام برگشت، مأمون نظر در قفای امام کرد و گفت: اراده کردم من و اراده کرده است خداوند و آنچه خداوند اراده کرده بهتر بوده.",
            "2": "",
            "3": "",
            "4": "",
            "5": "",
            "6": "",
            "7": "",
            "8": "",
            "9": "",
            "10": "",
            "11": "",
            "12": "",
            "13": "",
            "14": "",
            "15": ""
        }
    }
}