{
    "241": {
        "number": 241,
        "bab": 75,
        "title": "حرز امام جواد، حضرت امام محمدتقی(ع)",
        "arabic": {
            "1": "يَا نُورُ يَا بُرْهانُ، يَا مُبِينُ يَا مُنِيرُ، يَا رَبِّ اكْفِنِي الشُّرُورَ وَآفاتِ الدُّهُورِ، وَأَسْأَلُكَ النَّجاةَ يَوْمَ يُنْفَخُ فِي الصُّورِ.\n",
            "2": "",
            "3": "",
            "4": "",
            "5": "",
            "6": "",
            "7": "",
            "8": "",
            "9": "",
            "10": "",
            "11": "",
            "12": "",
            "13": "",
            "14": "",
            "15": ""
        },
        "farsi": {
            "1": "ای نور، ای برهان، ای روشنگر، ای روشنی بخش، ای پروردگارم، شُرور و آفات روزگاران را از من باز دار و از تو می\u200Cخواهم نجات روزی را که در صور دمیده می\u200Cشود.\n",
            "2": "",
            "3": "",
            "4": "",
            "5": "",
            "6": "",
            "7": "",
            "8": "",
            "9": "",
            "10": "",
            "11": "",
            "12": "",
            "13": "",
            "14": "",
            "15": ""
        },
        "tozih": {
            "1": "",
            "2": "",
            "3": "",
            "4": "",
            "5": "",
            "6": "",
            "7": "",
            "8": "",
            "9": "",
            "10": "",
            "11": "",
            "12": "",
            "13": "",
            "14": "",
            "15": ""
        }
    }
}