{
    "242": {
        "number": 242,
        "bab": 75,
        "title": "حرز امام هادی، حضرت امام علی النقی(ع)",
        "arabic": {
            "1": "بِسْمِ اللّٰهِ الرَّحْمٰنِ الرَّحِيمِ، يَا عَزِيزَ الْعِزِّ فِي عِزِّهِ، مَا أَعَزَّ عَزِيزَ الْعِزِّ فِي عِزِّهِ، يَا عَزِيزُ أَعِزَّنِي بِعِزِّكَ، وَأَيِّدْنِي بِنَصْرِكَ، وَادْفَعْ عَنِّي هَمَزاتِ الشَّياطِينِ، وَادْفَعْ عَنِّي بِدَفْعِكَ، وَامْنَعْ عَنِّي بِصُنْعِكَ، وَاجْعَلْنِي مِنْ خِيارِ خَلْقِكَ، يَا واحِدُ يَا أَحَدُ يَا فَرْدُ يَا صَمَدُ.\n",
            "2": "",
            "3": "",
            "4": "",
            "5": "",
            "6": "",
            "7": "",
            "8": "",
            "9": "",
            "10": "",
            "11": "",
            "12": "",
            "13": "",
            "14": "",
            "15": ""
        },
        "farsi": {
            "1": "به نام خدا که رحمتش بسیار و مهربانی\u200Cاش همیشگی است، ای که عزّتش عزیز در عزّتش، چه عزیز است آن\u200Cکه عزّتش عزیز است در عزّتش، ای عزیز، عزیزم گردان به عزّتت و حمایتم کن به یاری\u200Cات، وسوسه\u200Cهای شیطان را از من دور کن و دفاع کن از من به دفاعت و بازدار از من به کردارت و مرا از خوبان بندگانت گردان، ای یگانه، ای یکتا، ای تنها، ای بی\u200Cنیاز.\n",
            "2": "",
            "3": "",
            "4": "",
            "5": "",
            "6": "",
            "7": "",
            "8": "",
            "9": "",
            "10": "",
            "11": "",
            "12": "",
            "13": "",
            "14": "",
            "15": ""
        },
        "tozih": {
            "1": "",
            "2": "",
            "3": "",
            "4": "",
            "5": "",
            "6": "",
            "7": "",
            "8": "",
            "9": "",
            "10": "",
            "11": "",
            "12": "",
            "13": "",
            "14": "",
            "15": ""
        }
    }
}