{
    "243": {
        "number": 243,
        "bab": 75,
        "title": "حرز امام حسن عسکری(ع)",
        "arabic": {
            "1": "بِسْمِ اللّٰهِ الرَّحْمٰنِ الرَّحِيمِ، يَا عُدَّتِي عِنْدَ شِدَّتِي، وَيَا غَوْثِي عِنْدَ كُرْبَتِي، وَيَا مُؤْنِسِي عِنْدَ وَحْدَتِي، احْرُسْنِي بِعَيْنِكَ الَّتِي لَاتَنامُ، وَاكْنُفْنِي بِرُكْنِكَ الَّذِي لَايُرامُ.\n",
            "2": "",
            "3": "",
            "4": "",
            "5": "",
            "6": "",
            "7": "",
            "8": "",
            "9": "",
            "10": "",
            "11": "",
            "12": "",
            "13": "",
            "14": "",
            "15": ""
        },
        "farsi": {
            "1": "به نام خدا که رحمتش بسیار و مهربانی\u200Cاش همیشگی است؛ ای توشه\u200Cام در سختی و ای پناهم در گرفتاری و ای مونسم در تنهایی، به دیده\u200Cات که نمی\u200Cخوابد از من نگهبانی کن و در کنف رکنت که قصد آن نمی\u200Cشود، مرا بگیر.\n",
            "2": "",
            "3": "",
            "4": "",
            "5": "",
            "6": "",
            "7": "",
            "8": "",
            "9": "",
            "10": "",
            "11": "",
            "12": "",
            "13": "",
            "14": "",
            "15": ""
        },
        "tozih": {
            "1": "",
            "2": "",
            "3": "",
            "4": "",
            "5": "",
            "6": "",
            "7": "",
            "8": "",
            "9": "",
            "10": "",
            "11": "",
            "12": "",
            "13": "",
            "14": "",
            "15": ""
        }
    }
}