{
    "244": {
        "number": 244,
        "bab": 75,
        "title": "حرز امام زمان، حضرت مولانا القائم امام مهدی(ع)",
        "arabic": {
            "1": "بِسْمِ اللّٰهِ الرَّحْمٰنِ الرَّحِيمِ، يَا مالِكَ الرِّقابِ، وَيَا هازِمَ الْأَحْزابِ، يَا مُفَتِّحَ الْأَبْوابِ، يَا مُسَبِّبَ الْأَسْبابِ، سَبِّبْ لَنا سَبَباً لَا نَسْتَطِيعُ لَهُ طَلَباً، بِحَقِّ لَاإِلٰهَ إِلّا اللّٰهُ مُحَمَّدٌ رَسُولُ اللّٰهِ، صَلَّى اللّٰهُ عَلَيْهِ وَعَلَىٰ آلِهِ أَجْمَعِينَ.\n",
            "2": "",
            "3": "",
            "4": "",
            "5": "",
            "6": "",
            "7": "",
            "8": "",
            "9": "",
            "10": "",
            "11": "",
            "12": "",
            "13": "",
            "14": "",
            "15": ""
        },
        "farsi": {
            "1": "به نام خدا که رحمتش بسیار و مهربانی\u200Cاش همیشگی است، ای مالک بندگان، ای فراری دهنده گروه\u200Cهای کفر، ای گشاینده درها، ای فراهم کننده سبب\u200Cها، برای ما سببی فراهم کن که یارای جستنش را نداریم، به\u200Cحق لا اله\u200C الا الله، محمّد رسول\u200Cالله، درود خدا بر او و بر همه\u200Cی خاندانش.\n",
            "2": "",
            "3": "",
            "4": "",
            "5": "",
            "6": "",
            "7": "",
            "8": "",
            "9": "",
            "10": "",
            "11": "",
            "12": "",
            "13": "",
            "14": "",
            "15": ""
        },
        "tozih": {
            "1": "",
            "2": "",
            "3": "",
            "4": "",
            "5": "",
            "6": "",
            "7": "",
            "8": "",
            "9": "",
            "10": "",
            "11": "",
            "12": "",
            "13": "",
            "14": "",
            "15": ""
        }
    }
}