{
    "10": {
        "number": 10,
        "bab": 2,
        "title": "دعای «یا من ارجوه لکل خیر» ماه رجب",
        "arabic": {
            "1": " يَا مَنْ أَرْجُوهُ لِكُلِّ خَيْرٍ، وَآمَنُ سَخَطَهُ عِنْدَ كُلِّ شَرٍّ، يَا مَنْ يُعْطِى الْكَثِيرَ بِالْقَلِيلِ، يَا مَنْ يُعْطِى مَنْ سَأَلَهُ، يَا مَنْ يُعْطِى مَنْ لَمْ يَسْأَلْهُ وَمَنْ لَمْ يَعْرِفْهُ تَحَنُّناً مِنْهُ وَرَحْمَةً، أَعْطِنِى بِمَسْأَلَتِى إِيَّاكَ جَمِيعَ خَيْرِ الدُّنْيا وَجَمِيعَ خَيْرِ الْآخِرَةِ، وَاصْرِفْ عَنِّى بِمَسْأَلَتِى إِيَّاكَ جَمِيعَ شَرِّ الدُّنْيا وَشَرِّ الْآخِرَةِ، فَإِنَّهُ غَيْرُ مَنْقُوصٍ مَا أَعْطَيْتَ، وَزِدْنِى مِنْ فَضْلِكَ يَا كَرِيمُ. ",
            "2": " يَا ذَا الْجَلالِ وَالْإِكْرامِ، يَا ذَا النَّعْماءِ وَالْجُودِ، يَا ذَا الْمَنِّ وَالطَّوْلِ، حَرِّمْ شَيْبَتِي عَلَى النَّارِ. "

        },
        "farsi": {
            "1": " ای آن\u200Cکه هر خیری را از او امید دارم و از خشمش در هر شرّی ایمنی جویم، ای آن\u200Cکه در برابر عبادت اندک مزد بسیار عطا می\u200Cکند، ای آن\u200Cکه به هرکه از او بخواهد می\u200Cبخشد، ای آن\u200Cکه به هرکه از او نخواهد و او را نشناسد نیز می\u200Cبخشد، عطایش از روی مهربانی و رحمت است، با درخواستم از تو، همه\u200Cی خیر دنیا و خیر آخرت را به من عطا کن و با درخواستم از تو همه شر دنیا و شر آخرت را بازگردان، زیرا آنچه را تو عطا کردی کاستی ندارد و از احسانت بر من بیفزای ای مهمان\u200Cنواز. ",
            "2": " ای دارای بزرگی و رأفت و محبت، ای دارای بخشش و جود، ای دارای عطا و کرم، محاسنم را بر آتش دوزخ حرام کن."
        },
        "tozih": {
            "1": "سید ابن طاووس از محمّد بن ذکران که معروف به سجّاد است، چه آن\u200Cقدر سجده کرد و در حال سجده گریست که نابینا شد، روایت کرده که گفت:\nبه امام صادق(علیه\u200Cالسلام) عرض کردم: فدایت شوم، این ماه، ماه رجب است، مرا در این ماه دعایی بیاموز که حق\u200Cتعالی مرا به آن سود بخشد، حضرت فرمود: بنویس «بِسْمِ اللّٰهِ الرَّحْمٰنِ الرَّحِیمِ» و در هرروز از رجب در صبح و شام پس از نمازهای روز و شب بگو: ",
            "2": " راوی گفت: حضرت مَحاسن (موهای صورت) شریف خود را در پنجه\u200Cی چپ گرفت و این دعا را با حالت درماندگی و زاری همراه حرکت دادن انگشت اشاره دست راست خواند و پس از این گفت: "
        }
    }
}