{
    "100": {
        "number": 100,
        "bab": 2,
        "title": "دعای «اللهم انی اسالک من فضلک»",
        "arabic": {
            "1": " اللّٰهُمَّ إِنِّى أَسْأَلُكَ مِنْ فَضْلِكَ بِأَفْضَلِهِ وَكُلُّ فَضْلِكَ فاضِلٌ، اللّٰهُمَّ إِنِّى أَسْأَلُكَ بِفَضْلِكَ كُلِّهِ. اللّٰهُمَّ إِنِّى أَسْأَلُكَ مِنْ رِزْقِكَ بِأَعَمِّهِ وَكُلُّ رِزْقِكَ عامٌّ، اللّٰهُمَّ إِنِّى أَسْأَلُكَ بِرِزْقِكَ كُلِّهِ. اللّٰهُمَّ إِنِّى أَسْأَلُكَ مِنْ عَطائِكَ بِأَهْنَئِهِ وَكُلُّ عَطائِكَ هَنِىءٌ، اللّٰهُمَّ إِنِّى أَسْأَلُكَ بِعَطائِكَ كُلِّهِ . ",
            "2": " اللّٰهُمَّ إِنِّى أَسْأَلُكَ مِنْ خَيْرِكَ بِأَعْجَلِهِ وَكُلُّ خَيْرِكَ عاجِلٌ، اللّٰهُمَّ إِنِّى أَسْأَلُكَ بِخَيْرِكَ كُلِّهِ . اللّٰهُمَّ إِنِّى أَسْأَلُكَ مِنْ إِحْسانِكَ بِأَحْسَنِهِ وَكُلُّ إِحْسانِكَ حَسَنٌ، اللّٰهُمَّ إِنِّى أَسْأَلُكَ بِإِحْسانِكَ كُلِّهِ . اللّٰهُمَّ إِنِّى أَسْأَلُكَ بِما تُجِيبُنِى بِهِ حِينَ أَسْأَلُكَ، فَأَجِبْنِى يَا اللّٰهُ، وَصَلِّ عَلَىٰ مُحَمَّدٍ عَبْدِكَ الْمُرْتَضىٰ، وَرَسُولِكَ الْمُصْطَفىٰ، وَأَمِينِكَ وَنَجِيِّكَ دُونَ خَلْقِكَ، وَنَجِيبِكَ مِنْ عِبادِكَ وَ نَبِيِّكَ بِالصِّدْقِ وَ حَبِيبِكَ؛ ",
            "3": " وَ صَلِّ عَلَىٰ رَسُو لِكَ وَخِيَرَتِكَ مِنَ الْعالَمِينَ الْبَشِيرِ النَّذِيرِ، السِّراجِ الْمُنِيرِ، وَعَلَىٰ أَهْلِ بَيْتِهِ الْأَبْرارِ الطّاهِرِينَ، وَعَلَىٰ مَلائِكَتِكَ الَّذِينَ اسْتَخْلَصْتَهُمْ لِنَفْسِكَ وَحَجَبْتَهُمْ عَنْ خَلْقِكَ، وَعَلَىٰ أَنْبِيائِكَ الَّذِينَ يُنْبِئُونَ عَنْكَ بِالصِّدْقِ، وَعَلَىٰ رُسُلِكَ الَّذِينَ خَصَصْتَهُمْ بِوَحْيِكَ وَفَضَّلْتَهُمْ عَلَى الْعالَمِينَ بِرِسالاتِكَ، ",
            "4": " وَعَلَىٰ عِبادِكَ الصَّالِحِينَ الَّذِينَ أَدْخَلْتَهُمْ فِى رَحْمَتِكَ الْأَئِمَّةِ الْمُهْتَدِينَ الرَّاشِدِينَ وَأَوْلِيائِكَ الْمُطَهَّرِينَ، وَعَلَىٰ جَبْرَئِيلَ وَمِيكائِيلَ وَ إِسْرافِيلَ وَمَلَكِ الْمَوْتِ، وَعَلَىٰ رِضْوانَ خازِنِ الْجِنانِ، وَعَلَىٰ مالِكٍ خازِنِ النَّارِ، وَرُوحِ الْقُدُسِ، وَالرُّوحِ الْأَمِينِ، وَحَمَلَةِ عَرْشِكَ الْمُقَرَّبِينَ، وَعَلَى الْمَلَكَيْنِ الْحافِظَيْنِ عَلَىَّ بِالصَّلاةِ الَّتِى تُحِبُّ أَنْ يُصَلِّىَ بِها عَلَيْهِمْ أَهْلُ السَّماواتِ وَأَهْلُ الْأَرَضِينَ؛ ",
            "5": " صَلاةً طَيِّبَةً كَثِيرَةً مُبارَكَةً زاكِيَةً نامِيَةً ظاهِرَةً باطِنَةً شَرِيفَةً فاضِلَةً تُبَيِّنُ بِها فَضْلَهُمْ عَلَى الْأَوَّلِينَ وَالْآخِرِينَ . اللّٰهُمَّ وَ أَعْطِ مُحَمَّداً الْوَسِيلَةَ وَالشَّرَفَ وَالْفَضِيلَةَ وَاجْزِهِ عَنَّا خَيْرَ مَا جَزَيْتَ نَبِيّاً عَنْ أُمَّتِهِ . ",
            "6": " اللّٰهُمَّ وَأَعْطِ مُحَمَّداً صَلَّى اللّٰهُ عَلَيْهِ وَآلِهِ مَعَ كُلِّ زُلْفَةٍ زُلْفَةً، وَمَعَ كُلِّ وَسِيلَةٍ وَسِيلَةً، وَمَعَ كُلِّ فَضِيلَةٍ فَضِيلَةً، وَمَعَ كُلِّ شَرَفٍ شَرَفاً تُعْطِى مُحَمَّداً وَآلَهُ يَوْمَ الْقِيامَةِ أَفْضَلَ مَا أَعْطَيْتَ أَحَداً مِنَ الْأَوَّلِينَ وَالْآخِرِينَ؛ ",
            "7": " اللّٰهُمَّ وَاجْعَلْ مُحَمَّداً صَلَّى اللّٰهُ عَلَيْهِ وَآلِهِ أَدْنَى الْمُرْسَلِينَ مِنْكَ مَجْلِساً، وَأَفْسَحَهُمْ فِى الْجَنَّةِ عِنْدَكَ مَنْزِلاً، وَأَقْرَبَهُمْ إِلَيْكَ وَسِيلَةً، وَاجْعَلْهُ أَوَّلَ شافِعٍ، وَأَوَّلَ مُشَفَّعٍ، وَأَوَّلَ قائِلٍ، وَأَنْجَحَ سائِلٍ، وَابْعَثْهُ الْمَقامَ الْمَحْمُودَ الَّذِى يَغْبِطُهُ بِهِ الْأَوَّلُونَ وَالْآخِرُونَ يَا أَرْحَمَ الرَّاحِمِينَ، ",
            "8": " وَأَسْأَلُكَ أَنْ تُصَلِّىَ عَلَىٰ مُحَمَّدٍ وَآلِ مُحَمَّدٍ وَأَنْ تَسْمَعَ صَوْتِى، وَتُجِيبَ دَعْوَتِى، وَتَجاوَزَ عَنْ خَطِيئَتِى، وَتَصْفَحَ عَنْ ظُلْمِى، وَتُنْجِحَ طَلِبَتِى، وَتَقْضِىَ حاجَتِى، وَتُنْجِزَ لِى مَا وَعَدْتَنِى، وَتُقِيلَ عَثْرَتِى، وَتَغْفِرَ ذُنُوبِى، وَتَعْفُوَ عَنْ جُرْمِى، وَتُقْبِلَ عَلَىَّ وَلَا تُعْرِضَ عَنِّى، وَتَرْحَمَنِى وَلَا تُعَذِّبَنِى، وَتُعافِيَنِى وَلَا تَبْتَلِيَنِى؛ ",
            "9": " وَتَرْزُقَنِى مِنَ الرِّزْقِ أَطْيَبَهُ وَأَوْسَعَهُ وَلَا تَحْرِمَنِى، يَا رَبِّ وَاقْضِ عَنِّى دَيْنِى، وَضَعْ عَنِّى وِزْرِى، وَلَا تُحَمِّلْنِى مَا لَا طاقَةَ لِى بِهِ، يَا مَوْلاىَ وَأَدْخِلْنِى فِى كُلِّ خَيْرٍ أَدْخَلْتَ فِيهِ مُحَمَّداً وَآلَ مُحَمَّدٍ، وَأَخْرِجْنِى مِنْ كُلِّ سُوءٍ أَخْرَجْتَ مِنْهُ مُحَمَّداً وَآلَ مُحَمَّدٍ صَلَواتُكَ عَلَيْهِ وَعَلَيْهِمْ، وَالسَّلامُ عَلَيْهِ وَعَلَيْهِمْ وَرَحْمَةُ اللّٰهِ وَبَرَكاتُهُ. ",
            "10": " اللّٰهُمَّ إِنِّى أَدْعُوكَ كَما أَمَرْتَنِى فَاسْتَجِبْ لِى كَما وَعَدْتَنِى. ",
            "11": " اللّٰهُمَّ إِنِّى أَسْأَلُكَ قَلِيلاً مِنْ كَثِيرٍ مَعَ حاجَةٍ بِى إِلَيْهِ عَظِيمَةٍ، وَغِناكَ عَنْهُ قَدِيمٌ، وَهُوَ عِنْدِى كَثِيرٌ، وَهُوَ عَلَيْكَ سَهْلٌ يَسِيرٌ، فَامْنُنْ عَلَىَّ بِهِ إِنَّكَ عَلَىٰ كُلِّ شَىْءٍ قَدِيرٌ، آمِينَ رَبَّ الْعالَمِينَ. "

        },
        "farsi": {
            "1": " خدایا؛ از تو می\u200Cخواهم از بخششت به برترین مرتبه آن و همه بخششت شایسته است، خدایا از تو می\u200Cخواهم به همه بخششت. خدایا از تو درخواست می\u200Cکنم از روزی\u200Cات به فراگیرترین آن و همه روزی\u200Cات فراگیر است، خدایا از تو می\u200Cخواهم به همه روزی\u200Cات. خدایا از تو می\u200Cخواهم از عطایت به گواراترین آن و همه عطای تو گواراست، خدایا از تو می\u200Cخواهم به همه عطایت.",
            "2": " خدایا از تو می\u200Cخواهم از خیر و خوبی\u200Cات به پرشتاب\u200Cترین آن و همه خیر تو پرشتاب است، خدایا از تو می\u200Cخواهم به همه خیر و خوبی\u200Cات. خدایا از تو می\u200Cخواهم از احسانت به نیکوترین آن و همه احسانت نیکوست، خدایا از تو می\u200Cخواهم به همه احسانت. خدایا از تو می\u200Cخواهم به آنچه به خاطر آن پاسخم را می\u200Cدهی، زمانی که از تو درخواست می\u200Cکنم، پس پاسخم را بده\u200C ای خدا و درود فرست بر محمّد بنده پسندیده و فرستاده برگزیده و امین و محرم رازت از میان بندگان و انتخاب شده\u200Cات در بین بندگانت و پیامبرت و محبوب راستینت؛",
            "3": "و درود فرست بر فرستاده و برگزیده\u200Cات از جهانیان، آن مژده\u200Cدهنده و بیم\u200Cدهنده و چراغ روشنی\u200Cبخش و بر اهل\u200Cبیتش آن نیکان پاک و بر فرشتگانت، آن فرشتگانی که ویژۀ درگاهت ساختی و آنان را از دیده مخلوقات پنهان داشتی و بر پیامبرانت که از تو به راستی خبر می\u200Cدهند و بر رسولانت که آنان را به وحی خویش اختصاص دادی و با پیام\u200Cهایت بر جهانیان برتری بخشیدی",
            "4": " و بر بندگان شایسته\u200Cات که در رحمتت واردشان کردی، آن امامان ره یافته راهنما و اولیای پاکیزه\u200Cات و بر جبرئیل و میکائیل و اسرافیل و فرشته مرگ و بر رضوان، خزانه\u200Cدار بهشت و بر مالک، خزانه\u200Cدار دوزخ و روح\u200Cالقدس و روح\u200Cالامین و حاملان مقرّب عرشت و بر دو فرشته نگهبان بر من، با درودی که دوست داری بر آنان با آن درود، درود فرستند اهل آسمان\u200Cها و اهل زمین\u200Cها؛ ",
            "5": " درودی پاک و فراوان، خجسته و رشد یافته و فزاینده، آشکار و نهان، برجسته و برتر و با فضیلت که با چنین درودی برتری آنان را بر اولین و آخرین آشکار کنی. خدایا محمّد را وسیله و برجستگی و برتری و فضیلت عطا کن و به بهتر چیزی که پیامبر را از اُمّتش پاداش دهی، به او پاداش ده، ",
            "6": " خدایا به محمّد (درود خدا بر او و خاندانش) عطا کن با هر مقامی مقامی دیگر و با هر وسیله\u200Cای وسیله\u200Cای دیگر و با هر فضیلتی فضیلت دیگر و با هر برجستگی و برتری، برجستگی و برتری دیگر، عطا کن به محمّد و خاندانش در روز قیامت برترین چیزی که عطا کردی به یکی از گذشتگان و آیندگان؛",
            "7": " خدایا محمّد (درود خدا بر او و خاندانش) را در جایگاه نزدیک\u200Cترین رسولان به خود و در بهشت در پیشگاهت در گسترده\u200Cترین اقامتگاه و از بابت وسیله نزدیک\u200Cترینشان به درگاه خود قرار ده و او را نخستین شفاعت\u200Cکننده و نخستین کسی که شفاعتش پذیرفته است و نخستین گوینده و حاجت رواترین خواهنده، گردان و او را به مقام پسندیده\u200Cای برانگیز که گذشتگان و آیندگان به خاطر آن بر او رشک برند، ای مهربان\u200Cترین مهربانان",
            "8": " و از تو می\u200Cخواهم که بر محمّد و خاندان محمّد درود فرستی و اینکه صدایم را بشنوی و دعایم را اجابت کنی و از خطایم درگذری و از ستمم چشم\u200Cپوشی و مرا به خواسته\u200Cام رسانی و حاجتم را روا سازی و به آنچه وعده\u200Cام داده\u200Cای وفا کنی و لغزشم را نادیده گیری و گناهم را بیامرزی و از جرمم بگذری و به من رو کنی و از من رو نگردانی و به من مهر ورزی و عذابم نکنی و در سلامت کاملم بداری و گرفتارم ننمایی؛",
            "9": " و از رزق و روزی، پاکیزه\u200Cترین و فراخ\u200Cترینش را نصیبم کنی، ای پروردگارم مرا محروم مکن و قرضم را ادا کن و بارم را از دوشم بردار و آنچه مرا تاب آن نیست بر عهده\u200Cام مگذار، ای مولای من، مرا در هر خیری که محمّد و خاندان محمّد را وارد کردی وارد کن و از هر شرّی که محمّد و خاندان محمّد را از آن خارج کردی خارج کن، درودهایت و سلام و رحمت و برکاتت بر او و بر ایشان باد. ",
            "10": " خدایا تو را می\u200Cخوانم چنان\u200Cکه فرمانم دادی، پس مرا اجابت کن چنان\u200Cکه وعده\u200Cام فرمودی.",
            "11": " خدایا اندکی از بسیار را از تو می\u200Cخواهم، با نیاز بزرگی که مرا به آن است و بی\u200Cنیازی دیرینه\u200Cای که تو را از آن است و آن اندک نزد من بسیار است و بر تو هموار و آسان، پس به آن بر من منّت بگذار، همانا تو بر هر کاری توانایی، آمین ای پروردگار جهانیان."

        },
        "tozih": {
            "1": "شیخ طوسی و سید ابن طاووس فرموده\u200Cاند: در هر روز ماه رمضان بخوان: ",
            "2": "",
            "3": "",
            "4": "",
            "5": "",
            "6": "",
            "7": "",
            "8": "",
            "9": "",
            "10": " سپس «سه مرتبه» بگو: ",
            "11": "آنگاه بگو: "
        }
    }
}