{
    "106": {
        "number": 106,
        "bab": 2,
        "title": "نزدیکی با همسر در شب اول ماه رمضان",
        "arabic": {
            "1": ""
        },
        "farsi": {
            "1": ""
        },
        "tozih": {
            "1": "[از جمله اعمال شب اول ماه رمضان این است که] با همسر خویش نزدیکی کند و این عمل از ویژگی‌های این ماه است وگرنه نزدیکی با همسر در شب اول ماه‌های دیگر مکروه است. "
        }
    }
}