{
    "111": {
        "number": 111,
        "bab": 2,
        "title": " دعای امام صادق(علیه‌السلام) بعد از پایان تلاوت قرآن",
        "arabic": {
            "1": "اللّٰهُمَّ إِنِّى قَدْ قَرَأْتُ مَا قَضَيْتَ مِنْ كِتابِكَ الَّذِى أَنْزَلْتَهُ عَلَىٰ نَبِيِّكَ الصَّادِقِ صَلَّى اللّٰهُ عَلَيْهِ وَآلِهِ ، فَلَكَ الْحَمْدُ رَبَّنا . اللّٰهُمَّ اجْعَلْنِى مِمَّنْ يُحِلُّ حَلالَهُ ، وَيُحَرِّمُ حَرامَهُ ، وَيُؤْمِنُ بِمُحْكَمِهِ وَمُتَشابِهِهِ ، وَاجْعَلْهُ لِى أُنْساً فِى قَبْرِى ، وَأُنْساً فِى حَشْرِى ، وَاجْعَلْنِى مِمَّنْ تُرْقِيهِ  بِكُلِّ آيَةٍ قَرَأَها دَرَجَةً فِى أَعْلَىٰ عِلِّيِّينَ ، آمِينَ رَبَّ الْعالَمِينَ."
        },
        "farsi": {
            "1": "خدایا آنچه را از حکم کتابت کرده بودی خواندم، کتابی که بر پیامبر راستگویت (درود خدا بر او و خاندانش) نازل کردی، پس سپاس شایسته‌ی توست ای پروردگار؛ خدایا مرا از کسانی قرار ده که حلالش را حلال و حرامش را حرام می‌شمارند، به محکم و متشابهش ایمان می‌آورند و آن را مونس در قبر و قیامتم گردان و مرا از کسانی قرار ده که او را به هر آیه‌ای که می‌خواند در برترین جایگاه بهشت بالا بری، آمین ای پروردگار جهانیان. "
        },
        "tozih": {
            "1": "روایت شده که امام صادق(علیه‌السلام) پس از قرائت قرآن مجید این دعا را می‌خواندند: "
        }
    }
}