{
    "112": {
        "number": 112,
        "bab": 2,
        "title": "اعمال روز اول ماه رمضان",
        "arabic": {
            "1": "اللّٰهُمَّ قَدْ حَضَرَ شَهْرُ رَمَضانَ وَقَدِ افْتَرَضْتَ عَلَيْنا صِيامَهُ ، وَأَنْزَلْتَ فِيهِ الْقُرْآنَ هُدىً لِلنّاسِ وَبَيِّناتٍ مِنَ الْهُدىٰ وَالْفُرْقانِ . اللّٰهُمَّ أَعِنَّا عَلَىٰ صِيامِهِ ، وَتَقَبَّلْهُ مِنّا ، وَتَسَلَّمْهُ مِنّا ، وَسَلِّمْهُ لَنا فِى يُسْرٍ مِنْكَ وَعافِيَةٍ ، إِنَّكَ عَلَىٰ كُلِّ شَىْءٍ قَدِيرٌ.",
            "2": "اللّٰهُمَّ إِنِّى أَسْأَلُكَ بِاسْمِكَ الَّذِى دانَ لَهُ كُلُّ شَىْءٍ ، وَبِرَحْمَتِكَ الَّتِى وَسِعَتْ كُلَّ شَىْءٍ ، وَبِعَظَمَتِكَ الَّتِى تَواضَعَ لَها كُلُّ شَىْءٍ ، وَبِعِزَّتِكَ الَّتِى قَهَرَتْ كُلَّ شَىْءٍ ، وَبِقُوَّتِكَ الَّتِى خَضَعَ لَها كُلُّ شَىْءٍ ، وَبِجَبَرُوتِكَ الَّتِى غَلَبَتْ كُلَّ شَىْءٍ ، وَبِعِلْمِكَ الَّذِى أَحاطَ بِكُلِّ شَىْءٍ ، يَا نُورُ يَا قُدُّوسُ ، يَا أَوَّلُ قَبْلَ كُلِّ شَىْءٍ ، وَيَا باقِياً  بَعْدَ كُلِّ شَىْءٍ ، ",
            "3": "يَا اللّٰهُ يَا رَحْمٰنُ صَلِّ عَلَىٰ مُحَمَّدٍ وَآلِ مُحَمَّدٍ وَاغْفِرْ لِىَ الذُّنُوبَ الَّتِى تُغَيِّرُ النِّعَمَ ، وَاغْفِرْ لِىَ الذُّنُوبَ الَّتِى تُنْزِلُ النِّقَمَ ، وَاغْفِرْ لِىَ الذُّنُوبَ الَّتِى تَقْطَعُ الرَّجاءَ ، وَاغْفِرْ لِىَ الذُّنُوبَ الَّتِى تُدِيلُ  الْأَعْداءَ ، وَاغْفِرْ لِىَ الذُّنُوبَ الَّتِى تَرُدُّ الدُّعاءَ ، وَاغْفِرْ لِىَ الذُّنُوبَ الَّتِى يُسْتَحَقُّ بِها نُزُولُ الْبَلاءِ؛",
            "4": "وَاغْفِرْ لِىَ الذُّنُوبَ الَّتِى تَحْبِسُ غَيْثَ السَّماءِ ، وَاغْفِرْ لِىَ الذُّنُوبَ الَّتِى تَكْشِفُ الْغِطاءَ ، وَاغْفِرْ لِىَ الذُّنُوبَ الَّتِى تُعَجِّلُ الْفَناءَ ، وَاغْفِرْ لِىَ الذُّنُوبَ الَّتِى تُورِثُ النَّدَمَ ، وَاغْفِرْ لِىَ الذُّنُوبَ الَّتِى تَهْتِكُ الْعِصَمَ ، وَأَلْبِسْنِى دِرْعَكَ الْحَصِينَةَ الَّتِى لَا تُرامُ ، وَعافِنِى مِنْ شَرِّ مَا أُحاذِرُ بِاللَّيْلِ وَالنَّهارِ فِى مُسْتَقْبَِلِ سَنَتِى هٰذِهِ .",
            "5": "اللّٰهُمَّ رَبَّ السَّمَاواتِ السَّبْعِ ، وَرَبَّ الْأَرَضِينَ السَّبْعِ وَمَا فِيهِنَّ وَمَا بَيْنَهُنَّ وَرَبَّ الْعَرْشِ الْعَظِيمِ، وَرَبَّ السَّبْعِ الْمَثانِى وَالْقُرْآنِ الْعَظِيمِ ، وَرَبَّ إِسْرافِيلَ وَمِيكائِيلَ وَجَبْرَئِيلَ ، وَرَبَّ مُحَمَّدٍ صَلَّى اللّٰهُ عَلَيْهِ وَآلِهِ سَيِّدِ الْمُرْسَلِينَ وَخاتَِمِ النَّبِيِّينَ ، أَسْأَلُكَ بِكَ وَبِما سَمَّيْتَ بِهِ نَفْسَكَ يَا عَظِيمُ أَنْتَ الَّذِى تَمُنُّ بِالْعَظِيمِ؛ وَتَدْفَعُ كُلَّ مَحْذُورٍ ، وَتُعْطِى كُلَّ جَزِيلٍ ، وَتُضاعِفُ الْحَسَناتِ بِالْقَلِيلِ وَبِالْكَثِيرِ وَتَفْعَلُ مَا تَشاءُ ، ",
            "6": "يَا قَدِيرُ يَا اللّٰهُ يَا رَحْمٰنُ صَلِّ عَلَىٰ مُحَمَّدٍ وَأَهْلِ بَيْتِهِ ، وَأَلْبِسْنِى فِى مُسْتَقْبَِلِ سَنَتِى هٰذِهِ سِتْرَكَ وَنَضِّرْ وَجْهِى بِنُورِكَ ، وَأَحِبَّنِى بِمَحَبَّتِكَ ، وَبَلِّغْنِى رِضْوانَكَ ، وَشَرِيفَ كَرامَتِكَ ، وَجَسِيمَ عَطِيَّتِكَ ، وَأَعْطِنِى مِنْ خَيْرِ مَا عِنْدَكَ وَمِنْ خَيْرِ مَا أَنْتَ مُعْطِيهِ أَحَداً مِنْ خَلْقِكَ ، وَأَلْبِسْنِى مَعَ ذٰلِكَ عافِيَتَكَ، ",
            "7": "يَا مَوْضِعَ كُلِّ شَكْوىٰ ، وَيَا شاهِدَ كُلِّ نَجْوىٰ ، وَيَا عالِمَ كُلِّ خَفِيَّةٍ ، وَيَا دافِعَ مَا تَشاءُ مِنْ بَلِيَّةٍ ، يَا كَرِيمَ الْعَفْوِ ، يَا حَسَنَ التَّجاوُزِ ، تَوَفَّنِى عَلَىٰ مِلَّةِ إِبْراهِيمَ وَفِطْرَتِهِ وَ عَلَى دِينِ مُحَمَّدٍ صَلَّى اللَّهُ عَلَيْهِ وَ آلِهِ وَ سُنَّتِهِ وَ عَلَى خَيْرِ الْوَفَاةِ فَتَوَفَّنِي مُوَالِياً لِأَوْلِيَائِكَ وَ مُعَادِياً لِأَعْدَائِكَ؛",
            "8": " اللّٰهُمَّ وَجَنِّبْنِى فِى هٰذِهِ السَّنَةِ كُلَّ عَمَلٍ أَوْ قَوْلٍ أَوْ فِعْلٍ يُباعِدُنِى مِنْكَ ، وَاجْلِبْنِى إِلىٰ كُلِّ عَمَلٍ أَوْ قَوْلٍ أَوْ فِعْلٍ يُقَرِّبُنِى مِنْكَ فِى هٰذِهِ السَّنَةَ ، يَا أَرْحَمَ الرَّاحِمِينَ ، وَامْنَعْنِى مِنْ كُلِّ عَمَلٍ أَوْ قَوْلٍ أَوْ فِعْلٍ يَكُونُ مِنِّى أَخافُ ضَرَرَ عاقِبَتِهِ ، وَأَخافُ مَقْتَكَ إِيَّاىَ عَلَيْهِ حِذارَ أَنْ تَصْرِفَ وَجْهَكَ الْكَرِيمَ عَنِّى فَأَسْتَوْجِبَ بِهِ نَقْصاً مِنْ حَظٍّ لِى عِنْدَكَ ، يَا رَؤُوفُ يَا رَحِيمُ؛",
            "9": " اللّٰهُمَّ اجْعَلْنِى فِى مُسْتَقْبَِلِ سَنَتِى هٰذِهِ فِى حِفْظِكَ وَفِى جِوارِكَ وَفِى كَنَفِكَ ، وَجَلِّلْنِى سِتْرَ عافِيَتِكَ ، وَهَبْ لِى كَرامَتَكَ ، عَزَّ جارُكَ ، وَجَلَّ ثَناؤُكَ ، وَلَا إِلٰهَ غَيْرُكَ . ",
            "10": "اللّٰهُمَّ اجْعَلْنِى تابِعاً لِصالِحِى مَنْ مَضىٰ مِنْ أَوْلِيائِكَ ، وَأَلْحِقْنِى بِهِمْ ، وَاجْعَلْنِى مُسَلِّماً لِمَنْ قالَ بِالصِّدْقِ عَلَيْكَ مِنْهُمْ ، وَأَعُوذُ بِكَ اللّٰهُمَّ  أَنْ تُحِيطَ بِى خَطِيئَتِى وَظُلْمِى وَ إِسْرافِى عَلَىٰ نَفْسِى وَ اتِّباعِى لِهَواىَ وَاشْتِغالِى بِشَهَواتِى فَيَحُولُ ذٰلِكَ بَيْنِى وَبَيْنَ رَحْمَتِكَ وَرِضْوانِكَ فَأَكُونَ ُ مَنْسِيّاً عِنْدَكَ ، مُتَعَرِّضاً لِسَخَطِكَ وَ نِقْمَتِكَ . ",
            "11": " اللّٰهُمَّ وَفِّقْنِى لِكُلِّ عَمَلٍ صَالِحٍ تَرْضىٰ بِهِ عَنِّى ، وَقَرِّبْنِى إِلَيْكَ زُلْفىٰ . اللّٰهُمَّ كَما كَفَيْتَ نَبِيَّكَ مُحَمَّداً صَلَّى اللّٰهُ عَلَيْهِ وَآلِهِ هَوْلَ عَدُوِّهِ ، وَفَرَّجْتَ هَمَّهُ ، وَكَشَفْتَ غَمَّهُ  ، وَصَدَقْتَهُ وَعْدَكَ ، وَأَنْجَزْتَ لَهُ عَهْدَكَ؛",
            "12": "اللّٰهُمَّ فَبِذٰلِكَ فَاكْفِنِى هَوْلَ هٰذِهِ السَّنَةِ وَآفاتِها وَأَسْقامَها وَفِتْنَتَها وَشُرُورَها وَأَحْزانَها وَضِيقَ الْمَعاشِ فِيها ، وَبَلِّغْنِى بِرَحْمَتِكَ كَمالَ الْعافِيَةِ بِتَمامِ دَوامِ النِّعْمَةِ عِنْدِى إِلىٰ مُنْتَهىٰ أَجَلِى ، أَسْأَلُكَ سُؤالَ مَنْ أَساءَ وَظَلَمَ وَاسْتَكانَ وَاعْتَرَفَ ، وَأَسْأَلُكَ أَنْ تَغْفِرَ لِى مَا مَضىٰ مِنَ الذُّنُوبِ الَّتِى حَصَرَتْها حَفَظَتُكَ وَأَحْصَتْها كِرامُ مَلائِكَتِكَ عَلَىَّ ، وَأَنْ تَعْصِمَنِى إِلٰهِى  مِنَ الذُّنُوبِ فِيما بَقِىَ مِنْ عُمْرِى إِلىٰ مُنْتَهىٰ أَجَلِى ، ",
            "13": "يَا اللّٰهُ يَا رَحْمٰنُ يَا رَحِيمُ  صَلِّ عَلَىٰ مُحَمَّدٍ وَأَهْلِ بَيْتِ مُحَمَّدٍ وَآتِنِى كُلَّ مَا سَأَلْتُكَ وَرَغِبْتُ إِلَيْكَ فِيهِ فَإِنَّكَ أَمَرْتَنِى بِالدُّعاءِ ، وَتَكَفَّلْتَ لِى بِالْإِجابَةِ ، يَا أَرْحَمَ الرَّاحِمِينَ.",
            "14": ""
        },
        "farsi": {
            "1": " خدایا، ماه رمضان رسید، تو روزه‌اش را بر ما واجب نموده‌ای و قرآن را در آن برای هدایت مردم و دلایل روشنی از هدایت و شناسایی از باطل نازل کرده‌ای. خدایا ما را بر روزه‌اش یاری کن و آن را از ما بپذیر و این ماه را از ما به سلامت دریافت کن و آن را برای ما از سوی خویش در آسانی و عافیت سالم بدار، همانا تو بر هر چیز توانایی. ",
            "2": " خدایا، از تو درخواست می‌کنم به آن نامت که همه‌چیز در برابرش فروتن شده و به رحمتت که همه‌چیز را فرا گرفته و به عظمتت که همه‌چیز در آستانش تواضع نموده و به عزّتت که بر همه‌چیز چیره گشته و به نیرویت که همه‌چیز در برابرش خضوع یافته و به جبروتت که بر همه‌چیز غالب گشته و به علمت که همه‌چیز را فرا گرفته، ای نور، ای قدوس، ای اول پیش از هر چیز، ای باقی پس از هر چیز،",
            "3": " ای خدا، ای مهربان، بر محمّد و خاندان محمّد درود فرست و از من بیامرز گناهانی را که نعمت‌ها را دگرگون می‌سازد و بیامرز گناهانی را که کینه‌ها را فرو می‌فرستد و بیامرز گناهانی را که امید به تو را قطع می‌کند و بیامرز گناهانی را که دشمنان را چیره می‌سازد و بیامرز گناهانی را که دعا را برمی‌گرداند و بیامرز گناهانی را که مردم به سبب آن سزاوار نزول بلا می‌شوند؛ ",
            "4": "  و بیامرز گناهانی را که بارش آسمان را باز می‌دارد و بیامرز گناهانی را که پرده‌ها را کنار می‌زند و بیامرز گناهانی را که در نابودی شتاب می‌افکند و بیامرز گناهانی را که سبب پشیمانی می‌گردد و بیامرز گناهانی را که پرده‌ها را می‌درد و زره محکمت را بر من بپوشان زرهی که نفوذناپذیر است و مرا از شرّ آنچه در شب و روز و آینده این سال از آن حذر می‌کنم عافیت بخش.",
            "5": " خدایا؛ پروردگار آسمان‌های هفتگانه و پروردگار زمین‌های هفتگانه و آنچه در آن‌هاست و آنچه میان آن‌هاست و پروردگار عرش بزرگ و پروردگار سوره «حمد» و قرآن عظیم و پروردگار اسرافیل و میکاییل و جبرییل و پروردگار محمّد (درود خدا بر او و خاندانش) آقای رسولان و پایان‌بخش پیامبران، از تو می‌خواهم به حق ذات پاکت و به حق آنچه خود را به آن نام نهادی، ای بزرگ تویی که به نعمت بزرگ تفضّل می‌کنی؛  و هر محذوری را دفع می‌کنی و هر نعمت برجسته‌ای را عطا می‌نمایی و نیکی‌ها را به کم و زیاد دوچندان می‌سازی و هرکاری که بخواهی انجام می‌دهی،",
            "6": " ای توانا، ای خدا، ای مهربان، بر محمّد و اهل‌بیتش درود فرست و در آینده‌ی این سال لباس سترت را بر من بپوشان و چهره‌ام را به نورت شاداب ساز و به دوستی‌ات دوستم بدار و مرا به خشنودی‌ات و شریفِ کرامتت و بزرگ عطایت برسان و به من عطا کن از بهترین چیزی که نزد توست و بهترین چیزی که به بنده‌ای از بندگانت عطا می‌فرمایی و افزون بر این لباس عافیت و تندرستی بر من بپوشان،",
            "7": " ای جایگاه هر شکایت، ای حاضر در هر گفتگوی پنهان، ای دانای هر نهان، ای دفع کننده بلاها آن‌گونه که خواهی، ای بزرگوار گذشت، ای نیکو درگذر، مرا بر آیین ابراهیم و بر فطرت او و بر دین محمّد (درود خدا بر او و خاندانش باد) و روش او و بر بهترین مرگ‌ها بمیران، بمیران درحالی‌که دوستدار اولیایت و دشمن دشمنانت باشم؛ ",
            "8": "  خدایا، مرا در این سال از هر کار یا گفتار یا کرداری که از تو دورم می‌کند برکنار دار و به جانب هر عمل یا گفتار یا کرداری که مرا در این سال به تو نزدیک می‌کند جلب نما، ای مهربان‌ترین مهربانان و بازدار مرا از هر عمل یا گفتار یا کرداری که از من سر می‌زند و من از سرانجام زیانبارش می‌ترسم و از خشمت به خاطر آن بر خود بیمناکم، ترسم از این است که روی کریمانه‌ات را از من بگردانی در نتیجه سزاوار کاستی بهره‌ای که پیش تو دارم گردم، ای پرلطف، ای مهربان؛",
            "9": " خدایا، در آینده این سال مرا در حفظ و پناه و حمایت خود قرار ده و پرده تندرستی را بر من بپوشان و از کرامتت بر من ببخش، عزیز است پناه تو و بزرگ است ثنای تو و معبودی جز تو نیست.",
            "10": "خدایا مرا پیرو شایستگان از اولیای گذشته‌ات قرار ده و به آنان ملحقم فرما و تسلیم آن‌که از آنان از طرف تو راست گفت قرارم ده، خدایا به تو پناه می‌آورم از اینکه خطایم و ستمم و زیاده‌روی بر نفسم و پیروی از هواوهوسم و سرگرمی‌ام به شهوات بر من احاطه کند، در نتیجه همه این‌ها بین من و رحمت و خشنودی‌ات دیوار گردد و من نزد تو فراموش شوم و در معرض خشم و کینه‌ات قرار گیرم.",
            "11": " خدایا مرا برای هر عمل شایسته‌ای که به سبب آن از من خشنود شوی موفق بدار و مرا به مقام قربت نزدیک کن. خدایا چنان‌که از پیامبرت محمّد (درود خدا بر او و خاندانش) هراس از دشمنش را کفایت کردی و اندوهش را برطرف نمودی و غمش را زدودی و وعده‌ات را به او وفا کردی و پیمانت را برایش به پایان آوردی؛ ",
            "12": "خدایا، به همانگونه هراس این سال و آفات و امراض و فتنه‌ها و شرور و اندوه‌ها و تنگی معیشت را در آن از من کفایت کن و به رحمتت مرا به کمال عافیت، با کامل کردن ریزش نعمت بر من تا پایان عمرم برسان، از تو درخواست می‌کنم درخواست کسی که بد کرده و ستم روا داشته و درمانده شده و اعتراف به گناه نموده است و از تو درخواست می‌کنم که مرا بیامرزی از آنچه از گناهان بر من گذشته که آن‌ها را نگهبانانت ثبت نموده و بزرگوار فرشتگانت برشمرده‌اند و اینکه خدایا در آنچه از عمرم باقی مانده تا پایان عمر مرا از گناهان نگاه داری، ",
            "13": "ای خدا، ای بخشنده، ای مهربان، بر محمّد و اهل‌بیت محمّد درود فرست و هر آنچه از تو خواستم و در طلب آن به جانب تو رغبت نمودم به من عنایت فرما، به‌درستی که تو مرا به خواستن فرمان دادی و برایم عهده‌دار اجابت شدی، ای مهربان‌ترین مهربانان. "
        },
        "tozih": {
            "1": "در آن چند عمل مستحب است:\n\nاوّل:\nغسل نمودن در آب جاری و بر سر ریختن سی کف دست آب که در تمام طول سال باعث ایمنی از همه دردها و بیماری‌هاست.\n\nدوم:\nکفی از گلاب به روی خویش بزند تا از خواری و پریشانی نجات یابد و قدری هم به سر خود بمالد تا در آن سال از سرسام [در برخی نسخه‌ها: بَرسام به معنی بیماری سینه] ایمن گردد.\n\nسوّم:\nدو رکعت «نماز اول ماه» را بجا آورد و صدقه بدهد.\n\nچهارم:\nدو رکعت نماز بخواند، در رکعت اول سوره‌های «حَمد» و «اِنّا فَتَحنا» را و در رکعت دوم سوره «حمد» و هر سوره دیگری را که بخواهد بخواند تا حق‌تعالی در آن سال بدی‌ها را از او دور سازد و تا سال آینده در پناه خدا باشد.\n\nپنجم:\nپس از طلوع فجر این دعا را بخواند: ",
            "2": " ششم:\nدعای چهل‌وچهارم صحیفه کامله را اگر در شب قبل نخوانده بخواند.\n\nهفتم:\nعلاّمه مجلسی در «زاد المعاد» فرموده: که شیخ کلینی و شیخ طوسی و دیگران به سند صحیح روایت کرده‌اند: که حضرت موسی بن جعفر(علیه‌السلام) فرمود:\nدر ماه مبارک رمضان در آغاز سال، یعنی روز اول این ماه ـ چنان‌که علما فهمیده‌اند ـ این دعا را بخوان و فرمود: هرکه این دعا را برای رضای خدا و بدون آمیختگی با اغراض ناپسند و ریا بخواند، در آن سال فتنه و گمراهی و آفتی که به دین یا بدنش ضرر برساند به او نرسد و حق‌تعالی او را از شرّ آنچه از بلاها در آن سال واقع می‌شود حفظ می‌نماید؛\n\nو دعا این است: ",
            "3": "",
            "4": "",
            "5": "",
            "6": "",
            "7": "",
            "8": "",
            "9": "",
            "10": "",
            "11": "",
            "14": "فقیر گوید: سید ابن طاووس این دعا را در شمار «اعمال شب اوّل» ماه ذکر کرده است. "
        }
    }
}