{
    "113": {
        "number": 113,
        "bab": 2,
        "title": "اهمیت غسل در روز اول ماه رمضان",
        "arabic": {
            "1": ""
        },
        "farsi": {
            "1": ""
        },
        "tozih": {
            "1": "[از جمله اعمال روز اول ماه رمضان] غسل نمودن در آب جاری و بر سر ریختن سی کف دست آب [است] که در تمام طول سال باعث ایمنی از همه دردها و بیماری‌هاست. "
        }
    }
}