{
    "117": {
        "number": 117,
        "bab": 2,
        "title": "اعمال روز ششم ماه رمضان",
        "arabic": {
            "1": ""
        },
        "farsi": {
            "1": ""
        },
        "tozih": {
            "1": "\nدر چنین روزی در سال دویست‌ویک، مردم با امام رضا(علیه‌السلام) بیعت کردند، سید روایت کرده: که برای شکرانه این نعمت در این روز دو رکعت نماز بجا آرند، در هر رکعت پس از «حمد» «بیست‌وپنج مرتبه» سوره «توحید» بخوانند.\n"
        }
    }
}