{
    "118": {
        "number": 118,
        "bab": 2,
        "title": "اعمال شب سیزدهم ماه رمضان",
        "arabic": {
            "1": ""
        },
        "farsi": {
            "1": ""
        },
        "tozih": {
            "1": " آغاز شب‌های بیض [یعنی شب‌های روشن و تابناک که عبارت‌اند از: شب‌های سیزدهم، چهاردهم و پانزدهم ماه] است و در آن سه عمل مستحب است:\nاوّل:\nغسل کردن.\n\nدوم:\nچهار رکعت نماز بخواند، در هر رکعت «یک بار» سوره «حمد» و «بیست و پنج بار» سوره «توحید».\n\nسوم:\nدو رکعت نماز که در «اعمال شب سیزدهم» رجب و شعبان بیان شد؛ در هر رکعت پس از سوره «حمد» سوره‌های «یس» و «تَبارَک المُلک» و «توحید» را بخواند."
        }
    }
}