{
    "12": {
        "number": 12,
        "bab": 2,
        "title": "ثواب ذکر «لا اله الا الله» در ماه رجب",
        "arabic": {
            "1": ""
        },
        "farsi": {
            "1": ""
        },
        "tozih": {
            "1": " از پیامبر(صلى\u200Cاللّه\u200Cعلیه\u200Cو\u200Cآله) روایت شده: هرکه در ماه رجب «هزار مرتبه» بگوید: «لَاإِلٰهَ إِلّا اللّٰهُ» خدای عزّتمند پرشکوه، صد هزار کار نیک برای او ثبت کند و برایش صد شهر در بهشت بنا کند.\n\nو نیز علاّمه مجلسی فرموده: که در هر شب از شب\u200Cهای این ماه هزار مرتبه گفتن «لَاإِلٰهَ إِلّا اللّٰهُ» وارد شده."

        }
    }
}