{
    "120": {
        "number": 120,
        "bab": 2,
        "title": "اعمال شب نیمه ماه رمضان",
        "arabic": {
            "1": ""
        },
        "farsi": {
            "1": ""
        },
        "tozih": {
            "1": "[شب پانزدهم] از شب‌های پربرکت است و در آن چند عمل مستحب است:\n\nاوّل:\nغسل کردن.\n\nدوّم:\nزیارت امام حسین(علیه‌السلام).\n\nسوم:\nشش رکعت نماز که در هر رکعت پس از سوره «حمد» سوره‌های «یس» و «تَبارَک المُلک» و «توحید» خوانده شود.\n\nچهارم:\n«صد رکعت» نماز بخواند، در هر رکعت پس از سوره «حمد» «ده مرتبه» سوره «توحید» خوانده شود.\nشیخ مفید در کتاب «مقنعه» از حضرت امیرالمؤمنین(علیه‌السلام) روایت کرده: که هرکه این عمل را بجا آورد، حق‌تعالی ده فرشته به سوی او می‌فرستد تا دشمنانش را از پری و آدمی از او دور کنند و هنگام مرگ او سی فرشته می‌فرستد که او را از عذاب دوزخ ایمن کنند.\n\nپنجم:\nروایت شده: که از امام صادق(علیه‌السلام) پرسیدند: چه می‌فرمایی در حق کسی‌که در شب نیمه ماه رمضان کنار قبر امام حسین(علیه‌السلام) حاضر شود؟\nحضرت فرمود: خوشا به حال کسی‌که در شب نیمه ماه رمضان پس از نماز عشا «ده رکعت» نماز کنار قبر آن حضرت بجا آورد، البته این نماز غیر از نافله شب می‌باشد و بخواند در هر رکعت پس از سوره «حمد» «ده مرتبه» «توحید» را و به خدای تعالی از آتش دوزخ پناه ببرد، خدا او را نجات یافته از آتش ثبت می‌کند و از دنیا نرود تا فرشتگانی را در خواب ببیند که او را به بهشت بشارت می‌دهند و نیز فرشتگانی که او را از آتش ایمن می‌کنند."
        }
    }
}