{
    "123": {
        "number": 123,
        "bab": 2,
        "title": "اعمال روز نیمه ماه رمضان",
        "arabic": {
            "1": ""
        },
        "farsi": {
            "1": ""
        },
        "tozih": {
            "1": "\nدر چنین روزی در سال دوم هجری ولادت باسعادت حضرت امام حسن مجتبی(علیه‌السلام) واقع شد و شیخ مفید فرموده: ولادت امام محمّد تقی در چنین روزی در سال صدونودوپنج هجری بوده، اما مشهور از علما برآنند که آن در غیر این روز بوده است، به هر صورت این روز، روز بسیار شریفی است و دادن صدقات و بخشش‌ها در این روز فضیلت بسیار دارد."
        }
    }
}