{
    "127": {
        "number": 127,
        "bab": 2,
        "title": "نماز شب قدر برای آمرزش خود و پدر و مادر",
        "arabic": {
            "1": ""
        },
        "farsi": {
            "1": ""
        },
        "tozih": {
            "1": "[از اعمال شب قدر] دو رکعت نماز [است] که در هر رکعت پس از سوره «حمد»، «هفت مرتبه» «توحید» خوانده و پس از فراغت از نماز «هفتاد مرتبه» بگوید: «أَسْتَغْفِرُ اللّٰهَ وَأَتُوبُ إِلَیْهِ»\nدر روایت نبوی است: که از جای برنخیزد تا خدا او و پدر و مادرش را بیامرزد... تا پایان روایت. "
        }
    }
}