{
    "129": {
        "number": 129,
        "bab": 2,
        "title": "زیارت قبر امام حسین در شب قدر",
        "arabic": {
            "1": ""
        },
        "farsi": {
            "1": ""

        },
        "tozih": {
            "1": "\nدر روایت آمده: هنگامی که شب قدر می\u200Cشود، منادی از آسمان هفتم از پشت عرش ندا سر می\u200Cدهد که خدا هرکه را به زیارت مزار امام حسین(علیه\u200Cالسلام) آمده آمرزید.\n"
        }
    }
}