{
    "131": {
        "number": 131,
        "bab": 2,
        "title": "دعای امام سجاد(علیه‌السلام) در شب‌های قدر",
        "arabic": {
            "1": "اللّٰهُمَّ إِنِّى أَمْسَيْتُ لَكَ عَبْداً داخِراً لَاأَمْلِكُ لِنَفْسِى نَفْعاً وَلا ضَرّاً وَلا أَصْرِفُ عَنْها سُوءً، أَشْهَدُ بِذٰلِكَ عَلَىٰ نَفْسِى، وَأَعْتَرِفُ لَكَ بِضَعْفِ قُوَّتِى، وَقِلَّةِ حِيلَتِى، فَصَلِّ عَلَىٰ مُحَمَّدٍ وَآلِ مُحَمَّدٍ وَأَنْجِزْ لِى مَا وَعَدْتَنِى وَجَمِيعَ الْمُؤْمِنِينَ وَالْمُؤْمِناتِ مِنَ الْمَغْفِرَةِ فِى هٰذِهِ اللَّيْلَةِ، وَأَتْمِمْ عَلَىَّ مَا آتَيْتَنِى فَإِنِّى عَبْدُكَ الْمِسكِينُ الْمُسْتَكِينُ الضَّعِيفُ الْفَقِيرُ الْمَهِينُ . اللّٰهُمَّ لَا تَجْعَلْنِى ناسِياً لِذِكْرِكَ فِيما أَوْلَيْتَنِى، وَلا غافِلاً لِإِحْسانِكَ فِيما أَعْطَيْتَنِى، وَلَا آيِساً مِنْ إِجابَتِكَ وَ إِنْ أَبْطَأَتْ عَنِّى فِى سَرَّاءَ كُنْتُ أَوْ ضَرَّاءَ أَوْ شِدَّةٍ أَوْ رَخاءٍ أَوْ عافِيَةٍ أَوْ بَلاءٍ أَوْ بُؤْسٍ أَوْ نَعْماءَ إِنَّكَ سَمِيعُ الدُّعاءِ. "
        },
        "farsi": {
            "1": " خدایا؛ شام کردم درحالی\u200Cکه برای تو فقط بنده کوچک و خواری هستم که برای خویش سود و زیانی را اختیار ندارم و نمی\u200Cتوانم از خود پیش\u200Cآمد بدی را بازگردانم، به این امر بر خویش گواهی می\u200Cدهم و در پیشگاهت به ناتوانی و کمی چاره\u200Cام اقرار می\u200Cکنم، خدایا بر محمّد و خاندان محمّد درود فرست و آنچه را به من و همه مردان و زنان مؤمن، از آمرزش در این شب وعده دادی وفا کن و آنچه را به من عنایت فرموده\u200Cای کامل ساز که من بنده بیچاره، درمانده، ناتوان، تهیدست و خوار توأم. خدایا مرا فراموش کننده ذکرت، در آنچه سزاوار آنم فرمودی قرار نده و نه فراموش کننده احسانت، در آنچه عطایم کردی و نه ناامید از اجابتت، گرچه زمانی طولانی گردد، چه در خوشی یا ناخوشی، یا سختی، یا آسانی، یا تندرستی، یا بلا، یا تنگدستی، یا نعمت، همانا تو شنونده دعایی. "
        },
        "tozih": {
            "1": " کفعمی از امام زین\u200Cالعابدین(علیه\u200Cالسلام) روایت کرده که حضرت در این شب\u200Cها، در حال قیام و قعود و رکوع و سجود این دعا را می\u200Cخواند؛ "
        }
    }
}