{
    "132": {
        "number": 132,
        "bab": 2,
        "title": "بهترین اعمال برای شب قدر",
        "arabic": {
            "1": ""
        },
        "farsi": {
            "1": ""
        },
        "tozih": {
            "1": "و علاّمه مجلسی فرموده: بهترین اعمال در این شب\u200Cها، درخواست آمرزش و دعا است برای حوایج دنیا و آخرت خود و پدر و مادر و خویشان و برادران و خواهران مؤمن، چه آنان که زنده\u200Cاند و چه آنان که از دنیا رفته\u200Cاند و خواندن اذکار و صلوات بر محمّد و آل محمّد(صلی\u200Cالله\u200Cعلیه\u200Cوآله) به هر اندازه که بتوان؛\nو در بعضی از روایات وارد شده: دعای «جوشن کبیر» در این سه شب خوانده شود. فقیر گوید: که دعای جوشن کبیر را در بخش\u200Cهای پیش آورده\u200Cام.\n\nروایت شده: که خدمت رسول خدا(صلی\u200Cالله\u200Cعلیه\u200Cوآله) عرض شد: اگر شب قدر را یافتم، از خدا خود چه بخواهم؟ فرمود: تندرستی. "
        }
    }
}