{
    "135": {
        "number": 135,
        "bab": 2,
        "title": "شب قدر کدام شب ماه رمضان است؟",
        "arabic": {
            "1": ""
        },
        "farsi": {
            "1": ""
        },
        "tozih": {
            "1": "در روایات به این معنی که شب قدر یکی از این دو شب بیست\u200Cویکم و بیست\u200Cوسوم می\u200Cباشد، تاکید شده.\nدر چند روایت آمده که از معصوم خواسته شد: مشخص کنید که شب قدر کدام یک از این دو شب است؟ ایشان تعیین نکرد، بلکه فرمود: «ما أَیْسَرَ لَیْلَتَیْنِ فِیما تَطْلُبُ؛ چه آسان است دو شب در آنچه می\u200Cجویی» یا آنکه فرمود: «ما عَلَیْکَ أَنْ تَفْعَلَ خَیْراً فِی لَیْلَتَیْنِ،؛ باکی بر تو نیست که در هر دو شب کار خیر انجام دهی» و مانند آن [روایات باز هم هست.]\n\nوَقالَ شَیْخُنَا الصَّدُوقُ فِیما أَمْلىٰ عَلَى الْمَشایِخِ فِی مَجْلِسٍ واحِدٍ مِنْ مَذْهَبِ الإِمامیّةِ: «وَ مَنْ أَحْیَا هاتَیْنِ اللَّیْلَتَیْنِ بِمذاکِرَةِ الْعِلْمِ فَهُوَ أَفْضَلُ.»؛\nو شیخ ما صدوق در آنچه بر بزرگان در یک مجلس راجع به مذهب امامیه دیکته کرده چنین فرمود: «هر که این دو شب را با بحث\u200Cهای علمی احیا بدارد بهتر است.»\n\nشب بیست\u200Cو\u200Cسوم از دو شب قدر گذشته برتر است و از روایات بسیار استفاده می\u200Cشود که شب قدر همین شب است و این شب، شبِ «جهنی» است یعنی شبی است که دعاها در آن اجابت می\u200Cشود و در این شب تمام کارها بر پایه حکمت الهی مقدّر می\u200Cگردد. "
        }
    }
}