{
    "139": {
        "number": 139,
        "bab": 2,
        "title": "اعمال روز بیست و یکم ماه رمضان",
        "arabic": {
            "1": ""
        },
        "farsi": {
            "1": ""
        },
        "tozih": {
            "1": "روز شهادت حضرت امیر‌المؤمنین(علیه‌السلام) است و خواندن «زیارت آن جناب» مناسب است و همچنین کلماتی که در چنین روزی خضر به زبان آورده که به منزله زیارت آن حضرت در این روز است و آن کلمات در کتاب «هدیة الزائر» ذکر شده است. "
        }
    }
}