{
    "14": {
        "number": 14,
        "bab": 2,
        "title": "نمازی برای دیدن جایگاه خود در بهشت",
        "arabic": {
            "1": ""
        },
        "farsi": {
            "1": ""
        },
        "tozih": {
            "1": "سید روایت کرده: هرکه در ماه رجب یک روز روزه بگیرد و چهار رکعت نماز بخواند به این ترتیب که: در رکعت اوّل «صد مرتبه» «آیت\u200Cالکرسی» بخواند و در رکعت دوّم «دویست مرتبه» سوره «توحید»، نمی\u200Cمیرد تا مقام خود را در بهشت ببیند، یا دیگری برای او ببیند."
        }
    }
}