{
    "142": {
        "number": 142,
        "bab": 2,
        "title": "ثواب خواندن سوره های عنکبوت و روم در شب قدر بیست و سوم ماه رمضان",
        "arabic": {
            "1": ""
        },
        "farsi": {
            "1": ""
        },
        "tozih": {
            "1": "امام صادق(علیه‌السلام) سوگند یاد کردند که خواننده این دو سوره در این شب از اهل بهشت خواهد بود."
        }
    }
}