{
    "143": {
        "number": 143,
        "bab": 2,
        "title": "دعای سلامتی امام زمان(عجل‌الله‌فرجه)",
        "arabic": {
            "1": "اللّٰهُمَّ كُنْ لِوَلِيِّكَ فلان بن فلان (و به جاى فلان بن فلان بگو: الحُجَّةِ بْنِ الحَسَنِ) صَلَواتُكَ عَلَيْهِ وَعَلَىٰ آبائِهِ فِي هٰذِهِ السَّاعَةِ وَفي كُلِّ ساعَةٍ وَلِيّاً وَحافِظاً وَقائِداً وَناصِراً وَدَلِيلاً وَعَيْناً حَتَّىٰ تُسْكِنَهُ أَرْضَكَ طَوْعاً وَتُمَتِّعَهُ فِيها طَوِيلاً. "
        },
        "farsi": {
            "1": " خدایا برای ولی\u200Cات فلان بن فلان (و به جاى فلان بن فلان بگو: حجت بن الحسن) که درودهایت بر او و پدرانش باد، در این ساعت و در هر ساعت سرپرست و نگهبان و پیشوا و یاور و راهنما و دیده\u200Cبان باش تا او را با رغبت در زمینت سکونت دهی و زمانی طولانی بهره\u200Cمندش سازی."
        },
        "tozih": {
            "1": "محمّد بن عیسی به سند خود از امامان صالح روایت کرده که فرمودند: در شب بیست\u200Cوسوم از ماه رمضان این دعا را چندبار بخوان، در حال سجود و قیام و قعود؛ و بر هر حالی که هستی در تمام ماه و در طول زندگی\u200Cات البته تا جایی که ممکن باشد و نیز هر زمانی که به یادت آید.\nپس از ستایش پروردگار به بزرگواری و فرستادن صلوات بر پیامبر(صلی\u200Cالله\u200Cعلیه\u200Cوآله) می\u200Cگویی: "
        }
    }
}