{
    "145": {
        "number": 145,
        "bab": 2,
        "title": "بیدار نگه داشتن بچه ها در شب قدر",
        "arabic": {
            "1": ""
        },
        "farsi": {
            "1": ""
        },
        "tozih": {
            "1": "از کتاب «دعائم الاِسلام» روایت شده: که رسول خدا(صلی\u200Cالله\u200Cعلیه\u200Cوآله) در دهه آخر ماه رمضان بستر خود را جمع می\u200Cکرد و برای عبادت کمر همّت را محکم می\u200Cبست و در شب بیست\u200Cوسوم اهل خود را بیدار می\u200Cکرد و آن\u200Cهایی را که خواب در ربوده بود، به رویشان آب می\u200Cپاشید و حضرت فاطمه(سلام\u200Cالله\u200Cعلیها) در این شب اجازه نمی\u200Cداد احدی از اهلش بخوابد و خواب آن\u200Cها را به کمی طعام علاج می\u200Cفرمود و آن\u200Cها را با خواباندن در روز برای بیداری و احیای شب آماده می\u200Cکرد و می\u200Cفرمود: محروم کسی است که از خیر این شب محروم بماند.\n\nروایت شده: که امام صادق(علیه\u200Cالسلام) به بیماری سختی دچار شده بود، وقتی شب بیست\u200Cوسوم ماه رمضان رسید، به خدمتکارانش دستور داد او را به مسجد بردند و تا صبح در مسجد بود."
        }
    }
}