{
    "146": {
        "number": 146,
        "bab": 2,
        "title": "روز قدر",
        "arabic": {
            "1": ""
        },
        "farsi": {
            "1": ""
        },
        "tozih": {
            "1": " روزهای این شب‌ها [شب‌های قدر] را نیز باید حرمت نهاد و به عبادت و تلاوت قرآن به سر آورد، زیرا در احادیث معتبر آمده است که روز قدر در فضیلت همانند شب قدر است. "
        }
    }
}