{
    "149": {
        "number": 149,
        "bab": 2,
        "title": "دعاى شب بيست و پنجم ماه رمضان",
        "arabic": {
            "1": "يَا جاعِلَ اللَّيْلِ لِباساً ، وَالنَّهارِ مَعاشاً ، وَالْأَرْضِ مِهاداً ، وَالْجِبالِ أَوْتاداً ، يَا اللّٰهُ يَا قاهِرُ ، يَا اللّٰهُ يَا جَبّارُ ، يَا اللّٰهُ يَا سَمِيعُ ، يَا اللّٰهُ يَا قَرِيبُ ، يَا اللّٰهُ يَا مُجِيبُ ، يَا اللّٰهُ يَا اللّٰهُ يَا اللّٰهُ ، لَكَ الْأَسْماءُ الْحُسْنىٰ ، وَالْأَمْثالُ الْعُلْيا ، وَالْكِبْرِياءُ وَالْآلاءُ ، أَسْأَلُكَ أَنْ تُصَلِّىَ عَلَىٰ مُحَمَّدٍ وَآلِ مُحَمَّدٍ ، وَأَنْ تَجْعَلَ اسْمِى فِى هٰذِهِ اللَّيْلَةِ فِى السُّعَداءِ ، وَرُوحِى مَعَ الشُّهَداءِ ، وَ إِحْسانِى فِى عِلِّيِّينَ ، وَ إِساءَتِى مَغْفُورَةً ، وَأَنْ تَهَبَ لِى يَقِيناً تُباشِرُ بِهِ قَلْبِى ، وَإِيماناً يُذْهِبُ الشَّكَّ عَنِّى ، وَرِضىً بِما قَسَمْتَ لِى ، وَآتِنا فِى الدُّنْيا حَسَنَةً ، وَفِى الْآخِرَةِ حَسَنَةً ، وَقِنا عَذابَ‌النَّارِ الْحَرِيقِ ، وَارْزُقْنِى فِيها ذِكْرَكَ وَشُكْرَكَ ، وَالرَّغْبَةَ إِلَيْكَ وَالْإِنابَةَ وَالتَّوْبَةَ وَالتَّوْفِيقَ لِما وَفَّقْتَ لَهُ مُحَمَّداً وَآلَ مُحَمَّدٍ عَلَيْهِمُ السَّلامُ."
        },
        "farsi": {
            "1": " ای قراردهنده شب را جامه‌ی روز و روز را مایه‌ی کسب روزی و زمین را بستر آرامش و کوه‌ها را میخ‌های زمین، ای خدا، ای چیره، ای خدا، ای شکوهمند، ای خدا، ای شنوا، ای خدا، ای نزدیک، ای خدا، ای اجابت‌کننده‌، ای خدا، ای خدا، ای خدا، نام‌های نیکوتر و نمونه‌های برتر و بزرگ‌منشی و نعمت‌ها از آن توست، از تو می‌خواهم که بر محمّد و آل محمّد درود فرستی و در این شب نامم را در شمار سعادتمندان و روحم را با شهیدان و نیکوکاری‌ام را در بلندمرتبه‌ترین درجه بهشت و بدکاری‌ام را آمرزیده قرار دهی و به من ببخشی یقینی که قلبم با آن همراه باشد و ایمانی که شک را از من برطرف نماید و خشنودی به آنچه نصیبم فرمودی و در دنیا و آخرت پاداش نیکو به ما عنایت کن و ما را از عذاب آتش سوزان حفظ فرما و در این شب ذکر و شکر خویش و رغبت به‌سوی خود و بازگشت و توبه را روزی‌ام فرما و به آنچه محمّد و خاندان محمّد (درود خدا بر آنان) را بر آن موفّق نمودی، توفیقم ده."
        },
        "tozih": {}
    }
}