{
    "15": {
        "number": 15,
        "bab": 2,
        "title": "نمازی بابرکت برای روز جمعه ماه رجب",
        "arabic": {
            "1": " أَسْتَغْفِرُ اللّٰهَ الَّذِي لَاإِلٰهَ إِلّا هُوَ وَأَسْأَلُهُ التَّوْبَةَ. ",
            "2": ""

        },
        "farsi": {
            "1": " آمرزش می\u200Cخواهم از خدایی که معبودی جز او نیست و از او درخواست توبه دارم.",
            "2": ""

        },
        "tozih": {
            "1": "سید از پیامبر روایت کرده: هرکه در روز جمعه ماه رجب بین نماز ظهر و عصر چهار رکعت نماز بخواند به این صورت که: در هر رکعت «یک\u200Cبار» سوره «حمد» و «هفت بار» «آیت\u200Cالکرسی» و «پنج مرتبه» سوره «توحید» سپس «ده بار» بگوید: ",
            "2": "حق\u200Cتعالی برای او از روزی که این نماز را خوانده تا روزی که از دنیا برود، برای هر روز هزار کار نیک بنویسد و در عوض هر آیه\u200Cای که خوانده است، شهری در بهشت از یاقوت سرخ و به\u200Cجای هر حرف قصری در بهشت از گوهر سپید عطا کند و برایش زنان زیباروی بهشتی را به همسری درآورد و از او خشنود گردد بی\u200Cآنکه برایش خشمی به دنبال داشته باشد و در زمره عبادت\u200Cکنندگان به شمار آید و سرانجام او را به سعادت و آمرزش پایان دهد... تا آخر حدیث."

        }
    }
}