{
    "151": {
        "number": 151,
        "bab": 2,
        "title": "اعمال شب بیست و هفتم ماه رمضان",
        "arabic": {
            "1": "اللَّهُمَّ ارْزُقنى التَّجافِىَ عَنْ دارِ الغُرُورِ ، وَالإِنابَةَ إِلَىٰ دارِ الْخُلُودِ ، وَالاسْتِعدادَ لِلْمَوْتِ قَبْلَ حُلُولِ الْفَوتِ.",
            "2": " يَا مادَّ الظِّلِّ وَلَوْ شِئْتَ لَجَعَلْتَهُ ساكِناً وَجَعَلْتَ الشَّمْسَ عَلَيْهِ دَلِيلاً ثُمَّ قَبَضْتَهُ إِلَيْكَ قَبْضاً يَسِيراً ، يَا ذَا الْجُودِ وَالطَّوْلِ وَالْكِبْرِياءِ وَالْآلاءِ لَاإِلٰهَ إِلّا أَنْتَ عالِمُ الْغَيْبِ وَالشَّهادَةِ الرَّحْمانُ الرَّحِيمُ ، لَاإِلٰهَ إِلّا أَنْتَ يَا قُدُّوسُ يَا سَلامُ يَا مُؤْمِنُ يَا مُهَيْمِنُ يَا عَزِيزُ يَا جَبَّارُ يَا مُتَكَبِّرُ يَا اللّٰهُ يَا خالِقُ يَا بارِئُ يَا مُصَوِّرُ ، يَا اللّٰهُ يَا اللّٰهُ يَا اللّٰهُ ، لَكَ الْأَسْماءُ الْحُسْنىٰ ، وَالْأَمْثالُ الْعُلْيا ، وَالْكِبْرِياءُ وَالْآلاءُ ، أَسْأَلُكَ أَنْ تُصَلِّىَ عَلَىٰ مُحَمَّدٍ وَآلِ مُحَمَّدٍ ، وَأَنْ تَجْعَلَ اسْمِى فِى هٰذِهِ اللَّيْلَةِ فِى السُّعَداءِ ، وَرُوحِى مَعَ الشُّهَداءِ، وَ إِحْسانِى فِى عِلِّيِّينَ ، وَ إِساءَتِى مَغْفُورَةً ، وَأَنْ تَهَبَ لِى يَقِيناً تُباشِرُ بِهِ قَلْبِى ، وَإِيماناً يُذْهِبُ الشَّكَّ عَنِّى ، وَتُرْضِيَنِى بِما قَسَمْتَ لِى ، وَآتِنا فِى الدُّنْيا حَسَنَةً ، وَفِى الْآخِرَةِ حَسَنَةً ، وَقِنا عَذابَ النَّارِ الْحَرِيقِ ، وَارْزُقْنِى فِيها ذِكْرَكَ وَشُكْرَكَ وَالرَّغْبَةَ إِلَيْكَ وَالْإِنابَةَ وَالتَّوْبَةَ وَالتَّوْفِيقَ لِما وَفَّقْتَ لَهُ مُحَمَّداً وَآلَ مُحَمَّدٍ صَلَّى اللّٰهُ عَلَيْهِ وَعَلَيْهِمْ. "
        },
        "farsi": {
            "1": "  خدایا، دوری از خانه فریب و بازگشت به خانه جاویدان و آمادگی برای مرگ پیش از رسیدن آن را روزی‌ام گردان. ",
            "2": " ای گسترنده‌ی سایه و اگر می‌خواستی آن را بی‌حرکت می‌ساختی و خورشید را بر آن راهنما قرار دادی، سپس آن را جمع کردی جمع‌کردنی آسان، ای صاحب جود و عطا و بزرگ‌منشی و نعمت‌ها، معبودی جز تو نیست، دانای غیب و آشکار، بخشنده مهربان، معبودی جز تو نیست، ای قدوس، ای سلام، ای ایمنی‌بخش، ای چیره، ای توانا، ای پرشکوه، ای بزرگ‌منش، ای خدا، ای آفریننده، ای پدیدآورنده، ای صورت‌بخش، ای خدا، ای خدا، ای خدا، نام‌های نیکوتر و نمونه‌های برتر و بزرگ‌منشی و نعمت‌ها از آن توست، از تو می‌خواهم که بر محمّد و خاندان محمّد درود فرستی و قرار دهی در این شب نامم را از سعادتمندان و روحم را با شهیدان و نیکوکاری‌ام را در بلندمرتبه‌ترین درجه بهشت و بدکاری‌ام را آمرزیده و به من ببخشی یقینی که قلبم با آن همراه باشد و ایمانی که شک را از من بزداید و خشنودی به آنچه نصیبم کرده‌ای و پاداش نیکو در دنیا و در آخرت را به ما عنایت فرما و ما را از عذاب آتش سوزان حفظ کن و در این شب ذکر و شکرت و رغبت به سویت و بازگشت و توبه را روزی‌ام فرما و به آنچه محمّد و خاندان محمّد (درود خدا بر او و ایشان) را بر آن موفق کردی، توفیقم ده. "
        },
        "tozih": {
            "1": "در آن غسل کردن وارد شده و روایت شده است: که حضرت زین العابدین(علیه‌السلام) این دعا را، در این شب از اول تا آخر شب مکرّر می‌خواند:",
            "2": "دعاى شب بیست و هفتم:"
        }
    }
}