{
    "152": {
        "number": 152,
        "bab": 2,
        "title": "دعاى شب بيست و هشتم ماه رمضان",
        "arabic": {
            "1": "يَا خازِنَ اللَّيْلِ فِى الْهَواءِ ، وَخازِنَ النُّورِ فِى السَّماءِ ، وَمَانِعَ السَّماءِ أَنْ تَقَعَ عَلَى الْأَرْضِ إِلّا بِإِذْنِهِ وَحابِسَهُما أَنْ تَزُولا ، يَا عَلِيمُ يَا عَظِيمُ يَا غَفُورُ يَا دائِمُ يَا اللّٰهُ يَا وارِثُ يَا باعِثَ مَنْ فِى الْقُبُورِ ، يَا اللّٰهُ يَا اللّٰهُ يَا اللّٰهُ ، لَكَ الْأَسْماءُ الْحُسْنىٰ ، وَالْأَمْثالُ الْعُلْيا ، وَالْكِبْرِياءُ وَالْآلاءُ ، أَسْأَلُكَ أَنْ تُصَلِّىَ عَلَىٰ مُحَمَّدٍ وَآلِ مُحَمَّدٍ ، وَأَنْ تَجْعَلَ اسْمِى فِى هٰذِهِ اللَّيْلَةِ فِى السُّعَداءِ ، وَرُوحِى مَعَ الشُّهَداءِ ، وَ إِحْسانِى فِى عِلِّيِّينَ ، وَ إِساءَتِى مَغْفُورَةً ، وَأَنْ تَهَبَ لِى يَقِيناً تُباشِرُ بِهِ قَلْبِى ، وَ إِيماناً يُذْهِبُ الشَّكَّ عَنِّى ، وَتُرْضِيَنِى بِما قَسَمْتَ لِى ، وَآتِنا فِى الدُّنْيا حَسَنَةً ، وَفِى الْآخِرَةِ حَسَنَةً ، وَقِنا عَذابَ النَّارِ الْحَرِيقِ ، وَارْزُقْنِى فِيها ذِكْرَكَ وَشُكْرَكَ ، وَالرَّغْبَةَ إِلَيْكَ وَالْإِنابَةَ وَالتَّوْبَةَ وَالتَّوْفِيقَ لِما وَفَّقْتَ لَهُ مُحَمَّداً وَآلَ مُحَمَّدٍ صَلَّى اللّٰهُ عَلَيْهِ وَعَلَيْهِمْ."
        },
        "farsi": {
            "1": "  ای قراردهنده‌ی تاریکی در فضا و قراردهنده روشنایی در آسمان و بازدارنده‌ی آسمان از اینکه بر زمین افتد، مگر به اجازه او و نگاه دارنده‌ی آسمان و زمین، از اینکه از جای بدر روند، ای دانا، ای بزرگ، ای آمرزنده‌، ای جاودانه، ای خدا، ای وارث، ای برانگیزنده مردگان در قبرها، ای خدا، ای خدا، ای خدا، نام‌های نیکوتر و نمونه‌های برتر و بزرگ‌منشی و نعمت‌ها از آن توست، از تو می‌خواهم که بر محمّد و خاندان محمّد درود فرستی و قرار دهی در امشب نامم را از سعادتمندان و روحم را با شهیدان و نیکوکاری‌ام را در بلندمرتبه‌ترین درجه بهشت و گناهانم را آمرزیده و اینکه ببخشی به من یقینی که قلبم با آن همراه باشد و ایمانی که شک را از من برطرف سازد و خشنودی به آنچه نصیب من کردی و پاداش نیکو در دنیا و در آخرت به ما عنایت فرما و ما را از عذاب آتش سوزان حفظ کن و در این شب ذکر و شکر خویش و رغبت به‌سوی خود و بازگشت و توبه را روزی‌ام کن و به آنچه محمّد و خاندان محمّد (درود خدا بر او و ایشان) را بر آن موفق کردی، توفیقم ده. "
        },
        "tozih": {}
    }
}