{
    "155": {
        "number": 155,
        "bab": 2,
        "title": "دعای وداع ماه رمضان",
        "arabic": {
            "1": " اللّٰهُمَّ لَاتَجْعَلْهُ آخِرَ الْعَهْدِ من صِيامِي لِشَهْرِ رَمَضانَ، وَأَعُوذُ بِكَ أَنْ يَطْلُعَ فَجْرُ هٰذِهِ اللَّيْلَةِ إِلّا وَقَدْ غَفَرْتَ لِي. ",
            "2": " اللّٰهُمَّ لَاتَجْعَلهُ آخِرَ العَهْدِ مِنْ صِيامِنا إِيَّاهُ فَإِنْ جَعَلْتَهُ فَاجْعَلْنِي مَرْحُوماً وَلَا تَجْعَلْنِي مَحْرُوماً. ",
            "3": " سُبْحانَ اللّٰهِ وَالحَمْدُ للّٰهِ وَلَا إِلٰهَ إِلّا اللّٰهُ وَاللّٰهُ أَكْبَرُ. ",
            "4": " يَا حَيُّ يَا قَيُّومُ، يَا ذَا الجَلالِ وَالإِكرامِ، يَا رَحْمانَ الدُّنيا وَالآخِرَةِ وَرَحِيمَهُما، يَا أَرْحَمَ الرَّاحِمِينَ، يَا إِلٰهَ الأَوَّلِينَ وَالآخِرِينَ، اغْفِرْ لَنا ذُنُوبَنا، وَتَقَبَّلْ مِنَّا صَلاتَنا وَصِيامَنا وَقِيامَنا. ",
            "5": ""

        },
        "farsi": {
            "1": "خدایا، این ماه را آخرین بار روزه\u200Cام در ماه رمضان قرار مده و به تو پناه می\u200Cآورم از اینکه سپیده این شب سر زند، مگر اینکه مرا آمرزیده باشی.",
            "2": " خدایا، این ماه را آخرین بار روزه\u200Cی ما در ماه رمضان قرار مده، اگر قرار داده\u200Cای پس مرا رحمت شده بدار، نه محروم از رحمت. ",
            "3": " پاک است خدا و ستایش شایسته اوست و معبودی جز او نیست و خدا بزرگ\u200Cتر از آن است که وصف شود. ",
            "4": " ای زنده به خود،ای پاینده! ای دارای بزرگی و رأفت و محبت، ای بخشنده دنیا و آخرت و ای مهربان در هر دو زمان، ای مهربان\u200Cترین مهربانان، ای معبود گذشتگان و آیندگان، گناهانمان را بیامرز و نماز و روزه و شب\u200Cبیداری\u200Cمان را بپذیر. ",
            "5": ""

        },
        "tozih": {
            "1": "ماه رمضان را با دعاهایی که مضمونش وداع با ماه مبارک است، وداع کند؛ [مثل] دعاهایی که شیخ کلینی و شیخ صدوق و شیخ مفید و شیخ طوسی و سید ابن طاووس (رضوان الله علیهم) نقل کرده\u200Cاند و شاید بهترین آن\u200Cها دعای چهل\u200Cوپنجم صحیفه کامله باشد.\n\nسید ابن طاووس از امام صادق(علیه\u200Cالسلام) روایت کرده: که هرکه در شب آخر ماه رمضان، آن ماه شریف را وداع گفته و بگوید:",
            "2": " پیش از آنکه سپیده برآید، حق\u200Cتعالی او را بیامرزد و توبه و بازگشت نصیب وی کند.\n\nسید و شیخ صدوق از جابر بن عبدالله انصاری روایت کرده\u200Cاند که گفته: در جمعه آخر ماه رمضان خدمت رسول خدا(صلی\u200Cالله\u200Cعلیه\u200Cوآله) رسیدم، چون نظر آن حضرت بر من افتاد، فرمود: ای جابر، این آخرین جمعه از ماه رمضان است، پس آن را وداع کن و بگو: ",
            "3": "به\u200Cراستی هرکه این دعا را در این روز بخواند به یکی از دو خصلت نیکو پیروزی یابد: یا رسیدن به ماه رمضان آینده یا آمرزش خداوند و رحمت بی\u200Cانتهای او.\n\nسید ابن طاووس و کفعمی از حضرت رسول(صلی\u200Cالله\u200Cعلیه\u200Cوآله) روایت کرده\u200Cاند که فرمود: هرکه در شب آخر ماه رمضان ده رکعت نماز به صورت دو رکعتی بخواند، در هر رکعت سوره «حمد» را «یک بار» و «قُلْ هُوَ اللّٰهُ أَحَدٌ» را «ده بار» و در هر یک از رکوع و سجود «ده مرتبه» بگوید:",
            "4": "و هنگامی\u200Cکه از ده رکعت فراغت یافت «هزار مرتبه» استغفار کند؛ و پس از استغفار سر به سجده گذارد و در حال سجده بگوید: ",
            "5": "سوگند به کسی که مرا به\u200Cراستی به پیامبری مبعوث کرد که جبرئیل مرا از اسرافیل خبر داد و اسرافیل از پروردگار خود که سر از سجده برنداشته، خداوند او را بیامرزد و ماه رمضان را از او قبول کند و از گناهان او درگذرد... تا پایان روایت."
        }
    }
}