{
    "159": {
        "number": 159,
        "bab": 2,
        "title": "دعای ختم قرآن",
        "arabic": {
            "1": " اللّٰهُمَّ اشْرَحْ بِالْقُرْآنِ صَدْرِى، وَاسْتَعْمِلْ بِالْقُرْآنِ بَدَنِى، وَنَوِّرْ بِالْقُرْآنِ بَصَرِى، وَأَطْلِقْ بِالْقُرْآنِ لِسانِى، وَأَعِنِّى عَلَيْهِ مَا أَبْقَيْتَنِى فَإِنَّهُ لَاحَوْلَ وَلَا قُوَّةَ إِلّا بِكَ. ",
            "2": " اللّٰهُمَّ إِنِّى أَسْأَلُكَ إِخْباتَ الْمُخْبِتِينَ، وَ إِخْلاصَ الْمُوقِنِينَ، وَمُرافَقَةَ الْأَبْرارِ، وَاسْتِحْقاقَ حَقائِقِ الْإِيمانِ، وَالْغَنِيمَةَ مِنْ كُلِّ بِرٍّ، وَالسَّلامَةَ مِنْ كُلِّ إِثْمٍ، وَوُجُوبَ رَحْمَتِكَ، وَعَزائِمَ مَغْفِرَتِكَ، وَالْفَوْزَ بِالْجَنَّةِ، وَالنَّجاةَ مِنَ النّارِ. "

        },
        "farsi": {
            "1": " خدایا، به قرآن سینه\u200Cام را بگشا و به قرآن بدنم را بکار انداز و به قرآن دیده\u200Cام را روشن ساز و به قرآن زبانم را گویا کن و به عمل به آن تا زنده\u200Cام می\u200Cداری یاری\u200Cام ده که هیچ نیرو توان نیست مگر به تو. ",
            "2": " خدایا، از تو می\u200Cخواهم، فروتنی فروتنان و اخلاص یقین\u200Cداران و مدارای نیکان و شایستگی حقایق ایمان و بهره\u200Cمندی از هر نیکی و سلامت از هر گناه و ضروری بودن رحمتت و اراده\u200Cهای آمرزشت و رسیدن به بهشت و رهایی از آتش را."

        },
        "tozih": {
            "1": " شایسته است پس از ختم قرآن «دعای چهل\u200Cودوم صحیفه کامله سجادیه» را بخوانند و اگر بخواهند می\u200Cتوانند این دعای مختصر را که شیخ طوسی از امیرالمؤمنین(علیه\u200Cالسلام) روایت کرده بخوانند: ",
            "2": " و همچنین این دعا که از حضرت امیرالمؤمنین(علیه\u200Cالسلام) روایت شده است خوانده شود: "

        }
    }
}