{
    "163": {
        "number": 163,
        "bab": 2,
        "title": "دعای روز اول ماه رمضان",
        "arabic": {
            "1": "اللّٰهُمَّ اجْعَلْ صِيامِى فِيهِ  صِيامَ الصَّائِمِينَ ، وَقِيامِى فِيهِ قِيامَ الْقائِمِينَ ، وَنَبِّهْنِى فِيهِ عَنْ نَوْمَةِ الْغافِلِينَ ، وَهَبْ لِى جُرْمِى فِيهِ  يَا إِلٰهَ الْعالَمِينَ ، وَاعْفُ عَنِّى يَا عافِياً عَنِ الْمُجْرِمِينَ."
        },
        "farsi": {
            "1": "خدایا، روزه‌ام را در این ماه روزه‌ی روزه‌داران قرار ده و شب‌زنده‌داری‌ام را شب‌زنده‌داری شب‌زنده‌داران و بیدارم کن در آن از خواب بی‌خبران و ببخش گناهم را در آن، ای معبود جهانیان و از من درگذر، ای درگذرنده از گنه‌کاران. "
        },
        "tozih": {
            "1": ""
        }
    }
}