{
    "165": {
        "number": 165,
        "bab": 2,
        "title": "دعای روز سوم ماه رمضان",
        "arabic": {
            "1": "اللّٰهُمَّ ارْزُقْنِى فِيهِ الذِّهْنَ وَالتَّنْبِيهَ ، وَباعِدْنِى فِيهِ مِنَ السَّفاهَةِ وَالتَّمْوِيهِ ، وَاجْعَلْ لِى نَصِيباً مِنْ كُلِّ خَيْرٍ تُنْزِلُ فِيهِ ، بِجُودِكَ يَا أَجْوَدَ الْأَجْوَدِينَ."
        },
        "farsi": {
            "1": " خدایا، در این ماه به من تیزهوشی و بیداری عنایت فرما و از بی‌خردی و اشتباه دورم ساز و از هر خیری که در این ماه نازل می‌کنی، برایم بهره‌ای قرار ده و به‌حق جودت، ای جودمندترین جودمندان."
        },
        "tozih": {
            "1": ""
        }
    }
}