{
    "166": {
        "number": 166,
        "bab": 2,
        "title": "دعای روز چهارم ماه رمضان",
        "arabic": {
            "1": "اللّٰهُمَّ قَوِّنِى فِيهِ عَلَىٰ إِقامَةِ أَمْرِكَ ، وَأَذِقْنِى فِيهِ حَلاوَةَ ذِكْرِكَ ، وَأَوْزِعْنِى فِيهِ لِأَداءِ شُكْرِكَ بِكَرَمِكَ ، وَاحْفَظْنِى فِيهِ بِحِفْظِكَ وَسَِتْرِكَ ، يَا أَبْصَرَ النَّاظِرِينَ."
        },
        "farsi": {
            "1": "خدایا، در این ماه برای برپاداشتن امرت نیرومند ساز مرا و شیرینی ذکرت را به من بچشان و ادای شکرت را به من الهام فرما و به نگهداری و پوششت نگاهم بدار، ای بیناترین بینندگان. "
        },
        "tozih": {
            "1": ""
        }
    }
}