{
    "169": {
        "number": 169,
        "bab": 2,
        "title": "دعای روز هفتم ماه رمضان",
        "arabic": {
            "1": "اللّٰهُمَّ أَعِنِّى فِيهِ عَلَىٰ صِيامِهِ وَقِيامِهِ ، وَجَنِّبْنِى فِيهِ مِنْ هَفَواتِهِ وَآثامِهِ ، وَارْزُقْنِى فِيهِ ذِكْرَكَ بِدَوامِهِ ، بِتَوْفِيقِكَ يَا هادِىَ الْمُضِلِّينَ."
        },
        "farsi": {
            "1": " خدایا، مرا در این ماه بر روزه و شب‌زنده‌داری‌اش یاری ده و از لغزش‌ها و گناهانش دورم بدار و ذکرت را همواره روزی‌ام کن، به توفیقت ای راهنمای گمراهان. "
        },
        "tozih": {
            "1": ""
        }
    }
}