{
    "171": {
        "number": 171,
        "bab": 2,
        "title": "دعای روز نهم ماه رمضان",
        "arabic": {
            "1": "اللّٰهُمَّ اجْعَلْ لِى فِيهِ نَصِيباً مِنْ رَحْمَتِكَ الْواسِعَةِ ، وَاهْدِنِى فِيهِ لِبَراهِينِكَ السّاطِعَةِ ، وَخُذْ بِناصِيَتِى إِلىٰ مَرْضاتِكَ الْجامِعَةِ ، بِمَحَبَّتِكَ يَا أَمَلَ الْمُشْتاقِينَ."
        },
        "farsi": {
            "1": " خدایا، برای من در این ماه بهره‌ای از رحمت گسترده‌ات قرار ده و به جانب دلایل درخشانت راهنمایی کن و به‌سوی خشنودی فراگیرت متوجه کن، به مهرت ای آرزوی مشتاقان. "
        },
        "tozih": {
            "1": ""
        }
    }
}