{
    "18": {
        "number": 18,
        "bab": 2,
        "title": "دعای آمرزش گناهان، هر چند به عدد قطره‌های باران باشد",
        "arabic": {
            "1": " سُبْحانَ اللّٰهِ، وَالْحَمْدُ لِلّٰهِ، وَلَا إِلٰهَ إِلّا اللّٰهُ، وَاللّٰهُ أَكْبَرُ، وَلا حَوْلَ وَلَا قُوَّةَ إِلّا بِاللّٰهِ الْعَلِيِّ الْعَظِيمِ. ",
            "2": " اللَّهُمَّ صَلِّ عَلَى مُحَمَّدٍ وَ آلِ مُحَمَّدٍ. ",
            "3": " اللّٰهُمَّ اغْفِرْ لِلْمُؤْمِنِينَ وَالْمُؤْمِناتِ. ",
            "4": " أَسْتَغْفِرُ اللّٰهَ وَأَتُوبُ إِلَيْهِ. ",
            "5": ""

        },
        "farsi": {
            "1": " منزّه است خدا و خدا را سپاس و معبودی جز خدا نیست و خدا بزرگ\u200Cتر از آن است که وصف شود و هیچ نیرو و توانى نیست جز به خداى بلندمرتبه بزرگ.",
            "2": " خدایا درود فرست بر محمّد و خاندانش. ",
            "3": "خدایا مردان و زنان مؤمن را ببخش و بیامرز.",
            "4": " از خدا آمرزش می\u200Cجویم و به\u200Cسوی او می\u200Cپویم. ",
            "5": ""

        },
        "tozih": {
            "1": "علاّمه مجلسی در کتاب «زاد المَعاد» فرموده: از حضرت امیرالمؤمنین(علیه\u200Cالسلام) روایت شده: حضرت رسول(صلی\u200Cالله\u200Cعلیه\u200Cوآله) فرمود: هرکه در هرشب و هر روز ماه\u200Cهای رجب، شعبان و رمضان، هر یک از «حَمد» و «آیت\u200Cالکرسی» و «قُلْ یٰا أَیُّهَا الْکٰافِرُونَ» و «قُلْ هُوَ اللّٰهُ أَحَدٌ» و « قُلْ أَعُوذُ بِرَبِّ الْفَلَقِ» و «قُلْ أَعُوذُ بِرَبِّ النّٰاسِ» را «سه مرتبه» قرائت کند و «سه مرتبه»بگوید: ",
            "2": " و «سه مرتبه» بگوید: ",
            "3": " و «سه مرتبه»: ",
            "4": "و «چهار صد» مرتبه: ",
            "5": " خداوند تعالی گناهانش را بیامرزد، هرچند به عدد قطره\u200Cهای باران و برگ درختان و کف روی آب دریاها باشد تا آخر حدیث؛"

        }
    }
}