{
    "181": {
        "number": 181,
        "bab": 2,
        "title": "دعای روز نوزدهم ماه رمضان",
        "arabic": {
            "1": "اللّٰهُمَّ وَفِّرْ فِيهِ حَظِّى مِنْ بَرَكاتِهِ ، وَسَهِّلْ سَبِيلِى إِلىٰ خَيْراتِهِ ، وَلَا تَحْرِمْنِى قَبُولَ حَسَناتِهِ ، يَا هادِياً إِلَى الْحَقِّ الْمُبِينِ."
        },
        "farsi": {
            "1": "خدایا، در این ماه بهره‌ام را از برکت‌هایش کامل گردان و راهم را به‌سوی نیکی‌هایش هموار نما و از پذیرفتن خوبی‌هایش محرومم مساز، ای هدایت کننده به‌سوی حق آشکار. "
        },
        "tozih": {
            "1": ""
        }
    }
}