{
    "183": {
        "number": 183,
        "bab": 2,
        "title": "دعای روز بیست و یکم ماه رمضان",
        "arabic": {
            "1": "اللّٰهُمَّ اجْعَلْ لِى فِيهِ إِلىٰ مَرْضاتِكَ دَلِيلاً ، وَلَا تَجْعَلْ لِلشَّيْطانِ فِيهِ عَلَىَّ سَبِيلاً ، وَاجْعَلِ الْجَنَّةَ لِى مَنْزِلاً وَمَقِيلاً ، يَا قاضِىَ حَوائِجِ الطَّالِبِينَ."
        },
        "farsi": {
            "1": "خدایا، در این ماه برای من به‌سوی خشنودی‌ات دلیلی قرار ده و برای شیطان راهی به‌سوی من قرار مده و بهشت را منزل و آسایشگاهم قرار ده، ای برآورنده حاجات خواهندگان. "
        },
        "tozih": {
            "1": ""
        }
    }
}