{
    "184": {
        "number": 184,
        "bab": 2,
        "title": "دعای روز بیست و دوم ماه رمضان",
        "arabic": {
            "1": "اللّٰهُمَّ افْتَحْ لِى فِيهِ أَبْوابَ فَضْلِكَ ، وَأَنْزِلْ عَلَىَّ فِيهِ بَرَكاتِكَ ، وَوَفِّقْنِى فِيهِ لِمُوجِباتِ مَرْضاتِكَ ، وَ أَسْكِنِّى فِيهِ بُحْبُوحاتِ جَنَّاتِكَ ، يَا مُجِيبَ دَعْوَةِ الْمُضْطَرِّينَ."
        },
        "farsi": {
            "1": " خدایا، در این ماه درهای فضلت را به روی من بگشا و برکاتت را بر من نازل فرما و به موجبات خشنودی‌ات موفقم بدار و در میان بهشت‌هایت جایم ده، ای برآورنده خواهش درماندگان. "
        },
        "tozih": {
            "1": ""
        }
    }
}