{
    "187": {
        "number": 187,
        "bab": 2,
        "title": "دعای روز بیست و پنجم ماه رمضان",
        "arabic": {
            "1": "اللّٰهُمَّ اجْعَلْنِى فِيهِ مُحِبّاً لِأَوْلِيائِكَ ، وَمُعادِياً لِأَعْدائِكَ ، مُسْتَنّاً بِسُنَّةِ خاتَمِ أَنْبِيائِكَ ، يَا عاصِمَ قُلُوبِ النَّبِيِّينَ."
        },
        "farsi": {
            "1": " خدایا، مرا در این ماه دلبسته اولیائت و دشمن دشمنانت قرار ده و آراسته به راه و روش خاتم پیامبرانت گردان، ای نگهدارنده‌ی دل‌های پیامبران. "
        },
        "tozih": {
            "1": ""
        }
    }
}