{
    "188": {
        "number": 188,
        "bab": 2,
        "title": "دعای روز بیست و ششم ماه رمضان",
        "arabic": {
            "1": "اللّٰهُمَّ اجْعَلْ سَعْيِى فِيهِ مَشْكُوراً ، وَذَنْبِى فِيهِ مَغْفُوراً ، وَعَمَلِى فِيهِ مَقْبُولاً ، وَعَيْبِى فِيهِ مَسْتُوراً ، يَا أَسْمَعَ السَّامِعِينَ."
        },
        "farsi": {
            "1": " خدایا، کوششم را در این ماه مورد سپاس و گناهم را آمرزیده و عملم را پذیرفته و عیبم را پوشیده قرار ده، ای شنواترین شنوایان."
        },
        "tozih": {
            "1": ""
        }
    }
}