{
    "19": {
        "number": 19,
        "bab": 2,
        "title": "نمازهای ماه رجب",
        "arabic": {
            "1": " أَسْتَغْفِرُ اللّٰهَ الَّذِي لَاإِلٰهَ إِلّا هُوَ وَأَسْأَلُهُ التَّوْبَةَ. ",
            "2": " لَا إِلٰهَ إِلّا اللّٰهُ وَحْدَهُ لَاشَرِيكَ لَهُ، لَهُ الْمُلْكُ وَلَهُ الْحَمْدُ، يُحْيِى وَيُمِيتُ وَهُوَ حَيٌّ لَايَمُوتُ، بِيَدِهِ الْخَيْرُ، وَهُوَ عَلَىٰ كُلِّ شَىْءٍ قَدِيرٌ، وَ إِلَيْهِ الْمَصِيرُ، وَلَا حَوْلَ وَلَا قُوَّةَ إِلّا بِاللّٰهِ الْعَلِيِّ الْعَظِيمِ، اللّٰهُمَّ صَلِّ عَلَىٰ مُحَمَّدٍ النَّبِيِّ الْأُمِّيِّ وَآلِهِ. ",
            "3": ""

        },
        "farsi": {
            "1": " آمرزش می\u200Cخواهم از خدایی که معبودی جز او نیست و از او درخواست توبه دارم.",
            "2": " معبودی جز خدا نیست، یگانه و بی\u200Cشریک است، فرمانروایی و سپاس ویژه اوست، زنده می\u200Cکند و می\u200Cمیراند و او زنده\u200Cای است که هرگز نمی\u200Cمیرد، خیر فقط به دست اوست و او بر هر کاری توانا است و بازگشت همه به\u200Cسوی اوست و هیچ نیرو و توانى نیست جز به خداى بلندمرتبه بزرگ، خدایا! بر محمّد پیامبر درس ناخوانده و خاندانش درود فرست.",
            "3": ""

        },
        "tozih": {
            "1": "سید روایت کرده: هرکه در ماه رجب یک روز روزه بگیرد و چهار رکعت نماز بخواند به این ترتیب که: در رکعت اوّل «صد مرتبه» «آیت\u200Cالکرسی» بخواند و در رکعت دوّم «دویست مرتبه» سوره «توحید»، نمی\u200Cمیرد تا مقام خود را در بهشت ببیند، یا دیگری برای او ببیند.\n\nو نیز سید از پیامبر روایت کرده: هرکه در روز جمعه ماه رجب بین نماز ظهر و عصر چهار رکعت نماز بخواند به این صورت که: در هر رکعت «یک\u200Cبار» سوره «حمد» و «هفت بار» «آیت\u200Cالکرسی» و «پنج مرتبه» سوره «توحید» سپس «ده بار» بگوید: ",
            "2": " حق\u200Cتعالی برای او از روزی که این نماز را خوانده تا روزی که از دنیا برود، برای هر روز هزار کار نیک بنویسد و در عوض هر آیه\u200Cای که خوانده است، شهری در بهشت از یاقوت سرخ و به\u200Cجای هر حرف قصری در بهشت از گوهر سپید عطا کند و برایش زنان زیباروی بهشتی را به همسری درآورد و از او خشنود گردد بی\u200Cآنکه برایش خشمی به دنبال داشته باشد و در زمره عبادت\u200Cکنندگان به شمار آید و سرانجام او را به سعادت و آمرزش پایان دهد... تا آخر حدیث.\n\n[همچنین] در تمام ماه رجب شصت رکعت نماز بخواند، در هر شب دو رکعت به این ترتیب که در هر رکعت «یک مرتبه» سوره «حمد» و «سه مرتبه» «قُلْ یٰا أَیُّهَا الْکٰافِرُونَ» و «یک مرتبه» سوره «توحید» بخواند و چون سلام دهد، دست\u200Cها را بلند کرده و بگوید: ",
            "3": " سپس دست\u200Cها را به صورت خویش بمالد، از پیامبر روایت شده: هرکه این عمل را بجا آورد، خدا دعایش را مستجاب کند و پاداش شصت حج و شصت عمره را به او عطا فرماید.\n\n[همچنین] از پیامبر(صلی\u200Cالله\u200Cعلیه\u200Cوآله) روایت شده: هرکه در یک شب از ماه رجب، در دو رکعت نماز «صد مرتبه» سوره «توحید» بخواند مانند کسی است که در راه خدا صد سال روزه گرفته و حق\u200Cتعالی برای این عمل صد قصر در بهشت به او عطا کند، هر قصری در جوار پیامبری از پیامبران.\n\nو نیز از آن حضرت روایت شده: هرکه در یک شب از شب\u200Cهای رجب ده رکعت نماز بخواند به این ترتیب که در هر رکعت سوره «حمد» و یک بار «قُلْ یٰا أَیُّهَا الْکٰافِرُونَ» و «سه بار» سوره «توحید» را بخواند حق\u200Cتعالی هر گناهی که پیش از آن مرتکب شده بیامرزد تا آخر حدیث."

        }
    }
}