{
    "190": {
        "number": 190,
        "bab": 2,
        "title": "دعای روز بیست و هشتم ماه رمضان",
        "arabic": {
            "1": "اللّٰهُمَّ وَفِّرْ حَظِّى فِيهِ مِنَ النَّوافِلِ ، وَأَكْرِمْنِى فِيهِ بِإِحْضارِ الْمَسائِلِ ، وَقَرِّبْ فِيهِ  وَسِيلَتِى إِلَيْكَ مِنْ بَيْنِ الْوَسائِلِ ، يَا مَنْ لَا يَشْغَلُهُ إِلْحاحُ الْمُلِحِّينَ."
        },
        "farsi": {
            "1": " خدایا، بهره‌ام را در این ماه از مستحبات فراوان کن و مرا با تحقق درخواست‌ها اکرام فرما و از میان وسایل، وسیله‌ام را به‌سویت نزدیک کن، ای که پافشاری اصرارورزان مشغولش نسازد. "
        },
        "tozih": {
            "1": ""
        }
    }
}