{
    "191": {
        "number": 191,
        "bab": 2,
        "title": "دعای روز بیست و نهم ماه رمضان",
        "arabic": {
            "1": "اللّٰهُمَّ غَشِّنِى فِيهِ بِالرَّحْمَةِ ، وَارْزُقْنِى فِيهِ التَّوْفِيقَ وَالْعِصْمَةَ ، وَطَهِّرْ قَلْبِى مِنْ غَياهِبِ  التُّهَمَةِ ، يَا رَحِيماً بِعِبادِهِ الْمُؤْمِنِينَ."
        },
        "farsi": {
            "1": " خدایا، در این ماه با رحمتت فروگیر و توفیق و خود نگهداری نصیبم کن و از تیرگی‌های تهمت دلم را پاک گردان، ای مهربان به بندگان با ایمان. "
        },
        "tozih": {
            "1": "کفعمی «دعای روز بیست‌وهفتم» را در «روز بیست‌ونهم» ذکر نموده."
        }
    }
}