{
    "197": {
        "number": 197,
        "bab": 2,
        "title": "نماز حاجت و آمرزش گناهان در شب عید فطر",
        "arabic": {
            "1": " يَا ذَا الْمَنِّ وَالْجُودِ، يَا ذَا الْمَنِّ وَالطَّوْلِ، يَا مُصْطَفِيَ مُحَمَّدٍ صَلَّى اللّٰهُ عَلَيْهِ وَآلِهِ صَلِّ عَلَىٰ مُحَمَّدٍ وَآلِهِ وَافْعَلْ بِي كَذا وَكَذا. (بجای «کذاوکذا» حاجات خود را بخواهد) ",
            "2": ""

        },
        "farsi": {
            "1": " ای دارای مهر و جود، ای صاحب مهر و توانایی، ای برگزیننده\u200Cی محمّد (درود خدا بر او و خاندانش)، بر محمّد و خاندانش درود فرست و با من چنین و چنان کن. (بجای «چنین و چنان» حاجات خود را بخواه)",
            "2": ""

        },
        "tozih": {
            "1": "[در شب عید فطر] دو رکعت نماز بخوان؛ در رکعت اوّل پس از سوره «حمد» «هزار مرتبه» «توحید» و در رکعت دوم «یک مرتبه» و پس از سلام سر به سجده گذار و «صد مرتبه» بگو: «أَتُوبُ إِلَى اللّٰهِ؛ به\u200Cسوی خدا می\u200Cپویم»، آنگاه بگو:",
            "2": "در روایت آمده: که حضرت امیرالمؤمنین(علیه\u200Cالسلام) این دو رکعت نماز را به این کیفیت می\u200Cخواند، سپس سر از سجده برمی\u200Cداشت و می\u200Cفرمود:\nبه\u200Cحق آن خدایی که جانم در دست قدرت اوست، هرکه این نماز را به جا آورد، هر حاجت که از خدا بخواهد یقیناً عطا فرماید و اگر به شماره ریگ\u200Cهای بیابان گناه داشته باشد، خدا آن\u200Cها را بیامرزد.\n\nدر روایت دیگری بجای «هزار مرتبه» سوره «توحید» «صد مرتبه» وارد شده، لیکن این نماز را باید پس از نماز مغرب و نافله آن بخواند."

        }
    }
}