{
    "20": {
        "number": 20,
        "bab": 2,
        "title": "اعمال لیلة الرغائب (شب آرزوها)",
        "arabic": {
            "1": " اللّٰهُمَّ صَلِّ عَلَىٰ مُحَمَّدٍ النَّبِيِّ الْأُمِّيِّ وَعَلَىٰ آلِهِ. ",
            "2": " سُبُّوحٌ قُدُّوسٌ رَبُّ الْمَلائِكَةِ وَالرُّوحِ. ",
            "3": " رَبِّ اغْفِرْ وَارْحَمْ وَتَجاوَزْ عَمَّا تَعْلَمُ ، إِنَّكَ أَنْتَ الْعَلِيُّ الْأَعْظَمُ. ",
            "4": " سُبُّوحٌ قُدُّوسٌ رَبُّ الْمَلائِكَةِ وَالرُّوحِ. ",
            "5": ""
        },
        "farsi": {
            "1": " خدایا! بر محمّد پیامبر درس ناخوانده و خاندانش درود فرست.",
            "2": " پاک و منزّه است پروردگار فرشتگان و روح.",
            "3": " پروردگارا! مرا بیامرز و بر من مهرورز و از آنچه از من می‌دانی بگذر، تو خدای برتر و بزرگ‌تری.",
            "4": " پاک و منزّه است پروردگار فرشتگان و روح.",
            "5": ""
        },
        "tozih": {
            "1": " بدان که اولین شب جمعه ماه رجب را «لیلة الرغائب» (یعنی شب دلدادگان) می‌گویند و برای آن عملی با فضیلت بسیار از حضرت رسول(صلی‌الله‌علیه‌وآله) وارد شده که آن را سید در کتاب «اقبال» و علاّمه حلی در «اجازه بنی زهره» نقل کرده‌اند. بعضی از فضیلت آن اینکه به سبب انجام آن، گناهان بسیار آمرزیده می‌شود؛\n\nو نیز نمازی در آن وارد شده که هرکه آن را به‌جای آورد هنگام شب اوّل قبرش حق‌تعالی ثواب آن را به نیکوترین صورت و با روی گشاده و درخشان و زبانی گویا به‌سوی او می‌فرستد، پس به او می‌گوید: ای حبیب من تو را بشارت باد که از هر شدّت و سختی نجات یافتی.\n\nبنده می‌گوید: تو کیستی؟ به خدا سوگند من چهره‌ای زیباتر از چهره تو ندیدم و سخنی شیرین‌تر از سخن تو نشنیدم و بویی بهتر از بوی تو نبوییدم!\nپاسخ می‌دهد: من ثواب آن نمازم که در فلان شب، از فلان ماه، از فلان سال به‌جای آوردی، امشب نزد تو آمدم تا حقّت را ادا کنم و مونس تنهایی تو باشم و هراس را از تو برگیرم و هنگامی‌که در صور (شیپور قیامت) دمیده شود، در عرصه قیامت سایه‌ای بر سرت خواهم افکند، پس خوشحال باش که خیر هرگز از تو جدا نخواهد شد.\n\nکیفیت این نماز چنین است:\nاولین پنجشنبه ماه رجب را روزه می‌داری، چون شب جمعه داخل شود، مابین نماز مغرب و عشاء، دوازده رکعت نماز بجا می‌آوری، هر دو رکعت با یک سلام به این ترتیب که: در هر رکعت «یک مرتبه» سوره «حمد» و «سه مرتب» سوره «قدر» و «دوازده مرتبه» سوره « توحید» می‌خوانی و هنگامی که از نماز فارغ شدی «هفتاد مرتبه» می‌گویی:",
            "2": " سپس به سجده می‌روى و «هفتاد مرتبه» می‌گویى: ",
            "3": " آنگاه سر از سجده برمی‌داری و «هفتاد مرتبه» می‌گویی: ",
            "4": "دوباره به سجده می‌روی و «هفتاد مرتبه» می‌گویی: ",
            "5": "سپس حاجت خود را می‌طلبی که به خواست خدا برآورده خواهد شد."
        }
    }
}