{
    "200": {
        "number": 200,
        "bab": 2,
        "title": "اهمیت زکات فطره",
        "arabic": {
            "1": ""
        },
        "farsi": {
            "1": ""

        },
        "tozih": {
            "1": "بدان\u200Cکه زکات فطر، واجب مؤکد و شرط قبولی روزه ماه رمضان و سبب حفظ انسان تا سال آینده است و حق\u200Cتعالی در این آیه شریفه: ﴿قَدْ أَفْلَحَ مَنْ تَزَکّٰى وَ ذَکَرَ اسْمَ رَبِّهِ فَصَلّٰى﴾ زکات را مقدّم بر نماز ذکر فرموده. "
        }
    }
}