{
    "202": {
        "number": 202,
        "bab": 2,
        "title": "روز بیست‌ و پنجم ماه شوال",
        "arabic": {
            "1": ""
        },
        "farsi": {
            "1": ""
        },
        "tozih": {
            "1": "\nدر سال صدوچهل‌وهشت به گفته بعضی، شهادت امام صادق(علیه‌السلام) واقع شده و برخی روز شهادت را نیمه رجب گفته‌اند و علت شهادت آن حضرت، انگور زهرآلودی بوده که به حضرت خورانده شده.\n\nروایت شده: که چون زمان شهادت آن حضرت فرا رسید دیده‌های خود را گشود و فرمود: بستگان مرا گرد آورید، چون همه گرد آمدند به‌جانب ایشان نظر کرد و فرمود: شفاعت ما به کسی که نماز را سبک شمارد و به جایگاه آن اعتماد نکند نمی‌رسد."
        }
    }
}