{
    "211": {
        "number": 211,
        "bab": 2,
        "title": "فضیلت و اعمال شب دحوالارض",
        "arabic": {
            "1": "",
            "2": "",
            "3": ""
        },
        "farsi": {
            "1": "",
            "2": "",
            "3": ""
        },
        "tozih": {
            "1": "شب بیست‌وپنجم، شب دَحوُالاَرض است؛ یعنی پهن شدن زمین از زیر کعبه به روی آب و از شب‌های بسیار شریف است که رحمت خدا در آن نازل می‌شود و قیام به عبادت در آن اجر بسیار دارد.",
            "2": "از حسن بن علی وَشّاء روایت شده که گفته: من کودک بودم که با پدرم در شب بیست‌وپنجم ماه ذوالقعده، در خدمت حضرت رضا(علیه‌السلام) شام خوردیم، حضرت فرمود: امشب حضرت ابراهیم و حضرت عیسی متولّد شده‌اند و زمین از زیر کعبه پهن شده، پس هرکه روزش را روزه بدارد، چنان است که شصت ماه روزه داشته باشد.",
            "3": " در روایت دیگر است که فرمود: در این روز حضرت قائم (عج) قیام خواهد کرد."
        }
    }
}