{
    "224": {
        "number": 224,
        "bab": 2,
        "title": "فضیلت و اعمال شب عرفه",
        "arabic": {
            "1": "اللّٰهُمَّ يَا شاهِدَ كُلِّ نَجْوىٰ ، وَمَوْضِعَ كُلِّ شَكْوىٰ ، وَعالِمَ كُلِّ خَفِيَّةٍ ، وَمُنْتَهىٰ كُلِّ حاجَةٍ ، يَا مُبْتَدِئاً بِالنِّعَمِ عَلَى الْعِبادِ ، يَا كَرِيمَ الْعَفْوِ ، يَا حَسَنَ التَّجاوُزِ ، يَا جَوادُ ، يَا مَنْ لَايُوارِى مِنْهُ لَيْلٌ داجٍ ، وَلَا بَحْرٌ عَجَّاجٌ ، وَلَا سَماءٌ ذاتُ أَبْراجٍ ، وَلَا ظُلَمٌ ذاتُ ارْتِتاجٍ  ، يَا مَنِ الظُّلْمَةُ عِنْدَهُ ضِياءٌ ، أَسْأَلُكَ بِنُورِ وَجْهِكَ الْكَرِيمِ الَّذِى تَجَلَّيْتَ بِهِ لِلْجَبَلِ فَجَعَلْتَهُ دَكّاً وَخَرَّ مُوسىٰ صَعِقاً ، وَبِاسْمِكَ الَّذِى رَفَعْتَ بِهِ السَّماواتِ بِلا عَمَدٍ ، وَسَطَحْتَ بِهِ الْأَرْضَ عَلَىٰ وَجْهِ مَاءٍ جَمَدٍ ، وَبِاسْمِكَ الْمَخْزُونِ الْمَكْنُونِ الْمَكْتُوبِ الطَّاهِرِ الَّذِى إِذا دُعِيتَ بِهِ أَجَبْتَ؛",
            "2": "وَ إِذا سُئِلْتَ بِهِ أَعْطَيْتَ ، وَبِاسْمِكَ السُّبُّوحِ الْقُدُّوسِ الْبُرْهانِ الَّذِى هُوَ نُورٌ عَلَىٰ كُلِّ نُورٍ ، وَنُورٌ مِنْ نُورٍ يُضِىءُ مِنْهُ كُلُّ نُورٍ ، إِذا بَلَغَ الْأَرْضَ انْشَقَّتْ ، وَ إِذا بَلَغَ السَّماواتِ فُتِحَتْ ، وَ إِذا بَلَغَ الْعَرْشَ اهْتَزَّ ، وَبِاسْمِكَ الَّذِى تَرْتَعِدُ مِنْهُ فَرائِصُ مَلائِكَتِكَ ، وَاَسأَلُكَ بِحَقِّ جَبْرَئِيلَ وَمِيكائِيلَ وَ إِسْرافِيلَ ، وَبِحَقِّ مُحَمَّدٍ الْمُصْطَفىٰ صَلَّى اللّٰهُ عَلَيْهِ وَآلِهِ وَعَلَىٰ جَمِيعِ الْأَنْبِياءِ وَجَمِيعِ الْمَلائِكَةِ ، وَبِالاسْمِ الَّذِى مَشىٰ بِهِ الْخِضْرُ عَلَىٰ قُلَلِ الْماءِ كَما مَشىٰ بِهِ عَلَىٰ جَدَدِ الْأَرْضِ ، وَبِاسْمِكَ الَّذِى فَلَقْتَ بِهِ الْبَحْرَ لِمُوسىٰ وَأَغْرَقْتَ فِرْعَوْنَ وَقَوْمَهُ وَأَنْجَيْتَ بِهِ مُوسَى بْنَ عِمْرانَ وَمَنْ مَعَهُ ، وَبِاسْمِكَ الَّذِى دَعاكَ بِهِ مُوسَى بْنُ عِمْرانَ مِنْ جانِبِ الطُّورِ الْأَيْمَنِ فَاسْتَجَبْتَ لَهُ وَأَلْقَيْتَ عَلَيْهِ مَحَبَّةً مِنْكَ؛ ",
            "3": "وَبِاسْمِكَ الَّذِى بِهِ أَحْيَا عِيسَى بْنُ مَرْيَمَ الْمَوْتىٰ وَتَكَلَّمَ فِى الْمَهْدِ صَبِيّاً ، وَأَبْرَأَ الْأَكْمَهَ والْأَبْرَصَ بِإِذْنِكَ ، وَبِاسْمِكَ الَّذِى دَعاكَ بِهِ حَمَلَةُ عَرْشِكَ وَجَبْرَئِيلُ وَمِيكائِيلُ وَ إِسْرافِيلُ وَحَبِيبُكَ مُحَمَّدٌ صَلَّى اللّٰهُ عَلَيْهِ وَآلِهِ وَمَلائِكَتُكَ الْمُقَرَّبُونَ، وَأَنْبِياؤُكَ الْمُرْسَلُونَ ، وَعِبادُكَ الصَّالِحُونَ مِنْ أَهْلِ السَّماواتِ وَالْأَرَضِينَ ، وَبِاسْمِكَ الَّذِى دَعاكَ بِهِ ذُو النُّونِ إِذْ ذَهَبَ مُغاضِباً فَظَنَّ أَنْ لَنْ تَقْدِرَ عَلَيْهِ فَنادىٰ فِى الظُّلُماتِ أَنْ لَاإِلٰهَ إِلّا أَنْتَ سُبْحانَكَ إِنِّى كُنْتُ مِنَ الظَّالِمِينَ ، فَاسْتَجَبْتَ لَهُ وَنَجَّيْتَهُ مِنَ الْغَمِّ وَكَذَلِكَ تُنْجِى الْمُؤْمِنِينَ ، وَبِاسْمِكَ الْعَظِيمِ الَّذِى دَعاكَ بِهِ داوُدُ وَخَرَّ لَكَ ساجِداً فَغَفَرْتَ لَهُ ذَنْبَهُ؛",
            "4": " وَبِاسْمِكَ الَّذِى دَعَتْكَ بِهِ آسِيَةُ امْرَأَةُ فِرْعَوْنَ إِذْ قالَتْ : ﴿رَبِّ ابْنِ لِي عِنْدَكَ بَيْتاً فِي الْجَنَّةِ وَ نَجِّنِي مِنْ فِرْعَوْنَ وَ عَمَلِهِ وَ نَجِّنِي مِنَ الْقَوْمِ الظّٰالِمِينَ﴾ ، فَاسْتَجَبْتَ لَها دُعاءَهَا ، وَبِاسْمِكَ الَّذِى دَعاكَ بِهِ أَيُّوبُ إِذْ حَلَّ بِهِ الْبَلاءُ فَعافَيْتَهُ وَآتَيْتَهُ أَهْلَهُ وَمِثْلَهُمْ مَعَهُمْ رَحْمَةً مِنْ عِنْدِكَ وَذِكْرىٰ لِلْعابِدِينَ ، وَبِاسْمِكَ الَّذِى دَعاكَ بِهِ يَعْقُوبُ فَرَدَدْتَ عَلَيْهِ بَصَرَهُ وَقُرَّةَ عَيْنِهِ يُوسُفَ وَجَمَعْتَ شَمْلَهُ ، وَبِاسْمِكَ الَّذِى دَعاكَ بِهِ سُلَيْمانُ فَوَهَبْتَ لَهُ مُلْكاً لَا يَنْبَغِى لِأَحَدٍ مِنْ بَعْدِهِ إِنَّكَ أَنْتَ الْوَهَّابُ ، وَبِاسْمِكَ الَّذِى سَخَّرْتَ بِهِ الْبُراقَ لِمُحَمَّدٍ صَلَّى اللّٰهُ عَلَيْهِ وَآلِهِ وَسَلَّمَ إِذْ قالَ تَعالىٰ : ﴿سُبْحٰانَ الَّذِي أَسْرىٰ بِعَبْدِهِ لَيْلاً مِنَ الْمَسْجِدِ الْحَرٰامِ إِلَى الْمَسْجِدِ الْأَقْصَى﴾؛ ",
            "5": " وَقَوْلُهُ :﴿سُبْحٰانَ الَّذِي سَخَّرَ لَنٰا هٰذٰا وَ مٰا كُنّٰا لَهُ مُقْرِنِينَ وَ إِنّٰا إِلىٰ رَبِّنٰا لَمُنْقَلِبُونَ﴾ ، وَبِاسْمِكَ الَّذِى تَنَزَّلَ بِهِ جَبْرَئِيلُ عَلَىٰ مُحَمَّدٍ صَلَّى اللّٰهُ عَلَيْهِ وَآلِهِ ، وَبِاسْمِكَ الَّذِى دَعاكَ بِهِ آدَمُ فَغَفَرْتَ لَهُ ذَنْبَهُ وَأَسْكَنْتَهُ جَنَّتَكَ ، وَأَسْأَلُكَ بِحَقِّ الْقُرْآنِ الْعَظِيمِ ، وَبِحَقِّ مُحَمَّدٍ خاتَمِ النَّبِيِّينَ ، وَبِحَقِّ إِبْراهِيمَ ، وَبِحَقِّ فَصْلِكَ يَوْمَ الْقَضاءِ ، وَبِحَقِّ الْمَوازِينِ إِذا نُصِبَتْ ، وَالصُّحُفِ إِذا نُشِرَتْ ، وَبِحَقِّ الْقَلَمِ وَمَا جَرىٰ ، وَاللَّوْحِ وَمَا أَحْصىٰ ، وَبِحَقِّ الاسْمِ الَّذِى كَتَبْتَهُ عَلَىٰ سُرادِقِ الْعَرْشِ قَبْلَ خَلْقِكَ الْخَلْقَ وَالدُّنْيا وَالشَّمْسَ وَالْقَمَرَ بِأَ لْفَيْ عامٍ ، وَأَشْهَدُ أَنْ لَاإِلٰهَ إِلّا اللّٰهُ وَحْدَهُ لَاشَرِيكَ لَهُ ، وَأَنَّ مُحَمَّداً عَبْدُهُ وَرَسُولُهُ؛ ",
            "6": "وَأَسْأَلُكَ بِاسْمِكَ الْمَخْزُونِ فِى خَزائِنِكَ الَّذِى اسْتَأْثَرْتَ بِهِ فِى عِلْمِ الْغَيْبِ عِنْدَكَ لَمْ يَظْهَرْ عَلَيْهِ أَحَدٌ مِنْ خَلْقِكَ ، لَامَلَكٌ مُقَرَّبٌ ، وَلَا نَبِيٌّ مُرْسَلٌ ، وَلَا عَبْدٌ مُصْطَفىً ، وَأَسْأَلُكَ بِاسْمِكَ الَّذِى شَقَقْتَ بِهِ الْبِحارَ ، وَقامَتْ بِهِ الْجِبالُ ، وَاخْتَلَفَ بِهِ اللَّيْلُ وَالنَّهارُ ، وَبِحَقِّ السَّبْعِ الْمَثانِى وَالْقُرْآنِ الْعَظِيمِ ، وَبِحَقِّ الْكِرامِ الْكاتِبِينَ ، وَبِحَقِّ طٰهٰ وَيٰس وَكهٰيٰعص ، وَحٰمعسق ، وَبِحَقِّ تَوْراةِ مُوسىٰ ، وَ إِنْجِيلِ عِيسىٰ ، وَزَبُورِ داوُدَ ، وَفُرْقانِ مُحَمَّدٍ صَلَّى اللّٰهُ عَلَيْهِ وَآلِهِ وَعَلَىٰ جَمِيعِ الرُّسُلِ وَباهِيّاً شَراهِيّاً. ",
            "7": " اللّٰهُمَّ إِنِّى أَسْأَلُكَ بِحَقِّ تِلْكَ الْمُناجاةِ الَّتِى كانَتْ بَيْنَكَ وَبَيْنَ مُوسَى بْنِ عِمْرانَ فَوْقَ جَبَلِ طُورِ سَيْناءَ؛ وَأَسْأَلُكَ بِاسْمِكَ الَّذِى عَلَّمْتَهُ مَلَكَ الْمَوْتِ لِقَبْضِ الْأَرْواحِ ، وَأَسْأَلُكَ بِاسْمِكَ الَّذِى كُتِبَ عَلَىٰ وَرَقِ الزَّيْتُونِ فَخَضَعتِ النِّيرانُ لِتِلْكَ الْوَرَقَةِ فَقُلْتَ: ﴿يٰا نٰارُ كُونِي بَرْداً وَ سَلاٰماً﴾، وَأَسْأَلُكَ بِاسْمِكَ الَّذِى كَتَبْتَهُ عَلَىٰ سُرادِقِ الْمَجْدِ وَالْكَرامَةِ ، يَامَنْ لَايُحْفِيهِ سائِلٌ ، وَلَا يَنْقُصُهُ نائِلٌ ، يَا مَنْ بِهِ يُسْتَغاثُ وَ إِلَيْهِ يُلْجَأُ ، أَسْأَلُكَ بِمَعاقِدِ الْعِزِّ مِنْ عَرْشِكَ ، وَمُنْتَهَى الرَّحْمَةِ مِنْ كِتابِكَ ، وَبِاسْمِكَ الْأَعْظَمِ ، وَجَدِّكَ الْأَعْلىٰ ، وَكَلِماتِكَ التَّامَّاتِ الْعُلىٰ . ",
            "8": "اللّٰهُمَّ رَبَّ الرِّياحِ وَمَا ذَرَتْ ، وَالسَّماءِ وَمَا أَظَلَّتْ ، وَالْأَرْضِ وَمَا أَقَلَّتْ ، وَالشَّياطِينِ وَمَا أَضَلَّتْ ، وَالْبِحارِ وَمَا جَرَتْ ، وَبِحَقِّ كُلِّ حَقٍّ هُوَ عَلَيْكَ حَقٌّ؛ وَبِحَقِّ الْمَلائِكَةِ الْمُقَرَّبِينَ وَالرَّوْحانِيِّينَ وَالْكَرُوبِيِّينَ وَالْمُسَبِّحِينَ لَكَ بِاللَّيْلِ وَالنَّهارِ لَايَفْتُرُونَ ، وَبِحَقِّ إِبْراهِيمَ خَلِيلِكَ ، وَبِحَقِّ كُلِّ وَ لِيٍّ يُنادِيكَ بَيْنَ الصَّفا وَالْمَرْوَةِ وَتَسْتَجِيبُ لَهُ دُعاءَهُ ، يَا مُجِيبُ أَسْأَلُكَ بِحَقِّ هٰذِهِ الْأَسْماءِ وَبِهٰذِهِ الدَّعَواتِ أَنْ تَغْفِرَ لَنا مَا قَدَّمْنا وَمَا أَخَّرْنا وَمَا أَسْرَرْنا وَمَا أَعْلَنَّا وَمَا أَبْدَيْنا وَمَا أَخْفَيْنا وَمَا أَنْتَ أَعْلَمُ بِهِ مِنَّا إِنَّكَ عَلَىٰ كُلِّ شَىْءٍ قَدِيرٌ بِرَحْمَتِكَ يَا أَرْحَمَ الرَّاحِمِينَ . ",
            "9": "يَا حافِظَ كُلِّ غَرِيبٍ ، يَا مُؤْنِسَ كُلِّ وَحِيدٍ ، يَا قُوَّةَ كُلِّ ضَعِيفٍ ، يَا ناصِرَ كُلِّ مَظْلُومٍ ، يَا رازِقَ كُلِّ مَحْرُومٍ ، يَا مُؤْنِسَ كُلِّ مُسْتَوْحِشٍ ، يَا صاحِبَ كُلِّ مُسافِرٍ ، يَا عِمادَ كُلِّ حاضِرٍ ، يَا غافِرَ كُلِّ ذَنْبٍ وَخَطِيئَةٍ ، يَا غِياثَ الْمُسْتَغِيثِينَ ، يَا صَرِيخَ الْمُسْتَصْرِخِينَ ، يَا كاشِفَ كَرْبِ الْمَكْرُوبِينَ؛",
            "10": "يَا فارِجَ هَمِّ الْمَهْمُومِينَ ، يَا بَدِيعَ السَّمَاوَاتِ وَالْأَرَضِينَ ، يَا مُنْتَهىٰ غايَةِ الطَّالِبِينَ ، يَا مُجِيبَ دَعْوَةِ الْمُضْطَرِّينَ ، يَا أَرْحَمَ الرَّاحِمِينَ ، يَا رَبَّ الْعالَمِينَ ، يَا دَيَّانَ يَوْمِ الدِّينِ، يَا أَجْوَدَ الْأَجْوَدِينَ ، يَا أَكْرَمَ الْأَكْرَمِينَ ، يَا أَسْمَعَ السَّامِعِينَ ، يَا أَبْصَرَ النَّاظِرِينَ ، يَا أَقْدَرَ الْقادِرِينَ ، اغْفِرْ لِىَ الذُّنُوبَ الَّتِى تُغَيِّرُ النِّعَمَ ، وَاغْفِرْ لِىَ الذُّنُوبَ الَّتِى تُورِثُ النَّدَمَ ، وَاغْفِرْ لِىَ الذُّنُوبَ الَّتِى تُورِثُ السَّقَمَ ، وَاغْفِرْ لِىَ الذُّنُوبَ الَّتِى تَهْتِكُ الْعِصَمَ، وَاغْفِرْ لِىَ الذُّنُوبَ الَّتِى تَرُدُّ الدُّعاءَ ، وَاغْفِرْ لِىَ الذُّنُوبَ الَّتِى تَحْبِسُ قَطْرَ السَّماءِ ، وَاغْفِرْ لِىَ الذُّنُوبَ الَّتِى تُعَجِّلُ الْفَناءَ ، وَاغْفِرْ لِىَ الذُّنُوبَ الَّتِى تَجْلِبُ الشَّقاءَ؛",
            "11": "وَاغْفِرْ لِىَ الذُّنُوبَ الَّتِى تُظْلِمُ الْهَواءَ ، وَاغْفِرْ لِىَ الذُّنُوبَ الَّتِى تَكْشِفُ الْغِطاءَ ، وَاغْفِرْ لِىَ الذُّنُوبَ الَّتِى لَايَغْفِرُها غَيْرُكَ يَا اللّٰهُ ، وَاحْمِلْ عَنِّى كُلَّ تَبِعَةٍ لِأَحَدٍ مِنْ خَلْقِكَ ، وَاجْعَلْ لِى مِنْ أَمْرِى فَرَجاً وَمَخْرَجاً وَيُسْراً ، وَأَنْزِلْ يَقِينَكَ فِى صَدْرِى ، وَرَجاءَكَ فِى قَلْبِى حَتَّىٰ لَاأَرْجُوَ غَيْرَكَ . ",
            "12": "اللّٰهُمَّ احْفَظْنِى وَعافِنِى فِى مَقامِى ، وَاصْحَبْنِى فِى لَيْلِى وَنَهارِى ، وَمِنْ بَيْنِ يَدَىَّ وَمِنْ خَلْفِى وَعَنْ يَمِينِى وَعَنْ شِمالِى وَمِنْ فَوْقِى وَمِنْ تَحْتِى ، وَيَسِّرْ لِىَ السَّبِيلَ ، وَأَحْسِنْ لِىَ التَّيْسِيرَ ، وَلَا تَخْذُلْنِى فِى الْعَسِيرِ ، وَاهْدِنِى يَا خَيْرَ دلِيلٍ؛",
            "13": "وَلَا تَكِلْنِى إِلىٰ نَفْسِى فِى الْأُمُورِ ، وَلَقِّنِى كُلَّ سُرُورٍ ، وَاقْلِبْنِى إِلىٰ أَهْلِى بِالْفَلاحِ وَالنَّجاحِ مَحْبُوراً  فِى الْعاجِلِ وَالْآجِلِ ، إِنَّكَ عَلَىٰ كُلِّ شَىْءٍ قَدِيرٌ ، وَارْزُقْنِى مِنْ فَضْلِكَ ، وَأَوْسِعْ عَلَىَّ مِنْ طَيِّباتِ رِزْقِكَ ، وَاسْتَعْمِلْنِى فِى طاعَتِكَ ، وَأَجِرْنِى مِنْ عَذابِكَ وَنارِكَ ، وَاقْلِبْنِى إِذا تَوَفَّيْتَنِى إِلىٰ جَنَّتِكَ بِرَحْمَتِكَ . ",
            "14": "اللّٰهُمَّ إِنِّى أَعُوذُ بِكَ مِنْ زَوالِ نِعْمَتِكَ ، وَمِنْ تَحْوِيلِ عافِيَتِكَ ، وَمِنْ حُلُولِ نَقِمَتِكَ ، وَمِنْ نُزُولِ عَذابِكَ ، وَأَعُوذُ بِكَ مِنْ جَهْدِ الْبَلاءِ ، وَدَرَكِ الشَّقاءِ ، وَمِنْ سُوءِ الْقَضاءِ ، وَشَماتَةِ الْأَعْداءِ ، وَمِنْ شَرِّ مَا يَنْزِلُ مِنَ السَّماءِ ، وَمِنْ شَرِّ مَا فِى الْكِتابِ الْمُنْزَلِ؛",
            "15": "اللّٰهُمَّ لَا تَجْعَلْنِى مِنَ الْأَشْرارِ ، وَلَا مِنْ أَصْحابِ النَّارِ ، وَلَا تَحْرِمْنِى صُحْبَةَ الْأَخْيارِ ، وَأَحْيِنِى حَيَاةً طَيِّبَةً ، وَتَوَفَّنِى وَفاةً طَيِّبَةً تُلْحِقُنِى بِالْأَبْرارِ ، وَارْزُقْنِى مُرافَقَةَ الْأَنْبِياءِ فِى مَقْعَدِ صِدْقٍ عِنْدَ مَلِيكٍ مُقْتَدِرٍ . ",
            "16": "اللّٰهُمَّ لَكَ الْحَمْدُ عَلَىٰ حُسْنِ بَلائِكَ وَصُنْعِكَ ، وَلَكَ الْحَمْدُ عَلَى الْإِسْلامِ وَاتِّباعِ السُّنَّةِ، يَا رَبِّ كَما هَدَيْتَهُمْ لِدِينِكَ وَعَلَّمْتَهُمْ كِتابَكَ فَاهْدِنا وَعَلِّمْنا ، وَلَكَ الْحَمْدُ عَلَىٰ حُسْنِ بَلائِكَ وَصُنْعِكَ عِنْدِى خاصَّةً كَما خَلَقْتَنِى فَأَحْسَنْتَ خَلْقِى وَعَلَّمْتَنِى فَأَحْسَنْتَ تَعْلِيمِى وَهَدَيْتَنِى فَأَحْسَنْتَ هِدايَتِى ، فَلَكَ الْحَمْدُ عَلَىٰ إِنْعامِكَ عَلَىَّ قَدِيماً وَحَدِيثاً ، فَكَمْ مِنْ كَرْبٍ يَا سَيِّدِى قَدْ فَرَّجْتَهُ ؟ وَكَمْ مِنْ غَمٍّ يَا سَيِّدِى قَدْ نَفَّسْتَهُ ؟ وَكَمْ مِنْ هَمٍّ يَا سَيِّدِى قَدْ كَشَفْتَهُ ؟ وَكَمْ مِنْ بَلاءٍ يَا سَيِّدِى قَدْ صَرَفْتَهُ ؟ وَكَمْ مِنْ عَيْبٍ يَا سَيِّدِى قَدْ سَتَرْتَهُ؛ فَلَكَ الْحَمْدُ عَلَىٰ كُلِّ حالٍ فِى كُلِّ مَثْوىً وَزَمَانٍ وَمُنْقَلَبٍ وَمَُقامٍ وَعَلَىٰ هٰذِهِ الْحالِ وَكُلِّ حالٍ . ",
            "17": "اللّٰهُمَّ اجْعَلْنِى‌مِنْ أَفْضَلِ عِبادِكَ نَصِيباً فِى هٰذَا الْيَوْمِ مِنْ خَيْرٍ تَقْسِمُهُ ، أَوْ ضُرٍّ تَكْشِفُهُ ، أَوْ سُوءٍ تَصْرِفُهُ ، أَوْ بَلاءٍ تَدْفَعُهُ ، أَوْ خَيْرٍ تَسُوقُهُ ، أَوْ رَحْمَةٍ تَنْشُرُها ، أَوْ عافِيَةٍ تُلْبِسُها ، فَإِنَّكَ عَلَىٰ كُلِّ شَىْءٍ قَدِيرٌ ، وَبِيَدِكَ خَزائِنُ السَّماواتِ وَالْأَرْضِ وَأَنْتَ الْواحِدُ الْكَرِيمُ الْمُعْطِى الَّذِى لَايُرَدُّ سائِلُهُ ، وَلَا يُخَيَّبُ آمِلُهُ ، وَلَا يَنْقُصُ نائِلُهُ ، وَلَا يَنْفَدُ مَا عِنْدَهُ بَلْ يَزْدادُ كَثْرَةً وَطِيباً وَعَطاءً وَجُوداً ، وَارْزُقْنِى مِنْ خَزائِنِكَ الَّتِى لَاتَفْنىٰ ، وَمِنْ رَحْمَتِكَ الْواسِعَةِ ، إِنَّ عَطاءَكَ لَمْ يَكُنْ مَحْظُوراً ، وَأَنْتَ عَلَىٰ كُلِّ شَىْءٍ قَدِيرٌ ، بِرَحْمَتِكَ يَا أَرْحَمَ الرَّاحِمِينَ.",
            "18": ""
        },
        "farsi": {
            "1": " خدایا، ای آگاه از هر گفت‌وگوی پنهان و جایگاه هر شکایت و دانای هر نهان و نهایت هر حاجت، ای آغازگر نعمت‌ها بر بندگان، ای بزرگوار گذشت، ای نیکو درگذشت، ای بخشنده، ای که چیزی را از او نپوشاند نه شب تار، نه دریای پر موج، نه آسمان دارای برج‌ها و نه تاریکی‌های درهم پیچیده‌، ای آن‌که تاریکی نزد او روشنایی است، از تو می‌خواهم به‌حق نور جلوه پرشکوهت که به آن بر کوه تجلّی کردی و کوه را با خاک همسان ساختی و موسی مدهوش بر زمین افتاد، به‌حق نامت که با آن آسمان‌ها را بی‌ستون برافراشتی و زمین را بر روی آب منجمد بگستردی و به‌حق نام مخزون، پوشیده، نوشته شده‌ی پاکیزه‌ات که چون با آن خوانده شوی، پاسخ دهی؛ ",
            "2": " و چون با آن درخواست شوی عطا کنی و به‌حق نام منزّه و مقدّس و برهانت که آن نوری است بر فراز هر نور و نوری است برآمده از نور، از آن روشنی می‌گیرد هر نور، چون به زمین شکافته شود و چون به آسمان‌ها رسد گشوده گردد و چون به عرش رسد، عرش به اهتزاز آید و به‌حق نامت که از آن اندام فرشتگانت به لرزه آید و از تو درخواست می‌کنم به‌حق جبرییل و میکاییل و اسرافیل و به‌حق محمّد پیامبر برگزیده، درود خدا بر او و خاندانش و بر همه پیامبران و همه فرشتگان و به‌حق نامی که به وسیله آن خضر بر روی امواج دریا ره سپرد، چنان‌که بر روی زمین سخت راه رفت و به‌حق نامت که دریا را به آن برای موسی شکافتی و فرعون و قومش را در آن غرق نمودی و به وسیله آن موسی بن عمران و همراهانش را نجات دادی و به‌حق نامت که موسی بن عمران از ناحیه طور ایمن تو را به آن خواند، پس او را اجابت فرمودی و از جانب خود بر دلش محبّت انداختی؛",
            "3": "و به‌حق نامت که به آن عیسی بن مریم مردگان را زنده کرد و درحال کودکی در گهواره سخن گفت و کور مادرزاد و مبتلای به بیماری پیسی را به اذن تو شفا داد و به‌حق نامت که حاملان عرشت تو را به آن خواندند و جبرییل و میکاییل و اسرافیل و محبوبت محمّد (درود خدا بر او و خاندانش باد) و فرشتگان درگاهت و پیامبران مرسلت و بندگان شایسته‌ات، از اهل آسمان‌ها و زمین و به‌حق نامت که ذوالنون [حضرت یونس (ع)] تو را به آن خواند، در آن زمان‌که خشمناک رفت و گمان کرد که بر او سخت نگیری، پس در میان تاریکی‌ها فریاد برآورد که معبودی جز تو نیست، منزّهی تو، من از ستمکاران بودم، پس دعایش را اجابت کردی و او را از اندوه رهانیدی و این‌چنین مردم با ایمان را نجات می‌دهی و به‌حق نام بزرگت که داوود تو را به آن خواند و در برابرت بر سجده افتاد، در نتیجه گناهش را آمرزیدی؛ ",
            "4": " و به‌حق نامت که آسیه همسر فرعون تو را به آن خواند آنگاه که گفت: «پروردگارا برای من نزد خود در بهشت خانه‌ای بنا کن و از فرعون و عملش نجاتم ده و مرا از چنگ ستمکاران خلاص کن»، پس دعایش را مستجاب کردی و به‌حق نامت که ایوب تو را به آن خواند، زمانی که بلا بر او فرود آمد، پس به او عافیت بخشیدی و اهلش را و مانند آن‌ها را به همراه آنان، از روی رحمت از نزد خود به پیش او بازگرداندی و این را یادآوری برای بندگان نهادی و به‌حق نامت که یعقوب تو را به آن خواند، پس بینایی و نور دیده‌اش یوسف را به او بازگرداندی و پریشانی‌اش را سر و سامان بخشیدی و به‌حق نامت که سلیمان تو را به آن خواند، پس به او سلطنتی دادی که برای هیچ‌کس پس از او شایسته نبود، همانا تو بسیار بخشنده‌ای و به‌حق نامت که به آن براق را برای محمّد درود خدا بر او و خاندانش مسخر ساختی، آنجا که خدای تعالی فرمود: «منزّه است خدایی که بنده‌اش را شبانه از مسجدالحرام تا مسجدالاقصی راه برد»؛ ",
            "5": " و گفتار خدا: «منزّه است خدایی که این مرکب را برای ما مسخر کرد، وگرنه ما قدرت تسخیرش را نداشتیم و ما به جانب پروردگارمان باز می‌گردیم» و به‌حق نامت که به وسیله آن جبرائیل بر محمّد (درود خدا بر او و خاندانش) نازل می‌شد و به‌حق نامت که آدم تو را به آن خواند، پس گناهش را آمرزیدی و در بهشتت جای دادی و از تو درخواست می‌کنم به‌حق قرآن بزرگ و به‌حق محمّد خاتم پیامبران و به‌حق ابراهیم و به‌حق جدا کردنت حق‌وباطل را در روز داوری و به‌حق ترازوها زمانی که نصب شوند و نامه‌ها وقتی که گشوده شوند و به‌حق قلم و آنچه نوشت و لوح و آنچه شمرد و به‌حق اسمی که بر سراپرده عرش نوشتی، به دوهزار سال پیش از آنکه مخلوقات و دنیا و آفتاب و ماه به دست قدرتت آفریده شوند و گواهی می‌دهم که معبودی جز خدا نیست، یگانه و بی‌شریک است و همانا محمّد بنده و فرستاده اوست؛ ",
            "6": "و از تو درخواست می‌کنم به‌حق آن نامت که در میان گنجینه‌ای از گنجینه‌های توست، نامی که در علم غیب نزد خود خاص خویش نمودی، نامی که هیچ‌یک از آفریدگانت بر آن آگاه نشد، نه فرشته مقرّبی و نه پیامبر فرستاده‌ای و نه بنده برگزیده‌ای و از تو درخواست می‌کنم به‌حق نامت که دریاها را با آن شکافتی و کوه‌ها را با آن برپا ساختی و شب و روز با آن در رفت‌وآمد شد و به‌حق سوره «حمد» و قرآن بزرگ و به‌حق نویسندگان بزرگوارت و به‌حق سوره‌های «طه»، «یس» و «کهیعص» و «حمعسق» و به‌حق تورات موسی و انجیل عیسی و زبور داوود و فرقان محمّد درود خدا بر او و خاندانش و بر همه رسولان و به‌حق باهی و شراهی [دو نام اعظم یا دو راز یا دو تن از اولیای الهی] ",
            "7": " خدایا از تو درخواست می‌کنم به‌حق آن راز و نیازی که میان تو موسی بن عمران بر فراز کوه طور سینا انجام گرفت؛ و از تو می‌خواهم به‌حق نامی که برای گرفتن جان‌ها به ملک‌الموت آموختی و از تو می‌خواهم به‌حق نامی که بر برگ زیتون نوشته شد و آتش در برابر آن برگ فروتن گشت، پس گفتی: «ای آتش سرد و سلامت باش» و از تو می‌خواهم به‌حق نامی که آن را بر سراپرده بزرگواری و کرامت نوشتی، ای که خواهنده‌ای بازش ندارد و عطا از خزانه‌هایش نکاهد، ای آن‌که از او فریادرسی شود و از او پناه جویند، از تو درخواست می‌کنم به جایگاه عزّت از عرشت و حدّ نهایی رحمت از کتابت و اسم اعظمت و شأن برترت و کلمات کامل والایت. ",
            "8": " خدایا ای پروردگار بادها و آنچه پراکنده کردند و ای پروردگار آسمان و آنچه بر آن سایه افکند و ای پروردگار زمین و آنچه را با خود برداشت و ای پروردگار شیاطین و هرکه را گمراه کردند و ای پروردگار دریاها و آنچه روان شد و به‌حق هر حقی که آن بر تو حق است؛ و به‌حق فرشتگان درگاهت و روحانیان و کرّوبیان و آنان‌که شب و روز بدون اینکه سستی ورزند برایت تسبیح می‌گویند و به‌حق ابراهیم خلیلت و به‌حق هر دوستی که میان صفا و مروه تو را می‌خواند و تو دعایش را اجابت می‌کنی، ای اجابت‌کننده، از تو درخواست می‌کنم به‌حق این نام‌ها و به‌حق این دعاها که ما را بیامرزی از گناهانی که پیش از این انجام دادیم و از این پس انجام می‌دهیم و آنچه پنهان و آنچه آشکار کردیم و آنچه ظاهر نموده و آنچه نهان ساختیم و آنچه را تو از ما به آن آگاه‌تری، همانا تو بر هر چیز توانایی، به مهربانی‌ات، ای مهربان‌ترین مهربانان. ",
            "9": "ای نگهدار هر غریب، ای مونس هر تنها، ای نیروی هر ناتوان، ای یار هر ستمدیده، ای روزی‌بخش هر محروم، ای همدم هر هراسان، ای همراه هر مسافر، ای تکیه‌گاه هر حاضر، ای آمرزنده هر گناه و خطا، ای فریادرس فریادکنان، ای دادرس دادخواهان، ای برطرف ساز اندوه اندوهگینان؛ ",
            "10": "ای غمگسار غم‌زدگان، ای پدیدآورنده آسمان‌ها و زمین‌ها، ای نهایت هدف جویندگان، ای اجابت‌کننده دعای بیچارگان، ای مهربان‌ترین مهربانان، ای پروردگار جهانیان، ای پاداش‌دهنده روز پاداش، ای بخشنده‌ترین بخشندگان، ای کریم‌ترین کریمان، ای شنواترین شنوندگان، ای بیناترین بینایان، ای تواناترین توانایان، بر من بیامرز گناهانی که نعمت‌ها را تغییر می‌دهد و گناهانی که پشیمانی به بار می‌آورد و گناهانی که باعث بیماری‌ها می‌شود و گناهانی که پرده‌های حرمت را می‌درد و گناهانی که دعا را پس می‌زند و گناهانی که باران آسمان را نگاه می‌دارد و گناهانی که نابودی را به‌شتاب می‌رساند و گناهانی که بدبختی می‌آورد؛ ",
            "11": "و گناهانی که هوا را تیره می‌کند و گناهانی که پرده حیا را بالا می‌زند و گناهانی که جز تو کسی آن‌ها را نمی‌آمرزد، ای خدا و هر حقی که از یکی از بندگانت به دوش من است بردار و برای من در کارم گشایش و راه چاره و آسانی قرار ده و یقینت را در سینه‌ام و امیدت را در دلم فرود آر تا به غیر تو امید نبندم.",
            "12": " خدایا نگاهم دار و در جایگاهم عافیت ده و همراه من باش، در شب و در روز و از پیش رو و پشت سر و از راست و چپ و از بالا و زیر پا و راه را بر من هموار ساز و سهولت امر را برایم نیکو گردان و در دشواری خوارم مکن و مرا راهنما باش ای بهترین راهنما؛ ",
            "13": " و در کارها مرا به خود وامگذار و هرگونه دل‌خوشی را به دلم انداز و مرا با رستگاری و سربلندی به خانواده‌ام بازگردان، آراسته به شادکامی، در دنیاوآخرت، همانا تو بر هر چیز توانایی و از فضلت نصیبم کن و از روزی‌های پاکیزه‌ات بر من وسعت ده و در طاعتت به کار گیر و از عذاب و آتشت پناهم ده و زمانی که مرا از دنیا بردی از روی رحمت به بهشتت وارد کن. ",
            "14": "خدایا به تو پناه می‌آورم از زوال نعمتت و از تغییر عافیتت و از فرود آمدن انتقامت و از نزول عذابت و به تو پناه می‌آورم از سختی بلا و افتادن در بدبختی و از بدی سرنوشت و سرزنش دشمنان و از شرّ آنچه از آسمان می‌رسد و از شرّ آنچه در کتاب نازل شده‌ات شر قلمداد کردی؛",
            "15": " خدایا مرا از اشرار و از اهل آتش قرار مده و از هم‌نشینی نیکان محروم مگردان و به زندگی پاکیزه زنده‌ام بدار و به مرگ پاکیزه بمیران، به نیکان پیوندم ده، هم‌نشینی با پیامبران را نصیبم فرما، هم‌نشینی در جایگاه صدق، نزد فرمانروایی نیرومند. ",
            "16": "خدایا تو را سپاس بر نیکی آزمایش و رفتارت و تو را سپاس بر اسلام و پیروی روش پیامبر، پروردگارا، چنان‌که اینان را به دینت هدایت فرمودی و کتاب خود را به آن‌ها آموختی، ما را هم رهنما باش و به ما هم بیاموز، تو را سپاس بر نیکی آزمایش و رفتارت به ویژه نسبت به من، چنان‌که مرا آفریدی و آفرینشم را نیکو نهادی و به من آموختی و آموزشم را نیکو نمودی و راهنمایی‌ام فرمودی و راهنمایی‌ام را نیکو گرداندی، پس تو را سپاس بر نعمت‌بخشی‌ات بر من در گذشته و حال، آقای من چه بسیار محنت غم زایی که از من گشودی و چه بسیار اندوهی که زدودی و چه بسیار نگرانی که برطرف ساختی و چه بسیار بلایی که‌ ای آقای من برگرداندی و چه بسیار عیبی که پوشاندی؛ پس تو را سپاس بر هر حال، در هر مکان و زمان و هر منزل و مقام و بر این حال و هر حال.  ",
            "17": "خدایا مرا در این روز از برترین بندگانت در روزی قرار ده، از خیری که پخش می‌کنی، یا رنجی که برطرف می‌نمایی، یا امر بدی که برمی‌گردانی، یا بلایی که دفع می‌کنی، یا خیری که می‌فرستی، یا رحمتی که می‌گسترانی، یا عافیتی که بر بندگان می‌پوشانی، همانا تو بر هر چیز توانایی و خزانه‌های آسمان‌ها و زمین به دست توست و تو یگانه‌ی بزرگوار عطا بخشی هستی که خواهنده‌اش بازگردانده نشود و آرزومندش ناامید نگردد و عطایش کاستی نپذیرد و آنچه نزد اوست پایان نیابد، بلکه به فزونی عنایت و خاطر پسندی و عطا و بخشش بیفزاید و مرا روزی کن از خزانه‌هایت که تمام نمی‌شود و از رحمت گسترده‌ات، همانا عطایت ممنوع نبوده و تو بر هر چیز توانایی، به مهربانی‌ات ای مهربان‌ترین مهربانان. "
        },
        "tozih": {
            "1": "شب نهم، از شب‌های پربرکت و شب مناجات با خدای برآورنده‌ی حاجات است؛ و توبه در آن شب پذیرفته و دعا در آن مستجاب است و کسی‌که آن شب را به عبادت به سر آورد، اجر صدوهفتاد سال عبادت را دارد و برای آن شب چند عمل است:\n\nاوّل:\nاین دعا را که روایت شده: هرکه آن را در شب عرفه یا شب‌های جمعه بخواند، خدا او را بیامرزد:",
            "18": "دوّم:\n«هزار مرتبه» «تسبیحات عشر» را که سید به نقل کفعمی ذکر فرموده بخواند و این تسبیحات در اعمال روز عرفه بیاید.\n\nسوم:\nدعای «اللّٰهُمَّ مَنْ تَعَبَّأَ وَتَهَیَّأَ» را که در روز عرفه و شب‌وروز جمعه نیز وارد است بخواند و متن آن در بیان اعمال شب جمعه گذشت.\n\nچهارم:\nحضرت سیدالشهدا و زمین کربلا را زیارت کند و تا روز عید قربان در آنجا بماند تا از شرّ آن سال محفوظ باشد. "
        }
    }
}