{
    "226": {
        "number": 226,
        "bab": 2,
        "title": "فضیلت و اعمال روز عرفه",
        "arabic": {
            "1": " سُبْحانَ الَّذِى فِى السَّماءِ عَرْشُهُ ! سُبْحانَ الَّذِى فِى الْأَرْضِ حُكْمُهُ ! سُبْحانَ الَّذِى فِى الْقُبُورِ قَضاؤُهُ ! سُبْحانَ الَّذِى فِى الْبَحْرِ سَبِيلُهُ ! سُبْحانَ الَّذِى فِى النَّارِ سُلْطانُهُ ! سُبْحانَ الَّذِى فِى الْجَنَّةِ رَحْمَتُهُ ! سُبْحانَ الَّذِى فِى الْقِيامَةِ عَدْلُهُ ! سُبْحانَ الَّذِى رَفَعَ السَّماءَ ! سُبْحانَ الَّذِى بَسَطَ الْأَرْضَ ! سُبْحانَ الَّذِى لَامَلْجَأَ وَلَا مَنْجٰا مِنْهُ إِلّا إِلَيْهِ. ",
            "2": " سُبْحانَ اللّٰهِ وَالْحَمْدُ لِلّٰهِ وَلَا إِلٰهَ إِلّا اللّٰهُ وَاللّٰهُ أَكْبَرُ. ",
            "3": " لَاإِلٰهَ إِلّا اللّٰهُ وَحْدَهُ لَاشَرِيكَ لَهُ ، لَهُ الْمُلْكُ ، وَلَهُ الْحَمْدُ ، يُحْيِى وَيُمِيتُ ، وَيُمِيتُ وَيُحْيِى ، وَهُوَ حَيٌّ لَايَمُوتُ ، بِيَدِهِ الْخَيْرُ ، وَهُوَ عَلَىٰ كُلِّ شَىْءٍ قَدِيرٌ. ",
            "4": " أَسْتَغْفِرُ اللّٰهَ الَّذِى لَاإِلٰهَ إِلّا هُوَ الْحَىُّ الْقَيُّومُ وَأَ تُوبُ إِلَيْهِ. ",
            "5": " يَا اللَّهُ ",
            "6": " يَا رَحْمَنُ ",
            "7": " يَا رَحِيمُ ",
            "8": " يَا بَدِيعَ السَّماواتِ وَالْأَرْضِ يَا ذَا الْجَلالِ وَالْإِكْرامِ. ",
            "9": " يَا حَيُّ يَا قَيُّومُ ",
            "10": " يَا حَنَّانُ يَا مَنَّانُ ",
            "11": " يَا لا إِلَهَ إِلا أَنْتَ ",
            "12": "آمِينَ",
            "13": " اللّٰهُمَّ إِنِّى أَسْأَلُكَ يَا مَنْ هُوَ أَقْرَبُ إِلَىَّ مِنْ حَبْلِ الْوَرِيدِ ، يَا مَنْ يَحُولُ بَيْنَ الْمَرْءِ وَقَلْبِهِ ، يَا مَنْ هُوَ بِالْمَنْظَرِ الْأَعْلىٰ وَبِالْأُفُقِ الْمُبِينِ ، يَا مَنْ هُوَ الرَّحْمٰنُ عَلَى الْعَرْشِ اسْتَوىٰ ، يَا مَنْ لَيْسَ كَمِثْلِهِ شَىْءٌ وَهُوَ السَّمِيعُ الْبَصِيرُ ، أَسْأَلُكَ أَنْ تُصَلِّىَ عَلَىٰ مُحَمَّدٍ وَآلِ مُحَمَّدٍ. ",
            "14": " اللّٰهُمَّ يَا أَجْوَدَ مَنْ أَعْطىٰ ، وَيَا خَيْرَ مَنْ سُئِلَ ، وَيَا أَرْحَمَ مَنِ اسْتُرْحِمَ . اللّٰهُمَّ صَلِّ عَلَىٰ مُحَمَّدٍ وَآلِهِ فِى الْأَوَّلِينَ ، وَصَلِّ عَلَىٰ مُحَمَّدٍ وَآلِهِ فِى الْآخِرِينَ ، وَصَلِّ عَلَىٰ مُحَمَّدٍ وَآلِهِ فِى الْمَلَاَ الْأَعْلىٰ ، وَصَلِّ عَلَىٰ مُحَمَّدٍ وَآلِهِ فِى الْمُرْسَلِينَ . اللّٰهُمَّ أَعْطِ مُحَمَّداً وَآلَهُ الْوَسِيلَةَ وَالْفَضِيلَةَ وَالشَّرَفَ وَالرِّفْعَةَ وَالدَّرَجَةَ الْكَبِيرَةَ . اللّٰهُمَّ إِنِّى آمَنْتُ بِمُحَمَّدٍ صَلَّى اللّٰهُ عَلَيْهِ وَآلِهِ وَلَمْ أَرَهُ فَلا تَحْرِمْنِى فِى الْقِيامَةِ رُؤْيَتَهُ ، وَارْزُقْنِى صُحْبَتَهُ ، وَتَوَفَّنِى عَلَىٰ مِلَّتِهِ ، وَاسْقِنِى مِنْ حَوْضِهِ مَشْرَباً رَوِيّاً سائِغاً هَنِيئاً لَاأَظْمَأُ بَعْدَهُ أَبَداً ، إِنَّكَ عَلَىٰ كُلِّ شَىْءٍ قَدِيرٌ . اللّٰهُمَّ إِنِّى آمَنْتُ بِمُحَمَّدٍ صَلَّى اللّٰهُ عَلَيْهِ وَآلِهِ وَلَمْ أَرَهُ فَعَرِّفْنِى فِى الْجِنانِ وَجْهَهُ . اللّٰهُمَّ بَلِّغْ مُحَمَّداً صَلَّى اللّٰهُ عَلَيْهِ وَآلِهِ مِنِّى تَحِيَّةً كَثِيرَةً وَسَلاماً. ",
            "15": " سُبْحانَ اللّٰهِ قَبْلَ كُلِّ أَحَدٍ ! وَسُبْحانَ اللّٰهِ بَعْدَ كُلِّ أَحَدٍ ! وَسُبْحانَ اللّٰهِ مَعَ كُلِّ أَحَدٍ ! وَسُبْحانَ اللّٰهِ يَبْقىٰ رَبُّنا وَيَفْنىٰ كُلُّ أَحَدٍ ! وَسُبْحانَ اللّٰهِ تَسْبِيحاً يَفْضُلُ تَسْبِيحَ الْمُسَبِّحِينَ فَضْلاً كَثِيراً قَبْلَ كُلِّ أَحَدٍ ! وَسُبْحانَ اللّٰهِ تَسْبِيحاً يَفْضُلُ تَسْبِيحَ الْمُسَبِّحِينَ فَضْلاً كَثِيراً بَعْدَ كُلِّ أَحَدٍ وَسُبْحانَ اللّٰهِ تَسْبِيحاً يَفْضُلُ تَسْبِيحَ الْمُسَبِّحِينَ فَضْلاً كَثِيراً مَعَ كُلِّ أَحَدٍ؛ ",
            "16": " وَسُبْحانَ اللّٰهِ تَسْبِيحاً يَفْضُلُ تَسْبِيحَ الْمُسَبِّحِينَ فَضْلاً كَثِيراً لِرَبِّنَا الْباقِى وَيَفْنىٰ كُلُّ أَحَدٍ ! وَسُبْحانَ اللّٰهِ تَسْبِيحاً لَايُحْصىٰ وَلَا يُدْرىٰ وَلَا يُنْسىٰ وَلَا يَبْلىٰ وَلَا يَفْنىٰ وَلَيْسَ لَهُ مُنْتَهى ! وَسُبْحانَ اللّٰهِ تَسبِيحاً يَدُومُ بِدَوامِهِ وَيَبْقىٰ بِبَقائِهِ فِى سِنِى الْعالَمِينَ وَشُهُورِ الدُّهُورِ وَأَيَّامِ الدُّنْيا وَساعاتِ اللَّيْلِ وَالنَّهارِ ! وَسُبْحانَ اللّٰهِ أَبَدَ الْأَبَدِ وَمَعَ الْأَبَدِ مِمّا لَايُحْصِيهِ الْعَدَدُ ، وَلَا يُفْنِيهِ الْأَمَدُ ، وَلَا يَقْطَعُهُ الْأَبَدُ ، وَ تَبارَكَ اللّٰهُ أَحْسَنُ الْخالِقِينَ. ",
            "17": " وَالْحَمْدُ لِلّٰهِ قَبْلَ كُلِّ أَحَدٍ وَالْحَمْدُ لِلّٰهِ بَعْدَ كُلِّ أَحَدٍ... [دعای بالا تا آخر دعا] ",
            "18": " لا إِلٰهَ إِلّا اللّٰهُ قَبْلَ كُلِّ أَحَدٍ... [دعای بالا تا آخر دعا] ",
            "19": " وَاللّٰهُ أَكْبَرُ قَبْلَ كُلِّ أَحَدٍ...[دعای بالا تا آخر دعا] ",
            "20": " يَا رَبِّ إِنَّ ذُنُوبِى لَاتَضُرُّكَ ، وَ إِنَّ مَغْفِرَتَكَ لِى لَاتَنْقُصُكَ ، فَأَعْطِنِى مَا لَا يَنْقُصُكَ ، وَاغْفِرْ لِى مَا لَايَضُرُّكَ. ",
            "21": " اللّٰهُمَّ لَاتَحْرِمْنِى خَيْرَ مَا عِنْدَكَ لِشَرِّ مَا عِنْدِى ، فَإِنْ أَنْتَ لَمْ تَرْحَمْنِى بِتَعَبِى وَنَصَبِى فَلا تَحْرِمْنِى أَجْرَ الْمُصابِ عَلَىٰ مُصِيبَتِهِ. ",
            "22": ""
        },
        "farsi": {
            "1": "منزّه است خدایی که عرشش در آسمان است، منزّه است خدایی که حکمش در زمین است، منزّه است خدایی که فرمانش در گورهاست، منزّه است خدایی که راهش در دریاست، منزّه است خدایی که سلطنتش در آتش است، منزّه است خدایی که رحمتش در بهشت است، منزّه است خدایی که عدالتش در قیامت است، منزّه است خدایی که آسمان را برافراشت، منزّه است خدایی که زمین را بگسترد، منزّه است خدایی که پناهگاه و نجاتی از او جز به سوی او نیست. ",
            "2": " منزّه است خدا و سپاس از آن خداست و معبودی جز خدا نیست و خدا بزرگ‌تر است. ",
            "3": " معبودی جز خدا نیست، یگانه و بی‌شریک است، فرمانروایی و سپاس از آن اوست، زنده می‌کند و می‌میراند و می‌میراند و زنده می‌سازد و او زنده پاینده است، خیر تنها به دست اوست و او بر هر چیز تواناست. ",
            "4": " آمرزش می‌جویم از خدایی که معبودی جز او نیست، زنده و به خود پاینده است و به سوی او بازمی‌گردم. ",
            "5": "اى خدا",
            "6": " ای مهربان",
            "7": " اى بخشنده",
            "8": "‌ای پدیدآورنده‌ی آسمان‌ها و زمین، ای دارای شوکت و بخشش. ",
            "9": " اى زنده، اى پاینده",
            "10": " اى نعمت افزا، اى عطابخش.",
            "11": "  ای که خدایی جز تو نیست.",
            "12": "اجابت فرما.",
            "13": "خدایا از تو درخواست می‌کنم، ای کسی که از رگ گردن به من نزدیکتر است، ای کسی که میان انسان و دلش پرده می‌شود، ای کسی که در چشم‌انداز برتر و افق آشکار است، ای کسی که بخشنده و بر حکومت هستی قرار دارد، ای کسی که چیزی مانندش نیست و او شنوا و بیناست، از تو درخواست می‌کنم بر محمّد و خاندان محمّد درود فرست. ",
            "14": " خدایا ای بخشنده‌ترین کسی که عطا فرمود و ای بهترین کسی که درخواست شد و ای مهربان‌ترین کسی که از او مهربانی خواسته شد، خدا درود فرست بر محمّد و آلش در بین گذشتگان و بر محمّد و خاندانش در میان آیندگان و بر محمّد و خاندانش در میان فرشتگان و بر محمّد و خاندانش در میان رسولان. خدایا عطا فرما به محمّد و خاندانش وسیله و فضیلت و شرف و بلندی مقام و درجه والا. خدایا ایمان آوردم به محمّد (درود خدا بر او و خاندانش) درحالی‌که او را ندیدم، پس مرا در قیامت از دیدارش محروم مساز و هم‌نشینی با او را نصیبم فرما و مرا بر دین او بمیران و از حوضش سیرابم کن، نوشیدنی بدون تشنگی، دلنشین و گوارا که پس از آن هرگز تشنه نشوم، همانا تو بر هر چیز توانایی. خدایا ایمان آوردم به محمّد (درود خدا بر او و خاندانش) درحالی‌که او را ندیدم، پس در بهشت چهره‌اش را به من بشناسان. خدایا به محمّد (درود خدا بر او و خاندانش) از سوی من تحیت و سلام بسیار برسان. ",
            "15": " منزّه است خدا، پیش از هرکس و منزّه است خدا پس از هرکس و منزّه است خدا با هرکس و منزّه است خدا، پاینده است پروردگار ما و فنا می‌پذیرد هرکس و منزّه است خدا، تنزیهی که فزونی می‌گیرد بر تنزیه تنزیه‌کنندگان فزونی بسیار پیش از هرکس و منزّه است خدا، تنزیهی که فزونی می‌گیرد بر تنزیه تنزیه‌کنندگان فزونی بسیار پس از هرکس و منزّه است خدا تنزیهی که فزونی می‌گیرد بر تنزیه تنزیه‌کنندگان فزونی بسیار به همراه هرکس؛ ",
            "16": "و منزّه است خدا تنزیهی که فزونی می‌گیرد بر تنزیه تنزیه‌کنندگان فزونی بسیار، برای پروردگار ما که پاینده است و هیچ‌کس نپاید و منزّه است خدا تنزیهی که شمرده نشود و دانسته نگردد و فراموش نشود و کهنه نمی‌گردد و فانی نمی‌شود و برایش نهایتی نباشد و منزّه است خدا تنزیهی که دوام یابد به دوامش و باقی ماند به بقایش در امتداد سالهای جهانیان و ماههای روزگاران و روزهای دنیا و ساعات شب‌وروز و منزّه است خدا به ابدیت ابد و همپای ابد، آن تنزیهی که آن را عددی شماره نکند و مدّتی فنایش نکند و سرانجامی قطعش نکند و بزرگ است خدا نیکوترین آفرینندگان. ",
            "17": " و سپاس خدای را پیش از هرکس و سپاس خدای را پس از هرکس...",
            "18": " معبودی جز خدا نیست، پیش از هرکس...",
            "19": " خدا از هر وصفى برتر است، پیش از هرکس...",
            "20": "  پروردگارا، همانا گناهان من به تو زیانی نمی‌رساند و آمرزشت بر من از تو نمی‌کاهد، پس ببخش به من آنچه نمی‌کاهدت و بیامرز برایم آنچه زیانت نرساند. ",
            "21": " خدایا محرومم مساز از خیر آنچه نزد توست، به خاطر شرّ آنچه پیش من است، پس اگر با خستگی و واماندگی‌ام به من رحم نمی‌کنی، از پاداش مصیبت‌دیده بر مصیبتش محرومم مکن. "
        },
        "tozih": {
            "1": " روز نهم، روز عرفه و از اعیاد بزرگ است، گرچه به اسم عید نامیده نشده و روزی است که خدا بندگانش را به عبادت و طاعت خویش دعوت کرده و سفره‌های جود و احسانش را برای آنان گسترده و شیطان در این روز خوارتر و حقیرتر و رانده‌تر و خشمناک‌تر از روزهای دیگر است؛\n\nروایت شده: که حضرت زین العابدین(علیه‌السلام) در روز عرفه صدای سائلی را شنید که از مردم درخواست کمک می‌کرد، به او فرمود: وای بر تو، آیا در این روز از غیر خدا درخواست می‌کنی؟! و حال آنکه برای بچه‌های در رحم، در این روز امید می‌رود که فضل خدا شامل حالشان گردد و سعادتمند شوند.\n\nو برای این روز چند عمل وارد است:\n\nاوّل:\nغسل.\n\nدوم:\n«زیارت حضرت سید الشّهداء» که برابر هزار حج و هزار عمره و هزار جهاد و بلکه افضل از این است و روایات در کثرت فضیلت زیارت آن حضرت در این روز متواتر است [یعنی از افراد بسیاری نقل‌شده است] و اگر کسی در این روز توفیق یابد که زیر قبّه‌ی مقدّسه آن حضرت باشد، ثوابش کمتر از کسی‌که در عرفات باشد نیست، بلکه بیشتر و بیشتر است و کیفیت زیارت آن حضرت بعد از این در «باب زیارات» ان‌شاء‌الله تعالی می‌آید.\n\nسوم:\nپس از نماز عصر، پیش از آنکه مشغول خواندن دعاهای عرفه شود، در زیر آسمان دو رکعت نماز بجا آورد و به گناهانش نزد خداوند اعتراف و اقرار نماید تا به ثواب عرفات دست یابد و گناهانش آمرزیده گردد، آنگاه به اعمال و دعاهای عرفه که از ائمه طاهره روایت شده است مشغول گردد و آن اعمال و ادعیه بیشتر از آن است که به طور کامل در این مختصر ذکر شود ولی به اندازه‌ای که این کتاب گنجایش آن را داشته باشد نقل می‌کنیم.\n\nشیخ کفعمی در کتاب «مصباح» فرموده: برای کسی‌که از دعا خواندن ضعف پیدا نکند روزه‌ی روز عرفه مستحب است؛\n\nو پیش از زوال [رسیدن آفتاب به وقت شرعی ظهر] غسل استحباب دارد و همچنین زیارت امام حسین(علیه‌السلام) در روزوشب عرفه مستحبّ است؛\n\nو چون وقت زوال رسید، زیر آسمان رود و نماز ظهر و عصر را با رکوع و سجود نیکو بجا آورد و چون از نماز ظهروعصر فارغ شود، دو رکعت نماز بخواند، در رکعت اول پس از سوره «حمد» سوره «توحید» و در رکعت دوم بعد از «حمد» سوره «کافرون» بخواند، پس از آن چهار رکعت نماز بجا آورد؛ در هر رکعت پس از سوره «حمد» «پنجاه مرتبه» سوره «توحید» بخواند.\nفقیر می‌گوید: این نماز همان «نماز حضرت امیرالمؤمنین» است که در ضمن اعمال روز جمعه گذشت\n\nسپس شیخ کفعمی فرموده است: این تسبیحات را که از حضرت رسول(صلی‌الله‌علیه‌وآله) روایت شده است و سید ابن طاووس در «اقبال» ذکر فرموده بخوان:",
            "2": "سپس شیخ کفعمی فرموده است: این تسبیحات را که از حضرت رسول(صلی‌الله‌علیه‌وآله) روایت شده است و سید ابن طاووس در «اقبال» ذکر فرموده بخوان:",
            "3": " سپس «صد مرتبه» بگو: ",
            "4": "و سوره «توحید» را «صد مرتبه» و «آیت‌الکرسی» را «صد مرتبه» بخوان و «صد مرتبه» بر محمّد و آل محمّد صلوات فرست و «ده مرتبه» بگو: ",
            "5": "و «ده مرتبه»: ",
            "6": "و «ده مرتبه»: ",
            "7": "و «ده مرتبه»:",
            "8": "و «ده مرتبه»:",
            "9": "و «ده مرتبه»:",
            "10": "و «ده مرتبه»:",
            "11": "«ده مرتبه»: ",
            "12": "و «ده مرتبه»:",
            "13": "و «ده مرتبه»:",
            "14": "آنگاه بگو:",
            "15": " حاجت خود را بخواه که به خواست خدا برآورده خواهد شد؛",
            "16": " آنگاه این صلوات را که از امام صادق(علیه‌السلام) روایت شده بخوان که هرکه بخواهد محمّد و آل محمّد(صلی‌الله‌علیه‌وآله) را در فرستادن صلوات بر ایشان مسرور نماید، بگوید:  ",
            "17": " پس دعای «امّ داود» را که بیانش در ضمن اعمال ماه رجب گذشت بخوان.",
            "18": "آنگاه این تسبیح را که ثوابش در زیادتی شماره نمی‌شود و ما میزان ثواب آن را به خاطر رعایت اختصار بیان نکردیم، بگو: ",
            "19": "سپس بگو:",
            "20": "که بجاى «سُبْحانَ اللّٰهِ»، «اللّٰهُ أَکْبَرُ» می‌گویی.\n\nسپس می‌خوانی دعای «اللّٰهُمَّ مَنْ تَعَبَّأَ وَتَهَیَّأَ» را که در اعمال شب جمعه گذشت،\n\nپس بخوان دعای علی بن الحسین(علیه‌السلام) را که شیخ طوسی در کتاب «مصباح المتهجّد» ذکر فرموده: «اللّٰهُمَّ أَنْتَ اللّٰهُ رَبُّ الْعالَمِینَ..»\nمؤلف گوید: این دعا چون دعای موقف عرفات و بسیار طولانی بود ذکر ننمودیم؛\n\nو در این روز دعای «چهل‌وهفتم» صحیفه کامله آن حضرت را با خشوع و دلشکستگی بخوان که دعایی است مشتمل بر تمام مطالب دنیا و آخرت که درود خدا بر انشاء کننده‌اش باد.\n\nچهارم:\nاز جمله دعاهای مشهور این روز «دعای حضرت سید الشّهدا [در روز عرفه]» است.\n\nبه هر صورت هرکه توفیق یابد و روز عرفه را در عرفات باشد، دعاها و اعمال بسیار دارد و بهترین اعمال در این روز دعاست و این روز شریف، در تمام روزهای سال به خاطر دعا امتیاز دارد و برای برادران مؤمن از آنان‌که زنده‌اند یا دار فانی را وداع گفته‌اند دعای بسیار باید کرد و روایت وارد در حال عبدالله بن جُندَب، در موقف عرفات و دعای او برای برادران خود مشهور است؛\n\nو همچنین روایت زید نِرسی، در حال ثقه جلیل‌القدر، معاویة بن وهب در صحرای عرفات و دعای او درباره فرد فرد از اشخاصی که در آفاق بودند و روایت او از امام صادق(علیه‌السلام) در فضیلت این عمل، شایسته ملاحظه و توّجه است و امید واثق از برادران دینی، آنکه به این بزرگواران اقتدا نموده و اهل ایمان را در دعا بر خود مقدّم دارند و این گنه‌کار روسیاه را یکی از آن اشخاص به حساب آرند و در حال حیات و مرگ از دعای خیر فراموشم نفرمایند؛\n\nو نیز در این روز «زیارت جامعه سوم» را قرائت کن؛\n\nو در آخر روز عرفه چنین بخوان: ",
            "21": " و نیز بخوان: ",
            "22": "مؤلّف گوید: سید ابن طاووس، در ضمن دعاهای روز عرفه فرموده: چون غروب آفتاب نزدیک شود بگو: «بِسْمِ اللّٰهِ وَ بِاللّٰهِ وَ سُبْحانَ اللّٰهِ وَ الْحَمْدُ لِلّٰهِ ...» تا آخر و این همان «دعای عشرات» است که پیش از این گذشت. پس سزاوار است خواندن دعای عشرات که خواندن آن در هر صبح و شام مستحب است، در آخر روز عرفه ترک نشود و این اذکار عشراتی را که کفعمی نقل کرده، همان اذکار آخر دعای عشرات است که سید ابن طاووس روایت کرده. "
        }
    }
}