{
    "230": {
        "number": 230,
        "bab": 2,
        "title": "فضیلت و اعمال شب عید قربان",
        "arabic": {
            "1": ""
        },
        "farsi": {
            "1": ""
        },
        "tozih": {
            "1": " شب دهم، از شب‌های پربرکت و از چهار شبی است که شب‌زنده‌داری در آن‌ها مستحب است و درهای آسمان در این شب باز است و زیارت حضرت سیدالشهدا و دعای  «یَا دائِمَ الْفَضْلِ عَلَى الْبَرِیَّةِ»  که در اعمال شب جمعه گذشت در این شب مستحب است. "
        }
    }
}