{
    "240": {
        "number": 240,
        "bab": 2,
        "title": "فضیلت و اعمال روز مباهله",
        "arabic": {
            "1": "اللّٰهُمَّ إِنِّى أَسْأَلُكَ مِنْ بَهائِكَ بِأَبْهاهُ وَكُلُّ بَهائِكَ بَهِيٌّ ، اللّٰهُمَّ إِنِّي أَسْأَلُكَ بِبَهائِكَ كُلِّهِ . اللّٰهُمَّ إِنِّى أَسْأَلُكَ مِنْ جَلالِكَ بِأَجَلِّهِ وَكُلُّ جَلالِكَ جَلِيلٌ ، اللّٰهُمَّ إِنِّى أَسْأَلُكَ بِجَلالِكَ كُلِّهِ . اللّٰهُمَّ إِنِّى أَسْأَلُكَ مِنْ جَمالِكَ بِأَجْمَلِهِ وَكُلُّ جَمالِكَ جَمِيلٌ ، اللّٰهُمَّ إِنِّى أَسْأَلُكَ بَجَمالِكَ كُلِّهِ . اللّٰهُمَّ إِنِّى أَدْعُوكَ كَما أَمَرْتَنِى فَاسْتَجِبْ لِى كَما وَعَدْتَنِى .",
            "2": " اللّٰهُمَّ إِنِّى أَسْأَلُكَ مِنْ عَظَمَتِكَ بِأَعْظَمِها وَكُلُّ عَظَمَتِكَ عَظِيمَةٌ ، اللّٰهُمَّ إِنِّى أَسْأَلُكَ بِعَظَمَتِكَ كُلِّها . اللّٰهُمَّ إِنِّى أَسْأَلُكَ مِنْ نُورِكَ بِأَ نْوَرِهِ وَكُلُّ نُورِكَ نَيِّرٌ ، اللّٰهُمَّ إِنِّى أَسْأَلُكَ بِنُورِكَ كُلِّهِ . اللّٰهُمَّ إِنِّى أَسْأَلُكَ مِنْ رَحْمَتِكَ بِأَوسَعِها وَكُلُّ رَحْمَتِكَ واسِعَةٌ ، اللّٰهُمَّ إِنِّى أَسْأَلُكَ بِرَحْمَتِكَ كُلِّها؛ ",
            "3": "اللّٰهُمَّ إِنِّى أَدْعُوكَ كَما أَمَرْتَنِى فَاسْتَجِبْ لِى كَما وَعَدْتَنِى . اللّٰهُمَّ إِنِّى أَسْأَلُكَ مِنْ كَمالِكَ بِأَكْمَلِهِ وَكُلُّ كَمالِكَ كامِلٌ ، اللّٰهُمَّ إِنِّى أَسْأَلُكَ بِكَمالِكَ كُلِّهِ . اللّٰهُمَّ إِنِّى أَسْأَلُكَ مِنْ كَلِماتِكَ بِأَتَمِّها وَكُلُّ كَلِماتِكَ تامَّةٌ ، اللّٰهُمَّ إِنِّى أَسْأَلُكَ بِكَلِماتِكَ كُلِّها . اللّٰهُمَّ إِنِّى أَسْأَلُكَ مِنْ أَسْمائِكَ بِأَكْبَرِها وَكُلُّ أَسْمائِكَ كَبِيرَةٌ ، اللّٰهُمَّ إِنِّى أَسْأَلُكَ بِأَسْمائِكَ كُلِّها؛",
            "4": "اللّٰهُمَّ إِنِّى أَدْعُوكَ كَما أَمَرْتَنِى فَاسْتَجِبْ لِى كَما وَعَدْتَنِى . اللّٰهُمَّ إِنِّى أَسْأَلُكَ مِنْ عِزَّتِكَ بِأَعَزِّها وَكُلُّ عِزَّتِكَ عَزِيزَةٌ ، اللّٰهُمَّ إِنِّى أَسْأَلُكَ بِعِزَّتِكَ كُلِّها . اللّٰهُمَّ إِنِّى أَسْأَلُكَ مِنْ مَشِيئَتِكَ بِأَمْضاهَا وَكُلُّ مَشِيئَتِكَ ماضِيَةٌ ، اللّٰهُمَّ إِنِّى أَسْأَلُكَ بِمَشِيئَتِكَ كُلِّها . اللّٰهُمَّ إِنِّى أَسْأَلُكَ بِقُدْرَتِكَ الَّتِى اسْتَطَلْتَ بِها عَلَىٰ كُلِّ شَىْءٍ وَكُلُّ قُدْرَتِكَ مُسْتَطِيلَةٌ ، اللّٰهُمَّ إِنِّى أَسْأَلُكَ بِقُدْرَتِكَ كُلِّها؛",
            "5": "اللّٰهُمَّ إِنِّى أَدْعُوكَ كَما أَمَرْتَنِى فَاسْتَجِبْ لِى كَما وَعَدْتَنِى . اللّٰهُمَّ إِنِّى أَسْأَلُكَ مِنْ عِلْمِكَ بِأَنْفَذِهِ وَكُلُّ عِلْمِكَ نافِذٌ ، اللّٰهُمَّ إِنِّى أَسْأَلُكَ بِعِلْمِكَ كُلِّهِ . اللّٰهُمَّ إِنِّى أَسْأَلُكَ مِنْ قَوْ لِكَ بِأَرْضاهُ وَكُلُّ قَوْلِكَ رَضِيٌّ ، اللّٰهُمَّ إِنِّي أَسْأَلُكَ بِقَوْلِكَ كُلِّهِ . اللّٰهُمَّ إِنِّي أَسْأَلُكَ مِنْ مَسائِلِكَ بِأَحَبِّها وَكُلُّها إِلَيْكَ حَبِيبَةٌ  ، اللّٰهُمَّ إِنِّى أَسْأَلُكَ بِمَسائِلِكَ كُلِّها . ",
            "6": "اللّٰهُمَّ إِنِّى أَدْعُوكَ كَما أَمَرْتَنِى فَاسْتَجِبْ لِى كَما وَعَدْتَنِى . اللّٰهُمَّ إِنِّى أَسْأَلُكَ مِنْ شَرَفِكَ بِأَشْرَفِهِ وَكُلُّ شَرَفِكَ شَرِيفٌ ، اللّٰهُمَّ إِنِّى أَسْأَلُكَ بِشَرَفِكَ كُلِّهِ . اللّٰهُمَّ إِنِّى أَسْأَلُكَ مِنْ سُلْطانِكَ بِأَدْوَمِهِ وَكُلُّ سُلْطانِكَ دائِمٌ ، اللّٰهُمَّ إِنِّى أَسْأَلُكَ بِسُلْطانِكَ كُلِّهِ؛",
            "7": "اللّٰهُمَّ إِنِّى أَسْأَلُكَ مِنْ مُلْكِكَ بِأَفْخَرِهِ وَكُلُّ مُلْكِكَ فاخِرٌ ، اللّٰهُمَّ إِنِّى أَسْأَلُكَ بِمُلْكِكَ كُلِّهِ . اللّٰهُمَّ إِنِّى أَدْعُوكَ كَما أَمَرْتَنِى فَاسْتَجِبْ لِى كَما وَعَدْتَنِى . اللّٰهُمَّ إِنِّى أَسْأَلُكَ مِنْ عَلائِكَ بِأَعْلاهُ وَكُلُّ عَلائِكَ عالٍ ، اللّٰهُمَّ إِنِّى أَسْأَلُكَ بِعَلائِكَ كُلِّهِ . اللّٰهُمَّ إِنِّى أَسْأَلُكَ مِنْ آياتِكَ بِأَعْجَبِها وَكُلُّ آياتِكَ عَجِيبَةٌ ، اللّٰهُمَّ إِنِّى أَسْأَلُكَ بِآياتِكَ كُلِّها . اللّٰهُمَّ إِنِّى أَسْأَلُكَ مِنْ مَنِّكَ بِأَقْدَمِهِ وَكُلُّ مَنِّكَ قَدِيمٌ ، اللّٰهُمَّ إِنِّى أَسْأَلُكَ بِمَنِّكَ كُلِّهِ؛",
            "8": "اللّٰهُمَّ إِنِّى أَدْعُوكَ كَما أَمَرْتَنِى وَعَدْتَنِى . اللّٰهُمَّ إِنِّى أَسْأَلُكَ بِما أَنْتَ فَيهِ مِنَ الشُّؤُوْنِ وَالْجَبَرُوتِ ، اللّٰهُمَّ إِنِّى أَسْأَلُكَ بِكُلِّ شَأْنٍ وَكُلِّ جَبَرُوتٍ . اللّٰهُمَّ إِنِّى  أَسْأَلُكَ بِما تُجِيبُنِى بِهِ حِينَ أَسْأَلُكَ يَا اللّٰهُ يَا لَاإِلٰهَ إِلّا أَنْتَ أَسْأَلُكَ بِبَهاءِ لا إِلٰهَ إِلّا أَنْتَ ، يَا لا إِلٰهَ إِلّا أَنْتَ أَسْأَلُكَ بِجَلالِ لَاإِلٰهَ إِلّا أَنْتَ ، يَا لَاإِلٰهَ إِلّا أَنْتَ أَسْأَلُكَ بِلا إِلٰهَ إِلّا أَنْتَ . ",
            "9": "اللّٰهُمَّ إِنِّى أَدْعُوكَ كَما أَمَرْتَنِى فَاسْتَجِبْ لِى كَما وَعَدْتَنِى . اللّٰهُمَّ إِنِّى أَسْأَلُكَ مِنْ رِزْقِكَ بِأَعَمِّهِ وَكُلُّ رِزْقِكَ عامٌّ ، اللّٰهُمَّ إِنِّى أَسْأَلُكَ بِرِزْقِكَ كُلِّهِ . اللّٰهُمَّ إِنِّى أَسْأَلُكَ مِنْ عَطائِكَ بِأَهْنَئِهِ وَكُلُّ عَطائِكَ هَنِىءٌ ، اللّٰهُمَّ إِنِّى أَسْأَلُكَ بِعَطائِكَ كُلِّهِ؛",
            "10": "اللّٰهُمَّ إِنِّى أَسْأَلُكَ مِنْ خَيْرِكَ بِأَعْجَلِهِ وَكُلُّ خَيْرِكَ عاجِلٌ ، اللّٰهُمَّ إِنِّى أَسْأَلُكَ بِخَيْرِكَ كُلِّهِ . اللّٰهُمَّ إِنِّى أَسْأَلُكَ مِنْ فَضْلِكَ بِأَفْضَلِهِ وَكُلُّ فَضْلِكَ فاضِلٌ ، اللّٰهُمَّ إِنِّى أَسْأَلُكَ بِفَضْلِكَ كُلِّهِ. اللّٰهُمَّ إِنِّى أَدْعُوكَ كَما أَمَرْتَنِى فَاسْتَجِبْ لِى كَما وَعَدْتَنِى . ",
            "11": "اللّٰهُمَّ صَلِّ عَلَىٰ مُحَمَّدٍ وَآلِ مُحَمَّدٍ وَابْعَثْنِى عَلَى الْإِيمانِ بِكَ ، وَالتَّصْدِيقِ برَسُولِكَ عَلَيْهِ وَآلِهِ السَّلامُ ، وَالْوِلايَةِ لِعَلِيِّ بْنِ أَبِي طالِبٍ ، وَالْبَراءَةِ مِنْ عَدُوِّهِ ، وَالايْتِمامِ بِالْأَئِمَّةِ مِنْ آلِ مُحَمَّدٍ عَلَيْهِمُ السَّلامُ ، فَإِنِّى قَدْ رَضيْتُ بِذٰلِكَ يَا رَبِّ . ",
            "12": "اللّٰهُمَّ صَلِّ عَلَىٰ مُحَمَّدٍ عَبْدِكَ وَرَسُولِكَ فِى الْأَوَّلِينَ ، وَصَلِّ عَلَىٰ مُحَمَّدٍ فِى الْآخِرِينَ ، وَصَلِّ عَلَىٰ مُحَمَّدٍ فِى الْمَلَاَ الْأَعْلىٰ ، وَصَلِّ عَلَىٰ مُحَمَّدٍ فِى الْمُرْسَلِينَ . اللّٰهُمَّ أَعْطِ مُحَمَّداً الْوَسِيلَةَ وَالشَّرَفَ وَالْفَضِيلَةَ وَالدَّرَجَةَ الْكَبِيرَةَ؛",
            "13": "اللّٰهُمَّ صَلِّ عَلَىٰ مُحَمَّدٍ وَآلِ مُحَمَّدٍ وَقَنِّعْنِى بِما رَزَقْتَنِى ، وَبارِكْ لَى فِيما آتَيْتَنِى ، وَاحْفَظْنِى فِى غَيْبَتِى وَكُلِّ غائِبٍ هُوَ لِى . اللّٰهُمَّ صَلِّ عَلَىٰ مُحَمَّدٍ وَآلِ  مُحَمَّدٍ وَابْعَثْنِى عَلَى الْإِيمانِ بِكَ وَالتَّصْدِيقِ بِرَسُولِكَ . اللّٰهُمَّ صَلِّ عَلَىٰ مُحَمَّدٍ وَآلِ مُحَمَّدٍ وَأَسْأَلُكَ خَيْرَ الْخَيْرِ رِضْوانَكَ وَالْجَنَّةَ ، وَأَعُوذُ بِكَ مِنْ شَرِّ الشَّرِّ سَخَطِكَ وَالنَّارِ . ",
            "14": "اللّٰهُمَّ صَلِّ عَلَىٰ مُحَمَّدٍ وَآلِ مُحَمَّدٍ وَاحْفَظْنِى مِنْ كُلِّ مُصِيبَةٍ، وَمِنْ كُلِّ بَلِيَّةٍ، وَمِنْ كُلِّ عُقُوبَةٍ ، وَمِنْ كُلِّ فِتْنَةٍ ، وَمِنْ كُلِّ بَلاءٍ ، وَمِنْ كُلِّ شَرٍّ ، وَمِنْ كُلِّ مَكْرُوهٍ ، وَمِنْ كُلِّ مُصِيبَةٍ ، وَمِنْ كُلِّ آفَةٍ نَزَلَتْ أَو تَنْزِلُ مِنَ السَّماءِ إِلَى الْأَرْضِ فِى هٰذِهِ السَّاعَةِ ، وَفِى هٰذِهِ اللَّيْلَةِ ، وَفِى هٰذَا الْيَوْمِ ، وَفِى هٰذَا الشَّهْرِ ، وَفِى هٰذِهِ السَّنَةِ؛",
            "15": "اللّٰهُمَّ صَلِّ عَلَىٰ مُحَمَّدٍ وَآلِ مُحَمَّدٍ وَاقْسِمْ لِى مِنْ كُلِّ سُرُورٍ وَمِنْ كُلِّ بَهْجَةٍ ، وَمِنْ كُلِّ اسْتِقامَةٍ ، وَمِنْ كُلِّ فَرَجٍ ، وَمِنْ كُلِّ عافِيَةٍ ، وَمِنْ كُلِّ سَلامَةٍ ، وَمِنْ كُلِّ كَرامَةٍ ، وَمِنْ كُلِّ رِزْقٍ واسِعٍ حَلالٍ طَيِّبٍ ، وَمِنْ كُلِّ نِعْمَةٍ وَمِنْ كُلِّ سعَةٍ نَزَلَتْ أَو تَنْزِلُ مِنَ السَّماءِ إِلَى الْأَرْضِ فِى هٰذِهِ السَّاعَةِ ، وَفِى هٰذِهِ اللَّيْلَةِ ، وَفِى هٰذَا الْيَوْمِ ، وَفِى هٰذَا الشَّهْرِ ، وَفِى هٰذِهِ السَّنَةِ . اللّٰهُمَّ إِنْ كانَتْ ذُنُوبِى قَدْ أَخْلَقَتْ وَجْهِى عِنْدَكَ وَحالَتْ بَيْنِى وَبَيْنَكَ وَغَيَّرَتْ حالِى عِنْدَكَ ؛",
            "16": "فَإِنِّى أَسْأَلُكَ بِنُورِ وَجْهِكَ الَّذِى لَايُطْفَأُ وَبِوَجْهِ مُحَمَّدٍ حَبِيبِكَ الْمُصْطَفىٰ ، وَبِوَجْهِ وَلِيِّكَ عَلِيٍّ الْمُرْتَضىٰ ، وَبِحَقِّ أَولِيائِكَ الَّذِينَ انْتَجَبْتَهُمْ أَنْ تُصَلِّىَ عَلَىٰ مُحَمَّدٍ وَآلِ مُحَمَّدٍ وَأَنْ تَغْفِرَ لِى مَا مَضىٰ مِنْ ذُنُوبِى ، وَأَنْ تَعْصِمَنِى فِى مٰا بَقِىَ مِنْ عُمْرِى ، وَأَعُوذُ بِكَ اللّٰهُمَّ أَنْ أَعُودَ فِى شَىْءٍ مِنْ مَعاصِيكَ أَبَداً مَا أَبْقَيْتَنِى ، حَتَّىٰ تَتَوَفَّانِى وَأَنَا لَكَ مُطِيعٌ وَأَنْتَ عَنِّى راضٍ ، وَأَنْ تَخْتِمَ لِى عَمَلِى بِأَحْسَنِهِ وَتَجْعَلَ لِى ثَوابَهُ الْجَنَّةَ ، وَأَنْ تَفْعَلَ بِى مَا أَنْتَ أَهْلُهُ يَا أَهْلَ التَّقْوىٰ وَيَا أَهْلَ الْمَغْفِرَةِ صَلِّ عَلَىٰ مُحَمَّدٍ وَآلِ مُحَمَّدٍ وَارْحَمْنِى بِرَحْمَتِكَ يَا أَرْحَمَ الرَّاحِمِينَ. ",
            "17": ""
        },
        "farsi": {
            "1": "خدایا از تو درخواست می‌کنم از زیبایی‌ات به‌حق برترین مرتبه زیبایی‌ات و همه مراتب آن زیباست، خدایا از تو درخواست می‌کنم به همه مراتب زیبایی‌ات. خدایا از تو درخواست می‌کنم از بزرگی‌ات به‌حق برترین مرتبه بزرگی‌ات و همه مراتب بزرگی‌ات بزرگ است، خدایا از تو درخواست می‌کنم به همه مراتب عظمتت. خدایا از تو درخواست می‌کنم از جمالت، به‌حق برترین مرتبه جمالت و همه مراتب جمال تو جمیل است، خدایا از تو درخواست می‌کنم به همه مراتب جمالت. خدایا تو را می‌خوانم چنان‌که فرمان دادی، پس اجابتم کن چنان‌که وعده فرمودی،",
            "2": " خدایا از تو درخواست می‌کنم از شکوهت، به‌حق برترین مرتبه شکوهت و همه مراتب شکوهت شکوهمند است، خدایا از تو درخواست می‌کنم به همه مراتب شکوهت. خدایا از تو درخواست می‌کنم از نورت، به‌حق برترین مرتبه نورت و همه نورت نورانی است، خدایا از تو درخواست می‌کنم به همه نورت. خدایا از تو درخواست می‌کنم از رحمتت، به‌حق وسیع‌ترین مرتبه رحمتت و همه رحمتت وسیع است، خدایا از تو درخواست می‌کنم به همه رحمتت؛",
            "3": "خدایا تو را می‌خوانم چنان‌که فرمانم دادی، پس اجابتم کن چنان‌که وعده فرمودی. خدایا از تو درخواست می‌کنم از کمالت به‌حق برترین مرتبه کمالت و همه کمالت کامل است، خدایا از تو درخواست می‌کنم به همه کمالت. خدایا از تو درخواست می‌کنم از کلماتت به‌حق تمام‌ترین کلماتت و همه کلماتت تمام است، خدایا از تو درخواست می‌کنم به همه کلماتت. خدایا از تو درخواست می‌کنم از نام‌هایت به‌حق بزرگ‌ترین آن‌ها و همه نام‌هایت بزرگ است، خدایا از تو درخواست می‌کنم به‌حق همه نام‌هایت؛",
            "4": " خدایا تو را می‌خوانم، چنان‌که فرمانم دادی، پس اجابتم کن، چنان‌که وعده فرمودی، خدایا از تو درخواست می‌کنم از عزّتت، به‌حق برترین مرتبه عزّتت و همه عزّتت عزیز است، خدایا از تو درخواست می‌کنم به همه عزّتت. خدایا از تو درخواست می‌کنم از مشیتت به‌حق گذراترین مشیتت و همه مشیتت گذراست، خدایا از تو درخواست می‌کنم به همه مشیتت. خدایا از تو درخواست می‌کنم به قدرتت که با آن بر همه‌چیز برتری گرفتی و همه قدرت تو برتری‌گیر است، خدایا از تو درخواست می‌کنم به همه قدرتت؛",
            "5": "  خدایا تو را می‌خوانم، چنان‌که فرمانم دادی، پس اجابتم کن، چنان‌که وعده فرمودی، خدایا از تو درخواست می‌کنم از علمت به‌حق نافذترین آن و همه علم تو نافذ است، خدایا از تو درخواست می‌کنم به همه علمت. خدایا از تو درخواست می‌کنم از گفتارت به‌حق پسندیده‌ترین آن و همه گفتارت پسندیده است، خدایا از تو درخواست می‌کنم به همه گفتارت. خدایا از تو درخواست می‌کنم از خواسته‌هایت به‌حق محبوب‌ترین آن‌ها و همه آن‌ها نزد تو محبوب است، خدایا از تو درخواست می‌کنم به همه خواسته‌هایت.",
            "6": " خدایا تو را می‌خوانم چنان‌که فرمانم دادی، پس اجابتم کن چنان‌که وعده فرمودی. خدایا از تو درخواست می‌کنم از شرفت به‌حق برترین مرتبه شرفت و همه شرفت شریف است، خدایا از تو درخواست می‌کنم به همه شرفت. خدایا از تو درخواست می‌کنم از سلطنتت، به‌حق پایدارترین آن و همه سلطنتت پایدار است، خدایا از تو درخواست می‌کنم به همه سلطنتت؛",
            "7": " خدایا از تو درخواست می‌کنم از فرمانروایی‌ات به‌حق گرانمایه‌ترین آن و همه فرمانروایی‌ات گرانمایه است، خدایا از تو درخواست می‌کنم به همه فرمانروایی‌ات. خدایا تو را می‌خوانم چنان‌که فرمانم دادی پس اجابتم کن چنان‌که وعده فرمودی. خدایا از تو درخواست می‌کنم از والایی‌ات به‌حق والاترین آن و همه والایی‌ات والاست، خدایا از تو درخواست می‌کنم به همه والایی‌ات. خدایا از تو درخواست می‌کنم از آیاتت به‌حق شگفت‌ترین آیاتت و همه آیاتت شگفت است، خدایا از تو درخواست می‌کنم به همه آیاتت. خدایا از تو درخواست می‌کنم از نعمتت به‌حق دیرینه‌ترین آن و همه نعمتت دیرین است، خدایا از تو درخواست می‌کنم به همه نعمتت؛",
            "8": " خدایا تو را می‌خوانم چنان‌که فرمانم دادی، پس اجابتم کن، چنان‌که وعده فرمودی. خدایا از تو درخواست می‌کنم، به‌حق آنچه در آن قرار داری از مقام و جبروت. خدایا از تو درخواست می‌کنم به تمام مقام و تمام جبروتت. خدایا از تو درخواست می‌کنم به آنچه با آن اجابتم می‌نمایی، زمانی که از تو می‌خواهم، ای خدا، ای که معبودی جز تو نیست، از تو می‌خواهم به زیبایی اینکه معبودی جز تو نیست. ای که معبودی جز تو نیست، از تو می‌خواهم به بزرگی اینکه معبودی جز تو نیست. ای که معبودی جز تو نیست، از تو می‌خواهم به‌حق اینکه معبودی جز تو نیست.",
            "9": " خدایا تو را می‌خوانم چنان‌که فرمانم دادی، پس اجابتم کن چنان‌که وعده فرمودی. خدایا از تو درخواست می‌کنم از روزی‌ات به همگانی‌ترین آن و همه روزی‌ات همگانی است. خدایا از تو درخواست می‌کنم به همه روزی‌ات، خدایا از تو درخواست می‌کنم از عطایت، به‌حق گواراترین آن و همه عطایت گواراست. خدایا از تو درخواست می‌کنم به همه عطایت؛",
            "10": " خدایا از تو درخواست می‌کنم از خیرت به فوری‌ترین آن و همه خیرت فوری است. خدایا از تو درخواست می‌کنم به همه خیرت. خدایا از تو درخواست می‌کنم از فضلت، به‌حق فزون‌ترین آن و همه فضلت فزون است، خدایا از تو درخواست می‌کنم به همه فضلت. خدایا تو را می‌خوانم چنان‌که فرمانم دادی، پس اجابتم کن چنان‌که وعده فرمودی. ",
            "11": "خدایا بر محمّد و خاندان محمّد درود فرست و مرا برانگیز بر ایمان به خود و تصدیق به رسولت (درود خدا بر او و خاندانش باد) ولایت علی بن ابیطالب (ع) و بیزاری از دشمنش و اقتدا به امامان از خاندان محمّد (درود خدا بر آنان باد) که من به این واقعیت راضی شده‌ام. ",
            "12": "خدایا درود فرست بر محمّد بنده و رسولت در میان پیشینیان و درود فرست بر محمّد در میان آیندگان و درود فرست بر محمّد، در میان آسمانیان و درود فرست بر محمّد در میان فرستادگان. خدایا به محمّد عطا کن، وسیله و شرف و فضیلت و درجه بزرگ؛",
            "13": " خدایا درود فرست بر محمّد و خاندان محمّد و به آنچه روزی‌ام نمودی خشنود بدار و در آنچه به من عنایت کردی برکت ده و در غیبتم و در غیاب هر غایبی که او از من است نگهدارم باش. خدایا بر محمّد و خاندان محمّد درود فرست و مرا بر پایه ایمان به خود و باور داشتن به پیامبرت برانگیز، خدایا بر محمّد و خاندان محمّد درود فرست و از تو می‌خواهم خوب‌ترین خوب‌ها را که خشنودی‌ات و بهشت است و به تو پناه می‌آورم از بدترین بدها که خشمت و آتش است.",
            "14": " خدایا بر محمّد و خاندان محمّد درود فرست و مرا محافظت فرما از هر مصیبت و هر بلا و از هر عقوبت و هر فتنه و هر آزمایش و هر شر و هر امر ناپسند و هر پیش آمد و هر آفت که از آسمان بر زمین فرود آید یا فرود می‌آید، در این ساعت و در این شب و در این روز و در این ماه و در این سال، خدایا بر محمّد و خاندان محمّد درود فرست و روزی من کن از هر شادی و هر خوشحالی و هر پایداری و هر گشایش و هر عافیت و هر سلامت و هر کرامت و هر روزی وسیع حلال پاک و هر نعمت و هر وسعتی که از آسمان بر زمین نازل شد یا می‌شود، در این ساعت و در این شب و در این روز و در این ماه و در این سال؛",
            "15": " خدایا بر محمّد و خاندان محمّد درود فرست و روزى من کن از هر شادى و هر خوشحالى و هر پایدارى و هر گشایش و هر عافیت و هر سلامت و هر کرامت و هر روزی وسیع حلال پاک و هر نعمت و هر وسعتى که از آسمان بر زمین نازل شد یا می‌شود. در این ساعت و در این شب و در این روز و در این ماه و در این سال. خدایا اگر گناهانم مرا در پیشگاهت بی اعتبار ساخته و میان من و تو پرده شده و حالم را نزد تو دگرگون نموده؛ ",
            "16": "من از تو درخواست می‌کنم، به‌حق نور جمالت که هرگز خاموش نشود و به آبروی محمّد محبوب برگزیده‌ات و به آبروی ولی‌ات علی مرتضی و به‌حق اولیایت که آنان را برگزیدی، اینکه بر محمّد و خاندان محمد درود فرستی و آنچه از گناهانم گذشته بیامرزی و در باقی‌مانده عمر حفظم کنی و به تو پناه می‌آورم، خدایا، از اینکه هرگز به چیزی از نافرمانی‌هایت بازگردم تا زنده‌ام بداری و تا بمیرانی و من فرمان‌بردار تو باشم و تو از من خشنود باشی و اینکه عملم را ختم کنی به نیکوترینش و پاداش آن را برایم بهشت قرار دهی و با من آن کنی که شایسته آنی، ای اهل تقوی و ای اهل مغفرت، بر محمّد و خاندان محمّد درود فرست و به رحمتت به من رحم کن، ای مهربان‌ترین مهربانان. "
        },
        "tozih": {
            "1": " روز بیست‌وچهارم [ذی‌الحجه] بنا بر اشهر روزی است که رسول خدا(صلی‌الله‌علیه‌وآله) با نصارای نَجران مباهله کرد و پیش از مباهله عبا بر دوش مبارک گرفت و حضرت امیرالمؤمنین و فاطمه و حسن و حسین(علیهم‌السلام) را زیر عبا جا داد و گفت:\nپروردگارا هر پیامبری را اهل‌بیتی بوده که مخصوص‌ترین خلق نسبت به او بودند، خدایا اینان اهل‌بیت من‌اند، از ایشان شک و گناه را برطرف ساز و پاک کن ایشان را پاک کردنی کامل، پس جبرائیل نازل شد و آیه تطهیر را در شأن ایشان فرود آورد.\nآنگاه رسول خدا(صلی‌الله‌علیه‌وآله) آن چهار بزرگوار را برای مباهله به بیرون برد، چون نگاه نصاری بر ایشان افتاد و حقیقت آن حضرت و آثار نزول عذاب را مشاهده کردند، جرأت بر مباهله را از دست داده و استدعای مصالحه و قبول جزیه کردند.\n\nدر این روز حضرت امیرالمؤمنین(علیه‌السلام) در حال رکوع انگشتر خود را به سائل داد و آیه «إِنَّمٰا وَلِیُّکُمُ اللّٰهُ وَ رَسُولُهُ..» در شأن آن حضرت نازل گشت.\n\nدر هر صورت این روز دارای شرافت بسیاری است و در آن چند عمل وارد است:\n\nاوّل:\nغسل.\n\nدوّم:\nروزه گرفتن.\n\nسوّم:\nخواندن دو رکعت نماز که در وقت و کیفیت و ثواب مانند «نماز روز عید غدیر» است و اینکه «آیت‌الکرسی» در نماز مباهله باید تا «هُمْ فِیهٰا خٰالِدُونَ» خوانده شود.\n\nچهارم:\nخواندن دعای مباهله می‌باشد که شبیه به دعای سحر ماه رمضان است و شیخ طوسی و سید ابن طاووس نقل کرده‌اند، ولی بین روایات آن دو بزرگوار اختلاف زیادی است و من روایت شیخ طوسی را در کتاب «مصباح» برگزیده‌ام که فرموده است: دعای روز مباهله همراه با فضیلت آن، از حضرت صادق(علیه‌السلام) روایت شده و آن دعا این است: ",
            "2": "",
            "3": "",
            "4": "",
            "5": "",
            "6": "",
            "7": "",
            "8": "",
            "9": "",
            "10": "",
            "11": "",
            "12": "",
            "13": "",
            "14": "",
            "15": "",
            "16": "",
            "17": " پنجم:\nدعایی که شیخ طوسی و سید ابن طاووس پس از دو رکعت نماز و «هفتاد مرتبه» استغفار، روایت کرده‌اند بخواند.\nاول آن دعا، «الْحَمْدُ لِلّٰهِ رَبِّ الْعالَمِینَ» است.\n\nدر این روز دادن صدقه به تهیدستان به خاطر پیروی از مولای همه مردان و زنان با ایمان و زیارت آن حضرت، شایسته است و مناسب‌تر «زیارت جامعه» است. "
        }
    }
}