{
    "245": {
        "number": 245,
        "bab": 2,
        "title": "محرم؛ ماه حزن اهل بیت(ع)",
        "arabic": {
            "1": ""
        },
        "farsi": {
            "1": ""
        },
        "tozih": {
            "1": "آگاه باش که این ماه، ماه حُزن و اندوه اهل‌بیت و شیعیان ایشان است.\n\nاز حضرت رضا(علیه‌السلام) روایت شده: چون ماه محرّم فرا می‌رسید، کسی پدرم را خندان نمی‌دید و پیوسته تا روز دهم اندوه و حزن بر او غالب بود، چون روز عاشورا می‌شد روز مصیبت و حزن و گریه‌ی ایشان بود و می‌فرمودند: امروز روزی است که حسین(علیه‌السلام) شهید شد."
        }
    }
}