{
    "246": {
        "number": 246,
        "bab": 2,
        "title": "اعمال شب اول ماه محرم",
        "arabic": {
            "1": ""
        },
        "farsi": {
            "1": ""
        },
        "tozih": {
            "1": "سید ابن طاووس در کتاب «اقبال» برای این شب، چند نماز ذکر فرموده:\n\nاوّل:\nصد رکعت که در هر رکعت سوره‌های «حَمد» و سوره «توحید» خوانده می‌شود.\n\nدوّم:\nدو رکعت که در رکعت اول سوره‌های «حَمد» و «اَنعام» و در رکعت دوم سوره‌های «حَمد» و «یس» خوانده می‌شود.\n\nسوم:\nدو رکعت که در هر رکعت سوره «حَمد» و یازده «توحید» خوانده می‌شود.\nاز رسول خدا(صلی‌الله‌علیه‌وآله) روایت شده: هرکه این دو رکعت نماز را در این شب بجا آورد و فردایش را که اول سال است روزه بدارد، مانند کسی است که همه طول سال را همواره کار خیر کرده و در آن سال محفوظ باشد و اگر بمیرد به بهشت می‌رود.\n\nسید ابن طاووس برای هلال این ماه دعای مبسوطی ذکر کرده است."
        }
    }
}