{
    "252": {
        "number": 252,
        "bab": 2,
        "title": "اعمال روز نهم ماه محرم",
        "arabic": {
            "1": ""
        },
        "farsi": {
            "1": ""
        },
        "tozih": {
            "1": " روز تاسوعاست؛ از امام صادق(علیه‌السلام) روایت شده: تاسوعا روزی است که امام حسین(علیه‌السلام) و اصحابش را در کربلا محاصره کردند و سپاه شام برای جنگ با آن حضرت گرد آمدند و ابن مرجانه و عمر سعد، به خاطر کثرت سپاه و بسیاری لشگر که برای آن‌ها گردآمده بودند، خوشحال شدند و امام حسین(علیه‌السلام) و اصحابش را ضعیف به حساب آوردند و یقین کردند که برای حضرت یاوری نخواهد آمد و اهل عراق او را مدد نخواهند کرد، سپس فرمود: پدرم فدای آن ضعیف غریب. "
        }
    }
}