{
    "254": {
        "number": 254,
        "bab": 2,
        "title": "اعمال روز عاشورا",
        "arabic": {
            "1": " أَعْظَمَ اللّٰهُ أُجُورَنا بِمُصابِنا بِالْحُسَيْنِ عَلَيْهِ السَّلامُ ، وَجَعَلَنا وَ إِيَّاكُمْ مِنَ الطَّالِبِينَ بِثارِهِ مَعَ وَلِيِّهِ الْإِمامِ الْمَهْدِيِّ مِنْ آلِ مُحَمَّدٍ عَلَيْهِمُ السَّلامُ. ",
            "2": " اللّٰهُمَّ الْعَنْ قَتَلَةَ الْحُسَيْنِ عَلَيْهِ السَّلامُ. ",
            "3": " بِسْمِ اللّٰهِ الرَّحْمٰنِ الرَّحِيمِ ، سُبْحانَ اللّٰهِ مِلءَ الْمِيزانِ ، وَمُنْتَهَى الْعِلْمِ ، وَمَبْلَغَ الرِّضا ، وَزِنَةَ الْعَرْشِ... بعد از دو سه سطر دارد: «ده مرتبه» صلوات بفرستد و بگوید: يَا قَابِلَ تَوْبَةِ آدَمَ يَوْمَ عاشُوراءَ ، يَا رافِعَ إِدْرِيسَ إِلَى السَّماءِ يَوْمَ عاشُوراءَ ، يَا مُسَكِّنَ سَفِينَةِ نُوحٍ عَلَى الْجُودِيِّ يَوْمَ عاشُوراءَ ، يَا غِياثَ إِبْراهِيمَ مِنَ النَّارِ يَوْمَ عاشُوراءَ ... إلى آخره. ",
            "4": " السَّلامُ عَلَيْكَ يَا وارِثَ آدَمَ صَفْوَةِ اللّٰهِ ، السَّلامُ عَلَيْكَ يَا وارِثَ نُوحٍ نَبِيِّ اللّٰهِ ، السَّلامُ عَلَيْكَ يَا وارِثَ إِبْراهِيمَ خَلِيلِ اللّٰهِ ، السَّلامُ عَلَيْكَ يَا وارِثَ مُوسىٰ كَلِيمِ اللّٰهِ ، السَّلامُ عَلَيْكَ يَا وارِثَ عَيسىٰ رُوحِ اللّٰهِ ، السَّلامُ عَلَيْكَ يَا وارِثَ مُحَمَّدٍ حَبِيبِ اللّٰهِ ، السَّلامُ عَلَيْكَ يَا وارِثَ عَلِيٍّ أَمِيرِ الْمُؤْمِنِينَ وَ لِيِّ اللّٰهِ ، ",
            "5": " السَّلامُ عَلَيْكَ يَا وارِثَ الْحَسَنِ الشَّهِيدِ سِبْطِ رَسُولِ اللّٰهِ ، السَّلامُ عَلَيْكَ يَا ابْنَ رَسُولِ اللّٰهِ ، السَّلامُ عَلَيْكَ يَا ابْنَ الْبَشِيرِ النَّذِيرِ وَابْنَ سَيِّدِ الْوَصِيِّينَ ، السَّلامُ عَلَيْكَ يَا ابْنَ فاطِمَةَ سَيِّدَةِ نِساءِ الْعالَمِينَ ، السَّلامُ عَلَيْكَ يَا أَبا عَبْدِ اللّٰهِ ، السَّلامُ عَلَيْكَ يَا خِيَرَةَ اللّٰهِ وَابْنَ خِيَرَتِهِ ، السَّلامُ عَلَيْكَ يَا ثارَ اللّٰهِ وَابْنَ ثارِهِ ، السَّلامُ عَلَيْكَ أَيُّهَا الْوِتْرُ الْمَوْتُورُ؛ ",
            "6": " السَّلامُ عَلَيْكَ أَيُّهَا الْإِمامُ الْهادِى الزَّكِىُّ وَعَلَىٰ أَرْواحٍ حَلَّتْ بِفِنائِكَ ، وَأَقامَتْ فَى جِوارِكَ ، وَوَفَدَتْ مَعَ زُوَّارِكَ ، السَّلامُ عَلَيْكَ مِنِّى مَا بَقِيتُ وَبَقِىَ اللَّيْلُ وَالنَّهارُ ، فَلَقَدْ عَظُمَتْ بِكَ الرَّزِيَّةُ ، وَجَلَّ الْمُصابُ فِى الْمُؤْمِنِينَ وَالْمُسْلِمِينَ وَفِى أَهْلِ السَّمَاواتِ أَجْمَعِينَ وَفِى سُكَّانِ الْأَرَضِينَ فَإِنَّا لِلّٰهِ وَ إِنَّا إِلَيْهِ راجِعُونَ ، وَصَلَواتُ اللّٰهِ وَبَرَكاتُهُ وَتَحِيَّاتُهُ عَلَيْكَ وَعَلَىٰ آبائِكَ الطَّاهِرِينَ الطَّيِّبِينَ الْمُنْتَجَبِينَ وَعَلَىٰ ذَرارِيهِمُ الْهُداةِ الْمَهْدِيِّينَ ، السَّلامُ عَلَيْكَ يَا مَوْلاىَ وَعَلَيْهِمْ ، وَعَلَىٰ رُوحِكَ وَعَلَىٰ أَرْواحِهِمْ ، وَعَلَىٰ تُرْبَتِكَ وَعَلَىٰ تُرْبَتِهِمْ؛ اللّٰهُمَّ لَقِّهِمْ رَحْمَةً وَرِضْواناً وَرَوْحاً وَرَيْحاناً . ",
            "7": " السَّلامُ عَلَيْكَ يَا مَوْلاىَ يَا أَبا عَبْدِ اللّٰهِ، يَا ابْنَ خاتَمِ النَّبِيِّينَ ، وَيَا ابْنَ سَيِّدِ الْوَصِيِّينَ ، وَيَا ابْنَ سَيِّدَةِ نِساءِ الْعالَمِينَ ، السَّلامُ عَلَيْكَ يَا شَهِيدُ ، يَا ابْنَ أَبَاالشُّهَداءِ . اللّٰهُمَّ بَلِّغْهُ عَنِّى فى هٰذِهِ السَّاعَةِ وَفِى هٰذَا الْيَوْمِ وَفِى هٰذَا الْوَقْتِ وَفِى كُلِّ وَقْتٍ تَحِيَّةً كَثِيرَةً وَسَلاماً ، سَلامُ اللّٰهِ عَلَيْكَ وَرَحْمَةُ اللّٰهِ وَبَرَكاتُهُ يَا ابْنَ سَيِّدِ الْعالَمِينَ وَعَلَى الْمُسْتَشْهَدِينَ مَعَكَ سَلاماً مُتَّصِلاً مَا اتَّصَلَ اللَّيْلُ وَالنَّهارُ؛ ",
            "8": " السَّلامُ عَلَى الْحُسَيْنِ بْنِ عَلِيٍّ الشَّهِيدِ، السَّلامُ عَلَىٰ عَلِيِّ بْنِ الْحُسَيْنِ الشَّهِيدِ، السَّلامُ عَلَى الْعَبَّاسِ بْنِ أَمِيرِالْمُؤْمِنِينَ الشَّهِيدِ، السَّلامُ عَلَى الشُّهَداءِ مِنْ وُلْدِ أَمِيرِالْمُؤْمِنِينَ، السَّلامُ عَلَى الشُّهَداءِ مِنْ وُلْدِ الْحَسَنِ، السَّلامُ عَلَى الشُّهَداءِ مِنْ وُلْدِ الْحُسَيْنِ، السَّلامُ عَلَى الشُّهَداءِ مِنْ وُلْدِ جَعْفَرٍ وَعَقِيلٍ ، السَّلامُ عَلَىٰ كُلِّ مُسْتَشْهَدٍ مَعَهُمْ مِنَ الْمُؤْمِنِينَ؛ اللّٰهُمَّ صَلِّ عَلَىٰ مُحَمَّدٍ وَآلِ مُحَمَّدٍ وَبَلِّغْهُمْ عَنَّى تَحِيَّةً كَثِيرَةً وَسَلاماً . ",
            "9": " السَّلامُ عَلَيْكَ يَا رَسُولَ اللّٰهِ أَحْسَنَ اللّٰهُ لَكَ الْعَزاءَ فَى وَلَدِكَ الْحُسَيْنِ، السَّلامُ عَلَيْكِ يَافاطِمَةُ أَحْسَنَ اللّٰهُ لَكِ الْعَزاءَ فَى وَلَدِكِ الْحُسَيْنِ، السَّلامُ عَلَيْكَ يَا أَمِيرَالْمُؤْمِنِينَ أَحْسَنَ اللّٰهُ لَكَ الْعَزاءَ فِى وَلَدِكَ الْحُسَيْنِ، السَّلامُ عَلَيْكَ يَا أَبا مُحَمَّدٍ الْحَسَنَ أَحْسَنَ‌اللّٰهُ لَكَ الْعَزاءَ فَى أَخِيكَ الْحُسَيْنِ، يَا مَوْلاىَ يَا أَبا عَبْدِ اللّٰهِ ، أَنَا ضَيْفُ اللّٰهِ وَضَيْفُكَ وَجارُ اللّٰهِ وَجارُكَ ، وَ لِكُلِّ ضَيْفٍ وَجارٍ قِرىً وَقِراىَ فِى هٰذَا الْوَقْتِ أَنْ تَسْأَلَ اللّٰهَ سُبْحانَهُ وَتَعَالىٰ أَنْ يَرْزُقَنِى فَكَاكَ رَقَبَتِى مِنَ النَّارِ إِنَّهُ سَمِيعُ الدُّعاءِ قَرِيبٌ مُجِيبٌ. "
        },
        "farsi": {
            "1": "خدا مزدهای ما را به خاطر سوگواری‌مان برای حسین (درود بر او باد) بزرگ گرداند و قرار دهد ما و شما را از خونخواهانش به همراه ولی‌اش امام مهدی از خاندان محمّد (درود بر ایشان باد). ",
            "2": "خداوندا بر قاتلان حسین (درود بر او باد) لعنت فرست.",
            "3": " به نام خدا که رحمتش بسیار و مهربانی‌اش همیشگی است، منزّه است خدا به پُری ترازو و نهایت دانش و سر حدّ خشنودی و وزن عرش... بعد از دو سه سطر دارد: «ده مرتبه» صلوات بفرستد و بگوید:  ای پذیرنده توبه آدم در روز عاشورا، ای بالا برنده ادریس به آسمان در روز عاشورا، ای آرام‌دهنده کشتی نوح بر جودی در روز عاشورا، ای فریادرس ابراهیم از آتش در روز عاشورا.",
            "4": " سلام بر تو ای وارث آدم برگزیده خدا، سلام بر تو ای وارث نوح پیامبر خدا، سلام بر تو ای وارث ابراهیم دوست خدا، سلام بر تو ای وارث موسی هم‌سخن خدا، سلام بر تو ای وارث عیسی روح خدا، سلام بر تو ای وارث محمّد محبوب خدا، سلام بر تو ای وارث علی امیرمؤمنان ولی خدا، ",
            "5": " سلام بر تو ای وارث حسن شهید نواده رسول خدا، سلام بر تو ای فرزند رسول خدا، سلام بر تو ای فرزند بشارت‌دهنده و بیم‌دهنده و فرزند آقای جانشینان، سلام بر تو ای فرزند فاطمه بانوی بانوان جهانیان، سلام بر تو ای اباعبدالله، سلام بر تو ای برگزیده خدا و فرزند برگزیده خدا، سلام بر تو ای خون خدا و فرزند خون خدا، سلام بر تو ای تنهایی که انتقام خونت گرفته نشد؛",
            "6": "سلام بر تو ای امام راهنما و پاک و بر ارواحی که به آستانت فرود آمدند و در جوارت اقامت گزیدند و همراه زائرانت وارد شدند، از من بر تو سلام تا زنده‌ام و تا شب‌وروز برپاست، همانا عزای تو بزرگ شد و سوگواری در میان مؤمنان و مسلمانان و در همگی اهل آسمان‌ها و ساکنان زمین عظیم گشت، همه ما از خداییم و به سوی او باز می‌گردیم، درودها و برکات و تحیات خدا بر تو و بر پدران پاک و پاکیزه و نجیبت و بر فرزندان راهنمای ره‌یافته آنان. سلام بر تو ای مولایم و بر ایشان و بر روح تو و روح آنان و بر خاکت و بر خاکشان؛ خدایا رحمت و خشنودی روح و ریحان بر آنان بیفکن،",
            "7": " سلام بر تو ای مولایم ای اباعبدالله، ای فرزند خاتم انبیاء و ای فرزند آقای جانشینان و ای فرزند بانوی بانوان جهانیان، سلام بر تو ای شهید، ای فرزند شهید، ای برادر شهید، ای پدر شهیدان، خدایا از جانب من به حضرت او برسان، در این ساعت و در این روز و در این وقت و در همه وقت، تحیت بسیار و سلام، سلام و رحمت و برکات خدا بر تو، ای فرزند آقای جهانیان و بر شهید شدگان با تو، سلامی پیوسته، به پیوستگی شب و روز؛",
            "8": "سلام بر حسین فرزند علی شهید، سلام بر علی فرزند حسین شهید، سلام بر عبّاس فرزند امیرمؤمنان شهید، سلام بر شهیدان از فرزندان امیرمؤمنان، سلام بر شهیدان از فرزندان حسن، سلام بر شهیدان از فرزندان حسین، سلام بر شهیدان از فرزندان جعفر و عقیل، سلام بر همه شهیدان همراه آنان از مؤمنان؛ خدایا بر محمّد و خاندان محمّد درود فرست و از جانب من تحیت بسیار و سلام فراوان به ایشان برسان،",
            "9": " سلام بر تو ای رسول خدا، خدا شکیبایی‌ات را در مصیبت فرزندت حسین نیکو گرداند، سلام بر تو ای فاطمه، خدا شکیبایی‌ات را در مصیبت فرزندت حسین نیکو گرداند، سلام بر تو ای امیرمؤمنان، خدا شکیبایی‌ات را در مصیبت فرزندت حسین نیکو گرداند، سلام بر تو ای ابا محمّد ای حسن مجتبی، خدا شکیبایی‌ات را در مصیبت برادرت حسین نیکو گرداند، ای مولای من ای اباعبدالله من مهمان خدا و مهمان تو و پناهنده به خدا و پناهنده به توأم، برای هر مهمان و پناهنده‌ای پذیرایی هست، پذیرایی من در این وقت این است که از خدای منزّه برتر بخواهی که آزادی از آتش دوزخ را نصیبم کند، همانا او شنوای دعا و نزدیک و اجابت‌کننده است."
        },
        "tozih": {
            "1": "روز شهادت سیدالشهداء و روز مصیبت و حزن ائمه طاهرین و شیعیان ایشان است و در این روز سزاوار است شیعیان مشغول کاری از کارهای دنیا نگردند و برای خانه خود چیزی ذخیره نکنند و مشغول گریه و نوحه و مصیبت باشند و عزاداری حضرت امام حسین(علیه‌السلام) را بر پا کنند و اشتغال به ماتم داشته باشند به صورتی که در ماتم عزیزترین اولاد و اقوام خود اشتغال می‌ورزند و آن حضرت را به «زیارت عاشورا» که پس از این در باب زیارات بیاید، زیارت کنند و در نفرین و لعن بر قاتلان آن حضرت سعی نمایند و یکدیگر را در مصیبت آن وجود مقدّس به این جملات تعزیت گویند:",
            "2": "سزاوار است در این روز مقتل [کتاب‌هایی که پیرامون واقعه کربلا نگاشته شده است] بخوانند و یکدیگر را بگریانند؛ روایت شده: که چون حضرت موسی به ملاقات خضر و فرا گرفتن بعضی از حقایق از آن جناب مأمور شد، اول چیزی که در هنگام ملاقات بین ایشان مذاکره شد، این بود که خضر برای حضرت موسی مصائب و بلاهایی را که بر آل محمّد(صلی‌الله‌علیه‌وآله) وارد می‌شود ذکر نمود و هر دو گریستند و گریستن ایشان شدّت گرفت.\n\nاز ابن عباس روایت شده است: در ذی‌قار خدمت حضرت امیرالمؤمنین(علیه‌السلام) رسیدم، صحیفه‌ای به خط خود و املاء پیامبر(صلی‌الله‌علیه‌وآله) بیرون آورد و از آن صحیفه برای من خواند، در آن صحیفه مقتل امام حسین(علیه‌السلام) بود و اینکه چگونه شهید می‌شود و چه کسی او را به شهادت می‌رساند و چه کسی او را یاری می‌کند و چه کسی با او شهید می‌شود، پس آن حضرت گریه کرد گریه‌ای سخت و مرا به گریه انداخت.\n\nفقیر گوید: اگر مقام را گنجایش بود، مختصر مقتلی در اینجا ذکر می‌کردم، امّا محل را گنجایش آن نیست؛ هرکه بخواهد به کتاب‌های ما درزمینهٔ مقتل رجوع کند.\n\nدر هر صورت اگر کسی در این روز نزد قبر مطهّر آن حضرت باشد و مردم را آب دهد، مانند کسی است که لشگر آن جناب را آب داده باشد و با آن حضرت در کربلا حاضر بوده و خواندن «هزار مرتبه» سوره «توحید» در این روز فضیلت بسیار دارد و روایت شده: که خدای رحمان به‌سوی او نظر رحمت کند و سید برای این روز دعایی نقل کرده شبیه به «دعای عشرات»، بلکه موافق بعضی روایات، ظاهراً خود آن دعا باشد.\n\nشیخ طوسی از عبدالله بن سنان از امام صادق(علیه‌السلام) چهار رکعت نماز و دعایی نقل کرده است که باید در این روز در وقت چاشت بجا آورد، ما به خاطر اختصار ذکر نکردیم؛ هرکه طالب است به «زاد المعاد» رجوع کند؛\n\nو نیز شایسته است که شیعیان در این روز بی‌آنکه قصد روزه کنند، از خوردن و آشامیدن امساک نمایند؛ و در آخر روز، پس از عصر افطار کنند به غذایی که اهل مصیبت می‌خورند، مانند ماست یا شیر و امثال آن‌ها، نه مثل غذاهای لذیذ و جامه‌های پاکیزه بپوشند و به هیئت صاحبان مصیبت دگمه‌ها را بگشایند و آستین‌ها را بالا بزنند؛\n\nو علامه مجلسی در «زاد المعاد» فرموده: بهتر آن است که روز نهم و دهم را روزه نگیرد، زیرا بنی‌امیه این دو روز را برای برکت و شماتت بر قتل آن حضرت روزه می‌داشتند و به دروغ، احادیث بسیار در فضیلت این دو روز و روزه آن‌ها را به حضرت رسول(صلی‌الله‌علیه‌وآله) نسبت داده‌اند و از طریق اهل‌بیت احادیث بسیاری در مذمّت روزه این دو روز به ویژه روز عاشورا وارد شده و نیز بنی‌امیه(علیهم اللعنه) برای برکت، آذوقه سال را در روز عاشورا ذخیره می‌نمودند!\n\nبه این خاطر از حضرت رضا(علیه‌السلام) روایت شده: هرکه کوشیدن در حوائج خود را در روز عاشورا ترک کند و به دنبال کاری نرود، حق‌تعالی حوائج دنیا و آخرت او را برآورد و هرکه روز عاشورا، روز مصیبت و اندوه و گریه او باشد، حق‌تعالی روز قیامت را روز شادی و سرور و خوشحالی او گرداند و دیده‌اش در بهشت به ما روشن شود؛ هرکه روز عاشورا را روز برکت نامد و در آن روز برای منزل خود چیزی ذخیره نماید خدا آن ذخیره را برای او مبارک نکند و روز قیامت با یزید و عبیدالله بن زیاد و عمر بن سعد(علیهم اللعنه) محشور گردد.\n\nبنابراین انسان باید در روز عاشورا مشغول کاری از کارهای دنیا نگردد، بلکه در گریه و نوحه و مصیبت باشد و اهل خانه خود را دستور دهد که عزای آن حضرت را بپا دارند و مشغول ماتم و سوگواری باشند، چنان‌که در سوگ عزیزترین اولاد و اقوام خود مشغول می‌شوند و در آن روز بی‌آنکه قصد روزه کنند، از خوردن و آشامیدن امساک ورزند و در آخر روز پس از عصر افطار کنند گرچه به جرعه آبی باشد و روزه کامل نگیرند، مگر آنکه در خصوص آن روز روزه واجب داشته باشد که به نذر یا مثل آن بر او واجب شده باشد و در آن روز در خانه خود آذوقه ذخیره نکند و لب به خنده نگشاید و به لهو و لعب نپردازد و «هزار مرتبه» قاتلان آن حضرت را لعنت کند و بگوید: ",
            "3": "مؤلف گوید: از کلام این بزرگوار معلوم می‌شود که احادیثی که در فضیلت روز عاشوراست همه جعلی است و به دروغ به حضرت رسول(صلی‌الله‌علیه‌وآله) نسبت داده‌اند.\n\nصاحب کتاب «شفاء الصدور» در شرح این قسمت از زیارت عاشورا: «اللّٰهُمَّ إِنَّ هٰذَا یَوْمٌ تَبَرَّکَتْ بِهِ بَنُو أُمَیَّةَ» سخن را در این مقام بسط داده؛ خلاصه‌اش آنکه، تبرّک بنی‌امیه به این روز نامیمون بر چند وجه است:\n\nاوّل: ذخیره کردن غذا و آذوقه را در این روز مستحب شمردند و آن آذوقه را تا سال دیگر مایه سعادت و وسعت رزق و رفاه زندگی دانستند، چنان‌که در اخبار اهل‌بیت، از باب تعریض به ایشان، از این مطلب نهی مکرّر وارد شده.\n\nدوم: اقامه مراسم عید است، از توسعه رزق بر عیال و نو کردن لباس و کوتاه کردن شارب و گرفتن ناخن و مصافحه و رسوم دیگر عید که راه و روش بنی‌امیه و پیروان ایشان بر آن‌ جاری است.\n\nسوم: التزام به روزه این روز که اخبار بسیاری در فضیلت آن جعل کرده‌اند.\n\nچهارم: دعا و طلب حوائج در این روز را به عنوان روزی مبارک مستحب دانسته‌اند و برای این کار در این روز، با جعل و وضع و افترا، مناقب و فضائلی ساخته‌اند و دعاهایی چند تلفیق کرده، تعلیم عاصیان نمودند تا امر ملتبس و کار مشتبه شود؛ چنان‌که در خطبه‌ای که در این روز در شهرهای خود می‌خوانند، برای هر پیامبر وسیله و شرفی در این روز یاد می‌کنند مانند خاموش شدن آتش نمرود، استقرار سفینه نوح، غرق شدن لشگریان فرعون و نجات یافتن عیسی از دار یهودیان؛ چنان‌که جبله مکیه نقل کرده است: که از میثم تمّار شنیدم که فرمود:\n\nو الله این امّت پسر پیامبر خود را در محرّم در روز دهم به قتل می‌رسانند و هرآینه دشمنان حق این روز را روز برکت قرار می‌دهند و همانا این کار شدنی است و در علم خدای تعالی گذشته و من آن را می‌دانم به عهدی که از مولایم امیر‌المؤمنین(علیه‌السلام) به من رسیده.\n\nجبّله می‌گوید: گفتم: چگونه مردم روز شهادت حسین(علیه‌السلام) را روز برکت قرار می‌دهند؟ میثم گریست و فرمود: حدیثی جعل می‌کنند که روز عاشورا روزی است که خدای تعالی توبه آدم را در آن قبول کرد، با اینکه خداوند توبه آدم را در ذوالحجه پذیرفت و گمان می‌کنند که عاشورا روزی است که خدا یونس را از شکم ماهی بیرون آورد، درحالی‌که خدا در ذوالقعده یونس را از شکم ماهی بیرون آورد و گمان می‌کنند این روز، روزی است که کشتی نوح بر کوه جودی قرار گرفت، با اینکه این واقعه در روز هیجدهم ذوالحجّه رُخ داده و گمان می‌کنند روزی است که خداوند دریا را برای موسی شکافت، درحالی‌که این حادثه در ربیع‌الاول بوده است.\n\nدر هر صورت با این همه تصریح و تأکید که در خبر میثم آمده است و در حقیقت از نشانه‌های نبوّت و امامت و دلیل بر حقّانیت طریقه شیعه است که این‌گونه اخبار یقینی را در اختیار گذاشته و مضمون آن مطابق با واقع محسوس است.\n\nاز عجایب است که دعایی بر طبق این اکاذیب، تلفیق شده و در کتاب‌های بعضی از بی‌خبران که غافل بوده‌اند، ذکرش به میان آمده و به دست عوام داده شده و البته خواندن آن دعا بدعت و حرام است و آن دعا این است: ",
            "4": "شک نیست که این دعا را یکی از ناصبی‌های مدینه، یا خوارج مسقط یا امثال این‌ها جعل کرده و با این جعل کردن ظلم بنی‌امیه را به کمال رسانده...(پایان خلاصه کلام صاحب کتاب «شفاء الصدور»)\n\nدر هر صورت در پایان روز عاشورا سزاوار است یاد کردن حال اهل حضرت سیدالشهدا و دختران و اطفال آن حضرت که در این وقت، در سرزمین کربلا اسیر دشمنان گشته و به حزن و گریه مشغول بودند و مصائبی بر ایشان گذشت که در خاطر هیچ آفریده‌ای خطور نکند و قلم را تاب نوشتن آن نباشد و چه نیکو سروده هر که سروده:\nفاجِعَةٌ اِنْ اَرَدْتُ اَكْتُبُها\nمُجْمَلَةً ذِكْرَةً لِمُدِّكِرٍ\nفاجعه اى است اگر بخواهم آن را بنویسم\nبه صورت اجمال براى یادآورى یادآوران\nجَرَتْ دُمُوعى فَحالَ حائِلُها\nما بَيْنَ لَحْظِ الْجُفُونِ وَالزُّبُرِ\nاشکم روان شود، پس پرده گردد\nمیان نگاه چشم‌ها و صفحات کتاب\nوَقالَ قَلْبى بُقْيا عَلَىَّ فَلا\nوَاللّهِ ما قَدْ طُبِعْتُ مِنْ حَجَرٍ\nدلم گوید بر من رحمى که\nسوگند به خدا من از سنگ سرشته نشدم\nبَكَتْ لَهَا الاْرْضُ وَ السَّماَّءُ\nبَيْنَهُما فى مَدامِعٍ حُمُرٍ\nبر آن مصیبت زمین و آسمان گریست\nو هرچه ما بین آن دو می‌باشد، گریه‌اى خونبار\n\nمن از تحریر این غم ناتوانم\nکه تصویرش زده آتش بجانم\nترا طاقت نباشد از شنیدن\nشنیدن کى بود مانند دیدن\n\nپس‌ برخیز و به رسول خدا و علی مرتضی و فاطمه زهرا و امام مجتبی و سایر امامان از ذُریه سیدالشهدا(سلام الله علیهم) سلام کن و ایشان را بر این مصائب جانکاه با دل سوخته و چشم گریان تعزیت بگو و این زیارت را بخوان:",
            "5": "",
            "6": "",
            "7": "",
            "8": "",
            "9": ""
        }
    }
}