{
    "259": {
        "number": 259,
        "bab": 2,
        "title": "روز بیست‌ و پنجم ماه محرم",
        "arabic": {
            "1": ""
        },
        "farsi": {
            "1": ""
        },
        "tozih": {
            "1": "به گفته جمعى از علما در سال نود و چهار، یا روز دوازدهم سال نود و پنج که آن سال را «سنة الفقها» [سال فقهان] می‌گفتند، حضرت زین العابدین(علیه‌السّلام) از دنیا رحلت کرد."
        }
    }
}