{
    "26": {
        "number": 26,
        "bab": 2,
        "title": "روز دوم و سوم و دهم ماه رجب",
        "arabic": {
            "1": ""
        },
        "farsi": {
            "1": ""
        },
        "tozih": {
            "1": "در روز دوم این ماه در سال 212 به قولی ولادت با سعادت امام هادی(علیه‌السلام) و در روز سوم این ماه شهادت آن حضرت در سال دویست و پنجاه‌وچهار، در شهر سُرَّمن رأی [سامرّاء] اتّفاق افتاده است و به قول ابن عیاش در روز دهم این ماه، ولادت حضرت جوادالائمه(علیه‌السلام) واقع شده است."
        }
    }
}