{
    "261": {
        "number": 261,
        "bab": 2,
        "title": "نحسی ماه صفر و راه رفع آن",
        "arabic": {
            "1": "يَا شَدِيدَ الْقُوىٰ وَ يَا شَدِيدَ الْمِحالِ ، يَا عَزِيزُ يَا عَزِيزُ يَا عَزِيزُ ، ذَلَّتْ بِعَظَمَتِكَ جَمِيعُ خَلْقِكَ فَاكْفِنِى شَرَّ خَلْقِكَ ، يَا مُحْسِنُ يَا مُجْمِلُ يَا مُنْعِمُ يَا مُفْضِلُ ، يَا لَاإِلٰهَ إِلّا أَنْتَ سُبْحانَكَ إِنِّى كُنْتُ مِنَ الظَّالِمِينَ فَاسْتَجَبْنا لَهُ وَنَجَّيْناهُ مِنَ الْغَمِّ وَكَذٰلِكَ نُنْجِى الْمُؤْمِنِينَ ، وَصَلَّى اللّٰهُ عَلىٰ مُحَمَّدٍ وَآلِهِ الطَّيِّبِينَ الطَّاهِرِينَ.",
            "2": ""
        },
        "farsi": {
            "1": "  ای سخت نیرو و سخت کیفر، ای عزیز، ای عزیز، ای عزیز، همه آفریدگانت در برابر عظمتت خوار گشته، مرا از شر آفریدگانت کفایت کن، ای نیکوکار، ای زیباکار، ای نعمت‌بخش، ای افزون‌کن، ای که معبودی جز تو نیست، منزّهی تو، من از ستمکارانم، پس دعایش را مستجاب کردیم و او را [اشاره به رهایی حضرت یونس از دل ماهی] از اندوه نجات دادیم و این‌چنین مؤمنان را نجات می‌دهیم، درود خدا بر محمّد و خاندان پاک و پاکیزه‌اش. ",
            "2": ""
        },
        "tozih": {
            "1": "آگاه باش که این ماه معروف به نُحوست و بدیمنی است و برای رفع نُحوست و بدیمنی چیزی بهتر از صدقه دادن و خواندن دعاها و استعاذات وارده نیست و اگر کسی بخواهد از بلاهای نازله این ماه، محفوظ بماند، چنان‌که محدّث فیض و غیر او فرموده‌اند؛ هر روز «ده مرتبه» بخواند:",
            "2": " سید ابن طاووس برای هلال این ماه دعایی روایت کرده."
        }
    }
}