{
    "263": {
        "number": 263,
        "bab": 2,
        "title": "اعمال روز سوم ماه صفر",
        "arabic": {
            "1": ""
        },
        "farsi": {
            "1": ""
        },
        "tozih": {
            "1": " سید ابن طاووس از کتاب‌های اصحاب ما امامیه نقل کرده است: که در این روز خواندن دو رکعت نماز مستحب است که در رکعت اول سوره‌های «حَمد» و «اِنّا فَتَحنا» و در رکعت دوم سوره‌های «حَمد» و «توحید» خوانده و پس از سلام «صد مرتبه» صلوات و «صد مرتبه» «اللّٰهُمَّ الْعَنْ آلَ أَبِی سُفْیانَ» و «صد مرتبه» استغفار بگوید، آنگاه حاجت خود را بخواهد."
        }
    }
}