{
    "264": {
        "number": 264,
        "bab": 2,
        "title": "روز هفتم ماه صفر",
        "arabic": {
            "1": ""
        },
        "farsi": {
            "1": ""
        },
        "tozih": {
            "1": "به قول شهید و کفعمی و دیگران و از طرفی به قول شیخ کلینی و شیخ طوسی در روز بیست‌وهشتم در سال پنجاهم شهادت حضرت مجتبی(علیه‌السلام) واقع شد. [و در این روز در سال 128 ولادت حضرت موسی‌بن‌جعفر(علیه‌السلام) در «ابوا» (منزلی بین مکه و مدینه) اتفاق افتاد. (از مؤلف)] "
        }
    }
}