{
    "267": {
        "number": 267,
        "bab": 2,
        "title": "روز آخر ماه صفر",
        "arabic": {
            "1": ""
        },
        "farsi": {
            "1": ""
        },
        "tozih": {
            "1": " سال دویست‌وسه و به قول شیخ طبرسی و ابن اثیر، شهادت حضرت رضا(علیه‌السلام) به سبب انگور زهرآلود واقع شد. در آن وقت سن مبارکش پنجاه و پنج سال بود و قبر شریفش در خانه حمید بن قحطبه در قریه سناباد در سرزمین طوس قرار گرفت که قبر هارون‌الرشید هم در آن خانه است."
        }
    }
}