{
    "269": {
        "number": 269,
        "bab": 2,
        "title": "شب اول ماه ربیع‌ الاول",
        "arabic": {
            "1": ""
        },
        "farsi": {
            "1": ""
        },
        "tozih": {
            "1": "سال سیزدهم بعثت، مبدأ هجرت رسول خدا(صلی‌الله‌علیه‌وآله) از مکه معظّمه به مدینه منوّره بود و در آن شب ایشان در غار ثور پنهان شدند و حضرت امیرالمؤمنین(علیه‌السلام) برای فدا کردن جان خود به جای آن حضرت خوابید و از شمشیرهای قبایل مشرکین پروا نکرد و فضل خود و مواسات و برادری خویش را با رسول خدا(صلی‌الله‌علیه‌وآله) به تمام جهانیان آشکار ساخت و آیه کریمه: «وَ مِنَ النّٰاسِ مَنْ یَشْرِی نَفْسَهُ ابْتِغٰاءَ مَرْضٰاتِ اللّٰهِ؛ و از مردم کسی [چون علی بن ابی طالب (علیه‌السلام)] است که جانش را برای به دست آوردن خشنودی خدا می فروشد.» در شأن ایشان نازل شد."
        }
    }
}