{
    "27": {
        "number": 27,
        "bab": 2,
        "title": "ایام البیض (سیزدهم، چهاردهم و پانزدهم) ماه رجب",
        "arabic": {
            "1": ""
        },
        "farsi": {
            "1": ""
        },
        "tozih": {
            "1": "آگاه باش که در هر یک از ماه‌های رجب و شعبان و رمضان، در شب سیزدهم مستحب است دو رکعت نماز بگذارند به این صورت که: در هر رکعت پس از سوره «حمد» سوره‌های «یس» و «تَبارَکَ الْمُلک» و «توحید» را بخوانند؛ شب چهاردهم و پانزدهم: چهار رکعت با همین کیفیت[شب سیزدهم] و با دو سلام و در شب پانزدهم شش رکعت با سه سلام و به همین صورت.\n\nاز امام صادق(علیه‌السلام) روایت شده: هرکه چنین کند تمام فضیلت این سه ماه را دریابد و همه گناهانش جز شرک آمرزیده شود.\n\nروز سیزدهم اوّل «ایام البیض» است و برای روزه این روز و روز چهاردهم و پانزدهم، ثواب بسیاری وارد شده؛ و اگر کسی بخواهد «عمل اُمّ داود» را بجا آورد، باید این روز را روزه بدارد؛\nو در روز سیزدهم این ماه بنا بر مشهور، سی سال پس از عام‌الفیل ولادت باسعادت حضرت امیرالمؤمنین (علیه‌ السلام) در کعبه معظّمه واقع شده است. "
        }
    }
}