{
    "270": {
        "number": 270,
        "bab": 2,
        "title": "اعمال روز اول ماه ربیع‌ الاول",
        "arabic": {
            "1": ""
        },
        "farsi": {
            "1": ""
        },
        "tozih": {
            "1": "علما فرموده‌اند: برای شکر نعمت سلامتی رسول خدا و امیرالمؤمنین(صلوات الله علیهما)، مستحب است روزه بدارند و زیارت آن دو بزرگوار در این روز بسیار مناسب است؛ سید در کتاب «اقبال» برای این روز دعایی روایت فرموده [است].\n\nدر این روز به قول شیخ کفعمی حضرت عسکری(علیه‌السلام) وفات یافت، ولی قول مشهور روز هشتم است و شاید ابتدای بیماری آن حضرت در چنین روزی بوده است. "
        }
    }
}