{
    "271": {
        "number": 271,
        "bab": 2,
        "title": "اعمال روز هشتم ماه ربیع الاول",
        "arabic": {
            "1": ""
        },
        "farsi": {
            "1": ""
        },
        "tozih": {
            "1": "سال دویست‌وشصت شهادت حضرت عسکری(علیه‌السلام) واقع شد و حضرت صاحب‌الامر(صلوات‌الله‌علیه) به منصب جلیل امامت نائل گردید، زیارت این دو بزرگوار در این روز بسیار مناسب است. "
        }
    }
}