{
    "272": {
        "number": 272,
        "bab": 2,
        "title": "روز نهم ماه ربیع‌ الاول",
        "arabic": {
            "1": ""
        },
        "farsi": {
            "1": ""
        },
        "tozih": {
            "1": "روز عید بزرگ است و روز عید بقر است و برای آن شرح مفصلی است که در جای خود ذکر شده.\n\nدر روایتی آمده: هرکه در این روز چیزی انفاق کند، گناهانش آمرزیده می‌شود؛ و گفته‌اند: در این روز مستحب است: اطعام نمودن برادران مؤمن و خشنود گرداندن ایشان و توسعه دادن در نفقه بر اهل و عیال و پوشیدن جامه‌های نو و شکر و عبادت حق‌تعالی.\n\nاین روز، روز برطرف شدن غم‌ها و روز بسیار شریفی است و چون روز هشتم ماه شهادت امام عسکری(علیه‌السلام) بوده و این روز، روز اول امامت حضرت صاحب‌الزمان(ارواح العالمین فداه) است، سبب مزید شرافتش خواهد بود."
        }
    }
}