{
    "273": {
        "number": 273,
        "bab": 2,
        "title": "اعمال روز دوازدهم ماه ربیع‌ الاول",
        "arabic": {
            "1": ""
        },
        "farsi": {
            "1": ""
        },
        "tozih": {
            "1": "به قول جناب کلینی و مسعودی و مشهور بین عامّه، ولادت رسول خدا(صلی‌الله‌علیه‌وآله) در این روز بوده است و در آن دو رکعت نماز مستحب که در رکعت اول پس از سوره «حَمد»» «سه مرتبه» سوره «قُلْ یٰا أَیُّهَا الْکٰافِرُونَ» و در رکعت دوم «سه مرتبه» سوره «توحید» خوانده می‌شود.\n\nو در این روز رسول خدا(صلی‌الله‌علیه‌وآله) به مدینه وارد شدند و شیخ فرموده: در چنین روزی در سال صدوسی‌ودو حکومت بنی مروان به پایان رسید."
        }
    }
}