{
    "274": {
        "number": 274,
        "bab": 2,
        "title": "روز چهاردهم ماه ربیع‌ الاول",
        "arabic": {
            "1": ""
        },
        "farsi": {
            "1": ""
        },
        "tozih": {
            "1": " در سال شصت‌وچهار یزید بن معاویه به‌سوی درکات دوزخ شتافت؛ \r\nدر کتاب «اَخبارُ الدُّوَلِ» آمده است که یزید به بیماری «ذاتُ الجَنبِ» در منطقه حوران از دنیا رفت، جنازه پلیدش را به دمشق آوردند و در باب صغیر به خاک سپردند و محل قبرش هم‌اکنون محل انباشتن زباله است، سن او در زمان مرگ سی‌وهفت سال بود و سه سال‌ و نه ماه حکومت کرد؛ انتهی."
        }
    }
}