{
    "275": {
        "number": 275,
        "bab": 2,
        "title": " شب هفدهم ماه ربیع‌ الاول",
        "arabic": {
            "1": ""
        },
        "farsi": {
            "1": ""
        },
        "tozih": {
            "1": "شب ولادت حضرت خاتم انبیا و شب بسیار مبارکی است و سید نقل کرده که در چنین شبی یک سال پیش از هجرت، معراج آن حضرت واقع شد."
        }
    }
}