{
    "280": {
        "number": 280,
        "bab": 2,
        "title": "اعمال ماه ربیع الثانی",
        "arabic": {
            "1": ""
        },
        "farsi": {
            "1": ""
        },
        "tozih": {
            "1": " سید بن طاووس برای روز اوّل هر یک از این سه ماه [ربیع‌الثانی و جمادی‌الاول و جمادی‌الآخر]، دعایی نقل کرده [است].\n\nشیخ مفید فرموده: روز دهم ماه ربیع‌الثانی سال دویست‌وسی‌ودو حضرت عسکری(علیه‌السلام) متولّد شدند که روز شریف بسیار مبارکی است و مستحب است به شکرانه این نعمت بزرگ روزه بدارند."
        }
    }
}