{
    "281": {
        "number": 281,
        "bab": 2,
        "title": "اعمال ماه جمادی ‌الاول",
        "arabic": {
            "1": ""
        },
        "farsi": {
            "1": ""
        },
        "tozih": {
            "1": "در روز سیزدهم و چهاردهم و پانزدهم ماه جمادی‌الاوّل زیارت حضرت فاطمه زهرا(علیهاالسلام) و بپا داشتن سوگ آن مظلومه مناسب است، زیرا در روایت صحیح وارد شده است: که آن حضرت پس از پدر بزرگوارش بیش از هفتادوپنج روز زنده نبود و بنا بر مشهور که وفات رسول خدا(صلی‌الله‌علیه‌وآله) در بیست‌وهشتم صفر بوده باید وفات آن بانوی بزرگوار در یکی از این سه روز واقع شده باشد.\n\nدر روز نیمه این ماه در سال سی‌وشش فتح بصره برای امیرالمؤمنین(علیه‌السلام) میسّر گشت و ولادت حضرت زین‌العابدین(علیه‌السلام) واقع شد و در این روز زیارت این هر دو امام مناسب است."
        }
    }
}