{
    "283": {
        "number": 283,
        "bab": 2,
        "title": "اعمال روز سوم جمادی ‌الآخر، روز وفات حضرت فاطمه زهرا(س)",
        "arabic": {
            "1": " السَّلامُ عَلَيْكِ يَا سَيِّدَةَ نِسَاءِ الْعَالَمِينَ، السَّلامُ عَلَيْكِ يَا وَالِدَةَ الْحُجَجِ عَلَى النَّاسِ أَجْمَعِينَ، السَّلامُ عَلَيْكِ أَيَّتُهَا الْمَظْلُومَةُ الْمَمْنُوعَةُ حَقَّهَا ",
            "2": " اللَّهُمَّ صَلِّ عَلَى أَمَتِكَ وَ ابْنَةِ نَبِيِّكَ، وَ زَوْجَةِ وَصِيِّ نَبِيِّكَ، صَلاةً تُزْلِفُهَا فَوْقَ زُلْفَى عِبَادِكَ الْمُكَرَّمِينَ مِنْ أَهْلِ السَّمَاوَاتِ وَ أَهْلِ الْأَرَضِينَ. ",
            "3": "",
            "4": ""
        },
        "farsi": {
            "1": " سلام بر تو ای بانوی بانوان جهانیان، سلام بر تو ای مادر حجت‌های الهی بر همه مردم، سلام بر تو ای ستمدیده محروم گشته از حق خویش",
            "2": " خدایا درود فرست بر کنیزت و دختر پیامبرت و همسر جانشین پیامبرت، درودی که بر فراز جایگاه بندگان گرامی‌ات از اهل آسمان‌ها و زمین‌ها جایش دهد. "
        },
        "tozih": {
            "1": " در این روز در سال یازدهم وفات حضرت فاطمه(صلوات‌الله‌علیها) واقع شده و شیعیان باید در این روز، به مراسم سوگواری آن حضرت قیام کنند و آن مظلومه را زیارت و بر ظالمان و غاصبان حق او نفرین کنند.\n\nسید ابن طاووس در کتاب «اقبال» پس از ذکر وفات آن حضرت در این روز، این زیارت را برای آن بانوی بزرگ ذکر کرده:",
            "3": "پس بگو:",
            "4": "به تحقیق روایت شده: هرکه آن حضرت را به این شیوه زیارت کند و از خدا آمرزش بخواهد، حق‌تعالی گناهانش را بیامرزد و او را داخل بهشت کند.\n\nمؤلّف گوید: فرزند سید ابن طاووس هم این زیارت را در کتاب «روائد الفوائد» نقل کرده و گفته است که مختص به روز وفات آن حضرت یعنی سوم جمادی‌الآخر می‌باشد و کیفیت زیارت را به این طریق بیان فرموده:\n\nبجا می‌آوری نماز زیارت یا نماز خود آن حضرت را که دو رکعت است و در هر رکعت پس از سوره «حمد» «شصت مرتبه» سوره «توحید» و اگر نتوانستی در رکعت اول پس از سوره «حمد» سوره «توحید» و در رکعت دوم سوره «کافرون» را می‌خوانی و چون سلام دادی بگو: «السَّلامُ عَلَیْکِ..» تا آخر زیارت یاد شده. "
        }
    }
}