{
    "286": {
        "number": 286,
        "bab": 2,
        "title": "اعمال هر ماه نو و نماز اول ماه",
        "arabic": {
            "1": " بِسْمِ اللَّهِ الرَّحْمَنِ الرَّحِيمِ، ﴿وَ مَا مِنْ دَابَّةٍ فِي الْأَرْضِ إِلّا عَلَى اللَّهِ رِزْقُهَا وَ يَعْلَمُ مُسْتَقَرَّهَا وَ مُسْتَوْدَعَهَا، كُلٌّ فِي كِتَابٍ مُبِينٍ.﴾ بِسْمِ اللَّهِ الرَّحْمَنِ الرَّحِيمِ، ﴿وَ إِنْ يَمْسَسْكَ اللَّهُ بِضُرٍّ فَلا كَاشِفَ لَهُ إِلّا هُوَ، وَ إِنْ يُرِدْكَ بِخَيْرٍ فَلا رَادَّ لِفَضْلِهِ، يُصِيبُ بِهِ مَنْ يَشَاءُ مِنْ عِبَادِهِ، وَ هُوَ الْغَفُورُ الرَّحِيمُ.﴾ بِسْمِ اللَّهِ الرَّحْمَنِ الرَّحِيمِ، ﴿سَيَجْعَلُ اللَّهُ بَعْدَ عُسْرٍ يُسْراً﴾ ، ﴿مَا شَاءَ اللَّهُ لا قُوَّةَ إِلّا بِاللَّهِ﴾ ، ﴿حَسْبُنَا اللَّهُ وَ نِعْمَ الْوَكِيلُ﴾ ، ﴿وَ أُفَوِّضُ أَمْرِي إِلَى اللَّهِ، إِنَّ اللَّهَ بَصِيرٌ بِالْعِبَادِ﴾ ، ﴿لا إِلَهَ إِلّا أَنْتَ، سُبْحَانَكَ إِنِّي كُنْتُ مِنَ الظَّالِمِينَ﴾ ، ﴿رَبِّ إِنِّي لِمَا أَنْزَلْتَ إِلَيَّ مِنْ خَيْرٍ فَقِيرٌ﴾ ، ﴿رَبِّ لا تَذَرْنِي فَرْداً، وَ أَنْتَ خَيْرُ الْوَارِثِينَ﴾. "
        },
        "farsi": {
            "1": " به نام خدا که رحمتش بسیار و مهربانی‌اش همیشگی است، «هیچ جنبنده‌ای در زمین نیست، مگر اینکه روزی او بر خدا است و قرارگاه و امانگاهش را خدا می‌داند، همه این‌ها در کتابی روشن است». به نام خدا که رحمتش بسیار و مهربانی‌اش همیشگی است، «اگر خدا به تو زیانی رساند، جز او کسی برطرف‌کننده آن نیست و اگر خیری را برای تو بخواهد، فضل او را بازگرداننده‌ای نیست، آن را به هرکس از بندگانش بخواهد می‌رساند و او آمرزنده و مهربان است». به نام خدا که رحمتش بسیار و مهربانی‌اش همیشگی است، «خدا به زودی پس از دشواری آسانی قرار می‌دهد»، «آنچه خدا خواست همان شود، نیرویی نیست مگر به خدا»، «خدا ما را بس است و نیکو کارگشایی است»، «کارم را به خدا وامی‌گذارم که خدا بینای به بندگان است»، «معبودی جز تو نیست، پاک و منزهی، من از ستمکاران بودم»، «پروردگارا من به آنچه از خیر برایم فرود آری نیازمندم»، «پروردگارا مرا تنها مگذار که تو بهترین وارثانی»."
        },
        "tozih": {
            "1": "اما اعمال هر ماه نو؛ چند عمل است:\n\nاوّل:\nخواندن دعاهای نقل‌شده در وقت دیدن هلال که بهترین آن‌ها دعای «چهل و سوّم صحیفه کامله» است که همراه با «اعمال اول ماه رمضان» ذکر شد.\n\nدوم:\nخواندن «هفت مرتبه» سوره «حمد» برای دفع درد چشم.\n\nسوم:\nاندکی پنیر خوردن، چه روایت شده: هرکه خود را به خوردن آن در اول هر ماه مقید کند، امید است در آن ماه حاجتش ردّ نشود.\n\nچهارم:\nدر شب اوّل دو رکعت نماز بجا آورد، در هر رکعت پس از سوره «حمد» سوره «اَنعام» را بخواند و از خداوند بخواهد او را از هر ترس و دردی ایمن گرداند و در آن ماه حادثه‌ای را نبیند که ناپسند او باشد.\n\nپنجم:\nدر روز اوّل دو رکعت نماز بجا آورد، در رکعت اول پس از سوره «حمد» «سی‌مرتبه» سوره «توحید» و در رکعت دوم بعد از سوره «حمد» «سی‌مرتبه» سوره «قدر» بخواند و پس از نماز صدقه بدهد؛ چون چنین کند، سلامتی‌اش را در آن ماه از خدا خریده است.\n\nاز بعضی روایات استفاده می‌شود که پس از نماز چنین بخواند: "
        }
    }
}