{
    "290": {
        "number": 290,
        "bab": 2,
        "title": "اعمال عيد نوروز",
        "arabic": {
            "1": "اللَّهُمَّ صَلِّ عَلَى مُحَمَّدٍ وَ آلِ مُحَمَّدٍ الْأَوْصِيَاءِ الْمَرْضِيِّينَ وَ عَلَى جَمِيعِ أَنْبِيَائِكَ وَ رُسُلِكَ، بِأَفْضَلِ صَلَوَاتِكَ وَ بَارِكْ عَلَيْهِمْ بِأَفْضَلِ بَرَكَاتِكَ، وَ صَلِّ عَلَى أَرْوَاحِهِمْ وَ أَجْسَادِهِمْ. اللَّهُمَّ بَارِكْ عَلَى مُحَمَّدٍ وَ آلِ مُحَمَّدٍ، وَ بَارِكْ لَنَا فِي يَوْمِنَا هَذَا الَّذِي فَضَّلْتَهُ وَ كَرَّمْتَهُ وَ شَرَّفْتَهُ وَ عَظَّمْتَ خَطَرَهُ. اللَّهُمَّ بَارِكْ لِي فِيمَا أَنْعَمْتَ بِهِ عَلَيَّ، حَتَّى لا أَشْكُرَ أَحَدا غَيْرَكَ وَ وَسِّعْ عَلَيَّ فِي رِزْقِي يَا ذَا الْجَلالِ وَ الْإِكْرَامِ. اللَّهُمَّ مَا غَابَ عَنِّي فَلا يَغِيبَنَّ عَنِّي عَوْنُكَ وَ حِفْظُكَ وَ مَا فَقَدْتُ مِنْ شَيْ ءٍ، فَلا تُفْقِدْنِي عَوْنَكَ عَلَيْهِ، حَتَّى لا أَتَكَلَّفَ مَا لا أَحْتَاجُ إِلَيْهِ، يَا ذَا الْجَلالِ وَ الْإِكْرَامِ.",
            "2": "يَا مُحَوِّلَ الْحَوْلِ وَ الْأَحْوَالِ، حَوِّلْ حَالَنَا إِلَى أَحْسَنِ الْحَالِ.",
            "3": " يَا مُقَلِّبَ الْقُلُوبِ وَ الْأَبْصَارِ يَا مُدَبِّرَ اللَّيْلِ وَ النَّهَارِ يَا مُحَوِّلَ.",
            "4": ""
        },
        "farsi": {
            "1": " خدایا بر محمّد و خاندان محمّد درود فرست، آن جانشینان پسندیده و بر تمام پیامبران و رسولانت، با برترین درودهایت و ایشان را برکت ده به برترین برکت‌هایت و درود فرست بر جان‌ها و تنهایشان، خدایا بر محمّد و خاندان محمّد برکت ده و به ما در این روز برکت ده که آن را برتری و کرامت و شرافت دادی و مرتبه‌اش را بزرگ نمودی. خدایا به من برکت ده، در آنچه به من نعمت دادی تا احدی را جز تو سپاس نگویم و در روزی‌ام بر من وسعت ده، ای صاحب بزرگی و بزرگواری؛  خدایا هر آنچه از من غایب شده باک نیست مبادا کمک و نگهداری‌ات از من غایب گردد و هرچه را گم کرده‌ام، یاری‌ات را بر آن از من گم مساز تا در آنچه به آن نیازمند نیستم، خود را بر زحمت نیفکنم، ای صاحب بزرگی و بزرگواری. ",
            "2": " ای گرداننده حول و احوال، بگردان حال ما را به نیکوترین حال",
            "3": " ای برگرداننده دل‌ها و دیده‌ها، ای مدبّر شب و روز ای برگرداننده... چنانچه در زادالمعاد آمده. ",
            "4": ""
        },
        "tozih": {
            "1": " امام صادق(علیه‌السلام) به معلّی بن خُنَیس اعمال روز عید نوروز را چنین تعلیم داده:\n\nچون روز نوروز شود غسل کن و پاکیزه‌ترین جامه‌های خود را بپوش و به بهترین بوها خویشتن را خوشبو گردان و در آن روز روزه بدار و چون از نماز پیشین و پسین [ظهر و عصر] و نافله‌های آن دو [«ظهر» و «عصر»] فارغ گشتی چهار رکعت نماز بخوان، هر دو رکعت به یک سلام، در رکعت اول بعد از سوره «حمد» «ده مرتبه» سوره «قدر» و در رکعت دوّم بعد از سوره «حمد» «ده مرتبه» سوره «کافرون» و در رکعت سوم بعد از سوره «حمد» «ده مرتبه» سوره «توحید» و در رکعت چهارم بعد از سوره «حمد» «ده مرتبه» سوره «فلق» و سوره «ناس» را بخوان و پس از نماز به سجده شکر رفته و این دعا را بخوان: ",
            "2": "در کتاب‌های غیر مشهور روایت کرده‌اند:\nدر وقت تحویل سال این دعا را بسیار بخوانند که بعضی به تعداد «۳۶۶ مرتبه» گفته‌اند: ",
            "3": "و به روایت دیگر: ",
            "4": " چون چنین کنی گناهان پنجاه ساله تو آمرزیده شود.\n\nو نیز بسیار بگو: «یَا ذَا الجَلالِ وَ الْإِکْرامِ»."
        }
    }
}