{
    "32": {
        "number": 32,
        "bab": 2,
        "title": "اعمال شب مبعث (شب بیست و هفتم ماه رجب)",
        "arabic": {
            "1": " الْحَمْدُ لِلّٰهِ الَّذِى لَمْ يَتَّخِذْ وَلَداً ، وَلَمْ يَكُنْ لَهُ شَرِيكٌ فِى الْمُلْكِ ، وَلَمْ يَكُنْ لَهُ وَلِيٌّ مِنَ الذُّلِّ وَكَبِّرْهُ تَكْبِيراً . اللّٰهُمَّ إِنِّي أَسْأَلُك بِمَعاقِدِ عِزِّكَ عَلَىٰ أَرْكانِ عَرْشِكَ وَمُنْتَهَى الرَّحْمَةِ مِنْ كِتابِكَ ، وَبِاسْمِكَ الْأَعْظَمِ الْأَعْظَمِ الْأَعْظَمِ ، وَذِكْرِكَ الْأَعْلَى الْأَعْلَى الْأَعْلىٰ ، وَبِكَلِماتِكَ التَّامَّاتِ أَنْ تُصَلِّىَ عَلَىٰ مُحَمَّدٍ وَآلِهِ وَأَنْ تَفْعَلَ بِى مَا أَنْتَ أَهْلُهُ. ",
            "2": " اللّٰهُمَّ إِنِّى أَسْأَلُك بِالتَّجَلِّى  الْأَعْظَمِ فِى هٰذِهِ اللَّيْلَةِ مِنَ الشَّهْرِ الْمُعَظَّمِ ، وَالْمُرْسَلِ الْمُكَرَّمِ ، أَنْ تُصَلِّىَ عَلَىٰ مُحَمَّدٍ وَآلِهِ وَأَنْ تَغْفِرَ لَنا مَا أَنْتَ بِهِ مِنَّا أَعْلَمُ ، يَا مَنْ يَعْلَمُ وَلَا نَعْلَمُ . ",
            "3": "اللّٰهُمَّ بارِكْ لَنا فِى لَيْلَتِنا هٰذِهِ الَّتِى بِشَرَفِ الرِّسالَةِ فَضَّلْتَها ، وَبِكَرامَتِكَ أَجْلَلْتَها ، وَبِالْمَحَلِّ الشَّرِيفِ أَحْلَلْتَها . ",
            "4": "اللّٰهُمَّ فَإِنّا نَسْأَلُكَ بِالْمَبْعَثِ الشَّرِيفِ ، وَالسَّيِّدِ اللَّطِيفِ ، وَالْعُنْصُرِ الْعَفِيفِ ، أَنْ تُصَلِّىَ عَلَىٰ مُحَمَّدٍ وَآلِهِ وَأَنْ تَجْعَلَ أَعْمالَنا فِى هٰذِهِ اللَّيْلَةِ وَفِى سائِرِ اللَّيالِى مَقْبُولَةً ، وَذُنُوبَنا مَغْفُورَةً ، وَحَسَناتِنا مَشْكُورَةً ، وَسَيِّئاتِنا مَسْتُورَةً ، وَقُلُوبَنا بِحُسْنِ الْقَوْلِ مَسْرُورَةً ، وَأَرْزاقَنا مِنْ لَدُنْكَ بِالْيُسْرِ مَدْرُورَةً . ",
            "5": "اللّٰهُمَّ إِنَّكَ تَرىٰ وَلَا تُرىٰ ، وَأَنْتَ بِالْمَنْظَرِ الْأَعْلىٰ ، وَ إِنَّ إِلَيْكَ الرُّجْعىٰ وَالْمُنْتَهىٰ ، وَ إِنَّ لَكَ الْمَماتَ وَالْمَحْيا ، وَ إِنَّ لَكَ الْآخِرَةَ وَالْأُولىٰ؛",
            "6": "اللّٰهُمَّ إِنَّا نَعُوذُ بِكَ أَنْ نَذِلَّ وَنَخْزىٰ ، وَأَنْ نَأْتِىَ مَا عَنْهُ تَنْهىٰ . ",
            "7": "اللّٰهُمَّ إِنَّا نَسْأَلُكَ الْجَنَّةَ بِرَحْمَتِكَ ، وَنَسْتَعِيذُ بِكَ مِنَ النَّارِ فَأَعِذْنا مِنْها بِقُدْرَتِكَ ، وَنَسْأَلُكَ مِنَ الْحُورِ الْعِينِ فَارْزُقْنا بِعِزَّتِكَ ، وَاجْعَلْ أَوْسَعَ أَرْزاقِنا عِنْدَ كِبَرِ سِنِّنا ، وَأَحْسَنَ أَعْمالِنا عِنْدَ اقْتِرابِ آجالِنا ، وَأَطِلْ فِى طاعَتِكَ ، وَما يُقَرِّبُ إِلَيْكَ ، وَيُحْظِى عِنْدَكَ ، وَيُزْ لِفُ لَدَيْكَ أَعْمارَنا ، وَأَحْسِنْ فِى جَمِيعِ أَحْوالِنا وَأُمُورِنا مَعْرِفَتَنا ، وَلَا تَكِلْنا إِلىٰ أَحَدٍ مِنْ خَلْقِكَ فَيَمُنَّ عَلَيْنا ، وَتَفَضَّلْ عَلَيْنا بِجَمِيعِ حَوائِجِنا لِلدُّنْيا وَالْآخِرَةِ ، وَابْدَأْ بِآبائِنا وَأَبْنائِنا وَجَمِيعِ إِخْوانِنَا الْمُؤْمِنِينَ فِى جَمِيعِ مَا سَأَلْناكَ لِأَ نْفُسِنا يَا أَرْحَمَ الرَّاحِمِينَ؛ ",
            "8": "اللّٰهُمَّ إِنَّا نَسْأَلُكَ بِاسْمِكَ الْعَظِيمِ ، وَمُلْكِكَ الْقَدِيمِ ، أَنْ تُصَلِّىَ عَلَىٰ مُحَمَّدٍ وَآلِ مُحَمَّدٍ وَأَنْ تَغْفِرَ لَنَا الذَّنْبَ الْعَظِيمَ ، إِنَّهُ لَايَغْفِرُ الْعَظِيمَ إِلّا الْعَظِيمُ . ",
            "9": "اللّٰهُمَّ وَهٰذا رَجَبٌ الْمُكَرَّمُ الَّذِى أَكْرَمْتَنا بِهِ أَوَّلُ أَشْهُرِ الْحُرُمِ ، أَكْرَمْتَنا بِهِ مِنْ بَيْنِ الْأُمَمِ ، فَلَكَ الْحَمْدُ يَا ذَا الْجُودِ وَالْكَرَمِ ، فَأَسْأَلُكَ بِهِ وَبِاسْمِكَ الْأَعْظَمِ الْأَعْظَمِ الْأَعْظَمِ ، الْأَجَلِّ الْأَكْرَمِ الَّذِى خَلَقْتَهُ فَاسْتَقَرَّ فِى ظِلِّكَ فَلا يَخْرُجُ مِنْكَ إِلىٰ غَيْرِكَ أَنْ تُصَلِّىَ عَلَىٰ مُحَمَّدٍ وَأَهْلِ بَيْتِهِ الطَّاهِرِينَ ، وَأَنْ تَجْعَلَنا مِنَ الْعامِلِينَ فِيهِ بِطاعَتِكَ ، وَالْآمِلِينَ فِيهِ لِشَفاعَتِكَ . ",
            "10": "اللّٰهُمَّ اهْدِنا إِلَىٰ سَواءِ السَّبِيلِ ، وَاجْعَلْ مَقِيلَنا عِنْدَكَ خَيْرَ مَقِيلٍ ، فِى ظِلٍّ ظَلِيلٍ ، وَمُلْكٍ جَزِيلٍ ، فَإِنَّكَ حَسْبُنا وَ نِعْمَ الْوَكِيلُ . ",
            "11": "اللّٰهُمَّ اقْلِبْنا مُفْلِحِينَ مُنْجِحِينَ غَيْرَ مَغْضُوبٍ عَلَيْنا وَلَا ضَالِّينَ بِرَحْمَتِكَ يَا أَرْحَمَ الرَّاحِمِينَ . ",
            "12": "اللّٰهُمَّ إِنِّى أَسْأَلُك بِعَزائِمِ مَغْفِرَتِكَ ، وَبِواجِبِ رَحْمَتِكَ ، السَّلامَةَ مِنْ كُلِّ إِثْمٍ ، وَالْغَنِيمَةَ مِنْ كُلِّ بِرٍّ ، وَالْفَوْزَ بِالْجَنَّةِ ، وَالنَّجاةَ مِنَ النَّارِ؛",
            "13": "اللّٰهُمَّ دَعاكَ الدَّاعُونَ وَدَعَوْتُكَ ، وَسَأَلَكَ السَّائِلُونَ وَسَأَلْتُكَ ، وَطَلَبَ إِلَيْكَ الطَّالِبُونَ وَطَلَبْتُ إِلَيْكَ . ",
            "14": "اللّٰهُمَّ أَنْتَ الثِّقَةُ وَالرَّجاءُ ، وَ إِلَيْكَ مُنْتَهَى الرَّغْبَةِ فِى الدُّعاءِ .  ",
            "15": "اللّٰهُمَّ فَصَلِّ عَلَىٰ مُحَمَّدٍ وَآلِهِ وَاجْعَلِ الْيَقِينَ فِى قَلْبِى ، وَالنُّورَ فِى بَصَرِى ، وَالنَّصِيحَةَ فِى صَدْرِى ، وَذِكْرَكَ بِاللَّيْلِ وَالنَّهارِ عَلَىٰ لِسانِى ، وَرِزْقاً واسِعاً غَيْرَ مَمْنُونٍ وَلَا مَحْظُورٍ فَارْزُقْنِى ، وَبارِكْ لِى فِيما رَزَقْتَنِى ، وَاجْعَلْ غِناىَ فِى نَفْسِى ، وَرَغْبَتِى فِيما عِنْدَكَ ، بِرَحْمَتِكَ يَا أَرْحَمَ الرَّاحِمِينَ. ",
            "16": " الْحَمْدُ لِلّٰهِ الَّذِى هَدانا لِمَعْرِفَتِهِ ، وَخَصَّنا بِوِلايَتِهِ ، وَوَفَّقَنا لِطاعَتِهِ ، شُكْراً شُكْراً (تا صد مرتبه) ",
            "17": "اللّٰهُمَّ إِنِّى قَصَدْتُكَ بِحاجَتِى ، وَاعْتَمَدْتُ عَلَيْكَ بِمَسْأَلَتِى ، وَتَوَجَّهْتُ إِلَيْكَ بِأَئِمَّتِى وَسادَتِى . اللّٰهُمَّ انْفَعْنا بِحُبِّهِمْ ، وَأَوْرِدْنا مَوْرِدَهُمْ ، وَارْزُقْنا مُرافَقَتَهُمْ ، وَأَدْخِلْنَا الْجَنَّةَ فِى زُمْرَتِهِمْ بِرَحْمَتِكَ يَا أَرْحَمَ الرَّاحِمِينَ.  ",
            "18": ""
        },
        "farsi": {
            "1": "  سپاس خدای را که فرزندی بر نگرفته و شریکی در فرمانروایی و یاوری از روی خواری و نیاز برایش نبوده است، او را بسیار بزرگ شمار. خدایا! از تو درخواست می‌کنم به‌حق جایگاه‌های عزّتت بر پایه‌های عرشت و منتهای رحمتت در قرآنت و بنام بزرگ‌تر بزرگ‌تر بزرگترت و ذکر برتر برتر برترت و به کلمات کاملت، بر محمّد و خاندانش درود فرست و با من چنان کن که شایسته آنی. ",
            "2": " خدایا! از تو درخواست می‌کنم، به تجلّی اعظم، در این شب از ماه معظّم و به‌حق رسول مکرّم که درود فرستی بر محمّد و خاندانش و بیامرزی بر ما، آنچه را تو به آن از ما داناتری، ای آن‌که می‌داند و ما نمی‌دانیم،",
            "3": "خدایا! بر ما برکت ده در این شب، شبی که آن را به شرف رسالت برتری دادی و به کرامتت بزرگ نمودی و به جایگاه شریفی برآوردی، ",
            "4": "خدایا! ما از تو درخواست می‌کنیم به‌حق بعثت شریف و آقای مهربان و موجود پارسا که بر محمّد و خاندانش درود فرستی و اعمال ما را در این شب و در سایر شب‌ها پذیرفته پیشگاهت قرار دهی و گناهانمان را آمرزیده بداری و خوبی‌هایمان را مورد سپاس و بدی‌هایمان را پوشیده گردانی و دل‌هایمان را به گفتار خوش شادمان سازی و روزی‌هایمان را از جانب خود به آسانی فراوان گردانی.",
            "5": "خدایا! تو می‌بینی و خود دیده نمی‌شوی و تو در چشم‌انداز برتری و بازگشت و سرانجام به‌سوی توست و ممات و حیات و آخرت و دنیا از آن تو است؛ ",
            "6": "  خدایا! به تو پناه می‌آوریم از اینکه خوار و رسوا شویم و از اینکه مرتکب عملی شویم که از آن نهی کرده‌ای.",
            "7": "خدایا درخواست بهشت را به رحمتت از تو داریم و به تو پناه می‌آوریم از آتش دوزخ، پس ما را به قدرتت از آتش پناه ده و از تو درخواست حورالعین داریم، پس به عزّتت روزی ما فرما و فراخ‌ترین روزی را هنگام پیری ما قرار ده و نیکوترین اعمالمان را به گاه فرا رسیدن مرگمان و عمر ما را در طاعتت و در آنچه ما را به سویت نزدیک کند و در نزدت بهره‌مندمان نماید و در پیشگاهت بر منزلتمان افزاید، طولانی گردان و در همه حالات و کارها معرفتمان را نیکو گردان و ما را به احدی از خلقت وامگذار تا بر ما منّت نهد و بر ما به برآورده ساختن تمام حاجات دنیا و آخرتمان تفضّل فرما و بخشش آغاز کن به پدرانمان و فرزندانمان و همه برادران با ایمانمان، در همه آنچه از تو برای خود درخواست کردیم، ای مهربان‌ترین مهربانان؛ ",
            "8": "خدایا! از تو درخواست می‌کنیم به نام بزرگت و فرمانروایی دیرینه‌ات که بر محمّد و خاندان محمّد درود فرستی و بیامرزی بر ما گناه بزرگ را، چراکه بزرگ را جز بزرگ نمی‌آمرزد.",
            "9": "خدایا! این ماه مکرّم رجب است که ما را به آن گرامی داشتی، نخستین ماه‌های حرام است که ما را به آن از میان امّت‌ها اکرام نمودی، پس تو را سپاس ای دارای بخشش و کرم، از تو درخواست می‌کنم به‌حق ماه رجب و به‌حق نام بزرگ‌تر بزرگ‌تر بزرگ‌تر باشکوه‌تر و گرامی‌تری که آن را آفریدی، پس در سایه‌ات استقرار یافت، نامی که از تو به غیر تو نرسد که بر محمّد و اهل‌بیت پاکش درود فرستی و ما را در این ماه از برپادارندگان طاعتت و آرزومندان شفاعتت قرار دهی. ",
            "10": " خدایا! ما را به راه راست هدایت فرما و جایگاه ما را نزد خود بهترین استراحتگاه در سایه‌سار رحمت همیشگی و فرمانروایی عظیمت قرار ده، تو ما را بسی و چه نیکو کارگشایی. ",
            "11": " خدایا! ما را به حالت رستگاری و موفقیت برگردان‌ که در گروه غضب شدگان و در طایفه گمراهان نباشیم، به مهربانی‌ات ای مهربان‌ترین مهربانان. ",
            "12": " خدایا! به وسایل موجب آمرزشت و به رحمتت که بر خود حتم نموده‌ای، از تو درخواست می‌کنم، سلامت از هر گناه و بهره‌مندی از هر کار نیک و رسیدن به بهشت و رهایی از دوزخ را به من عطا فرمایی؛ ",
            "13": " خدایا! خوانندگان تو را خواندند و من هم تو را خواندم و درخواست‌کنندگان از تو  درخواست کردند و من هم از تو درخواست نمودم و جویندگان تو را جویا شدند و من هم جویای تو شدم.",
            "14": " خدایا! تو مورد اطمینان و امیدی و نهایت میل و رغبت در خواندن دعا به‌سوی توست،",
            "15": "خدایا! بر محمّد و خاندانش درود فرست و قرار ده یقین را در قلبم و روشنی را در دیده‌ام و خیرخواهی را در سینه‌ام و ذکرت را در هر شب و روز بر زبانم و روزی گسترده بی‌منّت و غیر حرام را روزی‌ام فرما و در آنچه روزی‌ام نمودی برکت افزا و بی‌نیازی‌ام را در خودم و دلبستگی‌ام را در آنچه نزد توست قرار ده، به مهربانی‌ات ای مهربان‌ترین مهربانان. ",
            "16": " سپاس خدای را که ما را به معرفتش رهنمون شد و به ولایتش خاص گرداند و به طاعتش توفیقمان داد، سپاس، سپاس. ",
            "17": "  خدایا من تو را برای رفع حاجتم قصد کردم و به خواسته‌ام بر تو اعتماد نمودم و روی آوردم به تو به واسطه امامان و سرورانم. خدایا! ما را به محبتشان سود بخش و به جایگاه آنان وارد ساز و هم‌نشینی با ایشان را روزی ما گردان و ما را در زمره آنان وارد بهشت کن، به مهربانی‌ات ای مهربان‌ترین مهربانان. "
        },
        "tozih": {
            "1": "شب بیست و هفتم، شـب بعثـت پیامبر(صلی‌الله‌علیه‌وآله) و از شب‌های پربرکت است و در آن چند عمل مستحبّ است:\n\nاوّل:\nشیخ طوسی در کتاب «مصباح» فرموده: از حضرت جواد(علیه‌السلام) روایت شده: همانا در ماه رجب شبی است که از هر آنچه آفتاب بر آن می‌تابد بهتر است و آن، شب بیست و هفتم رجب است که در صبح آن پیامبر(صلی‌الله‌علیه‌وآله) به رسالت مبعوث شد. برای کسی که از شیعه ما عامل در آن شب است، پاداش نیکوکاری شصت سال مقرّر است،\n\nبه محضر آن حضرت عرض شد: عمل در آن شب چیست؟ فرمود:\nچون نماز عشا را خواندی و به بستر استراحت رفتی تا پیش از نیمه شب، هر ساعتی که خواستی از بستر برمی‌خیزی و دوازده رکعت نماز هر دو رکعت به یک سلام به‌جای می‌آوری، در هر رکعت «حمد» و سوره‌ای از سوره‌های کوچک مفصّل می‌خوانی و کوچک مفصّل از سوره محمّد(صلی‌الله‌علیه‌وآله) تا آخر قرآن است.\n\nزمانی که از دوازده رکعت نماز فارغ شدی، در همان حال نشسته هر یک از سوره‌های «حمد» و «قُلْ أَعُوذُ بِرَبِّ الْفَلَقِ» و «قُلْ أَعُوذُ بِرَبِّ النَّاسِ» و «قُلْ هُوَ اللّٰهُ أَحَدٌ» و «قُلْ یٰا أَیُّهَا الْکٰافِرُونَ» و «إِنّٰا أَنْزَلْنٰاهُ» و «آیت‌الکرسی» را «هفت مرتبه» بخوان و به دنبال همه آن‌ها این دعا را به بخوان:",
            "2": " سپس بخوان هر دعایی را که می‌خواهی؛\n\nو نیز غسل در این شب مستحب است و نمازی که داود بن سرحان از امام صادق(علیه‌السلام) برای «شب نیمه رجب» روایت کرده و جزو اعمال شب نیمه ذکر شد در این شب هم خوانده می‌شود.\n\nدوّم:\nزیارت حضرت امیرالمؤمنین(علیه‌السلام) که برترین اعمال این شب می‌باشد؛\n\nو بدان که ابوعبدالله محمّد بن بطوطه که یکی از دانشمندان اهل سنت است در ششصد سال پیش از این زمان [زمان تألیف مفاتیح‌الجنان] می‌زیسته، در سفرنامه خود معروف به «رحله ابن بطوطه» در بیان ورودش از مکه معظّمه به نجف اشرف، روضه و قبر مبارک مولایمان امیرالمؤمنین(علیه‌السلام) را ذکر نموده و گفته است همه‌ی اهل این شهر رافضی هستند، و برای این روضه مبارکه کراماتی ظاهر شده:\n\nاز جمله در شب بیست‌وهفتم ماه رجب که نامش نزد اهل آنجا «لیلة المحیا» [شب بیداری یا شب زندگانی] است، از عراقین [بصره و کوفه] و خراسان و شهرهای فارس و روم، افراد شل و مفلوج و زمین‌گیری را که حدود سی یا چهل نفر می‌شوند پس از عشا نزد ضریح مقدّس علی می‌آورند، آنگاه مردم اجتماع می‌کنند و به انتظار شفا یافتن و برخاستن آنان می‌مانند.\n\nگروهی از اجتماع‌کنندگان نماز می‌خوانند و عده‌ای ذکر می‌گویند و گروهی قرآن تلاوت می‌کنند و بعضی هم به تماشای روضه مبارکه مشغول می‌شوند تا آنکه نصف یا دوسوم از شب بگذرد، در این هنگام تمام مبتلایان و زمین‌گیران که محروم از حرکت بودند، از جای برمی‌خیزند درحالی‌که صحیح و تندرست‌اند و نقصی در آنان نیست و می‌گویند: «لَاإِلٰهَ إِلّا اللّٰه» (معبودی جز خدا نیست)، «مُحَمَّداً رَسُولُ اللّهِ» (محمد فرستاده خداست)، «عَلِیُّ وَلِیُّ اللّٰه» (علی ولیّ خداست) و این امری است مشهور و معروف.\n\nمن گرچه آن شب را در آن روضه در نیافتم، ولی از مردمان مورد اطمینان که بر گفتارشان اعتماد داشتم شنیدم.\n\nو همچنین در مدرسه‌ای که مهمانخانه آن حضرت است، سه نفر زمین‌گیر را که قدرت بر حرکت نداشتند مشاهده کردم، یکی از مردمان روم و دیگری از اهالی اصفهان و سومی از مردم خراسان بود، از هر سه پرسیدم، چگونه شما درمان نیافته و در اینجا مانده‌اید؟\nگفتند: ما شب بیست‌وهفتم رجب را درک نکردیم، اینجا مانده‌ایم تا شب بیست‌وهفتم آینده برسد و شفای خود را بگیریم و به خاطر این شب، مردم زیادی از شهرها جمع می‌شوند و بازار بزرگی به مدّت ده روز برپا می‌گردد.\n\nمؤلّف گوید: مبادا این حکایت را دور از واقع بدانی، چه همانا معجزات و کراماتی که از این مَشاهد مشرّفه به ظهور رسیده و به حدّ تواتر نقل‌شده بسیار زیادتر از آن است که در شمار آید؛\n\nو در ماه شوال گذشته [نسبت به زمان نوشتن این قسمت از مفاتیح‌الجنان به وسیله مؤلّف بزرگوارش مرحوم محدّث قمی(رحمة‌الله‌علیه)] سال هزار و سیصد و چهل‌وسه هجری قمری در حرم مطهّر حضرت ثامن الأئمة الهداة و ضامن الامّة العصاة مولانا ابو الحسن علی بن موسی الرضا(علیه‌السلام)، سه زن که هر سه به علت بیماری فلج و مانند آن زمین‌گیر بودند و علاجشان از توان پزشکان بیرون بود، شفا یافتند و این معجزه از آن قبر مطهّر بر همه واضح و آشکار شد، همچون نمودار شدن خورشید در آسمان صاف و بی‌ابر و باز شدن دروازه نجف به روی عرب‌های بادیه‌نشین؛\n\nو شفا یافتن این سه زن به اندازه‌ای روشن بود که برای مردم بیان شد و دکترهایی که از بیماری آنان مطلّع بودند، با اینکه در امر مداوای آنان دقت بسیار داشتند، شفا یافتن معجزه‌گونه آنان را تصدیق کردند و بعضی از آن‌ها تصدیق خود را بر شفای آنان به صورت نوشته اعلام داشتند و اگر ملاحظه اختصار و عدم مناسبت محل نبود، داستان آن‌ها را به تفصیل نقل می‌کردم.\n\nوَلَقَدْ أَجادَ شَیْخُنا الْحُرُّ الْعامِلی فی أُرْجُوزَتِهِ (چه زیبا سروده شیخ ما شیخ حرّ عاملی در قصیده‌اش) :\nوَما بَدا مِنْ بَرَكاتِ مَشْهَدِه‌\nفِي كُلِّ يَوْمٍ أَمْسُهُ مِثْلُ غَدِه\nو آنچه از برکات بارگاهش در همه روز نمایان شده\nدیروزش مانند فردایش می‌باشد\nوَكَشِفا الْعَمىٰ وَالْمَرضىٰ بِهِ‌\nإِجابَةُ الدُّعاءِ فِي أَعْتابِهِ\nو مانند شفای کور و بیماران به سبب عنایتش\nاجابت دعا در آستانش می‌باشد\n\nسوم:\nشیخ کفعمی در کتاب «بلد الامین» فرموده است: شب مبعث این دعا را بخواند: ",
            "3": "",
            "4": "",
            "5": "",
            "6": "",
            "7": "",
            "8": "",
            "9": "",
            "10": "",
            "11": "",
            "12": "",
            "13": "",
            "14": "",
            "15": "",
            "16": " پس به سجده برو و بگو: ",
            "17": " پس سر از سجده بردار و بگو: ",
            "18": "این دعا را سید ابن طاووس برای«روز مبعث» ذکر فرموده. "
        }
    }
}