{
    "34": {
        "number": 34,
        "bab": 2,
        "title": "دعای شب مبعث",
        "arabic": {
            "1": " اللّٰهُمَّ إِنِّى أَسْأَلُك بِالتَّجَلِّى الْأَعْظَمِ فِى هٰذِهِ اللَّيْلَةِ مِنَ الشَّهْرِ الْمُعَظَّمِ، وَالْمُرْسَلِ الْمُكَرَّمِ، أَنْ تُصَلِّىَ عَلَىٰ مُحَمَّدٍ وَآلِهِ وَأَنْ تَغْفِرَ لَنا مَا أَنْتَ بِهِ مِنَّا أَعْلَمُ، يَا مَنْ يَعْلَمُ وَلَا نَعْلَمُ . ",
            "2": " اللّٰهُمَّ بارِكْ لَنا فِى لَيْلَتِنا هٰذِهِ الَّتِى بِشَرَفِ الرِّسالَةِ فَضَّلْتَها، وَبِكَرامَتِكَ أَجْلَلْتَها، وَبِالْمَحَلِّ الشَّرِيفِ أَحْلَلْتَها . ",
            "3": " اللّٰهُمَّ فَإِنّا نَسْأَلُكَ بِالْمَبْعَثِ الشَّرِيفِ، وَالسَّيِّدِ اللَّطِيفِ، وَالْعُنْصُرِ الْعَفِيفِ، أَنْ تُصَلِّىَ عَلَىٰ مُحَمَّدٍ وَآلِهِ وَأَنْ تَجْعَلَ أَعْمالَنا فِى هٰذِهِ اللَّيْلَةِ وَفِى سائِرِ اللَّيالِى مَقْبُولَةً، وَذُنُوبَنا مَغْفُورَةً، وَحَسَناتِنا مَشْكُورَةً، وَسَيِّئاتِنا مَسْتُورَةً، وَقُلُوبَنا بِحُسْنِ الْقَوْلِ مَسْرُورَةً، وَأَرْزاقَنا مِنْ لَدُنْكَ بِالْيُسْرِ مَدْرُورَةً . ",
            "4": " اللّٰهُمَّ إِنَّكَ تَرىٰ وَلَا تُرىٰ، وَأَنْتَ بِالْمَنْظَرِ الْأَعْلىٰ، وَ إِنَّ إِلَيْكَ الرُّجْعىٰ وَالْمُنْتَهىٰ، وَ إِنَّ لَكَ الْمَماتَ وَالْمَحْيا، وَ إِنَّ لَكَ الْآخِرَةَ وَالْأُولىٰ؛ ",
            "5": " اللّٰهُمَّ إِنَّا نَعُوذُ بِكَ أَنْ نَذِلَّ وَنَخْزىٰ، وَأَنْ نَأْتِىَ مَا عَنْهُ تَنْهىٰ . ",
            "6": " اللّٰهُمَّ إِنَّا نَسْأَلُكَ الْجَنَّةَ بِرَحْمَتِكَ، وَنَسْتَعِيذُ بِكَ مِنَ النَّارِ فَأَعِذْنا مِنْها بِقُدْرَتِكَ، وَنَسْأَلُكَ مِنَ الْحُورِ الْعِينِ فَارْزُقْنا بِعِزَّتِكَ، وَاجْعَلْ أَوْسَعَ أَرْزاقِنا عِنْدَ كِبَرِ سِنِّنا، وَأَحْسَنَ أَعْمالِنا عِنْدَ اقْتِرابِ آجالِنا، وَأَطِلْ فِى طاعَتِكَ، وَما يُقَرِّبُ إِلَيْكَ، وَيُحْظِى عِنْدَكَ، وَيُزْ لِفُ لَدَيْكَ أَعْمارَنا، وَأَحْسِنْ فِى جَمِيعِ أَحْوالِنا وَأُمُورِنا مَعْرِفَتَنا، وَلَا تَكِلْنا إِلىٰ أَحَدٍ مِنْ خَلْقِكَ فَيَمُنَّ عَلَيْنا، وَتَفَضَّلْ عَلَيْنا بِجَمِيعِ حَوائِجِنا لِلدُّنْيا وَالْآخِرَةِ، وَابْدَأْ بِآبائِنا وَأَبْنائِنا وَجَمِيعِ إِخْوانِنَا الْمُؤْمِنِينَ فِى جَمِيعِ مَا سَأَلْناكَ لِأَ نْفُسِنا يَا أَرْحَمَ الرَّاحِمِينَ؛ ",
            "7": " اللّٰهُمَّ إِنَّا نَسْأَلُكَ بِاسْمِكَ الْعَظِيمِ، وَمُلْكِكَ الْقَدِيمِ، أَنْ تُصَلِّىَ عَلَىٰ مُحَمَّدٍ وَآلِ مُحَمَّدٍ وَأَنْ تَغْفِرَ لَنَا الذَّنْبَ الْعَظِيمَ، إِنَّهُ لَايَغْفِرُ الْعَظِيمَ إِلّا الْعَظِيمُ . ",
            "8": " اللّٰهُمَّ وَهٰذا رَجَبٌ الْمُكَرَّمُ الَّذِى أَكْرَمْتَنا بِهِ أَوَّلُ أَشْهُرِ الْحُرُمِ، أَكْرَمْتَنا بِهِ مِنْ بَيْنِ الْأُمَمِ، فَلَكَ الْحَمْدُ يَا ذَا الْجُودِ وَالْكَرَمِ، فَأَسْأَلُكَ بِهِ وَبِاسْمِكَ الْأَعْظَمِ الْأَعْظَمِ الْأَعْظَمِ، الْأَجَلِّ الْأَكْرَمِ الَّذِى خَلَقْتَهُ فَاسْتَقَرَّ فِى ظِلِّكَ فَلا يَخْرُجُ مِنْكَ إِلىٰ غَيْرِكَ أَنْ تُصَلِّىَ عَلَىٰ مُحَمَّدٍ وَأَهْلِ بَيْتِهِ الطَّاهِرِينَ، وَأَنْ تَجْعَلَنا مِنَ الْعامِلِينَ فِيهِ بِطاعَتِكَ، وَالْآمِلِينَ فِيهِ لِشَفاعَتِكَ . ",
            "9": " اللّٰهُمَّ اهْدِنا إِلَىٰ سَواءِ السَّبِيلِ، وَاجْعَلْ مَقِيلَنا عِنْدَكَ خَيْرَ مَقِيلٍ، فِى ظِلٍّ ظَلِيلٍ، وَمُلْكٍ جَزِيلٍ، فَإِنَّكَ حَسْبُنا وَ نِعْمَ الْوَكِيلُ . ",
            "10": " اللّٰهُمَّ اقْلِبْنا مُفْلِحِينَ مُنْجِحِينَ غَيْرَ مَغْضُوبٍ عَلَيْنا وَلَا ضَالِّينَ بِرَحْمَتِكَ يَا أَرْحَمَ الرَّاحِمِينَ . ",
            "11": " اللّٰهُمَّ إِنِّى أَسْأَلُك بِعَزائِمِ مَغْفِرَتِكَ، وَبِواجِبِ رَحْمَتِكَ، السَّلامَةَ مِنْ كُلِّ إِثْمٍ، وَالْغَنِيمَةَ مِنْ كُلِّ بِرٍّ، وَالْفَوْزَ بِالْجَنَّةِ، وَالنَّجاةَ مِنَ النَّارِ؛ ",
            "12": " اللّٰهُمَّ دَعاكَ الدَّاعُونَ وَدَعَوْتُكَ، وَسَأَلَكَ السَّائِلُونَ وَسَأَلْتُكَ، وَطَلَبَ إِلَيْكَ الطَّالِبُونَ وَطَلَبْتُ إِلَيْكَ . ",
            "13": " اللّٰهُمَّ أَنْتَ الثِّقَةُ وَالرَّجاءُ، وَ إِلَيْكَ مُنْتَهَى الرَّغْبَةِ فِى الدُّعاءِ . ",
            "14": " اللّٰهُمَّ فَصَلِّ عَلَىٰ مُحَمَّدٍ وَآلِهِ وَاجْعَلِ الْيَقِينَ فِى قَلْبِى، وَالنُّورَ فِى بَصَرِى، وَالنَّصِيحَةَ فِى صَدْرِى، وَذِكْرَكَ بِاللَّيْلِ وَالنَّهارِ عَلَىٰ لِسانِى، وَرِزْقاً واسِعاً غَيْرَ مَمْنُونٍ وَلَا مَحْظُورٍ فَارْزُقْنِى، وَبارِكْ لِى فِيما رَزَقْتَنِى، وَاجْعَلْ غِناىَ فِى نَفْسِى، وَرَغْبَتِى فِيما عِنْدَكَ، بِرَحْمَتِكَ يَا أَرْحَمَ الرَّاحِمِينَ. ",
            "15": " الْحَمْدُ لِلّٰهِ الَّذِى هَدانا لِمَعْرِفَتِهِ، وَخَصَّنا بِوِلايَتِهِ، وَوَفَّقَنا لِطاعَتِهِ، شُكْراً شُكْراً (تا صد مرتبه) ",
            "16": " اللّٰهُمَّ إِنِّى قَصَدْتُكَ بِحاجَتِى، وَاعْتَمَدْتُ عَلَيْكَ بِمَسْأَلَتِى، وَتَوَجَّهْتُ إِلَيْكَ بِأَئِمَّتِى وَسادَتِى . اللّٰهُمَّ انْفَعْنا بِحُبِّهِمْ، وَأَوْرِدْنا مَوْرِدَهُمْ، وَارْزُقْنا مُرافَقَتَهُمْ، وَأَدْخِلْنَا الْجَنَّةَ فِى زُمْرَتِهِمْ بِرَحْمَتِكَ يَا أَرْحَمَ الرَّاحِمِينَ. ",
            "17": ""
        },
        "farsi": {
            "1": " خدایا! از تو می\u200Cخواهم، به تجلّی اعظم، در این شب از ماه تجلیل شده و به\u200Cحق رسول محبوب و شایستۀ احترام که درود فرستی بر محمّد و خاندانش و بیامرزی بر ما، آنچه را تو به آن از ما داناتری، ای آن\u200Cکه می\u200Cداند و ما نمی\u200Cدانیم،",
            "2": "خدایا! به ما برکت ده در این شب، شبی که آن را به شرف رسالت برتری دادی و به بزرگ\u200Cمنشی و بخشندگی\u200Cات بزرگ کردی و به جایگاه شریفی برآوردی، ",
            "3": "خدایا! ما از تو درخواست می\u200Cکنیم به\u200Cحق بعثت برجسته و آقای مهربان و بنیاد و نژاد پارسا که بر محمّد و خاندانش درود فرستی و اعمال ما را در این شب و در سایر شب\u200Cها پذیرفتۀ پیشگاهت قرار دهی و گناهانمان را آمرزیده بداری و خوبی\u200Cهایمان را مورد پاداش فراوان و بدی\u200Cهایمان را پوشیده گردانی و دل\u200Cهایمان را به گفتار خوش شادمان سازی و روزی\u200Cهایمان را از سوی خود به آسانی فراوان کنی.",
            "4": "خدایا! تو می\u200Cبینی و خود دیده نمی\u200Cشوی و تو در چشم\u200Cانداز برتری و بازگشت و سرانجام به\u200Cسوی توست و مرگ و حیات و آخرت و دنیا از تو است؛ ",
            "5": " خدایا! به تو پناه می\u200Cآوریم از اینکه خوار و رسوا شویم و از اینکه مرتکب عملی شویم که از آن نهی کرده\u200Cای.",
            "6": "خدایا درخواست بهشت را به رحمتت از تو داریم و به تو پناه می\u200Cآوریم از آتش دوزخ، پس ما را به قدرتت از آتش پناه ده و از تو درخواست حورالعین داریم، پس به عزّتت روزی ما کن و فراخ\u200Cترین روزی را هنگام پیری ما قرار ده و نیکوترین اعمالمان را به گاه فرا رسیدن مرگمان و عمر ما را در طاعتت و در آنچه ما را به سویت نزدیک کند و در نزدت بهره\u200Cمندمان نماید و در پیشگاهت بر منزلتمان افزاید، طولانی گردان و در همه حالات و کارها معرفتمان را نیکو ساز و ما را به احدی از مردمان وامگذار تا بر ما منّت نهد و بر ما به برآورده ساختن تمام حاجات دنیا و آخرتمان لطف کن و بخشش آغاز کن به پدرانمان و فرزندانمان و همه برادران با ایمانمان، در همه آنچه از تو برای خود درخواست کردیم، ای مهربان\u200Cترین مهربانان؛ ",
            "7": "خدایا! از تو می\u200Cخواهیم به نام بزرگت و فرمانروایی دیرینه\u200Cات که بر محمّد و خاندان محمّد درود فرستی و بیامرزی بر ما گناه بزرگ را، چراکه بزرگ را جز بزرگ نمی\u200Cآمرزد.",
            "8": "خدایا! این ماه محبوب و قابل احترام رجب است که ما را به آن گرامی داشتی، نخستین ماه\u200Cهای حرام است که ما را به آن از میان امّت\u200Cها اکرام کردی، پس تو را سپاس ای دارای بخشش و بزرگواری، از تو می\u200Cخواهم به\u200Cحق ماه رجب و به\u200Cحق نام بزرگ\u200Cتر بزرگ\u200Cتر بزرگ\u200Cتر باشکوه\u200Cتر و باارزش\u200Cتر که آن را آفریدی، پس در سایه\u200Cات استقرار یافت، نامی که از تو به غیر تو نرسد که بر محمّد و اهل\u200Cبیت پاکش درود فرستی و ما را در این ماه از برپادارندگان طاعتت و آرزومندان شفاعتت قرار دهی. ",
            "9": " خدایا! ما را به راه راست هدایت کن و جایگاه ما را نزد خود بهترین استراحتگاه در سایه\u200Cسار رحمت همیشگی و فرمانروایی عظیمت قرار ده، تو ما را بسی و چه نیکو کارگشایی. ",
            "10": " خدایا! ما را به حالت رستگاری و موفقیت برگردان\u200C که در گروه مورد خشم قرارگرفتگان و در طایفه گمراهان نباشیم، به مهربانی\u200Cات ای مهربان\u200Cترین مهربانان. ",
            "11": " خدایا! به آهنگ\u200Cهای استوار آمرزشت و به رحمتت که بر خود لازم کرده\u200Cای، از تو می\u200Cخواهم، سلامت از هر گناه و بهره\u200Cمندی از هر کار نیک و رسیدن به بهشت و رهایی از دوزخ را به من عطا کنی؛ ",
            "12": " خدایا! خوانندگان تو را خواندند و من هم تو را خواندم و درخواست\u200Cکنندگان از تو درخواست کردند و من هم از تو درخواست نمودم و جویندگان تو را جویا شدند و من هم جویای تو شدم.",
            "13": " خدایا! تو مورد اطمینان و امیدی و نهایت میل و رغبت در خواندن دعا به\u200Cسوی توست،",
            "14": "خدایا! بر محمّد و خاندانش درود فرست و یقین را در قلبم قرار ده و روشنی را در دیده\u200Cام و خیرخواهی را در سینه\u200Cام و ذکرت را در هر شب و روز بر زبانم و روزی گستردۀ پایان\u200Cناپذیر و غیر حرام را روزی\u200Cام کن و در آنچه روزی\u200Cام کردی برکت قرار ده و بی\u200Cنیازی\u200Cام را در خودم و دلبستگی\u200Cام را در آنچه نزد توست قرار ده، به مهربانی\u200Cات ای مهربان\u200Cترین مهربانان. ",
            "15": " سپاس ویژۀ خداست که ما را به معرفتش رهنمون شد و به ولایتش اختصاص داد و به طاعتش توفیقمان عطا کرد، سپاس، سپاس. ",
            "16": " خدایا من تو را برای حاجتم قصد کردم و به خواسته\u200Cام بر تو اعتماد نمودم و روی آوردم به تو به واسطه امامان و سرورانم. خدایا! ما را به محبتشان سود بخش و به جایگاه آنان وارد ساز و هم\u200Cنشینی با ایشان را روزی ما گردان و ما را در زمره آنان وارد بهشت کن، به مهربانی\u200Cات ای مهربان\u200Cترین مهربانان. ",
            "17": ""
        },
        "tozih": {
            "1": " شیخ کفعمی در کتاب «بلد الامین» فرموده است: شب مبعث این دعا را بخواند: ",
            "2": "",
            "3": "",
            "4": "",
            "5": "",
            "6": "",
            "7": "",
            "8": "",
            "9": "",
            "10": "",
            "11": "",
            "12": "",
            "13": "",
            "14": "",
            "15": " پس به سجده برو و بگو: ",
            "16": " پس سر از سجده بردار و بگو: ",
            "17": " این دعا را سید ابن طاووس برای«روز مبعث» ذکر فرموده. "
        }
    }
}