{
    "36": {
        "number": 36,
        "bab": 2,
        "title": "اعمال روز آخر ماه رجب",
        "arabic": {
            "1": ""
        },
        "farsi": {
            "1": ""
        },
        "tozih": {
            "1": "در این روز غسل وارد شده و روزه‌اش سبب آمرزش‌گناهان گذشته و آینده است و «نماز سلمان» به صورتی که در ضمن اعمال روز اوّل بیان شد بجای آورده شود. "
        }
    }
}