{
    "41": {
        "number": 41,
        "bab": 2,
        "title": "بهترین دعا و ذکر ماه شعبان",
        "arabic": {
            "1": "أَسْتَغْفِرُ اللّٰهَ وَأَسْأَلُهُ التَّوْبَةَ.",
            "2": " أَسْتَغْفِرُ اللّٰهَ الَّذِي لَاإِلٰهَ إِلّا هُوَ الرَّحْمٰنُ الرَّحِيمُ الْحَيُّ الْقَيُّوْمُ وَأَتُوبُ إِلَيْهِ. ",
            "3": ""

        },
        "farsi": {
            "1": "از خدا آمرزش و توبه می‌خواهم.",
            "2": " آمرزش می‌خواهم از خدا که معبودی جز او نیست، بخشنده‌ی مهربان، زنده به خود، پاینده و به‌سوی او باز می‌گردم. ",
            "3": ""

        },
        "tozih": {
            "1": " [در ماه شعبان] هر روز «هفتاد مرتبه\u200C» بگوید: ",
            "2": " [و نیز] هر روز «هفتاد مرتبه» بخواند: ",
            "3": " در بعضى از روایات «الْحَیُّ الْقَیُّوْمُ» پیش از «الرَّحْمٰنُ الرَّحِیمُ» است و عمل به هر دو خوب است؛\n\nو از روایات استفاده می\u200Cشود که بهترین دعاها و ذکرها در این ماه «استغفار» است و هرکه در هر روز این ماه «هفتاد مرتبه» استغفار کند، مانند این است که در ماه\u200Cهای دیگر هفتاد هزار مرتبه استغفار بجا آورد.\n\n[همچنین] در این ماه صدقه بدهد، گرچه نصف دانه خرمایی باشد تا حق\u200Cتعالی بدن او را بر آتش دوزخ حرام کند.\n\nاز امام صادق(علیه\u200Cالسلام) روایت شده: که از وجود مبارک ایشان درباره فضیلت روزه رجب پرسیدند، فرمود: چرا از روزه شعبان غافل هستید؟ راوی عرض کرد: یابنَ رسول\u200Cالله، کسی که یک روز از شعبان را روزه بدارد، چه ثوابی دارد؟ فرمود: به خدا سوگند بهشت پاداش آن است.\nعرض کرد: یابنَ رسول\u200Cالله، بهترین اعمال در این ماه چیست؟ فرمود: صدقه و استغفار، هرکه در ماه شعبان صدقه دهد حق\u200Cتعالی آن را رشد و نمو دهد همان\u200Cگونه که یکی از شما بچّه شترش را رشد می\u200Cدهد تا آن\u200Cکه در قیامت، درحالی\u200Cکه به اندازه کوه احد شده باشد به صاحبش بازگردد. ",
            "4": ""

        }
    }
}