{
    "45": {
        "number": 45,
        "bab": 2,
        "title": "ثواب فراوان روزه داری در ماه شعبان",
        "arabic": {
            "1": ""
        },
        "farsi": {
            "1": ""

        },
        "tozih": {
            "1": "از امام صادق(علیه\u200Cالسلام) روایت شده: که از وجود مبارک ایشان درباره فضیلت روزه رجب پرسیدند، فرمود: چرا از روزه شعبان غافل هستید؟ راوی عرض کرد: یابنَ رسول\u200Cالله، کسی که یک روز از شعبان را روزه بدارد، چه ثوابی دارد؟ فرمود: به خدا سوگند بهشت پاداش آن است.\nعرض کرد: یابنَ رسول\u200Cالله، بهترین اعمال در این ماه چیست؟ فرمود: صدقه و استغفار، هرکه در ماه شعبان صدقه دهد حق\u200Cتعالی آن را رشد و نمو دهد همان\u200Cگونه که یکی از شما بچّه شترش را رشد می\u200Cدهد تا آن\u200Cکه در قیامت، درحالی\u200Cکه به اندازه کوه احد شده باشد به صاحبش بازگردد.\n\nو نیز روزه هر پنجشنبه این ماه فضیلت بسیار دارد. روایت شده: که در هر پنجشنبه ماه شعبان آسمان\u200Cها را زینت می\u200Cکنند، پس فرشتگان عرض می\u200Cکنند: خدایا! روزه\u200Cداران این روز را بیامرز و دعای آنان را اجابت فرما.\nدر خبر نبوی است: هرکه روز دوشنبه و پنجشنبه شعبان را روزه بگیرد، حق\u200Cتعالی بیست حاجت از حاجات دنیا و بیست حاجت از حاجات آخرت او را برآورد. "

        }
    }
}