{
    "46": {
        "number": 46,
        "bab": 2,
        "title": "صلوات هر روز ماه شعبان",
        "arabic": {
            "1": "اللّٰهُمَّ صَلِّ عَلىٰ مُحَمَّدٍ وَآلِ مُحَمَّدٍ شَجَرَةِ النُّبُوَّةِ ، وَمَوضِعِ الرِّسالَةِ ، وَمُخْتَلَفِ الْمَلائِكَةِ ، وَمَعْدِنِ الْعِلْمِ ، وَأَهْلِ بَيْتِ الْوَحْىِ . اللّٰهُمَّ صَلِّ عَلىٰ مُحَمَّدٍ وَآلِ مُحَمَّدٍ الْفُلْكِ الْجارِيَةِ فِى اللُّجَجِ الْغامِرَةِ ، يَأْمَنُ مَنْ رَكِبَها ، وَيَغْرَقُ مَنْ تَرَكَهَا ، الْمُتَقَدِّمُ لَهُمْ مارِقٌ ، وَالْمُتَأَخِّرُ عَنْهُمْ زاهِقٌ ، وَاللَّازِمُ لَهُمْ لاحِقٌ . ",
            "2": "اللّٰهُمَّ صَلِّ عَلىٰ مُحَمَّدٍ وَآلِ مُحَمَّدٍ الْكَهْفِ الْحَصِينِ ، وَغِياثِ الْمُضْطَرِّ الْمُسْتَكِينِ ، وَمَلْجَاَ الْهارِبِينَ ، وَعِصْمَةِ الْمُعْتَصِمِينَ . اللّٰهُمَّ صَلِّ عَلىٰ مُحَمَّدٍ وَآلِ مُحَمَّدٍ صَلاةً كَثِيرَةً تَكُونُ لَهُمْ رِضاً ، وَ لِحَقِّ مُحَمَّدٍ وَآلِ مُحَمَّدٍ أَداءً وَقَضاءً بِحَوْلٍ مِنْكَ وَقُوَّةٍ يَا رَبَّ الْعالَمِينَ . اللّٰهُمَّ صَلِّ عَلىٰ مُحَمَّدٍ وَآلِ مُحَمَّدٍ الطَّيِّبِينَ الْأَبْرارِ الْأَخْيارِ ، الَّذِينَ أَوْجَبْتَ حُقُوقَهُمْ ، وَفَرَضْتَ طاعَتَهُمْ وَوِلايَتَهُمْ . ",
            "3": "اللّٰهُمَّ صَلِّ عَلىٰ مُحَمَّدٍ وَآلِ مُحَمَّدٍ وَاعْمُرْ قَلْبِى بِطاعَتِكَ ، وَلَا تُخْزِنِى بِمَعْصِيَتِكَ ، وَارْزُقْنِى مُواساةَ مَنْ قَتَّرْتَ عَلَيْهِ مِنْ رِزْقِكَ؛ بِما وَسَّعْتَ عَلَىَّ مِنْ فَضْلِكَ ، وَنَشَرْتَ عَلَىَّ مِنْ عَدْلِكَ ، وَأَحْيَيْتَنِى تَحْتَ ظِلِّكَ ، وَهٰذا شَهْرُ نَبِيِّكَ سَيِّدِ رُسُلِكَ شَعْبانُ الَّذِى حَفَفْتَهُ مِنْكَ بِالرَّحْمَةِ وَالرِّضْوانِ الَّذِى كانَ رَسُولُ اللّٰهِ صَلَّى اللّٰهُ عَلَيْهِ وَآلِهِ وَسَلَّمَ  يَدْأَبُ فِى صِيامِهِ وَقِيامِهِ فِى لَيالِيهِ وَأَيَّامِهِ بُخُوعاً لَكَ فِى إِكْرامِهِ وَ إِعْظامِهِ إِلىٰ مَحَلِّ حِمامِهِ . ",
            "4": "اللّٰهُمَّ فَأَعِنَّا عَلَى الاسْتِنانِ بِسُنَّتِهِ فِيهِ، وَنَيْلِ الشَّفاعَةِ لَدَيْهِ . اللّٰهُمَّ وَاجْعَلْهُ لِى شَفِيعاً مُشَفَّعاً ، وَطَرِيقاً إِلَيْكَ مَهْيَعاً ، وَاجْعَلْنِى لَهُ مُتَّبِعاً حَتّىٰ أَلْقاكَ يَوْمَ الْقِيامَةِ عَنِّى راضِياً ، وَعَنْ ذُنُوبِى غاضِياً ، قَدْ أَوْجَبْتَ لِى مِنْكَ الرَّحْمَةَ وَالرِّضْوانَ ، وَأَنْزَلْتَنِى دارَ الْقَرارِ وَمَحَلَّ الْأَخْيارِ.",
            "5": ""
        },
        "farsi": {
            "1": "  خدایا! بر محمّد و خاندان محمد درود فرست، درخت نبوت و جایگاه رسالت و محل آمد و شد فرشتگان و معدن دانش و خانواده وحی، خدایا! بر محمّد و خاندان محمّد درود فرست، کشتی روان در اقیانوس‌های عمیق، هرکه به آن توسّل جوید ایمنی یابد و هرکه آن را رها کند غرق شود، پیش افتاده از آن‌ها از دین خارج است و عقب مانده از آنان نابود است و همراه آنان ملحق به‌حق است.",
            "2": " خدایا! بر محمّد و خاندان محمّد درود فرست، پناهگاه محکم و فریادرس بیچارگان درمانده و پناه گریختگان و دستاویز استوار برای چنگ‌اندازان، خدایا! بر محمّد و خاندان محمّد درود فرست، درودی فراوان که برای آنان موجب خشنودی و برای ما مایه اداکردن و بجا آوردن حق محمّد و خاندان محمّد باشد، به حول و نیرویت ای پروردگار جهانیان. خدایا! بر محمّد و خاندان محمّد درود فرست، آن پاکان و نیکان و خوبان‌که حقوقشان را بر همه واجب کردی و پیروی ولایتشان را بر همگان فرض نمودی.",
            "3": " خدایا! بر محمّد و خاندان محمّد درود فرست و دلم را با طاعتت آباد کن و به نافرمانی از خود رسوایم مساز و همیاری با آن‌که رزقت را بر او تنگ گرفتی؛  به مدد آنچه از فضلت بر من وسعت دادی و از عدلت بر من گستردی و مرا در سایه رحمتت زنده داشتی روزی من فرما، این است ماه پیامبرت، آن سرور فرستادگان، شعبانی که آن را به رحمت و رضوانت پوشاندی، ماهی که رسول خدا (درود خدا بر او و خاندانش باد) در روزه‌داری و بپاداری عبادت در شب‌ها و روزهایش تا هنگام مرگ، با تمام توان کوشش می‌کرد، تنها برای فروتنی در برابرت و گرامی داشت و بزرگداشت ماه شعبان،",
            "4": " خدایا! ما را در این ماه به پیروی از روشش و رسیدن به شفاعتش یاری فرما، خدایا! او را برای من شفیعی با شفاعت پذیرفته و راهی روشن به سویت قرار ده و ما را پیرو او گردان تا آنگاه که تو را در قیامت دیدار کنم، درحالی‌که از من خشنود باشی و از گناهانم چشم‌پوشی و رحمت و رضوانت را بر من واجب نموده و مرا در بهشت و جایگاه خوبان درآورده باشی.",
            "5": ""

        },
        "tozih": {
            "1": "در هر روز شعبان در وقت زوال [وقت ظهر شرعی] و در شب نیمه‌ی آن این صلوات را که از حضرت زین‌العابدین (علیه‌السلام) روایت شده بخواند: ",
            "2": "",
            "3": "",
            "4": "",
            "5": ""
        }
    }
}