{
    "47": {
        "number": 47,
        "bab": 2,
        "title": "مناجات شعبانیه (مناجات ائمه (ع) در ماه شعبان)",
        "arabic": {
            "1": "اللّٰهُمَّ صَلِّ عَلىٰ مُحَمَّدٍ وَآلِ مُحَمَّدٍ وَاسْمَعْ دُعائِى إِذا دَعَوْتُكَ ، وَاسْمَعْ نِدائِى إِذا نادَيْتُكَ، وَأَقْبِلْ عَلَىَّ إِذا ناجَيْتُكَ ، فَقَدْ هَرَبْتُ إِلَيْكَ ، وَوَقَفْتُ بَيْنَ يَدَيْكَ مُسْتَكِيناً لَكَ ، مُتَضَرِّعاً إِلَيْكَ ، راجِياً لِما لَدَيْكَ ثَوابِى ، وَتَعْلَمُ مَا فِى نَفْسِى ، وَتَخْبُرُ حاجَتِى ، وَتَعْرِفُ ضَمِيرِى ، وَلَا يَخْفىٰ عَلَيْكَ أَمْرُ مُنْقَلَبِى وَمَثْواىَ ، وَما أُرِيدُ أَنْ أُبْدِئَ بِهِ مِنْ مَنْطِقِى ، وَأَتَفَوَّهُ بِهِ مِنْ طَلِبَتِى ، وَأَرْجُوهُ لِعاقِبَتِى ، وَقَدْ جَرَتْ مَقادِيرُكَ عَلَىَّ يَا سَيِّدِى فِيما يَكُونُ مِنِّى إِلىٰ آخِرِ عُمْرِى مِنْ سَرِيرَتِى وَعَلانِيَتِى وَبِيَدِكَ لَابِيَدِ غَيْرِكَ زِيادَتِى وَنَقْصِى وَنَفْعِى وَضَرِّى . ",
            "2": "إِلٰهِى إِنْ حَرَمْتَنِى فَمَنْ ذَا الَّذِى يَرْزُقُنِى ؟ وَ إِنْ خَذَلْتَنِى فَمَنْ ذَا الَّذِى يَنْصُرُنِى؛ إِلٰهِى أَعُوذُ بِكَ مِنْ غَضَبِكَ وَحُلُولِ سَخَطِكَ . إِلٰهِى إِنْ كُنْتُ غَيْرَ مُسْتَأْهِلٍ لِرَحْمَتِكَ فَأَنْتَ أَهْلٌ أَنْ تَجُودَ عَلَىَّ بِفَضْلِ سَعَتِكَ . إِلٰهِى كَأَنِّى بِنَفْسِى واقِفَةٌ بَيْنَ يَدَيْكَ وَقَدْ أَظَلَّها حُسْنُ تَوَكُّلِى عَلَيْكَ فَقُلْتَ  مَا أَنْتَ أَهْلُهُ وَتَغَمَّدْتَنِى بِعَفْوِكَ . ",
            "3": "إِلٰهِى إِنْ عَفَوْتَ فَمَنْ أَوْلىٰ مِنْكَ بِذٰلِكَ ؟ وَ إِنْ كانَ قَدْ دَنا أَجَلِى وَلَمْ يُدْنِنِى مِنْكَ عَمَلِى فَقَدْ جَعَلْتُ الْإِقْرارَ بِالذَّنْبِ إِلَيْكَ وَسِيلَتِى . إِلٰهِى قَدْ جُرْتُ عَلىٰ نَفْسِى فِى النَّظَرِ لَها فَلَهَا الْوَيْلُ إِنْ لَمْ تَغْفِرْ لَها . إِلٰهِى لَمْ يَزَلْ بِرُّكَ عَلَىَّ أَيَّامَ حَياتِى فَلا تَقْطَعْ بِرَّكَ عَنِّى فِى مَماتِى .",
            "4": "إِلٰهِى كَيفَ آيَسُ مِنْ حُسْنِ نَظَرِكَ لِى بَعْدَ مَماتِى وَأَنْتَ لَمْ تُوَلِّنِى  إِلّا الْجَمِيلَ فِى حَيَاتِى؛ إِلٰهِى تَوَلَّ مِنْ أَمْرِى مَا أَنْتَ أَهْلُهُ ، وَعُدْ عَلَىَّ  بِفَضْلِكَ عَلىٰ مُذْنِبٍ قَدْ غَمَرَهُ جَهْلُهُ . إِلٰهِى قَدْ سَتَرْتَ عَلَىَّ ذُنُوباً فِى الدُّنْيا وَأَنَا أَحْوَجُ إِلىٰ سَتْرِها عَلَىَّ مِنْكَ فِى الْأُخْرىٰ . ",
            "5": "إِلٰهِى قَدْ أَحْسَنْتَ إِلَىَّ  إِذْ لَمْ تُظْهِرْها لِأَحَدٍ مِنْ عِبادِكَ الصَّالِحِينَ فَلا تَفْضَحْنِى يَوْمَ الْقِيامَةِ عَلىٰ رُؤُوسِ الْأَشْهادِ . إِلٰهِى جُودُكَ بَسَطَ أَمَلِى ، وَعَفْوُكَ أَفْضَلُ مِنْ عَمَلِى . إِلٰهِى فَسُرَّنِى بِلِقائِكَ يَوْمَ تَقْضِى فِيهِ بَيْنَ عِبادِكَ . إِلٰهِى اعْتِذارِى إِلَيْكَ اعْتِذارُ مَنْ لَمْ يَسْتَغْنِ عَنْ قَبُولِ عُذْرِهِ فَاقْبَلْ عُذْرِى يَا أَكْرَمَ مَنِ اعْتَذَرَ إِلَيْهِ الْمُسِيئُونَ؛",
            "6": " إِلٰهِى لَاتَرُدَّ حاجَتِى ، وَلَا تُخَيِّبْ طَمَعِى ، وَلَا تَقْطَعْ مِنْكَ رَجائِى وَأَمَلِى . إِلٰهِى لَوْ أَرَدْتَ هَوانِى لَمْ تَهْدِنِى ، وَلَوْ أَرَدْتَ فَضِيحَتِى لَمْ تُعافِنِى . إِلٰهِى مَا أَظُنُّكَ تَرُدُّنِى فِى حاجَةٍ قَدْ أَفْنَيْتُ عُمْرِى فِى طَلَبِها مِنْكَ . إِلٰهِى فَلَكَ الْحَمْدُ أَبَداً أَبَداً دائِماً سَرْمَداً يَزِيدُ وَلَا يَبِيدُ كَما تُحِبُّ وَتَرْضىٰ . ",
            "7": "إِلٰهِى إِنْ أَخَذْتَنِى بِجُرْمِى أَخَذْتُكَ بِعَفْوِكَ ، وَ إِنْ أَخَذْتَنِى بِذُنُوبِى أَخَذْتُكَ بِمَغْفِرَتِكَ ، وَ إِنْ أَدْخَلْتَنِى النَّارَ أَعْلَمْتُ أَهْلَها أَنِّى أُحِبُّكَ . إِلٰهِى إِنْ كانَ صَغُرَ فِى جَنْبِ طاعَتِكَ عَمَلِى فَقَدْ كَبُرَ فِى جَنْبِ رَجائِكَ أَمَلِى . ",
            "8": "إِلٰهِى كَيْفَ أَنْقَلِبُ مِنْ عِنْدِكَ بِالْخَيْبَةِ مَحْرُوماً وَقَدْ كانَ حُسْنُ ظَنِّى بِجُودِكَ أَنْ تَقْلِبَنِى بِالنَّجاةِ مَرْحُوماً ؟! إِلٰهِى وَقَدْ أَفْنَيْتُ عُمْرِى فِى شِرَّةِ  السَّهْوِ عَنْكَ ، وَأَبْلَيْتُ شَبابِى فِى سَكْرَةِ التَّباعُدِ مِنْكَ . إِلٰهِى فَلَمْ أَسْتَيْقِظْ أَيَّامَ اغْتِرارِى بِكَ ، وَرُكُونِى إِلىٰ سَبِيلِ سَخَطِكَ؛ ",
            "9": "إِلٰهِى وَأَنَا عَبْدُكَ وَابْنُ عَبْدِكَ قائِمٌ بَيْنَ يَدَيْكَ ، مُتَوَسِّلٌ بِكَرَمِكَ إِلَيْكَ . إِلٰهِى أَنَا عَبْدٌ أَتَنَصَّلُ  إِلَيْكَ مِمَّا كُنْتُ أُواجِهُكَ بِهِ مِنْ قِلَّةِ اسْتِحْيائِى مِنْ نَظَرِكَ ، وَأَطْلُبُ الْعَفْوَ مِنْكَ إِذِ الْعَفْوُ نَعْتٌ لِكَرَمِكَ . إِلٰهِى لَمْ يَكُنْ لِى حَوْلٌ فَأَنْتَقِلَ بِهِ عَنْ مَعْصِيَتِكَ إِلّا فِى وَقْتٍ أَيْقَظْتَنِى لَِمحَبَّتِكَ ، وَكَما أَرَدْتَ أَنْ أَكُونَ كُنْتُ فَشَكَرْتُكَ بِإِدْخالِى فِى كَرَمِكَ ، وَ لِتَطْهِيرِ قَلْبِى مِنْ أَوْساخِ الْغَفْلَةِ عَنْكَ .",
            "10": " إِلٰهِى انْظُرْ إِلَىَّ نَظَرَ مَنْ نادَيْتَهُ فَأَجابَكَ ، وَاسْتَعْمَلْتَهُ بِمَعُونَتِكَ فَأَطاعَكَ ، يَا قَرِيباً لَايَبْعُدُ عَنِ الْمُغْتَرِّ بِهِ ، وَيا جَواداً لَايَبْخَلُ عَمَّنْ رَجا ثَوابَهُ . إِلٰهِى هَبْ لِى قَلْباً يُدْنِيهِ مِنْكَ شَوْقُهُ ، وَ لِساناً يُرْفَعُ إِلَيْكَ صِدْقُهُ ، وَنَظَراً يُقَرِّبُهُ مِنْكَ حَقُّهُ . إِلٰهِى إِنَّ مَنْ تَعَرَّفَ بِكَ غَيْرُ مَجْهُولٍ ، وَمَنْ لاذَبِكَ غَيْرُ مَخْذُولٍ ، وَمَنْ أَقْبَلْتَ عَلَيْهِ غَيْرُ مَمْلُوكٍ؛",
            "11": " إِلٰهِى إِنَّ مَنِ انْتَهَجَ بِكَ لَمُسْتَنِيرٌ ، وَ إِنَّ مَنِ اعْتَصَمَ بِكَ لَمُسْتَجِيرٌ ، وَقَدْ لُذْتُ بِكَ يَا إِلٰهِى فَلا تُخَيِّبْ ظَنِّى مِنْ رَحْمَتِكَ ، وَلَا تَحْجُبْنِى عَنْ رَأْفَتِكَ . إِلٰهِى أَقِمْنِى فِى أَهْلِ وِلايَتِكَ مُقامَ مَنْ رَجَا الزِّيادَةَ مِنْ مَحَبَّتِكَ . إِلٰهِى وَأَلْهِمْنِى وَلَهاً بِذِكْرِكَ إِلىٰ ذِكْرِكَ ، وَهِمَّتِى فِى رَوْحِ نَجاحِ أَسْمائِكَ وَمَحَلِّ قُدْسِكَ . إِلٰهِى بِكَ عَلَيْكَ إِلّا أَلْحَقْتَنِى بِمَحَلِّ أَهْلِ طاعَتِكَ ، وَالْمَثْوَى الصَّالِحِ مِنْ مَرْضاتِكَ ، فَإِنِّى لَاأَقْدِرُ لِنَفْسِى دَفْعاً ، وَلا أَمْلِكُ لَها نَفْعاً .",
            "12": " إِلٰهِى أَنَا عَبْدُكَ الضَّعِيفُ الْمُذْنِبُ ، وَمَمْلُوكُكَ الْمُنِيبُ  فَلاٰ تَجْعَلْنِى مِمَّنْ صَرَفْتَ عَنْهُ وَجْهَكَ ، وَحَجَبَهُ سَهْوُهُ عَنْ عَفْوِكَ . إِلٰهِى هَبْ لى كَمالَ الانْقِطاعِ إِلَيْكَ ، وَأَنِرْ أَبْصارَ قُلُوبِنا بِضِياءِ نَظَرِها إِلَيْكَ ، حَتَّىٰ تَخْرِقَ أَبْصارُ الْقُلُوبِ حُجُبَ النُّورِ فَتَصِلَ إِلىٰ مَعْدِنِ الْعَظَمَةِ ، وَتَصِيرَ أَرْواحُنا مُعَلَّقَةً بِعِزِّ قُدْسِكَ. إِلٰهِى وَاجْعَلْنِى مِمَّنْ نادَيْتَهُ فَأَجابَكَ ، وَلاحَظْتَهُ فَصَعِقَ لِجَلالِكَ ، فَناجَيْتَهُ سِرّاً وَعَمِلَ لَكَ جَهْراً؛",
            "13": "إِلٰهِى لَمْ أُسَلِّطْ عَلىٰ حُسْنِ ظَنِّى قُنُوطَ الْأَياسِ ، وَلَا انْقَطَعَ رَجائِى مِنْ جَمِيلِ كَرَمِكَ . إِلٰهِى إِنْ كانَتِ الْخَطايَا قَدْ أَسْقَطَتْنِى لَدَيْكَ فَاصْفَحْ عَنِّى بِحُسْنِ تَوَكُّلِى عَلَيْكَ . إِلٰهِى إِنْ حَطَّتْنِى الذُّنُوبُ مِنْ مَكارِمِ لُطْفِكَ فَقَدْ نَبَّهَنِى الْيَقِينُ إِلىٰ كَرَمِ عَطْفِكَ . إِلٰهِى إِنْ أَنامَتْنِى الْغَفْلَةُ عَنِ الاسْتِعْدادِ لِلِقائِكَ فَقَدْ نَبَّهَتْنِى الْمَعْرِفَةُ بِكَرَمِ آلائِكَ . ",
            "14": "إِلٰهِى إِنْ دَعانِى إِلَى النَّارِ عَظِيمُ عِقابِكَ فَقَدْ دَعانِى إِلَى الْجَنَّةِ جَزِيلُ ثَوابِكَ . إِلٰهِى فَلَكَ أَسْأَلُ وَ إِلَيْكَ أَبْتَهِلُ وَأَرْغَبُ ، وَأَسْأَلُكَ أَنْ تُصَلِّىَ عَلىٰ مُحَمَّدٍ وَآلِ مُحَمَّدٍ وَأَنْ تَجْعَلَنِى مِمَّنْ يُدِيمُ ذِكْرَكَ ، وَلَا يَنْقُضُ عَهْدَكَ ، وَلَا يَغْفُلُ عَنْ شُكْرِكَ ، وَلَا يَسْتَخِفُّ بِأَمْرِكَ .",
            "15": " إِلٰهِى وَأَلْحِقْنِى بِنُورِ عِزِّكَ الْأَبْهَجِ فَأَكُونَ لَكَ عارِفاً ، وَعَنْ سِواكَ مُنْحَرِفاً ، وَمِنْكَ خائِفاً مُراقِباً ، يَا ذَا الْجَلالِ وَالْإِكْرامِ ، وَصَلَّى اللّٰهُ عَلىٰ مُحَمَّدٍ رَسُو لِهِ وَآلِهِ الطَّاهِرِينَ وَسَلَّمَ تَسْلِيماً كَثِيراً. ",
            "16": ""
        },
        "farsi": {
            "1": "خدایا! بر محمّد و خاندان محمّد درود فرست و شنوای دعایم باش آنگاه که می‌خوانمت و صدایم را بشنو گاهی که صدایت می‌کنم و به من توجّه کن هنگامی‌که با تو مناجات می‌نمایم، همانا به‌سوی تو گریختم و در حال درماندگی و زاری در برابرت ایستادم، پاداشی را که نزد توست امیدوارم، آنچه را که در درون دارم می‌دانی، بر حاجتم خبر داری، نهانم را می‌شناسی، کار بازگشت به آخرت و خانه ابدی‌ام بر تو پوشیده نیست و آنچه می‌خواهم به زبان آرم و خواهش خویش را بازگو کنم و هم آنچه را که برای عاقبتم امید دارم، بر تو پنهان نیست، همانا آنچه تقدیر نموده‌ای بر من ای آقای من، در آنچه تا پایان عمر بر من فرود می‌آید از نهان و آشکارم جاری شده است و تنها به دست توست نه به دست غیر تو، فزونی و کاستی‌ام و سود و زیانم، ",
            "2": "خدایا! اگر محرومم کنی پس کیست آن‌که به من روزی دهد؟ و اگر خوارم‌سازی پس کیست آن‌که به من یاری رساند؛ خدایا! به تو پناه می‌آورم از خشمت و از فرود آمدن غضبت. خدایا! اگر شایسته رحمتت نیستم، تو سزاواری که بر من با فراوانی فضلت بخشش نمایی، خدایا! گویی من با همه هستی‌ام در برابرت ایستاده‌ام، درحالی‌که حسن اعتمادم بر تو، بر وجودم سایه افکنده است و آنچه را تو شایسته آنی بر من جاری کرده‌ای و مرا با عفوت پوشانده‌ای،",
            "3": " خدایا! اگر گذشت کنی، چه کسی از تو سزاوارتر به آن است؟ و اگر مرگم نزدیک شده باشد و عملم مرا به تو نزدیک نکرده، اعترافم را به گناه، وسیله خویش به بارگاهت قرار دادم. خدایا بر نفسم در فرمان‌بری از آن گناه بار کردم، پس وای بر او اگر او را نیامرزی، خدایا نیکی‌ات بر من در روزهای زندگی‌ام پیوسته بود، پس نیکی خویش را در هنگام مرگم از من قطع مکن. ",
            "4": "خدایا چگونه از حسن توجهت پس از مرگم ناامید شوم؟ درحالی‌که در طول زندگی‌ام مرا جز به نیکی سرپرستی نکردی؛ خدایا کارم را چنان‌که سزاوار آنی بر عهده گیر، خدایا به‌سوی من با فضلت بازگرد، به‌سوی گناهکاری که جهلش سراپایش را پوشانده، خدایا گناهانی را در دنیا بر من پوشاندی که بر پوشاندن آن‌ها در آخرت محتاج‌ترم،",
            "5": " خدایا به من نیکی کردی چرا که گناهم را در دنیا برای هیچ‌یک از بندگان شایسته‌ات آشکار نکردی، پس مرا در قیامت در برابر دیدگان مردم رسوا مکن، خدایا جود تو آرزویم را گسترده ساخت و عفو تو از عمل من برتری گرفت. بار خدایا، روزی که در آن میان بندگانت حکم می‌کنی، مرا به دیدارت خوشحال کن.  خدایا عذرخواهی من از پیشگاهت عذرخواهی کسی است که از پذیرفتن عذرش بی‌نیاز نگشته، پس عذرم را بپذیر ای کریم‌ترین کسی که بدکاران از او پوزش خواستند.",
            "6": "  خدایا، حاجتم را برمگردان و طمعم را قرین نومیدی مساز و امید و آرزویم را از خود مَبُر. خدایا، اگر خواری‌ام را می‌خواستی، هدایتم نمی‌نمودی و اگر رسوایی‌ام را خواسته بودی عافیتم نمی‌بخشیدی، خدایا، این گمان را به تو ندارم که مرا در حاجتی که عمرم را در طلبش سپری کرده‌ام، از درگاهت بازگردانی. خدایا تو را سپاس، سپاسی ابدی و جاودانه، همیشگی و بی‌پایان، سپاسی که افزون شود و نابود نگردد، آن‌گونه که پسندی و خشنود گردی،",
            "7": "خدایا، اگر مرا بر جرمم بگیری، من نیز تو را به عفوت بگیرم و اگر به گناهانم بنگری، جز به آمرزشت ننگرم و اگر مرا وارد دوزخ کنی، به اهل آن آگاهی دهم که تو را دوست دارم. خدایا، اگر عملم در برابر طاعتت کوچک بوده، همانا از سر امید به تو آرزویم بزرگ است. ",
            "8": "خدایا، چگونه از بارگاهت با نومیدی و محرومیت بازگردم، درحالی‌که خوش‌گمانی‌ام به بخشش و وجودت این بوده که مرا نجات‌یافته و بخشیده باز می‌گردانی، خدایا عمرم را در آزمندی غفلت از تو نابود ساختم و جوانی‌ام را در مستی دوری از تو پیر نمودم.  خدایا در روزگار غرور نسبت به تو، بیدار نشدم و گاه تمایلم به‌سوی خشم تو آگاه نگشتم؛ ",
            "9": " خدایا، و من بنده تو و فرزند بنده توأم، در برابرت ایستاده‌ام، به کرمت به حضرت تو متوسّلم. خدایا، بنده‌ای هستم که به درگاهت از آنچه با آن با تو روبرو بوده‌ام از کمی حیایم از مراقبتت نسبت به من بیزاری می‌جویم و از تو درخواست گذشت می‌کنم، زیرا گذشت صفتی درخور کرم توست.  خدایا برایم نیرویی نیست که خود را به‌وسیله آن از عرصه نافرمانی‌ات بیرون برم، مگر آنگاه که به محبّتت بیدارم سازی و آن‌چنان‌که خواستی باشم، پس تو را شکر گذارم، برای اینکه در آستان کرمت واردم کردی و هم اینکه دلم را از آلایه‌های غفلت از حضرتت پاک نمودی.",
            "10": " خدایا، بر من نظر کن، نظر به کسی که صدایش کردی و تو را اجابت کرد و به یاری‌ات به کارش گماشتی و او از تو اطاعت کرد، ای نزدیکی که از فریفتگان دور نمی‌شود و ای سخاوتمندی که از امید بستگان به پاداشش دریغ نمی‌ورزد.  خدایا، قلبی به من عنایت کن که اشتیاقش او را به تو نزدیک کند و زبانی که صدقش به‌جانب تو بالا برده شود و نگاهی که حق بودنش او را به تو نزدیک نماید، خدایا، کسی که به تو شناخته شد، ناشناخته نیست و آن‌که به تو پناهنده شد خوار نیست و هرکه را تو به او روی آوری برده نیست؛ ",
            "11": " خدایا، آن‌که به تو راه جوید راهش روشن است و آن‌که به تو پناه جوید در پناه توست و من به تو پناه آوردم ای خدای من، پس گمانم را از رحمتت ناامید مساز و از مهربانی‌ات محرومم مکن، خدایا، در میان اهل ولایتت برنشانم، نشاندن آن‌که به افزون شدن محبّتت امید بسته، خدایا، شیفتگی به ذکرت را پیوسته به من الهام فرما و همّتم را در نسیم کامیابی نام‌هایت و جایگاه قدست قرار ده.  خدایا به‌حق خودت بر خودت، مرا به جایگاه اهل طاعتت و جایگاه شایسته بر ساخته از خشنودی‌ات برسان، زیرا که من نه بر دفعی از خود قدرت دارم و نه بر نفع خویش مالک هستم.",
            "12": " خدایا، من بنده ناتوان گنه‌کار توأم و مملوک توبه‌کننده به پیشگاهت، مرا از کسانی که رویت را از آنان برگرداندی قرار مده و نه از کسانی که غفلتشان از بخششت محرومشان نموده. خدایا کمال جدایی از مخلوقات را، برای رسیدن کامل به خودت به من ارزانی کن و دیدگان دل‌هایمان را به پرتو نگاه به‌سوی خویش روشن کن تا دیدگان دل، پرده‌های نور را دریده و به سرچشمه عظمت دست یابد و جان‌هایمان آویخته به شکوه قدست گردد، خدایا مرا از کسانی قرار ده که آوازشان دادی، پس پاسخت دادند، به آن‌ها توجه فرمودی، پس در برابر بزرگی‌ات مدهوش شدند و با آنان راز پنهان گفتی و آنان آشکارا برای تو کار کردند؛",
            "13": " خدایا، بر خوش‌بینی‌ام ناامیدی و یأس را چیره نسازم و امیدم از زیبایی کرمت نبُرد.  خدایا، اگر خطاهایم مرا از نظرت انداخته، به خاطر حسن اعتمادم بر تو از من چشم‌پوشی کن. خدایا، اگر گناهان از جایگاه مکارم لطفت مرا پائین آورده، اما یقین به کرم عنایتت هشیارم نموده. خدایا، اگر غفلت از آماده شدن برای دیدارت به خوابم فرو برده، ولی معرفت به نعمت‌های کریمانه‌ات مرا بیدار ساخته است.",
            "14": " خدایا، اگر بزرگی مجازاتت مرا به‌سوی آتش فرا خوانده، هرآینه ثواب برجسته‌ات مرا به‌سوی بهشت خوانده است، خدایا، از تو درخواست می‌کنم و به پیشگاهت زاری نموده و رغبت می‌ورزم و از تو می‌خواهم که بر محمّد و خاندان محمّد درود فرستی و مرا از کسانی قرار دهی که ذکرت را همواره بر زبان دارند و پیمانت را نمی‌شکنند و از سپاست غافل نمی‌شوند و فرمانت را سبک نمی‌شمارند،",
            "15": "  خدایا، مرا به نور عزّت بسیار زیبایت برسان تا عارف به وجودت گردم و از غیر تو روی‌گردان شوم و از تو هراسان و برحذر باشم، ای دارای بزرگی و بزرگواری و درود خدا و سلام بسیار او بر محمّد فرستاده‌اش و برخاندان پاکش باد. "
        },
        "tozih": {
            "1": " این مناجات را که از ابن خالویه روایت شده بخواند؛ به گفته او این مناجات حضرت امیرالمؤمنین(علیه‌السلام) و امامان پس از اوست که در ماه شعبان می‌خواندند: ",
            "2": "",
            "3": "",
            "4": "",
            "5": "",
            "6": "",
            "7": "",
            "8": "",
            "9": "",
            "10": "",
            "11": "",
            "12": "",
            "13": "",
            "14": "",
            "15": "",
            "16": "این رازونیاز از مناجات\u200Cهای جلیل\u200Cالقدر ائمه(علیهم\u200Cالسلام) بوده و مشتمل بر مضامین بسیار بلندی است و هرگاه که حضور قلبی باشد، خواندن آن مناسب است."
        }
    }
}