{
    "49": {
        "number": 49,
        "bab": 2,
        "title": "اعمال شب اول ماه شعبان",
        "arabic": {
            "1": ""
        },
        "farsi": {
            "1": ""
        },
        "tozih": {
            "1": "در کتاب «اقبال» نمازهای بسیاری [برای این روز] ذکر شده، از جمله «دوازده رکعت» که در هر رکعت سوره «حمد» «یک مرتبه» و سوره «توحید» «یازده مرتبه» خوانده شود."
        }
    }
}