{
    "54": {
        "number": 54,
        "bab": 2,
        "title": "اهمیت احیای شب نیمه شعبان",
        "arabic": {
            "1": ""

        },
        "farsi": {
            "1": ""

        },
        "tozih": {
            "1": "شب‌ زنده‌داری به نماز و دعا و استغفار [از جمله اعمال شب نیمه شعبان است]، چنان‌ که امام زین‌العابدین (علیه‌السلام) انجام می‌دادند و در روایت آمده: هرکه این شب را به رازونیاز و عبادت بپردازد دل او نمیرد در روزی که دل‌ها بمیرند."
        }
    }
}