{
    "55": {
        "number": 55,
        "bab": 2,
        "title": "بهترین عمل در شب نیمه شعبان",
        "arabic": {
            "1": " السَّلامُ عَلَيْكَ يَا أَبا عَبْدِاللّٰه، السَّلامُ عَلَيْكَ وَرَحْمَةُ اللّٰه وَبَرَكاتُهُ. ",
            "2": "",
            "3": ""

        },
        "farsi": {
            "1": " درود بر تو ای اباعبدالله، درود و رحمت و برکات خدا بر تو.",
            "2": "",
            "3": ""
        },
        "tozih": {
            "1": "زیارت امام حسین(علیه\u200Cالسلام) که افضل اعمال این شب است و باعث آمرزش گناهان است و هرکه میل دارد تا ارواح صدوبیست\u200Cوچهار هزار پیامبر با او دست آشنایی دهند، در این شب، امام حسین(علیه\u200Cالسلام) را زیارت کند.\n\nکم\u200Cترین حدّ زیارت آن حضرت آن است که بر بالای بامی برآید و به جانب راست و چپ بنگرد، سپس سر به سوی آسمان بردارد و با این کلمات حضرت را زیارت کند: ",
            "2": "و هرکس در هر کجا که باشد و در هر زمان آن حضرت را به این شیوه زیارت کند، امید است که پاداش حجّ و عمره برای او نوشته شود؛",
            "3": "و زیارت ویژه این شب در باب زیارات «زیارت امام حسین(ع) در اول و نیمه رجب و نیمه شعبان» است"
        }
    }
}