{
    "57": {
        "number": 57,
        "bab": 2,
        "title": "ذکر برآورده شدن حاجات و بخشش گناهان در شب نیمه شعبان",
        "arabic": {
            "1": ""

        },
        "farsi": {
            "1": ""

        },
        "tozih": {
            "1": "هریک از ذکرهای «سُبْحانَ اللّٰه» و «الحَمْدُ للّٰه» و «اللّٰه أَکْبَر» و «لَا إِلٰهَ إلَّااللّٰه» را «صد مرتبه» بگوید تا خدا تعالی همه گناهان گذشته او را بیامرزد و حاجت\u200Cهای دنیا و آخرت او را برآورد. "
        }
    }
}