{
    "60": {
        "number": 60,
        "bab": 2,
        "title": "نمازهای شب نیمه شعبان",
        "arabic": {
            "1": " اللّٰهُمَّ إِنِّى إِلَيْكَ فَقِيرٌ، وَمِنْ عَذابِكَ خائِفٌ مُسْتَجِيرٌ . اللّٰهُمَّ لَاتُبَدِّلِ اسْمِى، وَلَا تُغَيِّرْ جِسْمِى، وَلَا تَجْهَدْ بَلائِى، وَلَا تُشْمِتْ بِى أَعْدائِى، أَعُوذُ بِعَفْوِكَ مِنْ عِقابِكَ، وَأَعُوذُ بِرَحْمَتِكَ مِنْ عَذابِكَ، وَأَعُوذُ بِرِضاكَ مِنْ سَخَطِكَ، وَأَعُوذُ بِكَ مِنْكَ، جَلَّ ثَناؤُكَ أَنْتَ كَما أَثْنَيْتَ عَلَىٰ نَفْسِكَ وَفَوْقَ مَا يَقُولُ الْقائِلُونَ. ",
            "2": "",
            "3": "",
            "4": "",
            "5": "",
            "6": "",
            "7": "",
            "8": ""
        },
        "farsi": {
            "1": " خدایا! نیازمند به توأم و از عذابت بیمناک و به تو پناهنده\u200Cام، خدایا! نامم را از گروه بندگان به گروهی دیگر تبدیل مکن، جسمم را تغییر مده، آزمونم را سخت مکن، دشمن\u200Cشادم مساز، پناه می\u200Cآورم به گذشتت از مجازاتت و به رحمتت از عذابت و به خشنودی\u200Cات از خشمت و به تو از تو، ثنایت بس بزرگ است، تو چنانی که خود بر خویش ثنا کردی و برتر از آنچه گویندگان گویند. ",
            "2": "",
            "3": "",
            "4": "",
            "5": "",
            "6": "",
            "7": "",
            "8": ""
        },
        "tozih": {
            "1": "نمازهای این شب بسیار است، از جمله نمازی است که ابویحیی صنعانی از امام باقر و امام صادق(علیهماالسلام) روایت کرده و همچنین سی نفر از کسانی که مورد اطمینان و اعتماد هستند از آن دو بزرگوار روایت کرده\u200Cاند: که هرگاه شب نیمه شعبان فرا رسید چهار رکعت نماز بخوان به این ترتیب که در هر رکعت سوره «حمد» و پس از آن «صد مرتبه» سوره «توحید» و چون فارغ شدی بگو:",
            "2": "و بدان که برای خواندن «صد رکعت» نماز در این شب به این ترتیب که: در هر رکعت سوره «حمد» «یک مرتبه» و سوره «توحید» «ده مرتبه»، برتری و مزیت بسیار وارد شده؛\nو در اعمال ماه رجب دستورالعمل «شش رکعت» نماز در این شب با سوره\u200Cهای «حمد» و «یس» و «تَبارَک» و سوره «توحید» گذشت. "
        }
    }
}