{
    "61": {
        "number": 61,
        "bab": 2,
        "title": "اعمال روز نیمه شعبان",
        "arabic": {
            "1": ""
        },
        "farsi": {
            "1": ""
        },
        "tozih": {
            "1": "روز ولادت شریف امام دوازدهم مولانا و امامنا المهدی حضرت حجّة بن الحسن صاحب الزّمان (صلوات‌الله‌علیه و علی‌آبائه) است.\nزیارت آن حضرت در هر زمان و مکان و دعا برای تعجیل فرج آن حضرت به هنگام زیارتش مستحب است و زیارت آن حضرت در سرداب شهر سامرّاء تأکید بیشتری دارد\nو اوست که ظهور و فرمانروایی‌اش یقینی است و اوست که زمین را پر از عدل و داد می‌کند، چنان که از ستم و بیداد پر شده است. "
        }
    }
}