{
    "62": {
        "number": 62,
        "bab": 2,
        "title": "اعمال روزهای آخر ماه شعبان",
        "arabic": {
            "1": "اللّٰهُمَّ إِنْ لَمْ تَكُنْ غَفَرْتَ لَنا فِيما مَضَىٰ مِنْ شَعْبانَ فَاغْفِرْ لَنا فِيما بَقِيَ مِنْهُ.",
            "2": ""
        },
        "farsi": {
            "1": " خدایا، اگر در آنچه از ماه شعبان گذشت ما را نیامرزیدی، پس در آن مقدار که از آن باقی مانده است ما را بیامرز. ",
            "2": ""
        },
        "tozih": {
            "1": " از حضرت رضا(علیه‌السلام) روایت شده: هرکه سه روز آخر ماه شعبان را روزه بدارد و آن را به ماه مبارک رمضان پیوند دهد حق‌تعالی ثواب روزه‌ی دو ماه پی‌درپی را برای او بنویسد.\n\nابوالصّلت هروی روایت کرده: در جمعه آخر ماه شعبان خدمت حضرت رضا(علیه‌السلام) رسیدم، حضرت فرمود: ای ابوالصّلت بیشتر ماه شعبان گذشت و این روز جمعه آخر آن است، پس تدارک و تلافی کن در انجام آنچه از این ماه باقی مانده و کوتاهی‌هایی که در گذشته این ماه کرده‌ای و بر تو باد که بر آنچه برای تو سودمند است روی آوری و بسیار دعا و استغفار کرده و قرآن تلاوت کن و از گناهان خود به‌سوی خدا توبه کن تا وقتی ماه مبارک فرا رسد، خود را برای خدا خالص کرده باشی؛\n\nو امانت و حق کسی را بر عهده خود مگذار مگر آنکه ادا کنی و در دل خویش کینه کسی را وامگذار مگر آن‌که بیرون کنی و گناهی را مگذار جز آن‌که ترک کنی و از خدا بترس و در امور پنهان و آشکار خود، بر او توکل کن که هرکس بر خدا توکل کند، خدا او را بس است و در باقیمانده ماه این دعا را بسیار بخوان: ",
            "2": " به‌درستی که حق‌تعالی در این ماه، بنده‌های بسیاری را به خاطر حرمت ماه مبارک رمضان، از آتش دوزخ برهاند.  "
        }
    }
}