{
    "63": {
        "number": 63,
        "bab": 2,
        "title": "دعای شب آخر ماه شعبان و شب اول رمضان",
        "arabic": {
            "1": "اللّٰهُمَّ إِنَّ هٰذَا الشَّهْرَ الْمُبارَكَ الَّذِى أُنْزِلَ فِيهِ الْقُرْآنُ وَجُعِلَ هُدىً لِلنَّاسِ وَبَيِّناتٍ مِنَ الْهُدىٰ وَالْفُرْقانِ قَدْ حَضَرَ فَسَلِّمْنا فِيهِ وَسَلِّمْهُ لَنا وَتَسَلَّمْهُ مِنّا فِى يُسْرٍ مِنْكَ وَعافِيَةٍ، يَا مَنْ أَخَذَ الْقَلِيلَ وَشَكَرَ الْكَثِيرَ اقْبَلْ مِنِّى الْيَسِيرَ؛",
            "2": " اللّٰهُمَّ إِنِّى أَسْأَلُكَ أَنْ تَجْعَلَ لِى إِلىٰ كُلِّ خَيْرٍ سَبِيلاً ، وَمِنْ كُلِّ مَا لَاتُحِبُّ مانِعاً يَا أَرْحَمَ الرَّاحِمِينَ ، يَا مَنْ عَفا عَنِّى وَعَمَّا خَلَوْتُ بِهِ مِنَ السَّيِّئاتِ ، يَا مَنْ لَمْ يُؤاخِذْنِى بِارْتِكابِ الْمَعاصِى ، عَفْوَكَ عَفْوَكَ عَفْوَكَ ، يَا كَرِيمُ؛   ",
            "3": "إِلٰهِى وَعَظْتَنِى فَلَمْ أَتَّعِظْ ، وَزَجَرْتَنِى عَنْ مَحارِمِكَ فَلَمْ أَنْزَجِرْ ، فَما عُذْرِى ، فَاعْفُ عَنِّى يَا كَرِيمُ ، عَفْوَكَ عَفْوَكَ؛",
            "4": "اللّٰهُمَّ إِنِّى أَسْأَلُكَ الرَّاحَةَ عِنْدَ الْمَوْتِ ، وَالْعَفْوَ عِنْدَ الْحِسابِ ، عَظُمَ الذَّنْبُ مِنْ عَبْدِكَ فَلْيَحْسُنِ التَّجاوُزُ مِنْ عِنْدِكَ ، يَا أَهْلَ التَّقْوىٰ وَيَا أَهْلَ الْمَغْفِرَةِ ، عَفْوَكَ عَفْوَكَ؛",
            "5": "اللّٰهُمَّ إِنِّى عَبْدُكَ بْنُ عَبْدِكَ بْنُ  أَمَتِكَ ضَعِيفٌ فَقِيرٌ إِلىٰ رَحْمَتِكَ ، وَأَنْتَ مُنْزِلُ الْغِنىٰ وَالْبَرَكَةِ عَلَى الْعِبادِ ، قاهِرٌ مُقْتَدِرٌ أَحْصَيْتَ أَعْمالَهُمْ ، وَقَسَمْتَ أَرْزاقَهُمْ ، وَجَعَلْتَهُمْ مُخْتَلِفَةً أَلْسِنَتُهُمْ وَأَلْوانُهُمْ خَلْقاً مِنْ بَعْدِ خَلْقٍ ، وَلَا يَعْلَمُ الْعِبادُ عِلْمَكَ ، وَلَا يَقْدِرُ الْعِبادُ قَدْرَكَ ، وَكُلُّنا فَقِيرٌ إِلىٰ رَحْمَتِكَ ، فَلا تَصْرِفْ عَنِّى وَجْهَكَ ، وَاجْعَلْنِى مِنْ صالِحِى خَلْقِكَ فِى الْعَمَلِ وَالْأَمَلِ وَالْقَضاءِ وَالْقَدَرِ؛",
            "6": "اللّٰهُمَّ أَبْقِنِى خَيْرَ الْبَقاءِ ، وَأَفْنِنِى خَيْرَ الْفَناءِ عَلَىٰ مُوالاةِ أَوْلِيائِكَ ، وَمُعاداةِ أَعْدائِكَ وَالرَّغْبَةِ إِلَيْكَ ، وَالرَّهْبَةِ مِنْكَ ، وَالْخُشُوعِ وَالْوَفاءِ وَالتَّسْلِيمِ لَكَ ، وَالتَّصْدِيقِ بِكِتابِكَ ، وَاتِّباعِ سُنَّةِ رَسُولِكَ؛",
            "7": "اللّٰهُمَّ مَا كانَ فِى قَلْبِى مِنْ شَكٍّ أَوْ رِيبَةٍ أَوْ جُحُودٍ أَوْ قُنُوطٍ أَوْ فَرَحٍ أَوْ بَذَخٍ أَوْ بَطَرٍ أَوْ خُيَلاءَ أَوْ رِياءٍ أَوْ سُمْعَةٍ أَوْ شِقاقٍ أَوْ نِفاقٍ أَوْ كُفْرٍ أَوْ فُسُوقٍ أَوْ عِصْيانٍ أَوْ عَظَمَةٍ أَوْ شَىْءٍ لَاتُحِبُّ ، فَأَسْأَلُكَ يَا رَبِّ أَنْ تُبَدِّلَنِى مَكانَهُ إِيماناً بِوَعْدِكَ ، وَوَفاءً بِعَهْدِكَ ، وَرِضاً بِقَضائِكَ ، وَزُهْداً فِى الدُّنْيا ، وَرَغْبَةً فِيما عِنْدَكَ ، وَأَثَرَةً وَطُمَأْنِينَةً وَتَوْبَةً نَصُوحاً ، أَسْأَلُكَ ذٰلِكَ يَا رَبَّ الْعالَمِينَ؛ ",
            "8": "إِلٰهِى أَنْتَ مِنْ حِلْمِكَ تُعْصىٰ فَكَأَنَّكَ لَمْ تَرَ ، وَمِنْ كَرَمِكَ وَجُودِكَ تُطاعُ فَكَأَنَّكَ لَمْ تُعْصَ ، وَأَنَا وَمَنْ لَمْ يَعْصِكَ سُكَّانُ أَرْضِكَ فَكُنْ عَلَيْنا بِالْفَضْلِ جَواداً ، وَبِالْخَيْرِ عَوَّاداً ، يَا أَرْحَمَ الرَّاحِمِينَ ، وَصَلَّى اللّٰهُ عَلَىٰ مُحَمَّدٍ وَآلِهِ صَلاةً دائِمَةً لَاتُحْصىٰ وَلَا تُعَدُّ وَلَا يَقْدِرُ قَدْرَها غَيْرُكَ يَا أَرْحَمَ الرَّاحِمِينَ. "
        },
        "farsi": {
            "1": "خدایا، این ماه مبارک که قرآن در آن نازل گشته و هدایتی برای مردم و دلایل روشنی از هدایت و تمیز میان حق و باطل قرار داده شده است، فرا رسید، پس ما را در آن به‌سلامت بدار و آن را برایمان سالم نگهدار و از سوی خویش در حال آسانی و سلامت کامل از ما تحویل بگیرش، ای آن‌که اندک را بپذیرد و بسیار را قدر نهد، از من اندک را بپذیر؛",
            "2": " خدایا، از تو درخواست می‌کنم برای من به‌سوی هر خیری راهی و از هرچه نمی‌پسندی مانعی قرار دهی، ای مهربان‌ترین مهربانان، ای آن‌که از من درگذشت و از آنچه از زشتی‌ها در پنهان انجام دادم چشم‌پوشی کرد، ای آن‌که مرا به سبب ارتکاب گناهان سرزنش ننمود، عفوت، عفوت، عفوت را خواهم، ای کریم؛",
            "3": "خدایا پندم فرمودی، پندپذیر نشدم و از حرام‌هایت بازم داشتی، باز نایستادم، پس مرا چه عذری است؟ از من درگذر ای کریم، عفوت، عفوت را خواهم؛",
            "4": "خدایا! آسودگی به گاه مرگ و عفو هنگام حساب را از تو می‌خواهم، گناه از بنده‌ات بزرگ شده، پس شایسته است گذشت از جانب تو نیکو باشد، ای پروا پذیر و شایسته آمرزش، عفوت، عفوت را خواهم؛ ",
            "5": "خدایا! من بنده تو، فرزند بنده تو، فرزند کنیز توأم، ناتوانم، به رحمتت نیازمندم، تو فرود آورنده دارایی و برکت بر بندگانت هستی، چیره و توانایی، کارهای بندگان را شمرده‌ای و روزی‌شان را قسمت کرده‌ای و زبان‌ها و رنگ‌هایشان را مختلف قرار دادی، آفرینشی از پس آفرینش دیگر، بندگان کرانه‌های دانشت را نمی‌دانند و جایگاهت را اندازه ندارند و همه ما نیازمند به رحمت توییم، روی از من برمتاب و مرا در عمل و آرزو و قضا و قدر از شایستگان بندگانت قرار ده؛",
            "6": " خدایا، مرا باقی بدار به بهترین بقاء و بمیران به بهترین مرگ، بر پایه دوستی دوستانت و دشمنی با دشمنانت و میل به سویت و ترس از حضرتت و خشوع و وفا و تسلیم در آستانت و تصدیق به کتابت و پیروی از روش پیامبرت؛",
            "7": "خدایا، آنچه در دلم می‌باشد از شک یا تردید یا انکار یا ناامیدی یا خوشی هواپرستانه یا کبر یا سرکشی یا خودبینی یا ریا یا میل به شهرت یا نفاق‌افکنی یا دورویی یا کفر یا نافرمانی یا گناه یا فخرفروشی یا هرچه که نزد تو ناخوشایند است، پس از تو درخواست می‌کنم ای پروردگارم که آن‌ها را تبدیل کنی به ایمان به وعده‌ات و وفای به پیمانت و خشنودی به قضایت و پارسایی در دنیا و رغبت به آنچه نزد توست و انتخاب نیکو و آرامش و توبه خالص، همه این‌ها را از تو درخواست می‌کنم ای پروردگار جهانیان؛",
            "8": " بار خدایا از روی بردباری‌ات نافرمانی شوی و به خاطر کرم و بخشندگی‌ات اطاعت گردی چنان‌که گویا نافرمانی نشدی و من و هر که نافرمانی‌ات نکردند، ساکنان زمین توییم، بر ما با فضل بخشنده باش و با خیر بهره رسان، ای مهربان‌ترین مهربانان و درود خدا بر محمّد و خاندانش باد، درودی همواره که به شمار و عدد در نیاید و قدرش را جز تو نداند، ای مهربان‌ترین مهربانان."
        },
        "tozih": {
            "1": "شیخ طوسی از حارث بن مغیره نضری روایت کرده است: که امام صادق(علیه‌السلام) در شب آخر ماه شعبان و شب اوّل ماه رمضان چنین می‌خواند: "
        }
    }
}