{
    "78": {
        "number": 78,
        "bab": 2,
        "title": "دعاهای زمان افطار",
        "arabic": {
            "1": " اللّٰهُمَّ لَكَ صُمْتُ، وَعَلَىٰ رِزْقِكَ أَفْطَرْتُ، وَعَلَيْكَ تَوَكَّلْتُ. ",
            "2": " بِسْمِ اللّٰهِ، اللّٰهُمَّ لَكَ صُمْنا، وَعَلَىٰ رِزْقِكَ أَفْطَرْنا، فَتَقَبَّلْ مِنَّا إِنَّكَ أَنْتَ السَّمِيعُ الْعَلِيمُ. ",
            "3": " بِسْمِ اللَّهِ الرَّحْمَنِ الرَّحِيمِ، يَا وَاسِعَ الْمَغْفِرَةِ، اغْفِرْ لِي. ",
            "4": ""
        },
        "farsi": {
            "1": "  خدایا برای تو روزه گرفتم و بر خوان تو افطار کردم و بر تو تکیه نمودم. ",
            "2": "  به نام خدا، خدایا برای تو روزه گرفتیم و بر روزی تو افطار کردیم، خدایا از ما بپذیر که تو شنوا و دانایی. ",
            "3": "به نام خدا که رحمتش بسیار و مهربانی‌اش همیشگی است، ای گسترده آمرزش، مرا بیامرز.",
            "4": ""
        },
        "tozih": {
            "1": "[از اعمال شبهای ماه رمضان این است که] در وقت افطار دعاهاى ویژه آن را بخواند، از جمله بگوید: ",
            "2": " تا خدا ثواب هرکسى را که در این روز روزه داشته به او عطا کند و اگر دعاى «اللَّهُمّ ربَّ النّور العظیمِ» را که سیّد و کفعمى روایت کرده\u200Cاند بخواند فضیلت بسیار یابد؛\n\nو روایت شده: که امیرالمؤمنین(علیه\u200Cالسلام) هرگاه می\u200Cخواست افطار کند، می\u200Cگفت: ",
            "3": "و در هنگام خوردن لقمه\u200Cی اول بگوید:",
            "4": " تا خدا او را بیامرزد.\n\nدر روایت آمده: که در پایان هر روز از روزهاى ماه رمضان، خدا هزار هزار نفر را از آتش دوزخ آزاد کند، پس از حضرتش بخواه که تو را یکى از آنان قرار دهد.\n\n[و نیز] در وقت افطار سوره «قدر» را بخواند."
        }
    }
}