{
    "8": {
        "number": 8,
        "bab": 2,
        "title": "دعاهای امام زمان(عج) برای ماه رجب",
        "arabic": {
            "1": " بِسم اللهِ الرَّحمّْنِ الرَّحيمِ، اللّٰهُمَّ إِنِّى أَسْأَلُكَ بِمَعانِى جَمِيعِ مَا يَدْعُوكَ بِهِ وُلاةُ أَمْرِكَ الْمَأْمُونُونَ عَلَىٰ سِرِّكَ، الْمُسْتَبْشِرُونَ بأَمْرِكَ، الْواصِفُونَ لِقُدْرَتِكَ، الْمُعْلِنُونَ لِعَظَمَتِكَ، أَسْأَلُكَ بِما نَطَقَ فِيهِمْ مِنْ مَشِيئَتِكَ فَجَعَلْتَهُمْ مَعادِنَ لِكَلِماتِكَ، وَأَرْكاناً لِتَوْحِيدِكَ، وَآياتِكَ وَمَقاماتِكَ الَّتِى لَاتَعْطِيلَ لَهَا فِى كُلِّ مَكَانٍ يَعْرِفُكَ بِهَا مَنْ عَرَفَكَ، لَا فَرْقَ بَيْنَكَ وَبَيْنَها إِلّا أَنَّهُمْ عِبادُكَ وَخَلْقُكَ، فَتْقُها وَرَتْقُها بِيَدِكَ، بَدْؤُها مِنْكَ وَعَوْدُها إِلَيْكَ، أَعْضادٌ وَأَشْهادٌ وَمُناةٌ وَأَذْوَادٌ وَحَفَظَةٌ وَرُوَّادٌ، فَبِهِمْ مَلَأْتَ سَمَاءَكَ وَأَرْضَكَ حَتَّىٰ ظَهَرَ أَنْ لَاإِلٰهَ إِلّا أَنْتَ، فَبِذٰلِكَ أَسْأَلُكَ، وَبِمَواقِعِ الْعِزِّ مِنْ رَحْمَتِكَ وَبِمَقاماتِكَ وَعَلامَاتِكَ، أَنْ تُصَلِّىَ عَلَىٰ مُحَمَّدٍ وَآلِهِ وَأَنْ تَزِيدَنِى إِيماناً وَتَثْبِيتاً . ",
            "2": " يَا بَاطِناً فِى ظُهُورِهِ، وَظَاهِراً فِى بُطُونِهِ وَمَكْنُونِهِ، يَا مُفَرِّقاً بَيْنَ النُّورِ وَالدَّيجُورِ، يَا مَوْصُوفاً بِغَيْرِ كُنْهٍ، وَمَعْرُوفاً بِغَيْرِ شِبْهٍ، حَادَّ كُلِّ مَحْدُودٍ، وَشَاهِدَ كُلِّ مَشْهُودٍ، وَمُوجِدَ كُلِّ مَوْجُودٍ، وَمُحْصِىَ كُلِّ مَعْدُودٍ، وَفاقِدَ كُلِّ مَفْقُودٍ؛ لَيْسَ دُونَكَ مِنْ مَعْبُودٍ، أَهْلَ الْكِبْرِياءِ وَالْجُودِ، يَا مَنْ لَا يُكَيَّفُ بِكَيْفٍ، وَلَا يُؤَيَّنُ بِأَيْنٍ، يَا مُحْتَجِباً عَنْ كُلِّ عَيْنٍ، يَا دَيْمُومُ يَا قَيُّومُ وَعالِمَ كُلِّ مَعْلُومٍ، صَلِّ عَلَىٰ مُحَمَّدٍ وَآلِهِ وَ عَلَىٰ عِبادِكَ الْمُنْتَجَبِينَ، وَبَشَرِكَ الْمُحْتَجِبِينَ، وَمَلائِكَتِكَ الْمُقَرَّبِينَ، وَالْبُهْمِ الصَّافِّينَ الْحَافِّينَ، ",
            "3": " وَبارِكْ لَنا فِى شَهْرِنا هٰذَا الْمُرَجَّبِ الْمُكَرَّمِ، وَمَا بَعْدَهُ مِنَ الْأَشْهُرِ الْحُرُمِ، وَأَسْبِغْ عَلَيْنا فِيهِ النِّعَمَ، وَأَجْزِلْ لَنا فِيهِ الْقِسَمَ، وَأَبْرِرْ لَنا فِيهِ الْقَسَمَ، بِاسْمِكَ الْأَعْظَمِ الْأَعْظَمِ الْأَجَلِّ الْأَكْرَمِ، الَّذِى وَضَعْتَهُ عَلَى النَّهَارِ فَأَضاءَ، وَعَلَى اللَّيْلِ فَأَظْلَمَ، وَاغْفِرْ لَنا مَا تَعْلَمُ مِنَّا وَمَا لَانَعْلَمُ، وَاعْصِمْنا مِنَ الذُّنُوبِ خَيْرَ الْعِصَمِ، وَاكْفِنا كَوافِىَ قَدَرِكَ، وَامْنُنْ عَلَيْنا بِحُسْنِ نَظَرِكَ، وَلَا تَكِلْنا إِلَىٰ غَيْرِكَ، وَلَا تَمْنَعْنا مِنْ خَيْرِكَ، وَبَارِكْ لَنَا فِيما كَتَبْتَهُ لَنَا مِنْ أَعْمارِنا، وَأَصْلِحْ لَنا خَبِيئَةَ أَسْرَارِنا، وَأَعْطِنَا مِنْكَ الْأَمانَ، وَاسْتَعْمِلْنا بِحُسْنِ الْإِيمَانِ، وَبَلِّغْنَا شَهْرَ الصِّيامِ، وَمَا بَعْدَهُ مِنَ الْأَيَّامِ وَالْأَعْوامِ، يَا ذَا الْجَلَالِ وَالْإِكْرامِ. ",
            "4": " اللّٰهُمَّ إِنِّى أَسْأَلُكَ بِالْمَوْلُودَيْنِ فِى رَجَبٍ مُحَمَّدِ بْنِ عَلِيٍّ الثَّانِي وَابْنِهِ عَلِيِّ بْنِ مُحَمَّدٍ الْمُنْتَجَبِ، وَأَتَقَرَّبُ بِهِمَا إِلَيْكَ خَيْرَ الْقُرَبِ، يَا مَنْ إِلَيْهِ الْمَعْرُوفُ طُلِبَ، وَفِيما لَدَيْهِ رُغِبَ، أَسْأَلُكَ سُؤالَ مُقْتَرِفٍ مُذْنِبٍ قَدْ أَوْبَقَتْهُ ذُنُوبُهُ، وَأَوْثَقَتْهُ عُيُوبُهُ، فَطالَ عَلَى الْخَطايَا دُؤُوبُهُ، وَمِنَ الرَّزَايا خُطُوبُهُ، يَسْأَلُكَ التَّوْبَةَ، وَحُسْنَ الْأَوْبَةِ، وَالنُّزُوعَ عَنِ الْحَوْبَةِ، وَمِنَ النَّارِ فَكاكَ رَقَبَتِهِ، وَالْعَفْوَ عَمَّا فِى رِبْقَتِهِ، فَأَنْتَ مَوْلَاٰىَ أَعْظَمُ أَمَلِهِ وَثِقَتِهِ . ",
            "5": " اللّٰهُمَّ وَأَسْأَلُكَ بِمَسَائِلِكَ الشَّرِيفَةِ، وَوَسَائِلِكَ الْمُنِيفَةِ أَنْ تَتَغَمَّدَنِى فِى هٰذَا الشَّهْرِ بِرَحْمَةٍ مِنْكَ وَاسِعَةٍ، وَنِعْمَةٍ وَازِعَةٍ، وَنَفْسٍ بِمَا رَزَقْتَها قَانِعَةٍ، إِلَىٰ نُزُولِ الْحَافِرَةِ، وَمَحَلِّ الْآخِرَةِ، وَمَا هِىَ إِلَيْهِ صَائِرَةٌ. "

        },
        "farsi": {

            "1": " به نام خدا که رحمتش بسیار و مهربانی\u200Cاش همیشگی است؛ خدایا، از تو می\u200Cخواهم، به\u200Cحق معانی تمام دعاهایی که متولیان امرت تو را به آن می\u200Cخوانند، آنان که امین راز تو هستند و به امر تو شادند و بیان\u200Cکنندگان نیرویت و آشکارکنندگان بزرگی\u200Cات می\u200Cباشند، از تو می\u200Cخواهم به\u200Cحق آنچه از مشیتت درباره ایشان گفته شد، پس آنان را قرار دادی معادن کلماتت و پایه\u200Cهای توحیدت و آیاتت و مقاماتت که تعطیلی برای آن\u200Cها در هیچ جایی نیست، تو را با آن\u200Cها شناسد هرکه بشناسدت، بین تو و آن\u200Cها تفاوتی نیست جز اینکه ایشان بندگان و آفریده تواند که باز و بسته\u200Cشدن کارشان به دست توست، آغازشان از تو و انجامشان به\u200C سوی توست، آنان بازوان و گواهان و بخشندگان و مدافعان و نگهبانان و بازرسان\u200Cاند، آسمان و زمینت را با حقیقت آنان انباشتی تا آشکار شد که معبودی جز تو نیست، پس به\u200Cحق همه این\u200Cها و به جایگاه\u200Cهای توانمندی از رحمتت و به مقامات و نشانه\u200Cهایت از تو می\u200Cخواهم که بر محمّد و خاندانش درود فرستی و بر ایمان و پایداریم بیفزایی، ",
            "2": "ای نهان در عین آشکار بودن، ای آشکار در عین نهان بودن و مستوری، ای جداکننده بین روشنایی و تاریکی، ای وصف شده بدون اینکه ژرفای وجودش درک شود و ای شناخته شده بدون تشبیه، مرزبند هر محدود، گواه هر گواهی پذیر، هستی\u200Cبخش هرچه هست و شماره کننده هر شماره و گم\u200Cکننده هر گم\u200Cشده؛ معبودی غیر تو نیست، اهل بزرگ\u200Cمنشی و جودی، ای که چگونگی نپذیری و به\u200Cجایی در نگنجی، ای پوشیده از هر دیده، ای جاودان، ای به خود پاینده و دانای هر دانسته، بر محمّد و خاندانش درود فرست و بر بندگان برگزیده\u200Cات و انسان\u200Cهای در پرده\u200Cات و فرشتگان مقربّت و شجاعان صف کشیده گرداگرد عرشت ",
            "3": "و مبارک گردان بر ما در این ماهمان ماه بزرگ و ماه محبوب و قابل\u200C احترام و آنچه پس از این است از ماه\u200Cهای محترم، در این ماه نعمت\u200Cهایت را بر ما فراوان کن و نصیب\u200Cهای ما را سرشار فرما و سوگندهایمان را به انجام برسان، به\u200Cحق اسم بزرگ\u200Cتر و بزرگ\u200Cتر و عظیم\u200Cتر و گرامی\u200Cترت که چون بر روز نهادی روشن شد و چون بر شب گذاردی تاریک گشت و از گناهانمان بیامرز آنچه را تو می\u200Cدانی و آنچه را ما نمی\u200Cدانیم و ما را از گناهان نگهدار به بهترین نگاهداری و ما را از حوادثی که مقدّر کرده\u200Cای بازدار و بر ما به حسن توجّهت منّت گذار و به غیر خودت وامگذار و ما را از خیرت محروم مکن و به عمرهایمان به اندازه\u200Cای که مقدّر فرموده\u200Cای برکت ده و رازهای پنهان ما را سامان ده و از سوی خود به ما امان ده و ما را با حسن ایمان به کار گمار و به ماه رمضان و روزها و سال\u200Cهای پس از آن برسان، ای دارای بزرگی و رأفت و محبت.",
            "4": " خدایا! از تو درخواست می\u200Cکنم به\u200Cحق دو مولود ماه رجب، محمّد بن علی دوّم ( امام جواد (ع) ) و فرزندش علی بن محمّد برگزیده ( امام هادی (ع) ) و به\u200Cوسیله آن دو امام به\u200C سوی تو تقرّب می\u200Cجویم به بهترین تقرّب، ای آن\u200Cکه نیکی فقط از سوی او خواسته شده و فقط در آنچه نزد اوست رغبت شده است، از تو می\u200Cخواهم خواهش جرم\u200Cپیشه معصیت\u200Cکاری که گناهانش او را هلاک کرده و عیوبش او را به اسارت کشیده، پس عادتش بر گناه طولانی شده و امورش با بلاهای سخت به هم آمیخت، از تو می\u200Cخواهد، توبه و خوبی بازگشت، کنده شدن از گناه، رهایی جانش از آتش، گذشت از آنچه بر گردن اوست، زیرا تو مولای منی بزرگ\u200Cترین آرزو و امید او هستی.",
            "5": " خدایا! از تو می\u200Cخواهم به\u200Cحق مسائل شریفت و وسایل والایت که مرا در این ماه به رحمت گسترده\u200Cات و نعمت پخش شده\u200Cات فروگیری و نفسی به من عنایت کنی که به آنچه روزی\u200Cاش کرده\u200Cای قناعت ورزد تا گاهی که به گور درآید و به آخرت رسد و به آنچه عاقبت اوست بازگردد. "

        },
        "tozih": {
            "1": "شیخ روایت کرده: که از ناحیه مقدّسه به دست شیخ کبیر ابی جعفر محمّد بن عثمان بن سعید این توقیع شریف [یعنی دست\u200Cنویس شریف] بیرون آمد که هر روز از روزهای رجب بخوان:",
            "2": "",
            "3": "",
            "4": "[همچنین] شیخ روایت کرده که: از ناحیه مقدّسه به دست شیخ ابوالقاسم این دعا در ایام رجب اعلام شده: ",
            "5": ""
        }
    }
}