{
    "81": {
        "number": 81,
        "bab": 2,
        "title": "دعای افتتاح",
        "arabic": {
            "1": "اللّٰهُمَّ إِنِّى أَفْتَتِحُ الثَّناءَ بِحَمْدِكَ وَأَنْتَ مُسَدِّدٌ لِلصَّوابِ بِمَنِّكَ ، وَأَيْقَنْتُ أَنَّكَ أَنْتَ أَرْحَمُ الرَّاحِمِينَ فِى مَوْضِعِ الْعَفْوِ وَالرَّحْمَةِ ، وَأَشَدُّ الْمُعاقِبِينَ فِى مَوْضِعِ النَّكالِ وَالنَّقِمَةِ ، وَأَعْظَمُ الْمُتَجَبِّرِينَ فِى مَوْضِعِ الْكِبْرِياءِ وَالْعَظَمَةِ . ",
            "2": "اللّٰهُمَّ أَذِنْتَ لِى فِى دُعائِكَ وَمَسْأَلَتِكَ ، فَاسْمَعْ يَا سَمِيعُ مِدْحَتِى ، وَأَجِبْ يَا رَحِيمُ دَعْوَتِى ، وَأَقِلْ يَا غَفُورُ عَثْرَتِى ، فَكَمْ يَا إِلٰهِى مِنْ كُرْبَةٍ قَدْ فَرَّجْتَها ، وَهُمُومٍ  قَدْ كَشَفْتَها ، وَعَثْرَةٍ قَدْ أَقَلْتَها، وَرَحْمَةٍ قَدْ نَشَرْتَها ، وَحَلْقَةِ بَلاءٍ قَدْ فَكَكْتَها ، ",
            "3": "الْحَمْدُ لِلّٰهِ الَّذِى لَمْ يَتَّخِذْ صاحِبَةً وَلَا وَلَداً وَلَمْ يَكُنْ لَهُ شَرِيكٌ فِى الْمُلْكِ وَلَمْ يَكُنْ لَهُ وَ لِيٌّ مِنَ الذُّلِّ وَكَبِّرْهُ تَكْبِيراً؛ الْحَمْدُ لِلّٰهِ بِجَمِيعِ مَحامِدِهِ كُلِّها ، عَلَىٰ جَمِيعِ نِعَمِهِ كُلِّها . الْحَمْدُ لِلّٰهِ الَّذِى لَامُضادَّ لَهُ فِى مُلْكِهِ ، وَلَا مُنازِعَ لَهُ فِى أَمْرِهِ . الْحَمْدُ لِلّٰهِ الَّذِى لَاشَرِيكَ لَهُ فِى خَلْقِهِ ، وَلَا شَبِيهَ  لَهُ فِى عَظَمَتِهِ . ",
            "4": "الْحَمْدُ لِلّٰهِ الْفاشِى فِى الْخَلْقِ أَمْرُهُ وَحَمْدُهُ ، الظَّاهِرِ بِالْكَرَمِ مَجْدُهُ ، الْباسِطِ بِالْجُودِ يَدَهُ ، الَّذِى لَاتَنْقُصُ خَزائِنُهُ ، وَلَا تَزِيدُهُ كَثْرَةُ الْعَطاءِ إِلّا جُوداً وَكَرَماً إِنَّهُ هُوَ الْعَزِيزُ الْوَهَّابُ . اللّٰهُمَّ إِنِّى أَسْأَلُكَ قَلِيلاً مِنْ كَثِيرٍ ، مَعَ حاجَةٍ بِى إِلَيْهِ عَظِيمَةٍ وَغِناكَ عَنْهُ قَدِيمٌ وَهُوَ عِنْدِى كَثِيرٌ ، وَهُوَ عَلَيْكَ سَهْلٌ يَسِيرٌ؛ ",
            "5": "اللّٰهُمَّ إِنَّ عَفْوَكَ عَنْ ذَنْبِى ، وَتَجاوُزَكَ عَنْ خَطِيئَتِى ، وَصَفْحَكَ عَنْ ظُلْمِى ، وَسَِتْرَكَ عَلَىٰ قَبِيحِ عَمَلِى ، وَحِلْمَكَ عَنْ كَثِيرِ  جُرْمِى عِنْدَ مَا كانَ مِنْ خَطَإى وَعَمْدِى أَطْمَعَنِى فِى أَنْ أَسْأَلَكَ مَا لَاأَسْتَوْجِبُهُ مِنْكَ الَّذِى رَزَقْتَنِى مِنْ رَحْمَتِكَ ، وَأَرَيْتَنِى مِنْ قُدْرَتِكَ ، وَعَرَّفْتَنِى مِنْ إِجابَتِكَ ، فَصِرْتُ أَدْعُوكَ آمِناً ، وَأَسْأَلُكَ مُسْتَأْنِساً لَاخائِفاً وَلَا وَجِلاً ، مُدِلّاً عَلَيْكَ فِيما قَصَدْتُ فِيهِ  إِلَيْكَ ، فَإِنْ أَبْطَأَ عَنِّى  عَتَبْتُ بِجَهْلِى عَلَيْكَ ، وَلَعَلَّ الَّذِى أَبْطَأَ عَنِّى هُوَ خَيْرٌ لِى لِعِلْمِكَ بِعاقِبَةِ الْأُمُورِ ، فَلَمْ أَرَ مَوْلىً كَرِيماً أَصْبَرَ عَلَى عَبْدٍ لَئِيمٍ مِنْكَ عَلَىَّ ، يَا رَبِّ ، إِنَّكَ تَدْعُونِى فَأُوَلِّى عَنْكَ ، وَتَتَحَبَّبُ إِلَىَّ فأَتَبَغَّضُ إِلَيْكَ ، وَتَتَوَدَّدُ إِلَىَّ فَلَا أَقْبَلُ مِنْكَ كَأَنَّ لِىَ التَّطَوُّلَ عَلَيْكَ؛  فَلَمْ يَمْنَعْكَ  ذٰلِكَ مِنَ الرَّحْمَةِ لِى وَالْإِحْسانِ إِلَىَّ ، وَالتَّفَضُّلِ عَلَىَّ بِجُودِكَ وَكَرَمِكَ ، فَارْحَمْ عَبْدَكَ الْجاهِلَ وَجُدْ عَلَيْهِ بِفَضْلِ إِحْسانِكَ إِنَّكَ جَوادٌ كَرِيمٌ . ",
            "6": "الْحَمْدُ لِلّٰهِ مالِكِ الْمُلْكِ ، مُجْرِى الْفُلْكِ ، مُسَخِّرِ الرِّياحِ ، فالِقِ الْإِصْباحِ ، دَيَّانِ الدِّينِ ، رَبِّ الْعالَمِينَ . الْحَمْدُ لِلّٰهِ عَلىٰ حِلْمِهِ بَعْدَ عِلْمِهِ ، وَالْحَمْدُ لِلّٰهِ عَلَىٰ عَفْوِهِ بَعْدَ قُدْرَتِهِ ، وَالْحَمْدُ لِلّٰهِ عَلَىٰ طُولِ أَناتِهِ فِى غَضَبِهِ وَهُوَ قادِرٌ  عَلَىٰ مَا يُرِيدُ . ",
            "7": " الْحَمْدُ لِلّٰهِ خالِقِ الْخَلْقِ ، باسِطِ الرِّزْقِ ، فالِقِ الْإِصْباحِ ، ذِى الْجَلالِ وَالْإِكْرامِ وَالْفَضْلِ وَالْإِنْعامِ  ، الَّذِى بَعُدَ فَلا يُرىٰ ، وَقَرُبَ فَشَهِدَ النَّجْوىٰ ، تَبارَكَ وَتَعالىٰ . الْحَمْدُ لِلّٰهِ الَّذِى لَيْسَ لَهُ مُنازِعٌ يُعادِلُهُ ، وَلَا شَبِيهٌ يُشاكِلُهُ ، وَلَا ظَهِيرٌ يُعاضِدُهُ ، قَهَرَ بِعِزَّتِهِ الْأَعِزَّاءَ ، وَتَواضَعَ لِعَظَمَتِهِ الْعُظَماءُ ، فَبَلَغَ بِقُدْرَتِهِ مَا يَشاءُ؛",
            "8": "الْحَمْدُ لِلّٰهِ الَّذِى يُجِيبُنِى حِينَ أُنادِيهِ ، وَيَسْتُرُ عَلَىَّ كُلَّ عَوْرَةٍ وَأَنَا أَعْصِيهِ ، وَيُعَظِّمُ النِّعْمَةَ عَلَىَّ فَلَا أُجازِيهِ ، فَكَمْ مِنْ مَوْهِبَةٍ هَنِيئَةٍ قَدْ أَعْطانِى ، وَعَظِيمَةٍ مَخُوفَةٍ قَدْ كَفانِى ، وَبَهْجَةٍ مُونِقَةٍ قَدْ أَرانِى ، فَأُثْنِى عَلَيْهِ حامِداً ، وَأَذْكُرُهُ مُسَبِّحاً . الْحَمْدُ لِلّٰهِ الَّذِى لَايُهْتَكُ حِجابُهُ ، وَلَا يُغْلَقُ بابُهُ ، وَلَا يُرَدُّ سائِلُهُ ، وَلَا يُخَيَّبُ  آمِلُهُ . ",
            "9": "الْحَمْدُ لِلّٰهِ الَّذِى يُؤْمِنُ الْخائِفِينَ ، وَيُنَجِّى الصَّالِحِينَ  ، وَيَرْفَعُ الْمُسْتَضْعَفِينَ ، وَيَضَعُ الْمُسْتَكْبِرِينَ ، وَيُهْلِكُ مُلُوكاً وَيَسْتَخْلِفُ آخَرِينَ ، وَالْحَمْدُ لِلّٰهِ قاصِمِ الْجَبَّارِينَ ، مُبِيرِ الظَّالِمِينَ ، مُدْرِكِ الْهارِبِينَ ، نَكالِ الظَّالِمِينَ ، صَرِيخِ الْمُسْتَصْرِخِينَ ، مَوْضِعِ حاجاتِ الطَّالِبِينَ، مُعْتَمَدِ الْمُؤْمِنِينَ . الْحَمْدُ لِلّٰهِ الَّذِى مِنْ خَشْيَتِهِ تَرْعَدُ السَّماءُ وَسُكَّانُها ، وَتَرْجُفُ الْأَرْضُ وَعُمَّارُها ، وَتَمُوجُ الْبِحارُ وَمَنْ يَسْبَحُ  فِى غَمَراتِها؛",
            "10": "الْحَمْدُ لِلّٰهِ الَّذِى هَدانا لِهٰذا وَمَا كُنَّا لِنَهْتَدِىَ لَوْلَا أَنْ هَدَانا اللّٰهُ . الْحَمْدُ لِلّٰهِ الَّذِى يَخْلُقُ وَلَمْ يُخْلَقْ ، وَيَرْزُقُ وَلَا يُرْزَقُ ، وَيُطْعِمُ وَلَا يُطْعَمُ ، وَيُمِيتُ الْأَحْياءَ ، وَيُحْيِى الْمَوْتىٰ ، وَهُوَ حَيٌّ لَايَمُوتُ ، بِيَدِهِ الْخَيْرُ ، وَهُوَ عَلَىٰ كُلِّ شَىْءٍ قَدِيرٌ . ",
            "11": "اللّٰهُمَّ صَلِّ عَلَىٰ مُحَمَّدٍ عَبْدِكَ وَرَسُولِكَ وَأَمِينِكَ وَصَفِيِّكَ وَحَبِيبِكَ وَخِيَرَتِكَ مِنْ خَلْقِكَ ، وَحافِظِ سِرِّكَ ، وَمُبَلِّغِ رِسالاتِكَ أَفْضَلَ وَأَحْسَنَ وَأَجْمَلَ وَأَكْمَلَ وَأَزْكىٰ وَأَنْمىٰ وَأَطْيَبَ وَأَطْهَرَ وَأَسْنىٰ وَأَكْثَرَ  مَا صَلَّيْتَ وَبارَكْتَ وَتَرَحَّمْتَ وَتَحَنَّنْتَ وَسَلَّمْتَ عَلَىٰ أَحَدٍ مِنْ عِبادِكَ  وَأَ نْبِيائِكَ وَرُسُلِكَ وَصِفْوَتِكَ وَأَهْلِ الْكَرامَةِ عَلَيْكَ مِنْ خَلْقِكَ؛",
            "12": "اللّٰهُمَّ  وَصَلِّ عَلَىٰ عَلِيٍّ أَمِيرِ الْمُؤْمِنِينَ ، وَوَصِيِّ رَسُولِ رَبِّ الْعالَمِينَ ، عَبْدِكَ وَوَ لِيِّكَ وَأَخِي رَسُولِكَ وَحُجَّتِكَ عَلَىٰ خَلْقِكَ ، وَآيَتِكَ الْكُبْرىٰ ، وَالنَّبَاَ الْعَظِيمِ ، وَصَلِّ عَلَى الصِّدِّيقَةِ الطَّاهِرَةِ فاطِمَةَ  سَيِّدَةِ نِساءِ الْعالَمِينَ ، وَصَلِّ عَلَىٰ سِبْطَىِ الرَّحْمَةِ ، وَ إِمامَىِ الْهُدىٰ الْحَسَنِ وَالْحُسَيْنِ سَيِّدَيْ شَبابِ أَهْلِ الْجَنَّةِ ، وَصَلِّ عَلَىٰ أَئِمَّةِ الْمُسْلِمِينَ ؛ عَلِيِّ بْنِ الْحُسَيْنِ ، وَمُحَمَّدِ بْنِ عَلِيٍّ ، وَجَعْفَرِ بْنِ مُحَمَّدٍ ، وَمُوسَى بْنِ جَعْفَرٍ ، وَعَلِيِّ بْنِ مُوسىٰ ، وَمُحَمَّدِ بْنِ عَلِيٍّ ، وَعَلِيِّ بْنِ مُحَمَّدٍ ، وَالْحَسَنِ بْنِ عَلِيٍّ ، وَالْخَلَفِ الْهادِي الْمَهْدِيِّ ، حُجَجِكَ عَلَىٰ عِبادِكَ ، وَأُمَنائِكَ فِى بِلادِكَ صَلاةً كَثِيرَةً دائِمَةً؛ ",
            "13": "اللّٰهُمَّ وَصَلِّ عَلَىٰ وَليِّ أَمْرِكَ الْقائِمِ الْمُؤَمَّلِ ، وَالْعَدْلِ الْمُنْتَظَرِ ، وَحُفَّهُ  بِمَلائِكَتِكَ الْمُقَرَّبِينَ ، وَأَيِّدْهُ بِرُوحِ الْقُدُسِ يَا رَبَّ الْعالَمِينَ . اللّٰهُمَّ اجْعَلْهُ الدَّاعِىَ إِلىٰ كِتابِكَ ، وَالْقائِمَ بِدِينِكَ ، اسْتَخْلِفْهُ فِى الْأَرْضِ كَمَا اسْتَخْلَفْتَ الَّذِينَ مِنْ قَبْلِهِ ، مَكِّنْ لَهُ دِينَهُ الَّذِى ارْتَضَيْتَهُ لَهُ ، أَبْدِلْهُ مِنْ بَعْدِ خَوْفِهِ أَمْناً ، يَعْبُدُكَ لَايُشْرِكُ بِكَ شَيْئاً . ",
            "14": "اللّٰهُمَّ أَعِزَّهُ وَأَعْزِزْ بِهِ ، وَانْصُرْهُ وَانْتَصِرْ بِهِ ، وَانْصُرْهُ نَصْراً عَزِيزاً ، وَافْتَحْ لَهُ فَتْحاً يَسِيراً ، وَاجْعَلْ لَهُ مِنْ لَدُنْكَ سُلْطاناً نَصِيراً . اللّٰهُمَّ أَظْهِرْ بِهِ دِينَكَ وَسُنَّةَ نَبِيِّكَ حَتَّىٰ لَايَسْتَخْفِىَ بِشَىْءٍ مِنَ الْحَقِّ مَخافَةَ أَحَدٍ مِنَ الْخَلْقِ . اللّٰهُمَّ إِنَّا نَرْغَبُ إِلَيْكَ فِى دَوْلَةٍ كَرِيمَةٍ تُعِزُّ بِهَا الْإِسْلامَ وَأَهْلَهُ ، وَتُذِلُّ بِهَا النِّفاقَ وَأَهْلَهُ ، وَتَجْعَلُنا فِيها مِنَ الدُّعاةِ إِلَىٰ طاعَتِكَ ، وَالْقادَةِ إِلىٰ سَبِيلِكَ ، وَتَرْزُقُنا بِها كَرامَةَ الدُّنْيا وَالْآخِرَةِ؛ اللّٰهُمَّ مَا عَرَّفْتَنا مِنَ الْحَقِّ فَحَمِّلْناهُ ، وَمَا قَصُرْنا عَنْهُ فَبَلِّغْناهُ . ",
            "15": "اللّٰهُمَّ الْمُمْ بِه شَعَثَنا  ، وَاشْعَبْ بِهِ صَدْعَنا  ، وَارْتُقْ بِهِ فَتْقَنا ، وَكَثِّرْ بِهِ قِلَّتَنا ، وَأَعْزِزْ  بِهِ ذِلَّتَنا ، وَأَغْنِ بِهِ عائِلَنا ، وَاقْضِ بِهِ عَنْ مَُغْرَمِنا ، وَاجْبُرْ بِهِ فَقْرَنا ، وَسُدَّ بِهِ خَلَّتَنا ، وَيَسِّرْ بِهِ عُسْرَنا ، وَبَيِّضْ بِهِ وُجُوهَنا ، وَفُكَّ بِهِ أَسْرَنا ، وَأَنْجِحْ بِهِ طَلِبَتَنا ، وَأَنْجِزْ بِهِ مَواعِيدَنا ، وَاسْتَجِبْ بِهِ دَعْوَتَنا ، وَأَعْطِنا بِهِ سُؤْلَنا ، وَبَلِّغْنا بِهِ مِنَ الدُّنْيا وَالْآخِرَةِ آمالَنا ، وَأَعْطِنا بِهِ فَوْقَ رَغْبَتِنا ، يَا خَيْرَ الْمَسْؤُولِينَ ، وَأَوْسَعَ الْمُعْطِينَ ، اشْفِ بِهِ صُدُورَنا ، وَأَذْهِبْ بِهِ غَيْظَ قُلُوبِنا ، وَاهْدِنا بِهِ لِمَا اخْتُلِفَ فِيهِ مِنَ الْحَقِّ بِإِذْنِكَ ، إِنَّكَ تَهْدِى مَنْ تَشاءُ إِلىٰ صِراطٍ مُسْتَقِيمٍ ، وَانْصُرْنا بِهِ عَلَىٰ عَدُوِّكَ وَعَدُوِّنا إِلٰهَ الْحَقِّ  آمِينَ؛  ",
            "16": "اللّٰهُمَّ إِنَّا نَشْكُو إِلَيْكَ فَقْدَ نَبِيِّنا صَلَواتُكَ عَلَيْهِ وَآلِهِ ، وَغَيْبَةَ وَ لِيِّنا  ، وَكَثْرَةَ عَدُوِّنا ، وَقِلَّةَ عَدَدِنا ، وَشِدَّةَ الْفِتَنِ بِنا ، وَتَظاهُرَ الزَّمانِ عَلَيْنا ، فَصَلِّ عَلَىٰ مُحَمَّدٍ وَآلِهِ  ، وَأَعِنَّا عَلىٰ ذٰلِكَ بِفَتْحٍ مِنْكَ  تُعَجِّلُهُ ، وَبِضُرٍّ تَكْشِفُهُ ، وَنَصْرٍ تُعِزُّهُ ، وَسُلْطانِ حَقٍّ تُظْهِرُهُ ، وَرَحْمَةٍ مِنْكَ تُجَلِّلُناها ، وَعافِيَةٍ مِنْكَ تُلْبِسُناها ، بِرَحْمَتِكَ يَا أَرْحَمَ الرَّاحِمِينَ. ",
            "17": ""
        },
        "farsi": {
            "1": " خدایا، من با سپاس تو ستایش را آغاز می‌کنم و تویی که با کرمت به‌سوی درستی توجّه دهی و یقین دارم که در جای عفو و رحمت مهربان‌ترین مهربانانی و در جایگاه مجازات و انتقام، سخت‌ترین کیفرکننده‌ای و در موضع بزرگ‌منشی و عظمت بزرگ‌ترین جبّاری، ",
            "2": "خدایا، در خواندنت و در درخواست از حضرتت به من اذن دادی، پس ای شنوا بشنو ستودنم را و ای مهربان اجابت کن دعایم را و ای آمرزنده بیامرز لغزشم را، ای خدای من چه بسیار سختی‌های که گره گشودی و اندوه‌ها که برطرف کردی و لغزش‌ها که آمرزیدی و رحمت که گستردی و زنجیر بلا که باز کردی، ",
            "3": "سپاس خدای را که همسر و فرزندی برنگرفته و در فرمانروایی شریکی برایش نیست و سرپرستی از روی ناتوانی نداشته است و او را بزرگ شمار، بسیار بزرگ؛ سپاس خدای را با همه ستودنی‌هایش، بر تمام نعمت‌هایش، سپاس خدای را که در فرمانروایی رقیبی ندارد و برای او در کارش نزاع‌کننده‌ای نیست، سپاس خدای را که در آفرینش شریکی ندارد و در بزرگی شبیهی برای او نیست.",
            "4": " سپاس خدای را که فرمان و سپاسش در آفریدگان جاری است و بزرگواری‌اش با کرمش آشکار است و دست لطفش به سخاوت گشوده، خدایی که گنجینه‌هایش نقصان نپذیرد و بخشش بسیارش جز جود و کرم بر او نیفزاید، همانا او عزیز و بسیار بخشنده است، خدایا، اندک از بسیار از تو درخواست می‌کنم، با نیاز شدیدی که مرا به آن است و بی‌نیازی تو از آن دیرینه است و آن اندک نزد من بسیار است و برای تو هموار و آسان؛ ",
            "5": " خدایا، بخششت از گناهم و گذشتت از خطایم و چشم‌پوشی‌ات از تجاوزم و پرده‌افکنی‌ات بر کردار زشتم و بردباری‌ات از فراوانی جرمم از آنچه از خطا و گناه عمدی‌ام بود، مرا به طمع انداخت که از درگاهت چیزی را که شایسته آن از سوی تو نیستم درخواست کنم، آنچه از رحمتت نصیبم نمودی و از قدرتت نشانم دادی و از اجابتت به من شناساندی، پس بر آن شدم که با اطمینان بخوانمت و با انس و میل بدون ترس و هراس از تو درخواست می‌کنم و در آنچه به خاطر آن قصد پیشگاه تو نمودم از تو ناز جویم، اگر برآورده شدن حاجتم تأخیر افتاد، از روی نادانی بر تو عتاب ورزیدم، با آنکه شاید به تأخیر افتادن روا شدن حاجتم برایم بهتر باشد، چه تو به سرانجام امور آگاهی، پس هیچ مولای کریمی را بر بنده پستی، شکیباتر از تو بر خود ندیدم، ای پروردگار من، تو مرا می‌خوانی و من از تو روی می‌گردانم و با من دوستی می‌ورزی و من با تو دشمنی می‌کنم، به من محبّت می‌نمایی و از تو نمی‌پذیرم، گویا مرا بر تو منّت است؛ و با همه این‌ها چیزی تو را باز نمی‌دارد از رحمت و احسان بر من و تفضّل به جود و کرمت بر این بنده، بر بنده نادانت رحم کن و با فزونی احسانت بر او جود آور، زیرا تو بخشنده کریمی،",
            "6": "سپاس خدای را خدای مالک سلطنت، روان‌کننده کشتی، تسخیرکننده بادها، شکافنده سپیده، حکم‌فرمای روز جزا، پروردگار جهانیان.  سپاس خدای را بر بردباری‌اش پس از دانشش به نافرمانی بنده و سپاس خدای را بر عفوش پس از قدرتش بر عقاب و سپاس خدای را بر طول بردباری‌اش در وقت خشم و حال آنکه او بر آنچه بخواهد تواناست.",
            "7": " سپاس خدای را که آفریننده آفریدگان، گسترنده روزی، شکافنده سپیده، دارای عظمت و بزرگواری و احسان و نعمت‌بخشی است، خدایی که از دیدگان دور است پس دیده نمی‌شود و به جان‌ها نزدیک است پس شاهد گفتگوهای پنهان است، فرخنده و برتر است.  سپاس خدای را که ستیزه‌جویی ندارد تا با او برابری نماید و شبیهی ندارد که هم شکل او باشد و پشتیبانی ندارد که او را یاری کند، با عزّتش همه عزیزان را مقهور ساخته و در برابر عظمتش بزرگان فروتن گشته‌اند، پس با قدرتش به هرچه خواهد رسد؛ ",
            "8": "سپاس خدای را که اجابتم می‌کند آنگاه که صدایش می‌زنم و هر زشتی را بر من می‌پوشاند و من از او نافرمانی می‌کنم و او نعمتش را بر من بزرگ می‌گرداند، پس من او را شکر نمی‌کنم، چه بسیار موهبت‌های گوارایی که به من عطا فرمود و حوادث وحشتناکی که مرا از آسیب آن‌ها کفایت نمود و چه بسیار خرّمی دلنشینی که به من نمایاند، او را سپاس گویان ستایش می‌کنم و تسبیح‌گویان یادش می‌کنم، سپاس خدای را که پرده‌اش دریده نگردد و در رحمتش بسته نشود و پرستنده‌اش ردّ نگردد و آرزومندش نومید نشود. ",
            "9": " سپاس خدای را که هراسندگان را ایمنی بخشد و شایستگان را نجات دهد و ناتوان شمردگان را به رفعت رساند و متکبّران را به خاک اندازد و پادشاهانی را نابود نماید و دیگران را جانشین آنان سازد، سپاس خدای را که درهم شکننده گردنکشان، نابودکننده ستمکاران، دریابنده گریختگان، کیفردهنده ستمگران، فریادرس دادجویان، حاجت بخش خواهندگان، تکیه‌گاه مؤمنان است.  سپاس خدای را که از خشیتش آسمان و ساکنانش غرّش کنند و زمین و آباد کنندگانش بلرزند و دریاها و هرکه در اعماقش شناور است موج زنند؛ ",
            "10": "سپاس خدای را که ما را به شناخت خویش هدایت فرمود و اگر خدا ما را هدایت نکرده بود هرگز هدایت نمی‌شدیم، سپاس خدای را که می‌آفریند و خود آفریده نشده و روزی می‌دهد و خود روزی داده نمی‌شود و می‌خوراند و خود خورانده نمی‌شود و زنده‌ها را می‌میراند و مردگان را زنده می‌کند و اوست زنده‌ای که هرگز نمی‌میرد، خیر تنها به دست اوست و او بر هر چیز تواناست. ",
            "11": " خدایا، درود فرست بر محمّد بنده و فرستاده‌ات و امین و یار صمیمی و محبوب و برگزیده‌ات و حافظ راز و رساننده پیام‌هایت، درودی برترین و بهترین و زیباترین و کامل‌ترین و پاکیزه‌ترین و پر نماترین و دلپسندترین و پاک‌ترین و بلندترین و بیشترین درودی که فرستادی و برکت دادی و ترحم نمودی و مهر ورزیدی و سلام دادی بر یکی از بندگان و پیامبران و رسولان و برگزیدگان و اهل کرامت از خلقت؛ ",
            "12": "خدایا درود فرست بر علی امیرمؤمنان و جانشین فرستاده پروردگار جهانیان، بنده و ولی‌ات و برادر رسولت و حجّتت بر بندگان و نشانه بزرگ‌ترت و خبر عظیم و درود فرست بر صدیقه طاهره فاطمه زهرا سرور زنان جهانیان و درود فرست بر دو فرزندزاده پیامبر رحمت و دو پیشوای هدایت، حسن و حسین، دو سرور جوانان اهل بهشت و درود فرست بر امامان مسلمانان، علی بن الحسین و محمّد بن علی و جعفر بن محمّد و موسی بن جعفر و علی بن موسی و محمّد بن علی و علی بن محمّد و حسن بن علی و یادگار شایسته هدایتگر، حضرت مهدی، حجّت‌های تو بر بندگان و امین‌های تو در سرزمین‌هایت، درودی بسیار و همیشگی؛ ",
            "13": " خدایا، درود فرست بر ولی امرت، آن قائم آرزو شده و دادگستر مورد انتظار، و او را در حمایت فرشتگان مقرّبت قرار ده و به روح‌القدس تأییدش کن ای پروردگار جهانیان.  خدایا او را دعوت‌کننده به کتابت و قیام‌کننده به آئینت قرار ده، او را جانشین خود روی زمین گردان، چنان‌که پاکان پیش از او را جانشین خویش قرار دادی، دینی را که برایش پسندیده‌ای به دست او پابرجا بدار و ترسش را به امنیت بازگردان تا با اخلاص کامل تو را بپرستد. ",
            "14": "خدایا، عزیزش بدار و به دیگران توسط او عزّت بده و یاری‌اش کن و به دیگران از سوی او یاری ده و یاری‌اش ده، یاری پیروزمندانه و بر پیروزی‌اش با پیروزی آسان و از پیش خود برای او سلطنتی پیروزی آفرین قرار ده. خدایا، به وسیله او دینت و روش پیامبرت را آشکار کن تا چیزی از حق، از ترس احدی از مردم پنهان نماند. خدایا، به‌سوی تو مشتاقیم برای یافتن دولت کریمه‌ای که اسلام و اهلش را به آن عزیز گردانی و نفاق و اهلش را به وسیله آن خوار سازی و ما را در آن دولت از دعوت‌کنندگان به‌سوی طاعتت و رهبران به‌سوی راهت قرار دهی و کرامت دنیا و آخرت را از برکت آن روزی‌مان فرمایی؛ خدایا، آنچه از حق به ما شناساندی تاب تحملش را نیز عنایت کن و آنچه را در رسیدن به آن کوتاهی کردیم، ما را به آن برسان،",
            "15": " خدایا، پریشانی ما را به یاری او جمع کن و پراکندگی ما را به او وحدت بخش و گسیختگی ما را با او پیوند ده و اندک ما را به او زیاد فرما و ذلّت ما را به او عزّت ده و تنگدستی ما را به او توانگری بخش و بدهی ما را از برکت او ادا کن و فقر ما را به مدد او جبران فرما و جدایی و دو دستگی ما را به او برطرف کن و دشواری کار ما را به او آسان گردان و روی ما را به دیدار او سپید کن و اسیران ما را به یاری او آزاد گردان و درخواست‌های ما را به لطف او برآور وعده‌های ما را به ظهور او تحقق بخش و دعایمان را به کمک او اجابت کن و خواسته‌هایمان را به‌حق او عطا فرما و ما را به یاری او به آرزوهای دنیا و آخرتمان برسان و لطف به او بالاتر از آرزویمان به ما اعطا کن، ای بهترین خواسته شدگان و گشاده‌دست‌ترین بخشندگان، سینه‌های ما را به او شفا بخش و کینه‌ی دل‌هایمان را به او برطرف کن و ما را به مدد او به حقیقت آنچه در آن اختلاف افتاده از حق به اذن خود راهنمایی فرما، همانا تو هرکه را بخواهی به راه راست هدایت می‌کنی و به وسیله‌ی او ما را بر دشمنان خود و دشمنان خویش یاری ده، ای معبود حق، آمین؛",
            "16": " خدایا، از نبود پیامبرمان که درودهای تو بر او و خاندانش و از ناپیدایی مولایمان و بسیاری دشمنانمان و کمی نفراتمان و سختی فتنه‌ها به‌سویمان و از جریان زمان بر زیانمان به درگاه تو شکوه می‌آوریم، بر محمّد و خاندانش درود فرست و ما را در برابر این همه یاری فرما به گشایشی از جانب خویش که زود برسانی و بدحالی که برطرف کنی و پیروزی با عزّت برایمان قرار دهی و سلطنت حقی که آشکارش فرمایی و به رحمتی که از سویت ما را فراگیرد و به سلامتی کاملی که از جانبت ما را بپوشاند، ای مهربان‌ترین مهربانان. "
        },
        "tozih": {
            "1": " در هر شب از ماه رمضان بخواند: "
        }
    }
}