{
    "82": {
        "number": 82,
        "bab": 2,
        "title": " دو رکعت نمازی که با آن هفتاد هزار گناه بخشیده می‌شود",
        "arabic": {
            "1": " سُبْحانَ مَنْ هُوَ حَفِيظٌ لَايَغْفُلُ، سُبْحانَ مَنْ هُوَ رَحِيمٌ لَايَعْجَلُ، سُبْحانَ مَنْ هُوَ قائِمٌ لَايَسْهُو، سُبْحانَ مَنْ هُوَ دائِمٌ لَايَلْهُو. ",
            "2": " سُبْحانَكَ سُبْحانَكَ سُبْحانَكَ ! يَا عَظِيمُ اغْفِرْ لِيَ الذَّنْبَ الْعَظِيمَ. ",
            "3": ""
        },
        "farsi": {
            "1": " منزّه است آن‌که نگهبان است و غفلت نمی‌کند، منزّه است آن‌که مهربان است و شتاب نمی‌ورزد، منزّه است آن‌که برپا است و از یاد نمی‌برد، منزّه است آن‌که همیشگی است و سرگرم نمی‌شود. ",
            "2": " منزّهی تو، منزّهی تو، منزّهی تو، ای بزرگ، گناه بزرگ مرا بیامرز. ",
            "3": ""
        },
        "tozih": {
            "1": "شیخ کفعمی در حاشیه «بلدالامین» از سید ابن باقی روایت کرده: که مستحب است در هر شب ماه رمضان دو رکعت نماز خوانده شود، در هر رکعت سوره «حمد» «یک مرتبه» و سوره «توحید» «سه مرتبه» و چون سلام داده شد بگوید: ",
            "2": " سپس تسبیحات اربعه [یعنى: سُبْحانَ اللهِ، وَ الْحَمْدُ لِلهِ، وَ لا إلهَ إلاّ اللهُ، وَ اللهُ أکْبَرُ؛ پاک و منزّه است خداوند، و ستایش مختصّ خداست، و معبودی جز خدا نیست، و خداوند بزرگ‌تر است] را «هفت مرتبه» بگوید، آنگاه بخواند: ",
            "3": "سپس بر پیامبر و آل او(علیهم\u200Cالسلام) «ده مرتبه» صلوات فرستد.\n\nکسی که این دو رکعت نماز را بخواند، حق\u200Cتعالی برای او هفتاد هزار گناه را بیامرزد... تا پایان روایت. "
        }
    }
}