{
    "83": {
        "number": 83,
        "bab": 2,
        "title": "فضیلت خواندن سوره فتح در هر شب ماه رمضان",
        "arabic": {
            "1": ""
        },

            "farsi": {
                "1": ""
            },
            "tozih": {
                "1": "روایت شده: که هرکه در هر شب از ماه رمضان سوره «إِنّٰا فَتَحْنٰا» را در نماز نافله بخواند، در آن سال از آسیب محفوظ می\u200Cماند."
 }

    }
}