{
    "86": {
        "number": 86,
        "bab": 2,
        "title": "اعمال سحرهای ماه مبارک رمضان",
        "arabic": {
            "1": "يَا مَفْزَعِى عِنْدَ كُرْبَتِى ، وَيَا غَوْثِى عِنْدَ شِدَّتِى ، إِلَيْكَ فَزِعْتُ ، وَبِكَ اسْتَغَثْتُ ، وَبِكَ لُذْتُ ، لَا أَلُوذُ بِسِواكَ ، وَلَا أَطْلُبُ الْفَرَجَ إِلّا مِنْكَ ، فَأَغِثْنِى وَفَرِّجْ عَنِّى ، يَا مَنْ يَقْبَلُ الْيَسِيرَ ، وَيَعْفُو عَنِ الْكَثِيرِ ، اقْبَلْ مِنِّى الْيَسِيرَ ، وَاعْفُ عَنِّى الْكَثِيرَ ، إِنَّكَ أَنْتَ الْغَفُورُ الرَّحِيمُ . اللّٰهُمَّ إِنِّى أَسْأَلُكَ إِيماناً تُباشِرُ بِهِ قَلْبِى ، وَيَقِيناً حَتّىٰ أَعْلَمَ أَنَّهُ لَنْ يُصِيبَنِى إِلّا مَا كَتَبْتَ لِى ، وَرَضِّنِى مِنَ الْعَيْشِ بِما قَسَمْتَ لِى ، يَا أَرْحَمَ الرَّاحِمِينَ ، يَا عُدَّتِى فِى كُرْبَتِى ، وَيَا صاحِبِى فِى شِدَّتِى ، وَيَا وَلِيِّى فِى نِعْمَتِى ، وَيَا غايَتِى فِى رَغْبَتِى ، أَنْتَ السَّاتِرُ عَوْرَتِى ، وَالْآمِنُ رَوْعَتِى ، وَالْمُقِيلُ عَثْرَتِى ، فَاغْفِرْ لِى خَطِيئَتِى ، يَا أَرْحَمَ الرَّاحِمِينَ.",
            "2": "سُبْحانَ مَنْ يَعْلَمُ جَوارِحَ الْقُلُوبِ ! سُبْحانَ مَنْ يُحْصِى عَدَدَ الذُّنُوبِ ! سُبْحانَ مَنْ لَايَخْفىٰ عَلَيْهِ خافِيَةٌ فِى السَّمَاواتِ وَالْأَرَضِينَ ! سُبْحانَ الرَّبِّ الْوَدُودِ ! سُبْحانَ الْفَرْدِ الْوِتْرِ ! سُبْحانَ الْعَظِيمِ الْأَعْظَمِ ! سُبْحانَ مَنْ لَايَعْتَدِى عَلَىٰ أَهْلِ مَمْلَكَتِهِ ! سُبْحانَ مَنْ لَايُؤاخِذُ أَهْلَ الْأَرْضِ بِأَ لْوانِ الْعَذابِ ! سُبْحانَ الْحَنَّانِ الْمَنَّانِ ! سُبْحانَ الرَّؤُوفِ الرَّحِيمِ ! سُبْحانَ الْجَبّارِ الْجَوادِ ! سُبْحانَ الْكَرِيمِ الْحَلِيمِ ! سُبْحانَ الْبَصِيرِ الْعَلِيمِ ! سُبْحانَ الْبَصِيرِ الْواسِعِ ! سُبْحانَ اللّٰهِ عَلَىٰ إِقْبالِ النَّهارِ ! سُبْحانَ اللّٰهِ عَلَىٰ إِدْبارِ النَّهارِ ! سُبْحانَ اللّٰهِ عَلَىٰ إِدْبارِ اللَّيْلِ وَ إِقْبالِ النَّهارِ  ! وَلَهُ الْحَمْدُ وَالْمَجْدُ وَالْعَظَمَةُ وَالْكِبْرِياءُ مَعَ كُلِّ نَفَسٍ وَكُلِّ طَرْفَةِ عَيْنٍ وَكُلِّ لَمْحَةٍ سَبَقَ فِى عِلْمِهِ ، سُبْحانَكَ مِلْءَ مَا أَحْصىٰ كِتابُكَ ، سُبْحانَكَ زِنَةَ عَرْشِكَ ، سُبْحانَكَ سُبْحانَكَ سُبْحانَكَ."
        },
        "farsi": {
            "1": " ای پناهگاهم در غم و اندوه، ای دادرسم در دشواری‌ها، به تو پناه آوردم و از تو دادخواهی نمودم و پناه‌جوی تو شدم و به دیگری پناه نمی‌برم و گشایش در کارم را جز از تو نخواهم، پس به فریادم رس و در کارم گشایش ده، ای که عمل اندک را می‌پذیری و از گناه بسیار در می‌گذری، عبادت اندک را از من بپذیر و گناه بسیار را از من درگذر، زیرا تو آمرزنده‌ی مهربانی. خدایا از تو ایمانی می‌خواهم که دلم با آن همراه باشد و باوری می‌جویم که بدانم هرگز چیزی به من نمی‌رسد، جز آنچه تو برایم نوشتی، مرا از زندگی به آنچه نصیبم فرمودی خشنود ساز، ای مهربان‌ترین مهربانان، ای توشه‌ام در غم و اندوه، ای همراهم در سختی‌ها، ای سرپرستم در نعمت‌ها و ای هدف و میل و رغبتم، تو پوشاننده زشتی من و ایمنی‌بخش هراس من و درگذرنده لغزش منی، خطایم را بیامرز، ای مهربان‌ترین مهربانان. ",
            "2": "منزّه است آن‌که قوای پنهانی دل‌ها را می‌داند، منزّه است آن‌که عدد گناهان را بر می‌شمارد، منزّه است آن‌که پوشیده‌ای در آسمان‌ها و زمین‌ها برای او پوشیده نمی‌ماند، منزّه است پروردگار پرمهر و محبت، منزّه است آن یگانه و فرد، منزّه است بزرگ بزرگ‌تر، منزّه است آن‌که بر اهل فرمانروایی‌اش ستم نمی‌ورزد، منزّه است آن‌که اهل زمین را به عذاب‌های گوناگون کیفر نمی‌کند، منزّه است آن مهربان نعمت‌بخش، منزّه است آن رئوف مهربان، منزّه است آن جبّار سخاوتمند، منزّه است آن کریم بردبار، منزّه است آن بینای دانا، منزّه است آن بینای وسعت بخش، منزّه است خدا بر روی آوردن روز، منزّه است خدا بر روی‌ گرداندن روز، منزّه است خدا بر روی گرداندن شب و روی آوردن روز، برای اوست سپاس و بزرگواری و بزرگی و کبریایی، همراه هر نفس و هر چشم برهم زدن و هر برق نگاه که در علم او گذشته، منزّهی تو به انباشتگی آنچه کتابت بر شمرده، منزّهی تو به سنگینی عرشت، منزّهی تو، منزّهی تو، منزّهی تو. "
        },
        "tozih": {
            "1": "و آن چند عمل است:\n\nاوّل:\nسحری خوردن و آن را ترک نکند گرچه به خوردن یک خرمای خشک، یا نوشیدن شربتی از آب باشد و بهترین سحری‌ها سویق یعنی قاووت و خرماست و در خبر وارد شده: که خدا و فرشتگان صلوات می‌فرستند بر آن‌هایی که در سحرها استغفار می‌کنند و سحری می‌خورند.\n\nدوم:\nهنگام خوردن سحری سوره «إِنّٰا أَنْزَلْنٰاهُ» را بخواند که هرکه این سوره‌ی مبارکه را هنگام افطار کردن و سحری خوردن بخواند، در فاصله بین این دو زمان ثواب کسی را دارد که در راه خدا در خون خود غلطیده است.\n\nسوم:\n«دعای عظیم‌الشأن سحر» را که از حضرت رضا(علیه‌السلام) روایت شده بخواند، آن حضرت فرموده است: این دعا، دعایی است که امام باقر(علیه‌السلام) در سحرهای ماه رمضان می‌خواندند.\n\nچهارم:\n«دعای ابوحمزه ثمالی» [را بخواند]\nدر کتاب «مصباح» شیخ طوسى به نقل از ابو حمزه ثمالى آمده است: که حضرت امام زین العابدین(علیه‌السلام) در ماه رمضان بیشتر شب را به نماز مى‌ایستاد و چون سحر مى‌رسید این دعا را می‌خواند.\n\nپنجم:\nهمچنین این «دعای سحر» را که شیخ برای سحرها نقل کرده بخوان.\n\nششم:\nدعای ادریس را که شیخ طوسی و سید ابن طاووس روایت کرده‌اند می‌خوانی. برای متن کامل آن به کتاب «مصباح» یا «اقبال» مراجعه کنید.\n\nهفتم:\nاین دعا را که مختصرترین دعا از دعاهای سحر است و در کتاب «اقبال» آمده بخوان: ",
            "2": "هشتم:\nاین تسبیحات را که در کتاب «اقبال» آمده بخوان: "
        }
    }
}