{
    "88": {
        "number": 88,
        "bab": 2,
        "title": "ثواب خواندن سوره قدر در سحر و افطار",
        "arabic": {
            "1": ""
        },
        "farsi": {
            "1": ""
        },
        "tozih": {
            "1": "هنگام خوردن سحری سوره «إِنّٰا أَنْزَلْنٰاهُ» را بخواند که هرکه این سوره\u200Cی مبارکه را هنگام افطار کردن و سحری خوردن بخواند، در فاصله بین این دو زمان ثواب کسی را دارد که در راه خدا در خون خود غلطیده است."
        }
    }
}