{
    "89": {
        "number": 89,
        "bab": 2,
        "title": "دعای سحر",
        "arabic": {
            "1": "اللّٰهُمَّ إِنِّى أَسْأَلُكَ مِنْ بَهائِكَ بِأَبْهاهُ وَكُلُّ بَهائِكَ بَهِيٌّ ، اللّٰهُمَّ إِنِّي أَسْأَلُكَ بِبَهائِكَ كُلِّهِ . اللّٰهُمَّ إِنِّى أَسْأَلُكَ مِنْ جَمالِكَ بِأَجْمَلِهِ وَكُلُّ جَمالِكَ جَمِيلٌ ، اللّٰهُمَّ إِنِّى أَسْأَلُكَ بِجَمالِكَ كُلِّهِ . اللّٰهُمَّ إِنِّى أَسْأَلُكَ مِنْ جَلالِكَ بِأَجَلِّهِ وَكُلُّ جَلالِكَ جَلِيلٌ ، اللّٰهُمَّ إِنِّى أَسْأَلُكَ بِجَلالِكَ كُلِّهِ . اللّٰهُمَّ إِنِّى أَسْأَلُكَ مِنْ عَظَمَتِكَ بِأَعْظَمِها وَكُلُّ عَظَمَتِكَ عَظِيمَةٌ ، اللّٰهُمَّ إِنِّى أَسْأَلُكَ بِعَظَمَتِكَ كُلِّها . ",
            "2": "اللّٰهُمَّ إِنِّى أَسْأَلُكَ مِنْ نُورِكَ بِأَنْوَرِهِ وَكُلُّ نُورِكَ نَيِّرٌ ، اللّٰهُمَّ إِنِّى أَسْأَلُكَ بِنُورِكَ كُلِّهِ . اللّٰهُمَّ إِنِّى أَسْأَلُكَ مِنْ رَحْمَتِكَ بِأَوْسَعِها وَكُلُّ رَحْمَتِكَ واسِعَةٌ ، اللّٰهُمَّ إِنِّى أَسْأَلُكَ بِرَحْمَتِكَ كُلِّها. اللّٰهُمَّ إِنِّى أَسْأَلُكَ مِنْ كَلِماتِكَ بِأَتَمِّها وَكُلُّ كَلِماتِكَ تامَّةٌ ، اللّٰهُمَّ إِنِّى أَسْأَلُكَ بِكَلِماتِكَ كُلِّها؛",
            "3": "اللّٰهُمَّ إِنِّى أَسْأَلُكَ مِنْ كَمالِكَ بِأَكْمَلِهِ وَكُلُّ كَمالِكَ كامِلٌ ، اللّٰهُمَّ إِنِّى أَسْأَلُكَ بِكَمالِكَ كُلِّهِ . اللّٰهُمَّ إِنِّى أَسْأَلُكَ مِنْ أَسْمائِكَ بِأَكْبَرِها وَكُلُّ أَسْمائِكَ كَبِيرَةٌ ، اللّٰهُمَّ إِنِّى أَسْأَلُكَ بِأَسْمائِكَ كُلِّها . اللّٰهُمَّ إِنِّى أَسْأَلُكَ مِنْ عِزَّتِكَ بِأَعَزِّها وَكُلُّ عِزَّتِكَ عَزِيزَةٌ ، اللّٰهُمَّ إِنِّى أَسْأَلُكَ بِعِزَّتِكَ كُلِّها . اللّٰهُمَّ إِنِّى أَسْأَلُكَ مِنْ مَشِيئَتِكَ بِأَمْضاها وَكُلُّ مَشِيئَتِكَ ماضِيَةٌ، اللّٰهُمَّ إِنِّى أَسْأَلُكَ بِمَشِيئَتِكَ كُلِّها .",
            "4": "اللّٰهُمَّ إِنِّى أَسْأَلُكَ مِنْ قُدْرَتِكَ بِالْقُدْرَةِ الَّتِى اسْتَطَلْتَ  بِها عَلَىٰ كُلِّ شَىْءٍ وَكُلُّ قُدْرَتِكَ مُسْتَطِيلَةٌ ، اللّٰهُمَّ إِنِّى أَسْأَلُكَ بِقُدْرَتِكَ كُلِّها . اللّٰهُمَّ إِنِّى أَسْأَلُكَ مِنْ عِلْمِكَ بِأَنْفَذِهِ وَكُلُّ عِلْمِكَ نافِذٌ ، اللّٰهُمَّ إِنِّى أَسْأَلُكَ بِعِلْمِكَ كُلِّهِ . اللّٰهُمَّ إِنِّى أَسْأَلُكَ مِنْ قَوْلِكَ بِأَرْضاهُ وَكُلُّ قَوْ لِكَ رَضِيٌّ ، اللّٰهُمَّ إِنِّي أَسْأَلُكَ بِقَوْلِكَ كُلِّهِ . اللّٰهُمَّ إِنِّى أَسْأَلُكَ مِنْ مَسائِلِكَ بِأَحَبِّها إِلَيْكَ وَكُلُّهٰا  إِلَيْكَ حَبِيبَةٌ ، اللّٰهُمَّ إِنِّى أَسْأَلُكَ بِمَسائِلِكَ كُلِّها؛ ",
            "5": "اللّٰهُمَّ إِنِّى أَسْأَلُكَ مِنْ شَرَفِكَ بِأَشْرَفِهِ وَكُلُّ شَرَفِكَ شَرِيفٌ ، اللّٰهُمَّ إِنِّى أَسْأَلُكَ بِشَرَفِكَ كُلِّهِ . اللّٰهُمَّ إِنِّى أَسْأَلُكَ مِنْ سُلْطانِكَ بِأَدْوَمِهِ وَكُلُّ سُلْطانِكَ دَائِمٌ ، اللّٰهُمَّ إِنِّى أَسْأَلُكَ بِسُلْطانِكَ كُلِّهِ . اللّٰهُمَّ إِنِّى أَسْأَلُكَ مِنْ مُلْكِكَ بِأَ فْخَرِهِ وَكُلُّ مُلْكِكَ فاخِرٌ ، اللّٰهُمَّ إِنِّى أَسْأَلُكَ بِمُلْكِكَ كُلِّهِ . اللّٰهُمَّ إِنِّى أَسْأَلُكَ مِنْ عُلُوِّكَ بِأَعْلاهُ وَكُلُّ عُلُوِّكَ عالٍ ، اللّٰهُمَّ إِنِّى أَسْأَلُكَ بِعُلُوِّكَ كُلِّهِ . ",
            "6": "اللّٰهُمَّ إِنِّى أَسْأَلُكَ مِنْ مَنِّكَ بِأَ قْدَمِهِ وَكُلُّ مَنِّكَ قَدِيمٌ ، اللّٰهُمَّ إِنِّى أَسْأَلُكَ بِمَنِّكَ كُلِّهِ . اللّٰهُمَّ إِنِّى أَسْأَلُكَ مِنْ آياتِكَ بِأَكْرَمِها وَكُلُّ آياتِكَ كَرِيمَةٌ ، اللّٰهُمَّ إِنِّى أَسْأَلُكَ بآياتِكَ كُلِّها . اللّٰهُمَّ إِنِّى أَسْأَلُكَ بِما أَنْتَ فِيهِ مِنَ الشَّأْنِ وَالْجَبَرُوتِ وَأَسْأَلُكَ بِكُلِّ شَأْنٍ وَحْدَهُ وَجَبَرُوتٍ وَحْدَها ، اللّٰهُمَّ إِنِّى أَسْأَلُكَ بِما تُجِيبُنِى بِهِ  حِينَ أَسْأَلُكَ فَأَجِبْنِى يَا اللّٰهُ.",
            "7": ""
        },
        "farsi": {
            "1": " خدایا، از تو درخواست می‌کنم به‌حق زیباترین مرتبه از زیبایی‌ات و همه مراتب زیبایی‌ات زیباست، خدایا از تو درخواست می‌کنم به‌حق همه مراتب زیبایی‌ات. خدایا از تو درخواست می‌کنم به‌حق نیکوترین مرتبه از جمالت و همه مراتب جمال تو نیکوست، خدایا از تو درخواست می‌کنم به‌حق همه مراتب جمالت. خدایا از تو درخواست می‌کنم به‌حق برجسته‌ترین مرتبه از جلالت و همه مراتب جلال تو برجسته است، خدایا از تو درخواست می‌کنم به‌حق همه مراتب جلالت. خدایا از تو درخواست می‌کنم به‌حق بالاترین مرتبه از عظمتت و همه مراتب عظمتت عظیم است، خدایا از تو درخواست می‌کنم به‌حق همه مراتب عظمتت.",
            "2": " خدایا از تو درخواست می‌کنم به‌حق نورانی‌ترین مرتبه از نورت و همه مراتب نور تو نورانی است، خدایا از تو درخواست می‌کنم به‌حق همه مراتب نورت. خدایا از تو درخواست می‌کنم به‌حق گسترده‌ترین مرتبه از رحمتت و همه مراتب رحمتت گسترده است، خدایا از تو درخواست می‌کنم به‌حق همه مراتب رحمتت. خدایا از تو درخواست می‌کنم به‌حق کامل‌ترین مرتبه از مراتب کلماتت و همه مراتب کلماتت کامل است، خدایا از تو درخواست می‌کنم به‌حق همه مراتب کلماتت؛",
            "3": " خدایا، از تو درخواست می‌کنم به‌حق کامل‌ترین مرتبه از کمالت و همه مراتب کمالت کامل است، خدایا از تو درخواست می‌کنم به‌حق همه مراتب کمالت. خدایا از تو درخواست می‌کنم به‌حق بزرگ‌ترین مرتبه از نام‌هایت و همه مراتب نام‌هایت بزرگ است، خدایا از تو درخواست می‌کنم به‌حق همه مراتب نام‌هایت. خدایا از تو درخواست می‌کنم به‌حق عزیزترین مرتبه از عزّتت و همه مراتب عزّتت عزیز است، خدایا از تو درخواست می‌کنم به‌حق همه مراتب عزتت. خدایا از تو درخواست می‌کنم به‌حق نافذترین مرتبه اراده‌ات و همه مراتب اراده‌ات نافذ است، خدایا از تو درخواست می‌کنم به‌حق همه مراتب اراده‌ات.",
            "4": " خدایا از تو درخواست می‌کنم به‌حق قدرتت که بر همه موجودات احاطه دارد و همه قدرتت بر تمام موجودات احاطه دارد، خدایا از تو درخواست می‌کنم به‌حق همه مراتب قدرتت.  خدایا از تو درخواست می‌کنم به‌حق نافذترین مرتبه از مراتب علمت و همه مراتب علمت نافذ است، خدایا از تو درخواست می‌کنم به‌حق همه مراتب علمت. خدایا از تو درخواست می‌کنم به‌حق پسندیده‌ترین مرتبه از گفتارت و همه مراتب گفتار تو پسندیده است، خدایا از تو درخواست می‌کنم به‌حق همه مراتب گفتارت. خدایا از تو درخواست می‌کنم به‌حق محبوب‌ترین مرتبه از خواسته‌هایت نزد تو و همه مراتب خواسته‌هایت محبوب است، خدایا از تو درخواست می‌کنم به‌حق همه مراتب خواسته‌هایت؛ ",
            "5": "خدایا، از تو درخواست می‌کنم به‌حق شریف‌ترین مرتبه از شرفت و همه مراتب شرف تو شریف است، خدایا از تو درخواست می‌کنم به‌حق همه مراتب شرفت. خدایا از تو درخواست می‌کنم به‌حق پایدارترین مرتبه از سلطنتت و همه مراتب سلطنت تو پایدار است، خدایا از تو درخواست می‌کنم به‌حق همه مراتب سلطنتت. خدایا از تو درخواست می‌کنم به‌حق باافتخارترین مرتبه از فرمانروایی‌ات و همه مراتب فرمانروایی‌ات با افتخار است، خدایا از تو درخواست می‌کنم به‌حق همه مراتب فرمانروایی‌ات. خدایا از تو درخواست می‌کنم به‌حق برترین مرتبه از برتری‌ات و همه مراتب برتری‌ات برتر است، خدایا از تو درخواست می‌کنم به‌حق همه مراتب برتری‌ات. ",
            "6": "خدایا از تو درخواست می‌کنم به‌حق دیرینه‌ترین مرتبه از کرمت و همه مراتب کرمت دیرینه است، خدایا از تو درخواست می‌کنم به‌حق همه مراتب کرمت. خدایا از تو درخواست می‌کنم به‌حق گرامی‌ترین مرتبه از نشانه‌هایت و همه مراتب نشانه‌هایت گرامی است، خدایا از تو درخواست می‌کنم به‌حق همه مراتب نشانه‌هایت. خدایا از تو درخواست می‌کنم به‌حق آنچه از جاه و جبروت که در آنی و از تو می‌خواهم به‌حق هر جاه به تنهایی و به‌حق هر جبروت به تنهایی، خدایا از تو درخواست می‌کنم به‌حق آنچه اجابت می‌کنی مرا به آن هنگامی که از تو درخواست می‌کنم پس مرا اجابت کن ای خدا. ",
            "7": ""

        },
        "tozih": {
            "1": "این دعا، دعای عظیم‌الشأنی است که از حضرت رضا(علیه‌السلام) روایت شده، آن حضرت فرموده است: این دعا، دعایی است که امام باقر(علیه‌السلام) در سحرهای ماه رمضان می‌خواندند: ",
            "2": "",
            "3": "",
            "4": "",
            "5": "",
            "6": "",
            "7": "آنگاه هر حاجت که داری از خدا بخواه که به‌یقین برآورده خواهد شد.  "
        }
    }
}