{
    "92": {
        "number": 92,
        "bab": 2,
        "title": "مختصرترین دعای سحر",
        "arabic": {
            "1": "يَا مَفْزَعِى عِنْدَ كُرْبَتِى ، وَيَا غَوْثِى عِنْدَ شِدَّتِى ، إِلَيْكَ فَزِعْتُ ، وَبِكَ اسْتَغَثْتُ ، وَبِكَ لُذْتُ ، لَا أَلُوذُ بِسِواكَ ، وَلَا أَطْلُبُ الْفَرَجَ إِلّا مِنْكَ ، فَأَغِثْنِى وَفَرِّجْ عَنِّى ، يَا مَنْ يَقْبَلُ الْيَسِيرَ ، وَيَعْفُو عَنِ الْكَثِيرِ ، اقْبَلْ مِنِّى الْيَسِيرَ ، وَاعْفُ عَنِّى الْكَثِيرَ ، إِنَّكَ أَنْتَ الْغَفُورُ الرَّحِيمُ . اللّٰهُمَّ إِنِّى أَسْأَلُكَ إِيماناً تُباشِرُ بِهِ قَلْبِى ، وَيَقِيناً حَتّىٰ أَعْلَمَ أَنَّهُ لَنْ يُصِيبَنِى إِلّا مَا كَتَبْتَ لِى ، وَرَضِّنِى مِنَ الْعَيْشِ بِما قَسَمْتَ لِى ، يَا أَرْحَمَ الرَّاحِمِينَ ، يَا عُدَّتِى فِى كُرْبَتِى ، وَيَا صاحِبِى فِى شِدَّتِى ، وَيَا وَلِيِّى فِى نِعْمَتِى ، وَيَا غايَتِى فِى رَغْبَتِى ، أَنْتَ السَّاتِرُ عَوْرَتِى ، وَالْآمِنُ رَوْعَتِى ، وَالْمُقِيلُ عَثْرَتِى ، فَاغْفِرْ لِى خَطِيئَتِى ، يَا أَرْحَمَ الرَّاحِمِينَ.",
            "2": ""
        },
        "farsi": {
            "1": " ای پناهگاهم در غم و اندوه، ای دادرسم در دشواری‌ها، به تو پناه آوردم و از تو دادخواهی نمودم و پناه‌جوی تو شدم و به دیگری پناه نمی‌برم و گشایش در کارم را جز از تو نخواهم، پس به فریادم رس و در کارم گشایش ده، ای که عمل اندک را می‌پذیری و از گناه بسیار در می‌گذری، عبادت اندک را از من بپذیر و گناه بسیار را از من درگذر، زیرا تو آمرزنده‌ی مهربانی. خدایا از تو ایمانی می‌خواهم که دلم با آن همراه باشد و باوری می‌جویم که بدانم هرگز چیزی به من نمی‌رسد، جز آنچه تو برایم نوشتی، مرا از زندگی به آنچه نصیبم فرمودی خشنود ساز، ای مهربان‌ترین مهربانان، ای توشه‌ام در غم و اندوه، ای همراهم در سختی‌ها، ای سرپرستم در نعمت‌ها و ای هدف و میل و رغبتم، تو پوشاننده زشتی من و ایمنی‌بخش هراس من و درگذرنده لغزش منی، خطایم را بیامرز، ای مهربان‌ترین مهربانان. "
        },
        "tozih": {
            "1": "این دعا را که مختصرترین دعا از دعاهای سحر است و در کتاب «اقبال» آمده بخوان: "
        }
    }
}