{
    "93": {
        "number": 93,
        "bab": 2,
        "title": "تسبیحات در سحر",
        "arabic": {
            "1": "سُبْحانَ مَنْ يَعْلَمُ جَوارِحَ الْقُلُوبِ ! سُبْحانَ مَنْ يُحْصِى عَدَدَ الذُّنُوبِ ! سُبْحانَ مَنْ لَايَخْفىٰ عَلَيْهِ خافِيَةٌ فِى السَّمَاواتِ وَالْأَرَضِينَ ! سُبْحانَ الرَّبِّ الْوَدُودِ ! سُبْحانَ الْفَرْدِ الْوِتْرِ ! سُبْحانَ الْعَظِيمِ الْأَعْظَمِ ! سُبْحانَ مَنْ لَايَعْتَدِى عَلَىٰ أَهْلِ مَمْلَكَتِهِ ! سُبْحانَ مَنْ لَايُؤاخِذُ أَهْلَ الْأَرْضِ بِأَ لْوانِ الْعَذابِ ! سُبْحانَ الْحَنَّانِ الْمَنَّانِ ! سُبْحانَ الرَّؤُوفِ الرَّحِيمِ ! سُبْحانَ الْجَبّارِ الْجَوادِ ! سُبْحانَ الْكَرِيمِ الْحَلِيمِ ! سُبْحانَ الْبَصِيرِ الْعَلِيمِ ! سُبْحانَ الْبَصِيرِ الْواسِعِ ! سُبْحانَ اللّٰهِ عَلَىٰ إِقْبالِ النَّهارِ ! سُبْحانَ اللّٰهِ عَلَىٰ إِدْبارِ النَّهارِ ! سُبْحانَ اللّٰهِ عَلَىٰ إِدْبارِ اللَّيْلِ وَ إِقْبالِ النَّهارِ  ! وَلَهُ الْحَمْدُ وَالْمَجْدُ وَالْعَظَمَةُ وَالْكِبْرِياءُ مَعَ كُلِّ نَفَسٍ وَكُلِّ طَرْفَةِ عَيْنٍ وَكُلِّ لَمْحَةٍ سَبَقَ فِى عِلْمِهِ ، سُبْحانَكَ مِلْءَ مَا أَحْصىٰ كِتابُكَ ، سُبْحانَكَ زِنَةَ عَرْشِكَ ، سُبْحانَكَ سُبْحانَكَ سُبْحانَكَ. "
        },
        "farsi": {
            "1": "منزّه است آن‌که قوای پنهانی دل‌ها را می‌داند، منزّه است آن‌که عدد گناهان را بر می‌شمارد، منزّه است آن‌که پوشیده‌ای در آسمان‌ها و زمین‌ها برای او پوشیده نمی‌ماند، منزّه است پروردگار پرمهر و محبت، منزّه است آن یگانه و فرد، منزّه است بزرگ بزرگ‌تر، منزّه است آن‌که بر اهل فرمانروایی‌اش ستم نمی‌ورزد، منزّه است آن‌که اهل زمین را به عذاب‌های گوناگون کیفر نمی‌کند، منزّه است آن مهربان نعمت‌بخش، منزّه است آن رئوف مهربان، منزّه است آن جبّار سخاوتمند، منزّه است آن کریم بردبار، منزّه است آن بینای دانا، منزّه است آن بینای وسعت بخش، منزّه است خدا بر روی آوردن روز، منزّه است خدا بر روی‌ گرداندن روز، منزّه است خدا بر روی گرداندن شب و روی آوردن روز، برای اوست سپاس و بزرگواری و بزرگی و کبریایی، همراه هر نفس و هر چشم برهم زدن و هر برق نگاه که در علم او گذشته، منزّهی تو به انباشتگی آنچه کتابت بر شمرده، منزّهی تو به سنگینی عرشت، منزّهی تو، منزّهی تو، منزّهی تو. "
        },
        "tozih": {
            "1": " این تسبیحات را که در کتاب «اقبال» آمده بخوان: "
        }
    }
}