{
    "94": {
        "number": 94,
        "bab": 2,
        "title": "نیت روزه و شب زنده داری در سحرهای ماه رمضان",
        "arabic": {
            "1": ""
        },
        "farsi": {
            "1": ""

        },
        "tozih": {
            "1": " آگاه باش علما فرموده\u200Cاند: اگر پس از خوردن سحر نیت روزه کند بهتر است، هرچند از آغاز شب تا پایان شب می\u200Cتوان نیت روزه کرد و بلکه همین که می\u200Cداند و نیّتش این است که فردا برای خدا روزه می\u200Cگیرد و از باطل\u200Cکننده\u200Cها خودداری می\u200Cکند کافی است.\n\nو شایسته\u200Cتر است که نماز شب را در سحرها ترک نکند و شب\u200Cزنده\u200Cداری را بجا آورد.\n"
        }
    }
}