{
    "98": {
        "number": 98,
        "bab": 2,
        "title": "تسبیحات هر روز ماه رمضان",
        "arabic": {
            "1": " ﴿۱﴾ سُبْحانَ اللّٰهِ بارِئِ النَّسَمِ ، سُبْحانَ اللّٰهِ الْمُصَوِّرِ ، سُبْحانَ اللّٰهِ خالِقِ الْأَزْواجِ كُلِّها ، سُبْحانَ اللّٰهِ جاعِلِ الظُّلُماتِ وَالنُّورِ ، سُبْحانَ اللّٰهِ فالِقِ الْحَبِّ وَالنَّوىٰ ، سُبْحانَ اللّٰهِ خالِقِ كُلِّ شَىْءٍ ، سُبْحانَ اللّٰهِ خالِقِ مَا يُرىٰ وَمَا لَايُرىٰ ، سُبْحانَ اللّٰهِ مِدادَ كَلِماتِهِ ، سُبْحانَ اللّٰهِ رَبِّ الْعالَمِينَ ، سُبْحانَ اللّهِ السَّمِيعِ الَّذِى لَيْسَ شَىْءٌ أَسْمَعَ مِنْهُ ، يَسْمَعُ مِنْ فَوْقِ عَرْشِهِ مَا تَحْتَ سَبْعِ أَرَضِينَ ، وَيَسْمَعُ مَا فِى ظُلُماتِ الْبَرِّ وَالْبَحْرِ ، وَيَسْمَعُ الْأَنِينَ وَالشَّكْوىٰ ، وَيَسْمَعُ السِّرَّ وَأَخْفىٰ ، وَيَسْمَعُ وَساوِسَ الصُّدُورِ ، وَلَا يُصِمُّ سَمْعَهُ صَوْتٌ. ",
            "2": " ﴿۲﴾ سُبْحانَ اللّٰهِ بارِئِ النَّسَمِ ، سُبْحانَ اللّٰهِ الْمُصَوِّرِ ، سُبْحانَ اللّٰهِ خالِقِ الْأَزْواجِ كُلِّها ، سُبْحانَ اللّٰهِ جاعِلِ الظُّلُماتِ وَالنُّورِ ، سُبْحانَ اللّٰهِ فالِقِ الْحَبِّ وَالنَّوىٰ ، سُبْحانَ اللّٰهِ خالِقِ كُلِّ شَىْءٍ ، سُبْحانَ اللّٰهِ خالِقِ مَا يُرىٰ وَمَا لَايُرىٰ ، سُبْحانَ اللّٰهِ مِدادَ كَلِماتِهِ ، سُبْحانَ اللّٰهِ رَبِّ الْعالَمِينَ ، سُبْحانَ اللّهِ الْبَصِيرِ الَّذِى لَيْسَ شَىْءٌ أَبْصَرَ مِنْهُ ، يُبْصِرُ مِنْ فَوْقِ عَرْشِهِ مَا تَحْتَ سَبْعِ أَرَضِينَ ، وَيُبْصِرُ مَا فِى ظُلُماتِ الْبَرِّ وَالْبَحْرِ ، لَاتُدْرِكُهُ الْأَبْصارُ ، وَهُوَ يُدْرِكُ الْأَبْصارَ ، وَهُوَ اللَّطِيفُ الْخَبِيرُ ، وَلَا تُغْشِى بَصَرَهُ الظُّلْمَةُ ، وَلَا يُسْتَتَرُ مِنْهُ بِسِتْرٍ ، وَلَا يُوارِى مِنْهُ جِدارٌ ، وَلَا يَغِيبُ عَنْهُ بَرٌّ وَلَا بَحْرٌ ، وَلَا يَكُنُّ مِنْهُ جَبَلٌ مَا فِى أَصْلِهِ وَلَا قَلْبٌ مَا فِيهِ ، وَلَا جَنْبٌ مَا فِى قَلْبِهِ ، وَلَا يَسْتَتِرُ مِنْهُ صَغِيرٌ وَلَا كَبِيرٌ ، وَلَا يَسْتَخْفِى مِنْهُ صَغِيرٌ لِصِغَرِهِ ، وَلَا يَخْفىٰ عَلَيْهِ شَىْءٌ فِى الْأَرْضِ وَلَا فِى السَّماءِ ، هُوَ الَّذِى يُصَوِّرُكُمْ فِى الْأَرْحامِ كَيْفَ يَشاءُ لَاإِلٰهَ إِلّا هُوَ الْعَزِيزُ الْحَكِيمُ. ",
            "3": " ﴿۳﴾ سُبْحانَ اللّٰهِ بارِئِ النَّسَمِ ، سُبْحانَ اللّٰهِ الْمُصَوِّرِ ، سُبْحانَ اللّٰهِ خالِقِ الْأَزْواجِ كُلِّها ، سُبْحانَ اللّٰهِ جاعِلِ الظُّلُماتِ وَالنُّورِ ، سُبْحانَ اللّٰهِ فالِقِ الْحَبِّ وَالنَّوىٰ ، سُبْحانَ اللّٰهِ خالِقِ كُلِّ شَىْءٍ ، سُبْحانَ اللّٰهِ خالِقِ مَا يُرىٰ وَمَا لَايُرىٰ ، سُبْحانَ اللّٰهِ مِدادَ كَلِماتِهِ ، سُبْحانَ اللّٰهِ رَبِّ الْعالَمِينَ ، سُبْحانَ اللّهِ الَّذِى يُنْشِئُ السَّحابَ الثِّقالَ وَيُسَبِّحُ الرَّعْدُ بِحَمْدِهِ وَالْمَلائِكَةُ مِنْ خِيفَتِهِ ، وَيُرْسِلُ الصَّواعِقَ فَيُصِيبُ بِها مَنْ يَشاءُ ، وَيُرْسِلُ الرِّياحَ بُشْراً بَيْنَ يَدَيْ رَحْمَتِهِ ، وَيُنَزِّلُ الْماءَ مِنَ السَّماءِ بِكَلِمَتِهِ ، وَيُنْبِتُ النَّباتَ بِقُدْرَتِهِ ، وَيَسْقُطُ الْوَرَقُ بِعِلْمِهِ ، سُبْحانَ اللّٰهِ الَّذِى لَايَعْزُبُ عَنْهُ مِثْقالُ ذَرَّةٍ فِى الْأَرْضِ وَلَا فِى السَّماءِ وَلَا أَصْغَرُ مِنْ ذٰلِكَ وَلَا أَكْبَرُ إِلّا فِى كِتابٍ مُبِينٍ. ",
            "4": " ﴿۴﴾ سُبْحانَ اللّٰهِ بارِىَ النَّسَمِ ، سُبْحانَ اللّٰهِ الْمُصَوِّرِ ، سُبْحانَ اللّٰهِ خالِقِ الْأَزْواجِ كُلِّها ، سُبْحانَ اللّٰهِ جاعِلِ الظُّلُماتِ وَالنُّورِ ، سُبْحانَ اللّٰهِ فالِقِ الْحَبِّ وَالنَّوىٰ ، سُبْحانَ اللّٰهِ خالِقِ كُلِّ شَىْءٍ ، سُبْحانَ اللّٰهِ خالِقِ مَا يُرىٰ وَمَا لَا يُرىٰ ، سُبْحانَ اللّٰهِ مِدادَ كَلِماتِهِ ، سُبْحانَ اللّٰهِ رَبِّ الْعالَمِينَ ، سُبْحانَ اللّهِ الَّذِى يَعْلَمُ مَا تَحْمِلُ كُلُّ أُنْثىٰ وَمَا تَغِيضُ الْأَرْحامُ وَمَا تَزْدادُ وَكُلُّ شَىْءٍ عِنْدَهُ بِمِقْدارٍ عالِمُ الْغَيْبِ وَالشَّهادَةِ الْكَبِيرُ الْمُتَعالِ سَواءٌ مِنْكُمْ مَنْ أَسَرَّ الْقَوْلَ وَمَنْ جَهَرَ بِهِ وَمَنْ هُوَ مُسْتَخْفٍ بِاللَّيْلِ وَسارِبٌ بِالنَّهارِ لَهُ مُعَقِّباتٌ مِنْ بَيْنِ يَدَيْهِ وَمِنْ خَلْفِهِ يَحْفَظُونَهُ مِنْ أَمْرِ اللّٰهِ ، سُبْحانَ اللّٰهِ الَّذِى يُمِيتُ الْأَحْياءَ وَيُحْيِى الْمَوْتىٰ وَيَعْلَمُ مَا تَنْقُصُ الْأَرْضُ مِنْهُمْ وَيُقِرُّ فِى الْأَرْحامِ مَا يَشاءُ إِلىٰ أَجَلٍ مُسَمّىً. ",
            "5": " ﴿۵﴾ سُبْحانَ اللّٰهِ بارِىَ النَّسَمِ ، سُبْحانَ اللّٰهِ الْمُصَوِّرِ ، سُبْحانَ اللّٰهِ خالِقِ الْأَزْواجِ كُلِّها ، سُبْحانَ اللّٰهِ جاعِلِ الظُّلُماتِ وَالنُّورِ ، سُبْحانَ اللّٰهِ فالِقِ الْحَبِّ وَالنَّوىٰ ،سُبْحانَ اللّٰهِ خالِقِ كُلِّ شَىْءٍ ، سُبْحانَ اللّٰهِ خالِقِ مَا يُرىٰ وَمَا لَايُرىٰ ، سُبْحانَ اللّٰهِ مِدادَ كَلِماتِهِ ، سُبْحانَ اللّٰهِ رَبِّ الْعالَمِينَ ، سُبْحانَ اللّهِ مالِكِ الْمُلْكِ ، تُؤْتِى الْمُلْكَ مَنْ تَشاءُ ، وَتَنْزِعُ الْمُلْكَ مِمَّنْ تَشاءُ ، وَتُعِزُّ مَنْ تَشاءُ ، وَتُذِلُّ مَنْ تَشاءُ ، بِيَدِكَ الْخَيْرُ ، إِنَّكَ عَلَىٰ كُلِّ شَىْءٍ قَدِيرٌ ، تُولِجُ اللَّيْلَ فِى النَّهارِ ، وَتُولِجُ النَّهارَ فِى اللَّيْلِ ، تُخْرِجُ الْحَىَّ مِنَ الْمَيِّتِ ، وَتُخْرِجُ الْمَيِّتَ مِنَ الْحَيِّ ، وَتَرْزُقُ مَنْ تَشاءُ بِغَيْرِ حِسابٍ. ",
            "6": " ﴿۶﴾ سُبْحانَ اللّٰهِ بارِىَ النَّسَمِ ، سُبْحانَ اللّٰهِ الْمُصَوِّرِ ، سُبْحانَ اللّٰهِ خالِقِ الْأَزْواجِ كُلِّها ، سُبْحانَ اللّٰهِ جاعِلِ الظُّلُماتِ وَالنُّورِ ، سُبْحانَ اللّٰهِ فالِقِ الْحَبِّ وَالنَّوىٰ ، سُبْحانَ اللّٰهِ خالِقِ كُلِّ شَىْءٍ ، سُبْحانَ اللّٰهِ خالِقِ مَا يُرىٰ وَمَا لَايُرىٰ ، سُبْحانَ اللّٰهِ مِدادَ كَلِماتِهِ ، سُبْحانَ اللّٰهِ رَبِّ الْعالَمِينَ ، سُبْحانَ اللّهِ الَّذِى عِنْدَهُ مَفاتِحُ الْغَيْبِ لَايَعْلَمُها إِلّا هُوَ وَيَعْلَمُ مَا فِى الْبَرِّ وَالْبَحْرِ وَمَا تَسْقُطُ مِنْ وَرَقَةٍ إِلّا يَعْلَمُها وَلَا حَبَّةٍ فِى ظُلُماتِ الْأَرْضِ وَلَا رَطْبٍ وَلَا يابِسٍ إِلّا فِى كِتابٍ مُبِينٍ. ",
            "7": " ﴿۷﴾ سُبْحانَ اللّٰهِ بارِىَ النَّسَمِ ، سُبْحانَ اللّٰهِ الْمُصَوِّرِ ، سُبْحانَ اللّٰهِ خالِقِ الْأَزْواجِ كُلِّها ، سُبْحانَ اللّٰهِ جاعِلِ الظُّلُماتِ وَالنُّورِ ، سُبْحانَ اللّٰهِ فالِقِ الْحَبِّ وَالنَّوىٰ ، سُبْحانَ اللّٰهِ خالِقِ كُلِّ شَىْءٍ ، سُبْحانَ اللّٰهِ خالِقِ مَا يُرىٰ وَمَا لَا يُرىٰ ، سُبْحانَ اللّٰهِ مِدادَ كَلِماتِهِ ، سُبْحانَ اللّٰهِ رَبِّ الْعالَمِينَ ، سُبْحانَ اللّٰهِ الَّذِى لَا يُحْصِى مِدْحَتَهُ الْقائِلُونَ ، وَلَا يَجْزِى بِآلائِهِ الشَّاكِرُونَ الْعابِدُونَ ، وَهُوَ كَما قالَ وَفَوْقَ مَا نَقُولُ ، وَاللّٰهُ سُبْحانَهُ كَما أَثْنىٰ عَلَىٰ نَفْسِهِ ، وَلَا يُحِيطُونَ بِشَىْءٍ مِنْ عِلْمِهِ إِلّا بِما شاءَ وَسِعَ كُرْسِيُّهُ السَّمَاوَاتِ وَالْأَرْضَ وَلَا يَؤُودُهُ حِفْظُهُما وَهُوَ الْعَلِىُّ الْعَظِيمُ. ",
            "8": " ﴿۸﴾ سُبْحانَ اللّٰهِ بارِىَ النَّسَمِ ، سُبْحانَ اللّٰهِ الْمُصَوِّرِ ، سُبْحانَ اللّٰهِ خالِقِ الْأَزْواجِ كُلِّها ، سُبْحانَ اللّٰهِ جاعِلِ الظُّلُماتِ وَالنُّورِ ، سُبْحانَ اللّٰهِ فالِقِ الْحَبِّ وَالنَّوىٰ ، سُبْحانَ اللّٰهِ خالِقِ كُلِّ شَىْءٍ ، سُبْحانَ اللّٰهِ خالِقِ مَا يُرىٰ وَمَا لَا يُرىٰ ، سُبْحانَ اللّٰهِ مِدادَ كَلِماتِهِ ، سُبْحانَ اللّٰهِ رَبِّ الْعالَمِينَ ، سُبْحانَ اللّهِ الَّذِى يَعْلَمُ مَا يَلِجُ فِى الْأَرْضِ وَمَا يَخْرُجُ مِنْها ، وَمَا يَنْزِلُ مِنَ السَّماءِ وَمَا يَعْرُجُ فِيها ، وَلَا يَشْغَلُهُ مَا يَلِجُ فِى الْأَرْضِ وَمَا يَخْرُجُ مِنْها عَمَّا يَنْزِلُ مِنَ السَّماءِ وَمَا يَعْرُجُ فِيها ، وَلَا يَشْغَلُهُ مَا يَنْزِلُ مِنَ السَّماءِ وَمَا يَعْرُجُ فِيها عمَّا يَلِجُ فِى الْأَرْضِ وَمَا يَخْرُجُ مِنْها ، وَلَا يَشْغَلُهُ عِلْمُ شَىْءٍ عَنْ عِلْمِ شَىْءٍ ، وَلَا يَشْغَلُهُ خَلْقُ شَىْءٍ عَنْ خَلْقِ شَىْءٍ ، وَلَا حِفْظُ شَىْءٍ عَنْ حِفْظِ شَىْءٍ ، وَلَا يُساوِيهِ شَىْءٌ ، وَلَا يَعْدِلُهُ شَىْءٌ ، لَيْسَ كَمِثْلِهِ شَىْءٌ ، وَهُوَ السَّمِيعُ الْبَصِيرُ. ",
            "9": " ﴿۹﴾ سُبْحانَ اللّٰهِ بارِىَ النَّسَمِ ، سُبْحانَ اللّٰهِ الْمُصَوِّرِ ، سُبْحانَ اللّٰهِ خالِقِ الْأَزْواجِ كُلِّها ، سُبْحانَ اللّٰهِ جاعِلِ الظُّلُماتِ وَالنُّوْرِ ، سُبْحانَ اللّٰهِ فالِقِ الْحَبِّ وَالنَّوىٰ ، سُبْحانَ اللّٰهِ خالِقِ كُلِّ شَىْءٍ ، سُبْحانَ اللّٰهِ خالِقِ مَا يُرىٰ وَمَا لَايُرىٰ ، سُبْحانَ اللّٰهِ مِدادَ كَلِماتِهِ ، سُبْحانَ اللّٰهِ رَبِّ الْعالَمِينَ ، سُبْحانَ اللّهِ فاطِرِ السَّمَاواتِ وَالْأَرْضِ جاعِلِ الْمَلائِكَةِ رُسُلاً أُولِى أَجْنِحَةٍ مَثْنىٰ وَثُلاثَ وَرُباعَ يَزِيدُ فِى الْخَلْقِ مَا يَشاءُ إِنَّ اللّٰهَ عَلَىٰ كُلِّ شَىْءٍ قَدِيرٌ ، مَا يَفْتَحِ اللّٰهُ لِلنّاسِ مِنْ رَحْمَةٍ فَلا مُمْسِكَ لَها وَمَا يُمْسِكْ فَلا مُرْسِلَ لَهُ مِنْ بَعْدِهِ وَهُوَ الْعَزِيزُ الْحَكِيمُ. ",
            "10": " ﴿۱۰﴾ سُبْحانَ اللّٰهِ بارِىَ النَّسَمِ ، سُبْحانَ اللّٰهِ الْمُصَوِّرِ ، سُبْحانَ اللّٰهِ خالِقِ الْأَزْواجِ كُلِّها ، سُبْحانَ اللّٰهِ جاعِلِ الظُّلُماتِ وَالنُّورِ ، سُبْحانَ اللّٰهِ فالِقِ الْحَبِّ وَالنَّوىٰ ، سُبْحانَ اللّٰهِ خالِقِ كُلِّ شَىْءٍ ، سُبْحانَ اللّٰهِ خالِقِ مَا يُرىٰ وَمَا لَايُرىٰ ، سُبْحانَ اللّٰهِ مِدادَ كَلِماتِهِ ، سُبْحانَ اللّٰهِ رَبِّ الْعالَمِينَ ، سُبْحانَ اللّهِ الَّذِى يَعْلَمُ مَا فِى السَّماواتِ وَمَا فِى الْأَرْضِ مَا يَكُونُ مِنْ نَجْوىٰ ثَلاثَةٍ إِلّا هُوَ رابِعُهُمْ وَلَا خَمْسَةٍ إِلّا هُوَ سادِسُهُمْ وَلَا أَدْنىٰ مِنْ ذٰلِكَ وَلَا أَكْثَرَ إِلّا هُوَ مَعَهُمْ أَيْنَما كانُوا ثُمَّ يُنَبِّئُهُمْ بِما عَمِلُوا يَوْمَ الْقِيامَةِ إِنَّ اللّٰهَ بِكُلِّ شَىْءٍ عَلِيمٌ. "
        },
        "farsi": {
            "1": " (1) منزه است خدای آفریننده‌ی هر تنفس کننده، منزّه است خدای صورتگر، منزّه است خدای آفریننده همه جفت‌ها، منزّه است خدای قراردهنده تاریکی‌ها و نور، منزّه است خدای شکافنده دانه و هسته، منزّه است خدای پدیدآورنده هر چیز، منزّه است خدای آفریننده آنچه دیده می‌شود و آنچه دیده نمی‌شود، منزّه است خدا به امتداد کلمات بی‌پایانش، منزّه است خدا پروردگار جهانیان، منزّه است خدای شنوا که هیچ‌کس شنواتر از او نیست، از بالای عرشش می‌شنود آنچه زیر هفت زمین است و می‌شنود آنچه در تاریکی‌های خشکی و دریاست و می‌شنود ناله‌ها و شکوه‌ها را و می‌شنود پنهان و پنهان‌تر را و می‌شنود وسوسه‌های نهان در سینه‌ها را و شنوایی‌اش را هیچ صدایی کر نکند. ",
            "2": " (2) منزّه است خدای آفریننده هر تنفس کننده، منزّه است خدای صورت‌آفرین، منزّه است خدای آفریننده همه جفت‌ها، منزّه است خدای قراردهنده تاریکی‌ها و نور، منزّه است خدای شکافنده دانه و هسته، منزّه است خدای آفریننده هر چیز، منزّه است خدای آفریننده آنچه دیده می‌شود و آنچه دیده نمی‌شود، منزّه است خدا به امتداد کلمات بی‌پایانش، منزّه است خدا پروردگار جهانیان، منزّه است خدای بینا که هیچ‌کس بیناتر از او نیست، از بالای عرشش می‌بیند آنچه زیر هفت زمین است و می‌بیند آنچه در تاریکی‌های خشکی و دریاست، دیده‌ها او را درک نمی‌کند و او دیده‌ها را درک می‌کند و او مهربان و آگاه است، دیده‌اش را تاریکی نمی‌پوشاند و چیزی از او با پوشش پوشیده نمی‌شود و دیوار چیزی را از او پنهان نمی‌کند و خشکی و دریا از او غایب نمی‌گردد و کوه آنچه را در ریشه دارد از او پنهان نمی‌دارد و نه دلی آنچه را در نهاد خود دارد و نه پهلویی آنچه را در دل دارد و کوچک و بزرگی نمی‌تواند خود را از او پنهان کند و چیز کوچکی به خاطر کوچکی‌اش نمی‌تواند از او پنهان شود، در زمین و آسمان چیزی بر او پنهان نیست، اوست که شما را به هرگونه که بخواهد در رحم‌ها صورت می‌بندد، معبودی جز او نیست، نیرومند و فرزانه است. ",
            "3": " (3) منزّه است خدای آفریننده هر تنفّس کننده، منزّه است خدای صورت‌آفرین، منزّه است خدای آفریننده همه جفت‌ها، منزّه است خدای قراردهنده تاریکی‌ها و نور، منزّه است خدای شکافنده دانه و هسته، منزّه است خدای آفریننده هر چیز، منزّه است خدای آفریننده آنچه دیده می‌شود و آنچه دیده نمی‌شود، منزّه است خدا به امتداد کلمات بی‌پایانش، منزّه است خدای پروردگار جهانیان، منزّه است خدای پدیدآورنده ابرهای گران و رعد به سپاس او تسبیح می‌گوید و فرشتگان از بیمش و صاعقه‌ها را می‌فرستد و هرکه را بخواهد به آن دچار می‌کند و بادها را مژده‌ای پیشاپیش باران رحمتش می‌فرستد و با فرمانش آب را از آسمان نازل می‌کند و گیاه را با نیرویش می‌رویاند و برگ درخت را به دانشش فرو می‌ریزد، منزّه است خدایی که به اندازه سنگینی غباری در زمین و آسمان از او پنهان نمی‌ماند و نه کوچک‌تر از آن و نه بزرگ‌تر از آن چیزی نیست مگر این که در کتابی روشن نوشته است. ",
            "4": " (4) منزّه است خدای آفریننده هر تنفس کننده، منزّه است خدای صورت‌آفرین، منزّه است خدای آفریننده همه جفت‌ها، منزّه است خدای قراردهنده تاریکی‌ها و نور، منزّه است خدای شکافنده دانه و هسته، منزّه است خدای آفریننده هر چیز، منزّه است خدای آفریننده آنچه دیده می‌شود و آنچه دیده نمی‌شود، منزّه است خدا به کشش کلمات بی‌پایانش، منزّه است خدا پروردگار جهانیان، منزّه است خدایی که می‌داند آنچه را هر مادری باردار است و آنچه را رَحِم‌ها فرو برند و آنچه را بیفزایند و هر چیز نزد او به اندازه است، دانای پنهان و آشکار است، بزرگ والاست، برای او برابر است که کسی از شما آهسته سخن گوید یا بلند و پنهان شونده در شب باشد یا راه رونده آشکار در روز، برای خدا فرشتگان پی‌گیری است پیش روی انسان و پشت سرش که از او به فرمان خدا محافظت می‌کنند، منزّه است خدایی که می‌میراند زنده‌ها را و زنده می‌کند مردگان را و آگاه است آنچه را زمین از ایشان می‌کاهد، خدایی که در رَحِم‌ها قرار می‌دهد آنچه را بخواهد تا زمانی معین.",
            "5": " (5) منزّه است خدای آفریننده هر تنفس کننده، منزّه است خدای صورت‌آفرین، منزّه است خدایی که همه جفت‌ها را آفرید، منزّه است خدای قراردهنده تاریکی‌ها و نور، منزّه است خدای شکافنده دانه و هسته، منزّه است خدای آفریننده آنچه دیده می‌شود و آنچه دیده نمی‌شود، منزّه است خدا به کشش کلمات بی‌پایانش، منزّه است خدا پروردگار جهانیان، منزه است خدا، دارنده پادشاهی، به هر که بخواهی پادشاهی می‌بخشی و از هر که بخواهی می‌ستانی و به هر که بخواهی عزت می‌دهی و  هر که را بخواهی به خاک ذلت می‌کشانی، خیر تنها به دست توست، تو به هر چیز توانایی، شب را وارد روز می‌کنی و روز را وارد شب می‌نمایی، زنده را از مرده و مرده را از زنده بیرون می‌آوری و به هرکه بخواهی بی‌حساب روزی می‌دهی. ",
            "6": " (6) منزّه است خدای آفریننده هر تنفس کننده، منزّه است خدای صورت‌آفرین، منزّه است خدای آفریننده همه جفت‌ها، منزّه است خدای قراردهنده تاریکی‌ها و نور، منزّه است خدای شکافنده دانه و هسته، منزّه است خدای آفریننده هر چیزی، منزّه است خدا آفریننده آنچه دیده می‌شود و آنچه دیده نمی‌شود، منزّه است خدا به کشش کلمات بی‌پایانش، منزّه است خدا پروردگار جهانیان، منزّه است خدایی که کلیدهای غیب نزد اوست و آن‌ها را کسی جز او نمی‌داند و به هر چه در خشکی و دریاست علم دارد و برگی از درخت نمی‌افتد مگر آنکه می‌داند و نیست دانه‌ای در تاریکی‌های زمین و نه‌ تر و خشکی مگر اینکه در کتابی روشن نوشته است. ",
            "7": " (7) منزّه است خدای آفریننده هر تنفس کننده، منزّه است خدای صورت‌آفرین، منزّه است خدای آفریننده همه جفت‌ها، منزّه است خدای قراردهنده تاریکی‌ها و نور، منزّه است خدای شکافنده دانه و هسته، منزّه است خدای آفریننده هر چیز، منزّه است خدای آفریننده آنچه دیده می‌شود و آنچه دیده نمی‌شود، منزّه است خدا به کشش کلمات بی‌پایانش، منزّه است خدا پروردگار جهانیان، منزّه است خدایی که مدح‌کنندگان نمی‌توانند مدحش را برشمارند و سپاس‌گویان عبادت کننده توان پرداخت پاداش نعمت‌هایش را ندارند و او چنان است که خود فرموده، برتر از آنچه ما می‌گوییم و خدای پاک چنان است که خودش را ستوده، به چیزی از دانشش احاطه نمی‌یابند مگر به اندازه‌ای که خود خواسته، حکومتش آسمان‌ها و زمین او را به زحمت نمی‌اندازد و او والا و بزرگ است. ",
            "8": " (8) منزّه است خدا آفریننده هر تنفّس کننده، منزّه است خدای صورت‌آفرین، منزّه است خدای آفریننده همه جفت‌ها، منزّه است خدای قراردهنده تاریکی‌ها و نور، منزّه است خدای شکافنده دانه و هسته، منزّه است خدای آفریننده هر چیز، منزّه است خدای آفریننده آنچه دیده می‌شود و آنچه دیده نمی‌شود، منزّه است خدا به کشش کلمات بی‌پایانش، منزّه است خدا پروردگار جهانیان، منزّه است خدا که آنچه را در زمین فرو می‌رود و آنچه را از آن بیرون می‌آید می‌داند و از آنچه از آسمان فرو می‌ریزد و آنچه در آن بالا می‌رود خبردارد و او را سرگرم نکند آنچه در زمین فرو می‌رود و از آن بیرون می‌آید، از آنچه از آسمان فرو می‌ریزد و آنچه در آن بالا می‌رود و او را سرگرم نسازد آنچه از آسمان نازل می‌شود و آنچه در آن بالا می‌رود، از آنچه در زمین فرو می‌رود و از آن بیرون می‌آید و او را سرگرم نکند علم به چیزی از علم به چیز دیگر و او را سرگرم نکند آفریدن چیزی از آفریدن چیزی دیگر و نه نگهداری چیزی از نگهداری چیزی دیگر و چیزی برابر او نیست و چیزی همتای او نمی‌باشد، چیزی مانند او نیست و او شنوا و بیناست. ",
            "9": " (9) منزّه است خدای آفریننده هر تنفّس کننده، منزّه است خدای صورت‌آفرین، منزّه است خدای آفریننده همه جفت‌ها، منزّه است خدای قراردهنده تاریکی‌ها و نور، منزّه است خدا شکافنده دانه و هسته، منزّه است خدا آفریننده هر چیز، منزّه است خدا آفریننده آنچه دیده می‌شود و آنچه دیده نمی‌شود، منزّه است خدا به کشش کلمات بی‌پایانش، منزّه است خدا پروردگار جهانیان، منزّه است خدا پدیدآورنده آسمان‌ها و زمین، منزّه است خدایی که فرشتگان را فرستادگان خویش قرار داد، دارندگان بال‌هایی دوتایی و سه‌تایی و چهارتایی، در آفرینش می‌افزاید آنچه را بخواهد، همانا خدا بر هر چیز تواناست، آنچه خدا از سر رحمت برای مردم می‌گشاید کسی را توان بستن آن نیست و آنچه را می‌بندد، کسی را نیروی گشودن آن نمی‌باشد و او نیرومند و حکیم است.",
            "10": " (10) منزّه است خدای آفریننده هر تنفّس کننده، منزّه است خدای صورت‌آفرین، منزّه است خدای آفریننده همه جفت‌ها، منزّه است خدای قراردهنده تاریکی‌ها و نور، منزّه است خدای شکافنده دانه و هسته، منزّه است خدای آفریننده‌ی هر چیز، منزّه است خدا آفریننده آنچه دیده می‌شود و آنچه دیده نمی‌شود، منزّه است خدا به کشش کلمات بی‌پایانش، منزّه است خدا پروردگار جهانیان، منزّه است خدا که می‌داند آنچه را در آسمان‌ها و زمین است، گفتگوی پنهانی هیچ سه نفری نیست مگر اینکه او چهارمی آن‌هاست و نه پنج نفری مگر اینکه او ششمی آن‌هاست و نه کمتر از آن و نه بیشتر، مگر آنکه با آن‌ها باشد هرجا که باشند، سپس روز قیامت آنان را به آنچه انجام دادند آگاه می‌سازد، همانا خدا به هر چیز داناست. "
        },
        "tozih": {
            "1": "[شیخ طوسی و سید ابن طاووس] فرموده‌اند که: این تسبیحات را در همه روزهای ماه مبارک رمضان از اوّل تا آخر ماه بخوان و آن ده بخش است که هر بخش آن مشتمل بر ده «سبحان الله» است: "
        }
    }
}