{
    "104": {
        "number": 104,
        "bab":72 ,
        "title": "نماز زیاد شدن مال و ثروت",
        "arabic": {
            "1": " غَدَوْتُ بِحَوْلِ اللّٰهِ وَقُوَّتِهِ، وَغَدَوْتُ بِلا حَوْلٍ مِنِّي وَلَا قُوَّةٍ، وَلٰكِنْ بِحَوْلِكَ وَقُوَّتِكَ، يَا رَبِّ . اللّٰهُمَّ إِنِّي عَبْدُكَ، أَلْتَمِسُ مِنْ فَضْلِكَ كَما أَمَرْتَنِي، فَيَسِّرْ لِي ذٰلِكَ وَأَنَا خَافِضٌ فِي عَافِيَتِكَ. ",
            "2": "",
            "3": "",
            "4": "",
            "5": "",
            "6": "",
            "7": "",
            "8": "",
            "9": "",
            "10": "",
            "11": "",
            "12": "",
            "13": "",
            "14": "",
            "15": ""
        },
        "farsi": {
            "1": " صبح کردم به قدرت و نیروی خدا و صبــح کردم نه با جنبش و نیرویی از پیش خودم، ولی به توان و نیروی تو ای پروردگارم، خدایا من بنده توأم و چنان\u200Cکه فرمان دادی از احسان تو می\u200Cجویم، پس آن را برایم آسان فرما و من تنها در سایه عافیتت آسوده\u200Cام.",
            "2": "",
            "3": "",
            "4": "",
            "5": "",
            "6": "",
            "7": "",
            "8": "",
            "9": "",
            "10": "",
            "11": "",
            "12": "",
            "13": "",
            "14": "",
            "15": ""
        },
        "tozih": {
            "1": "چون خواستی به محلّ کسب خود بروی، ابتدا به مسجد برو و دو رکعت یا چهار رکعت نماز بخوان و بگو:",
            "2": "نماز دیگر:\nدو رکعت است که در رکعت اول بعد از سوره «حمد»، سه مرتبه «إِنّٰا أَعْطَیْنٰاکَ الْکَوْثَرَ» و در رکعت دوم پس از سوره «حمد»، سه مرتبه سوره «فلق» و سه مرتبه سوره «ناس» خوانده می\u200Cشود. ",
            "3": "",
            "4": "",
            "5": "",
            "6": "",
            "7": "",
            "8": "",
            "9": "",
            "10": "",
            "11": "",
            "12": "",
            "13": "",
            "14": "",
            "15": ""
        }
    }
}