{
    "43": {
        "number":43 ,
        "bab":72 ,
        "title": "دعای «اللهم رب هذه الدعوة التامه» برای بعد از نماز ظهر",
        "arabic": {
            "1": " اللّٰهُمَّ رَبَّ هٰذِهِ الدَّعْوَةِ التَّامَّةِ وَالصَّلاةِ الْقَائِمَةِ، بَلِّغْ مُحَمَّداً صَلَّى اللّٰهُ عَلَيْهِ وَآلِهِ الدَّرَجَةَ وَالْوَسِيلَةَ، وَالْفَضْلَ وَالْفَضِيلَةَ، بِاللّٰهِ أَسْتَفْتِحُ، وَبِاللّٰهِ أَسْتَنْجِحُ، وَبِمُحَمَّدٍ صَلَّى اللّٰهُ عَلَيْهِ وَآلِهِ أَتَوَجَّهُ . اللّٰهُمَّ صَلِّ عَلَىٰ مُحَمَّدٍ وَآلِ مُحَمَّدٍ، وَاجْعَلْنِي بِهِمْ عِنْدَكَ وَجِيهاً فِي الدُّنْيا وَالْآخِرَةِ وَمِنَ الْمُقَرَّبِينَ. ",
            "2": "",
            "3": "",
            "4": "",
            "5": "",
            "6": "",
            "7": "",
            "8": "",
            "9": "",
            "10": "",
            "11": "",
            "12": "",
            "13": "",
            "14": "",
            "15": "",
            "16": "",
            "17": "",
            "18": "",
            "19": "",
            "20": ""
        },
        "farsi": {
            "1": " خدایا، پروردگار این دعای کامل و نماز برپا، به محمّد (درود خدا بر او و خاندانش) درجه و وسیله و فضیلت برسان، به خدا آغاز می\u200Cکنم و به خدا رستگاری می\u200Cجویم و به محمّد (درود خدا بر او و خاندانش) توجّه می\u200Cنمایم، خدایا بر محمّد و خاندان محمّد درود فرست و به وسیله\u200Cی آنان مرا نزد خود در دنیا و آخرت آبرومند و از مقرّبان قرار ده. ",
            "2": "",
            "3": "",
            "4": "",
            "5": "",
            "6": "",
            "7": "",
            "8": "",
            "9": "",
            "10": "",
            "11": "",
            "12": "",
            "13": "",
            "14": "",
            "15": "",
            "16": "",
            "17": "",
            "18": "",
            "19": "",
            "20": ""
        },
        "tozih": {
            "1": " و پس از اقامه نماز [ظهر] بگو: ",
            "2": "",
            "3": "",
            "4": "",
            "5": "",
            "6": "",
            "7": "",
            "8": "",
            "9": "",
            "10": "",
            "11": "",
            "12": "",
            "13": "",
            "14": "",
            "15": "",
            "16": "",
            "17": "",
            "18": "",
            "19": "",
            "20": ""
        }
    }
}