{
    "45": {
        "number":45 ,
        "bab":72 ,
        "title": "دعای خروج از مسجد",
        "arabic": {
            "1": " اللّٰهُمَّ دَعَوْتَنِي فَأَجَبْتُ دَعْوَتَكَ، وَصَلَّيْتُ مَكْتُوبَتَكَ، وَانْتَشَرْتُ فِي أَرْضِكَ كَمَا أَمَرْتَنِي، فَأَسْأَلُكَ مِنْ فَضْلِكَ الْعَمَلَ بِطَاعَتِكَ، وَاجْتِنَابَ مَعْصِيَتِكَ، وَالْكَفَافَ مِنَ الرِّزْقِ بِرَحْمَتِكَ. ",
            "2": "",
            "3": "",
            "4": "",
            "5": "",
            "6": "",
            "7": "",
            "8": "",
            "9": "",
            "10": "",
            "11": "",
            "12": "",
            "13": "",
            "14": "",
            "15": "",
            "16": "",
            "17": "",
            "18": "",
            "19": "",
            "20": ""
        },
        "farsi": {
            "1": "خدایا دعوتم کردی، دعوتت را اجابت نمودم و نماز واجبت را خواندم و در زمینت چنان\u200Cکه فرمان دادی در پی روزی رفتم، از تو می\u200Cخواهم از روی احسانت، عمل به طاعت را و اجتناب از نافرمانی\u200Cات را و کفایت از روزی\u200C را به رحمتت. ",
            "2": "",
            "3": "",
            "4": "",
            "5": "",
            "6": "",
            "7": "",
            "8": "",
            "9": "",
            "10": "",
            "11": "",
            "12": "",
            "13": "",
            "14": "",
            "15": "",
            "16": "",
            "17": "",
            "18": "",
            "19": "",
            "20": ""
        },
        "tozih": {
            "1": " و چون خواستی از مسجد بیرون روی، این دعا را بخوان: ",
            "2": "",
            "3": "",
            "4": "",
            "5": "",
            "6": "",
            "7": "",
            "8": "",
            "9": "",
            "10": "",
            "11": "",
            "12": "",
            "13": "",
            "14": "",
            "15": "",
            "16": "",
            "17": "",
            "18": "",
            "19": "",
            "20": ""
        }
    }
}