{
    "90": {
        "number": 90,
        "bab":72 ,
        "title": "نماز فرزند برای پدر و مادر",
        "arabic": {
            "1": " رَبَّنَا اغْفِرْ لِي وَ لِوٰالِدَيَّ وَ لِلْمُؤْمِنِينَ يَوْمَ يَقُومُ الْحِسٰابُ. ",
            "2": " رَبِّ اغْفِرْ لِي وَ لِوٰالِدَيَّ وَ لِمَنْ دَخَلَ بَيْتِيَ مُؤْمِناً وَ لِلْمُؤْمِنِينَ وَ الْمُؤْمِنٰاتِ. ",
            "3": " ﴿رَبِّ ارْحَمْهُمٰا كَمٰا رَبَّيٰانِي صَغِيراً﴾",
            "4": "",
            "5": "",
            "6": "",
            "7": "",
            "8": "",
            "9": "",
            "10": "",
            "11": "",
            "12": "",
            "13": "",
            "14": "",
            "15": ""
        },
        "farsi": {
            "1": " پروردگارا مرا و پدر و مادرم و همه اهل ایمان را روزی که حساب برپا می\u200Cشود بیامرز.",
            "2": "پروردگارا مرا و پدر و مادرم و هرکه وارد خانه\u200Cام شد و مردان مؤمن و زنان مؤمن را بیامرز",
            "3": " پروردگارا! آنان را به پاس آن\u200Cکه مرا در کودکی تربیت کردند مورد مهر و رحمت قرار ده\u200C!",
            "4": "",
            "5": "",
            "6": "",
            "7": "",
            "8": "",
            "9": "",
            "10": "",
            "11": "",
            "12": "",
            "13": "",
            "14": "",
            "15": ""
        },
        "tozih": {
            "1": " دو رکعت است: در رکعت اول سوره «حمد» و ده مرتبه: ",
            "2": " و در رکعت دوم سوره «حمد» و ده مرتبه: ",
            "3": " خوانده و پس از سلام ده مرتبه بگوید: ",
            "4": "",
            "5": "",
            "6": "",
            "7": "",
            "8": "",
            "9": "",
            "10": "",
            "11": "",
            "12": "",
            "13": "",
            "14": "",
            "15": ""
        }
    }
}