{
    "347": {
        "number": 347,
        "bab": 77,
        "title": "",
        "arabic": {
            "1": "وکان ذلک فی آخر یوم الجمعة التاسع عشر من شهر محرَّم الحرام سنة 1345 (ألف وثلاثمئة وخمس وأربعین) فی جوار إمامنا المسموم مولانا الغریب المظلوم أبی الحسن علی بن موسى الرضا علیه و علىٰ آبائه السلام من الحیَّ القیَّوم، والحمدللّٰه أوَّلاً وآخراً، وصلَّى اللّٰه علىٰ محمّد وآله.",
            "2": "کتبه بیمناه الوازرة عبّاس بن محمّد رضا القمّی عُفِیَ عنهما.",
            "3": "",
            "4": "",
            "5": "",
            "6": "",
            "7": "",
            "8": "",
            "9": "",
            "10": "",
            "11": "",
            "12": "",
            "13": "",
            "14": "",
            "15": ""

        },
        "farsi": {
            "1": "و پایان این کتاب در آخر روز جمعه، نوزدهم محرم، سال هزار و سیصد و چهل\u200Cو\u200Cپنج قمری بوده است، در جوار امام مسموم، مولای غریب و مظلوم ما، ابی الحسن علی بن موسی الرضا (که بر او و پدرانش سلام از سوی خدای زنده پاینده) و ستایش خدای را در آغاز و انجام و درود خدا بر محمّد و خاندانش باد.",
            "2": "آن را عباس فرزند محمّد رضا قمی که خدا هر دو را عفو کند، نگاشت.",
            "3": "",
            "4": "",
            "5": "",
            "6": "",
            "7": "",
            "8": "",
            "9": "",
            "10": "",
            "11": "",
            "12": "",
            "13": "",
            "14": "",
            "15": ""
        },
        "tozih": {
            "1": "این رساله را به کلمه شریفه «عفو» پایان دادم و رجای واثق دارم که عفو الهی شامل حال این روسیاه و همه کسانی که به این رساله عمل می\u200Cکنند شود. ",
            "2": "",
            "3": "",
            "4": "",
            "5": "",
            "6": "",
            "7": "",
            "8": "",
            "9": "",
            "10": "",
            "11": "",
            "12": "",
            "13": "",
            "14": "",
            "15": ""
        }
    }
}