{
    "125": {
        "number": 125,
        "bab": 3,
        "title": "زيارت امام حسین(ع) / زیارت‌نامه سوم",
        "arabic": {
            "1": " السَّلامُ عَلَيْكَ يَا وَارِثَ آدَمَ صَِفْوَةِ اللّٰهِ ، السَّلامُ عَلَيْكَ يَا وارِثَ نُوحٍ نَبِيِّ اللّٰهِ ، السَّلامُ عَلَيْكَ يَا وَارِثَ إِبْراهِيمَ خَلِيلِ اللّٰهِ ، السَّلامُ عَلَيْكَ يَا وَارِثَ مُوسىٰ كَلِيمِ اللّٰهِ ، السَّلامُ عَلَيْكَ يَا وارِثَ عِيسىٰ رُوحِ اللّٰهِ ، السَّلامُ عَلَيْكَ يَا وارِثَ مُحَمَّدٍ سَيِّدِ رُسُلِ اللّٰهِ ، السَّلامُ عَلَيْكَ يَا وارِثَ عَلِيٍّ أَمِيرِ الْمُؤْمِنِينَ وَخَيْرِ الْوَصِيِّينَ ، السَّلامُ عَلَيْكَ يَا وارِثَ الْحَسَنِ الرَّضِيِّ الطَّاهِرِ الرَّاضِي الْمَرْضِيِّ ، السَّلامُ عَلَيْكَ أَيُّهَا الصِّدِّيقُ الْأَكْبَرُ ، السَّلامُ عَلَيْكَ أَيُّهَا الْوَصِيُّ الْبَرُّ التَّقِيُّ ، السَّلامُ عَلَيْكَ وَعَلَى الْأَرْواحِ الَّتِي حَلَّتْ بِفِنائِكَ وَأَناخَتْ بِرَحْلِكَ ، السَّلامُ عَلَيْكَ وَعَلَى الْمَلائِكَةِ الْحَافِّينَ بِكَ ، أَشْهَدُ أَنَّكَ قَدْ أَقَمْتَ الصَّلاةَ ، وَآتَيْتَ الزَّكَاةَ ، وَأَمَرْتَ بِالْمَعْرُوفِ ، وَنَهَيْتَ عَنِ الْمُنْكَرِ ، وَجاهَدْتَ الْمُلْحِدِينَ ، وَعَبَدْتَ اللّٰهَ حَتَّىٰ أَتَاكَ الْيَقِينُ ، السَّلامُ عَلَيْكَ وَرَحْمَةُ اللّٰهِ وَبَرَكاتُهُ. ",
            "2": ""
        },
        "farsi": {
            "1": " سلام بر تو ای وارث آدم برگزیده خدا، سلام بر تو ای وارث نوح پیامبر خدا، سلام بر تو ای وارث ابراهیم دوست خدا، سلام بر تو ای وارث موسی هم‌سخن خدا، سلام بر تو ای وارث عیسی روح خدا، سلام بر تو ای وارث محمّد حبیب خدا، سلام بر تو ای وارث علی امیرمؤمنان و بهترین جانشینان، سلام بر تو ای وارث حسن پسندیده و پاک و راضی و مورد خشنودی حق، سلام بر تو ای صدیق اکبر، سلام بر تو ای جانشین نیکوکار پرهیزگار، سلام بر تو و بر ارواحی که به درگاهت فرود آمدند و مرکب به بارگاهت خواباندند، سلام بر تو و فرشتگان چرخنده گرداگردت، شهادت می‌دهم که نماز به پا داشتی و زکات پرداختی و امر نمودی به معروف و از منکر نهی کردی، با ملحدان جهاد کردی و خدا را پرستیدی تا مرگت دررسید، سلام و رحمت و برکات خدا بر تو باد. "
        },
        "tozih": {
            "1": "زیارت مختصری است که سید ابن طاووس، در کتاب «مزار» نقل کرده و در آن فضل بسیاری آمده است؛\n\nفرمود [با حذف اسناد روایت]: از جابر جعفی، از امام صادق(علیه‌السلام) روایت شده که به جابر فرمود: بین شما و قبر حسین(علیه‌السلام) چه اندازه مسافت است؟ عرضه داشتم: یک روز و پاره‌ای از روز، فرمود: آن حضرت را زیارت می‌کنی؟ گفتم: آری، فرمود: آیا تو را خشنود نکنم، آیا تو را به ثواب ایشان بشارت ندهم؟ گفتم: آری فدایت شوم.\n\nفرمود: مردی از شما، چون برای زیارت او مهیا شود، اهل آسمان یکدیگر را مژده دهند و چون از منزلش، سوار یا پیاده بیرون رود، حق‌تعالی هزار فرشته از فرشتگان را بر او بگمارد که بر او صلوات فرستند تا به قبر امام حسین(علیه‌السلام) برسد.\n\nآنگاه حضرت امام صادق فرمود: چون به سوی قبر حسین(علیه‌السلام) آمدی، بر درگاه روضه بایست و این کلمات را بگو که برای تو به عوض هر کلمه از آن، بهره‌ای از رحمت الهی خواهد بود. عرضه داشتم: فدایت شوم آن کلمات کدام است؟ فرمود: می‌گویی: ",
            "2": " آنگاه به جانب قبر مطهر می‌روی و برای تو به هر قدمی که برداری و بگذاری، ثواب کسی که در راه خدا کشته شده و در خون خود غلطیده خواهد بود. چون به قبر رسیدی، دست خود را به قبر بمال و بگو: «السَّلامُ عَلَیْکَ یَا حُجَّةَ اللّٰهِ فِی أَرْضِهِ؛ سلام بر تو ای حجت خدا در زمین» . سپس برای انجام نماز برو، به هر رکعتی که نزد آن حضرت بجا آوری، برای تو همانند ثواب کسی که هزار حج و عمره بجا آورده و هزار بنده آزاد کرده خواهد بود و همانند کسی که هزار موقف با پیامبر مرسلی ایستاده باشد پاداش می‌گیری ... تا آخر خبر؛\n\nاین روایت با اختلاف کمی به روایت مفضّل بن عمر، در«آداب زیارت امام حسین»(علیه‌السلام) گذشت."
        }
    }
}