{
    "128": {
        "number": 128,
        "bab": 3,
        "title": "زیارت امام حسین(ع) / زیارت‌نامه ششم",
        "arabic": {
            "1": "السَّلامُ عَلَيْكَ يَا ابْنَ رَسُولِ اللّٰهِ ، السَّلامُ عَلَيْكَ يَا ابْنَ أَمِيرِ الْمُؤْمِنِينَ ، السَّلامُ عَلَيْكَ يَا أَبا عَبْدِ اللّٰهِ ، السَّلامُ عَلَيْكَ يَا سَيِّدَ شَبابِ أَهْلِ الْجَنَّةِ وَرَحْمَةُ اللّٰهِ وَبَرَكاتُهُ ، السَّلامُ عَلَيْكَ  يَا مَنْ رِضَاهُ مِنْ رِضَى الرَّحْمَانِ وَسَخَطُهُ مِنْ سَخَطِ الرَّحْمَانِ ، السَّلامُ عَلَيْكَ يَا أَمِينَ اللّٰهِ ، وَحُجَّةَ اللّٰهِ ، وَبابَ اللّٰهِ ، وَالدَّلِيلَ عَلَى اللّٰهِ ، وَالدَّاعِيَ إِلَى اللّٰهِ ، أَشْهَدُ أَنَّكَ قَدْ حَلَّلْتَ حَلالَ اللّٰهِ ، وَحَرَّمْتَ حَرامَ اللّٰهِ ، وَأَقَمْتَ الصَّلاةَ ، وَآتَيْتَ الزَّكَاةَ ، وَأَمَرْتَ بِالْمَعْرُوفِ ، وَنَهَيْتَ عَنِ الْمُنْكَرِ ، وَدَعَوْتَ إِلَىٰ سَبِيلِ رَبِّكَ بِالْحِكْمَةِ وَالْمَوْعِظَةِ الْحَسَنَةِ ، وَأَشْهَدُ أَنَّكَ وَمَنْ قُتِلَ مَعَكَ شُهَداءُ أَحْياءٌ عِنْدَ رَبِّكُمْ تُرْزَقُونَ ، وَأَشْهَدُ أَنَّ قاتِلَكَ فِي النَّارِ ، أَدِينُ اللّٰهَ بِالْبَراءَةِ مِمَّنْ قَتَلَكَ ، وَمِمَّنْ قاتَلَكَ وَشايَعَ عَلَيْكَ وَمِمَّنْ جَمَعَ عَلَيْكَ ، وَ مِمَّنْ سَمِعَ صَوْتَكَ وَلَمْ يُعِنْكَ ، يَا لَيْتَنِي كُنْتُ مَعَكُمْ فَأَفُوزَ فَوْزاً عَظِيماً.",
            "2": ""
        },
        "farsi": {
            "1": " سلام بر تو ای فرزند رسول خدا، سلام بر تو ای فرزند امیرمؤمنان، سلام بر تو ای اباعبدالله، سلام بر تو ای سرور جوانان اهل بهشت و رحمت و برکات خدا بر تو باد، ای آن‌که خشنودی‌اش از خشنودی خدای رحمن و خشمش از خشم خدای رحمن است، سلام بر تو ای امین خدا و حجّت خدا و باب خدا و راهنمای به راه خدا و دعوت کننده خدا، شهادت می‌دهم که تو حلال خدا را حلال کردی و حرام خدا را حرام نمودی و نماز را برپا داشتی و زکات دادی و امر به معروف و نهی از منکر نمودی و به سوی راه پروردگارت با حکمت و موعظه نیکو فرا خواندی و شهادت می‌دهم که تو و کسانی که کشته شدند با تو همه شهیدند، نزد پروردگارتان زنده‌اید و روزی داده می‌شوید و شهادت می‌دهم که قاتل تو در آتش دوزخ است، خدا را پیروی می‌کنم، با بیزاری از کسی که تو را کشت و از کسی که با تو جنگید و بر علیه تو از دشمن پیروی کرد و از کسی که بر علیه تو گرد آمد و از کسی که صدایت را شنید و یاری‌ات ننمود، ای کاش با شما بودم و به رستگاری بزرگ می‌رسیدم. "
        },
        "tozih": {
            "1": "از امام صادق(علیه‌السلام) روایت شده: به عمار ساباطی فرمود: چون به قبر امام حسین(علیه‌السلام) برسی بگو: ",
            "2": "مؤلّف گوید: این سه زیارت [«چهارم» و «پنجم» و «ششم»] از کتاب «مزار» ابن قولویه منقول است. "
        }
    }
}