{
    "144": {
        "number": 144,
        "bab": 3,
        "title": "زیارت امام حسین(ع) در نیمه شعبان",
        "arabic": {
            "1": " الْحَمْدُلِلّٰهِ الْعَلِيِّ الْعَظِيمِ ، وَالسَّلامُ عَلَيْكَ أَيُّهَا الْعَبْدُالصَّالِحُ الزَّكِيُّ ، أُودِعُكَ شَهادَةً مِنِّي لَكَ تُقَرِّبُنِي إِلَيْكَ فِي يَوْمِ شَفاعَتِكَ ، أَشْهَدُ أَنَّكَ قُتِلْتَ وَلَمْ تَمُتْ بَلْ بِرَجاءِ حَيَاتِكَ حَيِيَتْ قُلُوبُ شِيعَتِكَ ، وَبِضياءِ نُورِكَ اهْتَدَى الطَّالِبُونَ إِلَيْكَ ، وَأَشْهَدُ أَنَّكَ نُورُاللّٰهِ الَّذِي لَمْ يُطْفَأْ وَلَايُطْفَأُ أَبَداً ، وَأَنَّكَ وَجْهُ اللّٰهِ الَّذِي لَمْ يَهْلِكْ وَلَايُهْلَكُ أَبَداً ، وَأَشْهَدُ أَنَّ هٰذِهِ‌التُّرْبَةَ تُرْبَتُكَ ، وَهٰذَاالْحَرَمَ حَرَمُكَ ، وَهٰذَاالْمَصْرَعَ مَصْرَعُ بَدَنِكَ ، لَاذَلِيلَ وَاللّٰه مُعِزُّكَ ، وَلَامَغْلُوبَ وَاللّٰه ناصِرُكَ ، هٰذِهِ شَهَادَةٌ لِي عِنْدَكَ إِلىٰ‌يَوْمِ قَبْضِ‌رُوحِي بِحَضْرَتِكَ ، وَالسَّلامُ عَلَيْكَ وَرَحْمَةُ اللّٰهِ وَبَرَكاتُهُ. "
        },
        "farsi": {
            "1": " سپاس خدای والای بزرگ را و سلام بر تو ای بنده شایسته پاکیزه، گواهی و شهادتی را از جانب خود به تو می‌سپارم تا در روز شفاعتت به تو نزدیکم کند، گواهی می‌دهم که تو کشته شدی و هرگز نمردی، بلکه به امید زنده بودنت دل‌های شیعیانت زنده شد و خواهندگان به روشنایی نورت، به سوی تو راه یافتند و گواهی می‌دهم که تویی نور خدا که هرگز خاموش نشد و هیچ‌گاه نخواهد شد و اینکه تویی جلوه خدا که نابود نشد و هرگز نمی‌شود و گواهی می‌دهم که این تربت، تربت توست و این حرم، حرم توست و این جایگاه، جایگاه توست؛ به خدا قسم، خوار نیست عزیز دارنده‌ات و مغلوب نیست یارت، این شهادتی است برای من نزد تو تا روز تسلیم جانم در حضورت و سلام و رحمت و برکات خدا بر تو باد. "
        },
        "tozih": {
            "1": "بدان که احادیث بسیاری در فضیلت زیارت آن حضرت، در نیمه شعبان وارد شده که در این باب کافی است تنها به برخی از آن‌ها اشاره شود.\n\nاز جمله به چندین سند معتبر از حضرت زین‌العابدین(علیه‌السلام) و امام صادق(علیه‌السلام) نقل‌شده: هرکه می‌خواهد صدوبیست‌وچهار هزار پیامبر با او مصافحه کنند، باید قبر ابی‌عبدالله الحسین(علیه‌السلام) را در نیمه شعبان زیارت کند، به درستی که فرشتگان و ارواح پیامبران رخصت می‌طلبند و به زیارت آن حضرت می‌آیند، پس خوشا به حال آنکه مصافحه کند با ایشان و ایشان مصافحه کنند با او و با آنان‌اند پنج پیامبر اولوالعزم: نوح و ابراهیم و موسی و عیسی و محمّد(صلی‌الله‌علیه‌وآله و علیهم اجمعین). راوی گفت: پرسیدم، برای چه آنان را اولوالعزم می‌نامند؟ فرمود: به خاطر اینکه ایشان به مشرق و مغرب و جنّ و انس مبعوث شده‌اند؛\n\nو اما الفاظ زیارت، پس به دو صورت نقل‌شده، یکی همان زیارت که برای «اوّل رجب» روایت شده بود و دیگر زیارتی است که شیخ کفعمی در کتاب «بلد الامین» از امام صادق(علیه‌السلام) آورده و آن زیارت چنین است: نزد قبر آن حضرت می‌ایستی و می‌گویی: "
        }
    }
}