{
    "150": {
        "number": 150,
        "bab": 3,
        "title": "زیارت امام حسین(ع) در روز عرفه",
        "arabic": {
            "1": "اللّٰهُ أَكْبَرُ كَبِيراً ، وَالْحَمْدُ لِلّٰهِ كَثِيراً ، وَسُبْحانَ اللّٰهِ بُكْرَةً وَأَصِيلاً ، وَ الْحَمْدُ لِلّٰهِ الَّذِي هَدٰانٰا لِهٰذٰا وَ مٰا كُنّٰا لِنَهْتَدِيَ لَوْ لاٰ أَنْ هَدٰانَا اللّٰهُ ، لَقَدْ جٰاءَتْ رُسُلُ رَبِّنٰا بِالْحَقِّ ، السَّلامُ عَلىٰ رَسُولِ اللّٰهِ صَلَّى اللّٰهُ عَلَيْهِ وَآلِهِ ، السَّلامُ عَلىٰ أَمِيرِ الْمُؤْمِنِينَ ، السَّلامُ عَلىٰ فاطِمَةَ الزَّهْراءِ سَيِّدَةِ نِساءِ الْعالَمِينَ ، السَّلامُ عَلَى الْحَسَنِ وَالْحُسَيْنِ ، السَّلامُ عَلىٰ عَلِيِّ بْنِ الْحُسَيْنِ ، السَّلامُ عَلىٰ مُحَمَّدِ بْنِ عَلِيٍّ ، السَّلامُ عَلَىٰ جَعْفَرِ بْنِ مُحَمَّدٍ ، السَّلامُ عَلَىٰ مُوسَى بْنِ جَعْفَرٍ ، السَّلامُ عَلَىٰ عَلِيِّ بْنِ مُوسىٰ ، السَّلامُ عَلَىٰ مُحَمَّدِ بْنِ عَلِيٍّ ، السَّلامُ عَلَىٰ عَلِيِّ بْنِ مُحَمَّدٍ ، السَّلامُ عَلَى الْحَسَنِ بْنِ عَلِيٍّ ، السَّلامُ عَلَى الْخَلَفِ الصَّالِحِ الْمُنْتَظَرِ ، السَّلامُ عَلَيْكَ يَا أَبا عَبْدِاللّٰهِ ، السَّلامُ عَلَيْكَ يَا ابْنَ رَسُولِ اللّٰهِ ، عَبْدُكَ وَابْنُ عَبْدِكَ وَابْنُ أَمَتِكَ ، الْمُوالِي لِوَلِيِّكَ ، الْمُعادِي لِعَدُوِّكَ ، اسْتَجارَ بِمَشْهَدِكَ ، وَتَقَرَّبَ إِلَى اللّٰهِ بِقَصْدِكَ . الْحَمْدُلِلّٰهِ الَّذِي هَدَانِي لِوِلايَتِكَ ، وَخَصَّنِي بِزِيارَتِكَ ، وَسَهَّلَ لِي قَصْدَكَ.",
            "2": " السَّلامُ عَلَيْكَ يَا وارِثَ آدَمَ صَفْوَةِ اللّٰهِ ، السَّلامُ عَلَيْكَ يَا وارِثَ نُوحٍ نَبِيِّ اللّٰهِ ، السَّلامُ عَلَيْكَ يَا وارِثَ إِبْراهِيمَ خَلِيلِ اللّٰهِ ، السَّلامُ عَلَيْكَ يَا وارِثَ مُوسىٰ كَلِيمِ اللّٰهِ ، السَّلامُ عَلَيْكَ يَا وارِثَ عِيسىٰ رُوحِ اللّٰهِ ، السَّلامُ عَلَيْكَ يَا وارِثَ مُحَمَّدٍ حَبِيبِ اللّٰهِ ، السَّلامُ عَلَيْكَ يَا وارِثَ أَمِيرِ الْمُؤْمِنِينَ ، السَّلامُ عَلَيْكَ يَا وارِثَ فاطِمَةَ الزَّهْراءِ ، السَّلامُ عَلَيْكَ يَا ابْنَ مُحَمَّدٍ الْمُصْطَفىٰ ، السَّلامُ عَلَيْكَ يَا ابْنَ عَلِيٍّ الْمُرْتَضىٰ ، السَّلامُ عَلَيْكَ يَا ابْنَ فاطِمَةَ الزَّهْراءِ ، السَّلامُ عَلَيْكَ يَا ابْنَ خَدِيجَةَ الْكُبْرىٰ ، السَّلامُ عَلَيْكَ يَا ثارَ اللّٰهِ وَابْنَ ثارِهِ وَالْوِتْرَ الْمَوْتُورَ ، أَشْهَدُ أَنَّكَ قَدْ أَقَمْتَ الصَّلاةَ ، وَآتَيْتَ الزَّكَاةَ ، وَأَمَرْتَ بِالْمَعْرُوفِ ، وَنَهَيْتَ عَنِ الْمُنْكَرِ ، وَأَطَعْتَ اللّٰهَ حَتَّىٰ أَتَاكَ الْيَقِينُ؛",
            "3": "فَلَعَنَ اللّٰهُ أُمَّةً قَتَلَتْكَ ، وَلَعَنَ اللّٰهُ أُمَّةً ظَلَمَتْكَ ، وَلَعَنَ اللّٰهُ أُمَّةً سَمِعَتْ بِذٰلِكَ فَرَضِيَتْ بِهِ ، يَا مَوْلايَ يَا أَبا عَبْدِاللّٰهِ ، أُشْهِدُ اللّٰهَ وَمَلائِكَتَهُ وَأَنْبِياءَهُ وَرُسُلَهُ أَنِّي بِكُمْ مُؤْمِنٌ ، وَبِإِيَابِكُمْ مُوقِنٌ ، بِشَرايِعِ دِينِي ، وَخَواتِيمِ عَمَلِي ، وَمُنْقَلَبِي إِلَىٰ رَبِّي  ، فَصَلَواتُ اللّٰهِ عَلَيْكُمْ ، وَعَلىٰ أَرْواحِكُمْ وَعَلىٰ أَجْسادِكُمْ ، وَعَلىٰ شاهِدِكُمْ وَعَلىٰ غائِبِكُمْ ، وَظاهِرِكُمْ وَباطِنِكُمْ . السَّلامُ عَلَيْكَ يَا ابْنَ خاتَمِ النَّبِيِّينَ ، وَابْنَ سَيِّدِ الْوَصِيِّينَ ، وَابْنَ إِمامِ الْمُتَّقِينَ ، وَابْنَ قائِدِ الْغُرِّ الْمُحَجَّلِينَ إِلىٰ جَنَّاتِ النَّعِيمِ ، وَكَيْفَ لَاتَكُونُ كَذٰلِكَ وَأَنْتَ بابُ الْهُدىٰ ، وَ إِمامُ التُّقىٰ ، وَالْعُرْوَةُ الْوُثْقىٰ ، وَالْحُجَّةُ عَلَىٰ أَهْلِ الدُّنْيا ، وَخامِسُ أَصْحابِ  الْكِساءِ ، غَذَتْكَ يَدُ الرَّحْمَةِ ، وَرَضَعْتَ مِنْ ثَدْيِ الْإِيمانِ ، وَرُبِّيتَ فِي حِجْرِ الْإِسْلامِ ، فَالنَّفْسُ غَيْرُ راضِيَةٍ بِفِراقِكَ ، وَلَا شَاكَّةٍ فِي حَيَاتِكَ ، صَلَواتُ اللّٰهِ عَلَيْكَ وَعَلَىٰ آبائِكَ وَأَبْنائِكَ؛",
            "4": "السَّلامُ عَلَيْكَ يَا صَرِيعَ الْعَبَرَةِ السَّاكِبَةِ ، وَقَرِينَ الْمُصِيبَةِ الرَّاتِبَةِ ، لَعَنَ اللّٰهُ أُمَّةً اسْتَحَلَّتْ مِنْكَ الْمَحارِمَ ، وَانْتَهَكَتْ فِيكَ حُرْمَةَ الْإِسْلامِ ، فَقُتِلْتَ صَلَّى اللّٰهُ عَلَيْكَ مَقْهُوراً ، وَأَصْبَحَ رَسُولُ اللّٰهِ صَلَّى اللّٰهُ عَلَيْهِ وَآلِهِ بِكَ مَوْتُوراً ، وَأَصْبَحَ كِتابُ اللّٰهِ بِفَقْدِكَ مَهْجُوراً . السَّلامُ عَلَيْكَ وَعَلَىٰ جَدِّكَ وَأَبِيكَ ، وَأُمِّكَ وَأَخِيكَ ، وَعَلَى الْأَئِمَّةِ مِنْ بَنِيكَ ، وَعَلَى الْمُسْتَشْهَدِينَ مَعَكَ ، وَعَلَى الْمَلائِكَةِ الْحافِّينَ بِقَبْرِكَ ، وَالشَّاهِدِينَ لِزُوَّارِكَ الْمُؤَمِّنِينَ بِالْقَبُولِ عَلَىٰ دُعاءِ شِيعَتِكَ ، وَالسَّلامُ عَلَيْكَ وَرَحْمَةُ اللّٰهِ وَبَرَكاتُهُ؛",
            "5": "بِأَبِي أَنْتَ وَأُمِّي يَا ابْنَ رَسُولِ اللّٰهِ ، بِأَبِي أَنْتَ وَأُمِّي يَا أَبا عَبْدِاللّٰهِ ، لَقَدْ عَظُمَتِ الرَّزِيَّةُ وَجَلَّتِ الْمُصِيبَةُ بِكَ عَلَيْنا وَعَلَىٰ جَمِيعِ أَهْلِ السَّمَاوَاتِ وَالْأَرْضِ ، فَلَعَنَ اللّٰهُ أُمَّةً أَسْرَجَتْ وَأَلْجَمَتْ وَتَهَيَّأَتْ لِقِتالِكَ ، يَا مَوْلايَ يَا أَبا عَبْدِاللّٰهِ ، قَصَدْتُ حَرَمَكَ ، وَأَتَيْتُ مَشْهَدَكَ أَسْأَلُ اللّٰهَ بِالشَّأْنِ الَّذِي لَكَ عِنْدَهُ ، وَبِالْمحَلِّ الَّذِي لَكَ لَدَيْهِ أَنْ يُصَلِّيَ عَلَىٰ مُحَمَّدٍ وَآلِ مُحَمَّدٍ وَأَنْ يَجْعَلَنِي مَعَكُمْ فِي الدُّنْيا وَالْآخِرَةِ بِمَنِّهِ وَجُودِهِ وَكَرَمِهِ. ",
            "6": " اللّٰهُمَّ إِنِّي صَلَّيْتُ وَرَكَعْتُ وَسَجَدْتُ لَكَ وَحْدَكَ لَاشَرِيكَ لَكَ ، لِأَنَّ الصَّلاةُ وَالرُّكُوعَ وَالسُّجُودَ لَاتَكُونُ إِلّا لَكَ ، لِأَنَّكَ أَنْتَ اللّٰهُ لَاإِلٰهَ إِلّا أَنْتَ . اللّٰهُمَّ صَلِّ عَلَىٰ مُحَمَّدٍ وَآلِ مُحَمَّدٍ وَأَبْلِغْهُمْ عَنِّي أَفْضَلَ التَّحِيَّةِ وَالسَّلامِ ، وَارْدُدْ عَلَيَّ مِنْهُمُ التَّحِيَّةَ وَالسَّلامَ . اللّٰهُمَّ وَهَاتَانِ الرَّكْعَتانِ هَدِيَّةٌ مِنِّي إِلىٰ مَوْلايَ وَسَيِّدِي وَ إِمامِي الْحُسَيْنِ بْنِ عَلِيٍّ عَلَيْهِمَا السَّلامُ . اللّٰهُمَّ صَلِّ عَلَىٰ مُحَمَّدٍ وَآلِ مُحَمَّدٍ وَتَقَبَّلْ ذٰلِكَ مِنِّي ، وَاجْزِنِي عَلَىٰ ذٰلِكَ أَفْضَلَ أَمَلِي وَرَجائِي فِيكَ وَفِي وَلِيِّكَ ، يَا أَرْحَمَ الرَّاحِمِينَ. ",
            "7": "السَّلامُ عَلَيْكَ يَا ابْنَ رَسُولِ اللّٰهِ ، السَّلامُ عَلَيْكَ يَا ابْنَ نَبِيِّ اللّٰهِ ، السَّلامُ عَلَيْكَ يَا ابْنَ أَمِيرِ الْمُؤْمِنِينَ ، السَّلامُ عَلَيْكَ يَا ابْنَ الْحُسَيْنِ الشَّهِيدِ ، السَّلامُ عَلَيْكَ أَيُّهَا الشَّهِيدُ ابْنُ الشَّهِيدِ ، السَّلامُ عَلَيْكَ أَيُّهَا الْمَظْلُومُ ابْنُ الْمَظْلُومِ ، لَعَنَ اللّٰهُ أُمَّةً قَتَلَتْكَ ، وَلَعَنَ اللّٰهُ أُمَّةً ظَلَمَتْكَ ، وَلَعَنَ اللّٰهُ أُمَّةً سَمِعَتْ بِذٰلِكَ فَرَضِيَتْ بِهِ ، السَّلامُ عَلَيْكَ يَا مَوْلايَ  ، السَّلامُ عَلَيْكَ يَا وَلِيَّ اللّٰهِ وَابْنَ وَلِيِّهِ ، لَقَدْ عَظُمَتِ الْمُصِيبَةُ وَجَلَّتِ الرَّزِيَّةُ بِكَ عَلَيْنا وَعَلَىٰ جَمِيعِ الْمُؤْمِنِينَ ، فَلَعَنَ اللّٰهُ أُمَّةً قَتَلَتْكَ ، وَأَبْرَأُ إِلَى اللّٰهِ وَ إِلَيْكَ مِنْهُمْ فِي الدُّنْيا وَالْآخِرَةِ.",
            "8": "السَّلامُ عَلَيْكُمْ يَا أَوْلِياءَ اللّٰهِ وَأَحِبَّاءَهُ ، السَّلامُ عَلَيْكُمْ يَا أَصْفِياءَ اللّٰهِ وَأَوِدَّاءَهُ، السَّلامُ عَلَيْكُمْ يَا أَنْصارَ دِينِ اللّٰهِ ، وَأَنْصارَ نَبِيِّهِ ، وَأَنْصارَ أَمِيرِ الْمُؤْمِنِينَ ، وَأَنْصارَ فاطِمَةَ سَيِّدَةِ نِساءِ الْعالَمِينَ ، السَّلامُ عَلَيْكُمْ يَا أَنْصارَ أَبِي مُحَمَّدٍ الْحَسَنِ الْوَلِيِّ النَّاصِحِ ، السَّلامُ عَلَيْكُمْ يَا أَنْصارَ أَبِي عَبْدِاللّٰهِ الْحُسَيْنِ الشَّهِيدِ الْمَظْلُومِ صَلَواتُ اللّٰهِ عَلَيْهِمْ أَجْمَعِينَ ، بِأَبِي أَنْتُمْ وَأُمِّي طِبْتُمْ وَطَابَتِ الْأَرْضُ الَّتِي فِيها دُفِنْتُمْ وَفُزْتُمْ وَاللّٰهِ فَوْزاً عَظِيماً ، يَا لَيْتَنِي كُنْتُ مَعَكُمْ فَأَفُوزَ مَعَكُمْ فِي الْجِنانِ مَعَ الشُّهَداءِ وَالصَّالِحِينَ وَحَسُنَ أُولَئِكَ رَفِيقاً ، وَالسَّلامُ عَلَيْكُمْ وَرَحْمَةُ اللّٰهِ وَبَرَكاتُهُ.",
            "9": " السَّلامُ عَلَيْكَ يَا أَبَا الْفَضْلِ الْعَبَّاسَ بْنَ أَمِيرِ الْمُؤْمِنِينَ ، السَّلامُ عَلَيْكَ يَا ابْنَ سَيِّدِ الْوَصِيِّينَ ، السَّلامُ عَلَيْكَ يَا ابْنَ أَوَّلِ الْقَوْمِ إِسْلاماً ، وَأَقْدَمِهِمْ إِيماناً ، وَأَقْوَمِهِمْ بِدِينِ اللّٰهِ ، وَأَحْوَطِهِمْ عَلَى الْإِسْلامِ ، أَشْهَدُ لَقَدْ نَصَحْتَ لِلّٰهِ وَ لِرَسُولِهِ وَلِأَخِيكَ فَنِعْمَ الْأَخُ الْمُواسِي ، فَلَعَنَ اللّٰهُ أُمَّةً قَتَلَتْكَ ، وَلَعَنَ اللّٰهُ أُمَّةً ظَلَمَتْكَ ، وَلَعَنَ اللّٰهُ أُمَّةً اسْتَحَلَّتْ مِنْكَ الْمَحارِمَ ، وَانْتَهَكَتْ فِي قَتْلِكَ حُرْمَةَ الْإِسْلامِ ، فَنِعْمَ الْأَخُ الصَّابِرُ الْمُجاهِدُ الْمُحامِي النَّاصِرُ ، وَالْأَخُ الدَّافِعُ عَنْ أَخِيهِ ، الْمُجِيبُ إِلىٰ طاعَةِ رَبِّهِ ، الرَّاغِبُ فِيمَا زَهِدَ فِيهِ غَيْرُهُ مِنَ الثَّوَابِ الْجَزِيلِ وَالثَّنَاءِ الْجَمِيلِ ، وَأَلْحَقَكَ اللّٰهُ بِدَرَجَةِ آبائِكَ فِي دارِ النَّعِيمِ إِنَّهُ حَمِيدٌ مَجِيدٌ.",
            "10": "اللّٰهُمَّ لَكَ تَعَرَّضْتُ ، وَلِزِيارَةِ أَوْلِيائِكَ قَصَدْتُ ، رَغْبَةً فِي ثَوَابِكَ ، وَرَجَاءً لِمَغْفِرَتِكَ ، وَجَزِيلِ إِحْسَانِكَ ، فَأَسْأَلُكَ أَنْ تُصَلِّيَ عَلَىٰ مُحَمَّدٍ وَآلِ مُحَمَّدٍ ، وَأَنْ تَجْعَلَ رِزْقِي بِهِمْ دارَّاً ، وَعَيْشِي بِهِمْ قَارَّاً ، وَزِيارَتِي بِهِمْ مَقْبُولَةً ، وَذَنْبِي بِهِمْ مَغْفُوراً ، وَاقْلِبْنِي بِهِمْ مُفْلِحاً مُنْجِحاً مُسْتَجاباً دُعائِي بِأَفْضَلِ مَا يَنْقَلِبُ بِهِ أَحَدٌ مِنْ زُوَّارِهِ وَالْقَاصِدِينَ إِلَيْهِ ، بِرَحْمَتِكَ يَا أَرْحَمَ الرَّاحِمِينَ.",
            "11": ""
        },
        "farsi": {
            "1": "  خدا بزرگ‌تر است، بزرگ‌تر و سپاس خدا راست بسیار و منزّه است خدا هر صبح و شب، سپاس خدای را که ما را به این مسیر هدایت کرد و ما نبودیم کسانی که هدایت شویم، اگر خدا هدایتمان نمی‌کرد، همانا رسولان پروردگار ما به حق آمدند. سلام بر تو ای رسول خدا، سلام بر تو ای پیامبر خدا، سلام بر تو ای خاتم پیامبران، سلام بر تو ای سرور رسولان، سلام بر تو ای حبیب خدا، سلام بر تو ای امیرمؤمنان، سلام بر تو ای آقای جانشینان، سلام بر تو ای پیشوای سپیدرویان، سلام بر تو ای فرزند فاطمه، سرور زنان جهانیان، سلام بر تو و بر امامان از فرزندانت، سلام بر تو ای جانشین امیرمؤمنان، سلام بر تو ای صدّیق شهید، سلام بر شما ای فرشتگان‌ که مقیم در این مقام شریفید، سلام بر شما ای فرشتگان پروردگارم که گرداگرد قبر حسین (درود بر او) هستید، سلام بر شما از سوی من همیشه تا هستم و شب و روز برپاست. سلام بر تو ای اباعبدالله، سلام بر تو ای فرزند رسول خدا، سلام بر تو ای فرزند امیرمؤمنان، بنده‌ات و فرزند بنده‌ات و فرزند کنیزت هستم، اقرار به غلامی شما دارم و ترک کننده مخالفت با شمایم، دوستدار دوستانتان و دشمن دشمنانتان می‌باشم، حرمت را قصد کرده و به زیارتگاهت پناه آورده و به سوی تو با قصد کردنت تقرّب جسته، آیا وارد شوم ای رسول خدا؟ آیا وارد شوم ای پیامبر خدا؟ آیا وارد شوم ای امیرمؤمنان؟ آیا وارد شوم ای سرور جانشینان؟ آیا وارد شوم ای فاطمه سرور زنان جهانیان؟ آیا وارد شوم ای مولایم ای اباعبدالله؟ آیا وارد شوم ای مولایم ای فرزند رسول خدا؟ سپاس خدای را آن یگانه و یکتا و فرد و بی‌نیازی که مرا به ولایتت هدایت نمود و به زیارتت اختصاصم داد و آهنگ به سوی تو را برایم آسان نمود.",
            "2": " سلام بر تو ای وارث آدم برگزیده خدا، سلام بر تو ای وارث نوح پیامبر خدا، سلام بر تو ای وارث ابراهیم دوست خدا، سلام بر تو ای وارث موسی هم‌سخن خدا، سلام بر تو ای وارث عیسی روح خدا، سلام بر تو ای وارث محمّد حبیب خدا، سلام بر تو ای وارث امیرمؤمنان ولی خدا، سلام بر تو ای فرزند محمّد مصطفی، سلام بر تو ای فرزند علی مرتضی، سلام بر تو ای فرزند فاطمه زهرا، سلام بر تو ای فرزند خدیجه کبری، سلام بر تو ای خون خدا و فرزند خون خدا و تنهای ستمدیده، شهادت می‌دهم که تو نماز بپا داشتی و زکات پرداختی و امر به معروف و نهی از منکر نمودی و خدا و رسولش را اطاعت کردی تا مرگ تو را دررسید؛ ",
            "3": "خدا لعنت کند امتی که تو را کشتند و لعنت کند امتی را که به تو ستم کردند و لعنت کند امتی را که این واقعه را شنیدند و به آن خشنود شدند، ای مولای من ای اباعبدالله،گواه می‌گیرم خدا و فرشتگان و پیامبران و رسولانش را که مؤمن به شمایم و به بازگشتتان یقین دارم، بر پایه قوانین دینم  و عواقب عملم و بازگشت گاهم به جانب پروردگارم، پس درود خدا بر جان‌هایتان و تن‌هایتان و حاضرتان و غایبتان و ظاهرتان و باطنتان، سلام بر تو ای فرزند خاتم پیامبران و فرزند آقای پیشوایان و فرزند پیشوای پرهیزکاران و فرزند پیشوای سپیدرویان به جانب بهشت‌های پر نعمت و چگونه این چنین نباشی؟ در صورتی که تو درگاه هدایت و پیشوای تقوا و دستاویز محکم خدا و حجّت بر اهل دنیا و پنجم اصحاب کسایی، دست رحمت غذایت داد و از سینه ایمان شیر داده شدی و در دامن اسلام پرورش یافتی، دل به فراقت راضی نیست و تردیدی در زنده بودنت نمی‌باشد، درود خدا بر تو و بر پدران و فرزندانت؛",
            "4": "  سلام بر تو اى به خاک افتاده اشک روان و همدم مصیبت پی‌درپی، خدا لعنت کند امّتى را که حلال شمردند حرمت‌های تو را و درباره تو پرده حرمت اسلام را دریدند، کشته شدى (درود خدا بر تو) به قهر، رسول خدا (درود خدا بر او و خاندانش) به تو مظلوم گشت، و کتاب خدا به فقدانت مهجور شد، سلام بر تو و جد و پدر و مادر و برادر و امامان از فرزندانت و شهید شدگان به همراهت و بر فرشتگان دربرگیرنده قبرت و حاضران از زائران، آمین‌گوی براى قبولى دعاى شیعیانت و سلام و رحمت و برکات خدا بر تو باد؛ ",
            "5": "  پدر و مادرم فدایت ای فرزند رسول خدا، پدر و مادرم فدایت ای اباعبدالله، بزرگ شد عزا و مصیبت تو بر ما و بر همه اهل آسمان‌ها و زمین، خدا لعنت کند قومی که اسب‌ها را زین کردند و دهانه زدند و آماده پیکار با تو شدند، ای مولایم ای اباعبدالله، آهنگ حرمت نمودم و به زیارتگاهت آمدم، از خدا درخواست می‌کنم به مقامی که برای تو نزد اوست و منزلتی که برای تو پیش اوست که درود فرستد بر محمّد و خاندان محمّد و مرا در دنیا و آخرت همراه شما قرار دهد، به منّت و جود و کرمش. ",
            "6": " خدایا براى تو نماز خواندم و رکوع و سجود بجا آوردم، یگانه‌ای و شریکى برایت نیست، به درستى که نماز و رکوع و سجود جز براى تو نیست، زیرا تویى خدا، معبودى جز تو نیست؛ خدایا درود فرست بر محمّد و خاندان محمّد، برترین تحیّت و سلام را از جانب من به ایشان برسان و به سوى من برگردان از جانب آنان تحیّت و سلام؛ خدایا این دو رکعت، هدیه‌اى است از سوى من به مولایم و آقا و امامم حسین بن على (درود بر ایشان)، خدایا بر محمّد و خاندان محمّد درود فرست و آن را از من بپذیر و بر آن نماز به من پاداش ده، به برترین آرزو و امیدم درباره تو و ولی‌ات، ای مهربان‌ترین مهربانان. ",
            "7": "سلام بر تو ای فرزند رسول خدا، سلام بر تو ای فرزند پیامبر خدا، سلام بر تو ای فرزند امیرمؤمنان، سلام بر تو ای فرزند حسین شهید، سلام بر تو ای شهید، سلام بر تو ای ستمدیده و پسر ستمدیده، خدا لعنت کند امّتی را که تو را کشت و خدا لعنت کند امّتی را که به تو ستم روا داشت و خدا لعنت کند امّتی که این واقعه را شنید و به آن رضایت داد؛ سلام بر تو اى مولایم، سلام بر تو اى ولی خدا و فرزند ولی خدا، این مصیبت بزرگ شد بر ما و همه‌ی مؤمنان و این عزا عظیم گشت؛ خدا لعنت کند امّتى را که تو را کشتند، به سوى خدا به جانب تو، از ایشان در دنیا و آخرت بیزارى می‌جویم. ",
            "8": " سلام بر شما اى اولیاى خدا و عاشقانش، سلام بر شما ای برگزیدگان خدا و دوستانش، سلام بر شما اى یاران دین خدا و یاران پیامبر خدا و یاران امیرمؤمنان و یاران فاطمه سرور بانوان جهانیان، سلام بر شما اى یاران ابى محمّد حسن ولی خیرخواه، سلام بر شما اى یاران ابی‌عبدالله حسین شهید مظلوم، درود خدا بر همه آنان باد؛ پدر و مادرم فدایتان، پاک گشتید و همچنین زمینى که در آن دفن هستید، سوگند به خدا که به رستگارى رسیدید، رستگارى بزرگ، اى کاش من هم با شما بودم، و با شما در بهشت رستگار مى‌شدم با شهیدان و شایستگان و چه خوب رفقایى هستید و سلام و برکات خدا بر شما باد. ",
            "9": "سلام بر تو اى ابوالفضل عباس فرزند امیرمؤمنان، سلام بر تو اى فرزند سرور جانشینان، سلام بر تو اى فرزند نخستین مؤمن این امّت در قبول اسلام و پیش‌ترین آنان در ایمان و پابرجاترینشان در دین خدا و مراقب‌ترینشان بر اسلام؛ گواهى می‌دهم که تو براى خدا و رسول خدا و برادرت خیرخواهى کردى، پس چه نیکو برادر همدردى بودى؛ خدا لعنت کند امّتى را که تو را کشت و به تو ستم روا داشت و حلال شمرد از تو حرمت‌ها را و در کشتنت پرده حرمت اسلام را درید، پس چه نیکو برادر شکیبا، مجاهد، پشتیبان، یاور، مدافع از برادرش بود، پاسخ‌دهنده به طاعت پروردگارش، مشتاق به آنچه دیگران بى‌رغبت به آن بودند، از پاداش برجسته و ستایش زیبا و خدا تو را در خانه نعمت جاودان به مقام پدرانت برساند، که خدا ستوده و بزرگوار است. ",
            "10": " خدایا من متعرّض تو و زیارت اولیایت شدم، قصد کردم آن را از روى اشتیاق به ثوابت و امید به آمرزشت و بسیارى احسانت، از تو درخواست مى‌کنم که بر محمّد و خاندان محمّد درود فرستى و قرار دهى روزى‌ام را به حق ایشان سرشار و خوشی‌ام را پابرجا و زیارتم را پذیرفته و گناهم را آمرزیده و به حق ایشان بازگردان مرا رستگار و موفق، در حال اجابت دعایم به برترین صورتى که یکى از زائران حضرتش و آهنگ کنندگان به سویش بازمی‌گردد؛ به مهربانی‌ات، اى مهربان‌ترین مهربانان.",
            "11": ""
        },
        "tozih": {
            "1": " بدان که آنچه از اهل‌بیت عصمت و طهارت در مورد زیارت عرفه رسیده، از زیادتی روایات و بسیاری فضیلت و ثواب، بیشتر از آن است که شمرده شود و ما به خاطر تشویق زائران، به ذکر چند حدیث اکتفا می‌کنیم.\n\nاز بشیر دُهّان به سند معتبر روایت شده است: که گفت خدمت امام صادق(علیه‌السلام) عرض کردم: گاه هست که حج از من فوت می‌شود و روز عرفه را نزد قبر امام می‌گذرانم. فرمود: ای بشیر کار خوبی انجام می‌دهی،\n\nهر مؤمنی که در روز غیر عید، بامعرفت به حق آن حضرت به زیارت قبر حضرتش برود، ثواب «بیست حج» و «بیست عمره» پسندیده پذیرفته و «بیست جهاد» همراه پیامبر مرسل یا امام عادل برای او نوشته می‌شود و هرکه آن حضرت را در روز عید زیارت کند، حق‌تعالی برای او ثواب «صد حج» و «صد عمره» و «صد جهاد» همراه با پیامبر مرسل یا امام عادل را می‌نویسد و هر که آن حضرت را در روز عرفه، بامعرفت به حق حضرتش زیارت کند، برای او ثواب «هزار حج» و «هزار عمره» پسندیده پذیرفته و «هزار جهاد» با پیامبر مرسل یا امام عادل بنویسد.\n\nبه حضرت گفتم: ثواب موقف عرفات برای من کجا حاصل می‌شود؟ آن حضرت به جانب من نظر کرد، مانند کسی که خشمناک باشد و فرمود: ای بشیر، هرگاه مؤمنی در روز عرفه، به زیارت قبر امام حسین(علیه‌السلام) برود و در رود فرات غُسل کند، سپس به سوی قبر آن حضرت متوجّه شود، حق‌تعالی به هر گامی که بر می‌دارد، برای او ثواب حجّی که با همه مناسک به طور کامل انجام داده باشد می‌نویسد و چنین گمان دارم که فرمود: «و عمره»؛\n\nو در احادیث بسیار به نهایت معتبر وارد شده است: که حق‌تعالی در روز عرفه، پیش از آنکه نظر به اهل موقف عرفات کند، ابتدا نظر رحمت به سوی زائران قبر حسین(علیه‌السلام) می‌افکند.\n\nدر حدیث معتبر از رُفاعه روایت شده است: که حضرت امام صادق(علیه‌السلام) به من فرمود: امسال حج کردی؟ گفتم: فدایت شوم، مالی نداشتم که به حج روم، ولی عرفه را نزد قبر امام حسین(علیه‌السلام) گذراندم؛ فرمود: ای رُفاعه، از آنچه اهل مِنی در آن بودند، هیچ کوتاهی نکردی، اگر نه این بود که کراهت دارم مردم ترک حج کنند، هر آینه برای تو حدیثی می‌گفتم که هرگز زیارت قبر آن حضرت را ترک نکنی؛ پس ساعتی ساکت شد، بعد از آن فرمود: پدرم به من خبر داد، هر که به سوی قبر امام حسین(علیه‌السلام) بیرون رود و با تکبّر حرکت نکند، عارف به حق آن حضرت باشد، هزار فرشته از طرف راست و هزار فرشته از طرف چپ همراه او می‌شوند و برای او ثواب «هزار حج» و «هزار عمره» که با پیغمبر یا وصی پیغمبر بجا آورده باشد نوشته می‌شود.\n\nامّا کیفیت زیارت آن حضرت، چنان است که علمای بزرگوار و رؤسای مَذهب و ملّت فرموده‌اند: چون خواستی حضرت را در این روز زیارت کنی، اگر توانستی از فرات غُسل کن وگرنه از هر آبی که برایت میسّر شد و پاکیزه‌ترین جامه‌های خود را بپوش و زیارت آن حضرت را قصد کن، درحالی‌که به آرامی و وقار و دقّت باشی، چون به در حائر رسیدی بگو: «اللّٰهُ أَکْبَرُ» و بخوان: ",
            "2": "پس داخل روضه شو و برابر سر بایست و بگو: ",
            "3": "",
            "4": "",
            "5": "",
            "6": "آنگاه ضریح را ببوس و بالای سر دو رکعت نماز، به هر سوره که بعد از سوره «حمد» خواستی بجا آور و چون فارغ شدی بگو: ",
            "7": "سپس به جانب پای مبارک حضرت امام حسین(علیه‌السلام) رفته و علی بن الحسین(علیه‌السلام) را که قبرشان پایین پای ابی‌عبدالله است زیارت کن و در زیارت حضرتش بگو: ",
            "8": " بعد به جانب سایر شهدا رو کن و ایشان را به این صورت زیارت کن: ",
            "9": "آنگاه به جانب سر امام حسین(علیه‌السلام) برگرد و برای خود و اهل و عیال و برادران با ایمانت بسیار دعا کن.\n\nسید ابن طاووس و شهید فرموده‌اند: سپس به مشهد جناب عباس (رضی‌الله‌عنه) برو، همین‌که به آنجا رسیدی، نزد قبر آن حضرت بایست و بگو: ",
            "10": "پس خود را به قبر بیفکن و بگو: ",
            "11": "پس ضریح را ببوس و نزد آن حضرت نماز زیارت بخوان و نیز آنچه خواسته باشی از دعا و قرآن و ذکر بجای آر و چون خواستی آن حضرت را وداع کنی، آنچه را که پیش از این ذکر کردیم، در «وداع» آن حضرت بگو. "
        }
    }
}