{
    "178": {
        "number": 178,
        "bab": 3,
        "title": "زیارت شیخ کلینی(ره)",
        "arabic": {
            "1": ""
        },
        "farsi": {
            "1": ""
        },
        "tozih": {
            "1": "مؤلّف گوید: سزاوار است در بغداد زیارت شود، شیخ اجل عالی مقام ثقة الاسلام محمّد بن یعقوب کلینی(عطّر الله مرقده) که شیخ و رئیس شیعه و أَوثق و أَثبت ایشان در حدیث بود و کتاب شریف «کافی» را که روشنی چشم شیعه است، در مدت بیست سال تألیف کرد و الحق منّت عظیم بر شیعه، به‌ ویژه بر اهل علم نهاد.\n\nبه خاطر جلالت و عظمت شأن آن بزرگ، ابن اثیر او را احیاکننده‌ی مذهب امامیه در آغاز سال سیصد هجری برشمرده است، پس از آنکه مولای ما حضرت ثامن‌الائمه(علیه‌السلام) را احیاگر این مذهب در آغاز سال دویست هجری به حساب آورده است و ما در کتاب «هدیه» بیشتر علمایی را که در مشاهد مشرّفه مدفونند ذکر کردیم، به آنجا رجوع کنید. "
        }
    }
}