{
    "181": {
        "number": 181,
        "bab": 3,
        "title": "اعمال بعد از زیارت جناب سلمان (نماز در طاق کسری و زیارت جناب حذیفه)",
        "arabic": {
            "1": ""
        },
        "farsi": {
            "1": ""
        },
        "tozih": {
            "1": " مؤلّف گوید: چون زائر به زیارت سلمان مشرّف شد، پس از زیارت دو وظیفه دیگر دارد:\n\nاول:\n«نماز خواندن در طاق کسری»، دو رکعت یا بیشتر، چون آنجا مصلّای حضرت امیرمؤمنان است.\n\nدوم:\n«زیارت جناب حذیفة بن الیمان» که از بزرگان اصحاب رسول خدا (صلی‌ الله‌ علیه‌ و آله) و خاصان امیرمؤمنان (علیه‌ السلام) است."
        }
    }
}