{
    "182": {
        "number": 182,
        "bab": 3,
        "title": "حکایت عبور و نماز حضرت امیرالمومنین(ع) در طاق کسری",
        "arabic": {
            "1": " ﴿كَمْ تَرَكُوا مِنْ جَنّٰاتٍ وَ عُيُونٍ وَ زُرُوعٍ وَ مَقٰامٍ كَرِيمٍ وَ نَعْمَةٍ كٰانُوا فِيهٰا فٰاكِهِينَ كَذٰلِكَ وَ أَوْرَثْنٰاهٰا قَوْماً آخَرِينَ فَمٰا بَكَتْ عَلَيْهِمُ السَّمٰاءُ وَ الْأَرْضُ وَ مٰا كٰانُوا مُنْظَرِينَ.﴾ ",
            "2": "\r\nإِنَّ هَؤُلاءِ كانُوا وَارِثِينَ فَأَصْبَحُوا مَوْرُوثِينَ ، لَمْ يَشْكُرُوا النِّعْمَةَ فَسُلِبُوا دُنْياهُمْ بِالْمَعْصِيَةِ ، إِيَّاكُمْ وَكُفْرَ النِّعَمِ لَاتَحُِلُّ َبِكُمُ النِّقَمُ.\r\n\r\n",
            "3": ""
        },
        "farsi": {
            "1": " چه بسیار باغ‌ها و چشمه‌ها و مقام کریم و نعمتی که در آن کامیاب بودند واگذاشتند؛ چنین بود و ما آن‌ها را به مردمان دیگری ارث دادیم؛ پس گریه نکرد بر آن‌ها آسمان و زمین و نبودند مهلت داده شده.",
            "2": "البته آنان وارث بودند، اما اکنون ارث برده شده‌اند، نعمت را شکر نکردند، در نتیجه دنیایشان بر اثر معصیت از دستشان گرفته شد، از ناسپاسی نسبت به نعمت بپرهیزید تا انتقام‌ها بر شما فرود نیاید. ",
            "3": ""
        },
        "tozih": {
            "1": "[اولین وظیفه بعد از زیارت جناب سلمان در شهر مدائن] نماز خواندن در طاق کسری، «دو رکعت» یا بیشتر [است]، چون آنجا مصلّای حضرت امیرمؤمنان است.\n\nاز عمّار ساباطی روایت شده است: که امیرمؤمنان به مداین آمد و در ایوان کسری نزول فرمود، درحالی‌که دلف بن بحیر با او بود، در آنجا نماز خواند، پس از آن برخاست و به دلف فرمود: با من برخیز؛ و جماعتی از اهل ساباط در خدمت آن حضرت بود، در منازل کسری گردش کرد و به دلف می‌فرمود: برای کسری در این مکان چنین و چنان بوده و دلف می‌گفت: به خدا قسم چنین است که می‌فرمایی، پس با آن جماعت در تمام آن مواضع گردش کرد و دلف می‌گفت: ای سید و مولای من، شما چنان به این مکان‌ها آگاهی دارید که گویا شما این چیزها را در این مکان‌ها نهاده‌اید!\n\nروایت شده: وقتی حضرت‌ بر مداین مرور می‌فرمود و آثار کسری و خرابی آن را مشاهده می‌کرد، یکی از افرادی که در خدمت آن حضرت بود، از روی عبرت این شعر را خواند:\nجَرَتِ الرِّياحُ عَلَىٰ رُسُومِ دِيارِهِمْ‌\nفَكَأَنَّهُمْ كانُوا عَلىٰ مِيعادِ\nبادها بر خرابه‌های دیارشان وزید\nگویا اینان بر وعده‌گاهی بوده‌اند\nحضرت فرمود: چرا نخواندى:",
            "2": "پس از آن فرمود: ",
            "3": " فقیر گوید: حاصل این معنی را حکیم خاقانی در قالب شعر آورده، آنجا که فرموده:\nهان ای دل عبرت بین از دیده نظر کن‌ هان\nایـــوان مـــــدائن را آیینـه عبــرت دان\nپرویـز کـه‌ بنهـــادی‌ بر خـوان‌ تره زرّین\nزرّین تره کو برخــوان، رو «کـم تَرَکوا» برخوان"
        }
    }
}