{
    "189": {
        "number": 189,
        "bab": 3,
        "title": "صلوات مخصوص امام هشتم، حضرت امام رضا(ع)",
        "arabic": {
            "1": "اللّٰهُمَّ صَلِّ عَلَىٰ عَلِيِّ بْنِ مُوسَىٰ الرِّضَا الْمُرْتَضَىٰ الْإِمامِ التَّقِيِّ النَّقِيِّ وَحُجَّتِكَ عَلَىٰ مَنْ فَوْقَ الْأَرْضِ وَمَنْ تَحْتَ الثَّرَىٰ الصِّدِيقِ الشَّهِيدِ صَلاةً كَثِيرَةً تامَّةً زاكِيَةً مُتَواصِلَةً مُتَواتِرَةً مُتَرادِفَةً كَأَفْضَلِ مَا صَلَّيْتَ عَلَىٰ أَحَدٍ مِنْ أَوْلِيَائِكَ."
        },
        "farsi": {
            "1": "  خدایا درود فرست بر علی بن موسی الرّضا، امام پسندیده با تقوای بی‌عیب و حجّتت بر هر که بر زمین و هر که زیر زمین است، آن راستگوی شهید، درودی بسیار و کامل و پاک و به هم پیوسته و پیاپی و در پی هم مانند برترین درودی که بر یکی از اولیایت فرستادی. "
        },
        "tozih": {
            "1": " این زیارتی است که ابن قولَویه از بعضی ائمه(علیهم‌السلام) روایت کرده است که فرمودند: چون به نزد قبر امام رضا(علیه‌السلام) بروی بگو: "
        }
    }
}