{
    "190": {
        "number": 190,
        "bab": 3,
        "title": "زیارت کوتاه و مختصر امام هشتم، حضرت امام رضا(ع)",
        "arabic": {
            "1": "السَّلامُ عَلَيْكَ يَا وَلِيَّ اللّٰهِ وَابْنَ وَلِيِّهِ ، السَّلامُ عَلَيْكَ يَا حُجَّةَ اللّٰهِ وَابْنَ حُجَّتِهِ ، السَّلامُ عَلَيْكَ يَا إِمامَ الْهُدىٰ وَالْعُرْوَةَ الْوُثْقىٰ وَرَحْمَةُ اللّٰهِ وَبَرَكاتُهُ ، أَشْهَدُ أَنَّكَ مَضَيْتَ عَلَىٰ مَا مَضىٰ عَلَيْهِ آباؤُكَ الطَّاهِرُونَ صَلَواتُ اللّٰهِ عَلَيْهِمْ ، لَمْ تُؤْثِرْ عَمىً عَلَىٰ هُدىً ، وَلَمْ تَمِلْ مِنْ حَقٍّ إِلىٰ باطِلٍ ، وَأَنَّكَ نَصَحْتَ لِلّٰهِ وَ لِرَسُولِهِ ، وَأَدَّيْتَ الْأَمانَةَ ، فَجَزاكَ اللّٰهُ عَنِ الْإِسْلامِ وَأَهْلِهِ خَيْرَ الْجَزَاءِ ، أَتَيْتُكَ بِأَبِي وَأُمِّي زَائِراً عَارِفاً بِحَقِّكَ ، مُوالِياً لِأَوْلِيائِكَ ، مُعادِياً لِأَعْدائِكَ ، فَاشْفَعْ لِي عِنْدَ رَبِّكَ. ",
            "2": "السَّلامُ عَلَيْكَ يَا مَوْلايَ يَا ابْنَ رَسُولِ اللّٰهِ وَرَحْمَةُ اللّٰهِ وَبَرَكاتُهُ ، أَشْهَدُ أَنَّكَ الْإِمامُ الْهادِي وَالْوَلِيُّ الْمُرْشِدُ ، أَبْرَأُ إِلَى اللّٰهِ مِنْ أَعْدائِكَ ، وَأَتَقَرَّبُ إِلَى اللّٰهِ بِوِلايَتِكَ صَلَّى اللّٰهُ عَلَيْكَ وَرَحْمَةُ اللّٰهِ وَبَرَكاتُهُ.",
            "3": ""
        },
        "farsi": {
            "1": "  سلام بر تو ای ولی خدا و فرزند ولی خدا، سلام بر تو ای حجّت خدا و فرزند حجّت خدا، سلام بر تو ای امام هدایت و دستاویز استوارتر و رحمت و برکات خدا بر تو باد، گواهی می‌دهم که تو گذشتی بر آنچه پدران پاک تو گذشتند، کوردلی را بر هدایت ترجیح ندادی و از حق به باطل منحرف نگشتی و برای خدا و رسولش خیرخواهی نمودی و امانت را ادا کردی، خدا از سوی اسلام و اهلش تو را پاداش دهد، بهترین پاداش، من زائر به حضورت آمدم، به حقّت عارفم، دوستدار دوستانت و دشمن دشمنانت هستم، مرا نزد پروردگارت شفاعت کن. ",
            "2": " سلام بر تو ای مولایم ای فرزند رسول خدا و رحمت و برکات خدا بر تو باد. گواهی می‌دهم که تو پیشوای راهنما و سرپرست ارشاد کننده‌ای، به سوی خدا از دشمنانت بیزاری می‌نمایم و به ولایتت به جانب خدا تقرّب می‌جویم، درود و رحمت و برکات خدا بر تو باد.",
            "3": ""
        },
        "tozih": {
            "1": "زیارتی است که شیخ مفید در کتاب «مُقنعه» نقل کرده و فرموده: پس از آنکه غسل زیارت کردی و پاکیزه‌ترین جامه‌های خود را در بر کردی نزد قبر آن حضرت می‌ایستی و می‌گویی: ",
            "2": " سپس خود را به قبر بچسبان و آن را ببوس و دو طرف صورت خود را بر آن بگذار، آنگاه به جانب سر بازگرد و بگو: ",
            "3": "آنگاه دو رکعت نماز زیارت به جای آر و بعد از آن هرچه خواستی نماز بخوان و به طرف پایین پا بازگرد و به آنچه می‌خواهی دعا کن، ان‌شاء‌الله. "
        }
    }
}