{
    "193": {
        "number": 193,
        "bab": 3,
        "title": "نماز حاجت در حرم امام هشتم، حضرت امام رضا(ع)",
        "arabic": {
            "1": ""
        },
        "farsi": {
            "1": ""
        },
        "tozih": {
            "1": "به سند معتبر از حضرت هادی(علیه‌السلام) نقل‌شده است: هرکه را به سوی خدا حاجتی باشد، قبر جدّم حضرت امام رضا(علیه‌السلام) را در شهر طوس زیارت کند، درحالی‌که غسل کرده باشد و نزد سر آن حضرت دو رکعت نماز بجا آورد و در قنوت نماز حاجت خود را بخواهد، به درستی که مستجاب می‌شود، مگر آنکه خواسته او برای گناه یا قطع رَحِمی باشد. به تحقیق موضع قبر آن حضرت بارگاهی است از بارگاه‌های بهشت و هیچ مؤمنی او را زیارت نمی‌کند مگر آنکه حق‌تعالی او را از آتش دوزخ آزاد می‌کند و وارد بهشت می‌نماید."
        }
    }
}