{
    "194": {
        "number": 194,
        "bab": 3,
        "title": "فضیلت و ثواب نماز جعفر در حرم امام هشتم، حضرت امام رضا(ع)",
        "arabic": {
            "1": ""
        },
        "farsi": {
            "1": ""
        },
        "tozih": {
            "1": "علاّمه مجلسی از خط شیخ جلیل حسین بن عبد الصمد، پدر شیخ بهایی نقل کرده: شیخ ابو الطّیب حسین بن احمد فقیه رازی ذکر کرده: هرکس حضرت امام رضا(علیه‌السلام) یا دیگر از امامان را زیارت کند، آنگاه نزد آن امام «نماز جعفر» بجای آورد، برای او به هر رکعتی نوشته می‌شود، ثواب کسی که هزار حج و هزار عمره بجا آورده و هزار بنده در راه خدا آزاد کرده و هزار مرتبه همراه با پیامبر مرسل به جهاد برخاسته و به هر گامی که بر می‌دارد، برای اوست ثواب صد حج و عمره و صد بنده آزاد کردن، در راه خدای تعالی و برای او نوشته می‌شود صد کار نیک و از او محو می‌شود صد گناه و کیفیت نماز جعفر در «اعمال روز جمعه» گذشت."
        }
    }
}