{
    "207": {
        "number": 207,
        "bab": 3,
        "title": "ثواب کسی که یکی از امامان(ع) را زیارت کند",
        "arabic": {
            "1": ""
        },
        "farsi": {
            "1": ""
        },
        "tozih": {
            "1": "مؤلّف گوید: از حضرت صادق(علیه‌السلام) روایت شده: وقتی که زید شحّام خدمت آن جناب عرضه داشت، برای کسی که یکی از شما امامان را زیارت کند چه ثوابی است؟ فرمود: مانند این است که رسول خدا(صلی‌الله‌علیه‌وآله) را زیارت کرده باشد.\n\nما در صفحات گذشته نوشتیم که روایتی از حضرت صادق(علیه‌السلام) به این مضمون نقل‌شده: که هر که امام واجب الطاعه را زیارت کند و چهار رکعت نماز کنار قبرش بجا آورد، برای او ثواب حج و عمره نوشته می‌شود. "
        }
    }
}