{
    "211": {
        "number": 211,
        "bab": 3,
        "title": "زیارت وداع امامین عسکریین، حضرت هادى(ع) و امام حسن عسکرى(ع) ",
        "arabic": {
            "1": "السَّلامُ عَلَيْكُما يَا وَلِيَّيِ اللّٰهِ ، أسْتَوْدِعُكُمَا اللّٰهَ وَأقْرَأُ عَلَيْكُمَا السَّلامُ ، آمَنَّا بِاللّٰه وَبِالرَّسُولِ وَبِما جِئْتُما بِهِ وَدَلَلْتُما عَلَيْهِ . اللّٰهُمَّ اكْتُبْنَا مَعَ الشَّاهِدِينَ .اللّٰهُمَّ لَاتَجْعَلْهُ آخِرَ الْعَهْدِ مِنْ زِيارَتِي إِيَّاهُما ، وَارْزُقْنِي الْعَوْدَ إِلَيْهِما ، وَاحْشُرْنِي مَعَهُما وَمَعَ آبائِهِمَا الطَّاهِرِينَ وَالْقائِمِ الْحُجَّةِ مِنْ ذُرِّيَتِهِما يَا أَرْحَمَ الرَّاحِمِينَ."
        },
        "farsi": {
            "1": " سلام بر شما ای دو نماینده خدا، به خدا می‌سپارمتان و بر شما سلام می‌رسانم، به خدا و پیامبر و آنچه شما آوردید و بر آن راهنمایی کردید ایمان آوردیم، خدایا ما را در گروه گواهان بنویس. خدایا این زیارت را آخرین زیارت من از این دو بزرگوار قرار مده و بازگشت به زیارتشان را نصیبم کن و با این دو امام و پدران پاکشان و حضرت قائم حجت از نسل این دو بزرگوار محشورم فرما ای مهربان‌ترین مهربانان. "
        },
        "tozih": {
            "1": " چون خواستی عسکریین را وداع کنی، نزد قبر مطهر بایست و بگو: "
        }
    }
}