{
    "216": {
        "number": 216,
        "bab": 3,
        "title": "زیارت آل یاسین(یس) امام زمان",
        "arabic": {
            "1": "سَلامٌ عَلَىٰ آلِ يس ، السَّلامُ عَلَيْكَ يَا داعِيَ اللّٰهِ وَرَبَّانِيَّ آياتِهِ ، السَّلامُ عَلَيْكَ يَا بابَ اللّٰهِ وَدَيَّانَ دِينِهِ ، السَّلامُ عَلَيْكَ يَا خَلِيفَةَ اللّٰهِ وَناصِرَ حَقِّهِ ، السَّلامُ عَلَيْكَ يَا حُجَّةَ اللّٰهِ وَدَلِيلَ إِرادَتِهِ ، السَّلامُ عَلَيْكَ يَا تالِيَ كِتابِ اللّٰهِ وَتَرْجُمانَهُ ، السَّلامُ عَلَيْكَ فِي آناءِ لَيْلِكَ وَأَطْرافِ نَهارِكَ ، السَّلامُ عَلَيْكَ يَا بَقِيَّةَ اللّٰهِ فِي أَرْضِهِ ، السَّلامُ عَلَيْكَ يَا مِيثاقَ اللّٰهِ الَّذِي أَخَذَهُ وَوَكَّدَهُ ، السَّلامُ عَلَيْكَ يَا وَعْدَ اللّٰهِ الَّذِي ضَمِنَهُ ، السَّلامُ عَلَيْكَ أَيُّهَا الْعَلَمُ الْمَنْصُوبُ ، وَالْعِلْمُ الْمَصْبُوبُ ، والْغَوْثُ وَالرَّحْمَةُ الْواسِعَةُ وَعْداً غَيْرَ مَكْذُوبٍ ، ",
            "2": "السَّلامُ عَلَيكَ حِينَ تَقُومُ ، السَّلامُ عَلَيْكَ حِينَ تَقْعُدُ ، السَّلامُ عَلَيْكَ حِينَ تَقْرَأُ وَتُبَيِّنُ ، السَّلامُ عَلَيْكَ حِينَ تُصَلِّي وَتَقْنُتُ ، السَّلامُ عَلَيْكَ حِينَ تَرْكَعُ وَتَسْجُدُ ، السَّلامُ عَلَيْكَ حِينَ تُهَلِّلُ وَتُكَبِّرُ ، السَّلامُ عَلَيْكَ حِين تَحْمَدُ وَتَسْتَغْفِرُ؛ السَّلامُ عَلَيْكَ حِينَ تُصْبِحُ وَتُمْسِي ، السَّلامُ عَلَيْكَ فِي اللَّيْلِ إِذا يَغْشىٰ وَالنَّهارِ إِذا تَجَلَّىٰ ، السَّلامُ عَلَيْكَ أَيُّهَا الْإِمامُ الْمَأْمُونُ ، السَّلامُ عَلَيْكَ أَيُّهَا الْمُقَدَّمُ الْمَأْمُولُ ، السَّلامُ عَلَيْكَ بِجَوامِعِ السَّلامِ ،",
            "3": " أُشْهِدُكَ يَا مَوْلايَ أَنِّي أَشْهَدُ أَنْ لَاإِلٰهَ إِلّا اللّٰهُ وَحْدَهُ لَاشَرِيكَ لَهُ ، وَأَنَّ مُحَمَّداً عَبْدُهُ وَرَسُولُهُ لَاحَبِيبَ إِلّا هُوَ وَأَهْلُهُ ، وَأُشْهِدُكَ يَا مَوْلايَ  أَنَّ عَلِيّاً أَمِيرَ الْمُؤْمِنِينَ حُجَّتُهُ ، وَالْحَسَنَ حُجَّتُهُ ، وَالْحُسَيْنَ حُجَّتُهُ ، وَعَلِيَّ بْنَ الْحُسَيْنِ حُجَّتُهُ ، وَمُحَمَّدَ بْنَ عَلِيٍّ حُجَّتُهُ ، وَجَعْفَرَ بْنَ مُحَمَّدٍ حُجَّتُهُ ، وَمُوسَى بْنَ جَعْفَرٍ حُجَّتُهُ ، وَعَلِيَّ بْنَ مُوسىٰ حُجَّتُهُ ، وَمُحَمَّدَ بْنَ عَلِيٍّ حُجَّتُهُ ، وَعَلِيَّ بْنَ مُحَمَّدٍ حُجَّتُهُ ، وَالْحَسَنَ بْنَ عَلِيٍّ حُجَّتُهُ ، ",
            "4": " وَأَشْهَدُ أَنَّكَ حُجَّةُ اللّٰهِ ، أَنْتُمُ الْأَوَّلُ وَالْآخِرُ؛ وَأَنَّ رَجْعَتَكُمْ حَقٌّ لَارَيْبَ فِيها يَوْمَ ﴿لَايَنْفَعُ نَفْساً إِيمانُها لَمْ تَكُنْ آمَنَتْ مِنْ قَبْلُ أَوْ كَسَبَتْ فِي إِيمانِها خَيْراً﴾ ، وَأَنَّ الْمَوْتَ حَقٌّ ، وَأَنَّ ناكِراً وَنَكِيراً حَقٌّ ، وَأَشْهَدُ أَنَّ النَّشْرَ حَقٌّ ، وَالْبَعْثَ حَقٌّ ، وَأَنَّ الصِّراطَ حَقٌّ ، وَالْمِرْصادَ حَقٌّ ، وَالْمِيزانَ حَقٌّ ، وَالْحَشْرَ حَقٌّ ، وَالْحِسابَ حَقٌّ ، وَالْجَنَّةَ وَالنَّارَ حَقٌّ ، وَالْوَعْدَ وَالْوَعِيدَ بِهِما حَقٌّ . ",
            "5": "يَا مَوْلايَ شَقِيَ مَنْ خالَفَكُمْ ، وَسَعِدَ مَنْ أَطَاعَكُمْ ، فَاشْهَدْ عَلَىٰ مَا أَشْهَدْتُكَ عَلَيْهِ وَأَنَا وَلِيٌّ لَكَ بَرِيءٌ مِنْ عَدُوِّكَ ، فَالْحَقُّ مَا رَضِيتُمُوهُ ، وَالْباطِلُ مَا أَسْخَطْتُمُوهُ ، وَالْمَعْرُوفُ مَا أَمَرْتُمْ بِهِ ، وَالْمُنْكَرُ مَا نَهَيْتُمْ عَنْهُ ، فَنَفْسِي مُؤْمِنَةٌ بِاللّٰهِ وَحْدَهُ لَاشَرِيكَ لَهُ وَبِرَسُولِهِ وَبِأَمِيرِ الْمُؤْمِنِينَ وَبِكُمْ يَا مَوْلايَ أَوَّلِكُمْ وَآخِرِكُمْ ، وَنُصْرَتِي مُعَدَّةٌ لَكُمْ ، وَمَوَدَّتِي خَالِصَةٌ لَكُمْ ، آمِينَ آمِينَ.",
            "6": " اللّٰهُمَّ إِنِّي أَسْأَلُكَ أَنْ تُصَلِّيَ عَلَىٰ مُحَمَّدٍ نَبِيِّ رَحْمَتِكَ ، وَكَلِمَةِ نُورِكَ ، وَأَنْ تَمْلَأَ قَلْبِي نُورَ الْيَقِينِ ، وَصَدْرِي نُورَ الْإِيمانِ ، وَفِكْرِي نُورَ النِّيَّاتِ ، وَعَزْمِي نُورَ الْعِلْمِ ، وَقُوَّتِي نُورَ الْعَمَلِ ، وَ لِسانِي نُورَ الصِّدْقِ ، وَدِينِي نُورَ الْبَصائِرِ مِنْ عِنْدِكَ ، وَبَصَرِي نُورَ الضِّياءِ ، وَسَمْعِي نُورَ الْحِكْمَةِ ، وَمَوَدَّتِي نُورَ الْمُوالاةِ لِمُحَمَّدٍ وَآلِهِ عَلَيْهِمُ السَّلامُ حَتَّىٰ أَلْقَاكَ وَقَدْ وَفَيْتُ بِعَهْدِكَ وَمِيثاقِكَ فَتُغَشِّيَني رَحْمَتَكَ يَا وَلِيُّ يَا حَمِيدُ . ",
            "7": "اللّٰهُمَّ صَلِّ عَلَىٰ مُحَمَّدٍ  حُجَّتِكَ فِي أَرْضِكَ ، وَخَلِيفَتِكَ فِي بِلادِكَ ، وَالدَّاعِي إِلَىٰ سَبِيلِكَ ، وَالْقائِمِ بِقِسْطِكَ ، وَالثَّائِرِ بِأَمْرِكَ ، وَلِيِّ الْمُؤْمِنِينَ ، وَبَوَارِ الْكافِرِينَ ، وَمُجَلِّي الظُّلْمَةِ ، وَمُنِيرِ الْحَقِّ ، وَالنَّاطِقِ بِالْحِكْمَةِ وَالصِّدْقِ ، وَكَلِمَتِكَ التَّامَّةِ فِي أَرْضِكَ ، الْمُرْتَقِبِ الْخائِفِ ، وَالْوَلِيِّ النَّاصِحِ؛ سَفِينَةِ النَّجَاةِ ، وَعَلَمِ الْهُدَىٰ ، وَنُورِ أَبْصارِ الْوَرَىٰ ، وَخَيْرِ مَنْ تَقَمَّصَ وَارْتَدىٰ ، وَمُجَلِّي الْعَمَى ، الَّذِي يَمْلَأُ الْأَرْضَ عَدْلاً وَقِسْطاً كَمَا مُلِئَتْ ظُلْماً وَجَوْراً ، إِنَّكَ عَلَىٰ كُلِّ شَيْءٍ قَدِيرٌ .",
            "8": " اللّٰهُمَّ صَلِّ عَلَىٰ وَلِيِّكَ وَابْنِ أَوْلِيَائِكَ الَّذِينَ فَرَضْتَ طَاعَتَهُمْ ، وَأَوْجَبْتَ حَقَّهُمْ ، وَأَذْهَبْتَ عَنْهُمُ الرِّجْسَ ، وَطَهَّرْتَهُمْ تَطْهِيراً . اللّٰهُمَّ انْصُرْهُ وَانْتَصِرْ بِهِ لِدِينِكَ ، وَانْصُرْ بِهِ أَوْلِياءَكَ وَأَوْلِيَاءَهُ وَشِيعَتَهُ وَأَنْصارَهُ وَاجْعَلْنا مِنْهُمْ. اللّٰهُمَّ أَعِذْهُ مِنْ شَرِّ كُلِّ باغٍ وَطاغٍ ، وَمِنْ شَرِّ جَمِيعِ خَلْقِكَ ، وَاحْفَظْهُ مِنْ بَيْنِ يَدَيْهِ وَمِنْ خَلْفِهِ وَعَنْ يَمِينِهِ وَعَنْ شِمالِهِ ، وَاحْرُسْهُ وَامْنَعْهُ مِنْ أَنْ يُوصَلَ إِلَيْهِ بِسُوءٍ ، وَاحْفَظْ فِيهِ رَسُولَكَ وَآلَ رَسُولِكَ؛ ",
            "9": " وَأَظْهِرْ بِهِ الْعَدْلَ ، وَأَيِّدْهُ بِالنَّصْرِ ، وَانْصُرْ ناصِرِيهِ ، وَاخْذُلْ خاذِلِيهِ ، وَاقْصِمْ قاصِمِيهِ ، وَاقْصِمْ بِهِ جَبابِرَةَ الْكُفْرِ ، وَاقْتُلْ بِهِ الْكُفَّارَ وَالْمُنافِقِينَ وَجَمِيعَ الْمُلْحِدِينَ حَيْثُ كانُوا مِنْ مَشارِقِ الْأَرْضِ وَمَغَارِبِها ، بَرِّها وَبَحْرِها ، وَامْلَأْ بِهِ الْأَرْضَ عَدْلاً ، وَأَظْهِرْ بِهِ دِينَ نَبِيِّكَ صَلَّى اللّٰهُ عَلَيْهِ وآلِهِ ، وَاجْعَلْنِي اللّٰهُمَّ مِنْ أَنْصارِهِ وَأَعْوانِهِ وَأَتْباعِهِ وَشِيعَتِهِ ، وَأَرِنِي فِي آلِ مُحَمَّدٍ عَلَيْهِمُ السَّلامُ مَا يَأْمُلُونَ ، وَفِي عَدُوِّهِمْ مَا يَحْذَرُونَ ، إِلٰهَ الْحَقِّ آمِينَ ، يَا ذَا الْجَلالِ وَالْإِكْرامِ يَا أَرْحَمَ الرَّاحِمِينَ. "
        },
        "farsi": {
            "1": "  سلام بر خاندان یس، سلام بر تو ای دعوت‌کننده به سوی خدا و آگاه به آیاتش، سلام بر تو ای باب خدا و سیاستمدار دینش، سلام بر تو ای خلیفه خدا و یاور حقّش، سلام بر تو ای حجّت خدا و راهنما به سوی اراده‌اش، سلام بر تو ای تلاوت‌کننده کتاب خدا و تفسیرکننده‌اش، سلام بر تو در تمام ساعات شب و روز، سلام بر تو ای بجا مانده خدا در زمینش، سلام بر تو ای پیمان خدا که آن را برگرفت و محکمش کرد، سلام بر تو ای وعده خدا که آن را ضمانت نمود، سلام بر تو ای پرچم برافراشته و دانش سرریز و فریادرس و رحمت گسترده و وعده‌ی بی‌دروغ،",
            "2": " سلام بر تو هنگامی‌که بر می‌خیزی، سلام بر تو زمانی که می‌نشینی، سلام بر تو وقتی که می‌خوانی و بیان می‌کنی، سلام بر تو هنگامی‌که نماز می‌خوانی و قنوت بجا می‌آوری، سلام بر تو زمانی که رکوع و سجود می‌نمایی، سلام بر تو وقتی که تهلیل و تکبیر می‌گویی سلام بر تو هنگامی که سپاس و استغفار می‌نمایی؛ سلام بر تو زمانی که صبح و شام می‌کنی، سلام بر تو در شب هنگامی‌که می‌پوشاند و در روز وقتی‌که آشکار می‌شود، سلام بر تو ای پیشوای امین، سلام بر تو ای پیش نهاده‌ی آرزو شده، سلام بر تو به همه سلام‌ها،",
            "3": " تو را گواه می‌گیرم ای مولایم که گواهی می‌دهم معبودی جز خدا نیست، یگانه است و شریکی ندارد و محمد بنده و فرستاده اوست، محبوبی جز او و اهل‌بیتش نیست و تو را گواه می‌گیرم ای مولایم، بر اینکه علی امیرمؤمنان و حسن و حسین و علی بن الحسین و محمد بن علی و جعفر بن محمد و موسی بن جعفر و علی بن موسی و محمد بن علی و علی بن محمد و حسن بن علی، حجّت‌های خدایند ",
            "4": " و گواهی می‌دهم که تو حجّت خدایی، شما آغاز و انجام هستید؛ و همانا بازگشت شما حق است، تردیدی در آن نیست، روزی که کسی را ایمانش سود نبخشد که پیش از این ایمان نیاورده بود یا در ایمانش کسب خیری نکرده بود و گواهی می‌دهم که مرگ و ناکر و نکیر و زنده شدن و برانگیختن و صراط و کمینگاه و میزان و گردآوردن و حساب و بهشت و دوزخ و وعده و تهدید به هر دو حق است",
            "5": " ای مولای من، بدبخت شد کسی که با شما مخالفت ورزید و خوشبخت شد کسی که از شما اطاعت کرد، پس گواه باش بر آنچه تو را بر آن گواه گرفتم و من دوست تو و بیزار از دشمن توأم، پس حق آن است که شما به آن خشنود شدید و باطل آن است که شما از آن ناخشنود گشتید و معروف آن است که شما به آن امر فرمودید و منکر آن است که شما از آن نهی کردید، پس نهاد من مؤمن به خدای یگانه بی‌شریک و به رسول او  و به امیرمؤمنان و به شماست ای مولای من، به آغاز و انجام شما و یاری‌ام برای شما آماده و دوستی‌ام نسبت به شما بی‌آلایش است، اجابت فرما، اجابت فرما. ",
            "6": "  خدایا من از تو می‌خواهم که بر محمّد پیامبر رحمتت و کلمه نورت درود فرستی و پر کنی دلم را با نور یقین و سینه‌ام را با نور ایمان و فکرم را با نور تصمیم و اراده‌ام را با نور دانش و نیرویم را با نور عمل و زبانم را با نور راستی و دینم را با نور بینایی از سوی خود و دیده‌ام را با نور روشنایی و گوشم را با نور حکمت و مودّتم را با نور دوستی محمّد و خاندانش (درود بر ایشان) تا دیدارت کنم درحالی‌که به عهد و پیمانت وفا کرده‌ام، پس فرا بگیرد رحمتت مرا ای سرپرست و ای ستوده، ",
            "7": " خدایا درود فرست بر محمّد [نام مبارک امام دوازدهم]، حجّتت در زمینت و خلیفه‌ات در کشورهایت و دعوت‌کننده به راهت و قیام‌کننده به عدلت و انقلاب‌کننده به فرمانت، دوست اهل ایمان و نابودکننده کافران و زداینده تاریکی و روشنی‌بخش حق و گویای به حکمت و راستی و کلمه کاملت در زمین، آن منتظر بیمناک، ولی خیرخواه؛ کشتی نجات و پرچم هدایت و روشنی دیدگان مردم و بهترین کسی که جامه و ردای خلافت پوشید و زداینده کوردلی که زمین را پر از عدل‌وداد می‌کند، چنان‌که از ستم ستمکاران پر شده که تو بر هر چیز توانایی.",
            "8": " خدایا درود فرست بر ولی‌ات و فرزند اولیایت، آنان‌که اطاعتشان را لازم نمودی و حقّشان را واجب کردی و پلیدی را از ایشان زدودی و پاکشان نمودی پاک ساختنی درخور. خدایا او را یاری کن و به وسیله او برای دینت پیروزی آور و اولیایت و اولیایش و پیروان و یارانش را، به سبب او یاری ده. خدایا پناهش ده از شرّ هر متجاوز و سرکش و از شرّ تمام آفریدگانت و او را محافظت فرما از پیش رو و پشت سرش و از راست‌وچپ و از او پاسداری کن و از اینکه به او آسیبی رسد نگهداری‌اش فرما و حفظ کن به‌وسیله او رسول و خاندان رسولت را؛  ",
            "9": " و عدالت را به وسیله او آشکار نما و او را به پیروزی تأیید کن و یاورش را یاری ده و واگذارنده‌اش را به خواری نشان و شکننده‌اش را بشکن و به وسیله او گردنکشان کفر را درهم بکوب و کافران را به قتل برسان و منافقان و همه بی‌دینان را از میان برادر هر کجا که باشند، از مشارق و مغارب زمین و خشکی و دریای کره‌ی خاک و به وسیله او زمین را از عدالت پر کن و دین پیامبرت را به او نمایان ساز، خدایا قرار ده مرا از یاوران و کمک‌کاران و پیروان و شیعیانش و به من بنمایان درباره خاندان محمد (درود بر ایشان)، آنچه آنان آرزو دارند و درباره دشمنانشان آنچه از آن پرهیز می‌نمایند ای معبود حق آمین، ای صاحب بزرگی و بزرگواری، ای مهربان‌ترین مهربانان. "
        },
        "tozih": {
            "1": "شیخ جلیل احمد بن ابی‌طالب طبرسی در کتاب شریف «احتجاج» روایت کرده است که: از ناحیه مقدّسه، به سوی محمّد حمیری پس از جواب مسائلی که از آن حضرت پرسیده بود، این مضمون شرف صدور یافت:\nبِسْمِ اللّٰهِ الرَّحْمٰنِ الرَّحِیمِ لَا لِأَمْرِهِ تَعْقِلُونَ، وَ لَا مِنْ أَوْلِیائِهِ تَقْبَلُونَ، حِکْمَةٌ بالِغَةٌ فَمَا تُغْنِی النُّذُرُ عَنْ قَوْمٍ لَایُؤْمِنُونَ، السَّلامُ عَلَیْنا وَ عَلَىٰ عِبادِ اللّٰهِ الصَّالِحِینَ.\nبه نام خدا که رحمتش بسیار و رحمتش همیشگی است، نه فرمانش را تعقل می‌کنید و نه از اولیایش می‌پذیرید، حکمتی است رسا، ولی بیم دادن‌ها سودشان ندهد، سلام بر ما و بر بندگان شایسته خدا.\nهرگاه خواستید به وسیله ما به سوی خدای تبارک و تعالی و به سوی ما توجه کنید، پس بگویید چنان‌که خدای تعالی فرموده است: ",
            "2": "",
            "3": "",
            "4": "",
            "5": "",
            "6": " و پس از آن، این دعا خوانده شود: ",
            "7": "",
            "8": "",
            "9": ""
        }
    }
}