{
    "217": {
        "number": 217,
        "bab": 3,
        "title": "زیارت دوم امام زمان(عج): زیارت مخصوص سرداب مطهر",
        "arabic": {
            "1": "السَّلامُ عَلَيْكَ يَا خَلِيفَةَ اللّٰهِ وَخَلِيفَةَ آبائِهِ الْمَهْدِيِّينَ ، السَّلامُ عَلَيْكَ يَا وَصِيَّ الْأَوْصِياءِ الْماضِينَ ، السَّلامُ عَلَيْكَ يَا حافِظَ أَسْرَارِ رَبِّ الْعالَمِينَ ، السَّلامُ عَلَيْكَ يَا بَقِيَّةَ اللّٰهِ مِنَ الصَّفْوَةِ الْمُنْتَجَبِينَ ، السَّلامُ عَلَيْكَ يَا ابْنَ الْأَنْوَارِ الزَّاهِرَةِ ، السَّلامُ عَلَيْكَ يَا ابْنَ الْأَعْلامِ الْباهِرَةِ ، السَّلامُ عَلَيْكَ يَا ابْنَ الْعِتْرَةِ الطَّاهِرَةِ ، السَّلامُ عَلَيْكَ يَا مَعْدِنَ الْعُلُومِ النَّبَوِيَّةِ ،",
            "2": " السَّلامُ عَلَيْكَ يَا بابَ اللّٰهِ الَّذِي لَايُؤْتىٰ إِلّا مِنْهُ ، السَّلامُ عَلَيْكَ يَا سَبِيلَ اللّٰهِ الَّذِي مَنْ سَلَكَ غَيْرَهُ هَلَكَ ، السَّلامُ عَلَيْكَ يَا ناظِرَ شَجَرَةِ طُوبىٰ وَسِدْرَةِ الْمُنْتَهىٰ ، السَّلامُ عَلَيْكَ يَا نُورَ اللّٰهِ الَّذِي لَايُطْفَأُ ، السَّلامُ عَلَيْكَ يَا حُجَّةَ اللّٰهِ الَّتِي لَاتَخْفىٰ ، السَّلامُ عَلَيْكَ يَا حُجَّةَ اللّٰهِ عَلَىٰ مَنْ فِي الْأَرْضِ وَالسَّماءِ؛ السَّلامُ عَلَيْكَ سَلامَ مَنْ عَرَفَكَ بِما عَرَّفَكَ بِهِ اللّٰهُ وَنَعَتَكَ بِبَعْضِ نُعُوتِكَ الَّتِي أَنْتَ أَهْلُها وَفَوْقَها ،",
            "3": " أَشْهَدُ أَنَّكَ الْحُجَّةُ عَلَىٰ مَنْ مَضَىٰ وَمَنْ بَقِيَ ، وَأَنَّ حِزْبَكَ هُمُ الْغالِبُونَ ، وَأَوْلِياءَكَ هُمُ الْفائِزُونَ ، وَأَعْدَاءَكَ هُمُ الْخاسِرُونَ ، وَأَنَّكَ خازِنُ كُلِّ عِلْمٍ ، وَفاتِقُ كُلِّ رَتْقٍ ، وَمُحَقِّقُ كُلِّ حَقٍّ ، وَمُبْطِلُ كُلِّ باطِلٍ ، رَضِيتُكَ يَا مَوْلايَ إِماماً وَهادِياً وَوَلِيَّاً وَمُرْشِداً لَا أَبْتَغِي بِكَ بَدَلاً ، وَلَا أَتَّخِذُ مِنْ دُونِكَ وَلِيّاً ، ",
            "4": "أَشْهَدُ أَنَّكَ الْحَقُّ الثَّابِتُ الَّذِي لَا عَيْبَ فِيهِ ، وَأَنَّ وَعْدَ اللّٰهِ فِيكَ حَقُّ ، لَاأَرْتابُ لِطُولِ الْغَيْبَةِ وَبُعْدِ الْأَمَدِ ، وَلَا أَتَحَيَّرُ مَعَ مَنْ جَهِلَكَ وَجَهِلَ بِكَ ، مُنْتَظِرٌ مُتَوَقِّعٌ لِأَيَّامِكَ ، وَأَنْتَ الشَّافِعُ الَّذِي لَا تُنازَعُ ، وَالْوَلِيُّ الَّذِي لَاتُدافَعُ ، ذَخَرَكَ اللّٰهُ لِنُصْرَةِ الدِّينِ ، وَ إِعْزَازِ الْمُؤْمِنِينَ ، وَالانْتِقامِ مِنَ الْجاحِدِينَ الْمارِقِينَ؛ ",
            "5": "أَشْهَدُ أَنَّ بِوِلايَتِكَ تُقْبَلُ الْأَعْمالُ ، وَتُزَكَّى الْأَفْعالُ ، وَتُضاعَفُ الْحَسَناتُ ، وَتُمْحَى السَّيِّئاتُ ، فَمَنْ جاءَ بِوَِلايَتِكَ ، وَاعْتَرَفَ بِإِمامَتِكَ ، قُبِلَتْ أَعْمالُهُ ، وَصُدِّقَتْ أَقْوالُهُ ، وَتَضاعَفَتْ حَسَناتُهُ ، وَمُحِيَتْ سَيِّئاتُهُ ، وَمَنْ عَدَلَ عَنْ وَِلايَتِكَ ، وَجَهِلَ مَعْرِفَتَكَ ، وَاسْتَبْدَلَ بِكَ غَيْرَكَ كَبَّهُ اللّٰهُ عَلَىٰ مَِنْخَرِهِ فِي النَّارِ وَلَمْ يَقْبَلِ اللّٰهُ لَهُ عَمَلاً ، وَلَمْ يُقِمْ لَهُ يَوْمَ الْقِيَامَةِ وَزْناً ،",
            "6": " أُشْهِدُ اللّٰهَ وَأُشْهِدُ مَلائِكَتَهُ وَأُشْهِدُكَ يَا مَوْلايَ بِهَذَا ، ظاهِرُهُ كَباطِنِهِ ، وَسِرُّهُ كَعَلانِيَتِهِ ، وَأَنْتَ الشَّاهِدُ عَلَىٰ ذٰلِكَ ، وَهُوَ عَهْدِي إِلَيْكَ وَمِيثاقِي لَدَيْكَ إِذْ أَنْتَ نِظامُ الدِّينِ ، وَيَعْسُوبُ الْمُتَّقِينَ ، وَعِزُّ الْمُوَحِّدِينَ ، وَبِذٰلِكَ أَمَرَنِي رَبُّ الْعالَمِينَ ، فَلَوْ تَطاوَلَتِ الدُّهُورُ ، وَتَمادَتِ الْأَعْمارُ، لَمْ أَزْدَدْ فِيكَ إِلّا يَقِيناً ، وَلَكَ إِلّا حُبّاً ، وَعَلَيْكَ إِلّا مُتَّكَلاً وَمُعْتَمَداً ، وَ لِظُهُورِكَ إِلّا مُتَوَقَّعاً وَمُنْتَظَراً  وَ لِجِهادِي بَيْنَ يَدَيْكَ مُتَرَقَّباً؛ فَأَبْذُلُ نَفْسِي وَمالِي وَوَلَدِي وَأَهْلِي وَجَمِيعَ مَا خَوَّلَنِي رَبِّي بَيْنَ يَدَيْكَ وَالتَّصَرُّفَ بَيْنَ أَمْرِكَ وَنَهْيِكَ ،",
            "7": " مَوْلايَ فَإِنْ أَدْرَكْتُ أَيَّامَكَ الزَّاهِرَةَ ، وَأَعْلامَكَ الْباهِرَةَ ، فَها أَنَا ذَا عَبْدُكَ الْمُتَصَرِّفُ بَيْنَ أَمْرِكَ وَنَهْيِكَ أَرْجُو بِهِ الشَّهادَةَ بَيْنَ يَدَيْكَ وَالْفَوْزَ لَدَيْكَ ، مَوْلايَ فَإِنْ أَدْرَكَنِي الْمَوْتُ قَبْلَ ظُهُورِكَ فَإِنِّي أَتَوَسَّلُ بِكَ وَبِآبائِكَ الطَّاهِرِينَ إِلَى اللّٰهِ تَعالىٰ ، وَأَسْأَلُهُ أَنْ يُصَلِّيَ عَلَىٰ مُحَمَّدٍ وَآلِ مُحَمَّدٍ ، وَأَنْ يَجْعَلَ لِي كَرَّةً فِي ظُهُورِكَ ، وَرَجْعَةً فِي أَيَّامِكَ ، لِأَبْلُغَ مِنْ طاعَتِكَ مُرادِي ، وَأَشْفِيَ مِنْ أَعْدَائِكَ فُؤَادِي ، ",
            "8": "مَوْلايَ وَقَفْتُ فِى زِيارَتِكَ مَوْقِفَ الْخاطِئِينَ النَّادِمِينَ ، الْخائِفِينَ مِنْ عِقابِ رَبِّ الْعالَمِينَ؛ وَقَدِ اتَّكَلْتُ عَلَىٰ شَفاعَتِكَ ، وَرَجَوْتُ بِمُوالاتِكَ وَشَفاعَتِكَ مَحْوَ ذُنُوبِي ، وَسَتْرَ عُيُوبِي ، وَمَغْفِرَةَ زَلَلِي ، فَكُنْ لِوَلِيِّكَ يَا مَوْلايَ عِنْدَ تَحْقِيقِ أَمَلِهِ ، وَاسْأَلِ اللّٰهَ غُفْرانَ زَلَلِهِ ، فَقَدْ تَعَلَّقَ بِحَبْلِكَ ، وَتَمَسَّكَ بِوَِلايَتِكَ ، وَتَبَرَّأَ مِنْ أَعْدائِكَ . اللّٰهُمَّ صَلِّ عَلَىٰ مُحَمَّدٍ وَآلِهِ وَأَنْجِزْ لِوَ لِيِّكَ مَا وَعَدْتَهُ؛ اللّٰهُمَّ أَظْهِرْ كَلِمَتَهُ ، وَأَعْلِ دَعْوَتَهُ ، وَانْصُرْهُ عَلَىٰ عَدُوِّهِ وَعَدُوِّكَ يَا رَبَّ الْعالَمِينَ . ",
            "9": "اللّٰهُمَّ صَلِّ عَلَىٰ مُحَمَّدٍ وَآلِ مُحَمَّدٍ وَأَظْهِرْ كَلِمَتَكَ التَّامَّةَ ، وَمُغَيَّبَكَ فِي أَرْضِكَ ، الْخائِفَ الْمُتَرَقَِّبَ . اللّٰهُمَّ انْصُرْهُ نَصْراً عَزِيزاً ، وَافْتَحْ لَهُ فَتْحاً يَسِيراً ، اللّٰهُمَّ وَأَعِزَّ بِهِ الدِّينَ بَعْدَ الْخُمُولِ ، وَأَطْلِعْ بِهِ الْحَقَّ بَعْدَ الْأُفُولِ ، وَأَجْلِ بِهِ الظُّلْمَةَ ، وَاكْشِفْ بِهِ الْغُمَّةَ . اللّٰهُمَّ وَآمِنْ بِهِ الْبِلادَ ، وَاهْدِ بِهِ الْعِبادَ ، اللّٰهُمَّ امْلَأْ بِهِ الْأَرْضَ عَدْلاً وَقِسْطاً كَما مُلِئَتْ ظُلْماً وَجَوْراً إِنَّكَ سَمِيعٌ مُجِيبٌ . السَّلامُ عَلَيْكَ يَا وَلِيَّ اللّٰهِ ، ائْذَنْ لِوَلِيِّكَ فِي الدُّخُولِ إِلَىٰ حَرَمِكَ ، صَلَواتُ اللّٰهِ عَلَيْكَ وَعَلَىٰ آبائِكَ الطَّاهِرِينَ وَرَحْمَةُ اللّٰهِ وَبَرَكاتُهُ.",
            "10": " اللّٰهُ أَكْبَرُ اللّٰهُ أَكْبَرُ اللّٰهُ أَكْبَرُ ، لَاإِلٰهَ إِلّا اللّٰهُ وَاللّٰهُ أَكْبَرُ وَ لِلّٰهِ الْحَمْدُ ، الْحَمْدُ لِلّٰهِ الَّذِي هَدانا لِهَذا وَعَرَّفَنا أَوْلِياءَهُ وَأَعْداءَهُ ، وَوَفَّقَنا لِزِيارَةِ أَئِمَّتِنا ، وَلَمْ يَجْعَلْنا مِنَ الْمُعانِدِينَ النَّاصِبِينَ ، وَلَا مِنَ الْغُلاةِ الْمُفَوِّضِينَ ، وَلَا مِنَ الْمُرْتابِينَ الْمُقَصِّرِينَ . ",
            "11": " السَّلامُ عَلَىٰ وَلِيِّ اللّٰهِ وَابْنِ أَوْلِيائِهِ ، السَّلامُ عَلَى الْمُدَّخَرِ لِكَرامَةِ أَوْلِياءِ اللّٰهِ وَبَوارِ أَعْدائِهِ ، السَّلامُ عَلَى النُّورِ الَّذِي أَرادَ أَهْلُ الْكُفْرِ إِطْفاءَهُ فَأَبَى اللّٰهُ إِلّا أَنْ يُتِمَّ نُورَهُ بِكُرْهِهِمْ ، وَأَيَّدَهُ بِالْحَيَاةِ حَتَّىٰ يُظْهِرَ عَلَىٰ يَدِهِ الْحَقَّ بِرَغْمِهِمْ ، أَشْهَدُ أَنَّ اللّٰهَ اصْطَفَاكَ صَغِيراً ، وَأَكْمَلَ لَكَ عُلُومَهُ كَبِيراً ، وَأَنَّكَ حَيٌّ لَا تَمُوتُ حَتّىٰ تُبْطِلَ الْجِبْتَ وَالطَّاغُوتَ؛ ",
            "12": " اللّٰهُمَّ صَلِّ عَلَيْهِ وَعَلَىٰ خُدَّامِهِ وَأَعْوانِهِ عَلَىٰ غَيْبَتِهِ وَنَأْيِهِ ، وَاسْتُرْهُ سَتْراً عَزِيزاً ، وَاجْعَلْ لَهُ مَعْقِلاً حَرِيزاً ، وَاشْدُدِ اللّٰهُمَّ وَطْأَتَكَ عَلَىٰ مُعانِدِيهِ ، وَاحْرُسْ مَوالِيَهُ وَزائِرِيهِ . اللّٰهُمَّ كَما جَعَلْتَ قَلْبِي بِذِكْرِهِ مَعْمُوراً ، فَاجْعَلْ سِلاحِي بِنُصْرَتِهِ مَشْهُوراً ، وَ إِنْ حالَ بَيْنِي وَبَيْنَ لِقائِهِ الْمَوْتُ الَّذِي جَعَلْتَهُ عَلَىٰ عِبادِكَ حَتْماً ، وَأَقْدَرْتَ بِهِ عَلَىٰ خَلِيقَتِكَ رَغْماً ، فَابْعَثْنِي عِنْدَ خُرُوجِهِ ظاهِراً مِنْ حُفْرَتِي مُؤْتَزِراً كَفَنِي حَتَّىٰ أُجاهِدَ بَيْنَ يَدَيْهِ فِي الصَّفِّ الَّذِي أَثْنَيْتَ عَلَىٰ أَهْلِهِ فِي كِتابِكَ فَقُلْتَ : ﴿كَأَنَّهُمْ بُنْيٰانٌ مَرْصُوصٌ﴾ . ",
            "13": " اللّٰهُمَّ طالَ الانْتِظارُ ، وَشَمِتَ مِنَّا الْفُجَّارُ ، وَصَعُبَ عَلَيْنَا الانْتِصارُ ، اللّٰهُمَّ أَرِنا وَجْهَ وَ لِيِّكَ الْمَيْمُون فِي حَياتِنا وَبَعْدَ الْمَنُونِ؛ اللّٰهُمَّ إِنِّي أَدِينُ لَكَ بِالرَّجْعَةِ بَيْنَ يَدَيْ صاحِبِ هٰذِهِ الْبُقْعَةِ ، الْغَوْثَ الْغَوْثَ الْغَوْثَ يَا صاحِبَ الزَّمانِ ، قَطَعْتُ فِي وُصْلَتِكَ الْخُلَّانَ ، وَهَجَرْتُ لِزِيارَتِكَ الْأَوْطانَ ، وَأَخْفَيْتُ أَمْرِي عَنْ أَهْلِ الْبُلْدانِ ، لِتَكُونَ شَفِيعاً عِنْدَ رَبِّكَ وَرَبِّي وَ إِلَىٰ آبائِكَ وَمَوالِيَّ فِي حُسْنِ التَّوْفِيقِ لِي ، وَإِسْباغِ النِّعْمَةِ عَلَيَّ ، وَسَوْقِ الْإِحْسانِ إِلَيَّ . ",
            "14": " اللّٰهُمَّ صَلِّ عَلَىٰ مُحَمَّدٍ وَآلِ مُحَمَّدٍ أَصْحابِ الْحَقِّ ، وَقادَةِ الْخَلْقِ ، وَاسْتَجِبْ مِنِّي مَا دَعَوْتُكَ ، وَأَعْطِنِي مَا لَمْ أَ نْطِقْ بِهِ فِي دُعائِي مِنْ صَلاحِ دِينِي وَدُنْيايَ ، إِنَّكَ حَمِيدٌ مَجِيدٌ ، وَصَلَّى اللّٰهُ عَلَىٰ مُحَمَّدٍ وَآلِهِ الطَّاهِرِينَ. ",
            "15": " اللّٰهُمَّ عَبْدُكَ الزَّائِرُ فِي فِناءِ وَلِيِّكَ الْمَزُورِ الَّذِي فَرَضْتَ طاعَتَهُ عَلَى الْعَبِيدِ وَالْأَحْرارِ، وَأَنْقَذْتَ بِهِ أَوْلِياءَكَ مِنْ عَذابِ النَّارِ ، اللّٰهُمَّ اجْعَلْها زِيارَةً مَقْبُولَةً ذاتَ دُعاءٍ مُسْتَجابٍ مِنْ مُصَدِّقٍ بِوَلِيِّكَ غَيْرِ مُرْتابٍ ، اللّٰهُمَّ لَاتَجْعَلْهُ آخِرَ الْعَهْدِ بِهِ وَلَا بِزِيارَتِهِ ، وَلَا تَقْطَعْ أَثَرِي مِنْ مَشْهَدِهِ وَزِيارَةِ أَبِيهِ وَجَدِّهِ ، ",
            "16": " اللّٰهُمَّ أَخْلِفْ عَلَيَّ نَفَقَتِي ، وَانْفَعْنِي بِما رَزَقْتَنِي فِي دُنْيايَ وَآخِرَتِي لِي وَلِإِخْوانِي وَأَبَوَيَّ وَجَمِيعِ عِتْرَتِي ، أَسْتَوْدِعُكَ اللّٰهَ أَيُّهَا الْإِمامُ الَّذِي يَفُوزُ بِهِ الْمُؤْمِنُونَ ، وَيَهْلِكُ عَلَىٰ يَدَيْهِ الْكافِرُونَ الْمُكَذِّبُونَ ، يَا مَوْلايَ يَا ابْنَ الْحَسَنِ بْنِ عَلِيٍّ ، جِئْتُكَ زائِراً لَكَ وَلِأَبِيكَ وَجَدِّكَ ، مُتَيَقِّناً الْفَوْزَ بِكُمْ ، مُعْتَقِداً إِمامَتَكُمْ . اللّٰهُمَّ اكْتُبْ هٰذِهِ الشَّهادَةَ وَالزِّيارَةَ لِي عِنْدَكَ فِي عِلِّيِّينَ ، وَبَلِّغْنِي بَلاغَ الصَّالِحِينَ ، وَانْفَعْنِي بِحُبِّهِمْ يَا رَبَّ الْعالَمِينَ. "
        },
        "farsi": {
            "1": "  سلام بر تو ای خلیفه خدا و خلیفه پدران راه یافته‌اش، سلام بر تو ای وصی جانشینان گذشته، سلام بر تو ای نگهبان رازهای پروردگار جهانیان، سلام بر تو ای باقیمانده خدا از زبده برگزیدگان، سلام بر تو ای فرزند نورهای درخشان، سلام بر تو ای فرزند پرچم‌های خوش‌نما، سلام بر تو ای فرزند عترت پاکیزه، سلام بر تو ای سرچشمه علوم نبوی،",
            "2": " سلام بر تو ای درگاه خدا که آمده نشود جز از آن، سلام بر تو ای راه خدا که هر که جز آن پیمود، هلاک شد، سلام بر تو ای نظرکننده به درخت طوبی و سدری المنتهی، سلام بر تو ای نور خدا که خاموش نگردد، سلام بر تو  ای حجّت خدا که پنهان نماند، سلام بر تو ای حجّت خدا بر هر که در زمین و آسمان است؛ سلام بر تو سلام کسی که تو را شناخته، به آن‌گونه که خدا تو را به آن شناسانده و تو را وصف کرد، به برخی اوصافت که تو سزاوار آنی و برتر از آنی. ",
            "3": " گواهی می‌دهم که تو حجّتی بر آنان‌که در گذشته‌اند و آنان‌که مانده‌اند و اینکه گروه تو گروه پیروز و دوستانت دوستان رستگار و دشمنانت زیانکارند و تو خزانه‌دار هر دانشی و گشاینده هر بسته‌ای و بپادارنده هر حقّی و باطل‌کننده هر باطلی، من به تو راضی شدم ای مولایم برای پیشوا بودن و راهنما و سرپرست و رهبری و دیگری را به جای تو نجویم و به غیر تو سرپرستی نگیرم،",
            "4": " گواهی می‌دهم که تویی آن حق ثابت که عیبی در آن نیست و وعده‌ی خدا درباره تو حقّ است و من به خاطر طول غیبت و درازای مدت، شک نمی‌کنم و با آنان‌که تو را نشناختند و به تو جهل ورزیدند، سرگردان نشوم، منتظر و متوقّع روزهای توأم و تویی شفاعت‌کننده‌ای که با تو نزاع نشود و سرپرستی که مزاحمتی برایت ایجاد نگردد، خدا تو را برای دین و عزّت مؤمنان و انتقام از منکران بیرون رفته از دین مهیا نمود؛ ",
            "5": "  گواهی می‌دهم که به وسیله ولایتت اعمال پذیرفته می‌شود و کردار پاک می‌گردد و خوبی‌ها چند برابر گردد و بدی‌ها از بین می‌رود، پس هرکه ولایتت را آورد و به امامتت اعتراف نمود، اعمالش پذیرفته شود و گفته‌هایش مورد تصدیق قرار گیرد و خوبی‌هایش چند برابر گردد و بدی‌هایش محو شود و هرکه از ولایتت منحرف شد و به شناختت جهل ورزید و تو را با دیگری عوض کرد خدا او را با صورتش به آتش دراندازد و عملی را از او نپذیرد و برای او در قیامت میزان سنجشی بر پا نکند، ",
            "6": " خدا و فرشتگان و تو را ای مولایم به این حقایق که ظاهرش مانند باطن آن و نهانش چون آشکار آن است، گواه می‌گیرم و تو بر این و بر آن گواهی و آن عهد من با تو و پیمانم نزد توست، زیرا تویی نظام دین و رئیس پرهیزگاران و عزّت یکتاپرستان و به همین معنا پروردگار جهانیان به من دستور داده، پس اگر روزگارها طولانی گردد و عمرها امتداد یابد، مرا نیفزاید درباره تو جز یقین و نسبت به تو جز محبت و بر تو جز توکل و اعتماد و برای ظهورت جز توقع و انتظار و برای جهادم در پیشگاهت چشم به راهی؛  پس جان و مال و فرزند و خاندانم و همه آنچه را خدا به من داده، پیش رویت و در مقابل امر و نهیت نثار می‌کنم، ",
            "7": " مولای من، اگر دوران درخشان و پرچم‌های روشنت را درک کنم پس من همان بنده دست به کار امر و نهی توأم که شهادت پیش رویت و کامیابی تو را به آن آرزو می‌کنم، مولای من اگر مرگ پیش از ظهور تو مرا دریابد، من به تو و پدران پاک تو به خدا متوسل می‌شوم و از او می‌خواهم که بر محمّد و خاندان محمد درود فرستد و برای من بازگشت دوباره به دنیا در زمان ظهورت و رجوعی در دورانت منت فرماید تا به خاطر طاعتت به مقصودم برسم و زخم قلبم را از دشمنانت شفا دهم، ",
            "8": " مولای من، برای زیارتت ایستاده‌ام، ایستادن خطاکاران، پشیمانان، بیمناکان، ترسیدگان از عذاب پروردگار جهانیان؛ و حال اینکه به شفاعتت اعتماد کرده‌ام و به دوستی و شفاعتت امیدوار شده‌ام، به خاطر محو شدن گناهانم و پرده‌پوشی عیب‌هایم و آمرزش لغزش‌هایم، پس برای دوستت ای مولای من، در مقام تحقق آرزویش یار باش و آمرزش لغزشش را از خدا بخواه که او به ریسمان محبّتت آویخته و به ولایتت تمسّک جسته و از دشمنانت بیزاری نموده. خدایا بر محمد و خاندانش درود فرست و آنچه را به ولی‌ات وعده داده‌ای وفا کن؛ خدایا سخنش را آشکار کن و دعوتش را والا گردان و بر دشمنش و دشمنت پیروز فرما، ای پروردگار جهانیان. ",
            "9": " خدایا درود فرست بر محمد و خاندان محمد و سخن کاملت و پنهان‌شده در زمینت آن بیمناک نگران را آشکار کن.\r\n خدایا او را یاری ده یاری نیرومند و بگشا برایش گشایشی آسان، خدایا دین را پس از گمنامی به وسیله او نیرومند گردان و حق را پس از غروب، به دست او طالع فرما و تاریکی را به وسیله او برطرف نما و سختی را به وسیله او برطرف کن، خدایا کشورها را به او ایمن گردان و بندگان را به وسیله او هدایت کن. خدایا پر کن زمین را به وجود او از عدل‌وداد، چنان‌که از ستم و بیداد پر شده که تو شنوا و پاسخ‌دهنده‌ای. سلام بر تو ای ولی خدا، به دوستت برای ورود به حرمت اجازه ده، درودها و رحمت و برکات خدا بر تو و پدران پاک تو. ",
            "10": " خدا بزرگ‌تر است، خدایا بزرگ‌تر است، خدا بزرگ‌تر است، معبودی جز خدا نیست و خدا بزرگ‌تر است و سپاس خاص خدا است، سپاس خدا را که ما را به سوی این حقیقت راهنمایی فرمود و دوستان و دشمنانش را به ما شناساند و ما را به زیارت امامانمان موفّق نمود و ما را از دشمنان و کینه‌ورزان و از غلوکنندگان و معتقدان به واگذاری همه امور هستی به اهل‌بیت و از شک‌داران و کوتاهی‌کنندگان در حق امامان قرار نداد.",
            "11": " سلام بر ولی خدا و فرزند اولیایش، سلام بر ذخیره الهی برای کرامت اولیای حق و تارومار نمودن دشمنان خدا، سلام بر نوری که اهل کفر خاموشی‌اش را خواستند، ولی خدا نخواست جز آنکه نورش را در عین ناخوش داشتن آنان کامل گرداند و آن را با زندگی طولانی تأیید کند تا حق را به دست او علی‌رغم دشمنان ظاهر نماید، گواهی می‌دهم که خدا تو را در خردسالی برگزید و علومش را برای تو در بزرگ‌سالی کامل کرد و تو زنده‌ای و نمی‌میری تا معبود ساختگی و سرکشان را از میان برداری؛ ",
            "12": " خدایا درود فرست بر او و بر خدمتکاران و یارانش، به گاه غیبت و دوری‌اش و او را بپوشان پوشاندنی نیرومند و برای او پناهگاه محکمی قرار ده و پایمالی و فشارت را خدا بر دشمنانش سخت گردان و دوستان و زائرانش را نگهبان باش، خدایا چنان‌که دلم را با یادش آباد قرار دادی، پس اسلحه‌ام را در جهت یاری‌اش برکشیده گردان و اگر مرگی که بر بندگانت حتم قرار دادی و با آن بر آفریده‌هایت علی‌رغم آنان قدرت نمایی کردی، بین من و دیدارش پرده گردد، پس مرا به هنگام ظهورش برانگیز تا از گورم سر برآورم، درحالی‌که کفن پوشیده‌ام، در پیش رویش به جهاد برخیزم، در صفی که در قرآنت، بر اهل آن ستایش نمودی و فرمودی: گویی آنان بنای استوارند.",
            "13": " خدایا انتظار ما طولانی شد و ناپاکان ما را شماتت کردند و به دست آوردن پیروزی بر ما سخت گشت. خدایا جمال بامیمنت ولی‌ات را در زنده بودنمان و پس از مرگ به ما بنمایان؛ خدایا به تو تسلیم می‌شوم به بازگشت پیش روی صاحب این بارگاه، فریاد، فریاد، فریاد، ای صاحب زمان در مسیر پیوند با تو، از دوستان صمیمی‌ام بریدم و برای زیارت تو، وطن‌ها را ترک کردم و کارهایم را از اهل شهرها پنهان نمودم تا تو شفیع باشی نزد پروردگارت و پروردگارم و پیش پدرانت و سرورانم، در خوبی توفیق برای من و فراوانی نعمت برایم و روان شدن احسان به سویم. ",
            "14": " خدایا بر محمّد و خاندان محمّد ملازمان حق و راهبران خلق درود فرست و آنچه از تو خواستم به اجابت رسان و آنچه در دعایم به زبان نیاوردم، از صلاح دین و دنیایم به من عطا کن، به درستی که تو ستوده و بزرگواری و درود خدا بر محمّد و خاندان پاکش باد.",
            "15": " خدایا بنده زائرت در درگاه ولی زیارت شده توست که اطاعت او را بر همگان از برده و آزاد واجب ساختی و دوستانت را به وسیله او از عذاب دوزخ نجات دادی، خدایا این زیارت را زیارتی پذیرفته قرار ده زیارتی با دعای مستجاب، از تصدیق‌کننده به ولی‌ات، تصدیقی بدون شک‌وتردید، خدایا آن را آخرین عهد و زیارت نسبت به او قرار مده و آمدنم را به زیارتگاه او زیارت پدر و جدّش را قطع مکن،",
            "16": " خدایا عوض آنچه در این مسیر خرج کردم به من عنایت کن و برای من سودبخش قرار ده آنچه در دنیا و آخرتم نصیب من کردی و نیز سودمند قرار ده برای برادرانم و پدر و مادرم و همه خانواده‌ام ، تو را به خدا می‌سپارم، ای امامی که به وسیله او اهل ایمان رستگار می‌شوند و به دست او کافران و تکذیب‌کنندگان به هلاکت می‌رسند، ای مولای من ای فرزند حسن بن علی، به جانب تو و پدر و جدّت برای زیارت آمدم، درحالی‌که به رستگاری به وسیله شما یقین دارم و به امامت شما معتقدم، خدایا این شهادت و این زیارت را برای من، نزد خودت در برترین جایگاه‌ها ثبت کن و مرا به آنجا که شایستگان رسیدند برسان و مرا به دوستی آنان منفعت بخش، ای پروردگار جهانیان. "
        },
        "tozih": {
            "1": "به نقل از کتاب‌های معتبر علما و آن اینکه بر درِ حرم آن حضرت بایست و بگو: ",
            "2": "",
            "3": "",
            "4": "",
            "5": "",
            "6": "",
            "7": "",
            "8": "",
            "9": "",
            "10": "آنگاه نزد سرداب غیبت آن حضرت برو و بین دو در بایست و درها را با دست خود بگیر و صدا را در سینه رفت و برگشت بده، همانند کسی که اجازه وارد شدن می‌خواهد و «بِسْمِ اللّٰه الرَّحْمنِ الرَّحِیمِ» بگو و به آرامی و با حضور قلب پایین برو و در فضای سرداب دو رکعت نماز بخوان، سپس بگو:",
            "11": "",
            "12": "",
            "13": "",
            "14": "",
            "15": "آنگاه وارد صفّه شو و دو رکعت نماز بخوان و بگو: ",
            "16": ""
        }
    }
}