{
    "219": {
        "number": 219,
        "bab": 3,
        "title": "صلوات بر امام زمان، حضرت مهدی(عج) ",
        "arabic": {
            "1": "اللّٰهُمَّ صَلِّ عَلَىٰ مُحَمَّدٍ وَأَهْلِ بَيْتِهِ ، وَصَلِّ عَلَىٰ وَلِيِّ الْحَسَنِ وَوَصِيِّهِ وَوارِثِهِ ، الْقائِمِ بِأَمْرِكَ ، وَالْغائِبِ فِي خَلْقِكَ ، وَالْمُنْتَظِرِ لِإِذْنِكَ ، اللّٰهُمَّ صَلِّ عَلَيْهِ ، وَقَرِّبْ بُعْدَهُ ، وَأَنْجِزْ وَعْدَهُ ، وَأَوْفِ عَهْدَهُ ، وَاكْشِفْ عَنْ بَأْسِهِ حِجابَ الْغَيْبَةِ ، وَأَظْهِرْ بِظُهُورِهِ صَحائِفَ الْمِحْنَةِ ، وَقَدِّمْ أَمامَهُ الرُّعْبَ ، وَثَبِّتْ بِهِ الْقَلْبَ ، وَأَقِمْ بِهِ الْحَرْبَ ، وَأَيِّدْهُ بِجُنْدٍ مِنَ الْمَلائِكَةِ مُسَوِّمِينَ ، وَسَلِّطْهُ عَلَىٰ أَعْداءِ دِينِكَ أَجْمَعِينَ ، وَأَلْهِمْهُ أَنْ لَايَدَعَ مِنْهُمْ رُكْناً إِلّا هَدَّهُ ، وَلَا هاماً  إِلّا قَدَّهُ  ، وَلَا كَيْداً إِلّا رَدَّهُ ، وَلَا فاسِقاً إِلّا حَدَّهُ؛",
            "2": "وَلَا فِرْعَوْناً إِلّا أَهْلَكَهُ ، وَلَا سِتْراً إِلّا هَتَكَهُ ، وَلَا عَلَماً إِلّا نَكَّسَهُ ، وَلَا سُلْطاناً إِلّا كَسَبَهُ ، وَلَا رُمْحاً إِلّا قَصَفَهُ ، وَلَا مِطْرَداً  إِلّا خَرَقَهُ ، وَلَا جُنْداً إِلّا فَرَّقَهُ ، وَلَا مِنْبَراً إِلّا أَحْرَقَهُ ، وَلَا سَيْفاً إِلّا كَسَرَهُ ، وَلَا صَنَماً إِلّا رَضَّهُ ، وَلَا دَماً إِلّا أَراقَهُ ، وَلَا جَوْراً إِلّا أَبادَهُ ، وَلَا حِصْناً إِلّا هَدَمَهُ ، وَلَا باباً إِلّا رَدَمَهُ ، وَلَا قَصْراً إِلّا خَرَّبَهُ  ، وَلَا مَسْكَناً إِلّا فَتَّشَهُ ، وَلَا سَهْلاً إِلّا أَوْطَأَهُ ، وَلَا جَبَلاً إِلّا صَعِدَهُ ، وَلَا كَنْزاً إِلّا أَخْرَجَهُ ، بِرَحْمَتِكَ يَا أَرْحَمَ الرَّاحِمِينَ."
        },
        "farsi": {
            "1": " خدایا بر محمد و اهل‌بیتش درود فرست و بر نماینده و جانشین و وارث حسن درود فرست، آن قیام‌کننده به فرمانت و پنهان در میان بندگانت و چشم‌انتظار اجازه‌ات، خدایا بر او درود فرست و دوری‌اش را نزدیک ساز و وعده‌اش را به انجام رسان و عهدش را وفا کن و از سطوتش پرده غیبت را برطرف فرما و به ظهورش اوراق محنت را پشت سر انداز و ترس در دل دشمنان را پیش رویش پیش انداز و دل را به او آرامش ده و جنگ با سرکشان را به او برپا کن و به لشگری از فرشتگان نشان‌دار تأییدش نما و بر تمام دشمنان دینت، چیره‌اش ساز و به او الهام کن که پایه‌ای از دشمنان را نگذارد جز اینکه درهم کوبد و سری را مگر دونیم کند و نیرنگی را مگر بازگرداند و بدکاری را مگر حدّ بزند؛ ",
            "2": " و فرعون مسلکی را مگر هلاک کند و پرده‌ای را مگر بدرد و پرچمی را مگر سرنگون نماید و قدرتی را مگر به دست گیرد و نیزه‌ای را مگر دونیم کند و زوبینی را مگر پاره کند و لشگری را مگر پراکنده سازد و منبری را مگر بسوزاند و شمشیری را مگر بشکند و بتی را مگر لگدکوب نماید و خونی را مگر بریزد و ستمی را مگر از میان بردارد و قلعه‌ای را مگر ویران کند و دری را مگر ببندد و کاخی را مگر خراب کند و مسکنی را مگر بازرسی نماید و زمین همواری را مگر زیر پا گذارد و کوهی را مگر بالا رود و گنجی را مگر بیرون آورد، به مهربانی‌ات ای مهربان‌ترین مهربانان. "
        },
        "tozih": {
            "1": "",
            "2": ""
        }
    }
}