{
    "220": {
        "number": 220,
        "bab": 3,
        "title": "زیارت چهارم امام زمان(عج)",
        "arabic": {
            "1": ""
        },
        "farsi": {
            "1": ""
        },
        "tozih": {
            "1": "زیارتی است که سید ابن طاوس نقل کرده و فرموده: زائر دو رکعت نماز بخواند و پس از آن بگوید: «سَلامُ اللّٰهِ الْکامِلُ التَّامُّ الشَّامِلُ..» تا آخر و ما این زیارت را در فصل هفتم از باب اول، به عنوان استغاثه به آن حضرت از کتاب «کلم طیب» نقل کردیم، به آنجا رجوع شود."
        }
    }
}