{
    "234": {
        "number": 234,
        "bab": 3,
        "title": "زیارت جامعه پنجم: زیارت رجبیه",
        "arabic": {
            "1": ""
        },
        "farsi": {
            "1": ""
        },
        "tozih": {
            "1": "\nزیارت «الْحَمْدُ للّٰهِ الَّذِی أشْهَدَنا مَشْهَدَ أوْلِیائِهِ فِی رَجَبٍ...» است که در اعمال ماه رجب ذکر شد."
        }
    }
}