{
    "240": {
        "number": 240,
        "bab": 3,
        "title": "صلوات بر امیرالمومنین حضرت علی(ع)",
        "arabic": {
            "1": "اللّٰهُمَّ صَلِّ عَلَىٰ أَمِيرِالْمُؤْمِنِينَ عَلِيِّ بْنِ أَبِي طالِبٍ أَخِي نَبِيِّكَ وَوَلِيِّهِ وَصَفِيِّهِ  وَوَزِيرِهِ ، وَمُسْتَوْدَعِ عِلْمِهِ ، وَمَوْضِعِ سِرِّهِ ، وَبابِ حِكْمَتِهِ ، وَالنَّاطِقِ بِحُجَّتِهِ ، وَالدَّاعِي إِلَىٰ شَرِيعَتِهِ ، وَخَلِيفَتِهِ فِي أُمَّتِهِ ، وَمُفَرِّجِ الْكَُرَْبِ عَنْ وَجْهِهِ ، قاصِمِ الْكَفَرَةِ ، وَمُرْغِمِ الْفَجَرَةِ ، الَّذِي جَعَلْتَهُ مِنْ نَبِيِّكَ بِمَنْزِلَةِ هَارُونَ مِنْ مُوسَىٰ . اللّٰهُمَّ وَالِ مَنْ والاهُ ، وَعادِ مَنْ عاداهُ ، وَانْصُرْ مَنْ نَصَرَهُ ، وَاخْذُلْ مَنْ خَذَلَهُ ، وَالْعَنْ مَنْ نَصَبَ لَهُ مِنَ الْأَوَّلِينَ وَالْآخِرِينَ ، وَصَلِّ عَلَيْهِ أَفْضَلَ مَا صَلَّيْتَ عَلَىٰ أَحَدٍ مِنْ أَوْصِياءِ أَنْبِيائِكَ يَا رَبَّ الْعالَمِينَ."
        },
        "farsi": {
            "1": "  خدایا بر امیرمؤمنان علی بن ابی‌طالب درود فرست، برادر پیامبرت و ولی و برگزیده‌اش و وزیر و جایگاه سپردن دانشش و موضع راز و درگاه حکمتش و گویای به حجّتش و دعوت‌کننده به شریعتش و جانشین او در امّتش و برطرف کننده رنج و اندوه از چهره‌اش و درهم شکننده کافران و به خاک مالنده بینی بدکاران، آن‌که او را نسبت به پیامبرت به منزله هارون از موسی قرار دادی. خدایا دوست بدار هرکه دوستش دارد و دشمن بدار هرکه دشمنش دارد و یاری کن هر که یاری‌اش نماید و خوار کن هرکه او را واگذارد و لعنت کن هرکه به دشمنی‌اش برخاست، از پیشینیان و پسینیان و بر او درود فرست برترین درودی که بر یکی از جانشینیان پیامبرت فرستادی، ای پروردگار جهانیان. "
        },
        "tozih": {
            "1": ""
        }
    }
}