{
    "241": {
        "number": 241,
        "bab": 3,
        "title": "صلوات بر سرور بانوان حضرت فاطمه زهراء(ع)",
        "arabic": {
            "1": "اللّٰهُمَّ صَلِّ عَلَى الصِّدِّيقَةِ فاطِمَةَ الزَّكِيَّةِ ، حَبِيبَةِ حَبِيبِكَ وَنَبِيِّكَ ، وَأُمِّ أَحِبَّائِكَ وَأَصْفِيائِكَ ، الَّتِي انْتَجَبْتَها وَفَضَّلْتَها وَاخْتَرْتَها عَلَىٰ نِساءِ الْعالَمِينَ . اللّٰهُمَّ كُنِ الطَّالِبَ لَها مِمَّنْ ظَلَمَها وَاسْتَخَفَّ بِحَقِّها ، وَكُنِ الثَّائِرَ اللّٰهُمَّ بِدَمِ أَوْلادِها . اللّٰهُمَّ وَكَما جَعَلْتَها أُمَّ أَئِمَّةِ الْهُدىٰ ، وَحَلِيلَةَ صاحِبِ اللَِّواءِ ، وَالْكَرِيمَةَ عِنْدَ الْمَلإِ الْأَعْلىٰ ، فَصَلِّ عَلَيْها وَعَلَىٰ أُمِّها صَلاةً تُكْرِمُ بِها وَجْهَ أَبِيها  مُحَمَّدٍ صَلَّى اللّٰهُ عَلَيْهِ وَآلِهِ وَتُقِرُّبِها أَعْيُنَ ذُرِّيَّتِها ، وَأَبْلِغْهُمْ عَنِّي فِي هٰذِهِ السَّاعَةِ أَفْضَلَ التَّحِيَّةِ وَالسَّلامِ."
        },
        "farsi": {
            "1": "  خدایا درود فرست، بر صدّیقه فاطمه زکیه، محبوبه‌ی حبیبت و پیامبرت و مادر دوستانت و برگزیدگانت که او را انتخاب نمودی و برتری دادی و برگزیدی، بر فراز بانوان جهانیان. خدایا از کسانی که به او ستم کردند و حق او را سبک شمردند، انتقامش را بگیر و خونخواه خون فرزندانش باش. خدایا همچنان که او را مادر امامان هدایت و همسر صاحب پرچم در قیامت و گرامی در انجمن والاتر قرار دادی، پس بر او و مادرش درود فرست، درودی که آبروی محمّد (درود خدا بر او و خاندانش) را به آن گرامی بداری و دیده‌ی فرزندانش را روشن کنی و برسان به ایشان از جانب من، در این ساعت برترین تحیت و سلام را. "
        },
        "tozih": {
            "1": ""
        }
    }
}