{
    "243": {
        "number": 243,
        "bab": 3,
        "title": "صلوات بر امام سجاد، حضرت زین‌العابدین(ع)",
        "arabic": {
            "1": "اللّٰهُمَّ صَلِّ عَلَىٰ عَلِيِّ بْنِ الْحُسَيْنِ سَيِّدِ الْعابِدِينَ الَّذِي اسْتَخْلَصْتَهُ لِنَفْسِكَ ، وَجَعَلْتَ مِنْهُ أَئِمَّةَ الْهُدَى الَّذِينَ يَهْدُونَ بِالْحَقِّ وَبِهِ يَعْدِلُونَ ، اخْتَرْتَهُ لِنَفْسِكَ ، وَطَهَّرْتَهُ مِنَ الرِّجْسِ وَاصْطَفَيْتَهُ وَجَعَلْتَهُ هادِياً مَهْدِيّاً . اللّٰهُمَّ فَصَلِّ عَلَيْهِ أَفْضَلَ مَا صَلَّيْتَ عَلَىٰ أَحَدٍ مِنْ ذُرِّيَّةِ أَنْبِيائِكَ حَتَّىٰ تَبْلُغَ بِهِ مَا تَقَرُّ بِهِ عَيْنُهُ فِي الدُّنْيا وَالْآخِرَةِ إِنَّكَ عَزِيزٌ حَكِيمٌ."
        },
        "farsi": {
            "1": " خدایا بر علی بن الحسین، سرور عبادت‌کنندگان درود فرست که او را برای خود برگزیدی و از نسل او امامان هدایت را قرار دادی، امامانی که به حق هدایت می‌کنند و به حق باز می‌گردند، او را برای خود انتخاب کردی و از پلیدی پاکش ساختی و برگزیدی و او را راهنما و راه یافته قرار دادی. پس بر او درود فرست، بهترین درودی که بر یکی از فرزندان پیامبرانت فرستادی تا او را به مقامی رسانی که دیده‌اش به آن در دنیا و آخرت روشن شود که تو عزیز و حکیمی. "
        },
        "tozih": {
            "1": ""
        }
    }
}