{
    "244": {
        "number": 244,
        "bab": 3,
        "title": "صلوات بر امام محمد باقر(ع)",
        "arabic": {
            "1": "اللّٰهُمَّ صَلِّ عَلَىٰ مُحَمَّدِ بْنِ عَلِيٍّ باقِرِ الْعِلْمِ ، وَ إِمامِ الْهُدىٰ ، وَقائِدِ أَهْلِ التَّقْوىٰ ، وَالْمُنْتَجَبِ مِنْ عِبادِكَ . اللّٰهُمَّ وَكَما جَعَلْتَهُ عَلَماً لِعِبادِكَ ، وَمَناراً لِبِلادِكَ ، وَمُسْتَوْدَعاً لِحِكْمَتِكَ ، وَمُتَرْجِماً لِوَحْيِكَ ، وَأَمَرْتَ بِطاعَتِهِ ، وَحَذَّرْتَ مِنْ مَعْصِيَتِهِ ، فَصَلِّ عَلَيْهِ يَا رَبِّ أَفْضَلَ مَا صَلَّيْتَ عَلَىٰ أَحَدٍ مِنْ ذُرِّيَّةِ أَنْبِيائِكَ وَأَصْفِيائِكَ وَرُسُلِكَ وَأُمَنائِكَ يَا رَبَّ الْعالَمِينَ."
        },
        "farsi": {
            "1": " خدایا درود فرست بر محمّد بن علی، شکافنده دانش و پیشوای هدایت و رهبر اهل تقوا و برگزیده از بندگانت.\r\nخدایا چنان‌که او را قرار دادی برای بندگانت نشانه و برای کشورهایت مشعل نور و محلّ سپردن حکمتت و تفسیرگر وحی‌ات و به فرمان بردن از او فرمان دادی و از نافرمانی‌اش برحذر داشتی، پس بر او درود فرست، ای پروردگار برترین درودی که بر یکی از فرزندان پیامبرانت و برگزیدگانت و رسولانت و امین‌هایت فرستادی، ای پروردگار جهانیان. "
        },
        "tozih": {
            "1": ""
        }
    }
}