{
    "245": {
        "number": 245,
        "bab": 3,
        "title": "صلوات بر امام جعفر صادق(ع)",
        "arabic": {
            "1": "اللّٰهُمَّ صَلِّ عَلَىٰ جَعْفَرِ بْنِ مُحَمَّدٍ الصَّادِقِ ، خازِنِ الْعِلْمِ ، الدَّاعِي إِلَيْكَ بِالْحَقِّ ، النُّورِ الْمُبِينِ . اللّٰهُمَّ وَكَما جَعَلْتَهُ مَعْدِنَ كَلامِكَ وَوَحْيِكَ ، وَخازِنَ عِلْمِكَ ، وَ لِسانَ تَوْحِيدِكَ ، وَوَلِيَّ أَمْرِكَ ، وَمُسْتَحْفِظَ دِينِكَ ، فَصَلِّ عَلَيْهِ أَفْضَلَ مَا صَلَّيْتَ عَلَىٰ أَحَدٍ مِنْ أَصْفِيائِكَ وَحُجَجِكَ إِنَّكَ حَمِيدٌ مَجِيدٌ."
        },
        "farsi": {
            "1": " خدایا درود فرست، بر جعفر بن محمدصادق، خزانه‌دار دانش، دعوت کننده به سوی تو بر پایه حق، آن نور آشکار؛ خدایا چنان‌که او را قرار دادی معدن کلامت و وحی‌ات و خزانه‌دار دانشت و زبان توحیدت و سرپرست فرمانت و نگه‌دارنده دینت، پس بر او درود فرست، بهترین درودی که بر یکی از برگزیدگانت و حجّت‌هایت فرستادی که تو ستوده و بزرگواری. "
        },
        "tozih": {
            "1": ""
        }
    }
}