{
    "247": {
        "number": 247,
        "bab": 3,
        "title": "صلوات بر امام هشتم، حضرت امام رضا(ع)",
        "arabic": {
            "1": "اللّٰهُمَّ صَلِّ عَلَىٰ عَلِيِّ بْنِ مُوسَى الَّذِي ارْتَضَيْتَهُ وَرَضَّيْتَ بِهِ مَنْ شِئْتَ مِنْ خَلْقِكَ . اللّٰهُمَّ وَكَمَا جَعَلْتَهُ حُجَّةً عَلَىٰ خَلْقِكَ ، وَقائِماً بِأَمْرِكَ ، وَناصِراً لِدِينِكَ ، وَشاهِداً عَلَىٰ عِبادِكَ ، وَكَمَا نَصَحَ لَهُمْ فِي السِّرِّ وَالْعَلانِيَةِ ، وَدَعا إِلَىٰ سَبِيلِكَ بِالْحِكْمَةِ وَالْمَوْعِظَةِ الْحَسَنَةِ ، فَصَلِّ عَلَيْهِ أَفْضَلَ مَا صَلَّيْتَ عَلَىٰ أَحَدٍ مِنْ أَوْلِيائِكَ وَخِيَرَتِكَ مِنْ خَلْقِكَ إِنَّكَ جَوادٌ كَرِيمٌ."
        },
        "farsi": {
            "1": "خدایا درود فرست بر علی بن موسی که او را پسندیدی و به وسیله او هرکه را از آفریدگانت خواستی، خشنود ساختی و همچنان ‌که او را قرار دادی، حجّت بر بندگانت و قیام‌کننده به فرمانت و یاور دینت و گواه بر بندگانت و چنان ‌که برای آنان، در نهان و آشکار خیرخواهی نمود و با حکمت و اندرز پسندیده، به راهت خواند، پس بر او درود فرست، برترین درودی که بر یکی از اولیایت و برگزیدگان از آفریدگانت فرستادی که تو بخشنده‌ی کریمی. "
        },
        "tozih": {
            "1": ""
        }
    }
}