{
    "248": {
        "number": 248,
        "bab": 3,
        "title": "صلوات بر امام جواد، حضرت امام محمد تقی(ع)",
        "arabic": {
            "1": "اللّٰهُمَّ صَلِّ عَلَىٰ مُحَمَّدِ بْنِ عَلِيِّ بْنِ مُوسَىٰ عَلَمِ التُّقىٰ ، وَنُورِ الْهُدَىٰ ، وَمَعْدِنِ الْوَفاءِ ، وَفَرْعِ الْأَزْكِياءِ ، وَخَلِيفَةِ الْأَوْصِياءِ ، وَأَمِينِكَ عَلَىٰ وَحْيِكَ . اللّٰهُمَّ فَكَما هَدَيْتَ بِهِ مِنَ الضَّلالَةِ ، وَاسْتَنْقَذْتَ بِهِ مِنَ الْحَيْرَةِ ، وَأَرْشَدْتَ بِهِ مَنِ اهْتَدىٰ ، وَزَكَّيْتَ بِهِ مَنْ تَزَكَّىٰ ، فَصَلِّ عَلَيْهِ أَفْضَلَ مَا صَلَّيْتَ عَلَىٰ أَحَدٍ مِنْ أَوْلِيائِكَ ، وَبَقِيَّةِ أَوْصِيائِكَ ، إِنَّكَ عَزِيزٌ حَكِيمٌ. "
        },
        "farsi": {
            "1": " خدایا درود فرست بر محمّد بن علی بن موسی، نشانه تقوا و نور هدایت و معدن وفا و نژاد پاکان و جانشین اوصیا و امین تو بر وحی. خدایا چنان‌که به وسیله او مردم را از گمراهی به عرصه هدایت آوردی و از سرگردانی رهایی بخشیدی و به وجود او راهنمایی کردی هرکه را که هدایت یافت و تربیت نمودی هرکه را که تربیت شد، پس بر او درود فرست، برترین درودی که بر یکی از اولیایت و باقیمانده اوصیایت فرستادی، به درستی که تو عزیز حکیمی."
        },
        "tozih": {
            "1": ""
        }
    }
}