{
    "255": {
        "number": 255,
        "bab": 3,
        "title": "كيفيت زيارت پيامبران(ع)",
        "arabic": {
            "1": ""
        },
        "farsi": {
            "1": ""
        },
        "tozih": {
            "1": " در اخبار، زیارت ویژه‌ای برای این بزرگواران به نظر نرسیده مگر زیارت آدم(علیه‌السلام) و نوح (علیه‌السلام) که در باب زیارت حضرت امیرمؤمنان(علیه‌السلام) گذشت، ولی از روایت «زیارت جامعه» که ما آن را اول زیارات جامعه قرار دادیم، استفاده می‌شود که پیامبران هم به آن زیارت می‌شوند. شاهد بر این مطلب آن که شیخ بزرگوار محمد بن مشهدی در کتاب «مزار» و سید اجلّ علی ابن طاووس در کتاب «مصباح الزائر» و غیر ایشان رضوان الله علیهم در آداب ورود به کوفه، همین زیارت شریفه را برای مشهد حضرت یونس ذکر کرده‌اند؛ و گمان آن است که نقل زیارت مذکور توسط ایشان، از مفهوم عامّ روایت استفاده شده.\n\nدر هر صورت، اگر کسی آن زیارت جامعه را در آرامگاه‌های شریف پیامبران بخواند مناسب است و چون زیارت در صفحات گذشته ذکر شد، نیازمند به نقل آن در اینجا نیستیم، هرکه می‌خواهد، به «زیارت اول زیارات جامعه» مراجعه کند و از فیض عظیم آن، خود را بهره‌مند سازد. "
        }
    }
}