{
    "257": {
        "number": 257,
        "bab": 3,
        "title": "فضیلت زیارت امام زادگان",
        "arabic": {
            "1": ""
        },
        "farsi": {
            "1": ""
        },
        "tozih": {
            "1": " در زیارت امامزادگان عظام که قبورشان محلّ فیوضات و برکات و موضع نزول رحمت و عنایات الهیه است و علمای اعلام به استحباب زیارت قبور ایشان تصریح فرموده‌اند؛ و بحمد الله تعالی در اکثر شهرهای شیعه قبورشان موجود، بلکه در روستاها و بیابان‌ها و اطراف کوه‌ها و درّه‌ها، پیوسته پناهگاه درماندگان و مأوای واماندگان و پناه ستمدیدگان و موجب تسلّی دل‌های پژمردگان بوده است و تا روز قیامت خواهد بود و از بسیاری از ایشان کرامات و خوارق عادات مشاهده شده. "
        }
    }
}