{
    "260": {
        "number": 260,
        "bab": 3,
        "title": "فضیلت و کیفیت زیارت حضرت عبدالعظیم(ع) در شهر ری",
        "arabic": {
            "1": "يَا أَبَا الْقَاسِمِ، هَذَا وَ اللَّهِ دِينُ اللَّهِ الَّذِي ارْتَضَاهُ لِعِبَادِهِ، فَاثْبُتْ عَلَيْهِ، ثَبَّتَكَ اللَّهُ بِالْقَوْلِ الثَّابِتِ فِي الدُّنْيَا وَ الْآخِرَةِ.",
            "2": "السَّلامُ عَلَىٰ آدَمَ صَِفْوَةِ اللّٰهِ ، السَّلامُ عَلَىٰ نُوحٍ نَبِيِّ اللّٰهِ ، السَّلامُ عَلَىٰ إِبْراهِيمَ خَلِيلِ اللّٰهِ ، السَّلامُ عَلَىٰ مُوسَى كَلِيمِ اللّٰهِ ، السَّلامُ عَلَىٰ عِيسَىٰ رُوحِ اللّٰهِ ، السَّلامُ عَلَيْكَ يَا رَسُولَ اللّٰهِ ، السَّلامُ عَلَيْكَ يَا خَيْرَ خَلْقِ اللّٰهِ ، السَّلامُ عَلَيْكَ يَا صَفِيَّ اللّٰهِ ، السَّلامُ عَلَيْكَ يَا مُحَمَّدَ بْنَ عَبْدِ اللّٰهِ خاتَمَ النَّبِيِّينَ ، ",
            "3": "السَّلامُ عَلَيْكَ يَا أَمِيرَ الْمُؤْمِنِينَ عَلِيَّ بْنَ أَبِي طالِبٍ وَصِيَّ رَسُولِ اللّٰهِ ، السَّلامُ عَلَيْكِ يَا فاطِمَةُ سَيِّدَةَ نِساءِ الْعالَمِينَ ، السَّلامُ عَلَيْكُما يَا سِبْطَيِ الرَّحْمَةِ وَسَيِّدَيْ شَبابِ أَهْلِ الْجَنَّةِ ، السَّلامُ عَلَيْكَ يَا عَلِيَّ بْنَ الْحُسَيْنِ سَيِّدَ الْعابِدِينَ وَقُرَّةَ عَيْنِ النَّاظِرِينَ ، السَّلامُ عَلَيْكَ يَا مُحَمَّدَ بْنَ عَلِيٍّ باقِرَ الْعِلْمِ بَعْدَ النَّبِيِّ، السَّلامُ عَلَيْكَ يَا جَعْفَرَ بْنَ مُحَمَّدٍ الصَّادِقَ الْبارَّ الْأَمِينَ؛",
            "4": "السَّلامُ عَلَيْكَ يَا مُوسَى بْنَ جَعْفَرٍ الطَّاهِرَ الْطُّهْرَ ، السَّلامُ عَلَيْكَ يَا عَلِيَّ بْنَ مُوسَى الرِّضَا الْمُرْتَضىٰ ، السَّلامُ عَلَيْكَ يَا مُحَمَّدَ بْنَ عَلِيٍّ التَّقِيَّ ، السَّلامُ عَلَيْكَ يَا عَلِيَّ بْنَ مُحَمَّدٍ النَّقِيَّ النَّاصِحَ الْأَمِينَ ، السَّلامُ عَلَيْكَ يَا حَسَنَ بْنَ عَلِيٍّ ، السَّلامُ عَلَى الْوَصِيِّ مِنْ بَعْدِهِ . ",
            "5": "اللّٰهُمَّ صَلِّ عَلَىٰ نُورِكَ وَسِراجِكَ ، وَوَلِيِّ وَ لِيِّكَ ، وَوَصِيِّ وَصِيِّكَ ، وَحُجَّتِكَ عَلَىٰ خَلْقِكَ . السَّلامُ عَلَيْكَ أَيُّهَا السَّيِّدُ الزَّكِيُّ وَالطَّاهِرُ الصَّفِيُّ ، السَّلامُ عَلَيْكَ يَا ابْنَ السَّادَةِ الْأَطْهارِ ، السَّلامُ عَلَيْكَ يَا ابْنَ الْمُصْطَفَيْنَ الْأَخْيارِ ، السَّلامُ عَلَىٰ رَسُولِ اللّٰهِ وَعَلَىٰ ذُرِّيَّةِ رَسُولِ اللّٰهِ وَرَحْمَةُ اللّٰهِ وَبَرَكاتُهُ؛ السَّلامُ عَلَى الْعَبْدِ الصَّالِحِ الْمُطِيعِ لِلّٰهِ رَبِّ الْعالَمِينَ وَ لِرَسُولِهِ وَلِأَمِيرِ الْمُؤْمِنِينَ ،",
            "6": "السَّلامُ عَلَيْكَ يَا أَبَا الْقاسِمِ ابْنَ السِّبْطِ الْمُنْتَجَبِ الْمُجْتَبَىٰ ، السَّلامُ عَلَيْكَ يَا مَنْ بِزِيارَتِهِ ثَوابُ زِيارَةِ سَيِّدِ الشُّهَداءِ يُرْتَجىٰ ، السَّلامُ عَلَيْكَ عَرَّفَ اللّٰهُ بَيْنَنا وَبَيْنَكُمْ فِي الْجَنَّةِ ، وَحَشَرَنا فِي زُمْرَتِكُمْ ، وَأَوْرَدَنا حَوْضَ نَبِيِّكُمْ ، وَسَقَانا بِكَأْسِ جَدِّكُمْ مِنْ يَدِ عَلِيِّ بْنِ أَبِي طالِبٍ صَلَواتُ اللّٰهِ عَلَيكُمْ ، أَسْأَلُ اللّٰهَ أَنْ يُرِيَنا فِيكُمُ السُّرُورَ وَالْفَرَجَ ، وَأَنْ يَجْمَعَنا وَ إِيَّاكُمْ فِي زُمْرَةِ جَدِّكُمْ مُحَمَّدٍ صَلَّى اللّٰهُ عَلَيْهِ وَآلِهِ ، وَأَنْ لَا يَسْلُبَنا مَعْرِفَتَكُمْ إِنَّهُ وَلِيٌّ قَدِيرٌ؛",
            "7": "أَتَقَرَّبُ إِلَى اللّٰهِ بِحُبِّكُمْ ، وَالْبَراءَةِ مِنْ أَعْدائِكُمْ ، وَالتَّسْلِيمِ إِلَى اللّٰهِ راضِياً بِهِ غَيْرَ مُنْكِرٍ وَلَا مُسْتَكْبِرٍ وَعَلَىٰ يَقِينِ مَا أَتىٰ بِهِ مُحَمَّدٌ نَطْلُبُ بِذٰلِكَ وَجْهَكَ يَا سَيِّدِي اللّٰهُمَّ وَرِضاكَ وَالدَّارَ الْآخِرَةَ ، يَا سَيِّدِي وَابْنَ سَيِّدِي اشْفَعْ لِي فِي الْجَنَّةِ فَإِنَّ لَكَ عِنْدَ اللّٰهِ شَأْناً مِنَ الشَّأْنِ . ",
            "8": "اللّٰهُمَّ إِنِّي أَسْأَلُكَ أَنْ تَخْتِمَ لِي بِالسَّعادَةِ فَلَا تَسْلُبْ مِنِّي مَا أَنَا فِيهِ ، وَلَا حَوْلَ وَلَا قُوَّةَ إِلّا بِاللّٰهِ الْعَلِيِّ الْعَظِيمِ . اللّٰهُمَّ اسْتَجِبْ لَنا وَتَقَبَّلْهُ بِكَرَمِكَ وَعِزَّتِكَ وَبِرَحْمَتِكَ وَعافِيَتِكَ ، وَصَلَّى اللّٰهُ عَلَىٰ مُحَمَّدٍ وَآلِهِ أَجْمَعِينَ وَسَلَّمَ تَسْلِيماً يَا أَرْحَمَ الرَّاحِمِينَ."
        },
        "farsi": {
            "1": " ای ابا القاسم، این است به خدا قسم دین خدا که برای بندگانش پسندیده، پس بر آن پایدار باش، خدا تو را در دنیا و آخرت بر گفتار پایدار، پاینده بدارد. ",
            "2": "  سلام بر آدم برگزیده خدا، سلام بر نوح پیامبر خدا، سلام بر ابراهیم دوست خدا، سلام بر موسی هم‌سخن خدا، سلام بر عیسی روح خدا، سلام بر تو ای رسول خدا، سلام بر تو ای بهترین خلق خدا، سلام بر تو ای برگزیده خدا، سلام بر تو ای محمّد بن عبدالله خاتم پیامبران، ",
            "3": " سلام بر تو ای امیرمؤمنان علی بن ابی‌طالب جانشین رسول خدا، سلام بر تو ای فاطمه سرور بانوان جهانیان، سلام بر شما ای دو فرزندزاده پیامبر رحمت و دو سرور جوانان اهل بهشت، سلام بر تو ای علی بن الحسین سرور عبادت‌کنندگان و نور چشم بینندگان، سلام بر تو ای محمد بن علی، شکافنده دانش، پس از پیامبر، سلام بر تو ای جعفر بن محمد راستگوی نیکوکار امین؛ ",
            "4": " سلام بر تو ای موسی بن جعفر، پاک و پاکیزه، سلام بر تو ای علی بن موسی‌الرضا، امام پسندیده، سلام بر تو ای محمد بن علی پرهیزگار، سلام بر تو ای علی بن محمد النّقی، خیرخواه امین، سلام بر تو ای حسن بن علی، سلام بر جانشین پس از او، ",
            "5": " پروردگارا درود فرست بر نورت و چراغت و نماینده نماینده‌ات و جانشین جانشینت و حجّتت بر آفریدگانت، سلام بر تو ای سرور پاکیزه و پاک و برگزیده، سلام بر تو ای فرزند سروران پاک، سلام بر تو ای فرزند برگزیدگان و خوبان، سلام و رحمت و برکات خدا بر رسول خدا و بر فرزندان رسول خدا؛ سلام بر بنده شایسته‌ی فرمانبردار پروردگار جهانیان و پیرو رسول او و امیرمؤمنان،",
            "6": "  سلام بر تو ای ابا القاسم فرزند سبط نجیب برگزیده، سلام بر تو ای کسی که به زیارتش، ثواب زیارت سیدالشهدا امید می‌رود، سلام بر تو، خدا میان ما و شما در بهشت، شناسایی برقرار کند و در گروهتان محشور فرماید و به حوض پیامبرتان وارد سازد و به ما با جام جدّتان از دست علی بن ابیطالب بنوشاند، درود خدا بر شما، از خدا می‌خواهم که به ما درباره شما، خوشحالی و گشایش بنمایاند و ما و شما را در گروه جدّتان محمد درود خدا بر او و خاندانش گرد آورد و معرفت شما را از ما باز نگیرد، به درستی که او سرپرست توانایی است؛ ",
            "7": " من با دوستی شما و بیزاری از دشمنانتان و تسلیم بودن به خدا، تقرّب به خدا می‌جویم، با خشنود بودن به آن، بدون انکار و تکبّر و به یقین به آنچه محمّد آن را آورده، به این امر و خاطر تو را می‌جویم ای سرور من، خدایا خشنودی تو و خانه آخرت را می‌خواهم، ای سرور من و فرزند سرور من، برایم درباره بهشت شفاعت کن، زیرا برای تو نزد خدا مقامی از مقامات والا است.",
            "8": " خدایا از تو می‌خواهم که سرانجام کارم را به خوشبختی ختم کنی و آنچه را در آنم از دستم نگیری، جنبش و نیرویی جز به خدای والای بزرگ نیست. خدایا برای ما اجابت کن و آن را به کرم و عزّتت و رحمت و عافیتت بپذیر و درود خدا بر محمّد و همه خاندان او و بر آنان سلام باد، سلامی کامل، ای مهربان‌ترین مهربانان. "
        },
        "tozih": {
            "1": " شیخ ثقة جلیل‌القدر، جعفر بن قولویه قمی، از عمرو بن عثمان رازی روایت کرده که گفت: از حضرت موسی بن جعفر(علیه‌السلام) شنیدم که می‌فرمود: هرکه بر زیارت ما قادر نباشد، پس زیارت کند صالحان از دوستان ما را تا ثواب زیارت ما برای او نوشته شود و کسی که بر صله و نیکی به ما ناتوان باشد، با صالحان از دوستان ما از در صله و نیکی برآید تا برای او ثواب صله و نیکی به ما نوشته شود.\n\nو نیز به سند صحیح از محمد بن احمد بن یحیی الاشعری روایت کرده است: که من در فید [جایی است در راه مکه] با علی بن بلال به جانب قبر محمّد بن اسماعیل بن بزیع روانه شدیم، علی بن بلال به من گفت: صاحب این قبر برای من، از حضرت رضا(علیه‌السلام) روایت کرد: هرکه به نزد قبر برادر مؤمن خود بیاید و دست بر قبر گذارد و «هفت بار» سوره «قدر» را بخواند، در روز فزع اکبر [یعنی ترس بزرگ روز قیامت] ایمن شود و در روایت دیگری مانند همین مطلب را نقل کرده، جز آنکه در آن آمده: رو به قبله کند.\n\nفقیر گوید: این ایمن بودن که روایت بر آن دلالت دارد، ممکن است برای خواننده باشد، چنانکه ظاهر حدیث چنین است و احتمال دارد برای صاحب قبر باشد، چنانکه آن را تأیید می‌کند حدیثی که بعد از این از سید ابن طاووس نقل می‌شود.\n\nو نیز در «کامل الزیارات» به سند معتبر نقل‌شده: عبدالرحمن بن ابی‌عبدالله، به حضرت صادق(علیه‌السلام) عرضه داشت: چگونه دست خود را بر قبور مسلمانان بگذارم؟ پس حضرت با دست خود اشاره به زمین فرمود و دست را بر زمین نهاد در حالی که مقابل قبله بودند؛\n\nو نیز به سند صحیح روایت شده است: که عبدالله بن سنان به حضرت امام صادق(علیه‌السلام) عرض کرد، چگونه باید بر اهل قبور سلام کرد؟ فرمود: می‌گویی: ",
            "2": " و از حضرت حسین(علیه‌السلام) روایت شده: هرکه وارد قبرستان شود و بگوید: ",
            "3": " حق‌تعالی برای او به عدد خلق، از زمان آدم تا قیام قیامت، حسنات بنویسد؛\n\nو از امیرمؤمنان روایت شده است: هرکه وارد قبرستان شود و بگوید: ",
            "4": " حق سبحانه و تعالی ثواب پنجاه سال عبادت را برای او بنویسد و گناه پنجاه ساله را از او و پدر و مادرش محو نماید.\n\nو در روایت دیگری وارد شده است: بهتر سخنی که در قبرستان بگویی، وقتی که از آنجا بگذری، این است که بایستی و بگویی: ",
            "5": "سید ابن طاووس در «مصباح الزائر» گفته: چون زیارت اهل ایمان را قصد کنی، شایسته است روز پنجشنبه باشد وگرنه هر وقت که خواستی و کیفیت زیارت ایشان چنین است که رو به جانب قبله نمایی و دست خود را بر قبر گذاری و بگویی: ",
            "6": "سپس سوره «قدر» را «هفت بار» می‌خوانی.\n\nو در صفت زیارتشان و ثواب آن، حدیث دیگری از فضیل روایت شده است: که هرکه سوره «قدر» را «هفت بار» نزد قبر مؤمنی بخواند، حق‌تعالی فرشته‌ای به سوی قبر او بفرستد که خدا را نزد قبر او عبادت کند و حق‌تعالی ثواب عمل این فرشته را برای آن مرده بنویسد، پس زمانی که از قبرش برانگیخته شود، به هیچ هراسی از هراس‌های قیامت نگذرد، جز آنکه خدا آن هراس را به سبب آن فرشته از او بگرداند تا خدا او را وارد بهشت سازد و با «هفت بار» «قدر»، سوره «حَمد» و «فلق» و «ناس» و «توحید» و «آیت‌الکرسی» را هر کدام «سه بار» بخواند.\n\nو نیز در صفت زیارت آن‌ها، روایت دیگری از محمد بن مسلم روایت شده که گفت: خدمت حضرت صادق(علیه‌السلام) عرض کردم: مردگان را زیارت کنیم؟ فرمود: آری، گفتم: آیا آن‌ها می‌دانند که ما به زیارتشان رفته‌ایم؟ فرمود: آری به خدا قسم می‌دانند و شاد می‌شوند و به شما انس می‌گیرند، عرض کردم: وقتی به زیارتشان می‌رویم چه بگوییم؟ فرمود: بگو: ",
            "7": " سید ابن طاووس فرموده است: وقتی که بین قبرهای مؤمنان می‌باشی، «یازده مرتبه» «توحید» بخوان و آن را برای ایشان هدیه کن، به تحقیق روایت شده: که خدا به خواننده آن به عدد مردگان ثواب می‌دهد.\n\nدر کتاب «کامل الزیارات» از حضرت صادق(علیه‌السلام) روایت شده: چون مردگان را پیش از طلوع آفتاب زیارت کنید می‌شنوند و به شما پاسخ می‌دهند و اگر پس از طلوع آفتاب زیارت کنید، می‌شنوند و پاسخ نمی‌دهند.\n\nدر کتاب «دعوات» راوندی حدیثی در کراهت زیارت مردگان در شب، از حضرت رسول(صلی‌الله‌علیه‌وآله) روایت شده، چنان که به حضرت ابوذر فرمود: «وَ لا تَزُرْهُمْ أَحْیَانا بِاللَّیْلِ؛ آنان را احیاناً در شب زیارت مکن».\n\nدر مجموعه‌ی شیخ شهید از حضرت رسول(صلی‌الله‌علیه‌وآله) روایت شده است: که‌ هیچ‌کس نزد قبر مرده‌ای سه مرتبه نمی‌گوید:",
            "8": " مگر اینکه‌ خدای تعالی عذاب را در روز قیامت، از او دور گرداند.\n\nاز کتاب «جامع الاخبار» نقل‌شده: بعضی از صحابه، از حضرت رسول(صلی‌الله‌علیه‌وآله) نقل کرده‌اند: که آن حضرت فرمود: برای اموات خود هدیه بفرستید، پرسیدیم: هدیه برای اموات چیست؟ فرمود: صدقه و دعا.\n\nو فرمود: هر جمعه ارواح مؤمنان به آسمان دنیا می‌آیند و در برابر خانه‌ها و منازل خود قرار می‌گیرند و هر یک از ایشان به آواز حزین با گریه فریاد می‌کنند: ای اهل من و اولاد من، ای پدر و مادر من، ای خویشان من، به ما به آنچه در دنیا در دست ما بود مهربانی کنید، عذاب و حساب آن بر ما و سودش برای غیر ماست و هر یک خویشان خود را فریاد می‌کنند: به ما مهربانی کنید به درهمی یا قرص نانی یا جامه‌ای که خداوند شما را از جامه‌ی بهشت بپوشاند. پس رسول خدا(صلی‌الله‌علیه‌وآله) گریه کرد و ما گریه کردیم و آن حضرت از زیادی گریستن قدرت بر سخن گفتن نداشت، آنگاه فرمود: اینان برادران دینی شمایند که پس از شادی و نعمت، تبدیل به خاک پوسیده شده‌اند، اینان به عذاب و هلاکت بر جان‌های خود فریاد می‌کنند و می‌گویند: وای بر ما، اگر آنچه در دست ما بود در طاعت و رضای خدا انفاق می‌کردیم، نیازمند به شما نبودیم، پس با حسرت و پشیمانی باز می‌گردند و فریاد می‌زنند، صدقه مردگان را زود بفرستید.\n\nو نیز از آن حضرت روایت کرده: هر صدقه‌ای که برای میت داده می‌شود، فرشته‌ای آن را در طبقی می‌گیرد که شعاع آن درخشان است و به هفت آسمان می‌رسد، پس لب قبر می‌ایستد و فریاد می‌کند: «اَلسَّلامُ عَلَیکم یا اَهلَ القُبورِ، اهل‌ شما این هدیه را به سوی شما فرستادند»، پس میت آن را می‌گیرد و وارد قبر خود می‌کند و خوابگاهش با آن گسترده می‌شود. سپس فرمود: هرکس میت را با دادن صدقه مهربانی کند، برای اوست نزد خدا از پاداش، مانند کوه احد و روز قیامت در سایه عرش خدا می‌باشد، روزی که سایه‌ای جز سایه عرش خدا نیست؛ زنده و مرده به این صدقه نجات می‌یابند.\n\nحکایت شده: امیر خراسان را در خواب دیدند که می‌گفت: برای من آنچه را که برای سگان خود می‌اندازید بفرستید که به آن نیازمندم. "
        }
    }
}