{
    "261": {
        "number": 261,
        "bab": 3,
        "title": "زیارت حضرت امام ‌زاده حمزه(ع) در شهر ری",
        "arabic": {
            "1": ""
        },
        "farsi": {
            "1": ""
        },
        "tozih": {
            "1": " فخر المحققین فرموده: در پاره‌ای از اخبار ذکر شده که امام‌زاده عبدالعظیم، در هنگام توقّف در شهرری، به طور پنهان از منزل بیرون می‌آمد و قبری که برابر قبر او به فاصله یک راهرو قرار دارد، زیارت می‌کرد و می‌فرمود: این قبر مردی از فرزندان موسی بن جعفر(علیه‌السلام) است و اکنون قبری در آنجاست، منسوب به امام‌زاده حمزه، فرزند موسی بن جعفر(علیه‌السلام) و ظاهراً همان قبری است که امام‌زاده عبدالعظیم آن را زیارت می‌نمود.\n\nان‌شاء‌الله او را هم باید زیارت کرد و در زیارتش، «همین زیارت» [حضرت عبدالعظیم] را تا «الْمُطِیعِ لِلَّهِ رَبِّ الْعَالَمِینَ وَ لِرَسُولِهِ وَ لِأَمِیرِ الْمُؤْمِنِینَ» می‌توان خواند و دنباله زیارت را که خاص حضرت عبدالعظیم است نباید خواند، پایان سخن فخرالمحققّین."
        }
    }
}