{
    "29": {
        "number": 29,
        "bab": 3,
        "title": "زیارت حضرت رسول خدا(ص) از راه دور",
        "arabic": {
            "1": "أَشْهَدُ أَنْ لَاإِلٰهَ إِلّا اللّٰهُ وَحْدَهُ لَاشَرِيكَ لَهُ ، وَأَشْهَدُ أَنَّ مُحَمَّداً عَبْدُهُ وَرَسُولُهُ ، وَأَنَّهُ سَيِّدُ الْأَوَّلِينَ وَالْآخِرِينَ ، وَأَنَّهُ سَيِّدُ الْأَنْبِياءِ وَالْمُرْسَلِينَ . اللّٰهُمَّ صَلِّ عَلَيْهِ وَعَلَىٰ أَهْلِ بَيْتِهِ الْأَئِمَةِ الطَّيِّبِينَ.",
            "2": "السَّلامُ عَلَيْكَ يَا رَسُولَ اللّٰهِ ، السَّلامُ عَلَيْكَ يَا خَلِيلَ اللّٰهِ ، السَّلامُ عَلَيْكَ يَا نَبِيَّ اللّٰهِ ، السَّلامُ عَلَيْكَ يَا صَفِيَّ اللّٰهِ ، السَّلامُ عَلَيْكَ يَا رَحْمَةَ اللّٰهِ ، السَّلامُ عَلَيْكَ يَا خِيَرَةَ اللّٰهِ ، السَّلامُ عَلَيْكَ يَا حَبِيبَ اللّٰهِ ، السَّلامُ عَلَيْكَ يَا نَجِيبَ اللّٰهِ ، السَّلامُ عَلَيْكَ يَا خاتَِمَ النَّبِيِّينَ ، السَّلامُ عَلَيْكَ يَا سَيِّدَ الْمُرْسَلِينَ ، السَّلامُ عَلَيْكَ يَا قائِماً بِالْقِسْطِ ، السَّلامُ عَلَيْكَ يَا فَاتِحَ الْخَيْرِ ، السَّلامُ عَلَيْكَ يَا مَعْدِنَ الْوَحْيِ وَالتَّنْزِيلِ ، السَّلامُ عَلَيْكَ يَا مُبَلِّغاً عَنِ اللّٰهِ ، السَّلامُ عَلَيْكَ أَ يُّهَا السِّراجُ الْمُنِيرُ؛",
            "3": "السَّلامُ عَلَيْكَ يَا مُبَشِّرُ ، السَّلامُ عَلَيْكَ يَا نَذِيرُ ، السَّلامُ عَلَيْكَ يَا مُنْذِرُ ، السَّلامُ عَلَيْكَ يَا نُورَ اللّٰهِ الَّذِي يُسْتَضاءُ بِهِ ، السَّلامُ عَلَيْكَ وَعَلَىٰ أَهْلِ بَيْتِكَ الطَّيِّبِينَ الطَّاهِرِينَ الْهادِينَ الْمَهْدِيِّينَ ، السَّلامُ عَلَيْكَ وَعَلَىٰ جَدِّكَ عَبْدِ الْمُطَّلِبِ ، وَعَلَىٰ أَبِيكَ عَبْدِ اللّٰهِ ، السَّلامُ عَلَىٰ أُمِّكَ آمِنَةَ بِنْتِ وَهَبٍ ، السَّلامُ عَلَىٰ عَمِّكَ حَمْزَةَ سَيِّدِ الشُّهَداءِ ، السَّلامُ عَلَىٰ عَمِّكَ الْعَبَّاسِ بْنِ عَبْدِ الْمُطَّلِبِ ، السَّلامُ عَلَىٰ عَمِّكَ وَكَفِيلِكَ أَبِي طَالِبٍ ، السَّلامُ عَلَى ابْنِ عَمِّكَ جَعْفَرٍ الطَّيَّارِ فِي جِنَانِ الْخُلْدِ ، السَّلامُ عَلَيْكَ يَا مُحَمَّدُ ، السَّلامُ عَلَيْكَ يَا أَحْمَدُ؛",
            "4": "السَّلامُ عَلَيْكَ يَا حُجَّةَ اللّٰهِ عَلَى الْأَوَّلِينَ وَالْآخِرِينَ ، وَ السَّابِقَ إِلَىٰ طَاعَةِ رَبِّ الْعالَمِينَ ، وَالْمُهَيْمِنَ عَلَىٰ رُسُلِهِ ، وَالْخاتَِمَ لِأَنْبِيائِهِ ، وَالشَّاهِدَ عَلَىٰ خَلْقِهِ ، وَالشَّفِيعَ إِلَيْهِ ، وَالْمَكِينَ لَدَيْهِ ، وَالْمُطاعَ فِي مَلَكُوتِهِ ، الْأَحْمَدَ مِنَ الْأَوْصافِ ، الْمُحَمَّدَ لِسائِرِ الْأَشْرافِ ، الْكَرِيمَ عِنْدَ الرَّبِّ ، وَالْمُكَلَّمَ مِنْ وَرَاءِ الْحُجُبِ ، الْفائِزَ بِالسِّباقِ ،وَالْفائِتَ عَنِ اللِّحاقِ ، تَسْلِيمَ عارِفٍ بِحَقِّكَ ، مُعْتَرِفٍ بِالتَّقْصِيرِ فِي قِيامِهِ بِواجِبِكَ ، غَيْرِ مُنْكِرٍ مَا انْتَهىٰ إِلَيْهِ مِنْ فَضْلِكَ ، مُوْقِنٍ بِالْمَزِيداتِ مِنْ رَبِّكَ ، مُؤْمِنٍ بِالْكِتابِ الْمُنْزَلِ عَلَيْكَ ، مُحَلِّلٍ حَلالَكَ ، مُحَرِّمٍ حَرامَكَ ، أَشْهَدُ يَا رَسُولَ اللّٰهِ مَعَ كُلِّ شاهِدٍ ، وَأَتَحَمَّلُها عَنْ كُلِّ جاحِدٍ؛",
            "5": "أَنَّكَ قَدْ بَلَّغْتَ رِسالاتِ رَبِّكَ ، وَنَصَحْتَ لِأُمَّتِكَ ، وَجاهَدْتَ فِي سَبِيلِ رَبِّكَ ، وَصَدَعْتَ بِأَمْرِهِ ، وَاحْتَمَلْتَ الْأَذَىٰ فِي جَنْبِهِ ، وَدَعَوْتَ إِلىٰ سَبِيلِهِ بِالْحِكْمَةِ وَالْمَوْعِظَةِ الْحَسَنَةِ الْجَمِيلَةِ ، وَأَدَّيْتَ الْحَقَّ الَّذِي كانَ عَلَيْكَ ، وَأَنَّكَ قَدْ رَؤُفْتَ بِالْمُؤْمِنِينَ ، وَغَلُظْتَ عَلَى الْكافِرِينَ ، وَعَبَدْتَ اللّٰهَ مُخْلِصاً حَتَّىٰ أَتَاكَ الْيَقِينُ ، فَبَلَغَ اللّٰهُ بِكَ أَشْرَفَ مَحَلِّ الْمُكَرَّمِينَ ، وَأَعْلىٰ مَنازِلِ الْمُقَرَّبِينَ ، وَأَرْفَعَ دَرَجاتِ الْمُرْسَلِينَ حَيْثُ لَايَلْحَقُكَ لاحِقٌ ، وَلَا يفُوقُكَ فائِقٌ ، وَلَا يَسْبِقُكَ سابِقٌ ، وَلاَ ٰيَطْمَعُ فِي إِدْراكِكَ طامِعٌ؛",
            "6": "الْحَمْدُ لِلّٰهِ الَّذِي اسْتَنْقَذَنا بِكَ مِنَ الْهَلَكَةِ ، وَهَدَانَا بِكَ مِنَ الضَّلالَةِ ، وَنَوَّرَنا بِكَ مِنَ الظُّلْمَةِ ، فَجَزاكَ اللّٰهُ يَا رَسُولَ اللّٰهِ مِنْ مَبْعُوثٍ أَفْضَلَ مَا جَازَىٰ  نَبِيّاً عَنْ أُمَّتِهِ ، وَرَسُولاً عَمَّنْ أُرْسِلَ إِلَيْهِ ، بِأَبِي أَنْتَ وَأُمِّي يَا رَسُولَ اللّٰهِ زُرْتُكَ عارِفاً بِحَقِّكَ ، مُقِرّاً بِفَضْلِكَ ، مُسْتَبْصِراً بِضَلالَةِ مَنْ خالَفَكَ وَخَالَفَ أَهْلَ بَيْتِكَ ، عارِفاً بِالْهُدَىٰ الَّذِي أَنْتَ عَلَيْهِ ، بِأَبِي أَنْتَ وَأُمِّي وَنَفْسِي وَأَهْلِي وَمالِي وَوَلَدِي ، أَنَا أُصَلِّي عَلَيْكَ كَما صَلَّى اللّٰهُ عَلَيْكَ وَ صَلَّىٰ عَلَيْكَ مَلائِكَتُهُ وَ أَنْبِياؤُهُ وَرُسُلُهُ صَلاةً مُتَتابِعَةً وافِرَةً مُتَواصِلَةً لَاانْقِطاعَ لَها وَلَا أَمَدَ وَلَا أَجَلَ ، صَلَّى اللّٰهُ عَلَيْكَ وَعَلَىٰ أَهْلِ بَيْتِكَ الطَّيِّبِينَ الطَّاهِرِينَ كَما أَنْتُمْ أَهْلُهُ.",
            "7": "اللّٰهُمَّ اجْعَلْ جَوَامِعَ صَلَواتِكَ ، وَنَوَامِيَ بَرَكاتِكَ ، وَفَواضِلَ خَيْراتِكَ ، وَشَرائِفَ تَحِيَّاتِكَ وَتَسْلِيمَاتِكَ وَكَرامَاتِكَ وَرَحَمَاتِكَ ، وَصَلَوَاتِ مَلائِكَتِكَ الْمُقَرَّبِينَ ، وَأَنْبِيائِكَ الْمُرْسَلِينَ ، وَأَئِمَّتِكَ الْمُنْتَجَبِينَ ، وَعِبادِكَ الصَّالِحِينَ ، وَأَهْلِ السَّمَاواتِ وَالْأَرَضِينَ ، وَمَنْ سَبَّحَ لَكَ يَا رَبَّ الْعالَمِينَ مِنَ الْأَوَّلِينَ وَالْآخِرِينَ عَلَىٰ مُحَمَّدٍ عَبْدِكَ وَرَسُولِكَ وَشاهِدِكَ وَنَبِيِّكَ وَنَذِيرِكَ وَأَمِينِكَ وَمَكِينِكَ وَنَجِيِّكَ وَنَجِيبِكَ وَحَبِيبِكَ وَخَلِيلِكَ وَصَفِيِّكَ وَصَفْوَتِكَ وَخاصَّتِكَ وَخالِصَتِكَ وَرَحْمَتِكَ وَخَيْرِ خِيَرَتِكَ مِنْ خَلْقِكَ ، نَبِيِّ الرَّحْمَةِ ، وَخازِنِ الْمَغْفِرَةِ ، وَقائِدِ الْخَيْرِ وَالْبَرَكَةِ؛",
            "8": "وَمُنْقِذِ الْعِبادِ مِنَ الْهَلَكَةِ بِإِذْنِكَ ، وَداعِيهِمْ إِلَىٰ دِينِكَ ، الْقَيِّمِ بِأَمْرِكَ ، أَوَّلِ النَّبِيِّينَ مِيثاقاً ، وَآخِرِهِمْ مَبْعَثاً ، الَّذِي غَمَسْتَهُ فِي بَحْرِ الْفَضِيلَةِ ، وَالْمَنْزِلَةِ الْجَلِيلَةِ ، وَالدَّرَجَةِ الرَّفِيعَةِ ، وَالْمَرْتَبَةِ الْخَطِيرَةِ ، وَأَوْدَعْتَهُ الْأَصْلابَ الطَّاهِرَةَ ، وَنَقَلْتَهُ مِنْها إِلَى الْأَرْحامِ الْمُطَهَّرَةِ لُطْفاً مِنْكَ لَهُ ، وَتَحَنُّناً مِنْكَ عَلَيْهِ ، إِذْ وَكَّلْتَ لِصَوْنِهِ وَ حِراسَتِهِ وَحِفْظِهِ وَحِياطَتِهِ مِنْ قُدْرَتِكَ عَيْناً عاصِمَةً حَجَبْتَ بِها عَنْهُ مَدانِسَ الْعَهْرِ وَمَعائِبَ السِّفاحِ ، حَتَّىٰ رَفَعْتَ بِهِ نَواظِرَ الْعِبادِ ، وَأَحْيَيْتَ بِهِ مَيْتَ الْبِلادِ بِأَنْ كَشَفْتَ عَنْ نُورِ وِلادَتِهِ ظُلَمَ الْأَسْتارِ ، وَأَلْبَسْتَ حَرَمَكَ بِهِ حُلَلَ الْأَنْوارِ؛",
            "9": "اللّٰهُمَّ فَكَمَا خَصَصْتَهُ بِشرَفِ هٰذِهِ الْمَرْتَبَةِ الْكَرِيمَةِ ، وَذُخْرِ هٰذِهِ الْمَنْقَبَةِ الْعَظِيمَةِ ، صَلِّ عَلَيْهِ كَمَا وَفَىٰ بِعَهْدِكَ وَبَلَّغَ رِسَالاتِكَ وَقاتَلَ أَهْلَ الْجُحُودِ عَلَىٰ تَوْحِيدِكَ ، وَقَطَعَ رَحِمَ الْكُفْرِ فِي إِعْزازِ دِينِكَ ، وَلَبِسَ ثَوْبَ الْبَلْوىٰ فِي مُجاهَدَةِ أَعْدائِكَ ، وَأَوْجَبْتَ لَهُ بِكُلِّ أَذىً مَسَّهُ أَوْ كَيْدٍ أَحَسَّ بِهِ مِنَ الْفِئَةِ الَّتِي حاوَلَتْ قَتْلَهُ فَضِيلَةً تَفُوقُ الْفَضائِلَ وَيَمْلِكُ بِهَا الْجَزِيلَ مِنْ نَوالِكَ ، وَقَدْ أَسَرَّ الْحَسْرَةَ ، وَأَخْفَى الزَّفْرَةَ ، وَتَجَرَّعَ الْغُصَّةَ ، وَلَمْ يَتَخَطَّ مَا مَثَّلَ لَهُ وَحْيُكَ .",
            "10": "اللّٰهُمَّ صَلِّ عَلَيْهِ وَعَلَىٰ أَهْلِ بَيْتِهِ صَلاةً تَرْضاها لَهُمْ ، وَبَلِّغْهُمْ مِنَّا تَحِيَّةً كَثِيرَةً وَسَلاماً ، وَآتِنا مِنْ لَدُنْكَ فِي مُوَالاتِهِمْ  فَضْلاً وَ إِحْساناً وَرَحْمَةً وَغُفْراناً إِنَّكَ ذُو الْفَضْلِ الْعَظِيمِ.",
            "11": " اللّٰهُمَّ وَقَدْ زُرْتُهُ راغِباً تائِباً مِنْ سَيِّءِ عَمَلِي، وَمُسْتَغْفِراً لَكَ مِنْ ذُنُوبِي ، وَمُقِرَّاً لَكَ بِها وَأَنْتَ أَعْلَمُ بِها مِنِّي ، وَمُتَوَجِّهاً إِلَيْكَ بِنَبِيِّكَ نَبِيِّ الرَّحْمَةِ صَلَواتُكَ عَلَيْهِ وَآلِهِ فَاجْعَلْنِي اللَّهُمَّ بِمُحَمَّدٍ وَأَهْلِ بَيْتِهِ عِنْدَكَ وَجِيهاً فِي الدُّنْيا وَالْآخِرَةِ وَمِنَ الْمُقَرَّبِينَ، يَا مُحَمَّدُ يَا رَسُولَ اللّٰهِ بِأَبِي أَنْتَ وَأُمِّي ، يَا نَبِيَّ اللّٰهِ ، يَا سَيِّدَ خَلْقِ اللّٰهِ ، إِنِّي أَتَوَجَّهُ بِكَ إِلَى اللّٰهِ رَبِّكَ وَرَبِّي لِيَغْفِرَ لِي ذُنُوبِي ، وَيَتَقَبَّلَ مِنِّي عَمَلِي وَيَقْضِيَ لِي حَوائِجِي؛  فَكُنْ لِي شَفِيعاً عِنْدَ رَبِّكَ وَرَبِّي ، فَنِعْمَ الْمَسْؤُولُ الْمَوْلىٰ رَبِّي ، وَ نِعْمَ الشَّفِيعُ أَنْتَ يَا مُحَمَّدُ عَلَيْكَ وَعَلَىٰ أَهْلِ بَيتِكَ السَّلامُ. ",
            "12": "اللّٰهُمَّ وَ أَوْجِبْ لِي مِنْكَ الْمَغْفِرَةَ وَالرَّحْمَةَ وَالرِّزْقَ الْواسِعَ الطَّيِّبَ النَّافِعَ كَمَا أَوْجَبْتَ لِمَنْ أَتىٰ نَبِيَّكَ مُحَمَّداً صَلَواتُكَ عَلَيْهِ وَآلِهِ وَهُوَ حَيٌّ فَأَقَرَّ لَهُ بِذُنُوبِهِ ، وَاسْتَغْفَرَ لَهُ رَسُولُكَ عَلَيْهِ وَآلِهِ السَّلامُ فَغَفَرْتَ لَهُ بِرَحْمَتِكَ يَا أَرْحَمَ الرَّاحِمِينَ . ",
            "13": "اللّٰهُمَّ وَقَدْ أَمَّلْتُكَ وَرَجَوْتُكَ وَقُمْتُ بَيْنَ يَدَيْكَ وَرَغِبْتُ إِلَيْكَ عَمَّنْ سِواكَ وَقَدْ أَمَّلْتُ جَزِيلَ ثَوابِكَ ، وَ إِنِّي لَمُقِرٌّ  غَيْرُ مُنْكِرٍ ، وَتائِبٌ إِلَيْكَ مِمَّا اقْتَرَفْتُ ، وَعائِذٌ بِكَ فِي هٰذَا الْمَقامِ مِمَّا قَدَّمْتُ مِنَ الْأَعْمالِ الَّتِي تَقَدَّمْتَ إِلَيَّ فِيها وَنَهَيْتَنِي عَنْها وَأَوْعَدْتَ عَلَيْهَا الْعِقابَ؛",
            "14": " وَأَعُوذُ بِكَرَمِ وَجْهِكَ أَنْ تُقِيمَنِي مَقامَ الْخِزْيِ وَالذُّلِّ يَوْمَ تُهْتَكُ فِيهِ الْأَسْتارُ ، وَتَبْدُو فِيهِ الْأَسْرارُ وَالْفَضائِحُ ، وَتَرْعَدُ فِيهِ الْفَرائِصُ يَوْمَ الْحَسْرَةِ وَالنَّدَامَةِ ، يَوْمَ الْآفِكَةِ ، يَوْمَ الْآزِفَةِ ، يَوْمَ التَّغابُنِ ، يَوْمَ الْفَصْلِ ، يَوْمَ الْجَزاءِ ، يَوْماً كانَ مِقْدارُهُ خَمْسِينَ أَلْفَ سَنَةٍ ، يَوْمَ النَّفْخَةِ ، يَوْمَ تَرْجُفُ الرَّاجِفَةُ تَتْبَعُهَا الرَّادِفَةُ ، يَوْمَ النَّشْرِ ، يَوْمَ الْعَرْضِ ، يَوْمَ يَقُومُ النَّاسُ لِرَبِّ الْعالَمِينَ ، يَوْمَ يَفِرُّ الْمَرْءُ مِنْ أَخِيهِ وَأُمِّهِ وَأَبِيهِ وَصاحِبَتِهِ وَبَنِيهِ ، يَوْمَ تَشَقَّقُ الْأَرْضُ وَأَكْنافُ السَّماءِ ، يَوْمَ تَأْتِي كُلُّ نَفْسٍ تُجادِلُ عَنْ نَفْسِها ، يَوْمَ يُرَدُّونَ إِلَى اللّٰهِ فَيُنَبِّئُهُمْ بِمَا عَمِلُوا ، يَوْمَ لَايُغْنِي مَوْلىً عَنْ مَوْلىً شَيْئاً وَلَا هُمْ يُنْصَرُونَ إِلّا مَنْ رَحِمَ اللّٰهُ إِنَّهُ هُوَ الْعَزِيزُ الرَّحِيمُ؛",
            "15": "يَوْمَ يُرَدُّونَ إِلىٰ عالِمِ الْغَيْبِ وَالشَّهادَةِ ، يَوْمَ يُرَدُّونَ إِلَى اللّٰهِ مَوْلاهُمُ الْحَقِّ ، يَوْمَ يَخْرُجُونَ مِنَ الْأَجْداثِ سِراعاً كَأَنَّهُمْ إِلىٰ نُصُبٍ يُوفِضُونَ وَكَأَنَّهُمْ جَرادٌ مُنْتَشِرٌ مُهْطِعِينَ إِلَى الدَّاعِي إِلَى اللّٰهِ يَوْمَ الْواقِعَةِ ، يَوْمَ تُرَجُّ الْأَرْضُ رَجَّاً ، يَوْمَ تَكُونُ السَّماءُ كَالْمُهْلِ وَتَكُونُ الْجِبَالُ كَالْعِهْنِ وَلَا يَسْأَلُ حَمِيمٌ حَمِيماً ، يَوْمَ الشَّاهِدِ وَالْمَشْهُودِ ، يَوْمَ تَكُونُ الْمَلائِكَةُ صَفّاً صَفّاً . ",
            "16": "اللّٰهُمَّ ارْحَمْ مَوْقِفِي فِي ذٰلِكَ الْيَوْمِ بِمَوْقِفِي فِي هٰذَا الْيَوْمِ ، وَلَا تُخْزِنِي فِي ذٰلِكَ مَوْقِفِ  بِما جَنَيْتُ عَلَىٰ نَفْسِي ، وَاجْعَلْ يَا رَبِّ فِي ذٰلِكَ الْيَوْمِ مَعَ أَوْلِيائِكَ مُنْطَلَقِي ، وَفِي زُمْرَةِ مُحَمَّدٍ وَأَهْلِ بَيْتِهِ عَلَيْهِمُ السَّلامُ مَحْشَرِي ؛ ",
            "17": " وَاجْعَلْ حَوْضَهُ مَوْرِدِي وَفِي الْغُرِّ الْكِرامِ مَصْدَرِي ، وَأَعْطِنِي كِتَابِي بِيَمِينِي حَتَّىٰ أَفُوزَ بِحَسَناتِي ، وَتُبَيِّضَ بِهِ وَجْهِي ، وَتُيَسِّرَ بِهِ حِسابِي ، وَتُرَجِّحَ بِهِ مِيزانِي ، وَأَمْضِيَ مَعَ الْفَائِزِينَ مِنْ عِبَادِكَ الصَّالِحِينَ إِلىٰ رِضْوَانِكَ وَجِنَانِكَ إِلٰهَ الْعالَمِينَ .",
            "18": " اللّٰهُمَّ إِنِّي أَعُوذُ بِكَ مِنْ أَنْ تَفْضَحَنِي فِي ذٰلِكَ الْيَوْمِ بَيْنَ يَدَيِ الْخَلائِقِ بِجَرِيرَتِي ، أَو أَنْ أَلْقَى الْخِزْيَ وَالنَّدامَةَ بِخَطِيئَتِي ، أَوْ أَنْ تُظْهِرَ فِيهِ سَيِّئَاتِي عَلَىٰ حَسَناتِي ، أَوْ أَنْ تُنَوِّهَ بَيْنَ الْخَلائِقِ بِاسْمِي ، يَا كَرِيمُ يَا كَرِيمُ ، الْعَفْوَ الْعَفْوَ ، السَّتْرَ السَّتْرَ؛",
            "19": " اللّٰهُمَّ وَأَعُوذُ بِكَ مِنْ أَنْ يَكُونَ فِي ذٰلِكَ الْيَوْمِ فِي مَواقِفِ الْأَشْرارِ مَوْقِفِي ، أَوْ فِي مَقامِ الْأَشْقِياءِ مَقامِي ، وَ إِذا مَيَّزْتَ بَيْنَ خَلْقِكَ فَسُقْتَ كُلّاً بِأَعْمالِهِمْ زُمَراً إِلىٰ مَنازِلِهِمْ فَسُقْنِي بِرَحْمَتِكَ فِي عِبادِكَ الصَّالِحِينَ ، وَفِي زُمْرَةِ أَوْلِيائِكَ الْمُتَّقِينَ إِلىٰ جَنَّاتِكَ يَا رَبَّ الْعَالَمِينَ.",
            "20": "السَّلامُ عَلَيْكَ يَا رَسُولَ اللّٰهِ ، السَّلامُ عَلَيْكَ أَ يُّهَا الْبَشِيرُ النَّذِيرُ ، السَّلامُ عَلَيْكَ أَ يُّهَا السِّراجُ الْمُنِيرُ ، السَّلامُ عَلَيْكَ أَ يُّهَا السَّفِيرُ بَيْنَ اللّٰهِ وَبَيْنَ خَلْقِهِ ، أَشْهَدُ يَا رَسُولَ اللّٰهِ أَ نَّكَ كُنْتَ نُوراً فِي الْأَصْلابِ الشّامِخَةِ ، وَالْأَرْحامِ الْمُطَهَّرَةِ ، لَمْ تُنَجِّسْكَ الْجاهِلِيَّةُ بِأَ نْجاسِها ، وَلَمْ تُلْبِسْكَ مِنْ مُدْلَهِمَّاتِ ثِيابِها ، وَأَشْهَدُ يَا رَسُولَ اللّٰهِ أَ نِّي مُؤْمِنٌ بِكَ وَبِالْأَئِمَّةِ مِنْ أَهْلِ بَيْتِكَ ، مُوقِنٌ بِجَمِيعِ مَا أَ تَيْتَ بِهِ ، راضٍ مُؤْمِنٌ ، وَأَشْهَدُ أَنَّ الْأَئِمَّةَ مِنْ أَهْلِ بَيْتِكَ أَعْلامُ الْهُدَىٰ ، وَالْعُرْوَةُ الْوُثْقَىٰ ، وَالْحُجَّةُ عَلَىٰ أَهْلِ الدُّنْيا؛ ",
            "21": "اللّٰهُمَّ لَاتَجْعَلْهُ آخِرَ الْعَهْدِ مِنْ زِيارَةِ نَبِيِّكَ عَلَيْهِ وَآلِهِ السَّلامُ وَ إِنْ تَوَفَّيْتَنِي فَإِنِّي أَشْهَدُ فِي مَماتِي عَلَىٰ مَا أَشْهَدُ عَلَيْهِ فِي حَيَاتِي أَنَّكَ أَنْتَ اللّٰهُ لَاإِلٰهَ إِلّا أَنْتَ وَحْدَكَ لَاشَرِيكَ لَكَ ، وَأَنَّ مُحَمَّداً عَبْدُكَ وَرَسُولُكَ ، وَأَنَّ الْأَئِمَّةَ مِنْ أَهْلِ بَيْتِهِ أَوْلِياؤُكَ وَأَنْصارُكَ وَحُجَجُكَ عَلَىٰ خَلْقِكَ ، وَخُلَفاؤُكَ فِي عِبادِكَ ، وَأَعْلامُكَ فِي بِلادِكَ ، وَخُزَّانُ عِلْمِكَ ، وَحَفَظَةُ سِرِّكَ ، وَتَراجِمَةُ وَحْيِكَ .",
            "22": " اللّٰهُمَّ صَلِّ عَلَىٰ مُحَمَّدٍ وَآلِ مُحَمَّدٍ وَبَلِّغْ رُوحَ نَبِيِّكَ مُحَمَّدٍ وَآلِهِ فِي ساعَتِي هٰذِهِ وَفِي كُلِّ ساعَةٍ تَحِيَّةً مِنِّي وَسَلاماً ، وَالسَّلامُ عَلَيْكَ يَا رَسُولَ اللّٰهِ وَرَحْمَةُ اللّٰهِ وَبَرَكاتُهُ لَاجَعَلَهُ اللّٰهُ آخِرَ تَسْلِيمِي عَلَيْكَ.",
            "23": ""
        },
        "farsi": {
            "1": " شهادت می‌دهم که معبودی جز خدا نیست، یگانه و بی‌شریک است و شهادت می‌دهم که محمّد بنده و رسول اوست و آقای پیشینیان و پسینیان و سرور پیامبران و رسولان است، خدایا بر او و اهل‌بیتش، آن امامان پاک درود فرست.",
            "2": " سلام بر تو ای رسول خدا، سلام بر تو ای دوست صمیمی خدا، سلام بر تو ای پیامبر خدا، سلام بر تو ای برگزیده خدا، سلام بر تو ای رحمت خدا، سلام بر تو ای منتخب خدا، سلام بر تو ای محبوب خدا، سلام بر تو ای بنده نجیب خدا، سلام بر تو ای خاتم پیامبران، سلام بر تو ای سرور رسولان، سلام بر تو ای قیام کننده به عدالت، سلام بر تو ای فتح کننده خیر، سلام بر تو ای معدن وحی و تنزیل، سلام بر تو ای رساننده پیام از سوی خدا، سلام بر تو ای چراغ پرفروغ؛",
            "3": " سلام بر تو ای مژده ده، سلام بر تو ای بیم‌دهنده، سلام بر تو ای هشداردهنده، سلام بر تو ای نور خدا که به آن روشنی جویند، سلام بر تو و بر اهل‌بیت پاک و پاکیزه و راهنما و راه‌یافته‌ات، سلام بر تو و بر جدّت عبدالمطلب و بر پدرت عبدالله، سلام بر مادرت آمنه دختر وَهَب، سلام بر عمویت حمزه سرور شهیدان، سلام بر عمویت عباس فرزند عبدالمطلب، سلام بر عمویت و سرپرستت ابوطالب، سلام بر پسر عمویت جعفر، پرواز کننده در بهشت جاوید، سلام بر تو ای محمّد، سلام بر تو ای احمد؛ ",
            "4": "سلام بر تو ای حجّت خدا بر پیشینیان و پسینیان  و پیشی‌گیرنده بر طاعت پروردگار جهانیان و مهربان بر رسولانش و خاتم پیامبرانش و گواه بر بندگانش و شفیع به درگاهش و ارجمند در نزدش و پیروی شده در ملکوتش، پیامبر ستوده‌تر در صفات و پسندیده بر دیگر اشراف، کریم نزد پروردگار و طرف سخن واقع شده از پس پرده‌های غیب، آنکه در مسابقه بندگی بر همه پیروز آمد و کسی در این مسابقه به او ملحق نگردد، بر تو سلام می‌دهم، سلام آگاه به حقت و معترف به تقصیر در قیامش، نسبت به حقوق واجبی که برای تو است، انکار کننده نیست، نسبت به آنچه رسیده به آن از فضلت، یقین کننده به فزونی‌های نصیبت از جانب پروردگارت، مؤمن به کتابی که بر تو نازل شده، حلال شمارنده حلالت و حرام داننده حرامت، شهادت می‌دهم ای فرستاده خدا با هر شاهد و به عهده برمی‌دارم از جانب هر انکارکننده؛",
            "5": "به اینکه پیام‌های پروردگارت را رساندی و برای امّتت خیرخواهی کردی و در راه پروردگارت کوشیدی و آشکارا به اجرای دستورش برخاستی و در کنارش تحمّل آزار نمودی و به راهش با منطق محکم و پند نیکو، زیبا دعوت کردی و حقّی که بر عهده تو بود ادا نمودی، به یقین نسبت به اهل ایمان مهربان و نسبت به کافران سخت‌گیر بودی و خدا را بندگی نمودی تا مرگ تو را دررسید، خدا برساند تو را به شریف‌ترین مقام اکرام‌شدگان و برترین جایگاه‌های مقرّبان و بالاترین درجات رسولان آنجا که رسنده‌ای به تو نرسد و برتری بر تو برتری نجوید و پیشی‌گیرنده‌ای بر تو پیشی نگیرد و طمع‌کننده‌ای در دریافت تو طمع ننماید؛ ",
            "6": "خدا را سپاس که ما را به وسیله تو از هلاکت رهاند و از گمراهی به راه راست هدایت کرد و از تاریکی به نورانیت آورد، خدا پاداشت دهد ای رسول خدا در نبوّتت، پاداشی برتر از آنچه پیامبری را از امّتش عنایت نموده و رسولی را از طرف آنان‌که به سویشان فرستاده شده مرحمت کرده، پدر و مادرم فدایت ای رسول خدا، زیارتت کردم با آشنایی به حقت و اقرار کنان به فضلت و با بینایی به گمراهی کسی که با تو و اهل‌بیتت مخالفت کرد، آشنایم به هدایتی که تو بر آن هستی، پدرم و مادرم و خود و خانواده‌ام و مال و فرزندانم فدایت باد، من به تو درود می‌فرستم، چنان‌که خدا و فرشتگان و انبیاء و رسولانش بر تو درود فرستادند، درودی پیاپی، کامل، پیوسته که نه برایش بریدن باشد و نه اندازه و زمان، درود بر تو و بر اهل‌بیت پاک و پاکیزه‌ات، آن‌چنان‌که شما شایسته آن هستید.",
            "7": " خدایا قرار ده درودهای همه جانبه‌ات و روینده برکاتت و فزونی‌های خیراتت و شرافت‌های تحیاتت و سلام‌هایت و کرامت‌هایت و رحمت‌هایت و درودهای فرشتگان مقرّبت و انبیای مرسلت و امامان برگزیده‌ات و بندگان شایسته‌ات و اهل آسمان‌ها و زمین‌ها و هرکه تسبیح تو گوید، ای پروردگار جهانیان، از گذشتگان و آیندگان، بر محمّد بنده‌ات و فرستاده‌ات و گواه بر خلقت و پیامبرت و بیم‌دهنده‌ات و امینت و بنده با قدرت و ارجمند و نجیبت و محبوب و دوست صمیمی و برگزیده و مخصوص، خالص و رحمتت و بهترین انتخاب شده از میان خلقت، پیامبر رحمت و خزانه‌دار آمرزش و پیشرو خیر و برکت؛",
            "8": " و رهاننده‌ی بندگان به اجازه‌ات از هلاکت و فراخواننده‌ی آنان به دین استوارت، به فرمانت، اولین پیامبران در پیمان و آخرینشان در رسالت، آن پیامبری که فرو بردی او را در دریای فضیلت و منزلت بس بزرگ و درجه‌ی بس بلند و مرتبه‌ی شریف و او را در صُلب‌های پاک به امانت گذاشتی و وی را از باب لطف و مهرت بر او از آن صلب‌ها به رحم‌های پاک منتقل کردی، آنگاه برای حفظ و حراست و نگهداری و پاسبانی‌اش، از قدرتت دیده‌بانی نگهدارنده گماشتی که از وی به‌وسیله آن نگهدارنده آلودگی‌های فحش و رذیلت و معایب کار زشت را باز داشتی تا اینکه به وسیله آن حضرت دید بندگان را رفعت دادی و سرزمین‌های مرده را زنده کردی، به اینکه از نور ولادتش، تاریکی‌های پرده‌ها را برطرف نمودی و پوشاندی به وسیله او بر حَرمت جامه‌های انوار را؛ ",
            "9": " خدایا، همچنان‌که او را به شرف این مرتبه کریمانه و اندوخته این منقبت عظیمه اختصاص دادی، بر او درود فرست چنان‌که به عهدت وفا کرد و پیام‌هایت را رساند و بر توحیدت با اهل انکار جنگید و خویشی خود را با اهل کفر برای سربلندی دینت قطع کرد و جامه گرفتاری را در مبارزه با دشمنانت به بَر نمود و تو هم در برابر هر آزاری که به او رسید یا هر کیدی که آن را احساس کرد، از گروهی که قصد کشتنش را داشتند، واجب فرمودی، فضیلتی که بر فضائل برتری جوید و به آن مالک شود عطای بس بزرگت را، چراکه آن حضرت اندوهش را پنهان کرد و نفس‌های پر غصه‌اش را مخفی نمود و شربت اندوه را چشید و از آنچه وحی‌ات برایش مشخص کرده بود، پا به فرا نگذاشت.",
            "10": "خدایا بر او و اهل‌بیتش درود فرست، درودی که آن را برای آن‌ها بپسندی و از جانب ما تحیت بسیار و سلام به آنان برسان و از پیشگاهت به خاطر دوستی ایشان به ما فضل و احسان و رحمت و آمرزش عنایت کن، تو دارای فضل بسیار بزرگی.",
            "11": "خدایا خود به پیامبرت محمّد (درود خدا بر او و خاندانش باد) فرمودی: «اگر اینان هنگامی‌که بر خود ستم کردند، نزد تو می‌آمدند، از خدا آمرزش می‌خواستند و پیامبر برای آنان طلب آمرزش می‌کرد و به یقین خدا را توبه پذیر و رحیم می‌یافتند» و من در زمان پیامبرت (درود بر او و خاندانش) حاضر نبودم. ",
            "12": "خدایا اینک او را زیارت کردم زیارتی با رغبت، از بدی عملم توبه‌کننده‌ام و از گناهانم از حضرتت خواستار آمرزشم و به آن گناهان اعتراف دارم و تو آن‌ها را بهتر از من می‌دانی، به وسیله پیامبرت پیامبر رحمت (درودت بر او و آنان) متوجه به وجود توأم، خدایا به محمّد و اهل‌بیتش مرا نزد خود در دنیا و آخرت آبرومند و از مقرّبان قرار ده، ای محمّد، ای رسول خدا، پدر و مادرم به فدایت، ای پیامبر خدا، ای آقای خلق خدا، من به وسیله تو به پیشگاه خدا رو می‌کنم، پروردگارم و پروردگار تو تا خدا گناهانم را بیامرزد و عملم را قبول نماید و حاجاتم را برآورده سازد؛ تو هم ای رسول خدا نزد پروردگارت و پروردگارم شفیع من باش، پس چه خوب درخواست شده‌ای است مولا و پروردگارم و چه خوب شفیعی هستی تو ای محمّد، بر تو و اهل‌بیتت سلام.",
            "13": " خدایا از جانب خود آمرزش و رحمت و روزی وسیع و پاکیزه و سودمند، برای من واجب فرما، چنان‌که واجب کردی برای کسی که به خدمت پیامبرت محمّد (درود تو بر او و خاندانش) آمد، درحالی‌که زنده بود و به گناهانش اقرار کرد و پیامبرت (درود بر او خاندانش) برای او طلب آمرزش کرد و تو او را آمرزیدی به حق مهربانی‌ات ای مهربان‌ترین مهربانان.",
            "14": " خدایا به حقیقت تو را آرزومندم و به تو امید بستم و در پیشگاهت ایستادم و از غیر تو به تو میل کردم و پاداش بزرگت را آرزو کردم، من اعتراف کننده‌ام نه انکار کننده و از آنچه مرتکب شدم، توبه کننده به سوی تو هستم و در این مقام پناهنده به توأم، از آن اعمالی که پیش‌تر فرستادم، اعمالی که در آن‌ها به من پیش‌دستی کردی و مرا از آن‌ها نهی کردی و بر آن‌ها به من وعده کیفر دادی؛ ",
            "15": " و پناه می‌آورم به بزرگواری ذاتت، از اینکه مرا در مقام رسوایی و خواری بپا داری، روزی که پرده‌ها در آن دریده شود و اسرار و رسوایی‌ها در آن آشکار گردد و اندام‌ها در آن بلرزد، روز حسرت و پشیمانی، روز تهمت، روز نزدیک، روز زیانکاری، روز جدا کردن، روز پاداش، روزی که طول آن پنجاه هزار سال است، روز دمیدن، روزی که بلرزاند لرزاننده‌ای، روزی که از پی آن لرزاننده‌ای دیگر آید، روز گسترش، روز عرض اعمال، روزی که مردم در پیشگاه پروردگار جهانیان بپا خیزند، روزی که فرار کند انسان از برادر و مادر و پدر و همسر و فرزندانش، روزی که شکافته شود زمین و کرانه‌های آسمان، روزی که هرکسی بیاید و از وجود خود دفاع کند، روزی که بندگان برگردانده شوند به سوی خدا و به آنچه انجام داده‌اند آگاهشان سازند، روزی که از رفیق به رفیق سودی نرسد و نه آنان یاری شوند مگر آن‌که را خدا رحم کند که او عزیز و رحیم است؛",
            "16": " روزی که مردم بازگردانده شوند به سوی دانای نهان و آشکار، روزی که بازگردانده شوند به سوی خدا، سرپرست حقشان روزی که از قبرها شتابان درآیند، گویی به سوی نشانه‌هایی می‌دوند و گویی ملخ‌هایی پراکنده‌اند، درحالی‌که چشم دوخته‌اند به سوی دعوت کننده به جانب خدا، روز واقعه، روزی که زمین به سختی بلرزد، روزی که آسمان همانند معدن گداخته می‌شود و کوه‌ها همانند پنبه زده شده و خویشی از وضع خویش پرسیده نشود، روز گواه و روز گواهی شده، روزی که فرشتگان صف در صف باشند. ",
            "17": "خدایا به حالم در آن روز، به خاطر وضعی که امروز دارم رحم کن و در آن حال به آنچه بر خود جنایت کردم رسوایم مکن و راه مرا در آن روز ای پروردگارم با اولیایت و محلّ گردآمدن مرا در گروه محمّد و اهل‌بیتش (درود بر آنان) قرار ده؛ ",
            "18": "ورودگاه مرا حوض او و بازگشت گاهم را در میان سپیدرویان ارجمند مقرّر فرما و نامه عملم را به دست راستم ده تا به وسیله حسناتم رستگار گردم تا رویم را به آن سبب سپید گردانی و حسابم را آسان سازی و ترازویم را سنگین کنی تا با رستگاران از بندگان صالحت به جانب خشنودی‌ات و بهشت‌هایت بروم، ای معبود جهانیان.",
            "19": " خدایا به تو پناه می‌آورم از اینکه در آن روز، در برابر خلایق به گناهم رسوایم سازی، یا به خاطر خطایم با خواری و پشیمانی دمساز گردم، یا در آن روز بدی‌هایم را بر خوبی‌هایم غالب گردانی، یا مرا با نامم در میان خلایق ندا دهی، ای بزرگوار، ای بزرگوار، گذشت نما، گذشت نما، پرده‌پوشی کن، پرده‌پوشی کن؛ ",
            "20": "  خدایا به تو پناه می‌آورم از اینکه در آن روز جایگاهم در جایگاه‌های بدکاران باشد یا مقامم در مقام مردم بدفرجام قرار گیرد و زمانی که میان بندگانت جدایی اندازی، پس سوق دادی همه را با اعمالشان، گروه‌گروه به منازلشان، مرا با رحمتت به میان بندگان شایسته‌ات و در گروه اولیای پرهیزگارت به جانب بهشت‌هایت سوق ده، ای پروردگار جهانیان. ",
            "21": "  سلام بر تو ای رسول خدا، سلام بر تو ای مژده‌ده و بیم‌ده، سلام بر تو ای چراغ نوربخش، سلام بر تو ای سفیر بین خدا و بندگان خدا، گواهی می‌دهم ای رسول خدا که تو نوری بودی در صلب‌های ارجمند و رحم‌های پاک، جاهلیت با ناپاکی‌هایش ناپاکت نکرد و از جامه‌های چرکینش تو را نپوشاند و گواهی می‌دهم ای رسول خدا که من به حضرت تو و امامان از اهل‌بیتت ایمان دارم و به همه آنچه تو آورده‌ای خشنود و معتقدم و گواهی می‌دهم که امامان از اهل‌بیتت مشعل‌های هدایت و دستاویزهای استوار و حجّت‌های بر اهل جهانند؛ ",
            "22": "خدایا این زیارتم را آخرین زیارت پیامبرت (درود بر او و خاندانش) قرار مده و اگر مرا میراندی، پس من در مردنم شهادت می‌دهم بر آنچه در حیاتم شهادت دادم که تویی خدا، معبودی جز تو نیست، یگانه و بی‌شریکی و محمّد بنده و فرستاده تو است و امامان از اهل‌بیتش اولیایت و یارانت و حجّت‌های تو بر خلقت و جانشینان تو در میان بندگانت و نشانه‌های تو در کشورهایت و خزانه‌داران دانشت و نگهبانان رازت و ترجمانان وحی‌ات می‌باشند. ",
            "23": "خدایا بر محمّد و خاندان محمّد درود فرست و به روان محمّد و خاندانش در این ساعت و در هر ساعت از جانب من تحیت و سلام برسان و سلام و رحمت و برکات خدا بر تو باد ای رسول خدا، خدا این سلام را آخرین سلام من قرار ندهد."
        },
        "tozih": {
            "1": "علامه مجلسی در «زاد المعاد» در اعمال عید مولود که روز «هفدهم ربیع‌الاول» است فرموده:\nشیخ مفید و شهید و سید ابن طاووس (ره) گفته‌اند: چون بخواهی در غیر مدینه طیبه حضرت رسول گرامی را زیارت کنی، غسل کن و چیزی شبیه قبر در برابر خود بساز و نام مبارک آن حضرت را بر آن بنویس، سپس بایست و دل خود را متوجه آن حضرت کن و بگو:",
            "2": "سپس بگو: ",
            "3": "",
            "4": "",
            "5": "",
            "6": "",
            "7": " پس دست‌ها را بگشا و بگو: ",
            "8": "",
            "9": "",
            "10": "",
            "11": " سپس چهار رکعت نماز زیارت با هر سوره‌ای که بخواهی به دو سلام بجای آور و پس از آن «تسبیح حضرت زهرا»(سلام‌الله علیها) را بخوان و بگو:",
            "12": "",
            "13": "",
            "14": "",
            "15": "",
            "16": "",
            "17": "",
            "18": "",
            "19": "",
            "20": "",
            "21": " پس آن حضرت را وداع کن و بگو: ",
            "22": "",
            "23": ""
        }
    }
}