{
    "10": {
        "number":10 ,
        "bab": 71,
        "title": "آداب و دعاهای قنوت",
        "arabic": {
            "1": " اللّٰهُمَّ اغْفِرْ لَنا، وَارْحَمْنَا، وَعافِنا، وَاعْفُ عَنَّا فِي الدُّنْيا وَالْآخِرَةِ إِنَّكَ عَلَىٰ كُلِّ شَيْءٍ قَدِيرٌ . ",
            "2": " اللّٰهُمَّ مَنْ كانَ أَصْبَحَ وَلَهُ ثِقَةٌ أَوْ رَجاءٌ غَيْرُكَ، فَأَنْتَ ثِقَتِي وَرَجائِي يَا أَجْوَدَ مَنْ سُئِلَ، وَيَا أَرْحَمَ مَنِ اسْتُرْحِمَ، صَلِّ عَلَىٰ مُحَمَّدٍ وَآلِ مُحَمَّدٍ، وَارْحَمْ ضَعْفِي وَمَسْكَنَتِي، وَقِلَّةَ حِيلَتِي، وَامْنُنْ عَلَيَّ بِالْجَنَّةِ طَوْلاً مِنْكَ، وَفُكَّ رَقَبَتِي مِنَ النَّارِ، وَعافِنِي فِي نَفْسِي، وَفِي جَمِيعِ أُمُورِي بِرَحْمَتِكَ يَا أَرْحَمَ الرَّاحِمِينَ . ",
            "3": "",
            "4": "",
            "5": "",
            "6": "",
            "7": "",
            "8": "",
            "9": "",
            "10": "",
            "11": "",
            "12": "",
            "13": "",
            "14": "",
            "15": "",
            "16": "",
            "17": "",
            "18": "",
            "19": "",
            "20": ""
        },
        "farsi": {
            "1": "خداوندا، ما را بیامرز و به ما رحم کن و از تندرستی بهره\u200Cمندمان گردان و ما را در دنیا و آخرت بسلامت دار، به\u200Cدرستی که تو بر هر کاری توانائی. ",
            "2": " خداوندا، هرکس که صبح کند و برای او تکیه\u200Cگاه و امیدی جز تو باشد ولی تو پناه و امید منی\u200C، ای بخشنده\u200Cترین کسی که از او درخواست شده و ای مهربان\u200Cترین کسی که از او طلب مهربانی شده، بر محمّد و خاندان محمّد درود فرست و به ناتوانی و درماندگی و بیچارگی\u200Cام رحم کن و بر من به احسان از جانب خود به بهشت منّت گذار و از آتش رهایم ساز و در وجودم و همه امورم سلامتم بدار، به مهربانی\u200Cات ای مهربان\u200Cترین مهربانان. ",
            "3": "",
            "4": "",
            "5": "",
            "6": "",
            "7": "",
            "8": "",
            "9": "",
            "10": "",
            "11": "",
            "12": "",
            "13": "",
            "14": "",
            "15": "",
            "16": "",
            "17": "",
            "18": "",
            "19": "",
            "20": ""
        },
        "tozih": {
            "1": " براى قنوت دست\u200Cها را تا برابر صورت بلند مى\u200Cکنى و باطن دست\u200Cها را به سوى آسمان قرار مى\u200Cدهى و غیر از انگشت بزرگ سایر انگشتان را به هم مى\u200Cچسبانى و خوب است براى قنوت خواندن کلمات فرج را برگزینى و پس از آن بگویى: ",
            "2": " و طول دادن قنوت سزاوار است و دعاهایى که در قنوت خوانده مى\u200Cشود بسیار است.",
            "3": "آنگاه تکبیر مى\u200Cگویى و رکوع و سجود را به\u200Cجا مى\u200Cآورى. ",
            "4": "",
            "5": "",
            "6": "",
            "7": "",
            "8": "",
            "9": "",
            "10": "",
            "11": "",
            "12": "",
            "13": "",
            "14": "",
            "15": "",
            "16": "",
            "17": "",
            "18": "",
            "19": "",
            "20": ""
        }
    }
}