{
    "11": {
        "number":11 ,
        "bab": 71,
        "title": "فضیلت خواندن تعقیبات بعد از هر نماز",
        "arabic": {
            "1": " ﴿فَإِذٰا فَرَغْتَ فَانْصَبْ وَ إِلىٰ رَبِّكَ فَارْغَبْ﴾",
            "2": "",
            "3": "",
            "4": "",
            "5": "",
            "6": "",
            "7": "",
            "8": "",
            "9": "",
            "10": "",
            "11": "",
            "12": "",
            "13": "",
            "14": "",
            "15": "",
            "16": "",
            "17": "",
            "18": "",
            "19": "",
            "20": ""
        },
        "farsi": {
            "1": "هنگامی که [از تکالیف سنگین] فراغت و آسایشی دست داد باز خود را [به تکالیف و مسئولیت ها] وادار\u200C! و مشتاقانه به\u200Cسوی پروردگارت توجه کن! ",
            "2": "",
            "3": "",
            "4": "",
            "5": "",
            "6": "",
            "7": "",
            "8": "",
            "9": "",
            "10": "",
            "11": "",
            "12": "",
            "13": "",
            "14": "",
            "15": "",
            "16": "",
            "17": "",
            "18": "",
            "19": "",
            "20": ""
        },
        "tozih": {
            "1": "و چون از نماز فارغ شدی، شروع به خواندن تعقیب کن که تأکید و امر بسیار بران شده و حق\u200Cتعالی فرموده: ",
            "2": "در تفسیر این آیه روایت شده چون از نماز فارغ شوی، خود را در دعا به زحمت انداز و به سوی پروردگار خود میل کن و حاجات خود را از او بطلب و امیدت را از غیر او قطع کن.\n\nو از حضرت امیرالمؤمنین(علیه\u200Cالسلام) روایت شده: هر کدام از شما که از نماز فارغ شد، باید دست\u200Cها را به سوی آسمان بلند کند و خود را در دعا به سختی اندازد. از روایات استفاده می\u200Cشود که «تعقیب» زیاد کننده\u200Cی روزی است و مؤمن در حال تعقیب در نماز است و ثواب نماز را دارد تا گاهی که مشغول به ذکر حق\u200Cتعالی است و خواندن دعا پس از نماز واجب بهتر از خواندن نماز مستحبّ است.\n\nعلاّمه مجلسی فرموده: از کلمه «تعقیب» ظاهر می\u200Cشود که قرآن و دعا و ذکر وقتی متّصل به نماز است عرفاً تعقیب می\u200Cباشد، ولی بهتر آن است که با وضو و در حال نشستن رو به قبله باشد و افضل در وقت خواندن تعقیب نشستن بر طریق «تشهّد» [یعنی نشستن بر روی کفَل] است و در اثنای تعقیب به ویژه در تعقیب نماز شام سخن نگوید. و بعضی گفته\u200Cاند: تمام شرایط نماز را در تعقیب رعایت کنند و ظاهر آن است که پس از نماز، به هر حالی که مشغول قرآن و ذکر و دعا باشد ثوابی برای آن مقرّر است هر چند در حال راه رفتن انجام گیرد.\n\nنویسنده گوید: برای دین و دنیا دعاهای بسیار از ائمه\u200Cاطهار(صلوات\u200Cالله\u200Cعلیهم\u200Cاجمعین) در تعقیب نمازها وارد شده و چون اشرف عبادات بدنی نماز است و تعقیبات روایت شده را در تکمیل نمازها دخالتی بس عظیم است و همچنین موجب بالا رفتن درجات و فروریختن گناهان و حصول خواسته\u200Cها و حاجات می\u200Cشود، به\u200C خاطر این دعاگو رسید که بخشی از آن\u200Cها را در این رساله ذکر کنم و اکثر آن را از کتاب «بحار» و «مقباس» علاّمه مجلسی (عطّر\u200Cالله\u200Cمرقده\u200Cالشریف) نقل می\u200Cکنم.\nپس می\u200Cگویم: تعقیبات بر دو قسم است: تعقیبات مشترک و تعقیبات ویژه. ",
            "3": "",
            "4": "",
            "5": "",
            "6": "",
            "7": "",
            "8": "",
            "9": "",
            "10": "",
            "11": "",
            "12": "",
            "13": "",
            "14": "",
            "15": "",
            "16": "",
            "17": "",
            "18": "",
            "19": "",
            "20": ""
        }
    }
}