{
    "14": {
        "number":14 ,
        "bab": 71,
        "title": "فضیلت گفتن تسبیح و ذکر با تربت امام حسین(ع)",
        "arabic": {
            "1": "",
            "2": "",
            "3": "",
            "4": "",
            "5": "",
            "6": "",
            "7": "",
            "8": "",
            "9": "",
            "10": "",
            "11": "",
            "12": "",
            "13": "",
            "14": "",
            "15": "",
            "16": "",
            "17": "",
            "18": "",
            "19": "",
            "20": ""
        },
        "farsi": {
            "1": "",
            "2": "",
            "3": "",
            "4": "",
            "5": "",
            "6": "",
            "7": "",
            "8": "",
            "9": "",
            "10": "",
            "11": "",
            "12": "",
            "13": "",
            "14": "",
            "15": "",
            "16": "",
            "17": "",
            "18": "",
            "19": "",
            "20": ""
        },
        "tozih": {
            "1": "و بهتر آن است که شمردن آن را با تسبیح ساخته از تربت حضرت\u200C حسین(علیه\u200Cالسلام) نگاه دارد و نگاه داشتن شمارش همۀ ذکرها با تسبیح تربت حضرت\u200C\u200C حسین(علیه\u200Cالسلام) مستحبّ است و با خود داشتن تربت آن حضرت به طور پیوسته مستحبّ و نگهدار از بلاها و سبب ثواب بی\u200Cانتهاست.\n\nنقل\u200Cشده: حضرت فاطمه(سلام\u200Cالله\u200Cعلیها) در ابتدا رشته\u200Cای از پشم تابیده و بر آن گره\u200Cها زده بود که به آن تسبیح می\u200Cگفتند تا حضرت حمزة بن عبد المطلّب شهید شد، پس حضرت فاطمه(سلام\u200Cالله\u200Cعلیها) از تربت قبر آن شهید بزرگوار خاک برگرفت و تسبیح ساخت و به آن خدا را تسبیح می\u200Cکرد، مردم نیز چنان کردند. چون حضرت حسین(علیه\u200Cالسلام) به شهادت رسید ساختن تسبیح و ذکر گفتن با آن از تربت آن امام مظلوم مستحبّ شد.\n\nاز حضرت صاحب\u200Cالامر(علیه\u200Cالسلام) روایت شده: هرکه تسبیح تربت امام حسین(علیه\u200Cالسلام) را در دست داشته باشد و ذکر را فراموش کند، ثواب ذکر برای او نوشته می\u200Cشود.\nاز حضرت صادق(علیه\u200Cالسلام) روایت شده: تسبیح تربت آن حضرت خودش ذکر می\u200Cکند و تسبیح می\u200Cگوید، بی\u200Cآنکه آدمی بگوید و فرمود: یک ذکر یا استغفار که با آن گفته می\u200Cشود برابر با هفتاد ذکر است که با چیز دیگری گفته شود و اگر بدون ذکر بگرداند به هر دانه هفت تسبیح برای او نوشته می\u200Cشود.\nو به روایت دیگر اگر با ذکر بگرداند به ازای هر دانه چهل حسنه برای او نوشته می\u200Cشود و روایت شده: حوریان بهشت چون فرشته\u200Cای را می\u200Cبینند که به زمین می\u200Cآید از او درخواست می\u200Cکنند که تسبیح و تربت حضرت امام حسین(علیه\u200Cالسلام) را برای ما بیاور.\n\nدر حدیث صحیح از حضرت موسی بن جعفر(علیه\u200Cالسلام) روایت شده: مؤمن باید خالی از پنج چیز نباشد: مسواک، شانه، سجّاده\u200Cای که بر روی آن نماز بخواند و تسبیحی که در آن سی\u200Cوچهار دانه باشد و انگشتر عقیق؛ و ظاهر آن است که تسبیح خام و پخته هر دو خوب است و خام بهتر است.\nاز حضرت جعفر صادق(علیه\u200Cالسلام) روایت شده: هرکه با تسبیح تربت قبر امام حسین(علیه\u200Cالسلام) یک تسبیح بگوید، حق\u200Cتعالی برای او چهارصد حسنه بنویسد و چهارصد گناه از او محو کند و چهارصد حاجت او را برآورد و چهارصد درجه برای او بالا برد.\n\nو نیز روایت شده: مستحب است رشته تسبیح کبود باشد به رنگ آسمان و از بعضی روایات استفاده می\u200Cشود که اگر زنان عدد ذکر را به انگشتان خود بشمارند افضل است، ولی احادیث فضیلت تربت به طور مطلق اکثر و اقوی است.",
            "2": "[همچنین روایات دیگری در این باره را «فضیلت گفتن تسبیح و ذکر با تربت امام حسین(ع)» ببینید.]",
            "3": "",
            "4": "",
            "5": "",
            "6": "",
            "7": "",
            "8": "",
            "9": "",
            "10": "",
            "11": "",
            "12": "",
            "13": "",
            "14": "",
            "15": "",
            "16": "",
            "17": "",
            "18": "",
            "19": "",
            "20": ""
        }
    }
}