{
    "18": {
        "number":18 ,
        "bab": 71,
        "title": "فضیلت خواندن آیت\u200Cالکرسی بعد از هر نماز",
        "arabic": {
            "1": "",
            "2": "",
            "3": "",
            "4": "",
            "5": "",
            "6": "",
            "7": "",
            "8": "",
            "9": "",
            "10": "",
            "11": "",
            "12": "",
            "13": "",
            "14": "",
            "15": "",
            "16": "",
            "17": "",
            "18": "",
            "19": "",
            "20": ""
        },
        "farsi": {
            "1": "",
            "2": "",
            "3": "",
            "4": "",
            "5": "",
            "6": "",
            "7": "",
            "8": "",
            "9": "",
            "10": "",
            "11": "",
            "12": "",
            "13": "",
            "14": "",
            "15": "",
            "16": "",
            "17": "",
            "18": "",
            "19": "",
            "20": ""
        },
        "tozih": {
            "1": " به سند معتبر از حضرت امام موسی\u200Cبن\u200Cجعفر(علیه\u200Cالسلام) روایت شده است: هرکه بعد از هر نماز واجب «آیت\u200Cالکرسی» را بخواند، گزنده\u200Cای به او ضرر نرساند و در حدیث معتبر دیگر فرمود: رسول خدا(صلی\u200Cالله\u200Cعلیه\u200Cو\u200Cآله) فرمودند: یا علی بر تو باد به تلاوت نمودن «آیت\u200Cالکرسی» پس از هر نماز واجب، به درستی که بر خواندن آن محافظت نکند مگر پیغمبر یا صدّیق یا شهید؛\n\nو از حضرت رسالت\u200Cپناه روایت شده است: هرکه «آیت\u200Cالکرسی» را پس از هر نماز بخواند او را از وارد شدن به بهشت جز مرگ مانعی نباشد؛ و طبق روایت دیگر: هرکه «آیت\u200Cالکرسی» را بعد از هر نماز واجب بخواند نمازش پذیرفته شود و در امان خدا باشد و خداوند او را از بلاها و گناهان حفظ کند. ",
            "2": "",
            "3": "",
            "4": "",
            "5": "",
            "6": "",
            "7": "",
            "8": "",
            "9": "",
            "10": "",
            "11": "",
            "12": "",
            "13": "",
            "14": "",
            "15": "",
            "16": "",
            "17": "",
            "18": "",
            "19": "",
            "20": ""
        }
    }
}