{
    "23": {
        "number":23 ,
        "bab": 71,
        "title": "فضیلت خواندن سوره توحید بعد از هر نماز",
        "arabic": {
            "1": "",
            "2": "",
            "3": "",
            "4": "",
            "5": "",
            "6": "",
            "7": "",
            "8": "",
            "9": "",
            "10": "",
            "11": "",
            "12": "",
            "13": "",
            "14": "",
            "15": "",
            "16": "",
            "17": "",
            "18": "",
            "19": "",
            "20": ""
        },
        "farsi": {
            "1": "",
            "2": "",
            "3": "",
            "4": "",
            "5": "",
            "6": "",
            "7": "",
            "8": "",
            "9": "",
            "10": "",
            "11": "",
            "12": "",
            "13": "",
            "14": "",
            "15": "",
            "16": "",
            "17": "",
            "18": "",
            "19": "",
            "20": ""
        },
        "tozih": {
            "1": " کلینی به سند معتبر از امام صادق(علیه\u200Cالسلام) روایت کرده: هرکه به خدا و روز قیامت ایمان دارد باید پس از هر نماز واجب خواندن سوره ﴿قُلْ هُوَ اللَّه أحَد﴾ را ترک نکند، به یقین هرکه آن را بخواند خدا خیر دنیا و آخرت را برای او گرد آورد و پدر و مادرش را و هرکه از پدر و مادرش پدید آمده می\u200Cآمرزد؛\n\nو در حدیث دیگری وارد شده: هرکه پس از نماز واجب ده مرتبه سوره «توحید» را بخواند حق\u200Cتعالی از حور\u200Cالعین به همسری او درآورد؛ و سید ابن طاووس از حضرت رسول(صلی\u200Cالله\u200Cعلیه\u200Cو\u200Cآله) روایت کرده: هرکه پس از هر نماز سوره «توحید» را بخواند از آسمان رحمت بر سرش فرو ریزد و آرامش بر او نازل شود و خدا به سوی او به مِهر و رحمت نظر اندازد و گناهانش را بیامرزد و هر حاجت که بخواهد برآورده نماید و در امان خدا باشد. ",
            "2": "",
            "3": "",
            "4": "",
            "5": "",
            "6": "",
            "7": "",
            "8": "",
            "9": "",
            "10": "",
            "11": "",
            "12": "",
            "13": "",
            "14": "",
            "15": "",
            "16": "",
            "17": "",
            "18": "",
            "19": "",
            "20": ""
        }
    }
}