{
    "5": {
        "number":5 ,
        "bab": 71,
        "title": "فضیلت\u200Cهای مسواک زدن",
        "arabic": {
            "1": "",
            "2": "",
            "3": "",
            "4": "",
            "5": "",
            "6": "",
            "7": "",
            "8": "",
            "9": "",
            "10": "",
            "11": "",
            "12": "",
            "13": "",
            "14": "",
            "15": "",
            "16": "",
            "17": "",
            "18": "",
            "19": "",
            "20": ""
        },
        "farsi": {
            "1": "",
            "2": "",
            "3": "",
            "4": "",
            "5": "",
            "6": "",
            "7": "",
            "8": "",
            "9": "",
            "10": "",
            "11": "",
            "12": "",
            "13": "",
            "14": "",
            "15": "",
            "16": "",
            "17": "",
            "18": "",
            "19": "",
            "20": ""
        },
        "tozih": {
            "1": " چون خواستى وضو بگیرى، با مسواک آغاز کن که دهان را پاکیزه و بلغم را برطرف و نیروى حافظه را زیاد می\u200Cکند و سبب فزونى حسنات و خشنودى حق تعالى است. و دو رکعت نماز با مسواک، بهتر از هفتاد رکعت نماز بدون مسواک است؛ و اگر مسواک نباشد انگشت نیز کفایت می\u200Cکند.\n",
            "2": "",
            "3": "",
            "4": "",
            "5": "",
            "6": "",
            "7": "",
            "8": "",
            "9": "",
            "10": "",
            "11": "",
            "12": "",
            "13": "",
            "14": "",
            "15": "",
            "16": "",
            "17": "",
            "18": "",
            "19": "",
            "20": ""
        }
    }
}