{
    "298": {
        "number": 298,
        "bab": 76,
        "title": "",
        "arabic": {
            "1": "اللّٰهُمَّ أَخْرِجْنِي مِنْ ظُلُماتِ الْوَهْمِ، وَأَكرِمْنِي بِنُورِ الْفَهْمِ . اللّٰهُمَّ افْتَحْ عَلَيْنا أَبْوابَ رَحْمَتِكَ، وَانْشُرْ عَلَيْنا خَزائِنَ عُلُومِكَ، بِرَحْمَتِكَ يَا أَرْحَمَ الرَّاحِمِينَ.\n",
            "2": "",
            "3": "",
            "4": "",
            "5": "",
            "6": "",
            "7": "",
            "8": "",
            "9": "",
            "10": "",
            "11": "",
            "12": "",
            "13": "",
            "14": "",
            "15": ""
        },
        "farsi": {
            "1": "خدایا، مرا بیرون آور از تاریکی\u200Cهای وهم و به نور فهم گرامی\u200Cام بدار، خدایا درهای رحمتت را به روی ما بگشا و خزانه\u200Cهای علومت را بر ما باز کن، به مهربانی\u200Cات ای مهربان\u200Cترین مهربانان.\n",
            "2": "",
            "3": "",
            "4": "",
            "5": "",
            "6": "",
            "7": "",
            "8": "",
            "9": "",
            "10": "",
            "11": "",
            "12": "",
            "13": "",
            "14": "",
            "15": ""
        },
        "tozih": {
            "1": "و نیز در «خلاصة الاذکار» آمده است: که وقت مطالعه بخواند:\n",
            "2": "",
            "3": "",
            "4": "",
            "5": "",
            "6": "",
            "7": "",
            "8": "",
            "9": "",
            "10": "",
            "11": "",
            "12": "",
            "13": "",
            "14": "",
            "15": ""
        }
    }
}