{
  "2": {
    "number": 2,
        "title": "سورة فاتحة ",
      "bab": 4,
      "delay": 0,

      "arabic": {
          "1": "ٍبِسْمِ اللَّهِ الرَّحْمَنِ الرَّحِيمِ ",
          "2": "الْحَمْدُ لِلَّهِ رَبِّ الْعَالَمِينٍَ",
          "3": "الرَّحْمَنِ الرَّحِيمِ ٍ",
          "4": "مَالِكِ يَوْمِ الدِّينٍِ",
          "5": "إِيَّاكَ نَعْبُدُ وَإِيَّاكَ نَسْتَعِينٍُ",
          "6": "ٍاهْدِنَا الصِّرَاطَ الْمُسْتَقِيمَ",
          "7": "ٍصِرَاطَ الَّذِينَ أَنْعَمْتَ عَلَيْهِمْ غَيْرِ الْمَغْضُوبِ عَلَيْهِمْ وَلَا الضَّالِّينَ"
        },
        "farsi": {
          "1": "ٍبه نام خدا که رحمتش بی\u200Cاندازه است و مهربانی\u200Cاش همیشگی",
          "2": "ٍهمۀ ستایش\u200Cها ویژۀ خدا، پروردگار جهانیان است",
          "3": "ٍرحمتش بی\u200Cاندازه است و مهربانی\u200Cاش همیشگی",
          "4": "ٍتنها او فرمانروای روز پاداش و کیفر است",
          "5": "ٍ[پروردگارا!] فقط تو را می\u200Cپرستیم، و [در همۀ امورمان،] تنها از تو یاری می\u200Cخواهیم",
          "6": "ٍما را به راهِ راست راهنمایی کن",
          "7": "راهِ کسانی که نعمت\u200Cها[ی مادی و معنوی] را عطایشان کردی، که نه بر آنان خشم گرفتی و نه گمراهندٍ"
           
        }
    }
}