{
    "2": {
        "number": 2,
        "title": "سورة يونس",
        "bab": 4,
        "delay": 0,
        "arabic": {
            "1": "الر ۚ تِلْكَ آيَاتُ الْكِتَابِ الْحَكِيمِ",
            "2": "أَكَانَ لِلنَّاسِ عَجَبًا أَنْ أَوْحَيْنَا إِلَىٰ رَجُلٍ مِنْهُمْ أَنْ أَنْذِرِ النَّاسَ وَبَشِّرِ الَّذِينَ آمَنُوا أَنَّ لَهُمْ قَدَمَ صِدْقٍ عِنْدَ رَبِّهِمْ ۗ قَالَ الْكَافِرُونَ إِنَّ هَٰذَا لَسَاحِرٌ مُبِينٌ",
            "3": "إِنَّ رَبَّكُمُ اللَّهُ الَّذِي خَلَقَ السَّمَاوَاتِ وَالْأَرْضَ فِي سِتَّةِ أَيَّامٍ ثُمَّ اسْتَوَىٰ عَلَى الْعَرْشِ ۖ يُدَبِّرُ الْأَمْرَ ۖ مَا مِنْ شَفِيعٍ إِلَّا مِنْ بَعْدِ إِذْنِهِ ۚ ذَٰلِكُمُ اللَّهُ رَبُّكُمْ فَاعْبُدُوهُ ۚ أَفَلَا تَذَكَّرُونَ",
            "4": "إِلَيْهِ مَرْجِعُكُمْ جَمِيعًا ۖ وَعْدَ اللَّهِ حَقًّا ۚ إِنَّهُ يَبْدَأُ الْخَلْقَ ثُمَّ يُعِيدُهُ لِيَجْزِيَ الَّذِينَ آمَنُوا وَعَمِلُوا الصَّالِحَاتِ بِالْقِسْطِ ۚ وَالَّذِينَ كَفَرُوا لَهُمْ شَرَابٌ مِنْ حَمِيمٍ وَعَذَابٌ أَلِيمٌ بِمَا كَانُوا يَكْفُرُونَ",
            "5": "هُوَ الَّذِي جَعَلَ الشَّمْسَ ضِيَاءً وَالْقَمَرَ نُورًا وَقَدَّرَهُ مَنَازِلَ لِتَعْلَمُوا عَدَدَ السِّنِينَ وَالْحِسَابَ ۚ مَا خَلَقَ اللَّهُ ذَٰلِكَ إِلَّا بِالْحَقِّ ۚ يُفَصِّلُ الْآيَاتِ لِقَوْمٍ يَعْلَمُونَ",
            "6": "إِنَّ فِي اخْتِلَافِ اللَّيْلِ وَالنَّهَارِ وَمَا خَلَقَ اللَّهُ فِي السَّمَاوَاتِ وَالْأَرْضِ لَآيَاتٍ لِقَوْمٍ يَتَّقُونَ",
            "7": "إِنَّ الَّذِينَ لَا يَرْجُونَ لِقَاءَنَا وَرَضُوا بِالْحَيَاةِ الدُّنْيَا وَاطْمَأَنُّوا بِهَا وَالَّذِينَ هُمْ عَنْ آيَاتِنَا غَافِلُونَ",
            "8": "أُولَٰئِكَ مَأْوَاهُمُ النَّارُ بِمَا كَانُوا يَكْسِبُونَ",
            "9": "إِنَّ الَّذِينَ آمَنُوا وَعَمِلُوا الصَّالِحَاتِ يَهْدِيهِمْ رَبُّهُمْ بِإِيمَانِهِمْ ۖ تَجْرِي مِنْ تَحْتِهِمُ الْأَنْهَارُ فِي جَنَّاتِ النَّعِيمِ",
            "10": "دَعْوَاهُمْ فِيهَا سُبْحَانَكَ اللَّهُمَّ وَتَحِيَّتُهُمْ فِيهَا سَلَامٌ ۚ وَآخِرُ دَعْوَاهُمْ أَنِ الْحَمْدُ لِلَّهِ رَبِّ الْعَالَمِينَ",
            "11": "وَلَوْ يُعَجِّلُ اللَّهُ لِلنَّاسِ الشَّرَّ اسْتِعْجَالَهُمْ بِالْخَيْرِ لَقُضِيَ إِلَيْهِمْ أَجَلُهُمْ ۖ فَنَذَرُ الَّذِينَ لَا يَرْجُونَ لِقَاءَنَا فِي طُغْيَانِهِمْ يَعْمَهُونَ",
            "12": "وَإِذَا مَسَّ الْإِنْسَانَ الضُّرُّ دَعَانَا لِجَنْبِهِ أَوْ قَاعِدًا أَوْ قَائِمًا فَلَمَّا كَشَفْنَا عَنْهُ ضُرَّهُ مَرَّ كَأَنْ لَمْ يَدْعُنَا إِلَىٰ ضُرٍّ مَسَّهُ ۚ كَذَٰلِكَ زُيِّنَ لِلْمُسْرِفِينَ مَا كَانُوا يَعْمَلُونَ",
            "13": "وَلَقَدْ أَهْلَكْنَا الْقُرُونَ مِنْ قَبْلِكُمْ لَمَّا ظَلَمُوا ۙ وَجَاءَتْهُمْ رُسُلُهُمْ بِالْبَيِّنَاتِ وَمَا كَانُوا لِيُؤْمِنُوا ۚ كَذَٰلِكَ نَجْزِي الْقَوْمَ الْمُجْرِمِينَ",
            "14": "ثُمَّ جَعَلْنَاكُمْ خَلَائِفَ فِي الْأَرْضِ مِنْ بَعْدِهِمْ لِنَنْظُرَ كَيْفَ تَعْمَلُونَ",
            "15": "وَإِذَا تُتْلَىٰ عَلَيْهِمْ آيَاتُنَا بَيِّنَاتٍ ۙ قَالَ الَّذِينَ لَا يَرْجُونَ لِقَاءَنَا ائْتِ بِقُرْآنٍ غَيْرِ هَٰذَا أَوْ بَدِّلْهُ ۚ قُلْ مَا يَكُونُ لِي أَنْ أُبَدِّلَهُ مِنْ تِلْقَاءِ نَفْسِي ۖ إِنْ أَتَّبِعُ إِلَّا مَا يُوحَىٰ إِلَيَّ ۖ إِنِّي أَخَافُ إِنْ عَصَيْتُ رَبِّي عَذَابَ يَوْمٍ عَظِيمٍ",
            "16": "قُلْ لَوْ شَاءَ اللَّهُ مَا تَلَوْتُهُ عَلَيْكُمْ وَلَا أَدْرَاكُمْ بِهِ ۖ فَقَدْ لَبِثْتُ فِيكُمْ عُمُرًا مِنْ قَبْلِهِ ۚ أَفَلَا تَعْقِلُونَ",
            "17": "فَمَنْ أَظْلَمُ مِمَّنِ افْتَرَىٰ عَلَى اللَّهِ كَذِبًا أَوْ كَذَّبَ بِآيَاتِهِ ۚ إِنَّهُ لَا يُفْلِحُ الْمُجْرِمُونَ",
            "18": "وَيَعْبُدُونَ مِنْ دُونِ اللَّهِ مَا لَا يَضُرُّهُمْ وَلَا يَنْفَعُهُمْ وَيَقُولُونَ هَٰؤُلَاءِ شُفَعَاؤُنَا عِنْدَ اللَّهِ ۚ قُلْ أَتُنَبِّئُونَ اللَّهَ بِمَا لَا يَعْلَمُ فِي السَّمَاوَاتِ وَلَا فِي الْأَرْضِ ۚ سُبْحَانَهُ وَتَعَالَىٰ عَمَّا يُشْرِكُونَ",
            "19": "وَمَا كَانَ النَّاسُ إِلَّا أُمَّةً وَاحِدَةً فَاخْتَلَفُوا ۚ وَلَوْلَا كَلِمَةٌ سَبَقَتْ مِنْ رَبِّكَ لَقُضِيَ بَيْنَهُمْ فِيمَا فِيهِ يَخْتَلِفُونَ",
            "20": "وَيَقُولُونَ لَوْلَا أُنْزِلَ عَلَيْهِ آيَةٌ مِنْ رَبِّهِ ۖ فَقُلْ إِنَّمَا الْغَيْبُ لِلَّهِ فَانْتَظِرُوا إِنِّي مَعَكُمْ مِنَ الْمُنْتَظِرِينَ",
            "21": "وَإِذَا أَذَقْنَا النَّاسَ رَحْمَةً مِنْ بَعْدِ ضَرَّاءَ مَسَّتْهُمْ إِذَا لَهُمْ مَكْرٌ فِي آيَاتِنَا ۚ قُلِ اللَّهُ أَسْرَعُ مَكْرًا ۚ إِنَّ رُسُلَنَا يَكْتُبُونَ مَا تَمْكُرُونَ",
            "22": "هُوَ الَّذِي يُسَيِّرُكُمْ فِي الْبَرِّ وَالْبَحْرِ ۖ حَتَّىٰ إِذَا كُنْتُمْ فِي الْفُلْكِ وَجَرَيْنَ بِهِمْ بِرِيحٍ طَيِّبَةٍ وَفَرِحُوا بِهَا جَاءَتْهَا رِيحٌ عَاصِفٌ وَجَاءَهُمُ الْمَوْجُ مِنْ كُلِّ مَكَانٍ وَظَنُّوا أَنَّهُمْ أُحِيطَ بِهِمْ ۙ دَعَوُا اللَّهَ مُخْلِصِينَ لَهُ الدِّينَ لَئِنْ أَنْجَيْتَنَا مِنْ هَٰذِهِ لَنَكُونَنَّ مِنَ الشَّاكِرِينَ",
            "23": "فَلَمَّا أَنْجَاهُمْ إِذَا هُمْ يَبْغُونَ فِي الْأَرْضِ بِغَيْرِ الْحَقِّ ۗ يَا أَيُّهَا النَّاسُ إِنَّمَا بَغْيُكُمْ عَلَىٰ أَنْفُسِكُمْ ۖ مَتَاعَ الْحَيَاةِ الدُّنْيَا ۖ ثُمَّ إِلَيْنَا مَرْجِعُكُمْ فَنُنَبِّئُكُمْ بِمَا كُنْتُمْ تَعْمَلُونَ",
            "24": "إِنَّمَا مَثَلُ الْحَيَاةِ الدُّنْيَا كَمَاءٍ أَنْزَلْنَاهُ مِنَ السَّمَاءِ فَاخْتَلَطَ بِهِ نَبَاتُ الْأَرْضِ مِمَّا يَأْكُلُ النَّاسُ وَالْأَنْعَامُ حَتَّىٰ إِذَا أَخَذَتِ الْأَرْضُ زُخْرُفَهَا وَازَّيَّنَتْ وَظَنَّ أَهْلُهَا أَنَّهُمْ قَادِرُونَ عَلَيْهَا أَتَاهَا أَمْرُنَا لَيْلًا أَوْ نَهَارًا فَجَعَلْنَاهَا حَصِيدًا كَأَنْ لَمْ تَغْنَ بِالْأَمْسِ ۚ كَذَٰلِكَ نُفَصِّلُ الْآيَاتِ لِقَوْمٍ يَتَفَكَّرُونَ",
            "25": "وَاللَّهُ يَدْعُو إِلَىٰ دَارِ السَّلَامِ وَيَهْدِي مَنْ يَشَاءُ إِلَىٰ صِرَاطٍ مُسْتَقِيمٍ",
            "26": "لِلَّذِينَ أَحْسَنُوا الْحُسْنَىٰ وَزِيَادَةٌ ۖ وَلَا يَرْهَقُ وُجُوهَهُمْ قَتَرٌ وَلَا ذِلَّةٌ ۚ أُولَٰئِكَ أَصْحَابُ الْجَنَّةِ ۖ هُمْ فِيهَا خَالِدُونَ",
            "27": "وَالَّذِينَ كَسَبُوا السَّيِّئَاتِ جَزَاءُ سَيِّئَةٍ بِمِثْلِهَا وَتَرْهَقُهُمْ ذِلَّةٌ ۖ مَا لَهُمْ مِنَ اللَّهِ مِنْ عَاصِمٍ ۖ كَأَنَّمَا أُغْشِيَتْ وُجُوهُهُمْ قِطَعًا مِنَ اللَّيْلِ مُظْلِمًا ۚ أُولَٰئِكَ أَصْحَابُ النَّارِ ۖ هُمْ فِيهَا خَالِدُونَ",
            "28": "وَيَوْمَ نَحْشُرُهُمْ جَمِيعًا ثُمَّ نَقُولُ لِلَّذِينَ أَشْرَكُوا مَكَانَكُمْ أَنْتُمْ وَشُرَكَاؤُكُمْ ۚ فَزَيَّلْنَا بَيْنَهُمْ ۖ وَقَالَ شُرَكَاؤُهُمْ مَا كُنْتُمْ إِيَّانَا تَعْبُدُونَ",
            "29": "فَكَفَىٰ بِاللَّهِ شَهِيدًا بَيْنَنَا وَبَيْنَكُمْ إِنْ كُنَّا عَنْ عِبَادَتِكُمْ لَغَافِلِينَ",
            "30": "هُنَالِكَ تَبْلُو كُلُّ نَفْسٍ مَا أَسْلَفَتْ ۚ وَرُدُّوا إِلَى اللَّهِ مَوْلَاهُمُ الْحَقِّ ۖ وَضَلَّ عَنْهُمْ مَا كَانُوا يَفْتَرُونَ",
            "31": "قُلْ مَنْ يَرْزُقُكُمْ مِنَ السَّمَاءِ وَالْأَرْضِ أَمَّنْ يَمْلِكُ السَّمْعَ وَالْأَبْصَارَ وَمَنْ يُخْرِجُ الْحَيَّ مِنَ الْمَيِّتِ وَيُخْرِجُ الْمَيِّتَ مِنَ الْحَيِّ وَمَنْ يُدَبِّرُ الْأَمْرَ ۚ فَسَيَقُولُونَ اللَّهُ ۚ فَقُلْ أَفَلَا تَتَّقُونَ",
            "32": "فَذَٰلِكُمُ اللَّهُ رَبُّكُمُ الْحَقُّ ۖ فَمَاذَا بَعْدَ الْحَقِّ إِلَّا الضَّلَالُ ۖ فَأَنَّىٰ تُصْرَفُونَ",
            "33": "كَذَٰلِكَ حَقَّتْ كَلِمَتُ رَبِّكَ عَلَى الَّذِينَ فَسَقُوا أَنَّهُمْ لَا يُؤْمِنُونَ",
            "34": "قُلْ هَلْ مِنْ شُرَكَائِكُمْ مَنْ يَبْدَأُ الْخَلْقَ ثُمَّ يُعِيدُهُ ۚ قُلِ اللَّهُ يَبْدَأُ الْخَلْقَ ثُمَّ يُعِيدُهُ ۖ فَأَنَّىٰ تُؤْفَكُونَ",
            "35": "قُلْ هَلْ مِنْ شُرَكَائِكُمْ مَنْ يَهْدِي إِلَى الْحَقِّ ۚ قُلِ اللَّهُ يَهْدِي لِلْحَقِّ ۗ أَفَمَنْ يَهْدِي إِلَى الْحَقِّ أَحَقُّ أَنْ يُتَّبَعَ أَمَّنْ لَا يَهِدِّي إِلَّا أَنْ يُهْدَىٰ ۖ فَمَا لَكُمْ كَيْفَ تَحْكُمُونَ",
            "36": "وَمَا يَتَّبِعُ أَكْثَرُهُمْ إِلَّا ظَنًّا ۚ إِنَّ الظَّنَّ لَا يُغْنِي مِنَ الْحَقِّ شَيْئًا ۚ إِنَّ اللَّهَ عَلِيمٌ بِمَا يَفْعَلُونَ",
            "37": "وَمَا كَانَ هَٰذَا الْقُرْآنُ أَنْ يُفْتَرَىٰ مِنْ دُونِ اللَّهِ وَلَٰكِنْ تَصْدِيقَ الَّذِي بَيْنَ يَدَيْهِ وَتَفْصِيلَ الْكِتَابِ لَا رَيْبَ فِيهِ مِنْ رَبِّ الْعَالَمِينَ",
            "38": "أَمْ يَقُولُونَ افْتَرَاهُ ۖ قُلْ فَأْتُوا بِسُورَةٍ مِثْلِهِ وَادْعُوا مَنِ اسْتَطَعْتُمْ مِنْ دُونِ اللَّهِ إِنْ كُنْتُمْ صَادِقِينَ",
            "39": "بَلْ كَذَّبُوا بِمَا لَمْ يُحِيطُوا بِعِلْمِهِ وَلَمَّا يَأْتِهِمْ تَأْوِيلُهُ ۚ كَذَٰلِكَ كَذَّبَ الَّذِينَ مِنْ قَبْلِهِمْ ۖ فَانْظُرْ كَيْفَ كَانَ عَاقِبَةُ الظَّالِمِينَ",
            "40": "وَمِنْهُمْ مَنْ يُؤْمِنُ بِهِ وَمِنْهُمْ مَنْ لَا يُؤْمِنُ بِهِ ۚ وَرَبُّكَ أَعْلَمُ بِالْمُفْسِدِينَ",
            "41": "وَإِنْ كَذَّبُوكَ فَقُلْ لِي عَمَلِي وَلَكُمْ عَمَلُكُمْ ۖ أَنْتُمْ بَرِيئُونَ مِمَّا أَعْمَلُ وَأَنَا بَرِيءٌ مِمَّا تَعْمَلُونَ",
            "42": "وَمِنْهُمْ مَنْ يَسْتَمِعُونَ إِلَيْكَ ۚ أَفَأَنْتَ تُسْمِعُ الصُّمَّ وَلَوْ كَانُوا لَا يَعْقِلُونَ",
            "43": "وَمِنْهُمْ مَنْ يَنْظُرُ إِلَيْكَ ۚ أَفَأَنْتَ تَهْدِي الْعُمْيَ وَلَوْ كَانُوا لَا يُبْصِرُونَ",
            "44": "إِنَّ اللَّهَ لَا يَظْلِمُ النَّاسَ شَيْئًا وَلَٰكِنَّ النَّاسَ أَنْفُسَهُمْ يَظْلِمُونَ",
            "45": "وَيَوْمَ يَحْشُرُهُمْ كَأَنْ لَمْ يَلْبَثُوا إِلَّا سَاعَةً مِنَ النَّهَارِ يَتَعَارَفُونَ بَيْنَهُمْ ۚ قَدْ خَسِرَ الَّذِينَ كَذَّبُوا بِلِقَاءِ اللَّهِ وَمَا كَانُوا مُهْتَدِينَ",
            "46": "وَإِمَّا نُرِيَنَّكَ بَعْضَ الَّذِي نَعِدُهُمْ أَوْ نَتَوَفَّيَنَّكَ فَإِلَيْنَا مَرْجِعُهُمْ ثُمَّ اللَّهُ شَهِيدٌ عَلَىٰ مَا يَفْعَلُونَ",
            "47": "وَلِكُلِّ أُمَّةٍ رَسُولٌ ۖ فَإِذَا جَاءَ رَسُولُهُمْ قُضِيَ بَيْنَهُمْ بِالْقِسْطِ وَهُمْ لَا يُظْلَمُونَ",
            "48": "وَيَقُولُونَ مَتَىٰ هَٰذَا الْوَعْدُ إِنْ كُنْتُمْ صَادِقِينَ",
            "49": "قُلْ لَا أَمْلِكُ لِنَفْسِي ضَرًّا وَلَا نَفْعًا إِلَّا مَا شَاءَ اللَّهُ ۗ لِكُلِّ أُمَّةٍ أَجَلٌ ۚ إِذَا جَاءَ أَجَلُهُمْ فَلَا يَسْتَأْخِرُونَ سَاعَةً ۖ وَلَا يَسْتَقْدِمُونَ",
            "50": "قُلْ أَرَأَيْتُمْ إِنْ أَتَاكُمْ عَذَابُهُ بَيَاتًا أَوْ نَهَارًا مَاذَا يَسْتَعْجِلُ مِنْهُ الْمُجْرِمُونَ",
            "51": "أَثُمَّ إِذَا مَا وَقَعَ آمَنْتُمْ بِهِ ۚ آلْآنَ وَقَدْ كُنْتُمْ بِهِ تَسْتَعْجِلُونَ",
            "52": "ثُمَّ قِيلَ لِلَّذِينَ ظَلَمُوا ذُوقُوا عَذَابَ الْخُلْدِ هَلْ تُجْزَوْنَ إِلَّا بِمَا كُنْتُمْ تَكْسِبُونَ",
            "53": "وَيَسْتَنْبِئُونَكَ أَحَقٌّ هُوَ ۖ قُلْ إِي وَرَبِّي إِنَّهُ لَحَقٌّ ۖ وَمَا أَنْتُمْ بِمُعْجِزِينَ",
            "54": "وَلَوْ أَنَّ لِكُلِّ نَفْسٍ ظَلَمَتْ مَا فِي الْأَرْضِ لَافْتَدَتْ بِهِ ۗ وَأَسَرُّوا النَّدَامَةَ لَمَّا رَأَوُا الْعَذَابَ ۖ وَقُضِيَ بَيْنَهُمْ بِالْقِسْطِ ۚ وَهُمْ لَا يُظْلَمُونَ",
            "55": "أَلَا إِنَّ لِلَّهِ مَا فِي السَّمَاوَاتِ وَالْأَرْضِ ۗ أَلَا إِنَّ وَعْدَ اللَّهِ حَقٌّ وَلَٰكِنَّ أَكْثَرَهُمْ لَا يَعْلَمُونَ",
            "56": "هُوَ يُحْيِي وَيُمِيتُ وَإِلَيْهِ تُرْجَعُونَ",
            "57": "يَا أَيُّهَا النَّاسُ قَدْ جَاءَتْكُمْ مَوْعِظَةٌ مِنْ رَبِّكُمْ وَشِفَاءٌ لِمَا فِي الصُّدُورِ وَهُدًى وَرَحْمَةٌ لِلْمُؤْمِنِينَ",
            "58": "قُلْ بِفَضْلِ اللَّهِ وَبِرَحْمَتِهِ فَبِذَٰلِكَ فَلْيَفْرَحُوا هُوَ خَيْرٌ مِمَّا يَجْمَعُونَ",
            "59": "قُلْ أَرَأَيْتُمْ مَا أَنْزَلَ اللَّهُ لَكُمْ مِنْ رِزْقٍ فَجَعَلْتُمْ مِنْهُ حَرَامًا وَحَلَالًا قُلْ آللَّهُ أَذِنَ لَكُمْ ۖ أَمْ عَلَى اللَّهِ تَفْتَرُونَ",
            "60": "وَمَا ظَنُّ الَّذِينَ يَفْتَرُونَ عَلَى اللَّهِ الْكَذِبَ يَوْمَ الْقِيَامَةِ ۗ إِنَّ اللَّهَ لَذُو فَضْلٍ عَلَى النَّاسِ وَلَٰكِنَّ أَكْثَرَهُمْ لَا يَشْكُرُونَ",
            "61": "وَمَا تَكُونُ فِي شَأْنٍ وَمَا تَتْلُو مِنْهُ مِنْ قُرْآنٍ وَلَا تَعْمَلُونَ مِنْ عَمَلٍ إِلَّا كُنَّا عَلَيْكُمْ شُهُودًا إِذْ تُفِيضُونَ فِيهِ ۚ وَمَا يَعْزُبُ عَنْ رَبِّكَ مِنْ مِثْقَالِ ذَرَّةٍ فِي الْأَرْضِ وَلَا فِي السَّمَاءِ وَلَا أَصْغَرَ مِنْ ذَٰلِكَ وَلَا أَكْبَرَ إِلَّا فِي كِتَابٍ مُبِينٍ",
            "62": "أَلَا إِنَّ أَوْلِيَاءَ اللَّهِ لَا خَوْفٌ عَلَيْهِمْ وَلَا هُمْ يَحْزَنُونَ",
            "63": "الَّذِينَ آمَنُوا وَكَانُوا يَتَّقُونَ",
            "64": "لَهُمُ الْبُشْرَىٰ فِي الْحَيَاةِ الدُّنْيَا وَفِي الْآخِرَةِ ۚ لَا تَبْدِيلَ لِكَلِمَاتِ اللَّهِ ۚ ذَٰلِكَ هُوَ الْفَوْزُ الْعَظِيمُ",
            "65": "وَلَا يَحْزُنْكَ قَوْلُهُمْ ۘ إِنَّ الْعِزَّةَ لِلَّهِ جَمِيعًا ۚ هُوَ السَّمِيعُ الْعَلِيمُ",
            "66": "أَلَا إِنَّ لِلَّهِ مَنْ فِي السَّمَاوَاتِ وَمَنْ فِي الْأَرْضِ ۗ وَمَا يَتَّبِعُ الَّذِينَ يَدْعُونَ مِنْ دُونِ اللَّهِ شُرَكَاءَ ۚ إِنْ يَتَّبِعُونَ إِلَّا الظَّنَّ وَإِنْ هُمْ إِلَّا يَخْرُصُونَ",
            "67": "هُوَ الَّذِي جَعَلَ لَكُمُ اللَّيْلَ لِتَسْكُنُوا فِيهِ وَالنَّهَارَ مُبْصِرًا ۚ إِنَّ فِي ذَٰلِكَ لَآيَاتٍ لِقَوْمٍ يَسْمَعُونَ",
            "68": "قَالُوا اتَّخَذَ اللَّهُ وَلَدًا ۗ سُبْحَانَهُ ۖ هُوَ الْغَنِيُّ ۖ لَهُ مَا فِي السَّمَاوَاتِ وَمَا فِي الْأَرْضِ ۚ إِنْ عِنْدَكُمْ مِنْ سُلْطَانٍ بِهَٰذَا ۚ أَتَقُولُونَ عَلَى اللَّهِ مَا لَا تَعْلَمُونَ",
            "69": "قُلْ إِنَّ الَّذِينَ يَفْتَرُونَ عَلَى اللَّهِ الْكَذِبَ لَا يُفْلِحُونَ",
            "70": "مَتَاعٌ فِي الدُّنْيَا ثُمَّ إِلَيْنَا مَرْجِعُهُمْ ثُمَّ نُذِيقُهُمُ الْعَذَابَ الشَّدِيدَ بِمَا كَانُوا يَكْفُرُونَ",
            "71": "وَاتْلُ عَلَيْهِمْ نَبَأَ نُوحٍ إِذْ قَالَ لِقَوْمِهِ يَا قَوْمِ إِنْ كَانَ كَبُرَ عَلَيْكُمْ مَقَامِي وَتَذْكِيرِي بِآيَاتِ اللَّهِ فَعَلَى اللَّهِ تَوَكَّلْتُ فَأَجْمِعُوا أَمْرَكُمْ وَشُرَكَاءَكُمْ ثُمَّ لَا يَكُنْ أَمْرُكُمْ عَلَيْكُمْ غُمَّةً ثُمَّ اقْضُوا إِلَيَّ وَلَا تُنْظِرُونِ",
            "72": "فَإِنْ تَوَلَّيْتُمْ فَمَا سَأَلْتُكُمْ مِنْ أَجْرٍ ۖ إِنْ أَجْرِيَ إِلَّا عَلَى اللَّهِ ۖ وَأُمِرْتُ أَنْ أَكُونَ مِنَ الْمُسْلِمِينَ",
            "73": "فَكَذَّبُوهُ فَنَجَّيْنَاهُ وَمَنْ مَعَهُ فِي الْفُلْكِ وَجَعَلْنَاهُمْ خَلَائِفَ وَأَغْرَقْنَا الَّذِينَ كَذَّبُوا بِآيَاتِنَا ۖ فَانْظُرْ كَيْفَ كَانَ عَاقِبَةُ الْمُنْذَرِينَ",
            "74": "ثُمَّ بَعَثْنَا مِنْ بَعْدِهِ رُسُلًا إِلَىٰ قَوْمِهِمْ فَجَاءُوهُمْ بِالْبَيِّنَاتِ فَمَا كَانُوا لِيُؤْمِنُوا بِمَا كَذَّبُوا بِهِ مِنْ قَبْلُ ۚ كَذَٰلِكَ نَطْبَعُ عَلَىٰ قُلُوبِ الْمُعْتَدِينَ",
            "75": "ثُمَّ بَعَثْنَا مِنْ بَعْدِهِمْ مُوسَىٰ وَهَارُونَ إِلَىٰ فِرْعَوْنَ وَمَلَئِهِ بِآيَاتِنَا فَاسْتَكْبَرُوا وَكَانُوا قَوْمًا مُجْرِمِينَ",
            "76": "فَلَمَّا جَاءَهُمُ الْحَقُّ مِنْ عِنْدِنَا قَالُوا إِنَّ هَٰذَا لَسِحْرٌ مُبِينٌ",
            "77": "قَالَ مُوسَىٰ أَتَقُولُونَ لِلْحَقِّ لَمَّا جَاءَكُمْ ۖ أَسِحْرٌ هَٰذَا وَلَا يُفْلِحُ السَّاحِرُونَ",
            "78": "قَالُوا أَجِئْتَنَا لِتَلْفِتَنَا عَمَّا وَجَدْنَا عَلَيْهِ آبَاءَنَا وَتَكُونَ لَكُمَا الْكِبْرِيَاءُ فِي الْأَرْضِ وَمَا نَحْنُ لَكُمَا بِمُؤْمِنِينَ",
            "79": "وَقَالَ فِرْعَوْنُ ائْتُونِي بِكُلِّ سَاحِرٍ عَلِيمٍ",
            "80": "فَلَمَّا جَاءَ السَّحَرَةُ قَالَ لَهُمْ مُوسَىٰ أَلْقُوا مَا أَنْتُمْ مُلْقُونَ",
            "81": "فَلَمَّا أَلْقَوْا قَالَ مُوسَىٰ مَا جِئْتُمْ بِهِ السِّحْرُ ۖ إِنَّ اللَّهَ سَيُبْطِلُهُ ۖ إِنَّ اللَّهَ لَا يُصْلِحُ عَمَلَ الْمُفْسِدِينَ",
            "82": "وَيُحِقُّ اللَّهُ الْحَقَّ بِكَلِمَاتِهِ وَلَوْ كَرِهَ الْمُجْرِمُونَ",
            "83": "فَمَا آمَنَ لِمُوسَىٰ إِلَّا ذُرِّيَّةٌ مِنْ قَوْمِهِ عَلَىٰ خَوْفٍ مِنْ فِرْعَوْنَ وَمَلَئِهِمْ أَنْ يَفْتِنَهُمْ ۚ وَإِنَّ فِرْعَوْنَ لَعَالٍ فِي الْأَرْضِ وَإِنَّهُ لَمِنَ الْمُسْرِفِينَ",
            "84": "وَقَالَ مُوسَىٰ يَا قَوْمِ إِنْ كُنْتُمْ آمَنْتُمْ بِاللَّهِ فَعَلَيْهِ تَوَكَّلُوا إِنْ كُنْتُمْ مُسْلِمِينَ",
            "85": "فَقَالُوا عَلَى اللَّهِ تَوَكَّلْنَا رَبَّنَا لَا تَجْعَلْنَا فِتْنَةً لِلْقَوْمِ الظَّالِمِينَ",
            "86": "وَنَجِّنَا بِرَحْمَتِكَ مِنَ الْقَوْمِ الْكَافِرِينَ",
            "87": "وَأَوْحَيْنَا إِلَىٰ مُوسَىٰ وَأَخِيهِ أَنْ تَبَوَّآ لِقَوْمِكُمَا بِمِصْرَ بُيُوتًا وَاجْعَلُوا بُيُوتَكُمْ قِبْلَةً وَأَقِيمُوا الصَّلَاةَ ۗ وَبَشِّرِ الْمُؤْمِنِينَ",
            "88": "وَقَالَ مُوسَىٰ رَبَّنَا إِنَّكَ آتَيْتَ فِرْعَوْنَ وَمَلَأَهُ زِينَةً وَأَمْوَالًا فِي الْحَيَاةِ الدُّنْيَا رَبَّنَا لِيُضِلُّوا عَنْ سَبِيلِكَ ۖ رَبَّنَا اطْمِسْ عَلَىٰ أَمْوَالِهِمْ وَاشْدُدْ عَلَىٰ قُلُوبِهِمْ فَلَا يُؤْمِنُوا حَتَّىٰ يَرَوُا الْعَذَابَ الْأَلِيمَ",
            "89": "قَالَ قَدْ أُجِيبَتْ دَعْوَتُكُمَا فَاسْتَقِيمَا وَلَا تَتَّبِعَانِّ سَبِيلَ الَّذِينَ لَا يَعْلَمُونَ",
            "90": "وَجَاوَزْنَا بِبَنِي إِسْرَائِيلَ الْبَحْرَ فَأَتْبَعَهُمْ فِرْعَوْنُ وَجُنُودُهُ بَغْيًا وَعَدْوًا ۖ حَتَّىٰ إِذَا أَدْرَكَهُ الْغَرَقُ قَالَ آمَنْتُ أَنَّهُ لَا إِلَٰهَ إِلَّا الَّذِي آمَنَتْ بِهِ بَنُو إِسْرَائِيلَ وَأَنَا مِنَ الْمُسْلِمِينَ",
            "91": "آلْآنَ وَقَدْ عَصَيْتَ قَبْلُ وَكُنْتَ مِنَ الْمُفْسِدِينَ",
            "92": "فَالْيَوْمَ نُنَجِّيكَ بِبَدَنِكَ لِتَكُونَ لِمَنْ خَلْفَكَ آيَةً ۚ وَإِنَّ كَثِيرًا مِنَ النَّاسِ عَنْ آيَاتِنَا لَغَافِلُونَ",
            "93": "وَلَقَدْ بَوَّأْنَا بَنِي إِسْرَائِيلَ مُبَوَّأَ صِدْقٍ وَرَزَقْنَاهُمْ مِنَ الطَّيِّبَاتِ فَمَا اخْتَلَفُوا حَتَّىٰ جَاءَهُمُ الْعِلْمُ ۚ إِنَّ رَبَّكَ يَقْضِي بَيْنَهُمْ يَوْمَ الْقِيَامَةِ فِيمَا كَانُوا فِيهِ يَخْتَلِفُونَ",
            "94": "فَإِنْ كُنْتَ فِي شَكٍّ مِمَّا أَنْزَلْنَا إِلَيْكَ فَاسْأَلِ الَّذِينَ يَقْرَءُونَ الْكِتَابَ مِنْ قَبْلِكَ ۚ لَقَدْ جَاءَكَ الْحَقُّ مِنْ رَبِّكَ فَلَا تَكُونَنَّ مِنَ الْمُمْتَرِينَ",
            "95": "وَلَا تَكُونَنَّ مِنَ الَّذِينَ كَذَّبُوا بِآيَاتِ اللَّهِ فَتَكُونَ مِنَ الْخَاسِرِينَ",
            "96": "إِنَّ الَّذِينَ حَقَّتْ عَلَيْهِمْ كَلِمَتُ رَبِّكَ لَا يُؤْمِنُونَ",
            "97": "وَلَوْ جَاءَتْهُمْ كُلُّ آيَةٍ حَتَّىٰ يَرَوُا الْعَذَابَ الْأَلِيمَ",
            "98": "فَلَوْلَا كَانَتْ قَرْيَةٌ آمَنَتْ فَنَفَعَهَا إِيمَانُهَا إِلَّا قَوْمَ يُونُسَ لَمَّا آمَنُوا كَشَفْنَا عَنْهُمْ عَذَابَ الْخِزْيِ فِي الْحَيَاةِ الدُّنْيَا وَمَتَّعْنَاهُمْ إِلَىٰ حِينٍ",
            "99": "وَلَوْ شَاءَ رَبُّكَ لَآمَنَ مَنْ فِي الْأَرْضِ كُلُّهُمْ جَمِيعًا ۚ أَفَأَنْتَ تُكْرِهُ النَّاسَ حَتَّىٰ يَكُونُوا مُؤْمِنِينَ",
            "100": "وَمَا كَانَ لِنَفْسٍ أَنْ تُؤْمِنَ إِلَّا بِإِذْنِ اللَّهِ ۚ وَيَجْعَلُ الرِّجْسَ عَلَى الَّذِينَ لَا يَعْقِلُونَ",
            "101": "قُلِ انْظُرُوا مَاذَا فِي السَّمَاوَاتِ وَالْأَرْضِ ۚ وَمَا تُغْنِي الْآيَاتُ وَالنُّذُرُ عَنْ قَوْمٍ لَا يُؤْمِنُونَ",
            "102": "فَهَلْ يَنْتَظِرُونَ إِلَّا مِثْلَ أَيَّامِ الَّذِينَ خَلَوْا مِنْ قَبْلِهِمْ ۚ قُلْ فَانْتَظِرُوا إِنِّي مَعَكُمْ مِنَ الْمُنْتَظِرِينَ",
            "103": "ثُمَّ نُنَجِّي رُسُلَنَا وَالَّذِينَ آمَنُوا ۚ كَذَٰلِكَ حَقًّا عَلَيْنَا نُنْجِ الْمُؤْمِنِينَ",
            "104": "قُلْ يَا أَيُّهَا النَّاسُ إِنْ كُنْتُمْ فِي شَكٍّ مِنْ دِينِي فَلَا أَعْبُدُ الَّذِينَ تَعْبُدُونَ مِنْ دُونِ اللَّهِ وَلَٰكِنْ أَعْبُدُ اللَّهَ الَّذِي يَتَوَفَّاكُمْ ۖ وَأُمِرْتُ أَنْ أَكُونَ مِنَ الْمُؤْمِنِينَ",
            "105": "وَأَنْ أَقِمْ وَجْهَكَ لِلدِّينِ حَنِيفًا وَلَا تَكُونَنَّ مِنَ الْمُشْرِكِينَ",
            "106": "وَلَا تَدْعُ مِنْ دُونِ اللَّهِ مَا لَا يَنْفَعُكَ وَلَا يَضُرُّكَ ۖ فَإِنْ فَعَلْتَ فَإِنَّكَ إِذًا مِنَ الظَّالِمِينَ",
            "107": "وَإِنْ يَمْسَسْكَ اللَّهُ بِضُرٍّ فَلَا كَاشِفَ لَهُ إِلَّا هُوَ ۖ وَإِنْ يُرِدْكَ بِخَيْرٍ فَلَا رَادَّ لِفَضْلِهِ ۚ يُصِيبُ بِهِ مَنْ يَشَاءُ مِنْ عِبَادِهِ ۚ وَهُوَ الْغَفُورُ الرَّحِيمُ",
            "108": "قُلْ يَا أَيُّهَا النَّاسُ قَدْ جَاءَكُمُ الْحَقُّ مِنْ رَبِّكُمْ ۖ فَمَنِ اهْتَدَىٰ فَإِنَّمَا يَهْتَدِي لِنَفْسِهِ ۖ وَمَنْ ضَلَّ فَإِنَّمَا يَضِلُّ عَلَيْهَا ۖ وَمَا أَنَا عَلَيْكُمْ بِوَكِيلٍ",
            "109": "وَاتَّبِعْ مَا يُوحَىٰ إِلَيْكَ وَاصْبِرْ حَتَّىٰ يَحْكُمَ اللَّهُ ۚ وَهُوَ خَيْرُ الْحَاكِمِينَ"
        },
        "farsi": {
            "1": "\nالف، لام، راء. این آیاتِ [باعظمتِ] کتابِ استوار است ",
            "2": " آیا برای مردم شگفت آور است که بر مردی از خودشان وحی فرستادیم که: مردم را [از عواقب شومِ کفر و شرک] هشدار ده! و به مؤمنان مژده ده که آنان را نزد پروردگارشان پیشینه ای نیک [و جایگاهی با ارزش] است، کافرانِ [لجوج و متکبّر] گفتند: همانا این مرد جادوگری آشکار است! ",
            "3": " بی تردید پروردگارِ شما خداوندِ یکتاست که آسمان ها و زمین را طی شش دوره پدید آورد، آن گاه بر تخت [فرمانروایی بر جهان] چیره شد، همواره امور [جهان] را [با قوانینی منظم و استوار] تدبیر می کند، [کار] هیچ واسطه ای [در به جریان انداختن امور،] جز پس از خواست او نیست، این است خداوندِ یکتا پروردگار شما؛ بنابراین فقط او را بپرستید، آیا متذکرِ [ توحید و اوصاف خداوند، و این که تنها او فرمانروای جهان است] نمی شوید؟",
            "4": " بازگشت همۀ شما فقط به سوی اوست، وعدۀ خداوند [در مورد بازگشتتان به سوی او] حتمی و تخلّف ناپذیر است، اوست که آفرینش را آغاز می کند، سپس آن را [بعد از فروپاشیدنش] بازمی گرداند تا مؤمنانی را که کارهای شایسته انجام داده اند به عدالت پاداش دهد، برای کافران به کیفر کفرشان شربتی از آب بسیار جوشان و عذابی دردناک است ",
            "5": " اوست که خورشید را درخشان و ماه را تابان قرار داد، و برای ماه منازلی [چون هلال، تربیع، بَدر و مُحاق] مقدّر نمود تا شمار سال ها و حساب [دیگر اوقات زندگی، و تنظیم برنامه های معاش] را بدانید، خداوند آن ها را جز به درستی نیافریده، او نشانه ها[ی توحید و ربوبیت] را برای مردمِ دانا روشن و واضح بیان می کند ",
            "6": " یقیناً در رفت وآمدِ شب و روز، و آنچه خداوند در آسمان ها و زمین پدید آورده برای تقواپیشگان نشانه هایی [بر توحید و قدرت بی نهایت خداوند] است ",
            "7": "\n \nقطعاً کسانی که به لقای ما امید ندارند و فقط به زندگی دنیا دلخوشند و به آن آرامش یافته اند، و آنان که از آیات ما بی خبرند ",
            "8": " همه و همه به [کیفر] گناهانی که همواره مرتکب می شدند جایگاهشان آتش است ",
            "9": " بدون شک مؤمنانی که کارهای شایسته انجام داده اند پروردگارشان آنان را به سبب ایمانشان به بهشت های پُرنعمت که از زیر [درختان] آن نهرها جاری است راهنمایی می کند ",
            "10": " [آغاز] نیایش آن ها در آن جا این است که: خداوندا! [از هر عیب و نقصی] پاک و منزّهی. و در آن جا درودشان [به یکدیگر] سلام است، و پایان بخش نیایششان این است که: همۀ ستایش ها ویژۀ خدا پروردگار جهانیان است ",
            "11": " اگر خداوند در رساندن عذاب به کافران شتاب می کرد، همان گونه که رفاه و خوشی را به شتاب می خواستند، مسلّماً مدت عمرشان [با نزول عذاب] پایان می گرفت، پس کسانی را که به لقای ما امید ندارند رها می کنیم تا همواره در تجاوزشان به شدت سرگردان بمانند ",
            "12": " چون به انسان آسیب [و سیه روزی] رسد، ما را به حال خوابیده و نشسته و ایستاده به یاری می خواند، ولی زمانی که آسیب [و سیه روزی] اش را برطرف کنیم، چنان [به راه ناسپاسی و گردن کشی] می رود که گویی هرگز ما را برای [برطرف کردن] آسیب و سیه روزی که به او رسیده بود [به یاری] نخوانده! این گونه برای متجاوزان اعمالی که همواره انجام می دادند زیبا جلوه داده شده [که زشتی آن را نمی فهمند ]",
            "13": " قطعاً اقوام پیش از شما را هنگامی که [به آیات ما و به خود و دیگران] ستم ورزیدند هلاک کردیم، درحالی که پیامبرانشان برای آنان [جهت تأمین سعادتشان] دلایل روشن آوردند، ولی آنان بر آن نبودند که ایمان آورند، ما این گونه مردمِ گنه پیشه را کیفر می دهیم ",
            "14": " سپس شما را پس از آنان در زمین جانشین قرار دادیم تا [بر پایۀ سنّتِ آزمایش] بنگریم چگونه عمل می کنید؟",
            "15": "\n \nزمانی که آیات روشن ما را بر آنان می خوانند کسانی که لقای ما را امید ندارند [از روی عناد و لجاجت به پیامبر] می گویند: قرآنی غیرِ این بیاور، یا آن را [به صورتی که خوشایند ماست] تغییر ده! بگو: مرا نرسد که آن را از نزد خود تغییر دهم، جز آنچه را به من وحی می شود پیروی نمی کنم، اگر از پروردگارم نافرمانی کنم [بر این نافرمانی ام] از عذاب روزی بزرگ می ترسم ",
            "16": " بگو: اگر خداوند می خواست آن را بر شما نمی خواندم، و او هم شما را به آن آگاه نمی کرد، همانا مدت ها پیش از [نزول] قرآن در بین شما بودم[و ادعای پیامبری نداشتم، اکنون صِدق نبوتم را با قرآن اثبات می کنم،] آیا نمی اندیشید؟",
            "17": " بنابراین ستمکارتر از کسی که بر خداوند دروغ بندد، یا آیاتش را انکار کند کیست؟ مسلّماً گنه پیشگان [در هیچ کاری] پیروز نمی شوند ",
            "18": " آنان به جای خداوند چیزهایی را می پرستند که نه زیانی به آنان می رسانند، و نه سودی به آنان می دهند، می گویند: اینان شفیعانِ ما نزد خدایند، بگو: آیا خدا را به شفیعانی خبر می دهید که او در آسمان ها و زمین خبری از وجود آنان ندارد؟ [چون اگر وجود داشتند علمِ بی نهایت او به آنان هم مانند دیگر موجودات تعلق می گرفت،] او از آنچه که به نام شفیع و شریک [در کارگردانی] او قرار می دهند منزّه و برتر است ",
            "19": " مردم [در شروع زندگی] جز امت واحدی [بر محور توحید نبودند،] ولی دربارۀ آن دچار اختلاف شدند، [گروهی موحّد مانده، و دسته ای مشرک شدند،] و اگر از سوی پروردگارت فرمانی [مبنی بر تأخیر عذاب] سبقت نیافته بود، مسلّماً در آنچه [از توحید و شرک] اختلاف کردند بینشان داوری می شد، [سپس مشرکانِ اختلاف انداز به دنبال آن داوری نابود می شدند] ",
            "20": " می گویند: چرا از سوی پروردگارش معجزه ای [بر اساس دلخواه ما] نازل نشده؟ بگو: [معجزه از ناحیۀ] غیب [است که] ویژۀ خداست [نه به دلخواه شما]، [پس به سبب روی گرداندن از قرآن که آن را معجزۀ غیبی نمی دانید] منتظر [عذاب] باشید، که من هم با شما از منتظرانم ",
            "21": "\n \nچون مردم را پس از سیه روزی و آسیبی که به آنان رسیده خوشی و رفاه بچشانیم [به جای سپاس و ستایش، در برابر نعمتِ خوشی و رفاه ] بی درنگ در مورد آیات [قرآنِ] ما به نیرنگ [و بداندیشی] برمی خیزند [و برای نپذیرفتن آیات به بهانه های واهی متوسل می شوند]، بگو: خداوند در مجازات، سریع تر [و کارآمدتر] است، مسلّماً فرستادگان ما [که مأموران نوشتن اعمالند] آنچه نیرنگ [و بداندیشی] می کنید [در نامۀ اعمالتان] می نویسند ",
            "22": " او کسی است که شما را در خشکی و دریا حرکت می دهد، تا زمانی که سوار کشتی می شوید، و کشتی مسافرانش را با بادی آرام حرکت دهد، و کشتی نشینان به آن باد آرام شادمان شوند، ناگهان بادی سهمگین و تند به آن کشتی وزد، و از هر طرف موجی بر آنان بتازد، و یقین کنند که [در محاصرۀ آن امواج خطرناک در معرض هلاکتند، و] راه نجاتی ندارند، [در آن موقعیت سخت] خدا را درحالی که اعتقادشان را از هرگونه شرکی می زدایند به یاری می خوانند که: اگر ما را از این [عرصه هلاکت بار] نجات دهی مسلماً از سپاس گزاران خواهیم شد ",
            "23": " چون آنان را نجات دهد ناگهان در زمین [به آیات حق و حقوق مردم] ظالمانه تجاوز می کنند. ای مردم! تجاوز شما فقط به زیان خود شماست، [چند روزی محدود از] کالای زندگی دنیا [بهره می برید]، آن گاه بازگشتتان به سوی ماست، پس شما را به اعمالی که همواره انجام می دادید آگاه می کنیم ",
            "24": " جز این نیست که زندگی دنیا [در زودگذربودن و پایان یافتن] مانند آبی است که از آسمان فرستادیم، پس روییدنی های زمین از آنچه مردم و چهاپایان از آن می خورند با آن آب درآمیخت، و نهایتاً رشد و نموّ یافت تاجایی که زمین [سرسبزی و] زیبایی اش را [از آن همه روییدنی های متنوع و رنگارنگ، بر خود] می گیرد و آراسته می گردد، و اهل آن یقین می کنند که قدرتِ بر [بهره برداری از] آن [همه سرسبزی و زیبایی را] دارند، ناگهان فرمان ما در شبی یا روزی [به صورت سرمایی سخت یا صاعقه ای آتش زا یا سیلی بنیان کن] به زمین می رسد، در نتیجه همۀ روییدنی ها را به صورت [گیاهان خشک] دِروشده درمی آوریم، که گویی دیروز [چنین سرسبزی و زیبایی] وجود نداشته، ما این گونه، نشانه ها[ی قدرت خود] را برای اندیشمندان [که از هر رویدادی درس می گیرند] بیان می کنیم ",
            "25": " خداوند [مردم را] به سرای امنیت [که بهشت است] دعوت می کند، و هرکه را بخواهد به راهی مستقیم راهنمایی می کند ",
            "26": "\n \nبرای آنان که [در سایۀ ایمانشان] عمل نیکو انجام دادند بهترین [پاداش] و افزونی [غیر قابل وصف] است، غبار پستی و خواری چهره های آنان را نمی پوشاند، آنان اهل بهشتند [و] در آن جاودانه اند ",
            "27": " کسانی که مرتکب بدی ها شدند، کیفرِ بدی، مانند همان بدی است، آنان را ذلّتی [فوق تصور] فرامی گیرد، برای آنان هیچ نگهدارنده ای از [عذابِ] خدا نیست، گویی چهره هایشان [از شدت سیاهی] با پاره هایی از شبِ تار پوشیده شده، آنان اهل آتشند و در آن جاودانه اند ",
            "28": " [به یاد آرید] روزی که همۀ آنان را جمع می کنیم، سپس به مشرکان می گوییم: شما و معبودهایتان در جای خود [برای حسابرسی] بایستید! پس بین آنان و معبودانشان جدایی می اندازیم، معبودانشان [به آنان] می گویند: شما در دنیا ما را نمی پرستیدید، [چون ما شریکان خدا نبودیم؛ زیرا خداوند شریک نداشت.] ",
            "29": " کافی است که خداوند بین ما و شما گواه باشد به این که ما قطعاً از پرستش شما [نسبت به خود] بی خبر بودیم ",
            "30": " آن جاست که هرکس آنچه را از پیش فرستاده [از نظر ارزش داشتن یا نداشتن] می آزماید، و همه را به سوی خداوند سرپرست حقیقی خود بازمی گردانند، و آنچه را همواره به دروغ [شریک خدا] انگاشته بودند از دستشان می رود ",
            "31": " بگو: چه کسی شما را از آسمان و زمین روزی می دهد؟ یا چه کسی مالک گوش و چشم هاست؟ و چه کسی زنده را از مرده، و مرده را از زنده بیرون می آورد؟ و چه کسی همواره امور [جهان و نظام هستی را] تدبیر می کند؟ مسلّماً خواهند گفت: خدا. پس بگو: آیا [از پرستش غیر او، هرچه و هرکه هست] پرهیز نمی کنید؟",
            "32": " این است خداوند یکتا پروردگار حقیقی شما؛ بنابراین آیا بعد از حق جز گمراهی است؟ پس چگونه شما را [از حق] رویگردان می کنند؟",
            "33": " این گونه، وعدۀ قطعی پروردگارت بر منحرفان نافرمان جریان یافته که ایمان نمی آورند ",
            "34": "\n \nبگو: آیا از معبودانتان کسی هست که آفرینش را آغاز کند، سپس آن را [بعد از فروپاشیدنش] بازگرداند؟ بگو: فقط خداست که آفرینش را پدید می آورد، سپس آن را [به قیامت] بازمی گرداند، [با توجه به بی اثربودن معبودانتان،] چگونه شما را [از حق به باطل] منحرف می کنند؟",
            "35": " بگو: آیا از معبودانتان کسی هست که به سوی حق هدایت کند؟ بگو: فقط خداست که به سوی حق هدایت می کند؛ بنابراین کسی که به سوی حق هدایت می کند برای پیروی شدن شایسته تر است، یا کسی که هدایت نمی یابد مگر آن که هدایتش کنند؟ شما را چه شده، چگونه داوری می کنید ؟",
            "36": " بیشترشان [در اعتقاداتشان] جز از گمانِ [بی پایه] پیروی نمی کنند، مسلّماً گمان [بی پایه] به هیچ صورت [انسان را] از دانشِ استوار بی نیاز نمی کند، مسلّماً خداوند به آنچه انجام می دهند داناست ",
            "37": " چنین نیست که این قرآن [که سراسرش حکمت و دانش، و در نهایتِ فصاحت و بلاغت است] ساخته شده کسی غیر خداوند باشد، بلکه تصدیق کنندۀ [حقانیت کتاب های] پیش از خود، و توضیح دهندۀ [آن] کتاب [ها] است، در این که از سوی پروردگار جهانیان است هیچ شکی نیست ",
            "38": " گرچه [این ابلهانِ کافر] می گویند: [پیامبر] آن را به دروغ [به خداوند] نسبت داده! بگو: اگر در ادعای خود راستگویید سوره ای مانند آن بیاورید و هرکه را می توانید در برابر خداوند [برای این کار] دعوت کنید ",
            "39": " آری، [جاهلانه] حقیقتی را تکذیب کردند که به معارف و مفاهیمش احاطه نداشتند، و هنوز تفسیر [عینی آیات] آن [که در قیامت ظهور می کند] برای آنان نیامده، گذشتگانشان نیز [آیات الهی را] به همین صورت تکذیب کردند، پس با دقت بنگر که فرجام ستمکاران چگونه بود؟",
            "40": " گروهی از مردم [که اهل دانش و انصافند] به قرآن ایمان می آورند، و جمعی [هم] ایمان نمی آورند، پروردگارت به تبهکارانِ فتنه گر داناتر است ",
            "41": " چنانچه تو را انکار کردند [تاجایی که از مؤمن شدنشان ناامید شدی] بگو: عمل من برای من، و عمل شما برای شماست، شما از آنچه من انجام می دهم بیزارید، من هم از آنچه شما مرتکب می شوید بیزارم ",
            "42": " برخی از آنان به تو گوش می دهند، [ولی نه به گوشِ قبول،] آیا تو می توانی کران را هرچند خود را از تعقل محروم کرده اند بشنوانی ؟",
            "43": "\n \nگروهی از آنان نگاهت می کنند، [با این همه نشانه های نبوت منکرت می شوند،] آیا تو می توانی نابینایان را هرچند [با چشمِ دلشان] نبینند هدایت کنی؟",
            "44": " قطعاً خداوند هیچ ستمی بر مردم روانمی دارد، این مردمند که به خود ستم می ورزند ",
            "45": " [به یاد آرید] روزی که خداوند آنان را محشور می کند، درحالی که گویی [در زندگی دنیا و در برزخ] جز ساعتی از روز درنگ نکرده اند، [محشورشدنشان به کیفیتی است که] یکدیگر را می شناسند، مسلّماً کسانی که لقای خدا را منکر شدند [همۀ سرمایه های وجودی خود را] تباه کردند، و از هدایت یافتگان نبودند ",
            "46": " اگر پاره ای از عذاب هایی که آنان را به آن تهدید می کنیم به تو نشان دهیم، [می بینی که عذابی دردناک است،] یا اگر تو را قبض روح کنیم [در قیامت عذابشان را خواهی دید]، نهایتاً بازگشت آنان به سوی ماست، و خداوند بر آنچه انجام می دهند گواه است ",
            "47": " برای هر امتی پیامبری است، هنگامی که پیامبرشان [با پیام های الهی و معجزات] به سوی آنان آمد [و او را منکر شدند] بین آنان و پیامبرشان به عدالت داوری خواهد شد، [به این صورت که پیامبر را نجات داده و منکران را دچار عذاب می کنیم،]و [در این زمینه] مورد ستم قرار نخواهند گرفت ",
            "48": " ]به بیانی تمسخرآمیز] می گویند: اگر [تو و پیروانت] راست گویید این وعدۀ [آمدن عذاب] چه زمانی است؟ ",
            "49": " بگو: من برای خودم اختیار سود و زیانی را جز آنچه خدا بخواهد ندارم [وظیفۀ من ابلاغ وحی است]، برای هر امتی زمانی معین است، هنگامی که به پایان برسد نه [لحظه ای] پس می مانند، و نه لحظه ای پیش می افتند ",
            "50": " بگو: به من خبر دهید اگر عذاب خدا شب هنگام یا در روز به سویتان آید، [که قطعاً می آید، چه قدرتی بر دفع آن دارید]؟ گنه پیشگان چه چیزی از عذاب را شتابان می خواهند؟!",
            "51": " سپس آیا وقتی که [عذاب] برسد، حق بودنش را باور می کنید؟ [لحظۀ رسیدن عذاب که اعلام ایمان می کنید به شما می گویند:] اکنون [و ایمان]؟! درحالی که همواره به رسیدنش شتاب داشتید ",
            "52": " سپس به کسانی که [به آیات خدا و مردم] ستم کردند می گویند: عذاب جاودانه را بچشید! آیا جز به گناهانی که همواره مرتکب می شدید کیفرتان می دهند؟",
            "53": " از تو خبر می گیرند که؛ آیا عذاب [جاودانه ای که به آن تهدید می شویم] حتمی و ثابت است؟ بگو: آری، سوگند به پروردگارم حتمی و ثابت است، و شما عاجزکنندۀ [خدا] نیستید [تا بتوانید از دسترس قدرتش بیرون روید]",
            "54": "\n \nاگر برای هرکسی که [به آیات حق] ستم کرده همۀ ثروت زمین فراهم باشد یقیناً آن را به عوض [نجات خود] می پردازد، زمانی که عذاب را ببینند پشیمانی خود را [از ترسِ رسوایی] پنهان می کنند، بین آنان به عدالت داوری می شود، و [در زمینۀ کیفر] مورد ستم قرار نمی گیرند ",
            "55": " آگاه باشید! آنچه در آسمان ها و زمین است فقط در سیطرۀ مالکیت و فرمانروایی خداست، هشیار باشید که بی تردید وعدۀ خدا حق است، ولی بیشتر مردم [به حق بودنِ وعدۀ خدا] معرفت ندارند!",
            "56": " او زنده می کند، و می میراند، و شما را فقط به سوی او بازمی گردانند ",
            "57": " ای مردم! بی تردید برای شما از سوی پروردگارتان پند و موعظه ای [چون قرآن] آمده است، درمان کنندۀ آنچه [از بیماری های اعتقادی و اخلاقی] که درون [شما] است، و [سراسر] هدایت، و رحمت برای مؤمنان است ",
            "58": " بگو: [مؤمنان] باید به احسان و رحمت خداوند [که قرآن است] شاد شوند، قرآن برای آنان از همۀ آنچه [از ثروت دنیایی] که [دیگران] جمع می کنند بهتر است ",
            "59": " بگو: به من خبر دهید آنچه خداوند از رزق و روزی برای شما پدید آورده، و شما بخشی از آن را حرام و [بخشی را] حلال کرده اید، آیا خداوند به شما اجازۀ [تقسیم آن را به حلال و حرام] داده، یا بر خداوند دروغ می بندید؟!",
            "60": " کسانی که بر خدا دروغ می بندند گمانشان به روز قیامت چیست؟ بی تردید خداوند به همۀ مردم دارای احسان است، ولی بیشترشان سپاسگزار نیستند ",
            "61": " [ای پیامبر!] در هیچ کاری نیستی، و از سوی خدا هیچ بخشی از قرآن را تلاوت نمی کنی، و [شما ای مردم!] هیچ کاری را انجام نمی دهید مگر وقتی که وارد آن می شوید ما بر شما گواهیم، چیزی به اندازۀ وزن ذرّه ای در زمین و آسمان از پروردگارت پوشیده نیست، نه کوچک تر از آن، و نه بزرگ تر از آن، چیزی نیست مگر آن که در کتابی روشن [چون لوح محفوظ، ثبت] است ",
            "62": "\n \nآگاه باشید! یقیناً نه بیمی بر اولیای خداست، و نه اندوهگین می شوند ",
            "63": " آنان که به ایمانِ [یقینی] رسیده اند، و همواره از خدا [اطاعت کرده، از محرّماتش] می پرهیزند ",
            "64": " در زندگی دنیا و آخرت مژدۀ الهی برای آنان است، [در دنیا به وسیلۀ وحی، و در آخرت با خطاب خداوند و فرشتگان،] در بشارت ها و وعده های خداوند هیچ تغییری راه ندارد، این است کامیابی بزرگ !",
            "65": " گفتار [نادرست و بی دلیلِ] مخالفان تو را غمگین نسازد؛ زیرا همۀ قدرتِ غیر قابل شکست ویژۀ خداست، او شنوا و داناست ",
            "66": " آگاه باشید! هرکه در آسمان ها و زمین است در سیطرۀ مالکیت و فرمانروایی خداست، آنان که به جای خداوند، بُت ها[ی جاندار و بی جان] را می پرستند [از علمِ یقینی پیروی نمی کنند،] آنان فقط پیروِ گمانند، و جز به دروغ سازی مشغول نیستند ",
            "67": " اوست که شب را برای شما پدید آورد تا در آن آرام بگیرید، و روز را نورافشان [قرار داد تا در آن به کسب و کار بپردازید]، یقیناً در این [منافع شب و روز] برای مردمی که [حقایق را با گوشِ قبول] بشنوند نشانه هایی [از توحید و ربوبیت خدا] است ",
            "68": " [مشرکان بر پایۀ پندارهای بی اساسِ خود] گفتند: خداوند برای خود فرزند انتخاب کرده! شگفتا، او [از داشتن فرزند] منزّه است، او بی نیاز مطلق است، آنچه در آسمان ها و زمین است در سیطرۀ مالکیت و فرمانروایی اوست، نزد شما بر این [ادعای پوچ] هیچ دلیلی نیست، آیا جاهلانه چیزی را به خداوند نسبت می دهید؟",
            "69": " بگو: کسانی که بر خداوند دروغ می بندند قطعاً [در هیچ کاری] پیروز نمی شوند ",
            "70": " [برای آنان] بهر ه ای اندک [از دنیاست] آن گاه [پس از پایان زندگی] بازگشتشان به سوی ماست، سپس آنان را به سبب کفرورزی شان عذابی سخت می چشانیم ",
            "71": "\n \nسرگذشت [پندآموز] نوح را برای آنان بخوان! هنگامی که به قومش گفت: ای قومِ من! اگر جایگاه و شأن من و پند و اندرزم به وسیلۀ آیات خداوند بر شما سخت است، [از هیچ کاری بر ضد من دریغ نکنید،] من بر خداوند توکل کردم، پس تصمیم خود و [قدرت] بُت هایتان را [که چشم یاری از آن ها دارید] روی هم نهید، تا تلاشتان بر ضد من بر شما پوشیده نباشد، سپس [به زندگی من] خاتمه دهید و [مرا] لحظه ای مهلت ندهید ",
            "72": " اگر [از قبول دعوتم] سرپیچی کنید [خود زیان کرده اید]، من از شما [در برابر ابلاغ پیام های خداوند] هیچ پاداشی نمی خواهم، پاداش من فقط بر خداست، و مأمورم که از تسلیم شدگان [به او] باشم ",
            "73": " ولی او را انکار کردند، ما هم او و کسانی را که در کشتی همراهش بودند [از آن توفان مُهلک] نجات دادیم، و آنان را جانشینان [تبهکاران] قرار داده، و انکارکنندگانِ آیاتمان را غرق کردیم، پس با دقت بنگر که فرجام آنان که [به عذاب] هشدارشان دادند[ولی نپذیرفتند] چگونه بود ؟",
            "74": " آن گاه پس از نوح پیامبرانی را به سوی قومشان فرستادیم که برای آنان آیات و معجزات روشن آوردند، ولی قومشان بر آن نبودند که به آنچه قبلاً آن را منکر شده بودند ایمان بیاورند، این گونه، دل های متجاوزان را مُهرِ [عدم فهم حقایق] می زنیم ",
            "75": " سپس بعد از آنان موسی و هارون را با آیات و معجزات خود به سوی فرعون و سران [متکبر] قومش فرستادیم، ولی آنان تکبّر کردند؛ زیرا گروهی گنه پیشه بودند ",
            "76": " هرگاه معجزه ای [که در حق بودنش شکی نبود] از نزد ما به سویشان آمد، گفتند: مسلّماً این جادویی است آشکار!",
            "77": " موسی گفت: آیا دربارۀ این معجزه که حق است چون به سویتان آمد می گویید [: این جادوست]؟! آیا این جادو است؟ درحالی که جادوگران که پیروز نمی شوند ",
            "78": " گفتند: آیا به سوی ما آمده ای تا ما را از آیینی که پدرانمان را [پایبند] بر آن یافتیم برگردانی؟ و [با نابودکردنمان] حکومت در [این] سرزمین برای شما باشد؟ یقیناً ما به شما دو نفر ایمان نمی آوریم ",
            "79": "\n \nفرعون گفت: [برای شکست دادن این دو نفر] هر جادوگرِ دانا و زبردستی را نزد من آورید !",
            "80": " چون جادوگران آمدند موسی به آنان گفت: آنچه را بر افکندن آن مصمم هستید بیفکنید !",
            "81": " چون افکندند، موسی گفت: آنچه را [در این صحنه] آوردید جادوست، به زودی خداوند آن را باطل می کند، یقیناً خداوند کار تبهکارانِ فتنه انگیز را به سرانجامی شایسته نمی رساند ",
            "82": " خداوند، حق را با دلایل و معجزاتش پابرجا و ثابت می کند، گرچه گنه پیشگان خوش نداشته باشند ",
            "83": " [در ابتدای کار] کسی به موسی مؤمن نشد مگر تعدادی اندک از فرزندان قومش، آن هم با ترسی [شدید] از فرعون و سران [متکبّر] بنی اسرائیل که مبادا آنان را شکنجۀ سخت دهند، مسلّماً فرعون در زمین برتری جو، و [در ظلم و گناه] از اسراف کاران بود ",
            "84": " موسی گفت: ای قومِ من! اگر به خداوند ایمان آورده اید، چنانچه از تسلیم شدگان هستید پس بر او توکل کنید ",
            "85": " گفتند: ما فقط بر خدا توکل کردیم، پروردگارا! ما را دست خوشِ شکنجۀ ستمکاران قرار مده !",
            "86": " و ما را به رحمتت از کافران رهایی بخش !",
            "87": " به موسی و برادرش وحی کردیم که: خانه هایی را در مصر برای قومتان فراهم کنید، و آن ها را روبه روی هم قرار دهید، و نماز را [با شرایط ویژه اش] بخوانید، و مؤمنان را [به رهایی از چنگال فرعونیان] بشارت ده !",
            "88": " موسی گفت: پروردگارا! فرعون و اشراف [متکبر] قومش را در زندگی دنیا زینت [و زیور بسیار] و مال فراوان داده ای [نتیجه اش این شد] که [مردم را] از راه تو منحرف [می ]کنند، پروردگارا! اموالشان را نابود کن! و [به کیفر جنایاتشان] دل هایشان را [از پذیرش حق] سخت گردان که ایمان نیاورند تا عذاب دردناک را ببینند ",
            "89": "\n \nخطاب رسید: دعای شما دو تَن [برضد دشمنان لجوج و سرسختتان] مستجاب شد؛ بنابراین [در ادامه دادنِ کارتان] استوار باشید، و از روش جاهلان پیروی نکنید ",
            "90": " بنی اسرائیل را [در کمال امنیت] از دریا عبور دادیم، پس فرعون و لشگریانش آنان را از روی ستم و تجاوز دنبال کردند تا زمانی که [عذابِ] غرق شدن به او رسید، [در حال غرق شدن] گفت: [به این حقیقت] ایمان آوردم که هیچ معبودی جز همان که بنی اسرائیل به او مؤمنند وجود ندارد، و من از تسلیم شدگان [به آن معبود] هستم ",
            "91": " [به او گفته شد:] اکنون [و ایمان]؟! درحالی که پیش از این عصیان ورزیدی، و از تبهکاران و فتنه انگیزان بودی!",
            "92": " پس امروز بدن بی جانت را از دریا بیرون می اندازیم، تا برای آیندگانت عبرت باشی؛ یقیناً بسیاری از مردم از نشانه های [قدرت] ما بی خبرند.",
            "93": " قطعاً ما بنی اسرائیل را [پس از فرعونیان] در جایگاهی نیکو [و خوش آب و هوا و منطقه ای سرشار از نعمت] جای دادیم، و انواع روزی های دلپذیر به آنان عطا کردیم، آنان [در دین خدا و نبوت موسی] دچار اختلاف نشدند مگر پس از آن که آگاهی [به آیات الهی] برای آنان آمد، یقیناً پروردگارت روز قیامت بین آنان در آنچه [به ناحق] اختلاف کردند داوری خواهد کرد ",
            "94": " [ای پیامبر! تو دارای ایمانِ شهودی و یقینی هستی، و هیچ تردیدی به ایمان تو راه ندارد، خطابِ به تو هشداری به امت است، که] اگر در مورد آنچه بر تو نازل کردیم در تردیدی، از عالِمانی که پیش از تو کتاب آسمانی را می خواندند [و حقانیت نزول قرآن را از سوی خدا در آیاتش می یافتند] بپرس! [تا به یقین روشن شود که] حق از سوی پروردگارت برایت آمده؛ بنابراین از تردید کنندگان مباش !",
            "95": " و هرگز از کسانی مباش که منکر آیات ما شدند؛ زیرا از زیانکاران [واقعی] خواهی شد ",
            "96": " قطعاً کسانی که [به سبب کبرشان، وعدۀ] عذابِ پروردگارت نسبت به آنان حتمی و ثابت شده ایمان نمی آورند ",
            "97": " گرچه همۀ آیات و معجزات برای آنان بیاید، [ایمان نمی آوردند] تا لحظه ای که عذاب دردناک را ببینند [که ایمان در آن لحظه هیچ سودی ندارد ]،",
            "98": "\n \nچرا هیچ شهر و دیاری [پیش از نزول عذاب]، ایمان نیاورْد تا ایمانشان به آنان سود دهد، مگر قوم یونس؟ که وقتی ایمان آوردند عذابِ رسواکننده را در زندگی دنیا از آنان برطرف کردیم، و تا پایان عمر [از نعمت های سرشارِ خود] بهره مندشان ساختیم ",
            "99": " اگر پروردگارت می خواست همۀ اهل زمین [از روی جبر] ایمان می آوردند، [ولی ایمانِ جبری سودمند نیست،] آیا تو می خواهی مردم را مجبور کنی تا ایمان بیاورند؟",
            "100": " هیچ کس قدرت ندارد جز به خواست خداوند ایمان بیاورد، خداوند پلیدی گمراهی را [پس از بیان حقایق] بر کسانی قرار می دهد که اهل اندیشه نیستند ",
            "101": " بگو: با دقت بنگرید که در آسمان ها و زمین [از شگفتی های خلقت] چه چیزهایی وجود دارد؟ ولی نشانه ها[ی قدرت و ربوبیت حق]، و هشدارها به حال گروهی که ایمان نمی آورند سودبخش نیست ",
            "102": " آیا جز مانند روزهای [پُر از عذابِ] کسانی را که پیش از آنان درگذشتند انتظار می برند؟ بگو: پس به انتظار [چنان روزهایی] باشید! که من [هم] با شما از منتظرانم ",
            "103": " آن گاه پیامبرانمان و مؤمنان را [در روز نزولِ عذاب] نجات می دهیم، این گونه، مؤمنان را نجات می بخشیم که این حقی لازم بر عهدۀ ماست",
            "104": " بگو: ای مردم! اگر شما در [حقانیت] دین من تردید دارید [من در بطلان آیین شما شکی ندارم]، من بُت هایی را که به جای خداوند می پرستید نمی پرستم، بلکه خداوندی را می پرستم که جان [همۀ] شما را می گیرد، و من مأمورم که از مؤمنان باشم ",
            "105": " و [فرمان یافته ام به] این که: به سوی دین توحیدی روی آور، و هرگز از مشرکان مباش !",
            "106": " و [دستورم داده اند که:] به جای خداوند چیزی که به تو سود و زیانی نمی رساند نپرست! که اگر بپرستی یقیناً از ستمکاران خواهی بود",
            "107": "\n \nاگر خداوند آسیبی به تو رسانَد جز او برطرف کنندۀ آن نیست، و اگر برای تو خیری بخواهد کسی قدرت دفع احسانِ او را ندارد، خیرش را به هرکه از بندگانش بخواهد می رساند، او بسیار آمرزنده و مهربان است ",
            "108": " بگو: ای مردم! مسلّماً از سوی پروردگارتان حقی [چون قرآن] برای شما آمد، پس هرکه هدایت یابد فقط به سود خود هدایت می یابد، و هرکه گمراه گردد به زیان خود گمراه می شود، من کارگزار [ایمان و کفر] شما نیستم ",
            "109": " از آنچه به سویت وحی می شود پیروی کن! و [در برابر مخالفتِ دشمنان] شکیبا باش! تا خدا [بین تو و آنان] داوری کند؛ زیرا او بهترین داوران است "
        }
    }
}