{
    "100": {
        "number": 100,"bab": 4,
        "title": "سوره عادیات", "delay": 9,
        "arabic": {

            "10": "وَالْعَادِيَاتِ ضَبْحًا",
            "11": "فَالْمُورِيَاتِ قَدْحًا",
            "12": "فَالْمُغِيرَاتِ صُبْحًا",
            "13": "فَأَثَرْنَ بِهِ نَقْعًا",
            "14": "فَوَسَطْنَ بِهِ جَمْعًا",
            "15": "إِنَّ الْإِنْسَانَ لِرَبِّهِ لَكَنُودٌ",
            "16": "وَإِنَّهُ عَلَىٰ ذَٰلِكَ لَشَهِيدٌ",
            "17": "وَإِنَّهُ لِحُبِّ الْخَيْرِ لَشَدِيدٌ",
            "18": "أَفَلَا يَعْلَمُ إِذَا بُعْثِرَ مَا فِي الْقُبُورِ",
            "19": "وَحُصِّلَ مَا فِي الصُّدُورِ",
            "20": "إِنَّ رَبَّهُمْ بِهِمْ يَوْمَئِذٍ لَخَبِيرٌ"
        },
        "farsi": {
            "10":"سوگند به اسبان دونده\u200Cای که همهمه\u200Cکنان [به\u200Cسوی میدان جهاد] می\u200Cتازند!",
            "11": " و به اسبانی که با کوبیدن سُمشان بر سنگ ها جرقّه می جهانند!",
            "12": "و به سواران مجاهدی که به وقت صبح غافل گیرانه [به دشمن] هجوم می برند!",
            "13": "و با آن [هجوم] گرد و غبار فراوانی برمی انگیزند",
            "14": " پس [در آن هنگامه] در بین گروهی دشمن درآیند",
            "15": " که همانا انسان به پروردگارش بسیار ناسپاس است",
            "16": " و البته خودش بر این [ناسپاسی] گواه است",
            "17": " و همانا او به سبب عشق و دلدادگی به ثروت، به شدت بخل می ورزد ",
            "18": " آیا نمی داند وقتی آنچه را در گورهاست بیرون می ریزند",
            "19": " و آنچه را در سینه هاست آشکار می کنند",
            "20": " به راستی در آن روز پروردگارشان به آنان [و احوال و اعمالشان به صورتی دقیق] آگاه است؟ !"
           
        },
        "tozih": {
            "1": ""
        }
    }
}