{
    "2": {
        "number": 2,
        "title": "سورة القارعة",
        "bab": 4,
        "delay": 2,
        "arabic": {

            "3": "الْقَارِعَةُ",
            "4": "مَا الْقَارِعَةُ",
            "5": "وَمَا أَدْرَاكَ مَا الْقَارِعَةُ",
            "6": "يَوْمَ يَكُونُ النَّاسُ كَالْفَرَاشِ الْمَبْثُوثِ",
            "7": "وَتَكُونُ الْجِبَالُ كَالْعِهْنِ الْمَنْفُوشِ",
            "8": "فَأَمَّا مَنْ ثَقُلَتْ مَوَازِينُهُ",
            "9": "فَهُوَ فِي عِيشَةٍ رَاضِيَةٍ",
            "10": "وَأَمَّا مَنْ خَفَّتْ مَوَازِينُهُ",
            "11": "فَأُمُّهُ هَاوِيَةٌ",
            "12": "وَمَا أَدْرَاكَ مَا هِيَهْ",
            "13": "نَارٌ حَامِيَةٌ"
            
        },
        "farsi": {
             "3": "\nآن حادثۀ کوبنده",
            "4": " چیست آن حادثه کوبنده؟",
            "5": " و تو چه می دانی آن حادثۀ کوبنده چیست؟",
            "6": " روزی که مردم [در سراسیمگی] چون پروانه های پراکنده اند!",
            "7": " و کوه ها مانند پشمِ رنگین حلاجی شده [از هم باز] می شوند،",
            "8": " اما کسی که اعمالِ وزن شده اش سنگین [و با ارزش] است",
            "9": " در زندگی خوش و پسندیده ای است",
            "10": " و اما کسی که اعمالِ وزن شده اش سبُک [و بی ارزش] است",
            "11": " پناهگاهش «هاویه» است",
            "12": " تو چه می دانی هاویه چیست؟",
            "13": " آتشی است بسیار پُرحرارت و سوزان!"
            }
    }
}