{
    "102": {
        "number": 102,"bab": 4,
        "title": "سوره تکاثر", "delay": 13,
        "arabic": {

            "14": "أَلْهَاكُمُ التَّكَاثُرُ",
            "15": "حَتَّىٰ زُرْتُمُ الْمَقَابِرَ",
            "16": "كَلَّا سَوْفَ تَعْلَمُونَ",
            "17": "ثُمَّ كَلَّا سَوْفَ تَعْلَمُونَ",
            "18": "كَلَّا لَوْ تَعْلَمُونَ عِلْمَ الْيَقِينِ",
            "19": "لَتَرَوُنَّ الْجَحِيمَ",
            "20": "ثُمَّ لَتَرَوُنَّهَا عَيْنَ الْيَقِينِ",
            "21": "ثُمَّ لَتُسْأَلُنَّ يَوْمَئِذٍ عَنِ النَّعِيمِ"
        },
        "farsi": {
             "14": "فخرفروشی به یکدیگر [درباره ثروت و نفرات]، شما را [از خدا و قیامت و تکالیف مهم، به خود] سرگرم کرده است",
            "15": " تاجایی که از قبرها دیدار [کرده، و به تعداد مردگانتان نیز به یکدیگر مباهات] کردید!",
            "16": " چنین نیست [که این امور نشانۀ برتری باشد]، به زودی [به فرجام شومِ این امورِ پوچ] آگاه خواهید شد",
            "17": " آری چنین نیست، به زودی آگاه خواهید شد",
            "18": " [زندگی واقعی] چنین نیست [که می پندارید]، بی تردید اگر علم یقینی داشتید",
            "19": " [با چشمِ دل و دیدۀ بصیرت] به طور حتمی دوزخ را می دیدید",
            "20": "مسلّماً [پس از این دنیا] با یقینِ محض آن را مشاهده خواهید کرد",
            "21": " آن گاه در آن روز از همۀ نعمت ها[ی ظاهری و معنوی که در اختیارتان بود] بازپرسی و حسابرسی خواهید شد "
        },
        "tozih": {
            "1": ""
        }
    }
}