{
    "2": {
        "number": 2,
        "title": "سورة العصر",
        "bab": 4,
        "delay": 0,
        "arabic": {
            "1": " وَالْعَصْرِ",
            "2": "إِنَّ الْإِنْسَانَ لَفِي خُسْرٍ",
            "3": "إِلَّا الَّذِينَ آمَنُوا وَعَمِلُوا الصَّالِحَاتِ وَتَوَاصَوْا بِالْحَقِّ وَتَوَاصَوْا بِالصَّبْرِ"
           
        },
        "farsi": {
            "1": "\nسوگند به روزگار!",
            "2": " که بی تردید انسان غرقِ در خُسران بزرگ و سنگینی است",
            "3": " مگر آنان که مؤمنند، و کارهای شایسته انجام داده اند، و یکدیگر را به حق سفارش داشتند، و به شکیبایی [در برابر حوادث، انجام عبادات، و ترک گناهان] توصیه کرده اند "
           
        }
    }
}