{
  "2": {
    "number": 2,
        "title": "سورة الهمزه ",
      "bab": 4,
      "delay": 3,
      "arabic": {
            "4": "وَيْلٌ لِكُلِّ هُمَزَةٍ لُمَزَةٍ",
            "5": "الَّذِي جَمَعَ مَالًا وَعَدَّدَهُ",
            "6": "يَحْسَبُ أَنَّ مَالَهُ أَخْلَدَهُ",
            "7": "كَلَّا ۖ لَيُنْبَذَنَّ فِي الْحُطَمَةِ",
            "8": "وَمَا أَدْرَاكَ مَا الْحُطَمَةُ",
            "9": "نَارُ اللَّهِ الْمُوقَدَةُ",
            "10": "الَّتِي تَطَّلِعُ عَلَى الْأَفْئِدَةِ",
            "11": "إِنَّهَا عَلَيْهِمْ مُؤْصَدَةٌ",
            "12": "فِي عَمَدٍ مُمَدَّدَةٍ"

        },
        "farsi": {
           "4": "\nوای بر هر طعنه زنِ عیب جوی!",
            "5": " همان که ثروتی را به دست آورده، و [همواره] آن را شماره کرده",
            "6": " گمان می کند ثروتش به او عمر جاودانه داده، [و هیچ خطری متوجه او نیست]",
            "7": " چنین نیست [و گمان او واهی و بی دلیل است،] یقیناً او را در آن شکننده اندازند",
            "8": " و تو چه می دانی آن شکننده چیست؟",
            "9": " آتش برافروختۀ خداوند است",
            "10": " که بر دل ها برآید و چیره شود!",
            "11": " آن آتش بر دوزخیان سربسته است، [به گونه ای که هیچ راهِ گریزی از آن ندارند]",
            "12": " در ستون هایی بسیار بلند و کشیده !"
           
        }
    }
}