{
    "2": {
        "number": 2,
        "title": "سورة الفیل ",
        "bab": 4,
        "delay": 12,
        "arabic": {
             "13": "أَلَمْ تَرَ كَيْفَ فَعَلَ رَبُّكَ بِأَصْحَابِ الْفِيلِ",
            "14": "أَلَمْ يَجْعَلْ كَيْدَهُمْ فِي تَضْلِيلٍ",
            "15": "وَأَرْسَلَ عَلَيْهِمْ طَيْرًا أَبَابِيلَ",
            "16": "تَرْمِيهِمْ بِحِجَارَةٍ مِنْ سِجِّيلٍ",
            "17": "فَجَعَلَهُمْ كَعَصْفٍ مَأْكُولٍ"
        },
        "farsi": {
             "13": "\nآیا ندانسته ای که پروردگارت با فیل سواران [که برای تخریب کعبه آمده بودند] چه کرد؟",
            "14": " آیا نیرنگشان را تباه و بی نتیجه نساخت؟",
            "15": " پرندگانی را گروه گروه بر ضد آنان فرستاد",
            "16": " که پی درپی بر [سر] آنان سنگ هایی از نوع سنگِ گِل می افکندند",
            "17": " سرانجام همۀ آنان را چون کاهِ خُردشده گردانید"
        }
    }
}