{
    "2": {
        "number": 2,
        "title": "سورة قريش",
        "bab": 4,
        "delay": 0,
        "arabic": {
            "1": " لِإِيلَافِ قُرَيْشٍ",
            "2": "إِيلَافِهِمْ رِحْلَةَ الشِّتَاءِ وَالصَّيْفِ",
            "3": "فَلْيَعْبُدُوا رَبَّ هَٰذَا الْبَيْتِ",
            "4": "الَّذِي أَطْعَمَهُمْ مِنْ جُوعٍ وَآمَنَهُمْ مِنْ خَوْفٍ"

        },
        "farsi": {
            "1": "\n[آری خدا فیل سواران را نابود کرد] به خاطر همبستگی قریش؛ [زیرا در صورت پیروزشدن فیل سواران نظام زندگی قریش متلاشی می شد]",
            "2": " همبستگی داشتنشان در سفرهای زمستانی و تابستانی",
            "3": " پس [به شکرانۀ این نعمت] باید پروردگارِ این خانه را بپرستند",
            "4": " همان کسی که آنان را [با عطاکردن رزق] از گرسنگی نجات داد، و از ترسِ شدید[ی که در شهر و در سفرها داشتند] ایمنشان ساخت"
        }
    }
}