{
    "2": {
        "number": 2,
        "title": "سورة الماعون ",
        "bab": 4,
        "delay": 4,
        "arabic": {
            "5": " أَرَأَيْتَ الَّذِي يُكَذِّبُ بِالدِّينِ",
            "6": "فَذَٰلِكَ الَّذِي يَدُعُّ الْيَتِيمَ",
            "7": "وَلَا يَحُضُّ عَلَىٰ طَعَامِ الْمِسْكِينِ",
            "8": "فَوَيْلٌ لِلْمُصَلِّينَ",
            "9": "الَّذِينَ هُمْ عَنْ صَلَاتِهِمْ سَاهُونَ",
            "10": "الَّذِينَ هُمْ يُرَاءُونَ",
            "11": "وَيَمْنَعُونَ الْمَاعُونَ"
        },
        "farsi": {
             "5": "\nآیا کسی را که همواره روز جزا را انکار می کند دیدی؟",
            "6": "همان که یتیم را با تندی و خشونت می رانَد",
            "7": " و کسی را به اطعام مسکین تشویق نمی کند",
            "8": " پس وای بر نمازگزاران!",
            "9": " که از [اهداف و محتوای] نمازشان بی خبرند",
            "10": " [به این علت] همواره ریاکارند",
            "11": " و از [عاریه دادنِ] ابزار و وسایلی [که مورد نیاز مردم به ویژه همسایگان است] دریغ می کنند "
 }
    }
}