{
    "2": {
        "number": 2,
        "title": "سورة الکوثر ",
        "bab": 4,
        "delay": 11,
        "arabic": {
            "12": "إِنَّا أَعْطَيْنَاكَ الْكَوْثَرَ",
            "13": "فَصَلِّ لِرَبِّكَ وَانْحَرْ",
            "14": "إِنَّ شَانِئَكَ هُوَ الْأَبْتَرُ"
        },
        "farsi": {
             "12": "\nبه راستی ما به تو خیر فراوان،[که نسلی گسترده از طریق وجود فاطمه علیها السلام است] عطا کردیم",
            "13": " پس [به شکرانۀ این نعمت،] برای پروردگارت نماز بخوان! و قربانی کن!",
            "14": " یقیناً دشمنت بی نسل، و بریدۀ [از همۀ خیرات] است "
        }
    }
}