{
    "109": {
        "number": 109,"bab": 4,
        "title": "سوره كافرون", "delay": 0,
        "arabic": {
            "1": "قُلْ يَا أَيُّهَا الْكَافِرُونَ",
            "2": "لَا أَعْبُدُ مَا تَعْبُدُونَ",
            "3": "وَلَا أَنْتُمْ عَابِدُونَ مَا أَعْبُدُ",
            "4": "وَلَا أَنَا عَابِدٌ مَا عَبَدْتُمْ",
            "5": "وَلَا أَنْتُمْ عَابِدُونَ مَا أَعْبُدُ",
            "6": "لَكُمْ دِينُكُمْ وَلِيَ دِينِ"
        },
        "farsi": {
            "1": "بگو: ای کافران!",
            "2": " من آنچه را شما می پرستید نمی پرستم",
            "3": " و شما هم پرستندۀ آنچه من می پرستم نیستید",
            "4": " نه من پرستندۀ آنچه شما پرستیده اید هستم ",
            "5": " و نه شما پرستندۀ آنچه من می پرستم هستید",
            "6": " دین شما برای خودتان، و دین من برای خودم "
        },
        "tozih": {
            "1": ""
        }
    }
}