{
    "2": {
        "number": 2,
        "title": "سورة هود",
        "bab": 4,
        "delay": 3,
        "arabic": {
             "4": "الر ۚ كِتَابٌ أُحْكِمَتْ آيَاتُهُ ثُمَّ فُصِّلَتْ مِنْ لَدُنْ حَكِيمٍ خَبِيرٍ",
            "5": "أَلَّا تَعْبُدُوا إِلَّا اللَّهَ ۚ إِنَّنِي لَكُمْ مِنْهُ نَذِيرٌ وَبَشِيرٌ",
            "6": "وَأَنِ اسْتَغْفِرُوا رَبَّكُمْ ثُمَّ تُوبُوا إِلَيْهِ يُمَتِّعْكُمْ مَتَاعًا حَسَنًا إِلَىٰ أَجَلٍ مُسَمًّى وَيُؤْتِ كُلَّ ذِي فَضْلٍ فَضْلَهُ ۖ وَإِنْ تَوَلَّوْا فَإِنِّي أَخَافُ عَلَيْكُمْ عَذَابَ يَوْمٍ كَبِيرٍ",
            "7": "إِلَى اللَّهِ مَرْجِعُكُمْ ۖ وَهُوَ عَلَىٰ كُلِّ شَيْءٍ قَدِيرٌ",
            "8": "أَلَا إِنَّهُمْ يَثْنُونَ صُدُورَهُمْ لِيَسْتَخْفُوا مِنْهُ ۚ أَلَا حِينَ يَسْتَغْشُونَ ثِيَابَهُمْ يَعْلَمُ مَا يُسِرُّونَ وَمَا يُعْلِنُونَ ۚ إِنَّهُ عَلِيمٌ بِذَاتِ الصُّدُورِ",
            "9": "وَمَا مِنْ دَابَّةٍ فِي الْأَرْضِ إِلَّا عَلَى اللَّهِ رِزْقُهَا وَيَعْلَمُ مُسْتَقَرَّهَا وَمُسْتَوْدَعَهَا ۚ كُلٌّ فِي كِتَابٍ مُبِينٍ",
            "10": "وَهُوَ الَّذِي خَلَقَ السَّمَاوَاتِ وَالْأَرْضَ فِي سِتَّةِ أَيَّامٍ وَكَانَ عَرْشُهُ عَلَى الْمَاءِ لِيَبْلُوَكُمْ أَيُّكُمْ أَحْسَنُ عَمَلًا ۗ وَلَئِنْ قُلْتَ إِنَّكُمْ مَبْعُوثُونَ مِنْ بَعْدِ الْمَوْتِ لَيَقُولَنَّ الَّذِينَ كَفَرُوا إِنْ هَٰذَا إِلَّا سِحْرٌ مُبِينٌ",
            "11": "وَلَئِنْ أَخَّرْنَا عَنْهُمُ الْعَذَابَ إِلَىٰ أُمَّةٍ مَعْدُودَةٍ لَيَقُولُنَّ مَا يَحْبِسُهُ ۗ أَلَا يَوْمَ يَأْتِيهِمْ لَيْسَ مَصْرُوفًا عَنْهُمْ وَحَاقَ بِهِمْ مَا كَانُوا بِهِ يَسْتَهْزِئُونَ",
            "12": "وَلَئِنْ أَذَقْنَا الْإِنْسَانَ مِنَّا رَحْمَةً ثُمَّ نَزَعْنَاهَا مِنْهُ إِنَّهُ لَيَئُوسٌ كَفُورٌ",
            "13": "وَلَئِنْ أَذَقْنَاهُ نَعْمَاءَ بَعْدَ ضَرَّاءَ مَسَّتْهُ لَيَقُولَنَّ ذَهَبَ السَّيِّئَاتُ عَنِّي ۚ إِنَّهُ لَفَرِحٌ فَخُورٌ",
            "14": "إِلَّا الَّذِينَ صَبَرُوا وَعَمِلُوا الصَّالِحَاتِ أُولَٰئِكَ لَهُمْ مَغْفِرَةٌ وَأَجْرٌ كَبِيرٌ",
            "15": "فَلَعَلَّكَ تَارِكٌ بَعْضَ مَا يُوحَىٰ إِلَيْكَ وَضَائِقٌ بِهِ صَدْرُكَ أَنْ يَقُولُوا لَوْلَا أُنْزِلَ عَلَيْهِ كَنْزٌ أَوْ جَاءَ مَعَهُ مَلَكٌ ۚ إِنَّمَا أَنْتَ نَذِيرٌ ۚ وَاللَّهُ عَلَىٰ كُلِّ شَيْءٍ وَكِيلٌ",
            "16": "أَمْ يَقُولُونَ افْتَرَاهُ ۖ قُلْ فَأْتُوا بِعَشْرِ سُوَرٍ مِثْلِهِ مُفْتَرَيَاتٍ وَادْعُوا مَنِ اسْتَطَعْتُمْ مِنْ دُونِ اللَّهِ إِنْ كُنْتُمْ صَادِقِينَ",
            "17": "فَإِلَّمْ يَسْتَجِيبُوا لَكُمْ فَاعْلَمُوا أَنَّمَا أُنْزِلَ بِعِلْمِ اللَّهِ وَأَنْ لَا إِلَٰهَ إِلَّا هُوَ ۖ فَهَلْ أَنْتُمْ مُسْلِمُونَ",
            "18": "مَنْ كَانَ يُرِيدُ الْحَيَاةَ الدُّنْيَا وَزِينَتَهَا نُوَفِّ إِلَيْهِمْ أَعْمَالَهُمْ فِيهَا وَهُمْ فِيهَا لَا يُبْخَسُونَ",
            "19": "أُولَٰئِكَ الَّذِينَ لَيْسَ لَهُمْ فِي الْآخِرَةِ إِلَّا النَّارُ ۖ وَحَبِطَ مَا صَنَعُوا فِيهَا وَبَاطِلٌ مَا كَانُوا يَعْمَلُونَ",
            "20": "أَفَمَنْ كَانَ عَلَىٰ بَيِّنَةٍ مِنْ رَبِّهِ وَيَتْلُوهُ شَاهِدٌ مِنْهُ وَمِنْ قَبْلِهِ كِتَابُ مُوسَىٰ إِمَامًا وَرَحْمَةً ۚ أُولَٰئِكَ يُؤْمِنُونَ بِهِ ۚ وَمَنْ يَكْفُرْ بِهِ مِنَ الْأَحْزَابِ فَالنَّارُ مَوْعِدُهُ ۚ فَلَا تَكُ فِي مِرْيَةٍ مِنْهُ ۚ إِنَّهُ الْحَقُّ مِنْ رَبِّكَ وَلَٰكِنَّ أَكْثَرَ النَّاسِ لَا يُؤْمِنُونَ",
            "21": "وَمَنْ أَظْلَمُ مِمَّنِ افْتَرَىٰ عَلَى اللَّهِ كَذِبًا ۚ أُولَٰئِكَ يُعْرَضُونَ عَلَىٰ رَبِّهِمْ وَيَقُولُ الْأَشْهَادُ هَٰؤُلَاءِ الَّذِينَ كَذَبُوا عَلَىٰ رَبِّهِمْ ۚ أَلَا لَعْنَةُ اللَّهِ عَلَى الظَّالِمِينَ",
            "22": "الَّذِينَ يَصُدُّونَ عَنْ سَبِيلِ اللَّهِ وَيَبْغُونَهَا عِوَجًا وَهُمْ بِالْآخِرَةِ هُمْ كَافِرُونَ",
            "23": "أُولَٰئِكَ لَمْ يَكُونُوا مُعْجِزِينَ فِي الْأَرْضِ وَمَا كَانَ لَهُمْ مِنْ دُونِ اللَّهِ مِنْ أَوْلِيَاءَ ۘ يُضَاعَفُ لَهُمُ الْعَذَابُ ۚ مَا كَانُوا يَسْتَطِيعُونَ السَّمْعَ وَمَا كَانُوا يُبْصِرُونَ",
            "24": "أُولَٰئِكَ الَّذِينَ خَسِرُوا أَنْفُسَهُمْ وَضَلَّ عَنْهُمْ مَا كَانُوا يَفْتَرُونَ",
            "25": "لَا جَرَمَ أَنَّهُمْ فِي الْآخِرَةِ هُمُ الْأَخْسَرُونَ",
            "26": "إِنَّ الَّذِينَ آمَنُوا وَعَمِلُوا الصَّالِحَاتِ وَأَخْبَتُوا إِلَىٰ رَبِّهِمْ أُولَٰئِكَ أَصْحَابُ الْجَنَّةِ ۖ هُمْ فِيهَا خَالِدُونَ",
            "27": "مَثَلُ الْفَرِيقَيْنِ كَالْأَعْمَىٰ وَالْأَصَمِّ وَالْبَصِيرِ وَالسَّمِيعِ ۚ هَلْ يَسْتَوِيَانِ مَثَلًا ۚ أَفَلَا تَذَكَّرُونَ",
            "28": "وَلَقَدْ أَرْسَلْنَا نُوحًا إِلَىٰ قَوْمِهِ إِنِّي لَكُمْ نَذِيرٌ مُبِينٌ",
            "29": "أَنْ لَا تَعْبُدُوا إِلَّا اللَّهَ ۖ إِنِّي أَخَافُ عَلَيْكُمْ عَذَابَ يَوْمٍ أَلِيمٍ",
            "30": "فَقَالَ الْمَلَأُ الَّذِينَ كَفَرُوا مِنْ قَوْمِهِ مَا نَرَاكَ إِلَّا بَشَرًا مِثْلَنَا وَمَا نَرَاكَ اتَّبَعَكَ إِلَّا الَّذِينَ هُمْ أَرَاذِلُنَا بَادِيَ الرَّأْيِ وَمَا نَرَىٰ لَكُمْ عَلَيْنَا مِنْ فَضْلٍ بَلْ نَظُنُّكُمْ كَاذِبِينَ",
            "31": "قَالَ يَا قَوْمِ أَرَأَيْتُمْ إِنْ كُنْتُ عَلَىٰ بَيِّنَةٍ مِنْ رَبِّي وَآتَانِي رَحْمَةً مِنْ عِنْدِهِ فَعُمِّيَتْ عَلَيْكُمْ أَنُلْزِمُكُمُوهَا وَأَنْتُمْ لَهَا كَارِهُونَ",
            "32": "وَيَا قَوْمِ لَا أَسْأَلُكُمْ عَلَيْهِ مَالًا ۖ إِنْ أَجْرِيَ إِلَّا عَلَى اللَّهِ ۚ وَمَا أَنَا بِطَارِدِ الَّذِينَ آمَنُوا ۚ إِنَّهُمْ مُلَاقُو رَبِّهِمْ وَلَٰكِنِّي أَرَاكُمْ قَوْمًا تَجْهَلُونَ",
            "33": "وَيَا قَوْمِ مَنْ يَنْصُرُنِي مِنَ اللَّهِ إِنْ طَرَدْتُهُمْ ۚ أَفَلَا تَذَكَّرُونَ",
            "34": "وَلَا أَقُولُ لَكُمْ عِنْدِي خَزَائِنُ اللَّهِ وَلَا أَعْلَمُ الْغَيْبَ وَلَا أَقُولُ إِنِّي مَلَكٌ وَلَا أَقُولُ لِلَّذِينَ تَزْدَرِي أَعْيُنُكُمْ لَنْ يُؤْتِيَهُمُ اللَّهُ خَيْرًا ۖ اللَّهُ أَعْلَمُ بِمَا فِي أَنْفُسِهِمْ ۖ إِنِّي إِذًا لَمِنَ الظَّالِمِينَ",
            "35": "قَالُوا يَا نُوحُ قَدْ جَادَلْتَنَا فَأَكْثَرْتَ جِدَالَنَا فَأْتِنَا بِمَا تَعِدُنَا إِنْ كُنْتَ مِنَ الصَّادِقِينَ",
            "36": "قَالَ إِنَّمَا يَأْتِيكُمْ بِهِ اللَّهُ إِنْ شَاءَ وَمَا أَنْتُمْ بِمُعْجِزِينَ",
            "37": "وَلَا يَنْفَعُكُمْ نُصْحِي إِنْ أَرَدْتُ أَنْ أَنْصَحَ لَكُمْ إِنْ كَانَ اللَّهُ يُرِيدُ أَنْ يُغْوِيَكُمْ ۚ هُوَ رَبُّكُمْ وَإِلَيْهِ تُرْجَعُونَ",
            "38": "أَمْ يَقُولُونَ افْتَرَاهُ ۖ قُلْ إِنِ افْتَرَيْتُهُ فَعَلَيَّ إِجْرَامِي وَأَنَا بَرِيءٌ مِمَّا تُجْرِمُونَ",
            "39": "وَأُوحِيَ إِلَىٰ نُوحٍ أَنَّهُ لَنْ يُؤْمِنَ مِنْ قَوْمِكَ إِلَّا مَنْ قَدْ آمَنَ فَلَا تَبْتَئِسْ بِمَا كَانُوا يَفْعَلُونَ",
            "40": "وَاصْنَعِ الْفُلْكَ بِأَعْيُنِنَا وَوَحْيِنَا وَلَا تُخَاطِبْنِي فِي الَّذِينَ ظَلَمُوا ۚ إِنَّهُمْ مُغْرَقُونَ",
            "41": "وَيَصْنَعُ الْفُلْكَ وَكُلَّمَا مَرَّ عَلَيْهِ مَلَأٌ مِنْ قَوْمِهِ سَخِرُوا مِنْهُ ۚ قَالَ إِنْ تَسْخَرُوا مِنَّا فَإِنَّا نَسْخَرُ مِنْكُمْ كَمَا تَسْخَرُونَ",
            "42": "فَسَوْفَ تَعْلَمُونَ مَنْ يَأْتِيهِ عَذَابٌ يُخْزِيهِ وَيَحِلُّ عَلَيْهِ عَذَابٌ مُقِيمٌ",
            "43": "حَتَّىٰ إِذَا جَاءَ أَمْرُنَا وَفَارَ التَّنُّورُ قُلْنَا احْمِلْ فِيهَا مِنْ كُلٍّ زَوْجَيْنِ اثْنَيْنِ وَأَهْلَكَ إِلَّا مَنْ سَبَقَ عَلَيْهِ الْقَوْلُ وَمَنْ آمَنَ ۚ وَمَا آمَنَ مَعَهُ إِلَّا قَلِيلٌ",
            "44": "وَقَالَ ارْكَبُوا فِيهَا بِسْمِ اللَّهِ مَجْرَاهَا وَمُرْسَاهَا ۚ إِنَّ رَبِّي لَغَفُورٌ رَحِيمٌ",
            "45": "وَهِيَ تَجْرِي بِهِمْ فِي مَوْجٍ كَالْجِبَالِ وَنَادَىٰ نُوحٌ ابْنَهُ وَكَانَ فِي مَعْزِلٍ يَا بُنَيَّ ارْكَبْ مَعَنَا وَلَا تَكُنْ مَعَ الْكَافِرِينَ",
            "46": "قَالَ سَآوِي إِلَىٰ جَبَلٍ يَعْصِمُنِي مِنَ الْمَاءِ ۚ قَالَ لَا عَاصِمَ الْيَوْمَ مِنْ أَمْرِ اللَّهِ إِلَّا مَنْ رَحِمَ ۚ وَحَالَ بَيْنَهُمَا الْمَوْجُ فَكَانَ مِنَ الْمُغْرَقِينَ",
            "47": "وَقِيلَ يَا أَرْضُ ابْلَعِي مَاءَكِ وَيَا سَمَاءُ أَقْلِعِي وَغِيضَ الْمَاءُ وَقُضِيَ الْأَمْرُ وَاسْتَوَتْ عَلَى الْجُودِيِّ ۖ وَقِيلَ بُعْدًا لِلْقَوْمِ الظَّالِمِينَ",
            "48": "وَنَادَىٰ نُوحٌ رَبَّهُ فَقَالَ رَبِّ إِنَّ ابْنِي مِنْ أَهْلِي وَإِنَّ وَعْدَكَ الْحَقُّ وَأَنْتَ أَحْكَمُ الْحَاكِمِينَ",
            "49": "قَالَ يَا نُوحُ إِنَّهُ لَيْسَ مِنْ أَهْلِكَ ۖ إِنَّهُ عَمَلٌ غَيْرُ صَالِحٍ ۖ فَلَا تَسْأَلْنِ مَا لَيْسَ لَكَ بِهِ عِلْمٌ ۖ إِنِّي أَعِظُكَ أَنْ تَكُونَ مِنَ الْجَاهِلِينَ",
            "50": "قَالَ رَبِّ إِنِّي أَعُوذُ بِكَ أَنْ أَسْأَلَكَ مَا لَيْسَ لِي بِهِ عِلْمٌ ۖ وَإِلَّا تَغْفِرْ لِي وَتَرْحَمْنِي أَكُنْ مِنَ الْخَاسِرِينَ",
            "51": "قِيلَ يَا نُوحُ اهْبِطْ بِسَلَامٍ مِنَّا وَبَرَكَاتٍ عَلَيْكَ وَعَلَىٰ أُمَمٍ مِمَّنْ مَعَكَ ۚ وَأُمَمٌ سَنُمَتِّعُهُمْ ثُمَّ يَمَسُّهُمْ مِنَّا عَذَابٌ أَلِيمٌ",
            "52": "تِلْكَ مِنْ أَنْبَاءِ الْغَيْبِ نُوحِيهَا إِلَيْكَ ۖ مَا كُنْتَ تَعْلَمُهَا أَنْتَ وَلَا قَوْمُكَ مِنْ قَبْلِ هَٰذَا ۖ فَاصْبِرْ ۖ إِنَّ الْعَاقِبَةَ لِلْمُتَّقِينَ",
            "53": "وَإِلَىٰ عَادٍ أَخَاهُمْ هُودًا ۚ قَالَ يَا قَوْمِ اعْبُدُوا اللَّهَ مَا لَكُمْ مِنْ إِلَٰهٍ غَيْرُهُ ۖ إِنْ أَنْتُمْ إِلَّا مُفْتَرُونَ",
            "54": "يَا قَوْمِ لَا أَسْأَلُكُمْ عَلَيْهِ أَجْرًا ۖ إِنْ أَجْرِيَ إِلَّا عَلَى الَّذِي فَطَرَنِي ۚ أَفَلَا تَعْقِلُونَ",
            "55": "وَيَا قَوْمِ اسْتَغْفِرُوا رَبَّكُمْ ثُمَّ تُوبُوا إِلَيْهِ يُرْسِلِ السَّمَاءَ عَلَيْكُمْ مِدْرَارًا وَيَزِدْكُمْ قُوَّةً إِلَىٰ قُوَّتِكُمْ وَلَا تَتَوَلَّوْا مُجْرِمِينَ",
            "56": "قَالُوا يَا هُودُ مَا جِئْتَنَا بِبَيِّنَةٍ وَمَا نَحْنُ بِتَارِكِي آلِهَتِنَا عَنْ قَوْلِكَ وَمَا نَحْنُ لَكَ بِمُؤْمِنِينَ",
            "57": "إِنْ نَقُولُ إِلَّا اعْتَرَاكَ بَعْضُ آلِهَتِنَا بِسُوءٍ ۗ قَالَ إِنِّي أُشْهِدُ اللَّهَ وَاشْهَدُوا أَنِّي بَرِيءٌ مِمَّا تُشْرِكُونَ",
            "58": "مِنْ دُونِهِ ۖ فَكِيدُونِي جَمِيعًا ثُمَّ لَا تُنْظِرُونِ",
            "59": "إِنِّي تَوَكَّلْتُ عَلَى اللَّهِ رَبِّي وَرَبِّكُمْ ۚ مَا مِنْ دَابَّةٍ إِلَّا هُوَ آخِذٌ بِنَاصِيَتِهَا ۚ إِنَّ رَبِّي عَلَىٰ صِرَاطٍ مُسْتَقِيمٍ",
            "60": "فَإِنْ تَوَلَّوْا فَقَدْ أَبْلَغْتُكُمْ مَا أُرْسِلْتُ بِهِ إِلَيْكُمْ ۚ وَيَسْتَخْلِفُ رَبِّي قَوْمًا غَيْرَكُمْ وَلَا تَضُرُّونَهُ شَيْئًا ۚ إِنَّ رَبِّي عَلَىٰ كُلِّ شَيْءٍ حَفِيظٌ",
            "61": "وَلَمَّا جَاءَ أَمْرُنَا نَجَّيْنَا هُودًا وَالَّذِينَ آمَنُوا مَعَهُ بِرَحْمَةٍ مِنَّا وَنَجَّيْنَاهُمْ مِنْ عَذَابٍ غَلِيظٍ",
            "62": "وَتِلْكَ عَادٌ ۖ جَحَدُوا بِآيَاتِ رَبِّهِمْ وَعَصَوْا رُسُلَهُ وَاتَّبَعُوا أَمْرَ كُلِّ جَبَّارٍ عَنِيدٍ",
            "63": "وَأُتْبِعُوا فِي هَٰذِهِ الدُّنْيَا لَعْنَةً وَيَوْمَ الْقِيَامَةِ ۗ أَلَا إِنَّ عَادًا كَفَرُوا رَبَّهُمْ ۗ أَلَا بُعْدًا لِعَادٍ قَوْمِ هُودٍ",
            "64": "وَإِلَىٰ ثَمُودَ أَخَاهُمْ صَالِحًا ۚ قَالَ يَا قَوْمِ اعْبُدُوا اللَّهَ مَا لَكُمْ مِنْ إِلَٰهٍ غَيْرُهُ ۖ هُوَ أَنْشَأَكُمْ مِنَ الْأَرْضِ وَاسْتَعْمَرَكُمْ فِيهَا فَاسْتَغْفِرُوهُ ثُمَّ تُوبُوا إِلَيْهِ ۚ إِنَّ رَبِّي قَرِيبٌ مُجِيبٌ",
            "65": "قَالُوا يَا صَالِحُ قَدْ كُنْتَ فِينَا مَرْجُوًّا قَبْلَ هَٰذَا ۖ أَتَنْهَانَا أَنْ نَعْبُدَ مَا يَعْبُدُ آبَاؤُنَا وَإِنَّنَا لَفِي شَكٍّ مِمَّا تَدْعُونَا إِلَيْهِ مُرِيبٍ",
            "66": "قَالَ يَا قَوْمِ أَرَأَيْتُمْ إِنْ كُنْتُ عَلَىٰ بَيِّنَةٍ مِنْ رَبِّي وَآتَانِي مِنْهُ رَحْمَةً فَمَنْ يَنْصُرُنِي مِنَ اللَّهِ إِنْ عَصَيْتُهُ ۖ فَمَا تَزِيدُونَنِي غَيْرَ تَخْسِيرٍ",
            "67": "وَيَا قَوْمِ هَٰذِهِ نَاقَةُ اللَّهِ لَكُمْ آيَةً فَذَرُوهَا تَأْكُلْ فِي أَرْضِ اللَّهِ وَلَا تَمَسُّوهَا بِسُوءٍ فَيَأْخُذَكُمْ عَذَابٌ قَرِيبٌ",
            "68": "فَعَقَرُوهَا فَقَالَ تَمَتَّعُوا فِي دَارِكُمْ ثَلَاثَةَ أَيَّامٍ ۖ ذَٰلِكَ وَعْدٌ غَيْرُ مَكْذُوبٍ",
            "69": "فَلَمَّا جَاءَ أَمْرُنَا نَجَّيْنَا صَالِحًا وَالَّذِينَ آمَنُوا مَعَهُ بِرَحْمَةٍ مِنَّا وَمِنْ خِزْيِ يَوْمِئِذٍ ۗ إِنَّ رَبَّكَ هُوَ الْقَوِيُّ الْعَزِيزُ",
            "70": "وَأَخَذَ الَّذِينَ ظَلَمُوا الصَّيْحَةُ فَأَصْبَحُوا فِي دِيَارِهِمْ جَاثِمِينَ",
            "71": "كَأَنْ لَمْ يَغْنَوْا فِيهَا ۗ أَلَا إِنَّ ثَمُودَ كَفَرُوا رَبَّهُمْ ۗ أَلَا بُعْدًا لِثَمُودَ",
            "72": "وَلَقَدْ جَاءَتْ رُسُلُنَا إِبْرَاهِيمَ بِالْبُشْرَىٰ قَالُوا سَلَامًا ۖ قَالَ سَلَامٌ ۖ فَمَا لَبِثَ أَنْ جَاءَ بِعِجْلٍ حَنِيذٍ",
            "73": "فَلَمَّا رَأَىٰ أَيْدِيَهُمْ لَا تَصِلُ إِلَيْهِ نَكِرَهُمْ وَأَوْجَسَ مِنْهُمْ خِيفَةً ۚ قَالُوا لَا تَخَفْ إِنَّا أُرْسِلْنَا إِلَىٰ قَوْمِ لُوطٍ",
            "74": "وَامْرَأَتُهُ قَائِمَةٌ فَضَحِكَتْ فَبَشَّرْنَاهَا بِإِسْحَاقَ وَمِنْ وَرَاءِ إِسْحَاقَ يَعْقُوبَ",
            "75": "قَالَتْ يَا وَيْلَتَىٰ أَأَلِدُ وَأَنَا عَجُوزٌ وَهَٰذَا بَعْلِي شَيْخًا ۖ إِنَّ هَٰذَا لَشَيْءٌ عَجِيبٌ",
            "76": "قَالُوا أَتَعْجَبِينَ مِنْ أَمْرِ اللَّهِ ۖ رَحْمَتُ اللَّهِ وَبَرَكَاتُهُ عَلَيْكُمْ أَهْلَ الْبَيْتِ ۚ إِنَّهُ حَمِيدٌ مَجِيدٌ",
            "77": "فَلَمَّا ذَهَبَ عَنْ إِبْرَاهِيمَ الرَّوْعُ وَجَاءَتْهُ الْبُشْرَىٰ يُجَادِلُنَا فِي قَوْمِ لُوطٍ",
            "78": "إِنَّ إِبْرَاهِيمَ لَحَلِيمٌ أَوَّاهٌ مُنِيبٌ",
            "79": "يَا إِبْرَاهِيمُ أَعْرِضْ عَنْ هَٰذَا ۖ إِنَّهُ قَدْ جَاءَ أَمْرُ رَبِّكَ ۖ وَإِنَّهُمْ آتِيهِمْ عَذَابٌ غَيْرُ مَرْدُودٍ",
            "80": "وَلَمَّا جَاءَتْ رُسُلُنَا لُوطًا سِيءَ بِهِمْ وَضَاقَ بِهِمْ ذَرْعًا وَقَالَ هَٰذَا يَوْمٌ عَصِيبٌ",
            "81": "وَجَاءَهُ قَوْمُهُ يُهْرَعُونَ إِلَيْهِ وَمِنْ قَبْلُ كَانُوا يَعْمَلُونَ السَّيِّئَاتِ ۚ قَالَ يَا قَوْمِ هَٰؤُلَاءِ بَنَاتِي هُنَّ أَطْهَرُ لَكُمْ ۖ فَاتَّقُوا اللَّهَ وَلَا تُخْزُونِ فِي ضَيْفِي ۖ أَلَيْسَ مِنْكُمْ رَجُلٌ رَشِيدٌ",
            "82": "قَالُوا لَقَدْ عَلِمْتَ مَا لَنَا فِي بَنَاتِكَ مِنْ حَقٍّ وَإِنَّكَ لَتَعْلَمُ مَا نُرِيدُ",
            "83": "قَالَ لَوْ أَنَّ لِي بِكُمْ قُوَّةً أَوْ آوِي إِلَىٰ رُكْنٍ شَدِيدٍ",
            "84": "قَالُوا يَا لُوطُ إِنَّا رُسُلُ رَبِّكَ لَنْ يَصِلُوا إِلَيْكَ ۖ فَأَسْرِ بِأَهْلِكَ بِقِطْعٍ مِنَ اللَّيْلِ وَلَا يَلْتَفِتْ مِنْكُمْ أَحَدٌ إِلَّا امْرَأَتَكَ ۖ إِنَّهُ مُصِيبُهَا مَا أَصَابَهُمْ ۚ إِنَّ مَوْعِدَهُمُ الصُّبْحُ ۚ أَلَيْسَ الصُّبْحُ بِقَرِيبٍ",
            "85": "فَلَمَّا جَاءَ أَمْرُنَا جَعَلْنَا عَالِيَهَا سَافِلَهَا وَأَمْطَرْنَا عَلَيْهَا حِجَارَةً مِنْ سِجِّيلٍ مَنْضُودٍ",
            "86": "مُسَوَّمَةً عِنْدَ رَبِّكَ ۖ وَمَا هِيَ مِنَ الظَّالِمِينَ بِبَعِيدٍ",
            "87": "وَإِلَىٰ مَدْيَنَ أَخَاهُمْ شُعَيْبًا ۚ قَالَ يَا قَوْمِ اعْبُدُوا اللَّهَ مَا لَكُمْ مِنْ إِلَٰهٍ غَيْرُهُ ۖ وَلَا تَنْقُصُوا الْمِكْيَالَ وَالْمِيزَانَ ۚ إِنِّي أَرَاكُمْ بِخَيْرٍ وَإِنِّي أَخَافُ عَلَيْكُمْ عَذَابَ يَوْمٍ مُحِيطٍ",
            "88": "وَيَا قَوْمِ أَوْفُوا الْمِكْيَالَ وَالْمِيزَانَ بِالْقِسْطِ ۖ وَلَا تَبْخَسُوا النَّاسَ أَشْيَاءَهُمْ وَلَا تَعْثَوْا فِي الْأَرْضِ مُفْسِدِينَ",
            "89": "بَقِيَّتُ اللَّهِ خَيْرٌ لَكُمْ إِنْ كُنْتُمْ مُؤْمِنِينَ ۚ وَمَا أَنَا عَلَيْكُمْ بِحَفِيظٍ",
            "90": "قَالُوا يَا شُعَيْبُ أَصَلَاتُكَ تَأْمُرُكَ أَنْ نَتْرُكَ مَا يَعْبُدُ آبَاؤُنَا أَوْ أَنْ نَفْعَلَ فِي أَمْوَالِنَا مَا نَشَاءُ ۖ إِنَّكَ لَأَنْتَ الْحَلِيمُ الرَّشِيدُ",
            "91": "قَالَ يَا قَوْمِ أَرَأَيْتُمْ إِنْ كُنْتُ عَلَىٰ بَيِّنَةٍ مِنْ رَبِّي وَرَزَقَنِي مِنْهُ رِزْقًا حَسَنًا ۚ وَمَا أُرِيدُ أَنْ أُخَالِفَكُمْ إِلَىٰ مَا أَنْهَاكُمْ عَنْهُ ۚ إِنْ أُرِيدُ إِلَّا الْإِصْلَاحَ مَا اسْتَطَعْتُ ۚ وَمَا تَوْفِيقِي إِلَّا بِاللَّهِ ۚ عَلَيْهِ تَوَكَّلْتُ وَإِلَيْهِ أُنِيبُ",
            "92": "وَيَا قَوْمِ لَا يَجْرِمَنَّكُمْ شِقَاقِي أَنْ يُصِيبَكُمْ مِثْلُ مَا أَصَابَ قَوْمَ نُوحٍ أَوْ قَوْمَ هُودٍ أَوْ قَوْمَ صَالِحٍ ۚ وَمَا قَوْمُ لُوطٍ مِنْكُمْ بِبَعِيدٍ",
            "93": "وَاسْتَغْفِرُوا رَبَّكُمْ ثُمَّ تُوبُوا إِلَيْهِ ۚ إِنَّ رَبِّي رَحِيمٌ وَدُودٌ",
            "94": "قَالُوا يَا شُعَيْبُ مَا نَفْقَهُ كَثِيرًا مِمَّا تَقُولُ وَإِنَّا لَنَرَاكَ فِينَا ضَعِيفًا ۖ وَلَوْلَا رَهْطُكَ لَرَجَمْنَاكَ ۖ وَمَا أَنْتَ عَلَيْنَا بِعَزِيزٍ",
            "95": "قَالَ يَا قَوْمِ أَرَهْطِي أَعَزُّ عَلَيْكُمْ مِنَ اللَّهِ وَاتَّخَذْتُمُوهُ وَرَاءَكُمْ ظِهْرِيًّا ۖ إِنَّ رَبِّي بِمَا تَعْمَلُونَ مُحِيطٌ",
            "96": "وَيَا قَوْمِ اعْمَلُوا عَلَىٰ مَكَانَتِكُمْ إِنِّي عَامِلٌ ۖ سَوْفَ تَعْلَمُونَ مَنْ يَأْتِيهِ عَذَابٌ يُخْزِيهِ وَمَنْ هُوَ كَاذِبٌ ۖ وَارْتَقِبُوا إِنِّي مَعَكُمْ رَقِيبٌ",
            "97": "وَلَمَّا جَاءَ أَمْرُنَا نَجَّيْنَا شُعَيْبًا وَالَّذِينَ آمَنُوا مَعَهُ بِرَحْمَةٍ مِنَّا وَأَخَذَتِ الَّذِينَ ظَلَمُوا الصَّيْحَةُ فَأَصْبَحُوا فِي دِيَارِهِمْ جَاثِمِينَ",
            "98": "كَأَنْ لَمْ يَغْنَوْا فِيهَا ۗ أَلَا بُعْدًا لِمَدْيَنَ كَمَا بَعِدَتْ ثَمُودُ",
            "99": "وَلَقَدْ أَرْسَلْنَا مُوسَىٰ بِآيَاتِنَا وَسُلْطَانٍ مُبِينٍ",
            "100": "إِلَىٰ فِرْعَوْنَ وَمَلَئِهِ فَاتَّبَعُوا أَمْرَ فِرْعَوْنَ ۖ وَمَا أَمْرُ فِرْعَوْنَ بِرَشِيدٍ",
            "101": "يَقْدُمُ قَوْمَهُ يَوْمَ الْقِيَامَةِ فَأَوْرَدَهُمُ النَّارَ ۖ وَبِئْسَ الْوِرْدُ الْمَوْرُودُ",
            "102": "وَأُتْبِعُوا فِي هَٰذِهِ لَعْنَةً وَيَوْمَ الْقِيَامَةِ ۚ بِئْسَ الرِّفْدُ الْمَرْفُودُ",
            "103": "ذَٰلِكَ مِنْ أَنْبَاءِ الْقُرَىٰ نَقُصُّهُ عَلَيْكَ ۖ مِنْهَا قَائِمٌ وَحَصِيدٌ",
            "104": "وَمَا ظَلَمْنَاهُمْ وَلَٰكِنْ ظَلَمُوا أَنْفُسَهُمْ ۖ فَمَا أَغْنَتْ عَنْهُمْ آلِهَتُهُمُ الَّتِي يَدْعُونَ مِنْ دُونِ اللَّهِ مِنْ شَيْءٍ لَمَّا جَاءَ أَمْرُ رَبِّكَ ۖ وَمَا زَادُوهُمْ غَيْرَ تَتْبِيبٍ",
            "105": "وَكَذَٰلِكَ أَخْذُ رَبِّكَ إِذَا أَخَذَ الْقُرَىٰ وَهِيَ ظَالِمَةٌ ۚ إِنَّ أَخْذَهُ أَلِيمٌ شَدِيدٌ",
            "106": "إِنَّ فِي ذَٰلِكَ لَآيَةً لِمَنْ خَافَ عَذَابَ الْآخِرَةِ ۚ ذَٰلِكَ يَوْمٌ مَجْمُوعٌ لَهُ النَّاسُ وَذَٰلِكَ يَوْمٌ مَشْهُودٌ",
            "107": "وَمَا نُؤَخِّرُهُ إِلَّا لِأَجَلٍ مَعْدُودٍ",
            "108": "يَوْمَ يَأْتِ لَا تَكَلَّمُ نَفْسٌ إِلَّا بِإِذْنِهِ ۚ فَمِنْهُمْ شَقِيٌّ وَسَعِيدٌ",
            "109": "فَأَمَّا الَّذِينَ شَقُوا فَفِي النَّارِ لَهُمْ فِيهَا زَفِيرٌ وَشَهِيقٌ",
            "110": "خَالِدِينَ فِيهَا مَا دَامَتِ السَّمَاوَاتُ وَالْأَرْضُ إِلَّا مَا شَاءَ رَبُّكَ ۚ إِنَّ رَبَّكَ فَعَّالٌ لِمَا يُرِيدُ",
            "111": "وَأَمَّا الَّذِينَ سُعِدُوا فَفِي الْجَنَّةِ خَالِدِينَ فِيهَا مَا دَامَتِ السَّمَاوَاتُ وَالْأَرْضُ إِلَّا مَا شَاءَ رَبُّكَ ۖ عَطَاءً غَيْرَ مَجْذُوذٍ",
            "112": "فَلَا تَكُ فِي مِرْيَةٍ مِمَّا يَعْبُدُ هَٰؤُلَاءِ ۚ مَا يَعْبُدُونَ إِلَّا كَمَا يَعْبُدُ آبَاؤُهُمْ مِنْ قَبْلُ ۚ وَإِنَّا لَمُوَفُّوهُمْ نَصِيبَهُمْ غَيْرَ مَنْقُوصٍ",
            "113": "وَلَقَدْ آتَيْنَا مُوسَى الْكِتَابَ فَاخْتُلِفَ فِيهِ ۚ وَلَوْلَا كَلِمَةٌ سَبَقَتْ مِنْ رَبِّكَ لَقُضِيَ بَيْنَهُمْ ۚ وَإِنَّهُمْ لَفِي شَكٍّ مِنْهُ مُرِيبٍ",
            "114": "وَإِنَّ كُلًّا لَمَّا لَيُوَفِّيَنَّهُمْ رَبُّكَ أَعْمَالَهُمْ ۚ إِنَّهُ بِمَا يَعْمَلُونَ خَبِيرٌ",
            "115": "فَاسْتَقِمْ كَمَا أُمِرْتَ وَمَنْ تَابَ مَعَكَ وَلَا تَطْغَوْا ۚ إِنَّهُ بِمَا تَعْمَلُونَ بَصِيرٌ",
            "116": "وَلَا تَرْكَنُوا إِلَى الَّذِينَ ظَلَمُوا فَتَمَسَّكُمُ النَّارُ وَمَا لَكُمْ مِنْ دُونِ اللَّهِ مِنْ أَوْلِيَاءَ ثُمَّ لَا تُنْصَرُونَ",
            "117": "وَأَقِمِ الصَّلَاةَ طَرَفَيِ النَّهَارِ وَزُلَفًا مِنَ اللَّيْلِ ۚ إِنَّ الْحَسَنَاتِ يُذْهِبْنَ السَّيِّئَاتِ ۚ ذَٰلِكَ ذِكْرَىٰ لِلذَّاكِرِينَ",
            "118": "وَاصْبِرْ فَإِنَّ اللَّهَ لَا يُضِيعُ أَجْرَ الْمُحْسِنِينَ",
            "119": "فَلَوْلَا كَانَ مِنَ الْقُرُونِ مِنْ قَبْلِكُمْ أُولُو بَقِيَّةٍ يَنْهَوْنَ عَنِ الْفَسَادِ فِي الْأَرْضِ إِلَّا قَلِيلًا مِمَّنْ أَنْجَيْنَا مِنْهُمْ ۗ وَاتَّبَعَ الَّذِينَ ظَلَمُوا مَا أُتْرِفُوا فِيهِ وَكَانُوا مُجْرِمِينَ",
            "120": "وَمَا كَانَ رَبُّكَ لِيُهْلِكَ الْقُرَىٰ بِظُلْمٍ وَأَهْلُهَا مُصْلِحُونَ",
            "121": "وَلَوْ شَاءَ رَبُّكَ لَجَعَلَ النَّاسَ أُمَّةً وَاحِدَةً ۖ وَلَا يَزَالُونَ مُخْتَلِفِينَ",
            "122": "إِلَّا مَنْ رَحِمَ رَبُّكَ ۚ وَلِذَٰلِكَ خَلَقَهُمْ ۗ وَتَمَّتْ كَلِمَةُ رَبِّكَ لَأَمْلَأَنَّ جَهَنَّمَ مِنَ الْجِنَّةِ وَالنَّاسِ أَجْمَعِينَ",
            "123": "وَكُلًّا نَقُصُّ عَلَيْكَ مِنْ أَنْبَاءِ الرُّسُلِ مَا نُثَبِّتُ بِهِ فُؤَادَكَ ۚ وَجَاءَكَ فِي هَٰذِهِ الْحَقُّ وَمَوْعِظَةٌ وَذِكْرَىٰ لِلْمُؤْمِنِينَ",
            "124": "وَقُلْ لِلَّذِينَ لَا يُؤْمِنُونَ اعْمَلُوا عَلَىٰ مَكَانَتِكُمْ إِنَّا عَامِلُونَ",
            "125": "وَانْتَظِرُوا إِنَّا مُنْتَظِرُونَ",
            "126": "وَلِلَّهِ غَيْبُ السَّمَاوَاتِ وَالْأَرْضِ وَإِلَيْهِ يُرْجَعُ الْأَمْرُ كُلُّهُ فَاعْبُدْهُ وَتَوَكَّلْ عَلَيْهِ ۚ وَمَا رَبُّكَ بِغَافِلٍ عَمَّا تَعْمَلُونَ"
        },
        "farsi": {
        "4": "\nالف، لام، راء . [این] کتابی [با عظمت] است که آیاتش از سوی خداوند حکیم و آگاه، استوار و متقن شده، سپس [در جهت فهمِ همگان] توضیح داده شده است ",
            "5": " [با این فرمانِ سعادت بخش] که؛ جز خداوندِ یکتا را نپرستید. [و با این پیام پرخیر که؛] یقیناً من برای شما از سوی او بیم دهنده [از عذاب دنیا و آخرت،] و مژده دهنده [به بهشت و رضوان الهی] هستم ",
            "6": " و [با ابلاغ] این [مطلب سازنده] که؛ از پروردگارتان آمرزش بخواهید، و [از پرستش بُت ها] به سوی او بازگردید تا شما را تا پایان زندگی از بهرۀ نیکی برخوردار کند، و به هرکه بهره اش [از صفات پسندیده و اعمال شایسته اش] بیشتر است پاداش زیادتری عطا کند، چنانچه [از حق] سرپیچی کنید من از عذاب روزی بزرگ بر شما می ترسم ",
            "7": " بازگشت شما فقط به سوی خداست، او بر هر کاری تواناست ",
            "8": " آگاه باشید! [مشرکان] سر در گریبان فرومی برند [و در چنین حالی بر ضد اسلام و پیامبر توطئه می کنند] و [به گمان باطلشان] خود را از خداوند پنهان می دارند، بدانید هنگامی که جلسات مخفیانه شبانه تشکیل می دهند [تا طرح تو طئه بریزند، این تبهکاری سودی به حالشان ندارد] خداوند آنچه را پنهان می دارند و آنچه را آشکار می کنند می داند؛ زیرا او به اسرار و نیات باطن ها آگاه است",
            "9": "\n \nهیچ جنبنده ای در زمین نیست مگر آن که رزقش فقط بر عهدۀ خداست، و قرارگاه دائم و موقّت او را می داند، همه در کتابی روشن [چون لوح محفوظ، ثبت] است ",
            "10": " اوست که آسمان ها و زمین را در شش دوره آفرید، و [پیش از آن] عرش [حکومت و فرمانروایی ] او بر آب قرار داشت، [آسمان ها و زمین را آفرید] تا شما را بیازماید که کدامتان نیکوکارترید، اگر به مردم بگویی شما قطعاً پس از مردن برانگیخته می شوید، کافران می گویند: این [مطلب] جز جادویی آشکار نیست! ",
            "11": " اگر عذاب را از آنان تا مدتی اندک به تأخیر اندازیم قطعاً [از روی استهزاء] خواهند گفت: چه چیزی آن را [از آمدن] بازمی دارد؟ آگاه باشید! روزی که عذاب به آنان رسد از آنان برگردانده نخواهد شد، و عذابی را که همواره مسخره می کردند آنان را فراخواهد گرفت ",
            "12": " اگر از سوی خود نعمتی به انسان بچشانیم، سپس آن را [به سببی] از او بگیریم بسیار نا امید و به شدت ناسپاس خواهد شد ",
            "13": " اگر پس از آسیبی که به او رسیده رفاه و خوشی به او بچشانیم قطعاً خواهد گفت: همۀ آسیب ها از من برطرف شد، [و دیگر آسیبی نمی بینم،] در آن حال [که غافل از حوادث آینده است،] مغرورانه شاد و خودستاست ",
            "14": " مگر کسانی که [در آسیب و رفاه] شکیبایی داشتند، و کارهای شایسته انجام دادند، برای اینان آمرزشی ویژه، و پاداشی بزرگ است ",
            "15": " پس درباره تو این احتمال هست بخاطر اینکه نگویند: چرا گنجی برای او فرستاده نشده یا فرشته ای همراهش نیامده؟ برخی از آنچه را به تو وحی می شود ابلاغ نکنی درحالی که سینه ات از ترک ابلاغ به تنگ می آید، خداوند بر هر چیزی حافظ و نگهبان است ",
            "16": "\n \nبلکه [زشت تر از خواسته های نابجایشان، گفتارشان بر ضد قرآن است که] می گویند: او این کتاب را [خود ساخته و] به دروغ [به خدا] نسبت می دهد! بگو: اگر در ادعای خود راست گویید شما هم ده سوره مانند آن [ساختگی] که [به خداوند] نسبت دهید بیاورید، و هرکس را در برابر خدا می توانید به یاری خود بخوانید !",
            "17": " چنانچه [دعوت] شما را [به آوردنِ ده سوره مانند قرآن] اجابت نکردند، [که اجابت نمی کنند،] بدانید آنچه نازل شده به علم خداست، و هیچ معبودی جز او نیست، پس آیا تسلیم [قرآن] می شوید؟",
            "18": " آنان که زندگی دنیا و زینت و زیورش را بخواهند ثمرۀ تلاششان را در همین دنیا به صورتی کامل می دهیم، و در این جا چیزی از آنان کاسته نخواهد شد ",
            "19": " برای آنان در آخرت سهمی جز آتش نیست، و آنچه [تلاش مثبت] در دنیا داشتند در آخرت تباه می شود، و اعمالی که همواره انجام می دادند باطل می شود، [و در آن صحنۀ هول انگیز جز تهیدستی برای آنان نماند] ",
            "20": " آیا کسانی که از سوی پروردگارشان بر دلیل روشنی[چون بصیرت] متکی هستند و شاهدی از سوی پروردگارشان [چون قرآن] تاییدشان می کند و پیش از آن شاهد، کتاب موسی درحالی که پیشوا و رحمت است مؤید آن شاهد است [مانند کسانی هستند که بی بصیرت اند؟] آنان [که دارای بصیرت اند] به قرآن ایمان دارند، و کسانی از گروه ها[چه مشرکان و چه یهود و نصاری] که کافر به قرآنند وعده گاهش آتش دوزخ است، پس [ای انسان!] درباره قرآن که کتابی راست و درست از سوی پروردگار توست در تردید مباش، ولی بیشتر مردم ایمان نمی آورند",
            "21": " و ستمکارتر از کسانی که به خداوند دروغ بستند چه کسانی هستند؟ آنان را [در قیامت] بر پروردگارشان عرضه می کنند، و گواهانِ [اعمال] می گویند: اینانند که بر پروردگارشان دروغ بستند، آگاه باشید! لعنت خدا بر ستمکاران باد !",
            "22": " هم آنان که [مردم را،] از راه خدا [که اسلام است] بازمی دارند، و می خواهند [با وسوسه و اغواگری] آن را کج نشان دهند، و به آخرت کافرند ",
            "23": "\n \nاینان در زمین عاجزکنندۀ [خدا] نیستند [تا بتوانند از دسترس قدرتش بیرون روند]، و در برابر خداوند یاورانی [نجات دهنده] برای آنان نیست، عذابشان [در قیامت] دوچندان است؛ زیرا تاب شنیدن [قرآن را] نداشتند، و [حقایق آن را از روی بصیرت] نمی دیدند ",
            "24": " اینانند که [همۀ سرمایه های وجودی] خود را تباه کردند، و آنچه را همواره به دروغ [به عنوان شریکان خدا] ساخته بودند از دستشان رفت ",
            "25": " بی گمان در آخرت از همه زیانکارترند ",
            "26": " مسلّماً مؤمنانی که کارهای شایسته انجام دادند و در برابر پروردگارشان فروتن بودند اهل بهشتند، و در آن جاودانه اند ",
            "27": " وصف این دو گروهِ [کافر و مؤمن] همچون نابینا و کر، و بینا و شنواست، آیا وصفشان مساوی است؟ پس چرا متوجه نمی شوید؟",
            "28": " همانا نوح را به سوی قومش فرستادیم [تا به آنان اِعلام کند] که من برای شما هشدار دهنده ای روشنگرم ",
            "29": "که جز خدا را نپرستید! همانا من بر شما از عذابِ روزی دردناک می ترسم ",
            "30": " سران [متکبّر و] کفرپیشۀ قومش گفتند: ما تو را جز بشری مانند خود نمی بینیم، و جز فرومایگانی که بدون اندیشه و نسنجیده از تو پیروی می کنند کسی را مشاهده نمی کنیم، و هیچ برتری برای جمع شما نسبت به خود نمی یابیم، بلکه شما را دروغگو می دانیم ",
            "31": " نوح گفت: ای قومِ من! مرا خبر دهید، اگر بر دلیل روشنی از طرف پروردگارم متّکی باشم، و مرا از نزد خود رحمتی که بر شما مخفی مانده عطا کرده باشد [باز هم نبوت مرا انکار می کنید]؟ آیا من و اهل ایمان می توانیم شما را به پذیرش آن دلیلِ روشن، درحالی که آن را خوش ندارید مجبورکنیم؟",
            "32": "\n \nای قومِ من! در برابر ابلاغ رسالتم هیچ پاداشی از شما نمی خواهم، پاداشم فقط بر عهدۀ خداست، من [برای خشنودی شما] مؤمنان را از خود نمی رانم؛ زیرا آنان ملاقات کنندۀ پروردگارشان هستند، و من شما را قومی می بینم که [در امورتان] نادانی می کنید ",
            "33": " ای قومِ من! اگر آنان را [از خود] برانم چه کسی مرا در برابر [عذاب] خدا یاری می دهد؟ آیا متذکر [این حقایق] نمی شوید؟",
            "34": " من به شما نمی گویم که گنجینه های خداوند نزد من است، و ادعا نمی کنم که آگاه به غیبم، و نمی گویم فرشته ام، و دربارۀ آنان که دیدگانتان خوارشان می بیند نمی گویم که خداوند هرگز خیری به آنان عطا نمی کند، خداوند به آنچه در باطن آنان است داناتر است، دراین صورت [که ادعای این امور را داشته باشم] از ستمکاران خواهم بود ",
            "35": " گفتند: ای نوح! با ما گفت وگوی نادرست کردی، بسیار هم گفت وگو کردی، نهایتاً اگر از راست گویانی آن عذابی که ما را به آن تهدید می کنی برای ما بیاور !؟",
            "36": " [نوح] گفت: جز این نیست که اگر خداوند بخواهد آن را برای شما می آورد، عاجزکنندۀ [خدا] نیستید [تا بتوانید از دسترس قدرتش بیرون روید]",
            "37": " چنانچه بخواهم برای شما خیرخواهی کنم، درصورتی که خدا بخواهد شما را [بر اثر کفر و عصیانتان] در گمراهی واگذارد، خیرخواهی من برای شما سودمند نیست، او پروردگار شماست، و شما را به سویش بازمی گردانند ",
            "38": " [نه تنها قوم نوح، حقایق را دروغ انگاشتند،] بلکه [مشرکان هم] می گویند: [پیامبر] این [قرآن] را [از نزد خود] ساخته،! بگو: اگر من این [قرآن] را ساخته باشم و به دروغ [به خدا] نسبت داده باشم، گناهم فقط بر عهدۀ من است، و من از گناهانی که شما مرتکب می شوید، [و زشت ترینش دروغ انگاشتنِ قرآن است] به شدت بیزارم ",
            "39": " به نوح وحی شد: از قوم تو جز کسانی که [تاکنون] ایمان آورده اند هرگز کسی ایمان نخواهد آورد؛ بنابراین از اعمالی که همواره [بر ضد تو] انجام می دهند اندوهگین مباش !",
            "40": " با نظارت ما و بر اساس وحی ما آن کشتی را بساز! و با من دربارۀ [نجاتِ] کسانی که ستم کرده اند سخن مگو؛ زیرا آنان یقیناً غرق شدنی هستند ",
            "41": "\n \nاو کشتی را می ساخت، هرگاه سران [متکبّر] قومش بر او می گذشتند مسخره اش می کردند، [نوح] گفت: اگر ما را مسخره می کنید قطعاً ما هم [به هنگام توفانِ خانمان برانداز،] شما را مسخره خواهیم کرد همان گونه که ما را مسخره می کنید",
            "42": " پس به زودی خواهید دانست به چه کسی [در دنیا] عذابی خوارکننده و [در آخرت] عذابی پایدار وارد می شود",
            "43": " [جدال و مبارزۀ قوم نوح با او ادامه داشت] تا این که فرمان ما رسید، و [آب از] تنور به شدت جوشید، گفتیم: از هر نوع حیوانی یک جفت، و نیز خاندانت را در کشتی سوار کن! مگر کسی که پیش تر فرمان [غرق شدنش] بر او حتمی شده است و همچنین آنان را که ایمان آورده اند [به همراه بیاور]، و جز اندکی همراه او مؤمن نشدند ",
            "44": " [نوح] گفت: در آن سوار شوید! که حرکت کردن و لنگرانداختنش فقط به نام خداست، یقیناً پروردگارم بسیار آمرزنده و مهربان است ",
            "45": " کشتی، آنان را در میان امواجی کوه آسا حرکت می داد، نوح فرزندش را که در کناری بود بانگ زد: پسرم! همراه ما سوار شو، و با کافران مباش !",
            "46": " گفت: یقیناً به کوهی که مرا از [غرق شدن در] آب نگه دارد پناه می برم، [نوح] گفت: امروز هیچ نگهدارنده ای در برابر عذاب خدا نیست، جز کسی که [خداوند] به او رحم کند. نهایتاً موج میان آن دو حایل شد، و [پسرک] از غرق شدگان گردید ",
            "47": " [پس از هلاکت کافران] گفته شد: ای زمین! آبِ خود را فرو بَر، و ای آسمان! [از ریختنِ بارانِ سیل آسا] خودداری کن! آب فرو نشست و کار به پایان رسید، و [کشتی] بر کوه «جودی» پهلو گرفت، و گفته شد: دوری از رحمت خدا بر ستمکاران باد !",
            "48": " نوح [در شروع توفان] پروردگارش را ندا داد و گفت: پروردگارا! همانا پسرم از خاندان من است، و مسلّماً وعدۀ تو [مبنی بر نجات خاندانم] حق است، و تو بهترین داورانی ",
            "49": "\n \n[خداوند] خطاب کرد: ای نوح! مسلّماً او از خاندان تو نیست، [وجود] او [بر اثر تداوم گناه،] عملی ناشایسته است، پس چیزی را که به آن آگاه نیستی [از من] مخواه! البته تو را اندرز می دهم که مبادا از نا آگاهان باشی !",
            "50": " [نوح] گفت: پروردگارا! از این که چیزی را که به آن آگاهی ندارم از تو بخواهم به تو پناه می برم، چنانچه مرا نیامرزی و به من رحم نکنی از زیان کاران خواهم بود ",
            "51": " گفته شد: ای نوح! با [امنیت و] سلامت و برکاتی از سوی ما بر تو و امت هایی که همراه تواند از کشتی فرود آی! و امت هایی [از نسلِ جمع شما به وجود می آیند] که آنان را [از نعمت های خود] بهره مند می کنیم، سپس آنان را از سوی ما [به سبب کفران نعمت ها] عذابی دردناک خواهد رسید ",
            "52": " این [داستان ها و حوادث] از خبرهای غیبی است که آن را از طریق وحی برایت بازگو می کنیم، پیش از وحی ما، نه تو آن ها را می دانستی و نه قوم تو، پس [در ابلاغ پیام ما] شکیبایی کن! یقیناً فرجام نیک برای کسانی است که از خداوند [اطاعت کرده، از محرّماتش] بپرهیزند ",
            "53": " و به سوی [قوم] عاد، برادرشان هود را [فرستادیم]، گفت: ای قومِ من! خداوندِ یکتا را بپرستید که شما را جز او هیچ معبودی نیست، شما [با روی کردن به بُت ها به عنوان شریکان خدا] جز مردمی دروغ پرداز نیستید ",
            "54": " ای قومِ من! در برابر رساندن پیام های خدا هیچ پاداشی از شما نمی خواهم، پاداشم فقط بر عهدۀ کسی است که مرا پدید آورده، آیا اندیشه نمی کنید؟",
            "55": " ای قومِ من! از پروردگارتان آمرزش بخواهید، و [بُت ها را رها کرده،] به سوی او بازگردید، تا از [ابرهای] آسمان برای شما باران فراوان و پی درپی فرستد، و نیرویی بر نیرویتان بیفزاید، [ای مردم!] مجرمانه روی [از حق] برنگردانید !",
            "56": " گفتند: ای هود! معجزۀ روشنی [که دلخواه ما باشد] برای ما نیاوردی، و ما معبودهایمان را به خاطر گفتۀ تو رها نمی کنیم، و هرگز به تو ایمان نمی آوریم!",
            "57": "\n \nجز این را هم نمی گوییم که بعضی از معبودان ما به تو آسیب [روانی] زده اند، [به همین علت سخنان جنون آمیز و نادرست می گویی!]، [هود] گفت: من خدا را گواه می گیرم و شما هم گواه باشید که قطعاً از آنچه شریک [او] می پندارید بیزارم ",
            "58": " [آری از هر معبودی] غیر او [بیزارم]، پس همۀ شما [با توسل به بُت هایتان بر ضد من] نیرنگ بزنید، سپس مهلتم ندهید !",
            "59": " قطعاً من بر خداوند یکتا که پروردگار من و شماست توکل کردم، هیچ جنبنده ای نیست مگر آن که خداوند مهارش را [در دست عدالت و قدرتش] گرفته؛ زیرا پروردگارم بر راهی مستقیم است ",
            "60": " چنانچه روی [از حق] برگردانید [زیانش برای خود شماست]، آنچه مرا برای آن به سوی شما فرستاده اند به شما ابلاغ کردم، [اگر نپذیرید هلاک می شوید،] و پروردگارم گروهی غیر شما را جایگزین خواهد کرد، [آگاه باشید که] هرگز نمی توانید هیچ زیانی به او بزنید؛ زیرا پروردگارم بر هرچیزی نگهبان است ",
            "61": " هنگامی که فرمان ما [بر نابودی قوم عاد] رسید هود و کسانی را که با او ایمان آورده بودند با رحمتی از سوی خود نجات دادیم، و آنان را از عذابی سخت رهایی بخشیدیم ",
            "62": " اینان [قوم] عاد بودند که آیات پروردگارشان را منکر شدند، و از پیامبرانش نافرمانی کردند، و از هر سرکشِ ستیزه جویی فرمان بردند",
            "63": " و در این دنیا و روز قیامت دچار لعنت شدند، آگاه باشید! [قومِ] عاد منکر پروردگارشان شدند، هشدار که دوری [از رحمت خدا] بر عادیان، قوم هود باد !",
            "64": " و به سوی [قوم] ثمود، برادرشان صالح را [فرستادیم]، گفت: ای قومِ من! خدای یکتا را بپرستید، شما را جز او هیچ معبودی نیست، او شما را از زمین پدید آورد، و از شما خواست در آن آبادانی کنید، از او آمرزش بخواهید [و بُت ها را رها کرده،] به سوی او بازگردید! زیرا پروردگارم نزدیک، و اجابت کنندۀ [دعا] است ",
            "65": " گفتند: ای صالح! پیش از این در بین ما [به عنوان خردمندی باوقار] مورد امید بودی، آیا ما را از پرستش آنچه پدرانمان می پرستیدند بازمی داری؟ یقیناً ما درباره تعالیمی که به آن دعوتمان می کنی در تردیدی سخت هستیم ",
            "66": "\n \n[صالح] گفت: ای قومِ من! مرا خبر دهید چنانچه بر [معجزه و] دلیلی روشن از سوی پروردگارم [متّکی] باشم، و او از جانب خود رحمتی به من عطا کرده باشد، اگر از [فرمان] خدا [در مورد ابلاغ دین] نافرمانی کنم چه کسی مرا از [عذاب] او نجات می دهد؟ [نهایتاً شما [درصورتی که فرمانبرتان باشم] جز خسارت بر من نمی افزایید ",
            "67": " ای قومِ من! این ناقۀ خداست [که برای شما در اثبات صِدق نبوتم معجزه ای فوق العاده است،] او را آزاد بگذارید در زمین خدا بچرد، و هیچ آسیبی به او نرسانید! که عذابی زودهنگام شما را خواهد گرفت ",
            "68": " پس آن ناقه را [بدون جدی گرفتنِ تهدید صالح] پی کردند، [صالح] گفت: [فقط] سه روز [فرصت دارید] در خانه هایتان از زندگی برخوردار باشید، این وعده ای است که دروغی در آن نیست",
            "69": " چون فرمان ما [بر عذاب آنان] رسید صالح و آنان را که با او ایمان آورده بودند با رحمتی از سوی خود نجات دادیم، و از رسوایی و هلاکتِ آن روز [رهایی بخشیدیم]، همانا پروردگارت نیرومند و توانای شکست ناپذیر است ",
            "70": " آن فریادِ مرگبار، ستمکاران را فراگرفت، پس در خانه هایشان به رو درافتاده، جسمی بی جان شدند ",
            "71": " گویی هرگز در آنجا اقامت نداشتند، آگاه باشید! [قوم] ثمود منکر پروردگارشان شدند، هان! دوری [از رحمت خدا] بر قوم ثمود باد! ",
            "72": " به راستی فرستادگان ما برای ابراهیم مژده آورده، سلامش دادند، [او نیز] گفت: سلام [بر شما]! و بی درنگ گوساله ای بریان آورد ",
            "73": " چون دید دست هایشان به سوی غذا دراز نمی شود آنان را ناشناس یافت، و از آنان احساس ترس کرد، گفتند: نترس! ما را به جانب قوم لوط فرستاده اند ",
            "74": " همسرش که ایستاده بود [از گفت وشنید آنان با ابراهیم] خندید، پس او را به اسحاق، و بعد از اسحاق به یعقوب مژده دادیم !",
            "75": "\n \n[همسر ابراهیم] گفت: ای وای! آیا درحالی که پیره زنم، و همسرم که سالخورده است [فرزند] می زایم، همانا این مسئله بسیار عجیب است !",
            "76": " گفتند: آیا از کار خداوند به شگفت می آیی؟ [مگر نه این است که] رحمت خداوند و برکاتش برای شما خاندان مقرر است؛ زیرا او ستوده و بزرگوار است ",
            "77": " زمانی که ترس و دلهره از ابراهیم برطرف شد، و مژدۀ [فرزنددارشدن] به او رسید با ما دربارۀ قوم لوط [به قصد معاف شدنشان از عذاب] با پافشاری به گفت وگو پرداخت ",
            "78": " همانا ابراهیم بسیار بردبار و دلسوز، و روی آورنده [به پیشگاه خدا با توجه و اخلاص] بود ",
            "79": " ای ابراهیم! از [شفاعتت دربارۀ] قوم لوط درگذر! زیرا فرمان پروردگارت [بر عذاب آن قوم] رسیده، و بی تردید آنان را عذابی بدون بازگشت خواهد بود ",
            "80": " هنگامی که فرستادگان ما نزد لوط آمدند، به سبب [آمدن] آنان اندوهگین شد، و خود را از یاری آنان ناتوان دید، و گفت: این روزِ بسیار دشواری است !",
            "81": " و قومش که پیش [از آمدن فرستادگان] همواره کارهای زشت مرتکب می شدند شتابان به سویش آمدند، [لوط با اشاره به دخترانش] گفت: ای قومِ من! اینان دختران من هستند که [از نظر ازدواج] برای شما پاکیزه ترند، از خدا [نسبت به عمل بسیار زشتتان] بپرهیزید و مرا در بین مهمانانم رسوا نکنید! آیا میان شما مردِ خداترسِ با غیرتی نیست؟!",
            "82": " گفتند: به یقین دانسته ای که ما را به دخترانت هیچ رغبتی نیست، و خوب می دانی که ما چه می خواهیم!",
            "83": " گفت: ای کاش برای دفع شما نیرویی شدید داشتم، یا به پناهگاه استواری مأوا می گرفتم!",
            "84": " [فرستادگان] گفتند: ای لوط! ما فرستادگان پروردگار توایم، آنان هرگز به تو دسترسی پیدا نمی کنند، پس خانواده ات را در پاره ای از شب حرکت بده! و نباید هیچ یک از شما [به سوی شهر] بازگردد، ولی همسرت را با خود مبر! زیرا عذابی که به تبهکاران می رسد به او نیز خواهد رسید، یقیناً وعده گاهشان [برای نزول عذاب] صبح است، آیا صبح نزدیک نیست؟",
            "85": "\n \nچون عذابِ ما دررسید آن [شهرِ آلوده] را زیرورو کردیم، و بر آن بارانی پی درپی از سنگِ گِلِ پخته فروریختیم ",
            "86": " [سنگ هایی] که نزد پروردگارت دارای علامت بود، و آن [شهر برای عبرت گرفتن]، از ستمکاران دور نیست ",
            "87": " و به سوی مردم مَدین، برادرشان شعیب را [فرستادیم]، گفت: ای قومِ من! خداوندِ یکتا را بپرستید! که شما را جز او هیچ معبودی نیست، از پیمانه و ترازو نکاهید! زیرا شما را توانگر می بینم، و بر شما از عذابِ روزی فراگیر می ترسم ",
            "88": " ای قومِ من! پیمانه و ترازو را براساس عدالت پُر و کامل کنید، و از اجناس مردم نکاهید! و در زمین دست به تبهکاری و فساد نزنید! [که بسیار زشت و ناپسند است ]",
            "89": " آنچه خداوند [از کسب و کارتان سود] باقی می گذارد اگر مؤمن هستید برای شما بهتر است، من بر شما [مسلط و] نگهبان نیستم ",
            "90": " گفتند: ای شعیب! آیا نمازت به تو فرمان می دهد که ما آنچه را پدرانمان می پرستیدند رها کنیم؟ یا از تصرف در اموالمان مطابق دلخواهمان دست برداریم، تو که شخصی با درایت و رشدیافته ای!",
            "91": " گفت: ای قومِ من! مرا خبر دهید اگر بر دلیل [و معجزۀ] روشنی از سوی پروردگارم [متّکی] باشم، و از جانب او رزقِ با ارزشی [چون منصب نبوت] نصیبم شده باشد، [باز هم مرا باور نمی کنید؟] من نمی خواهم آنچه شما را از آن بازمی دارم خود مرتکب شوم، تاجایی که توان دارم جز اصلاح [امور شما] را نمی خواهم، موفقیتم فقط در گروِ [یاری] خداست، بر او توکل کردم، و [با توجه و اخلاص] به او بازمی گردم ",
            "92": "\n \nای قومِ من! دشمنی با من شما را [برای مصونیت از عذاب] به جایی نمی رساند، مسلما همانند عذابی که به قوم نوح یا قوم هود یا قوم صالح رسید به شما هم می رسد، و قوم لوط چندان [از جهت زمان و مکان] از شما دور نیستند ",
            "93": " از پروردگارتان آمرزش بخواهید، سپس [بُت ها را رها کرده،] به سوی او روی کنید! زیرا پروردگارم مهربان، و بسیار دوستدار [مؤمنان] است ",
            "94": " گفتند: ای شعیب! بسیاری از مطالبی که می گویی نمی فهمیم، به راستی تو را در مقایسه با خود ناتوان می بینیم، اگر عشیره ات نبودند بدون شک سنگسارت می کردیم! و تو هرگز نزد ما ارجمند نیستی ",
            "95": " گفت: ای قومِ من! آیا عشیره ام نزد شما از خداوند ارجمندتر است که از او غفلت کرده و مورد بی اعتنایی قرارش داده اید؟ همانا پروردگارم به آنچه انجام می دهید احاطه دارد ",
            "96": " ای قومِ من! ای که در توان شماست بکوشید! من [هم در ادای وظیفۀ خود] می کوشم، به زودی آگاه خواهید شد چه کسی را عذاب رسواکننده خواهد آمد، و دروغگو کیست؟ منتظر بمانید من هم با شما منتظرم",
            "97": " هنگامی که عذاب ما رسید شعیب و کسانی را که با او ایمان آورده بودند به رحمتی از سوی خود نجات دادیم، و ستمکاران را فریادِ مرگبار فراگرفت، نهایتاً در خانه هایشان به رو درافتاده، جسمی بی جان شدند ",
            "98": " گویا هرگز در آن جا اقامت نداشتند، آگاه باشید! مَدین از رحمت خدا دور باد! همان گونه که ثمودیان دور شدند",
            "99": " همانا موسی را با معجزاتِ خود و دلیلی روشن فرستادیم ",
            "100": " به سوی فرعون و سران [متکبّر] قومش، ولی آنان [برای حفظ مقام و مال و  منالِ خود] از فرمان فرعون پیروی کردند، درحالی که فرمان فرعون راهنما[ی به سوی سعادت] نبود ",
            "101": "\n \nروز قیامت پیشاپیش قومش حرکت می کند و آنان را به سوی آتش هدایت می کند، بد مقصدی ا ست [آتشی] که در آن وارد می شوند !",
            "102": " در این [دنیا] و روز قیامت دچار لعنت شدند، [لعنت] هدیه بدی است که به آنان می رسد! ",
            "103": " این از اخبار شهرهاست که برای تو حکایت می کنیم، برخی از آن ها برپاست، و برخی [همانند خاشاک] بر باد رفته اند ",
            "104": " ما بر آنان ستم نکردیم، بلکه آنان بر خود ستم کردند، چون عذاب پروردگارت فرارسید بُت هایی که به جای خدا می پرستیدند چیزی [از عذاب] را از آنان دفع نکردند، و جز خسارت و هلاکت به آنان نیفزودند ",
            "105": " چنین است مجازات پروردگارت؛ که اهل آبادی ها را درحالی که ستمکارند مجازات می کند، بی تردید مجازاتش بسیار دردناک و سخت است ",
            "106": " یقیناً در آن [مجازات ها] برای کسی که از عذاب آخرت می ترسد عبرتی [سازنده] است، آخرت روزی است که مردم را [برای پاداش اعمال خوب و بدشان] جمع خواهند کرد، آن روز [همۀ صحنه ها و وقایعش] مورد مشاهده است ",
            "107": " ما آن را جز برای مدتی اندک به تأخیر نمی اندازیم ",
            "108": " آن روز چون فرارسد هیچ کس جز به خواست او سخن نمی گوید، پس گروهی تیره بخت، و جمعی نیک بختند ",
            "109": " اما تیره بختان [که خود سبب تیره بختی خود بودند] در آتشند، آنان در آن جا ناله های حسرت بار و فریادهای شدیدی دارند ",
            "110": " تا آسمان ها و زمینِ [قیامت] پابرجاست در آن [آتش] جاودانه اند، مگر آنچه پروردگارت بخواهد، مسلّماً پروردگارت هرچه بخواهد انجام می دهد ",
            "111": " اما نیک بختان [که با توفیق خداوند نیک بخت شده اند] تا آسمان ها و زمینِ [قیامت] پابرجاست در بهشتند، و در آن جاودانه اند، مگر آنچه را که پروردگارت بخواهد، [بهشت] عطایی قطع نشدنی و بی پایان است ",
            "112": "\n \nشک نداشته باش آن معبودانی که مشرکان می پرستند باطل و بی اثرند، [و هیچ توانی برای دفع عذاب را از آنان ندارند،] اینان جز آنچه را پدرانشان در گذشته می پرستیدند نمی پرستند، ما سهمشان را [از عذاب] کامل و بدون کم وکاست خواهیم داد ",
            "113": " همانا به موسی کتاب دادیم، پس در آن اختلاف شد، [گروهی به آن مؤمن ماندند و گروهی منکرِ آن شدند،] و اگر از سوی پروردگارت فرمانی [مبنی بر آزادی انسان در انتخاب راه درست و نادرست] پیشی نگرفته بود [و این که در دنیا پیش از پایان یافتن عمرشان عذابشان نکند]، یقیناً میان مشرکان [به عذاب] داوری شده بود، [سپس اختلاف اندازان به دنبال آن داوری هلاک می شدند،] اختلاف اندازان دربارۀ قرآن در تردیدی بسیار شدیدند ",
            "114": " یقیناً پروردگارت [عین] اعمالشان را [به صورت دوزخ و] به طورکامل به آنان خواهد داد؛ زیرا او به آنچه انجام می دهند بیناست ",
            "115": " پس همان گونه که فرمان یافته ای ایستادگی کن! و نیز آنان که همراهت [به سوی خدا] روی آورده اند [در برابر حوادث بایستند]، [ای امت!] سرکشی نکنید که خداوند به آنچه انجام می دهید بیناست !",
            "116": " و به ستمکاران میلِ [قلبی و عملی] نداشته باشید! که آتشِ [دوزخ] به شما خواهد رسید، و [در آن حال] شما را در برابر خداوند هیچ سرپرستی [برای نجاتشان] نخواهد بود، و یاری هم نمی شوید ",
            "117": " و نماز را [با شرایط ویژه اش] در دو طرفِ روز، و ساعات نخستینِ شب بخوان! که یقیناً نیکی ها، بدی ها را از بین می برد، این [حقایق] موعظه ای است برای پندپذیران",
            "118": " و شکیبایی کن! یقیناً خداوند پاداش نیکوکاران را تباه نمی کند ",
            "119": " پس چرا در میان امت هایی که پیش از شما بودند مُصلحانی دلسوز وجود نداشت که [مردم را] از تبهکاری و فتنه انگیزی در زمین بازدارند؟ جز اندکی که [به سبب امر به معروف و نهی از منکر] نجاتشان دادیم. ستمکاران دنبال اموری [چون زیور و زینت و خوش گذرانی] بودند که به سبب آن به سرکشی و سرمستی افتادند، آنان گنه پیشه بودند ",
            "120": " پروردگارت هرگز بر آن نبوده که شهرها را درحالی که مردمش مصلح باشند از روی ستم نابود کند ",
            "121": "\n \nچنانچه پروردگارت می خواست هرآینه همۀ مردم را [از روی اجبار در مسیر هدایت،] امت واحدی قرار می داد، [ولی از آنان در انتخابِ راه سلب اختیار نکرد، به این سبب] همواره [دربارۀ دین] در اختلافند ",
            "122": " مگر کسانی [از آنان را] که پروردگارت [برای دورماندن از اختلاف در دین، هدایتشان کرده و] مورد رحمت قرارشان داده، و برای همین هم آنان را آفریده است، فرمان [حتمی] پروردگارت کاملاً تحقق یافت که؛ همانا دوزخ را از همۀ جنّ و اِنس [که سرکش و طاغی اند، و دستی قوی در اختلاف اندازی دارند] پُر خواهم کرد ",
            "123": " هر سرگذشتی از سرگذشت های پیامبران را که دلت را به آن استوار کنیم برایت می خوانیم، در این سرگذشت ها حق و درستی [که میزان ارزیابی همۀ امور است] برایت آمده، و [نیز این سرگذشت ها] پند و تذکری برای مؤمنان [است] ",
            "124": " به کسانی که ایمان نمی آورند بگو: به اندازه ای که قدرت دارید بتازید، ما هم بی تردید [به تکالیف خود] عمل می کنیم !",
            "125": " در انتظار [عذاب] باشید، که ما هم منتظریم [به شما عذاب برسد]! ",
            "126": " غیب آسمان ها و زمین فقط در اختیار خداست، و همۀ کارها به او بازگردانده می شود، پس او را بندگی کن! و بر او توکل داشته باش! و [بدان که] پروردگارت از آنچه انجام می دهید بی خبر نیست "
        }
    }
}