{
    "110": {
        "number": 110,"bab": 4,
        "title": "سوره نصر", "delay": 6,
        "arabic": {
            "7": "إِذَا جَاءَ نَصْرُ اللَّهِ وَالْفَتْحُ",
            "8": "وَرَأَيْتَ النَّاسَ يَدْخُلُونَ فِي دِينِ اللَّهِ أَفْوَاجًا",
            "9": "فَسَبِّحْ بِحَمْدِ رَبِّكَ وَاسْتَغْفِرْهُ ۚ إِنَّهُ كَانَ تَوَّابًا"
        },
        "farsi": {
            "7": "چون یاری خداوند و آن پیروزی [وعده داده شده] فرارسد ",
            "8": " و ببینی مردم گروه گروه به دین خدا درآیند",
            "9": " پس به شکرانۀ [این سه نعمت بزرگ] پروردگارت را همراه با سپاس، [به پاک بودن از هر عیب و نقصی] ستایش کن! و از او آمرزش بخواه؛ زیرا او همواره بسیار توبه پذیر است "
        },
        "tozih": {
            "7": "",
            "8": "",
            "9": ""
        }
    }
}