{
    "2": {
        "number": 2,
        "title": "سورة المسد ",
        "bab": 4,
        "delay": 9,
        "arabic": {
            "10": " تَبَّتْ يَدَا أَبِي لَهَبٍ وَتَبَّ",
            "11": "مَا أَغْنَىٰ عَنْهُ مَالُهُ وَمَا كَسَبَ",
            "12": "سَيَصْلَىٰ نَارًا ذَاتَ لَهَبٍ",
            "13": "وَامْرَأَتُهُ حَمَّالَةَ الْحَطَبِ",
            "14": "فِي جِيدِهَا حَبْلٌ مِنْ مَسَدٍ"
        },
        "farsi": {
             "10": "\nنابود باد قدرت و تلاش ابولهب! و نابود باد [خود او]!",
            "11": " ثروت و آنچه [از امکانات] به دست آورده چیزی از [عذاب دنیا و آخرت] او را برطرف نمی کند",
            "12": " به زودی در آتشی شعله ور درآید",
            "13": " و [نیز] همسرش که هیزم کش است [در آتشِ شعله ور درآید]",
            "14": " بر گردنش طنابی از الیاف سخت به هم بافته شده خواهد بود"
        }
    }
}