{
    "112": {
        "number": 112,"bab": 4,
        "title": "سوره اخلاص", "delay": 0,
        "arabic": {
            "1": "قُلْ هُوَ اللَّهُ أَحَدٌ",
            "2": "اللَّهُ الصَّمَدُ",
            "3": "لَمْ يَلِدْ وَلَمْ يُولَدْ",
            "4": "وَلَمْ يَكُنْ لَهُ كُفُوًا أَحَدٌ"

        },
        "farsi": {
            "1": "بگو: حقیقت این است که خداوند، یگانۀ بی همتاست",
            "2": " خداوندی که [از همۀ موجودات] بی نیاز [و مرجع و ملجأ همۀ نیازمندان جهانِ هستی] است",
            "3": " چیزی را نزاده، و زاییده نشده است",
            "4": "و اَحدی [در ذات و صفات و افعال،] همتا و مساوی او نبوده است"

        },
        "tozih": {
            "1": ""
        }
    }
}