{
    "113": {
        "number": 113,"bab": 4,
        "title": "سوره فلق", "delay": 4,
        "arabic": {
            "5": "قُلْ أَعُوذُ بِرَبِّ الْفَلَقِ",
            "6": "مِنْ شَرِّ مَا خَلَقَ",
            "7": "وَمِنْ شَرِّ غَاسِقٍ إِذَا وَقَبَ",
            "8": "وَمِنْ شَرِّ النَّفَّاثَاتِ فِي الْعُقَدِ",
            "9": "وَمِنْ شَرِّ حَاسِدٍ إِذَا حَسَدَ"
        },
        "farsi": {
            "5": "بگو: پناه می برم به پروردگارِ سپیده دم",
            "6": " از زیان هر مخلوقی",
            "7": " و از زیان شب، زمانی که [تاریکی اش] درآید و فراگیر شود",
            "8": " و از زیان زنان افسون گری که [با زبانبازی و طنازی و حیله های گوناگون] در گِره ها[ی زندگی مردم] می دمند [و امور مردم را دچار مشکل کرده، و نظام حیاتشان را مختل می سازند]",
            "9": " و از زیان حسود، چون حسدش را به کار گیرد "
        },
        "tozih": {
            "1": ""
        }
    }
}