{
    "114": {
        "number": 114, "bab": 4,
        "title": "سورة الناس  ", "delay": 0,
        "arabic": {
            "1": "قُلْ أَعُوذُ بِرَبِّ النَّاسِ ",
            "2": "مَلِكِ النَّاسِ",
            "3": " إِلَٰهِ النَّاسِ",
            "4": " مِنْ شَرِّ الْوَسْوَاسِ الْخَنَّاسِ",
            "5": " الَّذِي يُوَسْوِسُ فِي صُدُورِ النَّاسِ",
            "6": "مِنَ الْجِنَّةِ وَالنَّاسِ"
        },
        "farsi": {
            "1": "بگو: پناه می\u200Cبرم به پروردگارِ مردم",
            "2": "فرمانروای مردم",
            "3": "معبودِ مردم ",
            "4": "از زیان وسوسه\u200Cگرِ کمین\u200Cگرفته و پنهان",
            "5": "آن\u200Cکه همواره در سینه\u200Cهای مردم وسوسه می\u200Cکند",
            "6": "چه از جنّیان باشد، چه از آدمیان\u200C"
        },
      "tozih": {
          "1": "",
          "2": "",
          "3": "",
          "4": "",
          "5": "",
          "6": ""
      }
}}