{
  "2": {
    "number": 2,
        "title": "سورة يوسف",
      "bab": 4,
      "delay": 6,
      "arabic": {
         "7": "الر ۚ تِلْكَ آيَاتُ الْكِتَابِ الْمُبِينِ",
            "8": "إِنَّا أَنْزَلْنَاهُ قُرْآنًا عَرَبِيًّا لَعَلَّكُمْ تَعْقِلُونَ",
            "9": "نَحْنُ نَقُصُّ عَلَيْكَ أَحْسَنَ الْقَصَصِ بِمَا أَوْحَيْنَا إِلَيْكَ هَٰذَا الْقُرْآنَ وَإِنْ كُنْتَ مِنْ قَبْلِهِ لَمِنَ الْغَافِلِينَ",
            "10": "إِذْ قَالَ يُوسُفُ لِأَبِيهِ يَا أَبَتِ إِنِّي رَأَيْتُ أَحَدَ عَشَرَ كَوْكَبًا وَالشَّمْسَ وَالْقَمَرَ رَأَيْتُهُمْ لِي سَاجِدِينَ",
            "11": "قَالَ يَا بُنَيَّ لَا تَقْصُصْ رُؤْيَاكَ عَلَىٰ إِخْوَتِكَ فَيَكِيدُوا لَكَ كَيْدًا ۖ إِنَّ الشَّيْطَانَ لِلْإِنْسَانِ عَدُوٌّ مُبِينٌ",
            "12": "وَكَذَٰلِكَ يَجْتَبِيكَ رَبُّكَ وَيُعَلِّمُكَ مِنْ تَأْوِيلِ الْأَحَادِيثِ وَيُتِمُّ نِعْمَتَهُ عَلَيْكَ وَعَلَىٰ آلِ يَعْقُوبَ كَمَا أَتَمَّهَا عَلَىٰ أَبَوَيْكَ مِنْ قَبْلُ إِبْرَاهِيمَ وَإِسْحَاقَ ۚ إِنَّ رَبَّكَ عَلِيمٌ حَكِيمٌ",
            "13": "لَقَدْ كَانَ فِي يُوسُفَ وَإِخْوَتِهِ آيَاتٌ لِلسَّائِلِينَ",
            "14": "إِذْ قَالُوا لَيُوسُفُ وَأَخُوهُ أَحَبُّ إِلَىٰ أَبِينَا مِنَّا وَنَحْنُ عُصْبَةٌ إِنَّ أَبَانَا لَفِي ضَلَالٍ مُبِينٍ",
            "15": "اقْتُلُوا يُوسُفَ أَوِ اطْرَحُوهُ أَرْضًا يَخْلُ لَكُمْ وَجْهُ أَبِيكُمْ وَتَكُونُوا مِنْ بَعْدِهِ قَوْمًا صَالِحِينَ",
            "16": "قَالَ قَائِلٌ مِنْهُمْ لَا تَقْتُلُوا يُوسُفَ وَأَلْقُوهُ فِي غَيَابَتِ الْجُبِّ يَلْتَقِطْهُ بَعْضُ السَّيَّارَةِ إِنْ كُنْتُمْ فَاعِلِينَ",
            "17": "قَالُوا يَا أَبَانَا مَا لَكَ لَا تَأْمَنَّا عَلَىٰ يُوسُفَ وَإِنَّا لَهُ لَنَاصِحُونَ",
            "18": "أَرْسِلْهُ مَعَنَا غَدًا يَرْتَعْ وَيَلْعَبْ وَإِنَّا لَهُ لَحَافِظُونَ",
            "19": "قَالَ إِنِّي لَيَحْزُنُنِي أَنْ تَذْهَبُوا بِهِ وَأَخَافُ أَنْ يَأْكُلَهُ الذِّئْبُ وَأَنْتُمْ عَنْهُ غَافِلُونَ",
            "20": "قَالُوا لَئِنْ أَكَلَهُ الذِّئْبُ وَنَحْنُ عُصْبَةٌ إِنَّا إِذًا لَخَاسِرُونَ",
            "21": "فَلَمَّا ذَهَبُوا بِهِ وَأَجْمَعُوا أَنْ يَجْعَلُوهُ فِي غَيَابَتِ الْجُبِّ ۚ وَأَوْحَيْنَا إِلَيْهِ لَتُنَبِّئَنَّهُمْ بِأَمْرِهِمْ هَٰذَا وَهُمْ لَا يَشْعُرُونَ",
            "22": "وَجَاءُوا أَبَاهُمْ عِشَاءً يَبْكُونَ",
            "23": "قَالُوا يَا أَبَانَا إِنَّا ذَهَبْنَا نَسْتَبِقُ وَتَرَكْنَا يُوسُفَ عِنْدَ مَتَاعِنَا فَأَكَلَهُ الذِّئْبُ ۖ وَمَا أَنْتَ بِمُؤْمِنٍ لَنَا وَلَوْ كُنَّا صَادِقِينَ",
            "24": "وَجَاءُوا عَلَىٰ قَمِيصِهِ بِدَمٍ كَذِبٍ ۚ قَالَ بَلْ سَوَّلَتْ لَكُمْ أَنْفُسُكُمْ أَمْرًا ۖ فَصَبْرٌ جَمِيلٌ ۖ وَاللَّهُ الْمُسْتَعَانُ عَلَىٰ مَا تَصِفُونَ",
            "25": "وَجَاءَتْ سَيَّارَةٌ فَأَرْسَلُوا وَارِدَهُمْ فَأَدْلَىٰ دَلْوَهُ ۖ قَالَ يَا بُشْرَىٰ هَٰذَا غُلَامٌ ۚ وَأَسَرُّوهُ بِضَاعَةً ۚ وَاللَّهُ عَلِيمٌ بِمَا يَعْمَلُونَ",
            "26": "وَشَرَوْهُ بِثَمَنٍ بَخْسٍ دَرَاهِمَ مَعْدُودَةٍ وَكَانُوا فِيهِ مِنَ الزَّاهِدِينَ",
            "27": "وَقَالَ الَّذِي اشْتَرَاهُ مِنْ مِصْرَ لِامْرَأَتِهِ أَكْرِمِي مَثْوَاهُ عَسَىٰ أَنْ يَنْفَعَنَا أَوْ نَتَّخِذَهُ وَلَدًا ۚ وَكَذَٰلِكَ مَكَّنَّا لِيُوسُفَ فِي الْأَرْضِ وَلِنُعَلِّمَهُ مِنْ تَأْوِيلِ الْأَحَادِيثِ ۚ وَاللَّهُ غَالِبٌ عَلَىٰ أَمْرِهِ وَلَٰكِنَّ أَكْثَرَ النَّاسِ لَا يَعْلَمُونَ",
            "28": "وَلَمَّا بَلَغَ أَشُدَّهُ آتَيْنَاهُ حُكْمًا وَعِلْمًا ۚ وَكَذَٰلِكَ نَجْزِي الْمُحْسِنِينَ",
            "29": "وَرَاوَدَتْهُ الَّتِي هُوَ فِي بَيْتِهَا عَنْ نَفْسِهِ وَغَلَّقَتِ الْأَبْوَابَ وَقَالَتْ هَيْتَ لَكَ ۚ قَالَ مَعَاذَ اللَّهِ ۖ إِنَّهُ رَبِّي أَحْسَنَ مَثْوَايَ ۖ إِنَّهُ لَا يُفْلِحُ الظَّالِمُونَ",
            "30": "وَلَقَدْ هَمَّتْ بِهِ ۖ وَهَمَّ بِهَا لَوْلَا أَنْ رَأَىٰ بُرْهَانَ رَبِّهِ ۚ كَذَٰلِكَ لِنَصْرِفَ عَنْهُ السُّوءَ وَالْفَحْشَاءَ ۚ إِنَّهُ مِنْ عِبَادِنَا الْمُخْلَصِينَ",
            "31": "وَاسْتَبَقَا الْبَابَ وَقَدَّتْ قَمِيصَهُ مِنْ دُبُرٍ وَأَلْفَيَا سَيِّدَهَا لَدَى الْبَابِ ۚ قَالَتْ مَا جَزَاءُ مَنْ أَرَادَ بِأَهْلِكَ سُوءًا إِلَّا أَنْ يُسْجَنَ أَوْ عَذَابٌ أَلِيمٌ",
            "32": "قَالَ هِيَ رَاوَدَتْنِي عَنْ نَفْسِي ۚ وَشَهِدَ شَاهِدٌ مِنْ أَهْلِهَا إِنْ كَانَ قَمِيصُهُ قُدَّ مِنْ قُبُلٍ فَصَدَقَتْ وَهُوَ مِنَ الْكَاذِبِينَ",
            "33": "وَإِنْ كَانَ قَمِيصُهُ قُدَّ مِنْ دُبُرٍ فَكَذَبَتْ وَهُوَ مِنَ الصَّادِقِينَ",
            "34": "فَلَمَّا رَأَىٰ قَمِيصَهُ قُدَّ مِنْ دُبُرٍ قَالَ إِنَّهُ مِنْ كَيْدِكُنَّ ۖ إِنَّ كَيْدَكُنَّ عَظِيمٌ",
            "35": "يُوسُفُ أَعْرِضْ عَنْ هَٰذَا ۚ وَاسْتَغْفِرِي لِذَنْبِكِ ۖ إِنَّكِ كُنْتِ مِنَ الْخَاطِئِينَ",
            "36": "وَقَالَ نِسْوَةٌ فِي الْمَدِينَةِ امْرَأَتُ الْعَزِيزِ تُرَاوِدُ فَتَاهَا عَنْ نَفْسِهِ ۖ قَدْ شَغَفَهَا حُبًّا ۖ إِنَّا لَنَرَاهَا فِي ضَلَالٍ مُبِينٍ",
            "37": "فَلَمَّا سَمِعَتْ بِمَكْرِهِنَّ أَرْسَلَتْ إِلَيْهِنَّ وَأَعْتَدَتْ لَهُنَّ مُتَّكَأً وَآتَتْ كُلَّ وَاحِدَةٍ مِنْهُنَّ سِكِّينًا وَقَالَتِ اخْرُجْ عَلَيْهِنَّ ۖ فَلَمَّا رَأَيْنَهُ أَكْبَرْنَهُ وَقَطَّعْنَ أَيْدِيَهُنَّ وَقُلْنَ حَاشَ لِلَّهِ مَا هَٰذَا بَشَرًا إِنْ هَٰذَا إِلَّا مَلَكٌ كَرِيمٌ",
            "38": "قَالَتْ فَذَٰلِكُنَّ الَّذِي لُمْتُنَّنِي فِيهِ ۖ وَلَقَدْ رَاوَدْتُهُ عَنْ نَفْسِهِ فَاسْتَعْصَمَ ۖ وَلَئِنْ لَمْ يَفْعَلْ مَا آمُرُهُ لَيُسْجَنَنَّ وَلَيَكُونًا مِنَ الصَّاغِرِينَ",
            "39": "قَالَ رَبِّ السِّجْنُ أَحَبُّ إِلَيَّ مِمَّا يَدْعُونَنِي إِلَيْهِ ۖ وَإِلَّا تَصْرِفْ عَنِّي كَيْدَهُنَّ أَصْبُ إِلَيْهِنَّ وَأَكُنْ مِنَ الْجَاهِلِينَ",
            "40": "فَاسْتَجَابَ لَهُ رَبُّهُ فَصَرَفَ عَنْهُ كَيْدَهُنَّ ۚ إِنَّهُ هُوَ السَّمِيعُ الْعَلِيمُ",
            "41": "ثُمَّ بَدَا لَهُمْ مِنْ بَعْدِ مَا رَأَوُا الْآيَاتِ لَيَسْجُنُنَّهُ حَتَّىٰ حِينٍ",
            "42": "وَدَخَلَ مَعَهُ السِّجْنَ فَتَيَانِ ۖ قَالَ أَحَدُهُمَا إِنِّي أَرَانِي أَعْصِرُ خَمْرًا ۖ وَقَالَ الْآخَرُ إِنِّي أَرَانِي أَحْمِلُ فَوْقَ رَأْسِي خُبْزًا تَأْكُلُ الطَّيْرُ مِنْهُ ۖ نَبِّئْنَا بِتَأْوِيلِهِ ۖ إِنَّا نَرَاكَ مِنَ الْمُحْسِنِينَ",
            "43": "قَالَ لَا يَأْتِيكُمَا طَعَامٌ تُرْزَقَانِهِ إِلَّا نَبَّأْتُكُمَا بِتَأْوِيلِهِ قَبْلَ أَنْ يَأْتِيَكُمَا ۚ ذَٰلِكُمَا مِمَّا عَلَّمَنِي رَبِّي ۚ إِنِّي تَرَكْتُ مِلَّةَ قَوْمٍ لَا يُؤْمِنُونَ بِاللَّهِ وَهُمْ بِالْآخِرَةِ هُمْ كَافِرُونَ",
            "44": "وَاتَّبَعْتُ مِلَّةَ آبَائِي إِبْرَاهِيمَ وَإِسْحَاقَ وَيَعْقُوبَ ۚ مَا كَانَ لَنَا أَنْ نُشْرِكَ بِاللَّهِ مِنْ شَيْءٍ ۚ ذَٰلِكَ مِنْ فَضْلِ اللَّهِ عَلَيْنَا وَعَلَى النَّاسِ وَلَٰكِنَّ أَكْثَرَ النَّاسِ لَا يَشْكُرُونَ",
            "45": "يَا صَاحِبَيِ السِّجْنِ أَأَرْبَابٌ مُتَفَرِّقُونَ خَيْرٌ أَمِ اللَّهُ الْوَاحِدُ الْقَهَّارُ",
            "46": "مَا تَعْبُدُونَ مِنْ دُونِهِ إِلَّا أَسْمَاءً سَمَّيْتُمُوهَا أَنْتُمْ وَآبَاؤُكُمْ مَا أَنْزَلَ اللَّهُ بِهَا مِنْ سُلْطَانٍ ۚ إِنِ الْحُكْمُ إِلَّا لِلَّهِ ۚ أَمَرَ أَلَّا تَعْبُدُوا إِلَّا إِيَّاهُ ۚ ذَٰلِكَ الدِّينُ الْقَيِّمُ وَلَٰكِنَّ أَكْثَرَ النَّاسِ لَا يَعْلَمُونَ",
            "47": "يَا صَاحِبَيِ السِّجْنِ أَمَّا أَحَدُكُمَا فَيَسْقِي رَبَّهُ خَمْرًا ۖ وَأَمَّا الْآخَرُ فَيُصْلَبُ فَتَأْكُلُ الطَّيْرُ مِنْ رَأْسِهِ ۚ قُضِيَ الْأَمْرُ الَّذِي فِيهِ تَسْتَفْتِيَانِ",
            "48": "وَقَالَ لِلَّذِي ظَنَّ أَنَّهُ نَاجٍ مِنْهُمَا اذْكُرْنِي عِنْدَ رَبِّكَ فَأَنْسَاهُ الشَّيْطَانُ ذِكْرَ رَبِّهِ فَلَبِثَ فِي السِّجْنِ بِضْعَ سِنِينَ",
            "49": "وَقَالَ الْمَلِكُ إِنِّي أَرَىٰ سَبْعَ بَقَرَاتٍ سِمَانٍ يَأْكُلُهُنَّ سَبْعٌ عِجَافٌ وَسَبْعَ سُنْبُلَاتٍ خُضْرٍ وَأُخَرَ يَابِسَاتٍ ۖ يَا أَيُّهَا الْمَلَأُ أَفْتُونِي فِي رُؤْيَايَ إِنْ كُنْتُمْ لِلرُّؤْيَا تَعْبُرُونَ",
            "50": "قَالُوا أَضْغَاثُ أَحْلَامٍ ۖ وَمَا نَحْنُ بِتَأْوِيلِ الْأَحْلَامِ بِعَالِمِينَ",
            "51": "وَقَالَ الَّذِي نَجَا مِنْهُمَا وَادَّكَرَ بَعْدَ أُمَّةٍ أَنَا أُنَبِّئُكُمْ بِتَأْوِيلِهِ فَأَرْسِلُونِ",
            "52": "يُوسُفُ أَيُّهَا الصِّدِّيقُ أَفْتِنَا فِي سَبْعِ بَقَرَاتٍ سِمَانٍ يَأْكُلُهُنَّ سَبْعٌ عِجَافٌ وَسَبْعِ سُنْبُلَاتٍ خُضْرٍ وَأُخَرَ يَابِسَاتٍ لَعَلِّي أَرْجِعُ إِلَى النَّاسِ لَعَلَّهُمْ يَعْلَمُونَ",
            "53": "قَالَ تَزْرَعُونَ سَبْعَ سِنِينَ دَأَبًا فَمَا حَصَدْتُمْ فَذَرُوهُ فِي سُنْبُلِهِ إِلَّا قَلِيلًا مِمَّا تَأْكُلُونَ",
            "54": "ثُمَّ يَأْتِي مِنْ بَعْدِ ذَٰلِكَ سَبْعٌ شِدَادٌ يَأْكُلْنَ مَا قَدَّمْتُمْ لَهُنَّ إِلَّا قَلِيلًا مِمَّا تُحْصِنُونَ",
            "55": "ثُمَّ يَأْتِي مِنْ بَعْدِ ذَٰلِكَ عَامٌ فِيهِ يُغَاثُ النَّاسُ وَفِيهِ يَعْصِرُونَ",
            "56": "وَقَالَ الْمَلِكُ ائْتُونِي بِهِ ۖ فَلَمَّا جَاءَهُ الرَّسُولُ قَالَ ارْجِعْ إِلَىٰ رَبِّكَ فَاسْأَلْهُ مَا بَالُ النِّسْوَةِ اللَّاتِي قَطَّعْنَ أَيْدِيَهُنَّ ۚ إِنَّ رَبِّي بِكَيْدِهِنَّ عَلِيمٌ",
            "57": "قَالَ مَا خَطْبُكُنَّ إِذْ رَاوَدْتُنَّ يُوسُفَ عَنْ نَفْسِهِ ۚ قُلْنَ حَاشَ لِلَّهِ مَا عَلِمْنَا عَلَيْهِ مِنْ سُوءٍ ۚ قَالَتِ امْرَأَتُ الْعَزِيزِ الْآنَ حَصْحَصَ الْحَقُّ أَنَا رَاوَدْتُهُ عَنْ نَفْسِهِ وَإِنَّهُ لَمِنَ الصَّادِقِينَ",
            "58": "ذَٰلِكَ لِيَعْلَمَ أَنِّي لَمْ أَخُنْهُ بِالْغَيْبِ وَأَنَّ اللَّهَ لَا يَهْدِي كَيْدَ الْخَائِنِينَ",
            "59": "وَمَا أُبَرِّئُ نَفْسِي ۚ إِنَّ النَّفْسَ لَأَمَّارَةٌ بِالسُّوءِ إِلَّا مَا رَحِمَ رَبِّي ۚ إِنَّ رَبِّي غَفُورٌ رَحِيمٌ",
            "60": "وَقَالَ الْمَلِكُ ائْتُونِي بِهِ أَسْتَخْلِصْهُ لِنَفْسِي ۖ فَلَمَّا كَلَّمَهُ قَالَ إِنَّكَ الْيَوْمَ لَدَيْنَا مَكِينٌ أَمِينٌ",
            "61": "قَالَ اجْعَلْنِي عَلَىٰ خَزَائِنِ الْأَرْضِ ۖ إِنِّي حَفِيظٌ عَلِيمٌ",
            "62": "وَكَذَٰلِكَ مَكَّنَّا لِيُوسُفَ فِي الْأَرْضِ يَتَبَوَّأُ مِنْهَا حَيْثُ يَشَاءُ ۚ نُصِيبُ بِرَحْمَتِنَا مَنْ نَشَاءُ ۖ وَلَا نُضِيعُ أَجْرَ الْمُحْسِنِينَ",
            "63": "وَلَأَجْرُ الْآخِرَةِ خَيْرٌ لِلَّذِينَ آمَنُوا وَكَانُوا يَتَّقُونَ",
            "64": "وَجَاءَ إِخْوَةُ يُوسُفَ فَدَخَلُوا عَلَيْهِ فَعَرَفَهُمْ وَهُمْ لَهُ مُنْكِرُونَ",
            "65": "وَلَمَّا جَهَّزَهُمْ بِجَهَازِهِمْ قَالَ ائْتُونِي بِأَخٍ لَكُمْ مِنْ أَبِيكُمْ ۚ أَلَا تَرَوْنَ أَنِّي أُوفِي الْكَيْلَ وَأَنَا خَيْرُ الْمُنْزِلِينَ",
            "66": "فَإِنْ لَمْ تَأْتُونِي بِهِ فَلَا كَيْلَ لَكُمْ عِنْدِي وَلَا تَقْرَبُونِ",
            "67": "قَالُوا سَنُرَاوِدُ عَنْهُ أَبَاهُ وَإِنَّا لَفَاعِلُونَ",
            "68": "وَقَالَ لِفِتْيَانِهِ اجْعَلُوا بِضَاعَتَهُمْ فِي رِحَالِهِمْ لَعَلَّهُمْ يَعْرِفُونَهَا إِذَا انْقَلَبُوا إِلَىٰ أَهْلِهِمْ لَعَلَّهُمْ يَرْجِعُونَ",
            "69": "فَلَمَّا رَجَعُوا إِلَىٰ أَبِيهِمْ قَالُوا يَا أَبَانَا مُنِعَ مِنَّا الْكَيْلُ فَأَرْسِلْ مَعَنَا أَخَانَا نَكْتَلْ وَإِنَّا لَهُ لَحَافِظُونَ",
            "70": "قَالَ هَلْ آمَنُكُمْ عَلَيْهِ إِلَّا كَمَا أَمِنْتُكُمْ عَلَىٰ أَخِيهِ مِنْ قَبْلُ ۖ فَاللَّهُ خَيْرٌ حَافِظًا ۖ وَهُوَ أَرْحَمُ الرَّاحِمِينَ",
            "71": "وَلَمَّا فَتَحُوا مَتَاعَهُمْ وَجَدُوا بِضَاعَتَهُمْ رُدَّتْ إِلَيْهِمْ ۖ قَالُوا يَا أَبَانَا مَا نَبْغِي ۖ هَٰذِهِ بِضَاعَتُنَا رُدَّتْ إِلَيْنَا ۖ وَنَمِيرُ أَهْلَنَا وَنَحْفَظُ أَخَانَا وَنَزْدَادُ كَيْلَ بَعِيرٍ ۖ ذَٰلِكَ كَيْلٌ يَسِيرٌ",
            "72": "قَالَ لَنْ أُرْسِلَهُ مَعَكُمْ حَتَّىٰ تُؤْتُونِ مَوْثِقًا مِنَ اللَّهِ لَتَأْتُنَّنِي بِهِ إِلَّا أَنْ يُحَاطَ بِكُمْ ۖ فَلَمَّا آتَوْهُ مَوْثِقَهُمْ قَالَ اللَّهُ عَلَىٰ مَا نَقُولُ وَكِيلٌ",
            "73": "وَقَالَ يَا بَنِيَّ لَا تَدْخُلُوا مِنْ بَابٍ وَاحِدٍ وَادْخُلُوا مِنْ أَبْوَابٍ مُتَفَرِّقَةٍ ۖ وَمَا أُغْنِي عَنْكُمْ مِنَ اللَّهِ مِنْ شَيْءٍ ۖ إِنِ الْحُكْمُ إِلَّا لِلَّهِ ۖ عَلَيْهِ تَوَكَّلْتُ ۖ وَعَلَيْهِ فَلْيَتَوَكَّلِ الْمُتَوَكِّلُونَ",
            "74": "وَلَمَّا دَخَلُوا مِنْ حَيْثُ أَمَرَهُمْ أَبُوهُمْ مَا كَانَ يُغْنِي عَنْهُمْ مِنَ اللَّهِ مِنْ شَيْءٍ إِلَّا حَاجَةً فِي نَفْسِ يَعْقُوبَ قَضَاهَا ۚ وَإِنَّهُ لَذُو عِلْمٍ لِمَا عَلَّمْنَاهُ وَلَٰكِنَّ أَكْثَرَ النَّاسِ لَا يَعْلَمُونَ",
            "75": "وَلَمَّا دَخَلُوا عَلَىٰ يُوسُفَ آوَىٰ إِلَيْهِ أَخَاهُ ۖ قَالَ إِنِّي أَنَا أَخُوكَ فَلَا تَبْتَئِسْ بِمَا كَانُوا يَعْمَلُونَ",
            "76": "فَلَمَّا جَهَّزَهُمْ بِجَهَازِهِمْ جَعَلَ السِّقَايَةَ فِي رَحْلِ أَخِيهِ ثُمَّ أَذَّنَ مُؤَذِّنٌ أَيَّتُهَا الْعِيرُ إِنَّكُمْ لَسَارِقُونَ",
            "77": "قَالُوا وَأَقْبَلُوا عَلَيْهِمْ مَاذَا تَفْقِدُونَ",
            "78": "قَالُوا نَفْقِدُ صُوَاعَ الْمَلِكِ وَلِمَنْ جَاءَ بِهِ حِمْلُ بَعِيرٍ وَأَنَا بِهِ زَعِيمٌ",
            "79": "قَالُوا تَاللَّهِ لَقَدْ عَلِمْتُمْ مَا جِئْنَا لِنُفْسِدَ فِي الْأَرْضِ وَمَا كُنَّا سَارِقِينَ",
            "80": "قَالُوا فَمَا جَزَاؤُهُ إِنْ كُنْتُمْ كَاذِبِينَ",
            "81": "قَالُوا جَزَاؤُهُ مَنْ وُجِدَ فِي رَحْلِهِ فَهُوَ جَزَاؤُهُ ۚ كَذَٰلِكَ نَجْزِي الظَّالِمِينَ",
            "82": "فَبَدَأَ بِأَوْعِيَتِهِمْ قَبْلَ وِعَاءِ أَخِيهِ ثُمَّ اسْتَخْرَجَهَا مِنْ وِعَاءِ أَخِيهِ ۚ كَذَٰلِكَ كِدْنَا لِيُوسُفَ ۖ مَا كَانَ لِيَأْخُذَ أَخَاهُ فِي دِينِ الْمَلِكِ إِلَّا أَنْ يَشَاءَ اللَّهُ ۚ نَرْفَعُ دَرَجَاتٍ مَنْ نَشَاءُ ۗ وَفَوْقَ كُلِّ ذِي عِلْمٍ عَلِيمٌ",
            "83": "قَالُوا إِنْ يَسْرِقْ فَقَدْ سَرَقَ أَخٌ لَهُ مِنْ قَبْلُ ۚ فَأَسَرَّهَا يُوسُفُ فِي نَفْسِهِ وَلَمْ يُبْدِهَا لَهُمْ ۚ قَالَ أَنْتُمْ شَرٌّ مَكَانًا ۖ وَاللَّهُ أَعْلَمُ بِمَا تَصِفُونَ",
            "84": "قَالُوا يَا أَيُّهَا الْعَزِيزُ إِنَّ لَهُ أَبًا شَيْخًا كَبِيرًا فَخُذْ أَحَدَنَا مَكَانَهُ ۖ إِنَّا نَرَاكَ مِنَ الْمُحْسِنِينَ",
            "85": "قَالَ مَعَاذَ اللَّهِ أَنْ نَأْخُذَ إِلَّا مَنْ وَجَدْنَا مَتَاعَنَا عِنْدَهُ إِنَّا إِذًا لَظَالِمُونَ",
            "86": "فَلَمَّا اسْتَيْأَسُوا مِنْهُ خَلَصُوا نَجِيًّا ۖ قَالَ كَبِيرُهُمْ أَلَمْ تَعْلَمُوا أَنَّ أَبَاكُمْ قَدْ أَخَذَ عَلَيْكُمْ مَوْثِقًا مِنَ اللَّهِ وَمِنْ قَبْلُ مَا فَرَّطْتُمْ فِي يُوسُفَ ۖ فَلَنْ أَبْرَحَ الْأَرْضَ حَتَّىٰ يَأْذَنَ لِي أَبِي أَوْ يَحْكُمَ اللَّهُ لِي ۖ وَهُوَ خَيْرُ الْحَاكِمِينَ",
            "87": "ارْجِعُوا إِلَىٰ أَبِيكُمْ فَقُولُوا يَا أَبَانَا إِنَّ ابْنَكَ سَرَقَ وَمَا شَهِدْنَا إِلَّا بِمَا عَلِمْنَا وَمَا كُنَّا لِلْغَيْبِ حَافِظِينَ",
            "88": "وَاسْأَلِ الْقَرْيَةَ الَّتِي كُنَّا فِيهَا وَالْعِيرَ الَّتِي أَقْبَلْنَا فِيهَا ۖ وَإِنَّا لَصَادِقُونَ",
            "89": "قَالَ بَلْ سَوَّلَتْ لَكُمْ أَنْفُسُكُمْ أَمْرًا ۖ فَصَبْرٌ جَمِيلٌ ۖ عَسَى اللَّهُ أَنْ يَأْتِيَنِي بِهِمْ جَمِيعًا ۚ إِنَّهُ هُوَ الْعَلِيمُ الْحَكِيمُ",
            "90": "وَتَوَلَّىٰ عَنْهُمْ وَقَالَ يَا أَسَفَىٰ عَلَىٰ يُوسُفَ وَابْيَضَّتْ عَيْنَاهُ مِنَ الْحُزْنِ فَهُوَ كَظِيمٌ",
            "91": "قَالُوا تَاللَّهِ تَفْتَأُ تَذْكُرُ يُوسُفَ حَتَّىٰ تَكُونَ حَرَضًا أَوْ تَكُونَ مِنَ الْهَالِكِينَ",
            "92": "قَالَ إِنَّمَا أَشْكُو بَثِّي وَحُزْنِي إِلَى اللَّهِ وَأَعْلَمُ مِنَ اللَّهِ مَا لَا تَعْلَمُونَ",
            "93": "يَا بَنِيَّ اذْهَبُوا فَتَحَسَّسُوا مِنْ يُوسُفَ وَأَخِيهِ وَلَا تَيْأَسُوا مِنْ رَوْحِ اللَّهِ ۖ إِنَّهُ لَا يَيْأَسُ مِنْ رَوْحِ اللَّهِ إِلَّا الْقَوْمُ الْكَافِرُونَ",
            "94": "فَلَمَّا دَخَلُوا عَلَيْهِ قَالُوا يَا أَيُّهَا الْعَزِيزُ مَسَّنَا وَأَهْلَنَا الضُّرُّ وَجِئْنَا بِبِضَاعَةٍ مُزْجَاةٍ فَأَوْفِ لَنَا الْكَيْلَ وَتَصَدَّقْ عَلَيْنَا ۖ إِنَّ اللَّهَ يَجْزِي الْمُتَصَدِّقِينَ",
            "95": "قَالَ هَلْ عَلِمْتُمْ مَا فَعَلْتُمْ بِيُوسُفَ وَأَخِيهِ إِذْ أَنْتُمْ جَاهِلُونَ",
            "96": "قَالُوا أَإِنَّكَ لَأَنْتَ يُوسُفُ ۖ قَالَ أَنَا يُوسُفُ وَهَٰذَا أَخِي ۖ قَدْ مَنَّ اللَّهُ عَلَيْنَا ۖ إِنَّهُ مَنْ يَتَّقِ وَيَصْبِرْ فَإِنَّ اللَّهَ لَا يُضِيعُ أَجْرَ الْمُحْسِنِينَ",
            "97": "قَالُوا تَاللَّهِ لَقَدْ آثَرَكَ اللَّهُ عَلَيْنَا وَإِنْ كُنَّا لَخَاطِئِينَ",
            "98": "قَالَ لَا تَثْرِيبَ عَلَيْكُمُ الْيَوْمَ ۖ يَغْفِرُ اللَّهُ لَكُمْ ۖ وَهُوَ أَرْحَمُ الرَّاحِمِينَ",
            "99": "اذْهَبُوا بِقَمِيصِي هَٰذَا فَأَلْقُوهُ عَلَىٰ وَجْهِ أَبِي يَأْتِ بَصِيرًا وَأْتُونِي بِأَهْلِكُمْ أَجْمَعِينَ",
            "100": "وَلَمَّا فَصَلَتِ الْعِيرُ قَالَ أَبُوهُمْ إِنِّي لَأَجِدُ رِيحَ يُوسُفَ ۖ لَوْلَا أَنْ تُفَنِّدُونِ",
            "101": "قَالُوا تَاللَّهِ إِنَّكَ لَفِي ضَلَالِكَ الْقَدِيمِ",
            "102": "فَلَمَّا أَنْ جَاءَ الْبَشِيرُ أَلْقَاهُ عَلَىٰ وَجْهِهِ فَارْتَدَّ بَصِيرًا ۖ قَالَ أَلَمْ أَقُلْ لَكُمْ إِنِّي أَعْلَمُ مِنَ اللَّهِ مَا لَا تَعْلَمُونَ",
            "103": "قَالُوا يَا أَبَانَا اسْتَغْفِرْ لَنَا ذُنُوبَنَا إِنَّا كُنَّا خَاطِئِينَ",
            "104": "قَالَ سَوْفَ أَسْتَغْفِرُ لَكُمْ رَبِّي ۖ إِنَّهُ هُوَ الْغَفُورُ الرَّحِيمُ",
            "105": "فَلَمَّا دَخَلُوا عَلَىٰ يُوسُفَ آوَىٰ إِلَيْهِ أَبَوَيْهِ وَقَالَ ادْخُلُوا مِصْرَ إِنْ شَاءَ اللَّهُ آمِنِينَ",
            "106": "وَرَفَعَ أَبَوَيْهِ عَلَى الْعَرْشِ وَخَرُّوا لَهُ سُجَّدًا ۖ وَقَالَ يَا أَبَتِ هَٰذَا تَأْوِيلُ رُؤْيَايَ مِنْ قَبْلُ قَدْ جَعَلَهَا رَبِّي حَقًّا ۖ وَقَدْ أَحْسَنَ بِي إِذْ أَخْرَجَنِي مِنَ السِّجْنِ وَجَاءَ بِكُمْ مِنَ الْبَدْوِ مِنْ بَعْدِ أَنْ نَزَغَ الشَّيْطَانُ بَيْنِي وَبَيْنَ إِخْوَتِي ۚ إِنَّ رَبِّي لَطِيفٌ لِمَا يَشَاءُ ۚ إِنَّهُ هُوَ الْعَلِيمُ الْحَكِيمُ",
            "107": "رَبِّ قَدْ آتَيْتَنِي مِنَ الْمُلْكِ وَعَلَّمْتَنِي مِنْ تَأْوِيلِ الْأَحَادِيثِ ۚ فَاطِرَ السَّمَاوَاتِ وَالْأَرْضِ أَنْتَ وَلِيِّي فِي الدُّنْيَا وَالْآخِرَةِ ۖ تَوَفَّنِي مُسْلِمًا وَأَلْحِقْنِي بِالصَّالِحِينَ",
            "108": "ذَٰلِكَ مِنْ أَنْبَاءِ الْغَيْبِ نُوحِيهِ إِلَيْكَ ۖ وَمَا كُنْتَ لَدَيْهِمْ إِذْ أَجْمَعُوا أَمْرَهُمْ وَهُمْ يَمْكُرُونَ",
            "109": "وَمَا أَكْثَرُ النَّاسِ وَلَوْ حَرَصْتَ بِمُؤْمِنِينَ",
            "110": "وَمَا تَسْأَلُهُمْ عَلَيْهِ مِنْ أَجْرٍ ۚ إِنْ هُوَ إِلَّا ذِكْرٌ لِلْعَالَمِينَ",
            "111": "وَكَأَيِّنْ مِنْ آيَةٍ فِي السَّمَاوَاتِ وَالْأَرْضِ يَمُرُّونَ عَلَيْهَا وَهُمْ عَنْهَا مُعْرِضُونَ",
            "112": "وَمَا يُؤْمِنُ أَكْثَرُهُمْ بِاللَّهِ إِلَّا وَهُمْ مُشْرِكُونَ",
            "113": "أَفَأَمِنُوا أَنْ تَأْتِيَهُمْ غَاشِيَةٌ مِنْ عَذَابِ اللَّهِ أَوْ تَأْتِيَهُمُ السَّاعَةُ بَغْتَةً وَهُمْ لَا يَشْعُرُونَ",
            "114": "قُلْ هَٰذِهِ سَبِيلِي أَدْعُو إِلَى اللَّهِ ۚ عَلَىٰ بَصِيرَةٍ أَنَا وَمَنِ اتَّبَعَنِي ۖ وَسُبْحَانَ اللَّهِ وَمَا أَنَا مِنَ الْمُشْرِكِينَ",
            "115": "وَمَا أَرْسَلْنَا مِنْ قَبْلِكَ إِلَّا رِجَالًا نُوحِي إِلَيْهِمْ مِنْ أَهْلِ الْقُرَىٰ ۗ أَفَلَمْ يَسِيرُوا فِي الْأَرْضِ فَيَنْظُرُوا كَيْفَ كَانَ عَاقِبَةُ الَّذِينَ مِنْ قَبْلِهِمْ ۗ وَلَدَارُ الْآخِرَةِ خَيْرٌ لِلَّذِينَ اتَّقَوْا ۗ أَفَلَا تَعْقِلُونَ",
            "116": "حَتَّىٰ إِذَا اسْتَيْأَسَ الرُّسُلُ وَظَنُّوا أَنَّهُمْ قَدْ كُذِبُوا جَاءَهُمْ نَصْرُنَا فَنُجِّيَ مَنْ نَشَاءُ ۖ وَلَا يُرَدُّ بَأْسُنَا عَنِ الْقَوْمِ الْمُجْرِمِينَ",
            "117": "لَقَدْ كَانَ فِي قَصَصِهِمْ عِبْرَةٌ لِأُولِي الْأَلْبَابِ ۗ مَا كَانَ حَدِيثًا يُفْتَرَىٰ وَلَٰكِنْ تَصْدِيقَ الَّذِي بَيْنَ يَدَيْهِ وَتَفْصِيلَ كُلِّ شَيْءٍ وَهُدًى وَرَحْمَةً لِقَوْمٍ يُؤْمِنُونَ"
        },
        "farsi": {
       "7": "\nالف، لام، را ء. این است آیاتِ کتابِ روشنگر ",
            "8": " ما آن را به زبان عربی [که زبانی روشن و گویاست] فرستادیم تا شما [معانی و معارفش را در پرتو این زبان] بفهمید ",
            "9": " ما با این قرآنی که به تو وحی کردیم بهترین سرگذشت را برایت بیان می کنیم، درحالی که تو پیش از وحی کردنِ ما [در بارۀ این سرگذشت] از بی خبران بودی ",
            "10": " [آن سرگذشت این است،] که یوسف به پدرش گفت: ای پدر! من در خواب دیدم یازده ستاره و خورشید و ماه برایم سجده می کنند !",
            "11": "\n \n[پدرش] گفت: پسرکِ من! خوابت را برای برادرانت بیان مکن که بر ضد تو نقشه ای خطرناک به کار خواهند گرفت! مسلّماً شیطان دشمن آشکار انسان است ",
            "12": " پروردگارت این گونه [که در خواب دیدی] تو را برمی گزیند، و تعبیر بخشی از خواب ها [و حقایق] را به تو می آموزد، و نعمتش را بر تو و بر آل یعقوب کامل می کند، چنان که پیش از این بر پدرانت ابراهیم و اسحاق کامل کرد، همانا پروردگارت دانا و حکیم است ",
            "13": " یقیناً در [داستان] یوسف و برادرانش نشانه هایی [از ربوبیت و حکمت و لطف خدا] برای مردمِ کنجکاو و پرسشگر است ",
            "14": " هنگامی که [برادران] گفتند: با این که ما گروهی کارآمد و نیرومندیم یوسف و برادرش نزد پدرمان از ما محبوب ترند، بی تردید پدرمان در انحراف و اشتباهی آشکار است ",
            "15": " [اکثرشان گفتند:] یوسف را بکشید، یا او را به سرزمینی [نامعلوم و دوردست] تبعید کنید! تا توجه و [میل قلبی] پدرتان فقط به سوی شما باشد، و بعد از این [گناه] مردمی شایسته و درست کار شوید",
            "16": " یکی از آنان گفت: یوسف را نکشید، اگر بنای کاری [بر ضد او] دارید وی را در مخفی گاهِ فلان چاهِ عمیق اندازید که برخی از کاروانیان او را برگرفته، [همراهِ خود به جای دوری ببرند ]",
            "17": " گفتند: ای پدر! تو را چه شده که ما را نسبت به یوسف امین نمی دانی، با این که یقیناً ما خیرخواه او هستیم ",
            "18": " فردا او را با ما روانه کن! تا خوش بگذراند و بازی کند، حتماً ما از او نگهداری خواهیم کرد ",
            "19": " [پدر] گفت: یقیناً بردنش مرا اندوهگین می کند، و می ترسم درحالی که نسبت به او بی توجه شوید گرگ او را بخورد !",
            "20": " گفتند: اگر با بودن ما گروهِ نیرومند، گرگ او را بخورد دراین صورت زیانکار و پَستیم ",
            "21": "\n \nچون یوسف را بردند و تصمیمشان بر آن شد که در مخفی گاهِ آن چاه قرارش دهند، و [تصمیم خود را به اجرا گذاشتند،] به او وحی کردیم که: بی تردید تو در آینده آنان را از این کارشان آگاه خواهی کرد، درحالی که نمی فهمند [تو همان یوسفی] !",
            "22": " شبانگاه گریه کنان نزد پدر آمدند ",
            "23": " گفتند: ای پدر! ما یوسف را نزد کالای خود گذاردیم و برای مسابقه رفتیم، ولی گرگ او را خورد، و تو [سخن] ما را هرچند راستگو باشیم [دربارۀ این پیش آمد] باور نخواهی کرد ",
            "24": " و [برای باوراندن مطلب به یعقوب،] خونی دروغین را بر پیراهن یوسف [به پدر] ارائه دادند، گفت: [چنین نیست که می گویید،] بلکه هوا و هوسِ سرکشِ شما کاری [زشت] را برایتان زیبا جلوه داد [تا انجامش آسان شود،] در این حال صبری نیکو [که کمترین شکایتی از این حادثه در آن نیست پیش می گیرم]، و خداوند است که بر آنچه [از وضع یوسف] شرح می دهید از او یاری خواسته می شود ",
            "25": " کاروانی [به محدودۀ چاه] رسید [و منزل گرفت]، آب آورشان را [برای آوردن آب] فرستادند، او دلوش را [به چاه] انداخت [چون آن را بالا کشید و چشمش به نوجوانی در آن افتاد]، گفت: مژده باد! این پسرکی است نوجوان! و او را به عنوان کالای تجاری پنهان کردند، و خداوند به آنچه می خواستند انجام دهند دانا بود ",
            "26": " او را به بهایی ناچیز [یعنی] دِرهمی چند فروختند، درحالی که در مورد [نگهداشتن] او بی رغبت بودند ",
            "27": " از اهل مصر کسی که یوسف را خرید به همسرش گفت: جایگاه او را گرامی دار! امید است [در آینده] از او سود فراوانی به ما برسد، یا وی را به فرزندی انتخاب کنیم. این گونه یوسف را در سرزمین [مصر] قُرب و منزلت دادیم، تا تعبیر بخشی از خواب ها و حقایق را به او بیاموزیم، و خداوند بر کار خود چیره است، ولی بیشتر مردم دانا[ی به این حقیقت] نیستند ",
            "28": " هنگامی که یوسف به توانایی [جسمی و عقلی] رسید به او حکمت و دانش عطا کردیم، ما این گونه نیکوکاران را پاداش می دهیم ",
            "29": "\n \nآن زنی که یوسف در خانه اش بود [یعنی زلیخا] از او با نرمی و مهربانی خواستار کام جویی شد، و [در فرصتی مناسب] همۀ درها[ی کاخ] را بست و [به او] گفت: پیش بیا که من در اختیار تو هستم! [یوسف] گفت: پناه بر خدا! او مالک و مربی من است [و من به مالکم خیانت نمی کنم]، جایگاهم را [در همۀ امورِ زندگی] نیکو قرار داد [و ارتکاب فحشا ناسپاسی از نعمت، و ستم است]، یقیناً ستمکاران [در هیچ کاری] پیروز نمی شوند ",
            "30": " [بانوی کاخ، چون خود را در کام جویی اش شکست خورده دید، خشم آلوده] آهنگ یوسف کرد [تا با قهر و زور از او کام بگیرد،] یوسف هم اگر بُرهان پروردگارش [که مالکیت و ربوبیت و احسان های پی درپی اوست] را ندیده بود [به قصد دفاع از پاکی اش به شدت] آهنگ او می کرد، [در آن حال با پیش آمدن زدوخوردی سخت و مجروح شدن بانوی کاخ، راه اتهام به روی یوسف باز می شد، و او محکوم و بانوی کاخ حاکم می گشت،] ما این گونه [یوسف را یاری دادیم] تا زدوخورد[ی که سبب اتهام به او می شد]، و [نیز انجام] عمل زشت [آن بانو] را از او برطرف کنیم؛ زیرا او از بندگان مُخلَص ما بود [که شیطان به آنان دسترسی ندارد ]",
            "31": " هر دو شتابان به سوی در [خروجی کاخ] دویدند، بانو [برای جلوگیری از فرار یوسف] پیراهن او را از پشت [کشیده، و آن را از بالا به پایین] چاک زد، در آستانۀ در به شوهر وی برخورد کردند، [بانو] گفت: کسی که نسبت به اهل تو قصد زشتی داشته باشد آیا کیفرش جز زندان یا شکنجۀ دردناک است؟",
            "32": " [یوسف] گفت: او از من [بدون این که من بخواهم] درخواست کام جویی کرد. و شاهدی از خاندان بانو چنین گواهی داد: اگر پیراهن یوسف از پیشِ رو چاک خورده، بانو راست می گوید و یوسف دروغگوست ",
            "33": " ولی اگر پیراهنش از پشت دریده شده، بانو دروغ می گوید و یوسف راستگوست ",
            "34": " [همسرِ بانو] چون دید پیراهن یوسف از پشت چاک خورده، گفت: این [فتنه و فساد] از نیرنگ شما [زنان] است، بی تردید نیرنگتان بزرگ است ",
            "35": "یوسفا! این [پیش آمد] را ندیده بگیر! و تو [ای زن!] از گناهت استغفار کن! زیرا تو [در این مسئله] از خطاکاران بوده ای  ",
            "36": " در شهر، تعدادی از زنان شایعه انداختند که: همسر عزیز درحالی که عشقِ آن غلامِ زرخرید در درون قلبش نفوذ کرده از او درخواست کام جویی کرده، ما او را [با آن مقامی که دارد با دل بستنش به غلامی زرخرید،] در انحراف و گمراهی آشکاری می بینیم ",
            "37": "\n \nهنگامی که بانوی کاخ، موذی گری زنان را [که توطئه ای بر ضدش بود] شنید، [کسی را] به سویشان فرستاد [و آنان را به میهمانی دعوت کرد]، و برای آنان [جهت تکیه دادن] بالش هایی [در سالن] آماده کرد، و [برای خوردن میوه] به هرکدامشان کاردی داد، و [به یوسف] گفت: به [مجلس] آنان درآی! چون او را دیدند [از هر جهت] بزرگش یافتند، و [باشگفتی از جمالش، اختیار از دست داده، به جای میوه] جای جای دست های خود را بریدند! و گفتند: خداوند عجزی [از آفریدن چنین موجود کامل و زیبایی] ندارد، [به راستی که] این [مخلوق]، به بشر نمی ماند، این جز فرشته ای بزرگوار نیست !",
            "38": " [بانوی کاخ] گفت: این همان کسی است که مرا دربارۀ [دلبستگی و عشق به] او سرزنش کردید، این من بودم که از او درخواست کام جویی کردم، ولی او خود را حفظ [و به شدت با خواستۀ من مخالفت] کرد، چنانچه تسلیم خواسته ام نشود مسلّماً به زندان خواهد افتاد، و خوار و بی مقدار خواهد شد ",
            "39": " [یوسف] گفت: پروردگارا! زندان نزد من از کار زشتی که [بانوی کاخ و دیگر زنان] مرا به آن دعوت می کنند محبوب تر است، چنانچه [با یاری خود] نیرنگشان را از من برطرف نکنی به سویشان رغبت می کنم، و از زمرۀ جاهلان خواهم شد",
            "40": " پروردگارش خواسته اش را اجابت کرد، و نیرنگ زنان را از او بازداشت؛ زیرا او شنوا و داناست ",
            "41": " [زنانِ درباری] بعد از آن که نشانه ها[ی فراوانی بر پاکدامنی و تقوایش] دیدند عزمشان بر این جزم شد که تا مدتی او را زندانی کنند",
            "42": " دو جوان [از خدمتکاران شاه] با یوسف وارد زندان شدند، یکی از آن دو نفر گفت: من پی درپی خواب می بینم که [برای] شراب [، انگور] می فشارم. و دیگری گفت: من خواب می بینم که روی سرم نان حمل می کنم و پرندگان از آن می خورند. از تعبیرش ما را خبر ده! چون برای ما مسلّم است که تو از نیکوکارانی",
            "43": " [یوسف] گفت: هیچ جیرۀ غذایی که سهم شماست به دستتان نمی رسد مگر آن که پیش از رسیدنش از ماهیت و ویژگی و مآل آن آگاهتان می کنم، [تعبیر و غیب گویی من دربارۀ] این دو [خواب] از جمله دانشی است که پروردگارم به من آموخته، من آیین مردمی را که به خداوندِ یکتا ایمان ندارند و به آخرت کافرند رها کرده ام، [و به شدت به آن بی اعتنایم]",
            "44": "\n \n من از دین پدرانم ابراهیم و اسحاق و یعقوب پیروی کرده ام، برای ما شایسته نیست که [مانند شما] چیزی [چون بُت ها] را شریک خدای یکتا قرار دهیم، این [مقام نبوت و توحید]، از احسان خداوند بر ما و مردم است، ولی بیشتر مردم [با توسل به شرک نسبت به خداوند] ناسپاسند ",
            "45": " ای دو یار زندان! آیا معبودان گوناگون بهترند یا خداوند یگانۀ مقتدر؟",
            "46": " شما به جای خدای یکتا نام هایی [بی اثر و بدون معنا] را که خود و پدرانتان [به روی معبودهای خیالی] نهاده اید می پرستید، که خداوند هیچ دلیلی بر حقانیت آنان نازل نکرده است، فرمانروایی [و تدبیر امور هستی] فقط ویژۀ خداست که فرمان داده جز او را نپرستید، این است آیین استوار، ولی بیشتر مردم [به این حقیقت] نا دانند  ",
            "47": "[یوسف پس از ارشاد آن دو به سوی آیین توحیدی، در مقام تعبیر خوابشان برآمده، گفت:] ای دو یار زندان! اما یکی از شما [آزاد می شود و] به سَرور خود شراب می نوشاند، و آن دیگر را به دار می کشند و پرندگان از سرش خواهند خورد، تعبیر خوابی که از من جویا شدید وقوعش حتمی شده است [و برگشتی در آن نیست] ",
            "48": " [یوسف] به یکی از آن دو نفر که می دانست آزاد می شود گفت: مرا نزد سَرور خود یاد کن! [که بی گناه به زندان افتاده ام.] ولی شیطان یاد یوسف را نزد سَرورش از حافظۀ او بُرد، در نتیجه چند سالی در زندان ماند ",
            "49": " پادشاه مصر [به بارگاه نشینانش] گفت: من پی درپی در خواب می بینم که هفت گاو لاغر، هفت گاو چاق را می خورند، و [نیز در عالم خواب،] هفت خوشۀ سبز و هفت خوشۀ خشک [را مشاهده می کنم]، شما ای بزرگانِ [بارگاهم]! اگر عالِمانه تعبیر خواب می کنید نظر خود را دربارۀ خوابم بیان کنید !",
            "50": "\n \nگفتند: [این ها] خواب های آشفته و خیالی است، [گرچه تعبیر دارد، ولی] ما به تعبیر این خواب ها دانا نیستیم ",
            "51": " از آن دو [زندانی] آن که آزاد شده بود پس از مدتی [درخواست یوسف را] به یاد آورد، گفت: همانا من شما را از تعبیر آن خبر می دهم، پس مرا [به زندان نزد کسی که به تعبیر خواب آگاه است] بفرستید ",
            "52": " [چون او را به زندان فرستادند، گفت:] یوسفا! ای در اوجِ راست گویی! دربارۀ هفت گاوِ چاق که هفت گاوِ لاغر آن ها را می خورند، و هفت خوشۀ سبز و هفت خوشۀ خشک، نظرت را برای ما بیان کن تا به سوی مردم بازگردم [و به آنان خبر دهم!] امید است [که به صداقت و دانشِ فراوانت] آگاه شوند ",
            "53": " [یوسف] گفت: باید هفت سال با تلاشِ پیگیر به کارِ کاشتن بپردازید، پس آنچه را دِرو کردید جز اندکی که خوراک ضروری شماست در خوشه اش باقی گذارید !",
            "54": " آن گاه پس از آن [هفت سالِ فراوانی،] هفت سالِ سخت [پیش] می آید که مردم آنچه را برای آن [سال های سخت] ذخیره کرده اید مصرف کنند مگر اندکی که [برای بذر] نگه می دارید",
            "55": " سپس بعد از آن [دورۀ قحطی]، سالی می آید که در آن باران [فراوانی] به مردم داده می شود، و در آن [سال، از محصولاتِ انبوه] عصاره می گیرند ",
            "56": " پادشاه [مصر پس از آگاهی از تعبیر خوابش] گفت: آن [مُعبّر ورزیده] را نزد من آورید. چون فرستادۀ [شاه] نزد یوسف آمد [تا او را ببرد، یوسف] گفت: نزد سَرورت بازگرد و از او بپرس: داستان زنانی که دست های خود را بریدند چه بود؟ [گرچه] پروردگارم به نیرنگشان آگاه است ",
            "57": " [پادشاه به زنان] گفت: داستان شما هنگامی که از یوسف درخواست کام جویی کردید چه بود؟ گفتند: خداوند منزّه است، [شگفتا از پاکدامنی بنده اش] ما در او هیچ بدی سراغ نداریم. همسر عزیز گفت: اکنون حق، [پس از آن که سال ها من پنهانش کرده بودم] آشکار شد، این من بودم که [با حرص و ولع] از او درخواست کام جویی کردم، یقیناً یوسف [در ادعای بی گناهی اش] از راست گویان است ",
            "58": " این [ که من به پاکی او و مجرم بودنِ خود اعتراف می کنم] برای این است که [یوسف] بداند من در نبود او [در این مجلسِ دادرسی] به او خیانت نکردم؛ زیرا خداوند نیرنگ خائنانه را به نتیجه نمی رساند ",
            "59": "\n \nمن خود را [از مجرم بودنم] تبرئه نمی کنم؛ زیرا نفْسِ [طغیانگر] شدیداً به بدی فرمان می دهد، مگر زمانی که پروردگارم رحم کند، یقیناً پروردگارم بسیار آمرزنده و مهربان است ",
            "60": " پادشاه گفت: اکنون آن [پاکدامنِ دانا] را نزد من آورید تا [در ادارۀ امور دولت و کشورم] او را [کارگزار و مشاور] ویژۀ خود قرار دهم. چون با یوسف سخن گفت به او اِعلام کرد: تو امروز نزد ما دارای مقام و منزلت، و [در همۀ امور] امین هستی",
            "61": " [یوسف] گفت: مرا به سرپرستی [و ریاست] خزینه ها [و انبارها]ی [ارزاقِ] این سرزمین بگمار! زیرا من نگهبانی دانایم ",
            "62": " این گونه در [آن] سرزمین به یوسف مقام و منزلت دادیم تا هرجای آن بخواهد قدرت حکیمانه اش را [برای تدبیر امور] به کار گیرد، هرکس را بخواهیم به رحمت خود می رسانیم، و پاداش نیکوکاران را تباه نمی کنیم ",
            "63": " و یقیناً پاداش آخرت برای مؤمنانی که همواره [خدا را اطاعت کردند، و از محرّماتش] پرهیز داشتند بهتر است ",
            "64": " برادرانِ یوسف [با پدیدآمدن خشک سالی در شهر کنعان، برای تهیۀ آذوقه، به مصر] آمده، بر او وارد شدند، پس او آنان را شناخت درحالی که آنان او را نشناختند ",
            "65": " یوسف چون آذوقه [و غلّۀ درخواستی] آنان را آماده کرد گفت: [در سفرِ بعد] برادرِ پدری خود را نزد من آورید، آیا نمی بینید من پیمانه را کامل می دهم، و بهتر از هرکس مهمانداری می کنم؟",
            "66": " اگر او را نزد من نیاورید هیچ آذوقه و غلّه ای پیش من ندارید، و نزدیک من هم نیایید! ",
            "67": " [برادران] گفتند: می کوشیم موافقت پدرش را به آوردنش جلب کنیم، و یقیناً [این کار را] انجام می دهیم ",
            "68": " [یوسف] به گماشتگانش گفت: کالایشان را [که در برابرِ دریافت آذوقه و غلّه پرداختند، به دور از چشم خودشان] در بارهایشان بگذارید، امید است وقتی به خانوادۀ خود بازگردند آن را بشناسند باشد که [انگیزه ای شود و به مصر] بازگردند",
            "69": " چون به سوی پدر برگشتند گفتند: ای پدر! آذوقه و غلّه را بر ما تحریم کردند، [برای رفعِ این تحریم] برادرمان [بنیامین] را با ما روانه کن تا سهم خود را دریافت کنیم، یقیناً ما از او نگهداری خواهیم کرد ",
            "70": "\n \n[پدر] گفت: آیا همان گونه که شما را در گذشته امینِ برادرش دانستم [دوباره] دربارۀ او هم امین بدانم؟! به درستی که خداوند بهترین نگاهبان و مهربان ترین مهربانان است ",
            "71": " چون بار های خود را گشودند دیدند کالاهای [پرداختی] آنان را به آنان بازگردانده اند، گفتند: ای پدر! [بهتر از این] چه می خواهیم؟ این کالای ماست که به ما بازگردانده اند، [دوباره با همین کالاها] برای خانوادۀ خود آذوقه تهیه می کنیم، و برادرمان را [از خطر] نگه می داریم، و [با بردن برادر،] بارِ شتری [اضافه، بر بارمان] می افزاییم که آن باری اندک است، [و عزیز مصر از عطاکردنش دریغ نمی کند ]",
            "72": " [یعقوب] گفت: هرگز او را با شما نمی فرستم تا این که [با سوگند به خدا] پیمانی الهی با من ببندید که حتماً او را به من بازگردانید، مگر این که [به سبب بسته شدنِ همۀ راه های چاره، زمین گیر شوید و] نتوانید [او را بازگردانید]. چون پیمانِ استوارشان را به پدر سپردند، گفت: [پسرانم!] خداوند بر آنچه من و شما می گوییم وکیل و مراقب است",
            "73": " و گفت: پسرانم! [در این سفر] از یک دروازه وارد نشوید، بلکه از دروازه های گوناگون درآیید، البته من [با این تدبیر] نمی توانم هیچ حادثه ای را که از سوی خداوند برای شما رقم خورده برطرف کنم، حاکمیت و فرمانروایی ویژۀ خداست، فقط بر او توکل کردم و همۀ توکل کنندگان باید بر او توکل کنند ",
            "74": " هنگامی که برادران آنگونه که پدرشان دستور داده بود [از دروازه های گوناگونی] وارد شدند، [تدبیر یعقوب] نتوانست هیچ حادثه ای را که از سوی خداوند رقم خورده بود، از آنان بازدارد، جز خواسته درونی یعقوب [مبنی بر سلامت فرزندانش، و به انجام رساندن وظایفی که بر عهده داشتند] که خداوند آن را به انجام رسانید، یعقوب به سبب تعلیم ما از دانشی ویژه برخوردار بود [که در سایۀ توکل بر خدا و نور نبوت، تدبیرهای درست داشت]، ولی بیشتر مردم [از حاکمیت و کارسازی خداوند] نا آگاهند ",
            "75": " چون [برادران] بر یوسف وارد شدند او برادرش را کنار خویش جای داد، [و پنهانی به او] گفت: همانا من برادرت هستم! پس [از تو می خواهم که] بر آنچه آنان درگذشته [در مورد من] انجام دادند، اندوهگین مباش! ",
            "76": "\n \n[یوسف] چون بارِ آنان را آماده کرد جام [ویژۀ] آبخوری [شاه] را [پنهان از دید دیگران] در میان بار برادرش گذاشت، سپس نداکننده ای چندین بار اِعلام کرد: ای کاروانیان! مسلّماً شما دزد هستید!",
            "77": " [کاروانیان] روی به گماشتگان کردند و گفتند: چه چیزی گم کرده اید؟",
            "78": " گفتند: جام [ویژۀ] آبخوری شاه را گم کرده ایم، برای هرکس که آن را بیاورد [در این اوضاع خشک سالی] بارِ شتری [جایزه] است، و [نداکننده گفت:] من ضامن [پرداخت] آن هستم ",
            "79": " گفتند: به خدا سوگند ما برای تبهکاری و فتنه انگیزی در این سرزمین نیامده ایم، و دزد هم نبوده ایم، و شما [این حقیقت را در این دو سفری که به مصر داشتیم به روشنی] دانستید ",
            "80": " [گماشتگان] گفتند: اگر شما دروغگو باشید، [و سارق در بین شما باشد] کیفرش چیست؟",
            "81": " گفتند: کسی که [جام ویژۀ شاه] در بارش پیدا شود، کیفرش خودِ اوست، [و آن این که به بردگی صاحبِ جام گرفته شود]، ما [بر اساس آیینمان] دزدان را این گونه کیفر می دهیم ",
            "82": " پس [یوسف] پیش از [بررسی] بار برادرش، به [بررسی] بار دیگر برادران پرداخت، آن گاه جام ویژۀ شاه را از بارِ برادرش بیرون آورد، ما [از طریق الهام] این گونه برای یوسف چاره اندیشی کردیم؛ زیرا او نمی توانست براساس قوانینِ شاه، برادرش را بازداشت کند، جز به مشیت خدا [که با تکیه بر آن توانست مطابق قوانین کنعانیان برادرش را نزد خود نگاه دارد،] ما هرکه را بخواهیم [به] رتبه ها و مقاماتی بالا می بریم، و برتر از هر صاحب عِلمی، عالِمی [چون خدا] است ",
            "83": " [برادران] گفتند: اگر [این شخص] دزدی می کند [خلاف انتظار نیست؛ زیرا] برادر [مادری] او هم پیش از این دزدی کرده بود. یوسف [به مقتضای کرامت و جوانمردی،] این [تهمت به خود] را در دل خود پنهان داشت، و برای آنان آشکار نساخت، [ولی در پاسخِ آنان] گفت: شما بدترین جایگاه [و سیرت] را [در سرقت] دارید، و خداوند به آنچه [دربارۀ برادرش] بیان می کنید داناتر است ",
            "84": " گفتند: عزیزا! او را پدری پیر و سالخورده است [که مسلّماً تحمّل دوری وی را ندارد]، پس یکی از ما را به جای او بازداشت کن! ما تو را بی گمان از نیکوکاران می یابیم",
            "85": "\n \n[یوسف] گفت: پناه برخدا! که ما کسی جز آن را که متاع خود را نزد او یافته ایم بازداشت کنیم، که [چنانچه کسی غیر او را بازداشت کنیم] دراین صورت یقیناً ستمکار خواهیم بود ",
            "86": " چون از [موافقت] عزیز مأیوس شدند کناری رفته، [برای حل مشکلِ پیش آمده] به گفت وگوی محرمانه پرداختند، بزرگشان گفت: آیا ندانستید که پدرتان از شما پیمان محکمِ خدایی گرفت [که برادر را برگردانید]، و پیش تر هم دربارۀ یوسف کوتاهی کردید [تا پدر به فراق سختی مبتلا شد، با این وضع]، من هرگز این سرزمین را ترک نمی کنم تا پدرم به من اجازه دهد، یا خداوند دربارۀ من داوری کند که او بهترین داوران است ",
            "87": " [شما] به سوی پدرتان بازگردید و [به او] بگویید: پدر! بی تردید پسرت دزدی کرد، و ما جز به آنچه دانستیم گواهی ندادیم، و مراقبِ نهان هم نبودیم [که چه اتفاقی افتاده]",
            "88": " [پدر! برای اطمینان بیشتر ماجرا را] از [اهل] شهری که در آن بودیم [و دزدی پسرت در آن شایع شده]، و از کاروانی که ما در بین آنان [به سوی شما] آمدیم بپرس! ما یقیناً راست گوییم ",
            "89": " [با رسیدن به کنعان و گفتن ماجرا، یعقوب] گفت: [نه چنین است که می گویید،] بلکه هوا و هوسِ [سرکشِ] شما کاری [زشت] را برایتان زیبا جلوه داد [تا انجامش آسان شود، در این حال] صبری نیکو [که در آن کمترین شکایتی از این حادثه نیست پیش می گیرم]، امید است خداوند همۀ آنان را نزد من آورَد؛ زیرا او دانا و حکیم است ",
            "90": " و از آنان روی گرداند و گفت: ای تاسّف [حسرت] بر یوسف! و درحالی که خشمش را [در درون خود] پنهان می داشت دو چشمش از [شدت] اندوه نابینا شد ",
            "91": " گفتند: به خدا سوگند! تو همواره از یوسف به گونه ای یاد می کنی تا دچار بیماری مُهلکی شوی، یا جانت را از دست بدهی!",
            "92": " گفت: من از اندوه شدید و غصه ام فقط به خداوند شکایت می کنم، و از سوی خداوند [دربارۀ این دو حادثۀ سنگین، و فرجام نیکویش] حقایقی را می دانم که شما نمی دانید ",
            "93": "\n \nپسرانم! به مصر بروید و در جست وجوی یوسف و برادرش برآیید! و از رحمت خدا مأیوس نباشید؛ زیرا جز کافران از رحمت خداوند مأیوس نمی شوند ",
            "94": " هنگامی که بر یوسف وارد شدند گفتند: عزیزا! [بر اثر خشک سالی] به ما و خانوادۀ ما [سیه روزی و] سختی رسیده، [برای خرید آذوقه] بهای ناچیزی آورده ایم، پیمانۀ ما را کامل کن! و به ما صدقه بخش؛ زیرا خداوند صدقه دهندگان را پاداش می دهد",
            "95": " یوسف گفت: آیا زمانی که در جهالت به سر می بردید فهمیدید با یوسف و برادرش چه کردید؟!",
            "96": " برادران گفتند: آیا به راستی تو خود یوسفی؟! گفت: [آری] من یوسفم! و این برادرِ من است، همانا خداوند به ما نعمتِ با ارزشی داده، بی تردید هرکس [از خداوند اطاعت کند و از محرّماتش] بپرهیزد، و [همواره در برابر حوادث] صبر کند [پاداش شایسته می یابد؛ زیرا] خداوند پاداش نیکوکاران را تباه نمی کند ",
            "97": " گفتند: به خدا سوگند که یقیناً خدا تو را [از هر جهت] بر ما برتری بخشیده، و مسلّماً ما خطاکار بودیم ",
            "98": " [یوسف] گفت: امروز بر شما سرزنشی نیست، خداوند شما را می آمرزد؛ زیرا او مهربان ترین مهربانان است ",
            "99": " [اکنون] این پیراهنم را ببرید! و روی صورت پدرم بیندازید که بینا می شود، و همۀ خاندانتان را نزد من آورید! ",
            "100": " زمانی که کاروان [از سرزمین مصر] خارج شد، پدرشان [به کسانی از اهلش که نزد او بودند] گفت: اگر مرا پیری سست اندیشه به حساب نیاورید به طور یقین [می گویم:] بوی یوسف را احساس می کنم!",
            "101": " گفتند: به خدا قسم قطعاً تو در همان خطا و بیراهه بودنِ دیرینه ات هستی!",
            "102": "\n \nچون مژده رسان آمد آن پیراهن را بر صورت یعقوب افکند به ناگاه بینایی اش بازگشت! گفت: آیا به شما نگفتم که من از سوی خداوند حقایقی می دانم که شما نمی دانید؟!",
            "103": " گفتند: ای پدر! آمرزش گناهانمان را بخواه! زیرا ما خطاکار بوده ایم ",
            "104": " گفت: به زودی از پروردگارم برای شما درخواست آمرزش خواهم کرد که او بسیار آمرزنده و مهربان است ",
            "105": " زمانی که [پس از رسیدن به حدود مصر] بر یوسف وارد شدند، پدر و مادرش را پهلوی خود جای داد و گفت: همگی به خواست خدا در حال امنیت به مصر وارد شوید! ",
            "106": " [پس از ورود خاندانش به بارگاه،] پدر و مادرش را [با احترامی ویژه] بر تخت [حکومتی خود] نشاند، و همه برای او به سجده افتادند، گفت: ای پدر! این تعبیرِ خواب پیشین من است که پروردگارم آن را تحقق بخشید، همانا به من احسان کرد که از زندان نجاتم داد، و شما را پس از آن که شیطان بین من و برادرانم فتنه انداخت از آن صحرانشینی نزد من آورد، پروردگارم در مورد آنچه بخواهد با مهرورزی و نرمی برخورد می کند؛ زیرا او دانا و حکیم است ",
            "107": " [یوسف بعد از این دست به دعا برداشت و گفت:] پروردگارا! بخشی از فرمانروایی را به من عطا کردی، و بعضی از تعبیر خواب ها را به من آموختی، ای پدیدآورندۀ آسمان ها و زمین! تو در دنیا و آخرت سرپرست و یار منی، مرا درحالی که [با همۀ وجود] تسلیم [تو] باشم بمیران، و به شایستگان ملحقم کن!",
            "108": " این از سرگذشت های [پرفایدۀ] غیبی است که آن را به تو وحی می کنیم، و تو هنگامی که [برادران یوسف] در کارشان تصمیم می گرفتند و [برای انجامش] نقشه می کشیدند نزدشان نبودی، [به این علت از آن خبر نداشتی، و این وحی الهی بود که تو را از آن آگاه ساخت] ",
            "109": " بیشتر مردم هرچند رغبت شدیدی [به ایمان آوردنشان] داشته باشی، ایمان نمی آورند ",
            "110": "\n \nو تو برای [تبلیغ] قرآن هیچ پاداشی از آنان نمی خواهی [تا آن را بهانۀ نپذیرفتن وحی الهی قرار دهند،] قرآن جز یادآورِ [حقایق] برای جهانیان نیست ",
            "111": " در آسمان ها و زمین چه بسیار نشانه[ ها برای هدایت انسان ها] است که [بدون تأمل در دلالتشان بر وجود خداوند،] بر آن ها می گذرند و از آن روی گردانند",
            "112": " و بیشترشان به خداوند ایمان نمی آورند مگر این که [در همان حال برای او] شریک قرار می دهند ",
            "113": " آیا ایمنند از این که عذابی فراگیر از سوی خدا به آنان برسد، یا به ناگاه قیامت درحالی که بی توجهند به سویشان آید؟!",
            "114": " بگو: این است راهِ من که من و پیروانم بر پایۀ دلیل و بُرهانِ روشن به سوی خدا دعوت می کنیم، خداوند [از هر عیب و نقصی] پاک و منزّه است، و من از مشرکان نیستم ",
            "115": " و [نیز] پیش از تو جز مردانی از اهل آبادی ها را که به آنان وحی می کردیم نفرستادیم، آیا [مخالفان نبوت] در زمین گردش نکرده اند تا با دقت بنگرند که عاقبتِ کسانی که پیش از آنان بودند [و متکبّرانه به ستیز با حق برخاستند] چه بود؟! مسلّماً سرای آخرت برای آنان که [از خداوند اطاعت کرده، و از محرّماتش] پرهیز داشتند بهتر است، آیا نمی اندیشید؟!",
            "116": " [آن پیامبران زمانی طولانی مردم را به قبول ایمان دعوت کردند، و متکبّران هم به انکارشان ادامه دادند] تاجایی که پیامبران [از مؤمن شدنِ اکثر مردم] مأیوس شدند، و [کفرپیشگان] گمان کردند به آنان [در وعده یاری و حمایت] دروغ گفته شده [که نهایتاً] یاری ما به سوی پیامبران آمد، پس کسانی را که خواستیم رهایی یافتند، و عذابِ ما از گنه پیشگان بازگردانده نمی شود ",
            "117": " به راستی در سرگذشت آنان عبرتی برای خردمندان است، [قرآن] سخنی نیست که به دروغ بافته باشند، بلکه تصدیق کنندۀ [حقانیت] کتاب های آسمانی پیش از خود، و توضیح دهندۀ هرچیزی است، و برای مردمِ مؤمن [سراسرِ آیاتش] هدایت و رحمت است "
        }
    }
}