{
    "2": {
        "number": 2,
        "title": "سورة الرعد",
        "bab": 4,
        "delay": 0,
        "arabic": {
            "1": "المر ۚ تِلْكَ آيَاتُ الْكِتَابِ ۗ وَالَّذِي أُنْزِلَ إِلَيْكَ مِنْ رَبِّكَ الْحَقُّ وَلَٰكِنَّ أَكْثَرَ النَّاسِ لَا يُؤْمِنُونَ",
            "2": "اللَّهُ الَّذِي رَفَعَ السَّمَاوَاتِ بِغَيْرِ عَمَدٍ تَرَوْنَهَا ۖ ثُمَّ اسْتَوَىٰ عَلَى الْعَرْشِ ۖ وَسَخَّرَ الشَّمْسَ وَالْقَمَرَ ۖ كُلٌّ يَجْرِي لِأَجَلٍ مُسَمًّى ۚ يُدَبِّرُ الْأَمْرَ يُفَصِّلُ الْآيَاتِ لَعَلَّكُمْ بِلِقَاءِ رَبِّكُمْ تُوقِنُونَ",
            "3": "وَهُوَ الَّذِي مَدَّ الْأَرْضَ وَجَعَلَ فِيهَا رَوَاسِيَ وَأَنْهَارًا ۖ وَمِنْ كُلِّ الثَّمَرَاتِ جَعَلَ فِيهَا زَوْجَيْنِ اثْنَيْنِ ۖ يُغْشِي اللَّيْلَ النَّهَارَ ۚ إِنَّ فِي ذَٰلِكَ لَآيَاتٍ لِقَوْمٍ يَتَفَكَّرُونَ",
            "4": "وَفِي الْأَرْضِ قِطَعٌ مُتَجَاوِرَاتٌ وَجَنَّاتٌ مِنْ أَعْنَابٍ وَزَرْعٌ وَنَخِيلٌ صِنْوَانٌ وَغَيْرُ صِنْوَانٍ يُسْقَىٰ بِمَاءٍ وَاحِدٍ وَنُفَضِّلُ بَعْضَهَا عَلَىٰ بَعْضٍ فِي الْأُكُلِ ۚ إِنَّ فِي ذَٰلِكَ لَآيَاتٍ لِقَوْمٍ يَعْقِلُونَ",
            "5": "وَإِنْ تَعْجَبْ فَعَجَبٌ قَوْلُهُمْ أَإِذَا كُنَّا تُرَابًا أَإِنَّا لَفِي خَلْقٍ جَدِيدٍ ۗ أُولَٰئِكَ الَّذِينَ كَفَرُوا بِرَبِّهِمْ ۖ وَأُولَٰئِكَ الْأَغْلَالُ فِي أَعْنَاقِهِمْ ۖ وَأُولَٰئِكَ أَصْحَابُ النَّارِ ۖ هُمْ فِيهَا خَالِدُونَ",
            "6": "وَيَسْتَعْجِلُونَكَ بِالسَّيِّئَةِ قَبْلَ الْحَسَنَةِ وَقَدْ خَلَتْ مِنْ قَبْلِهِمُ الْمَثُلَاتُ ۗ وَإِنَّ رَبَّكَ لَذُو مَغْفِرَةٍ لِلنَّاسِ عَلَىٰ ظُلْمِهِمْ ۖ وَإِنَّ رَبَّكَ لَشَدِيدُ الْعِقَابِ",
            "7": "وَيَقُولُ الَّذِينَ كَفَرُوا لَوْلَا أُنْزِلَ عَلَيْهِ آيَةٌ مِنْ رَبِّهِ ۗ إِنَّمَا أَنْتَ مُنْذِرٌ ۖ وَلِكُلِّ قَوْمٍ هَادٍ",
            "8": "اللَّهُ يَعْلَمُ مَا تَحْمِلُ كُلُّ أُنْثَىٰ وَمَا تَغِيضُ الْأَرْحَامُ وَمَا تَزْدَادُ ۖ وَكُلُّ شَيْءٍ عِنْدَهُ بِمِقْدَارٍ",
            "9": "عَالِمُ الْغَيْبِ وَالشَّهَادَةِ الْكَبِيرُ الْمُتَعَالِ",
            "10": "سَوَاءٌ مِنْكُمْ مَنْ أَسَرَّ الْقَوْلَ وَمَنْ جَهَرَ بِهِ وَمَنْ هُوَ مُسْتَخْفٍ بِاللَّيْلِ وَسَارِبٌ بِالنَّهَارِ",
            "11": "لَهُ مُعَقِّبَاتٌ مِنْ بَيْنِ يَدَيْهِ وَمِنْ خَلْفِهِ يَحْفَظُونَهُ مِنْ أَمْرِ اللَّهِ ۗ إِنَّ اللَّهَ لَا يُغَيِّرُ مَا بِقَوْمٍ حَتَّىٰ يُغَيِّرُوا مَا بِأَنْفُسِهِمْ ۗ وَإِذَا أَرَادَ اللَّهُ بِقَوْمٍ سُوءًا فَلَا مَرَدَّ لَهُ ۚ وَمَا لَهُمْ مِنْ دُونِهِ مِنْ وَالٍ",
            "12": "هُوَ الَّذِي يُرِيكُمُ الْبَرْقَ خَوْفًا وَطَمَعًا وَيُنْشِئُ السَّحَابَ الثِّقَالَ",
            "13": "وَيُسَبِّحُ الرَّعْدُ بِحَمْدِهِ وَالْمَلَائِكَةُ مِنْ خِيفَتِهِ وَيُرْسِلُ الصَّوَاعِقَ فَيُصِيبُ بِهَا مَنْ يَشَاءُ وَهُمْ يُجَادِلُونَ فِي اللَّهِ وَهُوَ شَدِيدُ الْمِحَالِ",
            "14": "لَهُ دَعْوَةُ الْحَقِّ ۖ وَالَّذِينَ يَدْعُونَ مِنْ دُونِهِ لَا يَسْتَجِيبُونَ لَهُمْ بِشَيْءٍ إِلَّا كَبَاسِطِ كَفَّيْهِ إِلَى الْمَاءِ لِيَبْلُغَ فَاهُ وَمَا هُوَ بِبَالِغِهِ ۚ وَمَا دُعَاءُ الْكَافِرِينَ إِلَّا فِي ضَلَالٍ",
            "15": "وَلِلَّهِ يَسْجُدُ مَنْ فِي السَّمَاوَاتِ وَالْأَرْضِ طَوْعًا وَكَرْهًا وَظِلَالُهُمْ بِالْغُدُوِّ وَالْآصَالِ ۩",
            "16": "قُلْ مَنْ رَبُّ السَّمَاوَاتِ وَالْأَرْضِ قُلِ اللَّهُ ۚ قُلْ أَفَاتَّخَذْتُمْ مِنْ دُونِهِ أَوْلِيَاءَ لَا يَمْلِكُونَ لِأَنْفُسِهِمْ نَفْعًا وَلَا ضَرًّا ۚ قُلْ هَلْ يَسْتَوِي الْأَعْمَىٰ وَالْبَصِيرُ أَمْ هَلْ تَسْتَوِي الظُّلُمَاتُ وَالنُّورُ ۗ أَمْ جَعَلُوا لِلَّهِ شُرَكَاءَ خَلَقُوا كَخَلْقِهِ فَتَشَابَهَ الْخَلْقُ عَلَيْهِمْ ۚ قُلِ اللَّهُ خَالِقُ كُلِّ شَيْءٍ وَهُوَ الْوَاحِدُ الْقَهَّارُ",
            "17": "أَنْزَلَ مِنَ السَّمَاءِ مَاءً فَسَالَتْ أَوْدِيَةٌ بِقَدَرِهَا فَاحْتَمَلَ السَّيْلُ زَبَدًا رَابِيًا ۚ وَمِمَّا يُوقِدُونَ عَلَيْهِ فِي النَّارِ ابْتِغَاءَ حِلْيَةٍ أَوْ مَتَاعٍ زَبَدٌ مِثْلُهُ ۚ كَذَٰلِكَ يَضْرِبُ اللَّهُ الْحَقَّ وَالْبَاطِلَ ۚ فَأَمَّا الزَّبَدُ فَيَذْهَبُ جُفَاءً ۖ وَأَمَّا مَا يَنْفَعُ النَّاسَ فَيَمْكُثُ فِي الْأَرْضِ ۚ كَذَٰلِكَ يَضْرِبُ اللَّهُ الْأَمْثَالَ",
            "18": "لِلَّذِينَ اسْتَجَابُوا لِرَبِّهِمُ الْحُسْنَىٰ ۚ وَالَّذِينَ لَمْ يَسْتَجِيبُوا لَهُ لَوْ أَنَّ لَهُمْ مَا فِي الْأَرْضِ جَمِيعًا وَمِثْلَهُ مَعَهُ لَافْتَدَوْا بِهِ ۚ أُولَٰئِكَ لَهُمْ سُوءُ الْحِسَابِ وَمَأْوَاهُمْ جَهَنَّمُ ۖ وَبِئْسَ الْمِهَادُ",
            "19": "أَفَمَنْ يَعْلَمُ أَنَّمَا أُنْزِلَ إِلَيْكَ مِنْ رَبِّكَ الْحَقُّ كَمَنْ هُوَ أَعْمَىٰ ۚ إِنَّمَا يَتَذَكَّرُ أُولُو الْأَلْبَابِ",
            "20": "الَّذِينَ يُوفُونَ بِعَهْدِ اللَّهِ وَلَا يَنْقُضُونَ الْمِيثَاقَ",
            "21": "وَالَّذِينَ يَصِلُونَ مَا أَمَرَ اللَّهُ بِهِ أَنْ يُوصَلَ وَيَخْشَوْنَ رَبَّهُمْ وَيَخَافُونَ سُوءَ الْحِسَابِ",
            "22": "وَالَّذِينَ صَبَرُوا ابْتِغَاءَ وَجْهِ رَبِّهِمْ وَأَقَامُوا الصَّلَاةَ وَأَنْفَقُوا مِمَّا رَزَقْنَاهُمْ سِرًّا وَعَلَانِيَةً وَيَدْرَءُونَ بِالْحَسَنَةِ السَّيِّئَةَ أُولَٰئِكَ لَهُمْ عُقْبَى الدَّارِ",
            "23": "جَنَّاتُ عَدْنٍ يَدْخُلُونَهَا وَمَنْ صَلَحَ مِنْ آبَائِهِمْ وَأَزْوَاجِهِمْ وَذُرِّيَّاتِهِمْ ۖ وَالْمَلَائِكَةُ يَدْخُلُونَ عَلَيْهِمْ مِنْ كُلِّ بَابٍ",
            "24": "سَلَامٌ عَلَيْكُمْ بِمَا صَبَرْتُمْ ۚ فَنِعْمَ عُقْبَى الدَّارِ",
            "25": "وَالَّذِينَ يَنْقُضُونَ عَهْدَ اللَّهِ مِنْ بَعْدِ مِيثَاقِهِ وَيَقْطَعُونَ مَا أَمَرَ اللَّهُ بِهِ أَنْ يُوصَلَ وَيُفْسِدُونَ فِي الْأَرْضِ ۙ أُولَٰئِكَ لَهُمُ اللَّعْنَةُ وَلَهُمْ سُوءُ الدَّارِ",
            "26": "اللَّهُ يَبْسُطُ الرِّزْقَ لِمَنْ يَشَاءُ وَيَقْدِرُ ۚ وَفَرِحُوا بِالْحَيَاةِ الدُّنْيَا وَمَا الْحَيَاةُ الدُّنْيَا فِي الْآخِرَةِ إِلَّا مَتَاعٌ",
            "27": "وَيَقُولُ الَّذِينَ كَفَرُوا لَوْلَا أُنْزِلَ عَلَيْهِ آيَةٌ مِنْ رَبِّهِ ۗ قُلْ إِنَّ اللَّهَ يُضِلُّ مَنْ يَشَاءُ وَيَهْدِي إِلَيْهِ مَنْ أَنَابَ",
            "28": "الَّذِينَ آمَنُوا وَتَطْمَئِنُّ قُلُوبُهُمْ بِذِكْرِ اللَّهِ ۗ أَلَا بِذِكْرِ اللَّهِ تَطْمَئِنُّ الْقُلُوبُ",
            "29": "الَّذِينَ آمَنُوا وَعَمِلُوا الصَّالِحَاتِ طُوبَىٰ لَهُمْ وَحُسْنُ مَآبٍ",
            "30": "كَذَٰلِكَ أَرْسَلْنَاكَ فِي أُمَّةٍ قَدْ خَلَتْ مِنْ قَبْلِهَا أُمَمٌ لِتَتْلُوَ عَلَيْهِمُ الَّذِي أَوْحَيْنَا إِلَيْكَ وَهُمْ يَكْفُرُونَ بِالرَّحْمَٰنِ ۚ قُلْ هُوَ رَبِّي لَا إِلَٰهَ إِلَّا هُوَ عَلَيْهِ تَوَكَّلْتُ وَإِلَيْهِ مَتَابِ",
            "31": "وَلَوْ أَنَّ قُرْآنًا سُيِّرَتْ بِهِ الْجِبَالُ أَوْ قُطِّعَتْ بِهِ الْأَرْضُ أَوْ كُلِّمَ بِهِ الْمَوْتَىٰ ۗ بَلْ لِلَّهِ الْأَمْرُ جَمِيعًا ۗ أَفَلَمْ يَيْأَسِ الَّذِينَ آمَنُوا أَنْ لَوْ يَشَاءُ اللَّهُ لَهَدَى النَّاسَ جَمِيعًا ۗ وَلَا يَزَالُ الَّذِينَ كَفَرُوا تُصِيبُهُمْ بِمَا صَنَعُوا قَارِعَةٌ أَوْ تَحُلُّ قَرِيبًا مِنْ دَارِهِمْ حَتَّىٰ يَأْتِيَ وَعْدُ اللَّهِ ۚ إِنَّ اللَّهَ لَا يُخْلِفُ الْمِيعَادَ",
            "32": "وَلَقَدِ اسْتُهْزِئَ بِرُسُلٍ مِنْ قَبْلِكَ فَأَمْلَيْتُ لِلَّذِينَ كَفَرُوا ثُمَّ أَخَذْتُهُمْ ۖ فَكَيْفَ كَانَ عِقَابِ",
            "33": "أَفَمَنْ هُوَ قَائِمٌ عَلَىٰ كُلِّ نَفْسٍ بِمَا كَسَبَتْ ۗ وَجَعَلُوا لِلَّهِ شُرَكَاءَ قُلْ سَمُّوهُمْ ۚ أَمْ تُنَبِّئُونَهُ بِمَا لَا يَعْلَمُ فِي الْأَرْضِ أَمْ بِظَاهِرٍ مِنَ الْقَوْلِ ۗ بَلْ زُيِّنَ لِلَّذِينَ كَفَرُوا مَكْرُهُمْ وَصُدُّوا عَنِ السَّبِيلِ ۗ وَمَنْ يُضْلِلِ اللَّهُ فَمَا لَهُ مِنْ هَادٍ",
            "34": "لَهُمْ عَذَابٌ فِي الْحَيَاةِ الدُّنْيَا ۖ وَلَعَذَابُ الْآخِرَةِ أَشَقُّ ۖ وَمَا لَهُمْ مِنَ اللَّهِ مِنْ وَاقٍ",
            "35": "مَثَلُ الْجَنَّةِ الَّتِي وُعِدَ الْمُتَّقُونَ ۖ تَجْرِي مِنْ تَحْتِهَا الْأَنْهَارُ ۖ أُكُلُهَا دَائِمٌ وَظِلُّهَا ۚ تِلْكَ عُقْبَى الَّذِينَ اتَّقَوْا ۖ وَعُقْبَى الْكَافِرِينَ النَّارُ",
            "36": "وَالَّذِينَ آتَيْنَاهُمُ الْكِتَابَ يَفْرَحُونَ بِمَا أُنْزِلَ إِلَيْكَ ۖ وَمِنَ الْأَحْزَابِ مَنْ يُنْكِرُ بَعْضَهُ ۚ قُلْ إِنَّمَا أُمِرْتُ أَنْ أَعْبُدَ اللَّهَ وَلَا أُشْرِكَ بِهِ ۚ إِلَيْهِ أَدْعُو وَإِلَيْهِ مَآبِ",
            "37": "وَكَذَٰلِكَ أَنْزَلْنَاهُ حُكْمًا عَرَبِيًّا ۚ وَلَئِنِ اتَّبَعْتَ أَهْوَاءَهُمْ بَعْدَمَا جَاءَكَ مِنَ الْعِلْمِ مَا لَكَ مِنَ اللَّهِ مِنْ وَلِيٍّ وَلَا وَاقٍ",
            "38": "وَلَقَدْ أَرْسَلْنَا رُسُلًا مِنْ قَبْلِكَ وَجَعَلْنَا لَهُمْ أَزْوَاجًا وَذُرِّيَّةً ۚ وَمَا كَانَ لِرَسُولٍ أَنْ يَأْتِيَ بِآيَةٍ إِلَّا بِإِذْنِ اللَّهِ ۗ لِكُلِّ أَجَلٍ كِتَابٌ",
            "39": "يَمْحُو اللَّهُ مَا يَشَاءُ وَيُثْبِتُ ۖ وَعِنْدَهُ أُمُّ الْكِتَابِ",
            "40": "وَإِنْ مَا نُرِيَنَّكَ بَعْضَ الَّذِي نَعِدُهُمْ أَوْ نَتَوَفَّيَنَّكَ فَإِنَّمَا عَلَيْكَ الْبَلَاغُ وَعَلَيْنَا الْحِسَابُ",
            "41": "أَوَلَمْ يَرَوْا أَنَّا نَأْتِي الْأَرْضَ نَنْقُصُهَا مِنْ أَطْرَافِهَا ۚ وَاللَّهُ يَحْكُمُ لَا مُعَقِّبَ لِحُكْمِهِ ۚ وَهُوَ سَرِيعُ الْحِسَابِ",
            "42": "وَقَدْ مَكَرَ الَّذِينَ مِنْ قَبْلِهِمْ فَلِلَّهِ الْمَكْرُ جَمِيعًا ۖ يَعْلَمُ مَا تَكْسِبُ كُلُّ نَفْسٍ ۗ وَسَيَعْلَمُ الْكُفَّارُ لِمَنْ عُقْبَى الدَّارِ",
            "43": "وَيَقُولُ الَّذِينَ كَفَرُوا لَسْتَ مُرْسَلًا ۚ قُلْ كَفَىٰ بِاللَّهِ شَهِيدًا بَيْنِي وَبَيْنَكُمْ وَمَنْ عِنْدَهُ عِلْمُ الْكِتَابِ"
        },
        "farsi": {
            "1": "\nالف، لام، میم، راء. این آیاتِ [با عظمتِ] کتابِ [الهی] است، و آنچه از سوی پروردگارت به سویت فرستاده شده سراسر حق و درستی است، ولی بیشتر مردم [به حق بودنش] ایمان نمی آورند ",
            "2": " خدای یکتاست که آسمان ها را بدون پایه هایی که آن ها را ببینید برافراشت، آن گاه به فرمانروایی [بر جهان هستی] چیره شد، و خورشید و ماه را [به سود شما] به کار گرفت، همه برای مدت معینی [در مدارهایشان] روانند، امور [جهان و جهانیان] را تدبیر می کند، نشانه ها[ی قدرت و ربوبیت و حکمتش] را به روشنی توضیح می دهد تا شما به لقای پروردگارتان یقین کنید ",
            "3": " و اوست که زمین را گسترانید، و در آن کوه هایی استوار و نهرهایی پدید آورد، و [نیز] در آن از همۀ محصولات و میوه ها، جفت دوتایی قرار داد. همواره [پردۀ تاریک] شب را به [چهرۀ روشنِ] روز می پوشاند [تا با تعادل گرما و سرما خیمۀ حیات پابرجا بماند،] بی گمان در این امور برای اندیشمندان نشانه هایی [بر ربوبیت و قدرت و حکمت خداوند] است ",
            "4": " در زمین قطعه هایی گوناگون کنار یکدیگر است، و باغ هایی از انگور و روییدنی ها و درختان خرما [که برخی از آن ها] با هم بر یک ریشه، و [بعضی] جدای از هم بر غیر یک ریشه [می رویند]، ما برخی از آن ها را در میوه و محصول با آن که از یک نوع آب سیرابشان می کنند بر برخی دیگر برتری می دهیم. بی تردید در این [حقایقِ گوناگون و شگفت انگیزِ جهانِ طبیعت] برای مردمی که می فهمند نشانه هایی [بر توحید، ربوبیت و قدرت خداوند] است ",
            "5": " اگر اهل شگفتی هستی، شگفت آور گفتار منکرانِ [متکبّرِ لجوج] است که [بدون توجه به قدرت خداوند که آثارش در جهانِ طبیعت مقابل چشم و عقل آنان است،] اظهار می دارند: آیا ما هنگامی که [پس از مرگ] خاک شدیم به راستی در آفرینشِ جدیدی قرار خواهیم گرفت؟! اینان به پروردگارشان کافرند، و در گردنشان بندها[یی از گمراهی در دنیا،] و زنجیرهایی [از عذاب در آخرت] است، اهل آتشند و در آن جاودانه اند ",
            "6": "\n \nاز تو پیش از درخواست آسایش [و خیر دنیا و آخرت، از روی مسخره] تقاضای شتاب در [آمدنِ] عذاب دارند، [تصورشان این است که عذاب الهی واقعیتی ندارد،] با این که پیش از آنان عذاب ها و عقوبت های عبرت آموز [بر کافران و مشرکان] فرود آمده، یقیناً پروردگارت نسبت به مردم با وجود ستم ورزیدنشان [به آیات خدا] صاحبِ آمرزش است، و مسلّماً پروردگارت سخت کیفر است ",
            "7": " کافران می گویند: چرا از سوی پروردگارش معجزه ای [غیر قرآن] بر او نازل نشده است؟ تو فقط هشدار دهنده ای، [نه معجزه گرِ دائمی که هر وقت هرکسی معجزۀ دلخواهش را بخواهد بیاوری!] و برای هر ملتی هدایتگری است،",
            "8": " خداوند [حالات و صفات و زمان ولادت] جنین هایی که هر انسان و حیوان ماده ای آبستن است، و آنچه را رحِم ها [از مدت ولادت] می کاهند، و آنچه را [بر مدت ولادت] می افزایند می داند، هرچیزی نزد او دارای اندازه است ",
            "9": " دانای نهان و آشکار، و بزرگ و بلند مرتبه است ",
            "10": " [برای او] یکسان است که کسی از شما سخن [گفتنش] را پنهان بدارد یا آشکار کند، و کسی در شب مخفیانه حرکت کند یا روز راهی را بپیماید ",
            "11": " برای انسان از پیشِ رو و پشتِ سر نگهبانانی است که او را به فرمان خداوند [از آسیب ها] نگه می دارند، قطعاً خداوند سرنوشت هیچ ملتی را [به سوی خوش بختی یا تیره بختی] تغییر نمی دهد تا آن که آنان آنچه را [از خوبی ها یا بدی ها] در وجود خود دارند تغییر دهند، چون خداوند برای ملتی عذاب بخواهد هیچ راه بازگشتی برای آن نیست، و برای آنان در برابر خداوند هیچ یاوری وجود ندارد ",
            "12": " اوست که برق [جهنده] را [از میان قطعه های ابر] درحالی که مایۀ ترس و امید است به شما نشان می دهد، و ابرهای سنگین بار را پدید می آورد ",
            "13": " رعد همراه با ستایش، خداوند را با تسبیح گفتن [از هر عیب و نقصی] منزّه می دارد، و فرشتگان نیز با حالت بیم از او [همواره به تسبیح خدا مشغولند]، و صاعقه ها را می فرستد، و به وسیلۀ آن ها به هرکس بخواهد آسیب می رساند، درحالی که کافران و مشرکان [با مشاهده این همه آثار قدرت و ربوبیت] باز هم دربارۀ خداوند گفت وگوی بی منطق می کنند، درصورتی که خداوند سخت کیفر است",
            "14": "\n \nدعایی که حق و درست است [و مستجاب شدنش مایۀ حل مشکلات است] فقط دعا به پیشگاه خداست، معبودهایی که [مشرکان] به جای خدا [در برابرشان] دعا می کنند چیزی [از خواسته هایشان] را برایشان پاسخ نمی دهند، [دعایشان در بی پاسخ ماندن، نیست] مگر مانند کسی است که دو دستش را به سوی آبی [که با آن فاصلۀ زیادی دارد] می گشاید تا [آن آب] به دهانش برسد، درحالی که هرگز نخواهد رسید، دعا و درخواست کافران [از غیر خدا] جز در گمراهی و تباهی نیست ",
            "15": " کسانی که در آسمان ها و زمینند خواه و ناخواه، و نیز سایه هایشان در بامداد و شامگاه فقط برای خداوند سجده می کنند ",
            "16": " [به مشرکان] بگو: پروردگار آسمان ها و زمین کیست؟ [خودت بی درنگ که اهل بصیرت و فهمی] بگو: خداوندِ یکتاست. بگو: آیا [بی دلیل] معبودانی را به جای او انتخاب کرده اید که اختیار هیچ سود و زیانی را برای خود ندارند، [چه رسد برای شما؟ چه انتخاب زشت و بی مایه ای!؟] بگو: آیا کوردل و دارای بصیرت یکسانند؟ آیا تاریکی ها و نور برابرند؟ آیا شریکانی برای خدا قرار داده اند که مانند مخلوقات او [مخلوقاتی] آفریده اند، آن گاه آفریدۀ خدا و آفریدۀ شریکان در خیالشان مشتبه شده [که به پرستش معبودانی به عنوان شریک خدا در آفرینش روی آورده اند]؟! بگو: آفرینندۀ همه چیز فقط خداست، و تنها او یکتای پیروز است ",
            "17": " [خداوند] از آسمان آبی فرستاد که در درّه ها و آبراه ها [سیلابی] به اندازۀ گنجایش آن ها جاری شد، و سیلاب ها به روی خود کفی پُف کرده را حمل کردند، و [نیز] از فلزاتی که برای به دست آوردن زینت و زیور و یا ابزار و کالا بر آن آتش می افروزند، کفی [پُف کرده] چون آن [کف سیلاب] برمی آید، خداوند این گونه حق و باطل را [به امور محسوس] مَثَل می زند، اما آن کف [پُف کردۀ روی سیلاب و روی فلز گداخته شده، چون هیچ اثر و سودی در آن نیست] کناری رفته، [به صورتی پراکنده متلاشی شده] از بین می رود، و اما آنچه [چون آب و زیور و زینت] به مردم سود می رساند در زمین می ماند، خداوند به این صورت مَثَل ها[ی گوناگون] بیان می کند [تا مردم در همۀ امور، حق و باطل را بشناسند ]",
            "18": " برای آنان که [دعوت] پروردگارشان [به سوی هدایت] را اجابت کردند بهترین فرجام است، و آنان که [دعوت] او را بی پاسخ گذاشتند، اگر دو برابر همۀ آنچه را روی زمین است مالک باشند، بی تردید آن ها را برای نجات [خود از عذاب] خواهند داد، آنان را حسابِ سختی است، و جایگاهشان دوزخ است که بد بستری است! ",
            "19": "\n \nآیا کسی که [با تکیه بر دانش و دانایی اش] می فهمد آنچه از سوی پروردگارت بر تو نازل شده حق است و درست، مانند کسی است که کور[دل] است؟! فقط خردمندانِ [بینادل] متذکر [این واقعیت]ند [که قرآن حق است]",
            "20": " خردمندانند که به عهد خدا، [نبوت و قرآن و امامت] پیوسته وفادارند، و پیمان شکن نیستند ",
            "21": " و به آنچه خداوند به پیوند خوردن با آن فرمان داده [چون ، پیامبر و اهل بیتش علیهم السلام ، و خویشان و تکالیف و مسئولیت ها] می پیوندند، و همواره از [عظمت و جلال] پروردگارشان در هراسند، و از سختی حساب [در آخرت] بیمناکند ",
            "22": " و برای به دست آوردن خشنودی پروردگارشان [در برابر ترک گناهان، و انجام فرائض، و در پیش آمدهای ناگوار] صبر کردند، و نماز را [با شرایط ویژه اش] خواندند، و بخشی از آنچه را به آنان عطا کردیم در نهان و آشکار انفاق کردند، و همواره با نیکی کردن [و اخلاق خوش]، زشتی [و خطای دیگران] را دفع می کنند، در آن سرای، فرجامِ نیک ویژۀ آنان است ",
            "23": " بهشت های جاویدانی که آنان و پدران، همسران و فرزندان نیکوکارشان در آن وارد می شوند، و فرشتگان از هر سو بر آنان درآیند ",
            "24": " [و گویند:] امنیتِ [همه جانبه] به پاس استقامتی که [در دنیا] داشتید بر شما باد، فرجامِ این سرا نیکوست ",
            "25": " آنان که عهد خدا را پس از استواربودنش می شکنند، و پیوندهایی را که خداوند به برقراری آن ها فرمان داده می گسلند، و همواره در زمین به تبهکاری و فتنه انگیزی مشغولند، لعنت و فرجام شومِ سرای آخرت برای آنان است !",
            "26": " خداوند روزی را برای هرکس که بخواهد وسعت می دهد، و [برای هرکه بخواهد] تنگ می گیرد، [آنان که از حیات جاویدانِ آخرت و برکاتش بی خبرند] به زندگی دنیا [مغرورانه] دلخوشند، درحالی که زندگی دنیا نسبت به آخرت جز کالایی ناچیز نیست ",
            "27": " کافران می گویند: چرا معجزه ای [غیر قرآن] از سوی پروردگارش بر او نازل نشده؟! بگو: قطعاً خداوند هرکس را بخواهد [پس از اتمام حجت و ارائۀ دلایل روشنگر] در گمراهی وامی نهد، و هرکس را که [با توجه و اخلاص، از غیر خدا] به سوی خدا بازگردد هدایت می کند ",
            "28": " [هدایت یافتگان] آنان [اند] که مؤمنند، و دل هایشان به یاد خداوند آرامش می یابد، آگاه باشید! دل ها فقط به یاد خدا آرامش می گیرد ",
            "29": "\n \nمؤمنانی که کارهای شایسته انجام دادند پاک ترین و بهترین زندگی، و بازگشتی نیک [به سوی خدا] برای آنان است ",
            "30": " آن گونه [که پیامبران گذشته را فرستادیم] تو را [نیز] در بین امتی که پیش از آن امت هایی درگذشتند فرستادیم تا آنچه را به تو وحی کردیم بر آنان بخوانی، درحالی که آنان [با روی گرداندن از وحی] به خداوند رحمان کفر می ورزند، بگو: فقط او پروردگار من است، معبودی جز او نیست، تنها بر او توکل کردم، و بازگشتم فقط به سوی اوست ",
            "31": " اگر قرآنی بود که کوه ها به وسیلۀ آن به حرکت می آمدند، یا زمین پاره پاره می گشت، یا با کمک آن با مردگان سخن گفته می شد [باز هم این معاندانِ لجباز و متکبّرانِ زشت باطن ایمان نمی آوردند]، آری همۀ کارها فقط در اختیار خداست، پس آیا آنان که ایمان آورده اند ندانسته اند که اگر خداوند می خواست همۀ مردم را [به اجبار] هدایت می کرد؟ [ولی هدایت اجباری فاقد ارزش است،] همواره به کافران به کیفر آنچه انجام داده اند حادثه ای کوبنده می رسد، یا [آسیبی] نزدیک خانه هایشان فرود می آید تا نهایتاً وعدۀ خداوند [مبنی بر شکست حتمی کافران و عذابشان در آخرت] فرارسد، یقیناً خداوند از وعده تخلّف نمی کند ",
            "32": " [تنها تو را در معرض مسخره قرار نمی دهند،] پیامبرانی که پیش از تو بودند نیز مسخره شدند، نهایتاً به کافران مهلت دادم، سپس آنان را [به عذابی سخت] مجازات کردم، پس عذاب [من] چگونه بود؟!",
            "33": " آیا کسی که بر همۀ نفوس جهانیان با آنچه به دست آورده اند حاکم و مراقب است، [و همۀ تحولات وجودشان را تا رساندنشان به مقصود در اختیار دارد، مانند کسی است که فاقد این قدرت و دانش است]؟ با [این همه] آنان برای خدا [در ربوبیتش] شریکانی قرار داده اند! بگو: [ویژگی های] آن شریکان را بیان کنید [تا روشن شود که آیا شایستۀ شریک خدا بودن هستند]؟! آیا خداوند را از چیزی در روی زمین که آن ها را [شریک خود] نمی شناسد خبر می دهید؟ یا سخنی پوچ و واهی است [که بر زبان می رانید]؟ [این نیست که می گویند،] بلکه برای کافران نیرنگ [و دروغ]شان زیبا جلوه داده شده [که به آن پایبندند]، و آن ها را از راه خداوند بازداشته اند، هرکه را خداوند [به کیفر عقاید و اعمال باطلش] در گمراهی وانهد او را هیچ هدایت کننده ای نیست ",
            "34": " برای آنان در زندگی دنیا عذابی است، و مسلّماً عذاب آخرت سخت تر است، و برای آنان هیچ نگهدارنده ای از [عذاب] خدا نیست ",
            "35": "\n \nوصف بهشتی که به پرهیزگاران وعده داده اند این است که از زیر [درختان] آن نهرها جاری است، میوه ها و سایه هایش همیشگی است، این فرجامِ کسانی است که از خدا [اطاعت کرده، از محرّماتش] پرهیز داشتند، و عاقبتِ کافران، آتش است ",
            "36": " [حق جویان از] اهل کتاب از آنچه بر تو نازل شده شادمانند، و برخی از گروه ها[ی اهل کتاب] بخشی از آن را منکرند، بگو: من مأمورم که خداوند یکتا را بپرستم، و شریکی برای او قرار ندهم، فقط به سوی او دعوت می کنم، و بازگشتم تنها به پیشگاه اوست ",
            "37": " همان گونه [که پیش از این کتاب های آسمانی را برای هدایت مردم نازل کردیم] قرآن را حکمت آموز و گویا فرستادیم، اگر از خواسته های [نامشروع] آنان پس از دانشی که [چون قرآن] برایت آمده پیروی کنی، در برابر خداوند به نفع تو هیچ یاور و نگهدارنده ای [از عذاب] نیست ",
            "38": " همانا پیش از تو پیامبرانی را فرستادیم، و برای آنان همسران و فرزندانی قرار دادیم، شایستۀ هیچ پیامبری نیست که جز به خواست خداوند معجزه ای بیاورد، برای هر زمانی برنامۀ مقدّر شده ای [ثبت] است ",
            "39": " خداوند هرچه را بخواهد محو می کند، و [هرچه را بخواهد] پابرجا می سازد، و «اُمُّ الکتاب» نزد اوست ",
            "40": " اگر پاره ای از عذاب هایی که منکران را به آن تهدید می کنیم به تو نشان دهیم [می بینی بسیار سخت و دردناک است،] یا چنانچه [پیش از آن] تو را قبض روح کنیم [در قیامت عذابشان را خواهی دید]، وظیفۀ تو فقط ابلاغ است، و حسابرسی بر عهدۀ ماست ",
            "41": " آیا کافران و مشرکان نمی دانند که ما همواره به زمین می پردازیم، و از نواحی آن [ملت ها و تمدن ها و دانشمندان را] می کاهیم؟ خداوند فرمان می دهد و هیچ بازدارنده ای در برابر فرمانش نیست، و او حسابرسی سریع است ",
            "42": " کسانی که پیش از اینان [در برابر فرمان خداوند] نیرنگ زدند، [و نقشه ها بر ضد آن به کار گرفتند موفق به اهدافشان نشدند؛ زیرا] همۀ نقشه ها و تدبیرها در اختیار خداست؛ و او هر مکر و نقشه ای را که هرکس [بر ضد فرمان حق] به کار می گیرد می داند، [و پیش از به نتیجه رسیدن خنثی می کند،] نیرنگ بازان به زودی خواهند دانست که فرجام [خوش و ناخوش] سرای دیگر برای کیست ",
            "43": "\n \nکافران می گویند: تو فرستادۀ خدا نیستی! بگو: کافی است که خداوند [با قرآنِ حکیمانه اش،] و کسی [چون امیرمؤمنان علی  بن  ابی طالب علیه السلام] که همۀ دانش کتاب نزد اوست [بر صِدق رسالتم] بین من و شما گواه باشند "
        }
    }
}