{
  "2": {
    "number": 2,
        "title": "سورة ابراهيم",
      "bab": 4,
      "delay": 1,
      "arabic": {
           "2": "الر ۚ كِتَابٌ أَنْزَلْنَاهُ إِلَيْكَ لِتُخْرِجَ النَّاسَ مِنَ الظُّلُمَاتِ إِلَى النُّورِ بِإِذْنِ رَبِّهِمْ إِلَىٰ صِرَاطِ الْعَزِيزِ الْحَمِيدِ",
            "3": "اللَّهِ الَّذِي لَهُ مَا فِي السَّمَاوَاتِ وَمَا فِي الْأَرْضِ ۗ وَوَيْلٌ لِلْكَافِرِينَ مِنْ عَذَابٍ شَدِيدٍ",
            "4": "الَّذِينَ يَسْتَحِبُّونَ الْحَيَاةَ الدُّنْيَا عَلَى الْآخِرَةِ وَيَصُدُّونَ عَنْ سَبِيلِ اللَّهِ وَيَبْغُونَهَا عِوَجًا ۚ أُولَٰئِكَ فِي ضَلَالٍ بَعِيدٍ",
            "5": "وَمَا أَرْسَلْنَا مِنْ رَسُولٍ إِلَّا بِلِسَانِ قَوْمِهِ لِيُبَيِّنَ لَهُمْ ۖ فَيُضِلُّ اللَّهُ مَنْ يَشَاءُ وَيَهْدِي مَنْ يَشَاءُ ۚ وَهُوَ الْعَزِيزُ الْحَكِيمُ",
            "6": "وَلَقَدْ أَرْسَلْنَا مُوسَىٰ بِآيَاتِنَا أَنْ أَخْرِجْ قَوْمَكَ مِنَ الظُّلُمَاتِ إِلَى النُّورِ وَذَكِّرْهُمْ بِأَيَّامِ اللَّهِ ۚ إِنَّ فِي ذَٰلِكَ لَآيَاتٍ لِكُلِّ صَبَّارٍ شَكُورٍ",
            "7": "وَإِذْ قَالَ مُوسَىٰ لِقَوْمِهِ اذْكُرُوا نِعْمَةَ اللَّهِ عَلَيْكُمْ إِذْ أَنْجَاكُمْ مِنْ آلِ فِرْعَوْنَ يَسُومُونَكُمْ سُوءَ الْعَذَابِ وَيُذَبِّحُونَ أَبْنَاءَكُمْ وَيَسْتَحْيُونَ نِسَاءَكُمْ ۚ وَفِي ذَٰلِكُمْ بَلَاءٌ مِنْ رَبِّكُمْ عَظِيمٌ",
            "8": "وَإِذْ تَأَذَّنَ رَبُّكُمْ لَئِنْ شَكَرْتُمْ لَأَزِيدَنَّكُمْ ۖ وَلَئِنْ كَفَرْتُمْ إِنَّ عَذَابِي لَشَدِيدٌ",
            "9": "وَقَالَ مُوسَىٰ إِنْ تَكْفُرُوا أَنْتُمْ وَمَنْ فِي الْأَرْضِ جَمِيعًا فَإِنَّ اللَّهَ لَغَنِيٌّ حَمِيدٌ",
            "10": "أَلَمْ يَأْتِكُمْ نَبَأُ الَّذِينَ مِنْ قَبْلِكُمْ قَوْمِ نُوحٍ وَعَادٍ وَثَمُودَ  وَالَّذِينَ مِنْ بَعْدِهِمْ  لَا يَعْلَمُهُمْ إِلَّا اللَّهُ ۚ جَاءَتْهُمْ رُسُلُهُمْ بِالْبَيِّنَاتِ فَرَدُّوا أَيْدِيَهُمْ فِي أَفْوَاهِهِمْ وَقَالُوا إِنَّا كَفَرْنَا بِمَا أُرْسِلْتُمْ بِهِ وَإِنَّا لَفِي شَكٍّ مِمَّا تَدْعُونَنَا إِلَيْهِ مُرِيبٍ",
            "11": "قَالَتْ رُسُلُهُمْ أَفِي اللَّهِ شَكٌّ فَاطِرِ السَّمَاوَاتِ وَالْأَرْضِ ۖ يَدْعُوكُمْ لِيَغْفِرَ لَكُمْ مِنْ ذُنُوبِكُمْ وَيُؤَخِّرَكُمْ إِلَىٰ أَجَلٍ مُسَمًّى ۚ قَالُوا إِنْ أَنْتُمْ إِلَّا بَشَرٌ مِثْلُنَا تُرِيدُونَ أَنْ تَصُدُّونَا عَمَّا كَانَ يَعْبُدُ آبَاؤُنَا فَأْتُونَا بِسُلْطَانٍ مُبِينٍ",
            "12": "قَالَتْ لَهُمْ رُسُلُهُمْ إِنْ نَحْنُ إِلَّا بَشَرٌ مِثْلُكُمْ وَلَٰكِنَّ اللَّهَ يَمُنُّ عَلَىٰ مَنْ يَشَاءُ مِنْ عِبَادِهِ ۖ وَمَا كَانَ لَنَا أَنْ نَأْتِيَكُمْ بِسُلْطَانٍ إِلَّا بِإِذْنِ اللَّهِ ۚ وَعَلَى اللَّهِ فَلْيَتَوَكَّلِ الْمُؤْمِنُونَ",
            "13": "وَمَا لَنَا أَلَّا نَتَوَكَّلَ عَلَى اللَّهِ وَقَدْ هَدَانَا سُبُلَنَا ۚ وَلَنَصْبِرَنَّ عَلَىٰ مَا آذَيْتُمُونَا ۚ وَعَلَى اللَّهِ فَلْيَتَوَكَّلِ الْمُتَوَكِّلُونَ",
            "14": "وَقَالَ الَّذِينَ كَفَرُوا لِرُسُلِهِمْ لَنُخْرِجَنَّكُمْ مِنْ أَرْضِنَا أَوْ لَتَعُودُنَّ فِي مِلَّتِنَا ۖ فَأَوْحَىٰ إِلَيْهِمْ رَبُّهُمْ لَنُهْلِكَنَّ الظَّالِمِينَ",
            "15": "وَلَنُسْكِنَنَّكُمُ الْأَرْضَ مِنْ بَعْدِهِمْ ۚ ذَٰلِكَ لِمَنْ خَافَ مَقَامِي وَخَافَ وَعِيدِ",
            "16": "وَاسْتَفْتَحُوا وَخَابَ كُلُّ جَبَّارٍ عَنِيدٍ",
            "17": "مِنْ وَرَائِهِ جَهَنَّمُ وَيُسْقَىٰ مِنْ مَاءٍ صَدِيدٍ",
            "18": "يَتَجَرَّعُهُ وَلَا يَكَادُ يُسِيغُهُ وَيَأْتِيهِ الْمَوْتُ مِنْ كُلِّ مَكَانٍ وَمَا هُوَ بِمَيِّتٍ ۖ وَمِنْ وَرَائِهِ عَذَابٌ غَلِيظٌ",
            "19": "مَثَلُ الَّذِينَ كَفَرُوا بِرَبِّهِمْ ۖ أَعْمَالُهُمْ كَرَمَادٍ اشْتَدَّتْ بِهِ الرِّيحُ فِي يَوْمٍ عَاصِفٍ ۖ لَا يَقْدِرُونَ مِمَّا كَسَبُوا عَلَىٰ شَيْءٍ ۚ ذَٰلِكَ هُوَ الضَّلَالُ الْبَعِيدُ",
            "20": "أَلَمْ تَرَ أَنَّ اللَّهَ خَلَقَ السَّمَاوَاتِ وَالْأَرْضَ بِالْحَقِّ ۚ إِنْ يَشَأْ يُذْهِبْكُمْ وَيَأْتِ بِخَلْقٍ جَدِيدٍ",
            "21": "وَمَا ذَٰلِكَ عَلَى اللَّهِ بِعَزِيزٍ",
            "22": "وَبَرَزُوا لِلَّهِ جَمِيعًا فَقَالَ الضُّعَفَاءُ لِلَّذِينَ اسْتَكْبَرُوا إِنَّا كُنَّا لَكُمْ تَبَعًا فَهَلْ أَنْتُمْ مُغْنُونَ عَنَّا مِنْ عَذَابِ اللَّهِ مِنْ شَيْءٍ ۚ قَالُوا لَوْ هَدَانَا اللَّهُ لَهَدَيْنَاكُمْ ۖ سَوَاءٌ عَلَيْنَا أَجَزِعْنَا أَمْ صَبَرْنَا مَا لَنَا مِنْ مَحِيصٍ",
            "23": "وَقَالَ الشَّيْطَانُ لَمَّا قُضِيَ الْأَمْرُ إِنَّ اللَّهَ وَعَدَكُمْ وَعْدَ الْحَقِّ وَوَعَدْتُكُمْ فَأَخْلَفْتُكُمْ ۖ وَمَا كَانَ لِيَ عَلَيْكُمْ مِنْ سُلْطَانٍ إِلَّا أَنْ دَعَوْتُكُمْ فَاسْتَجَبْتُمْ لِي ۖ فَلَا تَلُومُونِي وَلُومُوا أَنْفُسَكُمْ ۖ مَا أَنَا بِمُصْرِخِكُمْ وَمَا أَنْتُمْ بِمُصْرِخِيَّ ۖ إِنِّي كَفَرْتُ بِمَا أَشْرَكْتُمُونِ مِنْ قَبْلُ ۗ إِنَّ الظَّالِمِينَ لَهُمْ عَذَابٌ أَلِيمٌ",
            "24": "وَأُدْخِلَ الَّذِينَ آمَنُوا وَعَمِلُوا الصَّالِحَاتِ جَنَّاتٍ تَجْرِي مِنْ تَحْتِهَا الْأَنْهَارُ خَالِدِينَ فِيهَا بِإِذْنِ رَبِّهِمْ ۖ تَحِيَّتُهُمْ فِيهَا سَلَامٌ",
            "25": "أَلَمْ تَرَ كَيْفَ ضَرَبَ اللَّهُ مَثَلًا كَلِمَةً طَيِّبَةً كَشَجَرَةٍ طَيِّبَةٍ أَصْلُهَا ثَابِتٌ وَفَرْعُهَا فِي السَّمَاءِ",
            "26": "تُؤْتِي أُكُلَهَا كُلَّ حِينٍ بِإِذْنِ رَبِّهَا ۗ وَيَضْرِبُ اللَّهُ الْأَمْثَالَ لِلنَّاسِ لَعَلَّهُمْ يَتَذَكَّرُونَ",
            "27": "وَمَثَلُ كَلِمَةٍ خَبِيثَةٍ كَشَجَرَةٍ خَبِيثَةٍ اجْتُثَّتْ مِنْ فَوْقِ الْأَرْضِ مَا لَهَا مِنْ قَرَارٍ",
            "28": "يُثَبِّتُ اللَّهُ الَّذِينَ آمَنُوا بِالْقَوْلِ الثَّابِتِ فِي الْحَيَاةِ الدُّنْيَا وَفِي الْآخِرَةِ ۖ وَيُضِلُّ اللَّهُ الظَّالِمِينَ ۚ وَيَفْعَلُ اللَّهُ مَا يَشَاءُ",
            "29": "أَلَمْ تَرَ إِلَى الَّذِينَ بَدَّلُوا نِعْمَتَ اللَّهِ كُفْرًا وَأَحَلُّوا قَوْمَهُمْ دَارَ الْبَوَارِ",
            "30": "جَهَنَّمَ يَصْلَوْنَهَا ۖ وَبِئْسَ الْقَرَارُ",
            "31": "وَجَعَلُوا لِلَّهِ أَنْدَادًا لِيُضِلُّوا عَنْ سَبِيلِهِ ۗ قُلْ تَمَتَّعُوا فَإِنَّ مَصِيرَكُمْ إِلَى النَّارِ",
            "32": "قُلْ لِعِبَادِيَ الَّذِينَ آمَنُوا يُقِيمُوا الصَّلَاةَ وَيُنْفِقُوا مِمَّا رَزَقْنَاهُمْ سِرًّا وَعَلَانِيَةً مِنْ قَبْلِ أَنْ يَأْتِيَ يَوْمٌ لَا بَيْعٌ فِيهِ وَلَا خِلَالٌ",
            "33": "اللَّهُ الَّذِي خَلَقَ السَّمَاوَاتِ وَالْأَرْضَ وَأَنْزَلَ مِنَ السَّمَاءِ مَاءً فَأَخْرَجَ بِهِ مِنَ الثَّمَرَاتِ رِزْقًا لَكُمْ ۖ وَسَخَّرَ لَكُمُ الْفُلْكَ لِتَجْرِيَ فِي الْبَحْرِ بِأَمْرِهِ ۖ وَسَخَّرَ لَكُمُ الْأَنْهَارَ",
            "34": "وَسَخَّرَ لَكُمُ الشَّمْسَ وَالْقَمَرَ دَائِبَيْنِ ۖ وَسَخَّرَ لَكُمُ اللَّيْلَ وَالنَّهَارَ",
            "35": "وَآتَاكُمْ مِنْ كُلِّ مَا سَأَلْتُمُوهُ ۚ وَإِنْ تَعُدُّوا نِعْمَتَ اللَّهِ لَا تُحْصُوهَا ۗ إِنَّ الْإِنْسَانَ لَظَلُومٌ كَفَّارٌ",
            "36": "وَإِذْ قَالَ إِبْرَاهِيمُ رَبِّ اجْعَلْ هَٰذَا الْبَلَدَ آمِنًا وَاجْنُبْنِي وَبَنِيَّ أَنْ نَعْبُدَ الْأَصْنَامَ",
            "37": "رَبِّ إِنَّهُنَّ أَضْلَلْنَ كَثِيرًا مِنَ النَّاسِ ۖ فَمَنْ تَبِعَنِي فَإِنَّهُ مِنِّي ۖ وَمَنْ عَصَانِي فَإِنَّكَ غَفُورٌ رَحِيمٌ",
            "38": "رَبَّنَا إِنِّي أَسْكَنْتُ مِنْ ذُرِّيَّتِي بِوَادٍ غَيْرِ ذِي زَرْعٍ عِنْدَ بَيْتِكَ الْمُحَرَّمِ رَبَّنَا لِيُقِيمُوا الصَّلَاةَ فَاجْعَلْ أَفْئِدَةً مِنَ النَّاسِ تَهْوِي إِلَيْهِمْ وَارْزُقْهُمْ مِنَ الثَّمَرَاتِ لَعَلَّهُمْ يَشْكُرُونَ",
            "39": "رَبَّنَا إِنَّكَ تَعْلَمُ مَا نُخْفِي وَمَا نُعْلِنُ ۗ وَمَا يَخْفَىٰ عَلَى اللَّهِ مِنْ شَيْءٍ فِي الْأَرْضِ وَلَا فِي السَّمَاءِ",
            "40": "الْحَمْدُ لِلَّهِ الَّذِي وَهَبَ لِي عَلَى الْكِبَرِ إِسْمَاعِيلَ وَإِسْحَاقَ ۚ إِنَّ رَبِّي لَسَمِيعُ الدُّعَاءِ",
            "41": "رَبِّ اجْعَلْنِي مُقِيمَ الصَّلَاةِ وَمِنْ ذُرِّيَّتِي ۚ رَبَّنَا وَتَقَبَّلْ دُعَاءِ",
            "42": "رَبَّنَا اغْفِرْ لِي وَلِوَالِدَيَّ وَلِلْمُؤْمِنِينَ يَوْمَ يَقُومُ الْحِسَابُ",
            "43": "وَلَا تَحْسَبَنَّ اللَّهَ غَافِلًا عَمَّا يَعْمَلُ الظَّالِمُونَ ۚ إِنَّمَا يُؤَخِّرُهُمْ لِيَوْمٍ تَشْخَصُ فِيهِ الْأَبْصَارُ",
            "44": "مُهْطِعِينَ مُقْنِعِي رُءُوسِهِمْ لَا يَرْتَدُّ إِلَيْهِمْ طَرْفُهُمْ ۖ وَأَفْئِدَتُهُمْ هَوَاءٌ",
            "45": "وَأَنْذِرِ النَّاسَ يَوْمَ يَأْتِيهِمُ الْعَذَابُ فَيَقُولُ الَّذِينَ ظَلَمُوا رَبَّنَا أَخِّرْنَا إِلَىٰ أَجَلٍ قَرِيبٍ نُجِبْ دَعْوَتَكَ وَنَتَّبِعِ الرُّسُلَ ۗ أَوَلَمْ تَكُونُوا أَقْسَمْتُمْ مِنْ قَبْلُ مَا لَكُمْ مِنْ زَوَالٍ",
            "46": "وَسَكَنْتُمْ فِي مَسَاكِنِ الَّذِينَ ظَلَمُوا أَنْفُسَهُمْ وَتَبَيَّنَ لَكُمْ كَيْفَ فَعَلْنَا بِهِمْ وَضَرَبْنَا لَكُمُ الْأَمْثَالَ",
            "47": "وَقَدْ مَكَرُوا مَكْرَهُمْ وَعِنْدَ اللَّهِ مَكْرُهُمْ وَإِنْ كَانَ مَكْرُهُمْ لِتَزُولَ مِنْهُ الْجِبَالُ",
            "48": "فَلَا تَحْسَبَنَّ اللَّهَ مُخْلِفَ وَعْدِهِ رُسُلَهُ ۗ إِنَّ اللَّهَ عَزِيزٌ ذُو انْتِقَامٍ",
            "49": "يَوْمَ تُبَدَّلُ الْأَرْضُ غَيْرَ الْأَرْضِ وَالسَّمَاوَاتُ ۖ وَبَرَزُوا لِلَّهِ الْوَاحِدِ الْقَهَّارِ",
            "50": "وَتَرَى الْمُجْرِمِينَ يَوْمَئِذٍ مُقَرَّنِينَ فِي الْأَصْفَادِ",
            "51": "سَرَابِيلُهُمْ مِنْ قَطِرَانٍ وَتَغْشَىٰ وُجُوهَهُمُ النَّارُ",
            "52": "لِيَجْزِيَ اللَّهُ كُلَّ نَفْسٍ مَا كَسَبَتْ ۚ إِنَّ اللَّهَ سَرِيعُ الْحِسَابِ",
            "53": "هَٰذَا بَلَاغٌ لِلنَّاسِ وَلِيُنْذَرُوا بِهِ وَلِيَعْلَمُوا أَنَّمَا هُوَ إِلَٰهٌ وَاحِدٌ وَلِيَذَّكَّرَ أُولُو الْأَلْبَابِ"
        },
        "farsi": {
            "2": "\nالف، لام، راء. [این] کتابی است که آن را به سویت فرستادیم تا مردم را به خواست پروردگارشان از تاریکی ها[ی جهل، فساد، گمراهی و تفرقه] به سوی نور درآوری، به سوی [آن نور که همان] راه [خدای] توانای شکست ناپذیر و ستوده [است ]",
            "3": " خداوندِ یکتایی که آنچه در آسمان ها و زمین است در سیطره و مالکیت و فرمانروایی اوست، و وای بر کافران از عذابی سخت !",
            "4": " آنان که زندگی [زودگذر و فانی شدنی] دنیا را بر آخرت ترجیح می دهند، و [مردم را] از حرکت در راه خدا بازمی دارند، و می خواهند آن را [با وسوسه و اغواگری] کج نشان دهند، در گمراهی بسیار دوری[که هرگز در آن دسترسی به هدایت ندارند] هستند",
            "5": " ما هیچ پیامبری را جز به زبان قومش نفرستادیم تا [با آن زبان که مورد فهم همگان است حقایق و معارف الهی را] برای آنان بیان کند، پس خداوند هرکس را که بخواهد [به کیفر تکبّرش در برابر حق] در گمراهی وامی نهد، و هرکس را که بخواهد هدایت می کند، او توانای شکست ناپذیر و حکیم است ",
            "6": " همانا موسی را با معجزات خود فرستادیم، [و از او خواستیم] که: قوم خود را از تاریکی ها به سوی نور بیرون آر! و روزهای خدا را [که روزهای پیروزی مؤمنان و شکست کافران است] به آنان یادآوری کن! بی گمان در این [روزهای خدا] برای هر شکیبای سپاس گزاری نشانه هایی [از قدرت، ربوبیت، احسان و انتقام خدا] است ",
            "7": "\n \nچون موسی به قومش گفت: نعمت های خداوند در حق خودتان را به یاد آورده [قلباً مورد توجه قرار دهید]، آن گاه که شما را از [حکومت ظالمانۀ] فرعونیان نجات داد، [هم آنان که] همواره شما را شکنجۀ سخت می دادند، و فرزندانتان را سر می بریدند، و زنانتان را [برای بیگاری] زنده می گذاشتند! در این [پیش آمدها] آزمایش بزرگی از سوی پروردگار برای شما بود ،",
            "8": " و [نیز گفت:] پروردگارتان مؤکداً اِعلام کرد: چنانچه [نعمت هایم را] سپاس گزار باشید [آن را] بر شما می افزایم، و درصورتی که دچار ناسپاسی شوید، [گرفتار عذابِ محرومیت از نعمتم خواهید شد،] یقیناً عذاب من سخت است ",
            "9": " موسی [به قومش] گفت: اگر شما و همۀ مردم روی زمین [نسبت به نعمت های مادّی و معنوی حق]، غرق ناسپاسی شوید [هیچ زیانی به خدا نمی رسد؛ زیرا] خداوند بی نیازِ مطلق، و ستوده خصال است ",
            "10": " [ای ناسپاسانِ ملت ها!] آیا خبر [عبرت آموز] اقوامی که پیش از شما بودند به شما نرسیده؟ قوم نوح، عاد، ثمود و نیز اقوامی که پس از ایشان بودند که از [وضع] آنان کسی غیر خدا آگاه نیست، [همه و همه اقوامی بودند که] پیامبرانشان برای آنان دلایل روشن آوردند، ولی آنان [به نشانۀ انکار حق، و ردّ دعوت پیامبران] دست هایشان را در دهان گذارده، سپس گفتند: قطعاً ما به آن اهدافی که شما را برای آن فرستاده اند کافریم، و به آنچه ما را به سوی آن می خوانید در تردیدی بسیار شدید هستیم ",
            "11": " پیامبرانشان گفتند: آیا در وجود خداوندِ یکتا که پدیدآورندۀ آسمان ها و زمین است شکی هست؟ او شما را [به توحید و آخرت و معارفِ سعادت بخش] دعوت می کند تا [با مؤمن شدن به آن ها] بخشی از گناهانتان را بیامرزد، و شما را تا [سرآمدن عمر طبیعی و] زمان مقررشده مهلت دهد [و جوان مرگتان نکند]، [در پاسخِ پیامبران] گفتند: شما چون ما جز بشری [عادی و معمولی] نیستند که می خواهید ما را از معبودانی که پدرانمان می پرستیدند بازدارید، شما [برای اثبات صِدقِ رسالت خود] معجزه و دلیلِ روشنی [که مورد پسند ما باشد] بیاورید !",
            "12": "\n \nپیامبرانشان به آنان گفتند: [این سخنی است درست که ما از نظر طبع خلقت،] جز بشری مانند شما نیستیم، [ولی این هم واقعیتی حتمی است که] خدا به هرکس از بندگانش بخواهد نعمت [نبوت و رسالت] عطا می کند، و برای ما شایسته نیست که جز به خواست خداوند معجزه ای برای شما بیاوریم، باید مؤمنان فقط بر خداوند توکل کنند ",
            "13": " برای ما چه عذر و بهانه ای است که بر خدا توکل نکنیم؟ درحالی که ما را به همۀ راه های [سعادت]مان راهنمایی کرده، یقیناً [با توکل به خداوند،] بر آزارهایی که [برای نجات دادنتان از کفر و شرک] به ما روامی دارید صبر می کنیم، پس باید توکل کنندگان فقط بر خدا توکل کنند! ",
            "14": " کافران به پیامبرانشان گفتند: مسلّماً ما شما را از سرزمین خود بیرون می کنیم مگر این که همکیش ما شوید! پروردگارشان به آنان وحی کرد: ما قطعاً ستمکاران را نابود خواهیم کرد ",
            "15": " و بی تردید شما را پس از آنان در [همان] سرزمین سکونت خواهیم داد، این [لطف و محبتِ من] ویژۀ کسی است که از [ایستادن در] پیشگاه [عدالت] من [برای حسابرسی] بترسد، و از تهدید [به عذابم] بیمناک باشد ",
            "16": " [پیامبران از خدا] درخواست پیروزی و گشایش کردند، و هر سرکشِ منحرفی [از رسیدن به اهداف شومش] نا امید شد ",
            "17": " دوزخْ پیشِ روی هر سرکشِ منحرف است، او را [در آن جا] از آبی چرکین و متعفّن می نوشانند",
            "18": " آن را جرعه جرعه [به سختی] می نوشد، درحالی که هرگز حاضر نیست آن را [به میل خود] بیاشامد، مرگ از همه طرف به او روی می آورد، ولی مردنی نیست، و عذابی سخت پیش روی اوست ",
            "19": " مَثَل اعمال کسانی که به پروردگارشان کافر شدند مانند خاکستری است که تندبادی شدید در یک روزِ توفانی به آن وزیده، [و چنان آن را در فضا پراکنده کرده که هرگز قابل جمع کردن نباشد،] آنان نمی توانند کمترین سودی از آنچه انجام داده اند به دست آورند، این است همان گمراهی بسیار دور [که هرگز در آن دسترسی به هدایت ندارند] ",
            "20": "\n \n[ای انسان!] آیا ندانسته ای که خداوند آسمان ها و زمین را بر پایۀ حق و درستی [و نظم و حساب] آفرید؟ اگر بخواهد شما را [از بین] می برد و آفریده هایی جدید می آورد ",
            "21": " و این [کار] بر خداوند دشوار نیست ",
            "22": " [در عرصۀ قیامت] همه در پیشگاه خداوند ظاهر می شوند، سست  اندیشان[ی که کورکورانه مقلّد مستکبرانِ گمراه بودند] به مستکبران می گویند: ما [در دنیا بدون درخواست دلیل] پیرو شما بودیم، آیا [امروز] چیزی از عذاب خدا را از ما برطرف می کنید؟ می گویند: اگر خداوند [در صورت نشان دادنِ لیاقت،] ما را هدایت کرده بود ما هم هرآینه شما را هدایت می کردیم، اکنون چه بیتاب باشیم و چه صبر کنیم برای ما یکسان است؛ زیرا ما هیچ راه گریزی [از عذاب خدا] نداریم ",
            "23": " شیطان، [این دشمن سوگندخورده،] هنگام پایان پذیرفتنِ کار [محاسبۀ اهل محشر به پیروانش] می گوید: یقیناً خداوند به شما [در مورد برپاشدن قیامت و پاداش و کیفر] وعدۀ حق و درست داد، و من به شما وعدۀ [پوچ و واهی] دادم، و از آن [هم] تخلّف کردم، من بر شما هیچ تسلطی نداشتم [که شما را به زور به شرک و کفر و گناهان آلوده کنم]، فقط [به آن امورِ ضد حق] دعوتتان کردم، و شما [هم بدون اندیشه و درخواستِ دلیل] دعوتم را پذیرفتید؛ بنابراین سرزنشم نکنید، بلکه خود را سرزنش کنید، نه من فریادرسِ شمایم، و نه شما فریادرسِ من، بی تردید از این که مرا در دنیا [در اطاعت کردن] شریک خدا قرار دادید بیزارم، یقیناً برای ستمکاران عذاب دردناکی است ",
            "24": " مؤمنانی را که کارهای شایسته انجام دادند به بهشت هایی درآورند که از زیر [درختان] آن نهرها جاری است، در آن جا به خواست پروردگارشان جاودانه اند، و درود [خدا] بر آنان در آن بهشت ها، اِعلام امنیتِ همه جانبۀ آن هاست ",
            "25": " آیا ندانسته ای که خداوند چگونه کلمۀ پاک [یعنی توحید و اسلام] را تشبیه به درخت پاکی کرده است که ریشه اش استوار، و شاخه اش در آسمان است؟",
            "26": "\n \n[درختی که] میوه اش را به خواست پروردگارش در هر زمانی می دهد، خداوند برای مردم مَثَل ها می زند تا متذکر [حقایق] شوند ",
            "27": " و کلمۀ ناپاک [که عقاید باطل و بی پایه و آثار زشت آن است] شبیه درختِ ناپاک است که از زمین ریشه کن شده، هیچ قرار و ثباتی ندارد ",
            "28": " خداوند مؤمنان را در زندگی دنیا و آخرت، بر اعتقادات درست و صحیح ثابت قدم و تزلزل ناپذیر می دارد، و خدا ستمکاران را [به کیفر پایبندبودنشان به فسق و فجور] در گمراهی وامی نهد، و خداوند هرچه را بخواهد [براساس حکمتش] انجام می دهد ",
            "29": " آیا [وضع] کسانی که [از روی عمد و آگاهی] نعمت خدا را [که می توانستند در سایۀ برکاتش به سعادت دنیا و آخرت برسند] به ناسپاسی تغییر دادند، ندانسته ای که قومشان را به دیار نابودی و هلاکت درآوردند؟",
            "30": " [همان] دوزخی که در آن وارد می شوند، و بد قرارگاهی است !",
            "31": " [تغییر نعمتی که مرتکب شدند این بود که] برای خداوند از بُت ها شریک قرار دادند، تا [با فرهنگ بت پرستی، مردم را] از راه او منحرف کنند، بگو: [چند روزی از درآمدِ اندکی که از ناحیۀ آیین بُت پرستی و خالی کردن جیب پیروانتان دارید] برخوردار شوید، که یقیناً بازگشت شما به سوی آتش است ",
            "32": " به بندگان مؤمنم بگو: نماز را [با شرایط ویژه اش] بخوانند، و از آنچه [از نعمت های مادّی و معنوی] روزی آنان کردیم در پنهان و آشکار انفاق کنند ، پیش از آن که روزی فرارسد که در آن نه دادوستدی است، و نه پیوند دوستی",
            "33": " خداوندِ یکتاست که آسمان ها و زمین را آفرید، و از آسمان باران [سودمندی] فرستاد، و برای شما به وسیلۀ آن رزقی [مناسب] از میوه ها[ی گوناگون] پدید آورد، و کشتی ها را برای شما به کار گرفت تا به فرمان او در دریا روان شوند، و نیز نهرها را برای [بهره وری] شما به خدمت گرفت ",
            "34": " و خورشید و ماه که [با برنامۀ منظم و حساب شده ای] درکارند، و نیز شب و روز را برای [بهره وری] شما مسخّر کرد",
            "35": "\n \nو از هرچیزی که [به سبب نیازهای مادّی، معنوی، فردی و اجتماعی] از او خواستید عطایتان کرد، و اگر [بخواهید] نعمت های خداوند را بشمارید هرگز نمی توانید آن ها را به شماره آرید، حقاً که انسان [با اینهمه لطفی که به او شده] بسیار ستمکار، و [در کیفیت و کمیتِ هزینه کردنِ نعمت ها] بسیار ناسپاس است ",
            "36": " [به یاد آرید] هنگامی که ابراهیم گفت: پروردگارا! این شهر [مکه] را امن قرار ده! و من و فرزندانم را از پرستش بُت ها دور بدار !",
            "37": " پروردگارا! آن [بُت] ها [و متولیانشان] بسیاری از مردم را منحرف کردند، پس هرکه از من [که پایبند به توحید خالصم] پیروی کند حتماً از من است، و هرکه از من نافرمانی کند [کارش به خودِ تو واگذار است که] تو بسیار آمرزنده و مهربانی ",
            "38": " پروردگارا! برخی از فرزندانم را در درّه ای فاقد کشت و زرع، کنار خانۀ محترمت ساکن کردم، پروردگارا! برای اینکه نماز را [با شرایط ویژه اش] بخوانند، پس دل های گروهی از مردم را هواخواه و عاشق آنان کن! و از انواع میوه ها به آنان روزی بخش تا شکرگزاری کنند ",
            "39": " پروردگارا! هر آنچه را پنهان می داریم و هر آنچه را آشکار می کنیم می دانی، هیچ چیز در آسمان و زمین بر خداوند پنهان نیست ",
            "40": " همۀ ستایش ها ویژۀ خداوندی است که اسماعیل و اسحاق را در سنّ سالخوردگی به من بخشید، یقیناً پروردگارم شنوندۀ دعاست ",
            "41": " پروردگارا! مرا و فرزندانم را برپاکنندگان نماز قرار ده! پروردگارا! دعایم را [دربارۀ من و فرزندانم] مستجاب کن !",
            "42": " پروردگارا! روزی که [قیامت برای] محاسبۀ [اعمال بندگان] برپا می شود مرا و پدر و مادرم و مؤمنان را بیامرز !",
            "43": " و خدا را از آنچه ستمکاران انجام می دهند بی خبر مپندار! مسلّماً [کیفر] آنان را برای روزی که چشم ها در آن خیره می شود به تأخیر می اندازد ",
            "44": "\n \n[درحالی که با ترسی آمیخته با خواری به سوی دادگاه های قیامت] شتابانند، سرهایشان را بالا گرفته، پلک های چشمانشان به هم نمی خورد، و دل هایشان خالی [از امید،] و تهی [از چاره جویی] است ",
            "45": " مردم را از روزی که عذاب به سویشان آید هشدار ده! پس ستمکاران می گویند: پروردگارا! ما را تا سرآمدی نزدیک مهلت ده، تا دعوتت را اجابت، و از پیامبران پیروی کنیم! [به آنان گویند:] آیا شما نبودید که پیش تر [از آمدن این عذاب] سوگند می خوردید که هرگز برای شما زوال و فنایی نخواهد بود ؟",
            "46": " و در مَسکن های ستمکارانِ برخود [که به عذاب دچار شدند] سکونت گرفتید، درحالی که برای شما روشن بود که ما با آنان [به سبب ستمشان] چگونه برخورد کردیم، و برای شما داستان های پندآموز گذشتگانتان را [که به عذاب نابود شدند] بیان کردیم، [ولی عبرت نمی گیرید!]",
            "47": " آنان نیرنگشان را [تاجایی که در توان داشتند بر ضد حق] به کار گرفتند، ولی قدرت خداوند به نیرنگشان احاطه دارد، هرچند کوه ها از قدرت نیرنگشان از جا کنده شود، [اما نیرنگشان در برابر قدرت حق هیچ اثری ندارد] ",
            "48": " هرگز مپندار که خداوند از وعده اش به پیامبران، [مبنی بر درهم کوبیدن ستمکارانِ نیرنگ باز] تخلّف می کند؛ زیرا خداوند توانای شکست ناپذیر، و دارای انتقام است ",
            "49": " روزی که این زمین و آسمان ها به زمین [و آسمان های] دیگری تبدیل گردند، و [همه] در پیشگاه خداوند یکتای پیروز ظاهر شوند ",
            "50": " آن روز گنه پیشگان را می بینی که آنان را در زنجیرهایی به هم بسته اند ",
            "51": " پیراهن هایشان از «قَطِران»؛ [مادّه ای بسیار بدبو و قابل اشتعال] است، و آتش چهره هایشان را می پوشاند ",
            "52": " تا خداوند [به این صورت] هرکس را به سبب گناهانی که مرتکب شده کیفر دهد، بی گمان خداوند حسابرسی سریع است ",
            "53": " این [قرآن] پیامی رسا برای همۀ مردم است، تا به وسیلۀ آن هشدارشان دهند، و [با تدبّر در آیاتش] آگاه شوند که او معبودی یکتاست، و خردمندان [از برکتِ آن] متذکر [حقایق] شوند "
        }
    }
}