{
    "2": {
        "number": 2,
        "title": "سورة الحجر",
        "bab": 4,
        "delay": 0,
        "arabic": {
            "1": "الر ۚ تِلْكَ آيَاتُ الْكِتَابِ وَقُرْآنٍ مُبِينٍ",
            "2": "رُبَمَا يَوَدُّ الَّذِينَ كَفَرُوا لَوْ كَانُوا مُسْلِمِينَ",
            "3": "ذَرْهُمْ يَأْكُلُوا وَيَتَمَتَّعُوا وَيُلْهِهِمُ الْأَمَلُ ۖ فَسَوْفَ يَعْلَمُونَ",
            "4": "وَمَا أَهْلَكْنَا مِنْ قَرْيَةٍ إِلَّا وَلَهَا كِتَابٌ مَعْلُومٌ",
            "5": "مَا تَسْبِقُ مِنْ أُمَّةٍ أَجَلَهَا وَمَا يَسْتَأْخِرُونَ",
            "6": "وَقَالُوا يَا أَيُّهَا الَّذِي نُزِّلَ عَلَيْهِ الذِّكْرُ إِنَّكَ لَمَجْنُونٌ",
            "7": "لَوْ مَا تَأْتِينَا بِالْمَلَائِكَةِ إِنْ كُنْتَ مِنَ الصَّادِقِينَ",
            "8": "مَا نُنَزِّلُ الْمَلَائِكَةَ إِلَّا بِالْحَقِّ وَمَا كَانُوا إِذًا مُنْظَرِينَ",
            "9": "إِنَّا نَحْنُ نَزَّلْنَا الذِّكْرَ وَإِنَّا لَهُ لَحَافِظُونَ",
            "10": "وَلَقَدْ أَرْسَلْنَا مِنْ قَبْلِكَ فِي شِيَعِ الْأَوَّلِينَ",
            "11": "وَمَا يَأْتِيهِمْ مِنْ رَسُولٍ إِلَّا كَانُوا بِهِ يَسْتَهْزِئُونَ",
            "12": "كَذَٰلِكَ نَسْلُكُهُ فِي قُلُوبِ الْمُجْرِمِينَ",
            "13": "لَا يُؤْمِنُونَ بِهِ ۖ وَقَدْ خَلَتْ سُنَّةُ الْأَوَّلِينَ",
            "14": "وَلَوْ فَتَحْنَا عَلَيْهِمْ بَابًا مِنَ السَّمَاءِ فَظَلُّوا فِيهِ يَعْرُجُونَ",
            "15": "لَقَالُوا إِنَّمَا سُكِّرَتْ أَبْصَارُنَا بَلْ نَحْنُ قَوْمٌ مَسْحُورُونَ",
            "16": "وَلَقَدْ جَعَلْنَا فِي السَّمَاءِ بُرُوجًا وَزَيَّنَّاهَا لِلنَّاظِرِينَ",
            "17": "وَحَفِظْنَاهَا مِنْ كُلِّ شَيْطَانٍ رَجِيمٍ",
            "18": "إِلَّا مَنِ اسْتَرَقَ السَّمْعَ فَأَتْبَعَهُ شِهَابٌ مُبِينٌ",
            "19": "وَالْأَرْضَ مَدَدْنَاهَا وَأَلْقَيْنَا فِيهَا رَوَاسِيَ وَأَنْبَتْنَا فِيهَا مِنْ كُلِّ شَيْءٍ مَوْزُونٍ",
            "20": "وَجَعَلْنَا لَكُمْ فِيهَا مَعَايِشَ وَمَنْ لَسْتُمْ لَهُ بِرَازِقِينَ",
            "21": "وَإِنْ مِنْ شَيْءٍ إِلَّا عِنْدَنَا خَزَائِنُهُ وَمَا نُنَزِّلُهُ إِلَّا بِقَدَرٍ مَعْلُومٍ",
            "22": "وَأَرْسَلْنَا الرِّيَاحَ لَوَاقِحَ فَأَنْزَلْنَا مِنَ السَّمَاءِ مَاءً فَأَسْقَيْنَاكُمُوهُ وَمَا أَنْتُمْ لَهُ بِخَازِنِينَ",
            "23": "وَإِنَّا لَنَحْنُ نُحْيِي وَنُمِيتُ وَنَحْنُ الْوَارِثُونَ",
            "24": "وَلَقَدْ عَلِمْنَا الْمُسْتَقْدِمِينَ مِنْكُمْ وَلَقَدْ عَلِمْنَا الْمُسْتَأْخِرِينَ",
            "25": "وَإِنَّ رَبَّكَ هُوَ يَحْشُرُهُمْ ۚ إِنَّهُ حَكِيمٌ عَلِيمٌ",
            "26": "وَلَقَدْ خَلَقْنَا الْإِنْسَانَ مِنْ صَلْصَالٍ مِنْ حَمَإٍ مَسْنُونٍ",
            "27": "وَالْجَانَّ خَلَقْنَاهُ مِنْ قَبْلُ مِنْ نَارِ السَّمُومِ",
            "28": "وَإِذْ قَالَ رَبُّكَ لِلْمَلَائِكَةِ إِنِّي خَالِقٌ بَشَرًا مِنْ صَلْصَالٍ مِنْ حَمَإٍ مَسْنُونٍ",
            "29": "فَإِذَا سَوَّيْتُهُ وَنَفَخْتُ فِيهِ مِنْ رُوحِي فَقَعُوا لَهُ سَاجِدِينَ",
            "30": "فَسَجَدَ الْمَلَائِكَةُ كُلُّهُمْ أَجْمَعُونَ",
            "31": "إِلَّا إِبْلِيسَ أَبَىٰ أَنْ يَكُونَ مَعَ السَّاجِدِينَ",
            "32": "قَالَ يَا إِبْلِيسُ مَا لَكَ أَلَّا تَكُونَ مَعَ السَّاجِدِينَ",
            "33": "قَالَ لَمْ أَكُنْ لِأَسْجُدَ لِبَشَرٍ خَلَقْتَهُ مِنْ صَلْصَالٍ مِنْ حَمَإٍ مَسْنُونٍ",
            "34": "قَالَ فَاخْرُجْ مِنْهَا فَإِنَّكَ رَجِيمٌ",
            "35": "وَإِنَّ عَلَيْكَ اللَّعْنَةَ إِلَىٰ يَوْمِ الدِّينِ",
            "36": "قَالَ رَبِّ فَأَنْظِرْنِي إِلَىٰ يَوْمِ يُبْعَثُونَ",
            "37": "قَالَ فَإِنَّكَ مِنَ الْمُنْظَرِينَ",
            "38": "إِلَىٰ يَوْمِ الْوَقْتِ الْمَعْلُومِ",
            "39": "قَالَ رَبِّ بِمَا أَغْوَيْتَنِي لَأُزَيِّنَنَّ لَهُمْ فِي الْأَرْضِ وَلَأُغْوِيَنَّهُمْ أَجْمَعِينَ",
            "40": "إِلَّا عِبَادَكَ مِنْهُمُ الْمُخْلَصِينَ",
            "41": "قَالَ هَٰذَا صِرَاطٌ عَلَيَّ مُسْتَقِيمٌ",
            "42": "إِنَّ عِبَادِي لَيْسَ لَكَ عَلَيْهِمْ سُلْطَانٌ إِلَّا مَنِ اتَّبَعَكَ مِنَ الْغَاوِينَ",
            "43": "وَإِنَّ جَهَنَّمَ لَمَوْعِدُهُمْ أَجْمَعِينَ",
            "44": "لَهَا سَبْعَةُ أَبْوَابٍ لِكُلِّ بَابٍ مِنْهُمْ جُزْءٌ مَقْسُومٌ",
            "45": "إِنَّ الْمُتَّقِينَ فِي جَنَّاتٍ وَعُيُونٍ",
            "46": "ادْخُلُوهَا بِسَلَامٍ آمِنِينَ",
            "47": "وَنَزَعْنَا مَا فِي صُدُورِهِمْ مِنْ غِلٍّ إِخْوَانًا عَلَىٰ سُرُرٍ مُتَقَابِلِينَ",
            "48": "لَا يَمَسُّهُمْ فِيهَا نَصَبٌ وَمَا هُمْ مِنْهَا بِمُخْرَجِينَ",
            "49": "نَبِّئْ عِبَادِي أَنِّي أَنَا الْغَفُورُ الرَّحِيمُ",
            "50": "وَأَنَّ عَذَابِي هُوَ الْعَذَابُ الْأَلِيمُ",
            "51": "وَنَبِّئْهُمْ عَنْ ضَيْفِ إِبْرَاهِيمَ",
            "52": "إِذْ دَخَلُوا عَلَيْهِ فَقَالُوا سَلَامًا قَالَ إِنَّا مِنْكُمْ وَجِلُونَ",
            "53": "قَالُوا لَا تَوْجَلْ إِنَّا نُبَشِّرُكَ بِغُلَامٍ عَلِيمٍ",
            "54": "قَالَ أَبَشَّرْتُمُونِي عَلَىٰ أَنْ مَسَّنِيَ الْكِبَرُ فَبِمَ تُبَشِّرُونَ",
            "55": "قَالُوا بَشَّرْنَاكَ بِالْحَقِّ فَلَا تَكُنْ مِنَ الْقَانِطِينَ",
            "56": "قَالَ وَمَنْ يَقْنَطُ مِنْ رَحْمَةِ رَبِّهِ إِلَّا الضَّالُّونَ",
            "57": "قَالَ فَمَا خَطْبُكُمْ أَيُّهَا الْمُرْسَلُونَ",
            "58": "قَالُوا إِنَّا أُرْسِلْنَا إِلَىٰ قَوْمٍ مُجْرِمِينَ",
            "59": "إِلَّا آلَ لُوطٍ إِنَّا لَمُنَجُّوهُمْ أَجْمَعِينَ",
            "60": "إِلَّا امْرَأَتَهُ قَدَّرْنَا ۙ إِنَّهَا لَمِنَ الْغَابِرِينَ",
            "61": "فَلَمَّا جَاءَ آلَ لُوطٍ الْمُرْسَلُونَ",
            "62": "قَالَ إِنَّكُمْ قَوْمٌ مُنْكَرُونَ",
            "63": "قَالُوا بَلْ جِئْنَاكَ بِمَا كَانُوا فِيهِ يَمْتَرُونَ",
            "64": "وَأَتَيْنَاكَ بِالْحَقِّ وَإِنَّا لَصَادِقُونَ",
            "65": "فَأَسْرِ بِأَهْلِكَ بِقِطْعٍ مِنَ اللَّيْلِ وَاتَّبِعْ أَدْبَارَهُمْ وَلَا يَلْتَفِتْ مِنْكُمْ أَحَدٌ وَامْضُوا حَيْثُ تُؤْمَرُونَ",
            "66": "وَقَضَيْنَا إِلَيْهِ ذَٰلِكَ الْأَمْرَ أَنَّ دَابِرَ هَٰؤُلَاءِ مَقْطُوعٌ مُصْبِحِينَ",
            "67": "وَجَاءَ أَهْلُ الْمَدِينَةِ يَسْتَبْشِرُونَ",
            "68": "قَالَ إِنَّ هَٰؤُلَاءِ ضَيْفِي فَلَا تَفْضَحُونِ",
            "69": "وَاتَّقُوا اللَّهَ وَلَا تُخْزُونِ",
            "70": "قَالُوا أَوَلَمْ نَنْهَكَ عَنِ الْعَالَمِينَ",
            "71": "قَالَ هَٰؤُلَاءِ بَنَاتِي إِنْ كُنْتُمْ فَاعِلِينَ",
            "72": "لَعَمْرُكَ إِنَّهُمْ لَفِي سَكْرَتِهِمْ يَعْمَهُونَ",
            "73": "فَأَخَذَتْهُمُ الصَّيْحَةُ مُشْرِقِينَ",
            "74": "فَجَعَلْنَا عَالِيَهَا سَافِلَهَا وَأَمْطَرْنَا عَلَيْهِمْ حِجَارَةً مِنْ سِجِّيلٍ",
            "75": "إِنَّ فِي ذَٰلِكَ لَآيَاتٍ لِلْمُتَوَسِّمِينَ",
            "76": "وَإِنَّهَا لَبِسَبِيلٍ مُقِيمٍ",
            "77": "إِنَّ فِي ذَٰلِكَ لَآيَةً لِلْمُؤْمِنِينَ",
            "78": "وَإِنْ كَانَ أَصْحَابُ الْأَيْكَةِ لَظَالِمِينَ",
            "79": "فَانْتَقَمْنَا مِنْهُمْ وَإِنَّهُمَا لَبِإِمَامٍ مُبِينٍ",
            "80": "وَلَقَدْ كَذَّبَ أَصْحَابُ الْحِجْرِ الْمُرْسَلِينَ",
            "81": "وَآتَيْنَاهُمْ آيَاتِنَا فَكَانُوا عَنْهَا مُعْرِضِينَ",
            "82": "وَكَانُوا يَنْحِتُونَ مِنَ الْجِبَالِ بُيُوتًا آمِنِينَ",
            "83": "فَأَخَذَتْهُمُ الصَّيْحَةُ مُصْبِحِينَ",
            "84": "فَمَا أَغْنَىٰ عَنْهُمْ مَا كَانُوا يَكْسِبُونَ",
            "85": "وَمَا خَلَقْنَا السَّمَاوَاتِ وَالْأَرْضَ وَمَا بَيْنَهُمَا إِلَّا بِالْحَقِّ ۗ وَإِنَّ السَّاعَةَ لَآتِيَةٌ ۖ فَاصْفَحِ الصَّفْحَ الْجَمِيلَ",
            "86": "إِنَّ رَبَّكَ هُوَ الْخَلَّاقُ الْعَلِيمُ",
            "87": "وَلَقَدْ آتَيْنَاكَ سَبْعًا مِنَ الْمَثَانِي وَالْقُرْآنَ الْعَظِيمَ",
            "88": "لَا تَمُدَّنَّ عَيْنَيْكَ إِلَىٰ مَا مَتَّعْنَا بِهِ أَزْوَاجًا مِنْهُمْ وَلَا تَحْزَنْ عَلَيْهِمْ وَاخْفِضْ جَنَاحَكَ لِلْمُؤْمِنِينَ",
            "89": "وَقُلْ إِنِّي أَنَا النَّذِيرُ الْمُبِينُ",
            "90": "كَمَا أَنْزَلْنَا عَلَى الْمُقْتَسِمِينَ",
            "91": "الَّذِينَ جَعَلُوا الْقُرْآنَ عِضِينَ",
            "92": "فَوَرَبِّكَ لَنَسْأَلَنَّهُمْ أَجْمَعِينَ",
            "93": "عَمَّا كَانُوا يَعْمَلُونَ",
            "94": "فَاصْدَعْ بِمَا تُؤْمَرُ وَأَعْرِضْ عَنِ الْمُشْرِكِينَ",
            "95": "إِنَّا كَفَيْنَاكَ الْمُسْتَهْزِئِينَ",
            "96": "الَّذِينَ يَجْعَلُونَ مَعَ اللَّهِ إِلَٰهًا آخَرَ ۚ فَسَوْفَ يَعْلَمُونَ",
            "97": "وَلَقَدْ نَعْلَمُ أَنَّكَ يَضِيقُ صَدْرُكَ بِمَا يَقُولُونَ",
            "98": "فَسَبِّحْ بِحَمْدِ رَبِّكَ وَكُنْ مِنَ السَّاجِدِينَ",
            "99": "وَاعْبُدْ رَبَّكَ حَتَّىٰ يَأْتِيَكَ الْيَقِينُ"
        },
        "farsi": {
            "1": "\nالف، لام، راء. این است آیاتِ [با عظمتِ] کتاب، و قرآنِ [والامرتبۀ] روشنگر ",
            "2": " چه بسا کافران که [هنگام روبه روشدن با عذاب] آرزو می کنند که کاش تسلیم [قرآن] بودند !",
            "3": " رهایشان کن تا شکم چرانی کنند، و [از امور زودگذر مادّی] بهره مند شوند و آرزوها سرگرمشان سازد، به زودی [بدبختی و سیه روزی خود را] خواهند فهمید! ",
            "4": " هیچ شهری را نابود نکردیم مگر این که [به سبب فساد فراگیرش] سرنوشت معین [و قانون مندی] برای آن بود ",
            "5": " هیچ ملتی از زمان معینِ خودش نه پیش می افتد، و نه پس می ماند ",
            "6": " [کافران به پیامبر] گفتند: ای آن که قرآن برایت نازل شده! به یقین که دیوانه ای!؟",
            "7": " اگر [دربارۀ نبوتت] راست می گویی چرا فرشتگان را نزد ما نمی آوری؟",
            "8": " ما فرشتگان را جز به حق و درستی نازل نمی کنیم، و آن هنگام [که نازل شوند این منکرانِ لجوج از دچارشدن به عذاب] مهلت نمی یابند ",
            "9": " همانا ما قرآن را فرستاده ایم و یقیناً [از تحریف و زوال] نگهبانش هستیم ",
            "10": " مسلّماً پیش از تو در امت های پیشین پیامبرانی فرستادیم ",
            "11": " و هیچ پیامبری به سویشان نمی آمد مگر اینکه او را مسخره می کردند ",
            "12": " ما همان گونه [که حق را به گذشتگان فهماندیم ولی مسخره کردند،] قرآن را [برای فهم حقایقش] در قلوب گنه پیشگان نفوذ می دهیم ",
            "13": " [درحالی که] به آن ایمان نمی آورند، [و بلکه مسخره می کنند،] البته روش پیشینیان هم چنین بوده است ",
            "14": " و اگر [برای دریافت حقایق] دری از آسمان به روی آنان گشوده بودیم، و پیوسته روزِ روشن به سوی آن بالا می رفتند",
            "15": " هرآینه گفتارشان این بود که: حتماً چشم بندی شده ایم، [بلکه فراتر از این،] بلکه ما گروهی افسون شده ایم!",
            "16": "\n \nبه راستی ما در آسمان بُرج هایی قرار داده ایم، و آن ها را برای بینندگان [با شکل های متنوعش] آراستیم",
            "17": " و آن ها را از هر شیطان رانده شده ای حفظ کردیم ",
            "18": " مگر آنکه بخواهد دزدانه [خبرهای عالم بالا را] بشنود که شهابی روشن او را دنبال می کند ",
            "19": " و زمین را گستراندیم و در آن کوه های استوار افکندیم، و در آن از هر چیزی به اندازه و وزن معین رویانده ایم ",
            "20": " و در آن برای شما و کسانی که روزی دهندۀ آنان نیستید وسایل معیشت قرار دادیم ",
            "21": " هیچ چیزی نیست مگر آن که خزانه هایش نزد ماست، و آن را جز به اندازۀ معین فرود نمی آوریم ",
            "22": " بادها را [که] پیونددهندۀ [ابرها هستند برای مهیاشدنِ نزول رحمت] فرستادیم، و از آسمان، آبی فرود آوردیم و شما را به وسیلۀ آن سیراب کردیم، درحالی که شما ذخیره کنندۀ آن [در ابرها، و در دل کوه ها، و لایه های زمین و اعماق آن] نیستید ",
            "23": " یقیناً ما حیات می بخشیم، و می میرانیم، و وارث [جهان و جهانیان] هستیم ",
            "24": " بی تردید [حالات، اعمال، اخلاق و شمار] پیشینیانِ شما و آیندگانتان را می دانیم ",
            "25": " مسلّماً پروردگار توست که محشورشان می کند، همانا او حکیم و داناست ",
            "26": " ما انسان را از گِلی خشک برگرفته از لجنی بدبو و تیره رنگ آفریدیم ",
            "27": " و پیش از آن جنّ را از بادی سوزان پدید آوردیم ",
            "28": " چون پروردگارت به فرشتگان گفت: من از گِل خشک برگرفته از لجنی بدبو و تیره رنگ بشری می آفرینم ",
            "29": " زمانی که [اندام] او را [متناسب و] موزون ساختم، و از روح خود در آن دمیدم در برابرش به سجده افتید!",
            "30": " همۀ فرشتگان یکسره سجده کردند ",
            "31": " مگر ابلیس که نپذیرفت با سجده کنان باشد ",
            "32": "\n \n[خداوند] فرمود: ای ابلیس! تو را چه شده که با سجده کنان نیستی؟",
            "33": " گفت: من شخصی نیستم که برای بشری که او را از گِلی خشک، و برگرفته از لجنی بدبو و تیره رنگ آفریدی سجده کنم!",
            "34": " [خداوند] فرمود: پس، از این جایگاه [والا که مقام مقرّبان است] بیرون شو، که رانده شده ای !",
            "35": " و مسلّماً تا روز قیامت بر تو لعنت است !",
            "36": " گفت: پروردگارا! پس مرا تا روزی که [همگان] به صحرای محشر فراخوانده می شوند مهلت ده !",
            "37": " [خداوند] فرمود: تو از مهلت یافتگانی ",
            "38": " تا روز [آن] زمان معین",
            "39": " [ابلیس] گفت: پروردگارا! برای این که مرا [به سبب سرپیچی از خواسته ات در سجده بر آدم، از احسان و رحمتت] ناکام کردی مسلّماً من [هم کارهای زشت را] در زمین [در چشم و دلشان] آرایش می دهم[تا ارتکابش بر آنان آسان شود،] و بی تردید همه را گمراه خواهم کرد",
            "40": " مگر مخلصین از بندگانت [که از دسترس من بیرونند]",
            "41": " [خداوند] فرمود: این [مخلص بودن] راهی است مستقیم [که تحققش در وجود مخلَصان] بر عهدۀ من [است] ",
            "42": " یقیناً تو را بر بندگانم هیچ تسلطی [برای گمراه کردنشان] نیست مگر بر منحرفانی که از تو پیروی کنند ",
            "43": " و بی تردید دوزخ وعده گاه همۀ آنان است ",
            "44": " آن را هفت در است، و برای هر دری گروهی از پیروان ابلیس تقسیم شده اند ",
            "45": " همانا آنان که [از خداوند اطاعت کرده، و از محرّماتش] پرهیز داشتند در بهشت ها و چشمه سارهایند ",
            "46": " [به آنان گویند:] با سلامت و امنیت وارد آن ها شوید ",
            "47": " آنچه از دشمنی و کینه در سینه هایشان بوده برکنده ایم که برادرانه بر تخت هایی روبروی یکدیگرند ",
            "48": " در آن جا خستگی و رنجی به آنان نمی رسد، و هیچ گاه از آن جا بیرونشان نمی کنند ",
            "49": " به بندگانم خبر ده! که: یقیناً من [نسبت به مؤمنان و توبه کنندگان] بسیار آمرزنده و مهربانم ",
            "50": " و عذابم [برای گنه پیشگان] همان عذاب دردناک است ",
            "51": " و بندگانم را از میهمانان ابراهیم خبر ده !",
            "52": "\n \nچون بر او وارد شدند و سلام کردند، [ابراهیم] گفت: ما از شما در هول و هراسیم ",
            "53": " گفتند: هراسی نداشته باش! ما تو را به پسری دانا مژده می دهیم ",
            "54": " گفت: آیا درحالی که به سالخوردگی رسیده ام مژده ام می دهید؟ [راستی] به چه مژده می دهید؟",
            "55": " گفتند: به حق و درستی مژده می دهیم؛ بنابراین از ناامیدان مباش !",
            "56": " گفت: جز منحرفان چه کسانی از رحمت پروردگارشان ناامید می شوند؟",
            "57": " گفت: ای فرستادگان! چه کاری دارید؟",
            "58": " گفتند: ما را به سوی قومی گنه پیشه فرستاده اند [تا نابودشان کنیم] ",
            "59": " به جز خاندان [مؤمنِ] لوط که یقیناً همۀ آنان را نجات می دهیم ",
            "60": " مگر همسرش که مقدّر کرده ایم از بازماندگان [در شهر و اهل هلاکت] باشد ",
            "61": " چون فرستادگان نزد خاندان لوط آمدند ",
            "62": " لوط گفت: همانا شما گروهی ناشناخته اید ",
            "63": " گفتند: [ما ناشناخته نیستیم،] با عذابی نزد تو آمده ایم که همواره [قومت] در آمدنش تردید داشتند ",
            "64": " [آری] واقعیتی را [که همان عذاب الهی است برای نابودی قومت] به سوی تو آورده ایم، و به یقین راستگوییم ",
            "65": " [ای لوط!] چون پاسی از شب گذشت، خاندانت را کوچ ده، و خودت دنبال آنان برو، و هیچ یک از شما [به شهر] بازنگردد، و به آن جا که مأمور هستید بروید !",
            "66": " ما [وقوع] این حادثۀ [بزرگ] را به او ابلاغ کردیم؛ که چون گنه پیشگان وارد صبح شوند بنیادشان کنده خواهد شد ",
            "67": " اهل شهر [با آگاه شدن از مهمانان لوط]، شادی کنان [به سراغ آنان] آمدند!",
            "68": " [لوط] گفت: اینان مهمانان منند، آبروی مرا نبرید !",
            "69": " از [محرّمات] خداوند اجتناب کنید، و مرا [نزد مهمانانم] خوار و بی مقدار نسازید !",
            "70": " گفتند: مگر ما تو را از [مهمان کردن] مردمان نهی نکردیم؟",
            "71": "\n \n[لوط] گفت: اگر می خواهید کاری انجام دهید، اینان دختران منند [که برای ازدواج مناسبند]",
            "72": " [ای پیامبر!] به جان تو سوگند که آنان در مستی [و بی خبری] خود همواره سرگردان بودند ",
            "73": " پس هنگام طلوع آفتاب صدایی [مرگبار و غرّشی] سهمگین آنان را فراگرفت ",
            "74": " در نتیجه آن شهر را زیرورو کردیم، و بر آنان بارانی از سنگِ گِل پخته فرو ریختیم ",
            "75": " به راستی در این [سرگذشتِ عبرت آموز] نشانه هایی [از قدرت خداوند، و رسوایی گنه پیشگان] برای هوشمندانِ کنجکاو وجود دارد ",
            "76": " و آن [آثار و بقایای شهر لوط] بر سر راهی است که پابرجاست ",
            "77": " مسلّماً در [بقایای] این [شهرِ ویران شده] نشانه ای برای مؤمنانِ [پند آموز] است ",
            "78": " بی تردید اهلِ «اَیکه» [؛ یعنی قوم شعیب] ستمکار بودند ",
            "79": " در نتیجه از آنان انتقام گرفتیم، و [بقایای] هر دو [شهر نابود شدۀ قوم لوط و شعیب] بر سر راهی آشکار قرار دارد ",
            "80": " همانا اهل [دیارِ] «حِجر» [که سرزمینی بین مدینه و شام است] پیامبران را انکار کردند ",
            "81": " ما معجزات و نشانه های خود را به آنان نشان دادیم، ولی از آن ها روی گردان شده، [ایمان نیاوردند]",
            "82": " همواره از کوه ها خانه ها می تراشیدند، درحالی که [به خیال خود از حوادث کوبنده] در امان بودند ",
            "83": " نهایتاً هنگامی که وارد صبح شدند صدایی [مرگبار و غرّشی] سهمگین آنان را فراگرفت ",
            "84": " و آنچه [از ساختمان های بسیار محکمی که] ساخته بودند عذاب خدا را از آنان برطرف نکرد ",
            "85": " و ما آسمان ها و زمین و آنچه را که میان دوتاست جز به حق و درستی نیافریدیم، به یقین قیامت آمدنی است، پس [در برابر ناهنجاری های مردم و بدی های آنان] گذشتی نیکو داشته باش  !",
            "86": " بی تردید پروردگارت همان آفرینندۀ داناست ",
            "87": " همانا ما به تو سورۀ حمد و قرآنِ باعظمت را عطا کردیم ",
            "88": " [با توجه به این که سورۀ حمد و نعمت عظیم قرآن در اختیار توست،] به آنچه [از امکانات مادّی] که اصنافی از کافران را از آن بهره مند ساخته ایم چشم ندوز! و بر آنان [به سبب این که حق را نمی پذیرند] اندوه مخور، و مؤمنان را مورد محبت و فروتنی قرار ده!",
            "89": " [به همۀ مردم] بگو: من هشدار دهنده ای روشنگرم ",
            "90": " [به سوی شما مخالفان عذابی می فرستم،] مانند عذابی که بر تجزیه کنندگان فرستادیم ",
            "91": "\n \nهم آنان که قرآن را [مطابق با خواستۀ باطلشان] تجزیه و بخش بخش کردند، [بخشی را که به سود خود می پنداشتند پذیرفتند، و از بخشی دیگر که هماهنگ با هوس هایشان نبود رویگردان شدند ]",
            "92": " به پروردگارت سوگند! از همۀ آنان یقیناً بازخواست می کنم ",
            "93": " از اعمالی که همواره انجام می دادند ",
            "94": " پس آنچه را به آن مأموری [در بین مردم] آشکار کن، و از مشرکان روی برتاب! ",
            "95": " بی تردید ما [شرّ و زیان] استهزاکنندگان را از تو بازداشته ایم ",
            "96": " هم آنان که با خدا معبود دیگری قرار می دهند، بی گمان به زودی می فهمند [که مرتکب چه گناه بزرگی شده اند، و سزاوار چه عذابی هستند !]",
            "97": " ما می دانیم که تو از [تبلیغات سوء مشرکان و اهل کتاب بر ضد دین و] گفتار آنان دلتنگ می شوی ",
            "98": " پس [برای رفع دلتنگی ات] پروردگار خود را همراه با ستایش، با تسبیح گفتن [از هر عیب و نقصی] پاک و منزّه بدار! و از سجده کنندگان باش !",
            "99": " و پروردگارت را تا زمانی که مرگ به سراغت آید بندگی کن! "
        }
    }
}