{
  "2": {
    "number": 2,
        "title": "سورة النحل",
      "bab": 4,
      "delay": 9,
      "arabic": {
            "10": "أَتَىٰ أَمْرُ اللَّهِ فَلَا تَسْتَعْجِلُوهُ ۚ سُبْحَانَهُ وَتَعَالَىٰ عَمَّا يُشْرِكُونَ",
            "11": "يُنَزِّلُ الْمَلَائِكَةَ بِالرُّوحِ مِنْ أَمْرِهِ عَلَىٰ مَنْ يَشَاءُ مِنْ عِبَادِهِ أَنْ أَنْذِرُوا أَنَّهُ لَا إِلَٰهَ إِلَّا أَنَا فَاتَّقُونِ",
            "12": "خَلَقَ السَّمَاوَاتِ وَالْأَرْضَ بِالْحَقِّ ۚ تَعَالَىٰ عَمَّا يُشْرِكُونَ",
            "13": "خَلَقَ الْإِنْسَانَ مِنْ نُطْفَةٍ فَإِذَا هُوَ خَصِيمٌ مُبِينٌ",
            "14": "وَالْأَنْعَامَ خَلَقَهَا ۗ لَكُمْ فِيهَا دِفْءٌ وَمَنَافِعُ وَمِنْهَا تَأْكُلُونَ",
            "15": "وَلَكُمْ فِيهَا جَمَالٌ حِينَ تُرِيحُونَ وَحِينَ تَسْرَحُونَ",
            "16": "وَتَحْمِلُ أَثْقَالَكُمْ إِلَىٰ بَلَدٍ لَمْ تَكُونُوا بَالِغِيهِ إِلَّا بِشِقِّ الْأَنْفُسِ ۚ إِنَّ رَبَّكُمْ لَرَءُوفٌ رَحِيمٌ",
            "17": "وَالْخَيْلَ وَالْبِغَالَ وَالْحَمِيرَ لِتَرْكَبُوهَا وَزِينَةً ۚ وَيَخْلُقُ مَا لَا تَعْلَمُونَ",
            "18": "وَعَلَى اللَّهِ قَصْدُ السَّبِيلِ وَمِنْهَا جَائِرٌ ۚ وَلَوْ شَاءَ لَهَدَاكُمْ أَجْمَعِينَ",
            "19": "هُوَ الَّذِي أَنْزَلَ مِنَ السَّمَاءِ مَاءً ۖ لَكُمْ مِنْهُ شَرَابٌ وَمِنْهُ شَجَرٌ فِيهِ تُسِيمُونَ",
            "20": "يُنْبِتُ لَكُمْ بِهِ الزَّرْعَ وَالزَّيْتُونَ وَالنَّخِيلَ وَالْأَعْنَابَ وَمِنْ كُلِّ الثَّمَرَاتِ ۗ إِنَّ فِي ذَٰلِكَ لَآيَةً لِقَوْمٍ يَتَفَكَّرُونَ",
            "21": "وَسَخَّرَ لَكُمُ اللَّيْلَ وَالنَّهَارَ وَالشَّمْسَ وَالْقَمَرَ ۖ وَالنُّجُومُ مُسَخَّرَاتٌ بِأَمْرِهِ ۗ إِنَّ فِي ذَٰلِكَ لَآيَاتٍ لِقَوْمٍ يَعْقِلُونَ",
            "22": "وَمَا ذَرَأَ لَكُمْ فِي الْأَرْضِ مُخْتَلِفًا أَلْوَانُهُ ۗ إِنَّ فِي ذَٰلِكَ لَآيَةً لِقَوْمٍ يَذَّكَّرُونَ",
            "23": "وَهُوَ الَّذِي سَخَّرَ الْبَحْرَ لِتَأْكُلُوا مِنْهُ لَحْمًا طَرِيًّا وَتَسْتَخْرِجُوا مِنْهُ حِلْيَةً تَلْبَسُونَهَا وَتَرَى الْفُلْكَ مَوَاخِرَ فِيهِ وَلِتَبْتَغُوا مِنْ فَضْلِهِ وَلَعَلَّكُمْ تَشْكُرُونَ",
            "24": "وَأَلْقَىٰ فِي الْأَرْضِ رَوَاسِيَ أَنْ تَمِيدَ بِكُمْ وَأَنْهَارًا وَسُبُلًا لَعَلَّكُمْ تَهْتَدُونَ",
            "25": "وَعَلَامَاتٍ ۚ وَبِالنَّجْمِ هُمْ يَهْتَدُونَ",
            "26": "أَفَمَنْ يَخْلُقُ كَمَنْ لَا يَخْلُقُ ۗ أَفَلَا تَذَكَّرُونَ",
            "27": "وَإِنْ تَعُدُّوا نِعْمَةَ اللَّهِ لَا تُحْصُوهَا ۗ إِنَّ اللَّهَ لَغَفُورٌ رَحِيمٌ",
            "28": "وَاللَّهُ يَعْلَمُ مَا تُسِرُّونَ وَمَا تُعْلِنُونَ",
            "29": "وَالَّذِينَ يَدْعُونَ مِنْ دُونِ اللَّهِ لَا يَخْلُقُونَ شَيْئًا وَهُمْ يُخْلَقُونَ",
            "30": "أَمْوَاتٌ غَيْرُ أَحْيَاءٍ ۖ وَمَا يَشْعُرُونَ أَيَّانَ يُبْعَثُونَ",
            "31": "إِلَٰهُكُمْ إِلَٰهٌ وَاحِدٌ ۚ فَالَّذِينَ لَا يُؤْمِنُونَ بِالْآخِرَةِ قُلُوبُهُمْ مُنْكِرَةٌ وَهُمْ مُسْتَكْبِرُونَ",
            "32": "لَا جَرَمَ أَنَّ اللَّهَ يَعْلَمُ مَا يُسِرُّونَ وَمَا يُعْلِنُونَ ۚ إِنَّهُ لَا يُحِبُّ الْمُسْتَكْبِرِينَ",
            "33": "وَإِذَا قِيلَ لَهُمْ مَاذَا أَنْزَلَ رَبُّكُمْ ۙ قَالُوا أَسَاطِيرُ الْأَوَّلِينَ",
            "34": "لِيَحْمِلُوا أَوْزَارَهُمْ كَامِلَةً يَوْمَ الْقِيَامَةِ ۙ وَمِنْ أَوْزَارِ الَّذِينَ يُضِلُّونَهُمْ بِغَيْرِ عِلْمٍ ۗ أَلَا سَاءَ مَا يَزِرُونَ",
            "35": "قَدْ مَكَرَ الَّذِينَ مِنْ قَبْلِهِمْ فَأَتَى اللَّهُ بُنْيَانَهُمْ مِنَ الْقَوَاعِدِ فَخَرَّ عَلَيْهِمُ السَّقْفُ مِنْ فَوْقِهِمْ وَأَتَاهُمُ الْعَذَابُ مِنْ حَيْثُ لَا يَشْعُرُونَ",
            "36": "ثُمَّ يَوْمَ الْقِيَامَةِ يُخْزِيهِمْ وَيَقُولُ أَيْنَ شُرَكَائِيَ الَّذِينَ كُنْتُمْ تُشَاقُّونَ فِيهِمْ ۚ قَالَ الَّذِينَ أُوتُوا الْعِلْمَ إِنَّ الْخِزْيَ الْيَوْمَ وَالسُّوءَ عَلَى الْكَافِرِينَ",
            "37": "الَّذِينَ تَتَوَفَّاهُمُ الْمَلَائِكَةُ ظَالِمِي أَنْفُسِهِمْ ۖ فَأَلْقَوُا السَّلَمَ مَا كُنَّا نَعْمَلُ مِنْ سُوءٍ ۚ بَلَىٰ إِنَّ اللَّهَ عَلِيمٌ بِمَا كُنْتُمْ تَعْمَلُونَ",
            "38": "فَادْخُلُوا أَبْوَابَ جَهَنَّمَ خَالِدِينَ فِيهَا ۖ فَلَبِئْسَ مَثْوَى الْمُتَكَبِّرِينَ",
            "39": "وَقِيلَ لِلَّذِينَ اتَّقَوْا مَاذَا أَنْزَلَ رَبُّكُمْ ۚ قَالُوا خَيْرًا ۗ لِلَّذِينَ أَحْسَنُوا فِي هَٰذِهِ الدُّنْيَا حَسَنَةٌ ۚ وَلَدَارُ الْآخِرَةِ خَيْرٌ ۚ وَلَنِعْمَ دَارُ الْمُتَّقِينَ",
            "40": "جَنَّاتُ عَدْنٍ يَدْخُلُونَهَا تَجْرِي مِنْ تَحْتِهَا الْأَنْهَارُ ۖ لَهُمْ فِيهَا مَا يَشَاءُونَ ۚ كَذَٰلِكَ يَجْزِي اللَّهُ الْمُتَّقِينَ",
            "41": "الَّذِينَ تَتَوَفَّاهُمُ الْمَلَائِكَةُ طَيِّبِينَ ۙ يَقُولُونَ سَلَامٌ عَلَيْكُمُ ادْخُلُوا الْجَنَّةَ بِمَا كُنْتُمْ تَعْمَلُونَ",
            "42": "هَلْ يَنْظُرُونَ إِلَّا أَنْ تَأْتِيَهُمُ الْمَلَائِكَةُ أَوْ يَأْتِيَ أَمْرُ رَبِّكَ ۚ كَذَٰلِكَ فَعَلَ الَّذِينَ مِنْ قَبْلِهِمْ ۚ وَمَا ظَلَمَهُمُ اللَّهُ وَلَٰكِنْ كَانُوا أَنْفُسَهُمْ يَظْلِمُونَ",
            "43": "فَأَصَابَهُمْ سَيِّئَاتُ مَا عَمِلُوا وَحَاقَ بِهِمْ مَا كَانُوا بِهِ يَسْتَهْزِئُونَ",
            "44": "وَقَالَ الَّذِينَ أَشْرَكُوا لَوْ شَاءَ اللَّهُ مَا عَبَدْنَا مِنْ دُونِهِ مِنْ شَيْءٍ نَحْنُ وَلَا آبَاؤُنَا وَلَا حَرَّمْنَا مِنْ دُونِهِ مِنْ شَيْءٍ ۚ كَذَٰلِكَ فَعَلَ الَّذِينَ مِنْ قَبْلِهِمْ ۚ فَهَلْ عَلَى الرُّسُلِ إِلَّا الْبَلَاغُ الْمُبِينُ",
            "45": "وَلَقَدْ بَعَثْنَا فِي كُلِّ أُمَّةٍ رَسُولًا أَنِ اعْبُدُوا اللَّهَ وَاجْتَنِبُوا الطَّاغُوتَ ۖ فَمِنْهُمْ مَنْ هَدَى اللَّهُ وَمِنْهُمْ مَنْ حَقَّتْ عَلَيْهِ الضَّلَالَةُ ۚ فَسِيرُوا فِي الْأَرْضِ فَانْظُرُوا كَيْفَ كَانَ عَاقِبَةُ الْمُكَذِّبِينَ",
            "46": "إِنْ تَحْرِصْ عَلَىٰ هُدَاهُمْ فَإِنَّ اللَّهَ لَا يَهْدِي مَنْ يُضِلُّ ۖ وَمَا لَهُمْ مِنْ نَاصِرِينَ",
            "47": "وَأَقْسَمُوا بِاللَّهِ جَهْدَ أَيْمَانِهِمْ ۙ لَا يَبْعَثُ اللَّهُ مَنْ يَمُوتُ ۚ بَلَىٰ وَعْدًا عَلَيْهِ حَقًّا وَلَٰكِنَّ أَكْثَرَ النَّاسِ لَا يَعْلَمُونَ",
            "48": "لِيُبَيِّنَ لَهُمُ الَّذِي يَخْتَلِفُونَ فِيهِ وَلِيَعْلَمَ الَّذِينَ كَفَرُوا أَنَّهُمْ كَانُوا كَاذِبِينَ",
            "49": "إِنَّمَا قَوْلُنَا لِشَيْءٍ إِذَا أَرَدْنَاهُ أَنْ نَقُولَ لَهُ كُنْ فَيَكُونُ",
            "50": "وَالَّذِينَ هَاجَرُوا فِي اللَّهِ مِنْ بَعْدِ مَا ظُلِمُوا لَنُبَوِّئَنَّهُمْ فِي الدُّنْيَا حَسَنَةً ۖ وَلَأَجْرُ الْآخِرَةِ أَكْبَرُ ۚ لَوْ كَانُوا يَعْلَمُونَ",
            "51": "الَّذِينَ صَبَرُوا وَعَلَىٰ رَبِّهِمْ يَتَوَكَّلُونَ",
            "52": "وَمَا أَرْسَلْنَا مِنْ قَبْلِكَ إِلَّا رِجَالًا نُوحِي إِلَيْهِمْ ۚ فَاسْأَلُوا أَهْلَ الذِّكْرِ إِنْ كُنْتُمْ لَا تَعْلَمُونَ",
            "53": "بِالْبَيِّنَاتِ وَالزُّبُرِ ۗ وَأَنْزَلْنَا إِلَيْكَ الذِّكْرَ لِتُبَيِّنَ لِلنَّاسِ مَا نُزِّلَ إِلَيْهِمْ وَلَعَلَّهُمْ يَتَفَكَّرُونَ",
            "54": "أَفَأَمِنَ الَّذِينَ مَكَرُوا السَّيِّئَاتِ أَنْ يَخْسِفَ اللَّهُ بِهِمُ الْأَرْضَ أَوْ يَأْتِيَهُمُ الْعَذَابُ مِنْ حَيْثُ لَا يَشْعُرُونَ",
            "55": "أَوْ يَأْخُذَهُمْ فِي تَقَلُّبِهِمْ فَمَا هُمْ بِمُعْجِزِينَ",
            "56": "أَوْ يَأْخُذَهُمْ عَلَىٰ تَخَوُّفٍ فَإِنَّ رَبَّكُمْ لَرَءُوفٌ رَحِيمٌ",
            "57": "أَوَلَمْ يَرَوْا إِلَىٰ مَا خَلَقَ اللَّهُ مِنْ شَيْءٍ يَتَفَيَّأُ ظِلَالُهُ عَنِ الْيَمِينِ وَالشَّمَائِلِ سُجَّدًا لِلَّهِ وَهُمْ دَاخِرُونَ",
            "58": "وَلِلَّهِ يَسْجُدُ مَا فِي السَّمَاوَاتِ وَمَا فِي الْأَرْضِ مِنْ دَابَّةٍ وَالْمَلَائِكَةُ وَهُمْ لَا يَسْتَكْبِرُونَ",
            "59": "يَخَافُونَ رَبَّهُمْ مِنْ فَوْقِهِمْ وَيَفْعَلُونَ مَا يُؤْمَرُونَ ۩",
            "60": "وَقَالَ اللَّهُ لَا تَتَّخِذُوا إِلَٰهَيْنِ اثْنَيْنِ ۖ إِنَّمَا هُوَ إِلَٰهٌ وَاحِدٌ ۖ فَإِيَّايَ فَارْهَبُونِ",
            "61": "وَلَهُ مَا فِي السَّمَاوَاتِ وَالْأَرْضِ وَلَهُ الدِّينُ وَاصِبًا ۚ أَفَغَيْرَ اللَّهِ تَتَّقُونَ",
            "62": "وَمَا بِكُمْ مِنْ نِعْمَةٍ فَمِنَ اللَّهِ ۖ ثُمَّ إِذَا مَسَّكُمُ الضُّرُّ فَإِلَيْهِ تَجْأَرُونَ",
            "63": "ثُمَّ إِذَا كَشَفَ الضُّرَّ عَنْكُمْ إِذَا فَرِيقٌ مِنْكُمْ بِرَبِّهِمْ يُشْرِكُونَ",
            "64": "لِيَكْفُرُوا بِمَا آتَيْنَاهُمْ ۚ فَتَمَتَّعُوا ۖ فَسَوْفَ تَعْلَمُونَ",
            "65": "وَيَجْعَلُونَ لِمَا لَا يَعْلَمُونَ نَصِيبًا مِمَّا رَزَقْنَاهُمْ ۗ تَاللَّهِ لَتُسْأَلُنَّ عَمَّا كُنْتُمْ تَفْتَرُونَ",
            "66": "وَيَجْعَلُونَ لِلَّهِ الْبَنَاتِ سُبْحَانَهُ ۙ وَلَهُمْ مَا يَشْتَهُونَ",
            "67": "وَإِذَا بُشِّرَ أَحَدُهُمْ بِالْأُنْثَىٰ ظَلَّ وَجْهُهُ مُسْوَدًّا وَهُوَ كَظِيمٌ",
            "68": "يَتَوَارَىٰ مِنَ الْقَوْمِ مِنْ سُوءِ مَا بُشِّرَ بِهِ ۚ أَيُمْسِكُهُ عَلَىٰ هُونٍ أَمْ يَدُسُّهُ فِي التُّرَابِ ۗ أَلَا سَاءَ مَا يَحْكُمُونَ",
            "69": "لِلَّذِينَ لَا يُؤْمِنُونَ بِالْآخِرَةِ مَثَلُ السَّوْءِ ۖ وَلِلَّهِ الْمَثَلُ الْأَعْلَىٰ ۚ وَهُوَ الْعَزِيزُ الْحَكِيمُ",
            "70": "وَلَوْ يُؤَاخِذُ اللَّهُ النَّاسَ بِظُلْمِهِمْ مَا تَرَكَ عَلَيْهَا مِنْ دَابَّةٍ وَلَٰكِنْ يُؤَخِّرُهُمْ إِلَىٰ أَجَلٍ مُسَمًّى ۖ فَإِذَا جَاءَ أَجَلُهُمْ لَا يَسْتَأْخِرُونَ سَاعَةً ۖ وَلَا يَسْتَقْدِمُونَ",
            "71": "وَيَجْعَلُونَ لِلَّهِ مَا يَكْرَهُونَ وَتَصِفُ أَلْسِنَتُهُمُ الْكَذِبَ أَنَّ لَهُمُ الْحُسْنَىٰ ۖ لَا جَرَمَ أَنَّ لَهُمُ النَّارَ وَأَنَّهُمْ مُفْرَطُونَ",
            "72": "تَاللَّهِ لَقَدْ أَرْسَلْنَا إِلَىٰ أُمَمٍ مِنْ قَبْلِكَ فَزَيَّنَ لَهُمُ الشَّيْطَانُ أَعْمَالَهُمْ فَهُوَ وَلِيُّهُمُ الْيَوْمَ وَلَهُمْ عَذَابٌ أَلِيمٌ",
            "73": "وَمَا أَنْزَلْنَا عَلَيْكَ الْكِتَابَ إِلَّا لِتُبَيِّنَ لَهُمُ الَّذِي اخْتَلَفُوا فِيهِ ۙ وَهُدًى وَرَحْمَةً لِقَوْمٍ يُؤْمِنُونَ",
            "74": "وَاللَّهُ أَنْزَلَ مِنَ السَّمَاءِ مَاءً فَأَحْيَا بِهِ الْأَرْضَ بَعْدَ مَوْتِهَا ۚ إِنَّ فِي ذَٰلِكَ لَآيَةً لِقَوْمٍ يَسْمَعُونَ",
            "75": "وَإِنَّ لَكُمْ فِي الْأَنْعَامِ لَعِبْرَةً ۖ نُسْقِيكُمْ مِمَّا فِي بُطُونِهِ مِنْ بَيْنِ فَرْثٍ وَدَمٍ لَبَنًا خَالِصًا سَائِغًا لِلشَّارِبِينَ",
            "76": "وَمِنْ ثَمَرَاتِ النَّخِيلِ وَالْأَعْنَابِ تَتَّخِذُونَ مِنْهُ سَكَرًا وَرِزْقًا حَسَنًا ۗ إِنَّ فِي ذَٰلِكَ لَآيَةً لِقَوْمٍ يَعْقِلُونَ",
            "77": "وَأَوْحَىٰ رَبُّكَ إِلَى النَّحْلِ أَنِ اتَّخِذِي مِنَ الْجِبَالِ بُيُوتًا وَمِنَ الشَّجَرِ وَمِمَّا يَعْرِشُونَ",
            "78": "ثُمَّ كُلِي مِنْ كُلِّ الثَّمَرَاتِ فَاسْلُكِي سُبُلَ رَبِّكِ ذُلُلًا ۚ يَخْرُجُ مِنْ بُطُونِهَا شَرَابٌ مُخْتَلِفٌ أَلْوَانُهُ فِيهِ شِفَاءٌ لِلنَّاسِ ۗ إِنَّ فِي ذَٰلِكَ لَآيَةً لِقَوْمٍ يَتَفَكَّرُونَ",
            "79": "وَاللَّهُ خَلَقَكُمْ ثُمَّ يَتَوَفَّاكُمْ ۚ وَمِنْكُمْ مَنْ يُرَدُّ إِلَىٰ أَرْذَلِ الْعُمُرِ لِكَيْ لَا يَعْلَمَ بَعْدَ عِلْمٍ شَيْئًا ۚ إِنَّ اللَّهَ عَلِيمٌ قَدِيرٌ",
            "80": "وَاللَّهُ فَضَّلَ بَعْضَكُمْ عَلَىٰ بَعْضٍ فِي الرِّزْقِ ۚ فَمَا الَّذِينَ فُضِّلُوا بِرَادِّي رِزْقِهِمْ عَلَىٰ مَا مَلَكَتْ أَيْمَانُهُمْ فَهُمْ فِيهِ سَوَاءٌ ۚ أَفَبِنِعْمَةِ اللَّهِ يَجْحَدُونَ",
            "81": "وَاللَّهُ جَعَلَ لَكُمْ مِنْ أَنْفُسِكُمْ أَزْوَاجًا وَجَعَلَ لَكُمْ مِنْ أَزْوَاجِكُمْ بَنِينَ وَحَفَدَةً وَرَزَقَكُمْ مِنَ الطَّيِّبَاتِ ۚ أَفَبِالْبَاطِلِ يُؤْمِنُونَ وَبِنِعْمَتِ اللَّهِ هُمْ يَكْفُرُونَ",
            "82": "وَيَعْبُدُونَ مِنْ دُونِ اللَّهِ مَا لَا يَمْلِكُ لَهُمْ رِزْقًا مِنَ السَّمَاوَاتِ وَالْأَرْضِ شَيْئًا وَلَا يَسْتَطِيعُونَ",
            "83": "فَلَا تَضْرِبُوا لِلَّهِ الْأَمْثَالَ ۚ إِنَّ اللَّهَ يَعْلَمُ وَأَنْتُمْ لَا تَعْلَمُونَ",
            "84": "ضَرَبَ اللَّهُ مَثَلًا عَبْدًا مَمْلُوكًا لَا يَقْدِرُ عَلَىٰ شَيْءٍ وَمَنْ رَزَقْنَاهُ مِنَّا رِزْقًا حَسَنًا فَهُوَ يُنْفِقُ مِنْهُ سِرًّا وَجَهْرًا ۖ هَلْ يَسْتَوُونَ ۚ الْحَمْدُ لِلَّهِ ۚ بَلْ أَكْثَرُهُمْ لَا يَعْلَمُونَ",
            "85": "وَضَرَبَ اللَّهُ مَثَلًا رَجُلَيْنِ أَحَدُهُمَا أَبْكَمُ لَا يَقْدِرُ عَلَىٰ شَيْءٍ وَهُوَ كَلٌّ عَلَىٰ مَوْلَاهُ أَيْنَمَا يُوَجِّهْهُ لَا يَأْتِ بِخَيْرٍ ۖ هَلْ يَسْتَوِي هُوَ وَمَنْ يَأْمُرُ بِالْعَدْلِ ۙ وَهُوَ عَلَىٰ صِرَاطٍ مُسْتَقِيمٍ",
            "86": "وَلِلَّهِ غَيْبُ السَّمَاوَاتِ وَالْأَرْضِ ۚ وَمَا أَمْرُ السَّاعَةِ إِلَّا كَلَمْحِ الْبَصَرِ أَوْ هُوَ أَقْرَبُ ۚ إِنَّ اللَّهَ عَلَىٰ كُلِّ شَيْءٍ قَدِيرٌ",
            "87": "وَاللَّهُ أَخْرَجَكُمْ مِنْ بُطُونِ أُمَّهَاتِكُمْ لَا تَعْلَمُونَ شَيْئًا وَجَعَلَ لَكُمُ السَّمْعَ وَالْأَبْصَارَ وَالْأَفْئِدَةَ ۙ لَعَلَّكُمْ تَشْكُرُونَ",
            "88": "أَلَمْ يَرَوْا إِلَى الطَّيْرِ مُسَخَّرَاتٍ فِي جَوِّ السَّمَاءِ مَا يُمْسِكُهُنَّ إِلَّا اللَّهُ ۗ إِنَّ فِي ذَٰلِكَ لَآيَاتٍ لِقَوْمٍ يُؤْمِنُونَ",
            "89": "وَاللَّهُ جَعَلَ لَكُمْ مِنْ بُيُوتِكُمْ سَكَنًا وَجَعَلَ لَكُمْ مِنْ جُلُودِ الْأَنْعَامِ بُيُوتًا تَسْتَخِفُّونَهَا يَوْمَ ظَعْنِكُمْ وَيَوْمَ إِقَامَتِكُمْ ۙ وَمِنْ أَصْوَافِهَا وَأَوْبَارِهَا وَأَشْعَارِهَا أَثَاثًا وَمَتَاعًا إِلَىٰ حِينٍ",
            "90": "وَاللَّهُ جَعَلَ لَكُمْ مِمَّا خَلَقَ ظِلَالًا وَجَعَلَ لَكُمْ مِنَ الْجِبَالِ أَكْنَانًا وَجَعَلَ لَكُمْ سَرَابِيلَ تَقِيكُمُ الْحَرَّ وَسَرَابِيلَ تَقِيكُمْ بَأْسَكُمْ ۚ كَذَٰلِكَ يُتِمُّ نِعْمَتَهُ عَلَيْكُمْ لَعَلَّكُمْ تُسْلِمُونَ",
            "91": "فَإِنْ تَوَلَّوْا فَإِنَّمَا عَلَيْكَ الْبَلَاغُ الْمُبِينُ",
            "92": "يَعْرِفُونَ نِعْمَتَ اللَّهِ ثُمَّ يُنْكِرُونَهَا وَأَكْثَرُهُمُ الْكَافِرُونَ",
            "93": "وَيَوْمَ نَبْعَثُ مِنْ كُلِّ أُمَّةٍ شَهِيدًا ثُمَّ لَا يُؤْذَنُ لِلَّذِينَ كَفَرُوا وَلَا هُمْ يُسْتَعْتَبُونَ",
            "94": "وَإِذَا رَأَى الَّذِينَ ظَلَمُوا الْعَذَابَ فَلَا يُخَفَّفُ عَنْهُمْ وَلَا هُمْ يُنْظَرُونَ",
            "95": "وَإِذَا رَأَى الَّذِينَ أَشْرَكُوا شُرَكَاءَهُمْ قَالُوا رَبَّنَا هَٰؤُلَاءِ شُرَكَاؤُنَا الَّذِينَ كُنَّا نَدْعُو مِنْ دُونِكَ ۖ فَأَلْقَوْا إِلَيْهِمُ الْقَوْلَ إِنَّكُمْ لَكَاذِبُونَ",
            "96": "وَأَلْقَوْا إِلَى اللَّهِ يَوْمَئِذٍ السَّلَمَ ۖ وَضَلَّ عَنْهُمْ مَا كَانُوا يَفْتَرُونَ",
            "97": "الَّذِينَ كَفَرُوا وَصَدُّوا عَنْ سَبِيلِ اللَّهِ زِدْنَاهُمْ عَذَابًا فَوْقَ الْعَذَابِ بِمَا كَانُوا يُفْسِدُونَ",
            "98": "وَيَوْمَ نَبْعَثُ فِي كُلِّ أُمَّةٍ شَهِيدًا عَلَيْهِمْ مِنْ أَنْفُسِهِمْ ۖ وَجِئْنَا بِكَ شَهِيدًا عَلَىٰ هَٰؤُلَاءِ ۚ وَنَزَّلْنَا عَلَيْكَ الْكِتَابَ تِبْيَانًا لِكُلِّ شَيْءٍ وَهُدًى وَرَحْمَةً وَبُشْرَىٰ لِلْمُسْلِمِينَ",
            "99": "إِنَّ اللَّهَ يَأْمُرُ بِالْعَدْلِ وَالْإِحْسَانِ وَإِيتَاءِ ذِي الْقُرْبَىٰ وَيَنْهَىٰ عَنِ الْفَحْشَاءِ وَالْمُنْكَرِ وَالْبَغْيِ ۚ يَعِظُكُمْ لَعَلَّكُمْ تَذَكَّرُونَ",
            "100": "وَأَوْفُوا بِعَهْدِ اللَّهِ إِذَا عَاهَدْتُمْ وَلَا تَنْقُضُوا الْأَيْمَانَ بَعْدَ تَوْكِيدِهَا وَقَدْ جَعَلْتُمُ اللَّهَ عَلَيْكُمْ كَفِيلًا ۚ إِنَّ اللَّهَ يَعْلَمُ مَا تَفْعَلُونَ",
            "101": "وَلَا تَكُونُوا كَالَّتِي نَقَضَتْ غَزْلَهَا مِنْ بَعْدِ قُوَّةٍ أَنْكَاثًا تَتَّخِذُونَ أَيْمَانَكُمْ دَخَلًا بَيْنَكُمْ أَنْ تَكُونَ أُمَّةٌ هِيَ أَرْبَىٰ مِنْ أُمَّةٍ ۚ إِنَّمَا يَبْلُوكُمُ اللَّهُ بِهِ ۚ وَلَيُبَيِّنَنَّ لَكُمْ يَوْمَ الْقِيَامَةِ مَا كُنْتُمْ فِيهِ تَخْتَلِفُونَ",
            "102": "وَلَوْ شَاءَ اللَّهُ لَجَعَلَكُمْ أُمَّةً وَاحِدَةً وَلَٰكِنْ يُضِلُّ مَنْ يَشَاءُ وَيَهْدِي مَنْ يَشَاءُ ۚ وَلَتُسْأَلُنَّ عَمَّا كُنْتُمْ تَعْمَلُونَ",
            "103": "وَلَا تَتَّخِذُوا أَيْمَانَكُمْ دَخَلًا بَيْنَكُمْ فَتَزِلَّ قَدَمٌ بَعْدَ ثُبُوتِهَا وَتَذُوقُوا السُّوءَ بِمَا صَدَدْتُمْ عَنْ سَبِيلِ اللَّهِ ۖ وَلَكُمْ عَذَابٌ عَظِيمٌ",
            "104": "وَلَا تَشْتَرُوا بِعَهْدِ اللَّهِ ثَمَنًا قَلِيلًا ۚ إِنَّمَا عِنْدَ اللَّهِ هُوَ خَيْرٌ لَكُمْ إِنْ كُنْتُمْ تَعْلَمُونَ",
            "105": "مَا عِنْدَكُمْ يَنْفَدُ ۖ وَمَا عِنْدَ اللَّهِ بَاقٍ ۗ وَلَنَجْزِيَنَّ الَّذِينَ صَبَرُوا أَجْرَهُمْ بِأَحْسَنِ مَا كَانُوا يَعْمَلُونَ",
            "106": "مَنْ عَمِلَ صَالِحًا مِنْ ذَكَرٍ أَوْ أُنْثَىٰ وَهُوَ مُؤْمِنٌ فَلَنُحْيِيَنَّهُ حَيَاةً طَيِّبَةً ۖ وَلَنَجْزِيَنَّهُمْ أَجْرَهُمْ بِأَحْسَنِ مَا كَانُوا يَعْمَلُونَ",
            "107": "فَإِذَا قَرَأْتَ الْقُرْآنَ فَاسْتَعِذْ بِاللَّهِ مِنَ الشَّيْطَانِ الرَّجِيمِ",
            "108": "إِنَّهُ لَيْسَ لَهُ سُلْطَانٌ عَلَى الَّذِينَ آمَنُوا وَعَلَىٰ رَبِّهِمْ يَتَوَكَّلُونَ",
            "109": "إِنَّمَا سُلْطَانُهُ عَلَى الَّذِينَ يَتَوَلَّوْنَهُ وَالَّذِينَ هُمْ بِهِ مُشْرِكُونَ",
            "110": "وَإِذَا بَدَّلْنَا آيَةً مَكَانَ آيَةٍ ۙ وَاللَّهُ أَعْلَمُ بِمَا يُنَزِّلُ قَالُوا إِنَّمَا أَنْتَ مُفْتَرٍ ۚ بَلْ أَكْثَرُهُمْ لَا يَعْلَمُونَ",
            "111": "قُلْ نَزَّلَهُ رُوحُ الْقُدُسِ مِنْ رَبِّكَ بِالْحَقِّ لِيُثَبِّتَ الَّذِينَ آمَنُوا وَهُدًى وَبُشْرَىٰ لِلْمُسْلِمِينَ",
            "112": "وَلَقَدْ نَعْلَمُ أَنَّهُمْ يَقُولُونَ إِنَّمَا يُعَلِّمُهُ بَشَرٌ ۗ لِسَانُ الَّذِي يُلْحِدُونَ إِلَيْهِ أَعْجَمِيٌّ وَهَٰذَا لِسَانٌ عَرَبِيٌّ مُبِينٌ",
            "113": "إِنَّ الَّذِينَ لَا يُؤْمِنُونَ بِآيَاتِ اللَّهِ لَا يَهْدِيهِمُ اللَّهُ وَلَهُمْ عَذَابٌ أَلِيمٌ",
            "114": "إِنَّمَا يَفْتَرِي الْكَذِبَ الَّذِينَ لَا يُؤْمِنُونَ بِآيَاتِ اللَّهِ ۖ وَأُولَٰئِكَ هُمُ الْكَاذِبُونَ",
            "115": "مَنْ كَفَرَ بِاللَّهِ مِنْ بَعْدِ إِيمَانِهِ إِلَّا مَنْ أُكْرِهَ وَقَلْبُهُ مُطْمَئِنٌّ بِالْإِيمَانِ وَلَٰكِنْ مَنْ شَرَحَ بِالْكُفْرِ صَدْرًا فَعَلَيْهِمْ غَضَبٌ مِنَ اللَّهِ وَلَهُمْ عَذَابٌ عَظِيمٌ",
            "116": "ذَٰلِكَ بِأَنَّهُمُ اسْتَحَبُّوا الْحَيَاةَ الدُّنْيَا عَلَى الْآخِرَةِ وَأَنَّ اللَّهَ لَا يَهْدِي الْقَوْمَ الْكَافِرِينَ",
            "117": "أُولَٰئِكَ الَّذِينَ طَبَعَ اللَّهُ عَلَىٰ قُلُوبِهِمْ وَسَمْعِهِمْ وَأَبْصَارِهِمْ ۖ وَأُولَٰئِكَ هُمُ الْغَافِلُونَ",
            "118": "لَا جَرَمَ أَنَّهُمْ فِي الْآخِرَةِ هُمُ الْخَاسِرُونَ",
            "119": "ثُمَّ إِنَّ رَبَّكَ لِلَّذِينَ هَاجَرُوا مِنْ بَعْدِ مَا فُتِنُوا ثُمَّ جَاهَدُوا وَصَبَرُوا إِنَّ رَبَّكَ مِنْ بَعْدِهَا لَغَفُورٌ رَحِيمٌ",
            "120": "يَوْمَ تَأْتِي كُلُّ نَفْسٍ تُجَادِلُ عَنْ نَفْسِهَا وَتُوَفَّىٰ كُلُّ نَفْسٍ مَا عَمِلَتْ وَهُمْ لَا يُظْلَمُونَ",
            "121": "وَضَرَبَ اللَّهُ مَثَلًا قَرْيَةً كَانَتْ آمِنَةً مُطْمَئِنَّةً يَأْتِيهَا رِزْقُهَا رَغَدًا مِنْ كُلِّ مَكَانٍ فَكَفَرَتْ بِأَنْعُمِ اللَّهِ فَأَذَاقَهَا اللَّهُ لِبَاسَ الْجُوعِ وَالْخَوْفِ بِمَا كَانُوا يَصْنَعُونَ",
            "122": "وَلَقَدْ جَاءَهُمْ رَسُولٌ مِنْهُمْ فَكَذَّبُوهُ فَأَخَذَهُمُ الْعَذَابُ وَهُمْ ظَالِمُونَ",
            "123": "فَكُلُوا مِمَّا رَزَقَكُمُ اللَّهُ حَلَالًا طَيِّبًا وَاشْكُرُوا نِعْمَتَ اللَّهِ إِنْ كُنْتُمْ إِيَّاهُ تَعْبُدُونَ",
            "124": "إِنَّمَا حَرَّمَ عَلَيْكُمُ الْمَيْتَةَ وَالدَّمَ وَلَحْمَ الْخِنْزِيرِ وَمَا أُهِلَّ لِغَيْرِ اللَّهِ بِهِ ۖ فَمَنِ اضْطُرَّ غَيْرَ بَاغٍ وَلَا عَادٍ فَإِنَّ اللَّهَ غَفُورٌ رَحِيمٌ",
            "125": "وَلَا تَقُولُوا لِمَا تَصِفُ أَلْسِنَتُكُمُ الْكَذِبَ هَٰذَا حَلَالٌ وَهَٰذَا حَرَامٌ لِتَفْتَرُوا عَلَى اللَّهِ الْكَذِبَ ۚ إِنَّ الَّذِينَ يَفْتَرُونَ عَلَى اللَّهِ الْكَذِبَ لَا يُفْلِحُونَ",
            "126": "مَتَاعٌ قَلِيلٌ وَلَهُمْ عَذَابٌ أَلِيمٌ",
            "127": "وَعَلَى الَّذِينَ هَادُوا حَرَّمْنَا مَا قَصَصْنَا عَلَيْكَ مِنْ قَبْلُ ۖ وَمَا ظَلَمْنَاهُمْ وَلَٰكِنْ كَانُوا أَنْفُسَهُمْ يَظْلِمُونَ",
            "128": "ثُمَّ إِنَّ رَبَّكَ لِلَّذِينَ عَمِلُوا السُّوءَ بِجَهَالَةٍ ثُمَّ تَابُوا مِنْ بَعْدِ ذَٰلِكَ وَأَصْلَحُوا إِنَّ رَبَّكَ مِنْ بَعْدِهَا لَغَفُورٌ رَحِيمٌ",
            "129": "إِنَّ إِبْرَاهِيمَ كَانَ أُمَّةً قَانِتًا لِلَّهِ حَنِيفًا وَلَمْ يَكُ مِنَ الْمُشْرِكِينَ",
            "130": "شَاكِرًا لِأَنْعُمِهِ ۚ اجْتَبَاهُ وَهَدَاهُ إِلَىٰ صِرَاطٍ مُسْتَقِيمٍ",
            "131": "وَآتَيْنَاهُ فِي الدُّنْيَا حَسَنَةً ۖ وَإِنَّهُ فِي الْآخِرَةِ لَمِنَ الصَّالِحِينَ",
            "132": "ثُمَّ أَوْحَيْنَا إِلَيْكَ أَنِ اتَّبِعْ مِلَّةَ إِبْرَاهِيمَ حَنِيفًا ۖ وَمَا كَانَ مِنَ الْمُشْرِكِينَ",
            "133": "إِنَّمَا جُعِلَ السَّبْتُ عَلَى الَّذِينَ اخْتَلَفُوا فِيهِ ۚ وَإِنَّ رَبَّكَ لَيَحْكُمُ بَيْنَهُمْ يَوْمَ الْقِيَامَةِ فِيمَا كَانُوا فِيهِ يَخْتَلِفُونَ",
            "134": "ادْعُ إِلَىٰ سَبِيلِ رَبِّكَ بِالْحِكْمَةِ وَالْمَوْعِظَةِ الْحَسَنَةِ ۖ وَجَادِلْهُمْ بِالَّتِي هِيَ أَحْسَنُ ۚ إِنَّ رَبَّكَ هُوَ أَعْلَمُ بِمَنْ ضَلَّ عَنْ سَبِيلِهِ ۖ وَهُوَ أَعْلَمُ بِالْمُهْتَدِينَ",
            "135": "وَإِنْ عَاقَبْتُمْ فَعَاقِبُوا بِمِثْلِ مَا عُوقِبْتُمْ بِهِ ۖ وَلَئِنْ صَبَرْتُمْ لَهُوَ خَيْرٌ لِلصَّابِرِينَ",
            "136": "وَاصْبِرْ وَمَا صَبْرُكَ إِلَّا بِاللَّهِ ۚ وَلَا تَحْزَنْ عَلَيْهِمْ وَلَا تَكُ فِي ضَيْقٍ مِمَّا يَمْكُرُونَ",
            "137": "إِنَّ اللَّهَ مَعَ الَّذِينَ اتَّقَوْا وَالَّذِينَ هُمْ مُحْسِنُونَ"
        },
        "farsi": {
         "10": "\nفرمان حتمی خداوند [در مورد شکست کافران و مشرکان، و عذاب آنان] فرارسیده است، پس خواهان شتاب در آن نباشید! خداوند از آنچه شریک او قرار می دهند پاک تر و برتر است ",
            "11": " به قدرتش فرشتگان را با وحی، به سوی هرکس از بندگانش بخواهد می فرستد که [به مردم] هشدار دهید؛ معبودی جز من نیست، پس از من [اطاعت کنید، و از محرّماتم] بپرهیزید !",
            "12": " آسمان ها و زمین را به درستی و راستی آفرید، از آنچه شریک او قرار می دهند برتر است ",
            "13": " انسان را از نطفه ای [بی ارزش] آفرید، و اینک در برابر ما [با تکیه بر افکار باطلش] مشاجره کنندۀ آشکاری است ",
            "14": " چهارپایان را که در آن ها برای شما [پوششی] گرم کننده، و سودهاست پدید آورد، و از [محصولات گوشتی و لبنی] آن ها می خورید ",
            "15": " و برای شما در آن ها زیبایی [و شکوه] است، آن گاه که شبانگاهان از چراگاه بازشان می گردانید، و هنگامی که صبحگاهان به چراگاهشان می برید ،",
            "16": "\n \nو بارهای سنگینتان را به شهری می برند که جز با مشقّت و سختی به آن نمی رسید، مسلّماً پروردگارتان بسیار مهرورز و مهربان است ",
            "17": " و اسبان و قاطران و خران را [آفرید] تا سوارشان شوید، و زینت و تجمّلی [برایتان] باشد، و چیزهایی [در آینده به عنوان وسیلۀ نقلیه] پدید می آورد که شما به آن آگاه نیستید !",
            "18": " ارائۀ راه راست [که انسان را به سعادت دنیا و آخرت می رساند] فقط بر عهدۀ خداست، برخی از راه ها کژ و منحرف است [که حرکت در آن، شما را از خیر دنیا و آخرت محروم می کند]، اگر [خدا] می خواست همۀ شما را [به اجبار به راه راست] هدایت می کرد ",
            "19": " اوست که برایتان از آسمان، آبی فرستاد که بخشی از آن آشامیدنی است، و از بخشی از آن درخت و گیاه که [دام هایتان را] در آن می چرانید [می روید]",
            "20": " به وسیلۀ آن [آب] برای شما کِشت و زراعت، زیتون، خرما، انگور، و از همۀ میوه جات می رویاند، یقیناً در این [امورِ شگفت انگیزِ طبیعی] برای اهل اندیشه نشانه ای [بر قدرت، ربوبیت و رحمت خدا] است",
            "21": " شب و روز و خورشید و ماه را برای [بهره وری] شما به کار گرفت، و ستارگان هم به فرمانش [برای بهره وری شما] به کار گرفته شده اند، همانا در [وجود] این [امورِ پرمنفعت] نشانه هایی [بر قدرت و ربوبیت و رحمت خدا] برای گروهی است که می اندیشند ",
            "22": " آنچه که در زمین به رنگ های گوناگون برای شما آفرید [جهت بهره وری شما به کار گرفت]، همانا در این [موجودات زمینی] نشانه ای [بر قدرت و ربوبیت و رحمت خدا] برای گروهی است که پند می گیرند ",
            "23": " اوست که دریا را [برای بهره وری شما] به کار گرفت تا از آن گوشت تازه بخورید، و از آن زیور و زینتی که می پوشید استخراج کنید، کشتی ها را در دریا می بینی که آب را [برای جابه جاکردن کالا] می شکافند، [این همه] برای این [است] که جویای احسان و روزی او شوید و در مقام سپاسگزاری اش برآیند!",
            "24": "\n \nو در زمین کوه هایی استوار افکند تا شما را [در حال گردشِ وضعی و انتقالی] نلرزاند، و نهرها و راه هایی را [پدید آورد] تا [به مقاصدتان] راه یابید ",
            "25": " و [برای این که در عبور از بیابان ها و کوه ها سرگردان نشوید] نشانه ها [قرار داد]، و آنان به وسیلۀ ستارگان راهیابی می کنند ",
            "26": " [بر این اساس،] آیا کسی که [همۀ مخلوقات را] می آفریند مانند کسی است که [هیچ چیز] نمی آفریند، [پس بُت پرستی شما بر پایه چه دلیلی است؟] آیا هشیار نمی شوید؟",
            "27": " اگر در مقام شمردن نعمت های خدا برآیید نمی توانید آن ها را بشمارید، بی گمان خداوند بسیار آمرزنده و مهربان است ",
            "28": " خداوند آنچه را پنهان انجام می دهید، و آنچه را آشکارا عمل می کنید می داند ",
            "29": " معبودهایی را که به جای خداوند می خوانید [نه این که] چیزی را نمی آفرینند، بلکه [خودشان] آفریده شده اند ",
            "30": " [آن ها] مردگانی بدون [سابقۀ روحِ] حیاتند، و نمی دانند [پرستندگانشان] چه زمانی برانگیخته می شوند ",
            "31": " معبودتان معبودی یگانه است، پس کسانی که به آخرت ایمان ندارند دل هایشان منکر [حق] است، و [مردمی] مستکبرند ",
            "32": " البته خداوند آنچه را پنهان انجام می دهند، و آنچه را آشکارا عمل می کنند می داند، مسلّماً خداوند مستکبران را دوست ندارد ",
            "33": " چون به آنان گویند: پروردگارتان چه نازل کرده است؟ می گویند: [این قرآن] افسانه های دروغینِ پیشینیان [است]!",
            "34": " [نهایتاً] روز قیامت بار گناهانشان را به طورکامل، و بخشی از بارِ گناهانِ کسانی که از روی جهل و بی دانشی گمراهشان می کنند به دوش می کشند، بدانید بد باری است که به دوش می کشند !",
            "35": " پیشینیان آن ها [به همین صورت] نیرنگ زدند [تا حق را نابود کنند،]پس خداوند بنیانشان را از پایه و اساس برکند، و سقف خانه هایشان از بالای سرشان بر آنان فروریخت، و از جایی که نفهمیدند عذاب به سراغشان آمد ",
            "36": "\n \nسپس [خداوند این توطئه گرانِ ضد دین را] در روز قیامت رسوا و خوارشان می کند، و می گوید: [معبودانی که گمان کردید] شریکان من [در ربوبیتند، همانان] که شما به خاطر آنان [با خداوند و پیامبران و مؤمنان] دشمنی می کردید کجایند؟ [آنان پاسخی ندارند، ولی] کسانی که به آنان دانایی و بصیرت داده شده می گویند: امروز رسوایی و عذاب سهم کافران است ",
            "37": " همان کسانی که وقتی فرشتگان جانشان را می گیرند درحالی که ستمکار بر خود بوده اند، [در آن موقعیتِ سخت] از درِ تسلیم و اطاعت درآمده، می گویند: ما هیچ کار بدی انجام نمی دادیم. [به آنان گویند:] آری [حتماً انجام می دادید]، بی گمان خداوند به آنچه همواره [از روی شرک] انجام می دادید داناست ",
            "38": " بنابراین از درهای دوزخ وارد شوید که در آن جاودانه اید، و به راستی چه بد است جایگاه مستکبران! ",
            "39": " [هنگامی که] به پرهیزگاران گویند: پروردگارتان چه نازل کرده؟ گویند: خیر را، [که قرآنِ هدایتگر است.] برای آنان که نیکی کردند پاداش خوبی در این دنیاست، و سرای آخرت حتماً بهتر است، و سرای پرهیزگاران چه نیکوست ",
            "40": " [همان] بهشت های جاویدانی که در آن وارد می شوند که از زیر [درختان] آن نهرها جاری است، در آن جا هرچه بخواهند برای آنان [فراهم] است، خداوند این گونه، پرهیزگاران را پاداش می دهد ",
            "41": " هم آنان که فرشتگان جانشان را در حالی می گیرند که [از آلودگی های اعتقادی و عملی و اخلاقی] پاکند، [و به ایشان] گویند: امنیت کامل بر شما باد! [اکنون] به پاداش آنچه همواره انجام می دادید به بهشت وارد شوید! ",
            "42": " آیا [مشرکان و کافران] جز این [مسائل را به عنوان محرّک ایمان آوردن به واقعیات مرگ] انتظار دارند که فرشتگان [برای قبض روحشان] به سویشان آیند، یا فرمان پروردگارت [مبنی بر عذابشان] فرارسد؟ پیشینیانِ اینان نیز چنین کردند [و در برابر حق ایستادند]، خداوند [در فرستادن عذاب] به آنان ستم نکرد، بلکه خودشان همواره [با ارتکاب گناه] به خویشتن ستم می کردند ",
            "43": " در نهایت کیفر گناهانی که انجام می دادند، به آنان رسید، و عذابی که همواره مسخره می کردند آنان را احاطه کرد ",
            "44": "\n \nمشرکان گفتند: اگر خدا می خواست نه ما و نه پدرانمان هیچ چیزی جز او را نمی پرستیدیم، و هیچ چیزی را بدون [فرمان] او حرام نمی کردیم. پیشینیان آن ها هم [با اعتقاد به مسلک جبر،] این گونه عمل کردند، آیا بر عهدۀ پیامبران جز رساندن آشکار [پیام وحی] وظیفه ای هست؟",
            "45": " همانا در هر امتی پیامبری فرستادیم [تا اِعلام کند] که خدا را بپرستید، و از [پرستش] طاغوت بپرهیزید! خداوند گروهی از آن امت را [که شایستگی نشان دادند] هدایت کرد، و گروهی [به سبب طغیانشان] گمراهی بر آنان مقرر شد، پس در زمین گردش کنید و با دقت بنگرید که سرانجام منکرانِ [حقایق] چگونه بود!",
            "46": " هرچند بر هدایتشان حریص باشی [هدایت نمی یابند؛ زیرا] خداوند کسانی را که [به سبب عناد و طغیانشان] در گمراهی وانهد هدایت نخواهد کرد، و برای آنان هیچ یاوری نیست [که از گمراهی نجاتشان دهد] ",
            "47": " با سوگندهای سختشان به خداوند سوگند یاد کردند که خداوند کسانی را که می میرند زنده نمی کند. آری [مسلّماً او مردگان را با قدرت بی نهایتش زنده می کند]، [این] وعدۀ حق و درستی بر عهدۀ اوست، ولی بیشتر مردم [از قدرت خداوند] نا آگاهند ",
            "48": " [آری مردگان را زنده می کند] تا آنچه [از حقایقی که انبیا آورده بودند، و] در آن [با ایشان] اختلاف داشتند برای آنان روشن سازد، و کافران بدانند که [در گفتارشان درباره معاد] دروغ می گفتند ",
            "49": " [زنده کردنِ مردگان بر ما دشوار نیست،] فرمان ما به چیزی، چون به [وجود آمدن] آن را بخواهیم، فقط این است که به آن می گوییم: باش! پس بی درنگ موجود می شود ",
            "50": " آنان که بعد از ستم دیدنشان برای [به دست آوردن خشنودی] خدا هجرت کردند، مسلّماً در این دنیا در جایگاه نیکی جایشان می دهیم، و اگر بفهمند پاداش آخرت بزرگ تر است ",
            "51": " [مهاجران] هم آنان[اند] که [در برابر حوادث و مشکلات و پایبندی به دین] شکیبایی کردند، و تنها بر پروردگارشان توکل می کنند ",
            "52": "\n \nپیش از تو [نیز]، جز مردانی که به آنان وحی می کردیم نفرستادیم، [شما ای منکران!] اگر [این واقعیت را] نمی دانید از اهل دانش بپرسید [تا اوصاف پیامبران را برایتان توضیح دهند] ",
            "53": " [آن پیامبران را] با معجزات روشن و کتاب های آسمانی [فرستادیم]، و قرآن را به سوی تو فرستادیم تا برای مردم آنچه را برای [هدایت] آنان فرستاده شده بیان کنی، و [برای] این که [در حقانیت نبوت و قرآن] بیندیشند ",
            "54": " پس آیا آنان که [بر ضد پیامبر و قرآن] نیرنگ های خائنانه به کار گرفتند، ایمنند از این که خداوند آنان را در زمین فرو بَرَد، یا از جایی که نفهمند عذاب به سویشان آید ؟",
            "55": " یا [ایمنند از این که] آنان را وقتی [برای امور دنیایشان] در رفت وآمدند به عذاب بگیرد؟ اینان عاجزکنندۀ [خدا] نیستند [تا بتوانند از دسترس قدرتش بیرون روند] ",
            "56": " یا [ایمنند که] در حال ترس و بیم [به عذاب] دچارشان سازد؟ یقیناً پروردگارتان بسیار مهرورز و مهربان است ",
            "57": " آیا به آنچه خداوند آفریده با دقت نظر نکردند، که سایه هایشان درحالی که فروتنانه برای خدا سجده می کنند، از راست و چپ برمی گردد؟",
            "58": " آنچه در آسمان ها و زمین از جنبندگان و فرشتگان وجود دارد فقط برای خدا سجده می کنند، و سرکشی نمی ورزند ",
            "59": " از پروردگارشان که [حاکمی قدرتمند] بر فراز آنان است بیم دارند، و آنچه را به آن مأمور می شوند انجام می دهند ",
            "60": " [این گفتۀ برحقِ] خدا [است که] فرمود: دو معبود انتخاب نکنید! [این انتخابی خلاف عقل و فطرت است،] جز این نیست که معبود شما معبودی یگانه است، پس تنها از من بترسید! ",
            "61": " آنچه در آسمان ها و زمین است فقط در سیطرۀ مالکیت و فرمانروایی اوست، دینِ استوار ویژۀ اوست، آیا از غیرِ خداوند پروا دارید؟",
            "62": " آنچه از نعمت ها در اختیار شماست از خداست، سپس وقتی آسیبی [چون کمبود اقتصادی و رنج بدنی و روحی] به شما می رسد فریادتان را به تضرع و زاری به درگاه او بلند می کنید ",
            "63": " چون آسیب را از شما برطرف کند گروهی از شما [برخلاف انتظار] به پروردگارشان شرک می ورزند ",
            "64": "\n \nتا نهایتا نسبت به آنچه [از نعمت ها] به آنان داده ایم ناسپاسی کنند، پس [چند روزی از کالای دنیا] برخوردار شوید که به زودی [فرجام زشت خود را] می فهمید",
            "65": " [مشرکان] سهمی از آنچه نصیبشان کرده ایم برای بُت هایی قرار می دهند که [از همه چیز] بی خبرند، [و هیچ کاری از دستشان برنمی آید.] به خداوندِ یکتا سوگند از آنچه همواره افترا می زنید، [که خدا دارای شریک است] یقیناً بازخواست خواهید شد ",
            "66": " دختران را [به عنوان فرزند] ویژۀ خداوند قرار می دهند، او [از توالد و تناسل] منزّه است، ولی برای خودشان آنچه را که [از پسران] تمایل دارند [به عنوان فرزند قرار می دهند]!",
            "67": " چون یکی از آنان را به [تولد] دختر خبر دهند چهره اش [از شدت خشم] سیاه، و [درونش] لبریز از خشم گردد ",
            "68": " از بدی خبری که به او داده اند خود را از قبیله اش پنهان می کند، [و به تردیدِ سختی دچار می شود] که؛ آیا آن [دختر] را با خواری نگه دارد، یا زنده به گورش کند؟ آگاه باشید! [در مورد دختران] بد قضاوت می کنند ",
            "69": " برای کسانی که به آخرت ایمان ندارند صفاتِ زشت [و سیرتِ بد] است، صفات برتر و والا ویژۀ خداست، او توانای شکست ناپذیر و حکیم است ",
            "70": " اگر خداوند [اراده داشت و] که مردم را به سبب ستمشان [بی مهلت] مؤاخذه می کرد، هیچ جنبنده ای را [از انسان و غیر او] در زمین باقی نمی گذاشت، ولی آنان را تا مدتی معین مهلت می دهد، چون اجلشان به سر رسد، نه لحظه ای پس می مانند و نه [لحظه ای] پیش می افتند ",
            "71": " آنچه را [مشرکان] خوش ندارند [چون دختر]، [به عنوان فرزند] ویژۀ خدا قرار می دهند، زبان هایشان دروغ پردازی کرده، [می گویند] که سرانجامِ نیکو برای آنان است. به روشنی ثابت است که آتش برای آنان است، و مسلّماً پیشگامانِ [به سوی دوزخ]اند ",
            "72": " به خداوند یکتا سوگند! پیامبرانی به سوی امت های پیش از تو فرستادیم، پس شیطان کارهای [ناروای] آنان را در نظرشان آراست [تا انجامش برای آنان آسان شود،] امروز همان شیطان سرپرست و یار ایشان است، و برای آنان عذاب دردناکی [مقرر] است ",
            "73": " [این] کتاب را به سویت نفرستادیم مگر برای این که آنچه را [در مورد عقاید و معارف حق] در آن اختلاف دارند، برایشان توضیح دهی [تا آنان را از آرای باطلشان بازگرداند، و از اختلاف در دین حق دست بردارند،] و [این که این کتاب] برای مردم مؤمن [مایۀ] هدایت و رحمت باشد ",
            "74": "\n \nخداوند از آسمان، آبی فرستاد و زمین را به وسیلۀ آن پس از مرده بودنش زنده کرد، یقیناً در این [تغییر و تحول] برای مردمی که شنوا[ی حقایق] هستند نشانه ای [بر قدرت، ربوبیت و رحمت خدا] است",
            "75": " بی تردید برای شما در چهارپایان عبرتی است که از درون شکم آن ها از میان علفِ هضم شده و خون، شیر [پاک و] خالصی به شما می نوشانیم که برای نوشندگان گواراست ",
            "76": " و از میوه های درختان خرما و انگور، گاهی [برخلاف خواست خدا، نوشابه ای] مست کننده [و زیان بار]، و [زمانی] خوراکی [پاکیزه و] نیکو می گیرید، در این [میوه ها] برای گروهی که می اندیشند نشانه ای [بر ربوبیت و رحمت و قدرت خدا] است",
            "77": " پروردگارت به زنبور عسل الهام کرد که: از کوه ها و درختان و آنچه [از داربست ها] که می افرازند [برای خود] خانه هایی بساز !",
            "78": " آن گاه از همۀ محصولات [و میوه ها] بخور، پس در راه های پروردگارت که [به الهامِ او برایت] هموار شده برو! از شکم آن [شهدی] نوشیدنی با رنگ های گوناگون بیرون می آید که برای مردم مایۀ درمان است، مسلّماً در [این امورِ مربوط به زنبور عسل] برای مردمی که تعقل می کنند نشانه ای [بر قدرت، رحمت و ربوبیت خدا] است",
            "79": " خداوند شما را آفرید، سپس می میراند، برخی از شما [پیش از مردن] به سوی پَست ترین مرحلۀ عمر [که سالخوردگی و فرتوتی است] بازگردانده می شوند، تاجایی که پس از دانشی [اندک] که داشتند [با از دست دادن قوای فکری] چیزی ندانند، همانا خداوند دانا و تواناست ",
            "80": " خداوند بعضی از شما را در رزق [و وسایل و ابزار زندگی] بر برخی فزونی داده، ولی آنان که فزونی یافته اند حاضر نیستند از رزق [و وسایل] خود به اندازه ای به بردگانشان بپردازند که [در استفاده از آن] با هم یکسان باشند، آیا [به جای شکرِ نعمت که سهیم کردنِ دیگران در آن است] نعمت خدا را انکار می کنند؟",
            "81": " خداوند از [نوع] خودتان همسرانی برای شما قرار داد، و از همسرانتان فرزندان و نوادگانی پدید آورد، و از نعمت های دلپذیر به شما روزی داد، [با این همه لطف و احسانِ خداوند،] آیا به باطل [که جز فرهنگی ضد خدا نیست] ایمان می آورند، و نعمت های خدا را ناسپاسی می کنند؟!",
            "82": "\n \nو به جای خداوند یکتا معبودانی [از قبیل بُت ها و طاغوت ها را] می پرستند که نه اختیار و نه قدرتِ رساندن هیچ رزقی را از آسمان و زمین برای آنان ندارند",
            "83": " بنابراین خداوند را به اوصافی [مانند اوصاف غیر او] تشبیه نکنید! یقیناً خداوند [کنه ذات و حقیقت اوصاف خود را] می داند، و شما [به آن] نادان هستید ",
            "84": " خداوند [برای فهم شما نسبت به اوصافش و اوصاف غیرِ خود] مَثَلی زده است؛ بردۀ زرخریدی که بر هیچ کاری قدرت ندارد، و کسی که ما رزق نیکویی از سوی خود به او داده ایم و او در پنهان و آشکار از آن انفاق می کند، آیا [این دو] با هم برابرند؟ [چگونه یکسانند درحالی که یکی مملوک و فاقد هر قدرتی، و دیگری مالک و دارای اراده و قدرت است، همۀ ستایش ها ویژۀ خداست،] ولی بیشتر مشرکان نمی دانند [که خداوند در ذات و صفات، مانند هیچ مخلوقی نیست]  ",
            "85": " و خداوند [در این زمینه] مَثَلی [دیگر] زده است؛ دو مرد را که یکی از آنان لالِ مادرزاد [و نهایتاً ناشنوا] است که بر هیچ کاری توانایی ندارد، و [به این سبب] سربار [و نان خورِ] سرپرست خود است، او را هرکجا می فرستد هیچ سودی نمی آورد، آیا [چنین لالِ ناشنوای بی قدرت و بی دانشی] با کسی که [گویا و شنواست، و] به عدالت [نسبت به هر کاری] فرمان می دهد، و بر راهی مستقیم است برابر است؟! [پس چرا خداوند را که دارای اوصاف جمال و جلال است با بُت های بی جان و بدون اثر برابر می دانید؟]",
            "86": " غیب آسمان ها و زمین ویژۀ خداست، و کارِ [برپاکردن] قیامت، [برای او] جز مانند یک چشم برهم زدن یا نزدیک تر [از آن] نیست، مسلّماً خداوند بر هر کاری تواناست ",
            "87": " خداوند شما را از شکم مادرانتان درحالی که چیزی نمی دانستید بیرون آورد، و برای شما [ابزار شناخت چون] گوش و چشم و قلب قرار داد تا [با فراگیری دانشِ لازم و معرفت دینی، و عمل به آن] سپاس گزاری کنید ",
            "88": " آیا به پرندگان که در فضای آسمان مسخّرِ [فرمان خداوند]ند نظر نکردید که آنان را [از سقوط به زمین] کسی جز خداوند نگه نمی دارد؟ یقیناً در این [امر] برای مردمِ مؤمن نشانه هایی [بر قدرت و ربوبیت خدا] است ",
            "89": "\n \nخداوند خانه هایتان را برای شما مایۀ آرامش قرار داد، و برای شما از پوست چهارپایان [چون شتر و گاو و گوسفند،] خیمه هایی پدید آورد که آن را روز کوچ کردن و روز ماندنتان، [در جابه جاکردن] سبُک می یابید، و [به سود شما] از پشم و کرک و موی چهارپایان تا زمانی معین وسایل [زندگی] و کالا[ی تجارت] فراهم آورد ",
            "90": " خداوند برای شما از آنچه آفریده سایه هایی قرار داد، و از کوه ها پناه گاه هایی ساخت، و جامه هایی برای شما پدید آورد که از گرما نگاهتان می دارد، و نیز پیراهن هایی [مقاوم] که شما را از [آسیب] جنگ حفظ می کند، [خداوند] این گونه، نعمت هایش را بر شما تمام می کند تا تسلیم [او] شوید ",
            "91": " پس اگر [بعد از این همه لطف و رحمت،] روی [از حق] گرداندند [اندوه مخور؛ زیرا] فقط رساندن آشکار [پیام وحی] بر عهدۀ توست ",
            "92": " آنان نعمت های خدا را می شناسند، ولی [از روی کبر و غرور] آن را [عملاً] انکار می کنند، و بیشترشان کافرند ",
            "93": " روزی را یاد کن که از هر امتی گواهی [از نیکان و صالحانشان را] برمی انگیزیم [تا به اعمال امت ها گواهی دهند،] آن گاه به کافران نه اجازۀ [عذرخواهی] داده می شود، و نه از آنان می خواهند که برای جلب خشنودی [خداوند] کاری کنند ",
            "94": " چون ستمکاران عذاب را ببینند [درمی یابند که راه گریزی از آن نیست،] پس [به سبب ستمشان] نه عذاب از آنان سبُک می شود، و نه مهلتشان می دهند ",
            "95": " و زمانی که مشرکان [در قیامت] بُت هایشان را [که شریکان خداوند در کارگردانی امورشان قرار داده بودند] ببینند، می گویند: پروردگارا! اینانند شریکانی که ما به جای تو می پرستیدیم، [و مسبّب گمراهی ما بودند.] ولی شریکان به آنان پاسخ می دهند: یقیناً شما دروغگو هستید؛ [زیرا مسبّب گمراهی شما هوای نفس و تکبّر خودتان بود] ",
            "96": " در آن روز [همۀ مشرکان] در برابر خداوند سرتسلیم فرود می آورند، و معبودانی که [به] دروغ [به عنوان شریکانِ خدا بر خدا] می بستند از دستشان می روند ",
            "97": "\n \nکافرانی که [مردم را] از راه خدا بازداشتند، به سبب تبهکاری و فتنه انگیزی [که همواره کارشان بود] عذابی برعذابشان می افزاییم ",
            "98": " [یاد کن] روزی [را] که در هر امتی گواهی از خودشان بر آنان برمی انگیزیم، و تو را [ای پیامبر!] بر این امت گواه می آوریم، و [این] کتاب را برایت فرستادیم که بیانگر هرچیزی، و [مایۀ] هدایت و [عامل] رحمت و بشارت دهنده [به فرجام نیک] برای مسلمانان [واقعی] است",
            "99": " همانا خداوند به عدالت و نیکوکاری و انفاق به خویشاوندان فرمان می دهد، و از هر زشت کاری و ناپسندی، و [هرگونه] تجاوز [از حدود خدا و حقوق مردم] نهی می کند، شما را اندرز می دهد تا متذکر [این مطلب] شوید [که فرمان و نهی خدا به مصلحت دنیا و آخرت شماست] ",
            "100": " به پیمانی که [در رابطه با انجامِ کاری، یا ترک عملی] با خداوند می بندید وفا کنید! و سوگندها را پس از مُحکم کردنشان [به وسیلۀ قصد جدی] نشکنید! درحالی که خداوند را بر خود [در مورد سوگندها] ضامن قرار داده اید، همانا خداوند آنچه را انجام می دهید می داند ",
            "101": " و مانند آن [زنی] که رشتۀ خود را پس از مُحکم تابیدنش نخ به نخ از هم می گسست نباشید، که سوگندهایتان را بین خود به بهانۀ این که گروه مشرکان از گروه مؤمنان [از نظر امکانات] افزون ترند مایۀ خیانت و فساد [نسبت به مؤمنان] قرار داده [از آنان قطع رابطه کرده و به مشرکان بپیوندید]، جز این نیست که خداوند شما را به این [که امکانات مؤمنانْ اندک و امکانات دشمنان بیشتر است] آزمایش می کند، و روز قیامت آنچه را [دربارۀ حق و باطل] که همواره در آن دچار اختلاف بودید برای شما روشن می کند ",
            "102": " اگر خداوند می خواست شما را [به اجبار بر محور هدایت،] یک امت قرار می داد، [ولی هدایتِ اجباری فاقد ارزش است،] اما هرکس را بخواهد [به سبب لجاجت وکبرش] در گمراهی وامی نهد، و هرکه را بخواهد هدایت می کند، مسلّماً از آنچه همواره انجام می دادید بازپرسی خواهید شد ",
            "103": "\n \nسوگندهایتان را بین خود وسیلۀ خیانت و نیرنگ قرار ندهید! تا قدمی پس از استواری اش [بر راه حق] بلغزد، و به سبب آن که [مردم را] از راه خدا بازداشتید [در این دنیا] سختی و بلا بچشید، و برای شما [در آخرت] عذاب بزرگی باشد ",
            "104": " [آن] پیمان [که با] خدا [بسته اید] را به بهایی اندک نفروشید! زیرا آنچه [از بهشت و رضوان] نزد خداست اگر بفهمید برای شما بهتر است،",
            "105": " آنچه [از ثروت و مال و مقام] نزد شماست پایان پذیر و ازدست رفتنی است، و آنچه [از ثواب و رحمت] نزد خداست ماندنی و اَبدی است، مسلّماً به آنان که [برای دینشان و عملِ به آن] صبر کردند، پاداششان را بر پایۀ بهترین عملی که همواره انجام می دادند عطا می کنیم ",
            "106": " هرکس از مرد و زن کار شایسته انجام دهد درحالی که مؤمن باشد یقیناً او را به زندگی دلپذیر و پاکی زنده می داریم، و پاداش همۀ آنان را بر پایۀ بهترین عملی که همواره انجام می دادند خواهیم داد ",
            "107": " هنگامی که [می خواهی] قرآن بخوانی از شیطانِ رانده  شده به خداوند پناه ببر !",
            "108": " یقیناً او بر مؤمنانی که همواره به پروردگارشان توکل می کنند تسلطی ندارد ",
            "109": " تسلطش فقط بر کسانی است که او را سرپرست [و همه کارۀ] خود گرفته اند، و نیز بر گروهی است که [با اغواگری او،] برای خداوند شریک انتخاب می کنند ",
            "110": " چون آیه ای را [که دارای حکم جدیدی است] جایگزین آیۀ دیگر کنیم، درحالی که خداوند به آنچه نازل می کند داناتر است، می گویند: تو فقط دروغ باف هستی! [چنین نیست که می گویند،] بلکه بیشترشان [اَسرار جابه جایی آیات را] نمی فهمند ",
            "111": " بگو: آن را روحُ القُدُس از سوی پروردگارت به حق و درستی نازل کرده تا مؤمنان را [در راه دین] ثابت قدم بدارد، و برای مسلمانان [واقعی مایۀ] هدایت و مژده باشد ",
            "112": "\n \nما می دانیم که [این مخالفانِ لجوج] می گویند: مسلّماً این [قرآن] را بشری [غیرعرب] به او می آموزد! [چنین نیست که می گویند؛ زیرا] زبان آن [غیر عرب] که آموختن قرآن را به او نسبت می دهید مبهم و گنگ است، و این [قرآن به] زبانی گویا و روشن است ",
            "113": " یقیناً کسانی که [به سبب کبر و لجاجتشان] به آیات خداوند ایمان نمی آورند خدا هدایتشان نمی کند، و برای آنان عذاب دردناکی است ",
            "114": " فقط کسانی [به خداوند] دروغ می بندند که به آیات خدا ایمان ندارند، و دروغگویان واقعی اینانند ",
            "115": " کسی که پس از ایمان داشتنش، به خداوند کافر شود [دچار عذاب می گردد،] مگر کسی که [با فشار دشمن] مجبور [به اظهار کفر] شود ولی دلش به [باورهای مبتنی بر] ایمان آرام باشد، اما آنان که برای کفر سینه گشاده اند خشمی سخت از سوی خدا بر آنان است، و عذابی بزرگ خواهند داشت ",
            "116": " این [خشم و عذابِ بزرگ] به سبب آن است که زندگی [زودگذر و پایان یافتنی] دنیا را بر آخرت ترجیح دادند، و یقیناً خداوند مردم کافر را هدایت نمی کند ",
            "117": " اینان کسانی هستند که خدا بر دل و گوش و چشمشان مُهرِ [عدمِ فهم حقایق] زده، و بی خبران واقعی اینانند ",
            "118": " اینان بی گمان در آخرت زیانکار [واقعی] اند ",
            "119": " سپس پروردگارت به کسانی که پس از شکنجه دیدن [طاقت فرسا از مشرکان، سرزمین شرک را رها کرده، به سرزمین اسلام] هجرت کردند، آن گاه به جهاد برخاسته و [برای حفظ دینشان] صبر و شکیبایی ورزیدند، [آگاه باش] که مسلّماً پروردگارت نسبت به آنان پس از این[همه ابتلا و ادای تکالیف،] بسیار آمرزنده و مهربان است ",
            "120": "\n \n روزی [از راه می رسد] که هرکس [به پیشگاه حق] آید [برای مصون ماندنش از عذاب با بهانه های واهی] از خود دفاع می کند، و هرکس هر عملی را [در دنیا] انجام داده [در آن روز عین اعمالش را] به طورکامل [به صورت بهشت یا دوزخ] به او خواهند داد، و [در زمینۀ پاداش و کیفر،] ستمی به آنان نخواهد شد ",
            "121": " خداوند [برای عبرتِ مردم، در این قرآن] شهری را مَثَل زده است که دارای امنیت و آرامش بود، و رزقِ [مردم] آن از همه جا به فراوانی به آن می رسید، پس در برابر نعمت های خدا ناسپاسی کردند، نهایتاً خداوند به کیفر اعمالی که همواره مرتکب می شدند بلای گرسنگی و ترسِ فراگیر را به آنان چشانید ",
            "122": " همانا پیامبری از خودشان برای [هدایت]شان آمد، ولی او را انکار کردند، در نتیجه عذابِ [خدا] همۀ آنان را درحالی که ستمکار بودند فراگرفت",
            "123": " از نعمت هایی که خداوند به شما عطا کرده، حلال و دلپذیر هزینه خود کنید، و اگر فقط او را می پرستید سپاس گزارِ نعمت هایش باشید !",
            "124": " خداوند فقط مُردار، خون، گوشت خوک، و حیوانی را که وقت ذبح کردنش نام غیر خدا را بر او برده اند بر شما حرام کرده، اما کسی که [برای نجات جانش از خطر مرگ به خوردن این حرام ها] ناچار شود، درحالی که خواهان لذت نباشد و [از حد لازم] تجاوز نکند [گناهی بر او نیست؛ زیرا] خداوند بسیار آمرزنده و مهربان است ",
            "125": " به سبب دروغی که به صورت عادت بر زبانتان جاری است نگویید این حلال است، این حرام! تا به خدا دروغ ببندید [که این حلال و حرام حکم خداست]. مسلّماً آنان که به خداوند دروغ می بندند [در هیچ کاری] به پیروزی نمی رسند ",
            "126": " [با این حلال و حرامِ ساختگی، و دروغ بستن به خدا] بهرۀ اندکی [در دنیا دارند]، و در آخرت عذاب دردناکی ویژۀ آنان است ",
            "127": " [علاوه بر حُرمت آنچه در آیات قبل بیان کردیم،] حلال هایی را که پیش تر [در سورۀ انعام] برای تو بیان کردیم بر امت یهود حرام ساختیم، ما به آنان ستم نورزیدیم، بلکه خودشان همواره به خویشتن ستم می کردند",
            "128": "\n \nسپس پروردگارت به آنان که بر اثر جهل [به حقایق، و عدم توجه به عاقبت شوم بدکاری] مرتکب گناه شدند، و بعد از آن [بیدار گشته و] به توبه روی آوردند و [مفاسد خود را] اصلاح کردند [لطف ویژه دارد؛ زیرا] پروردگارت پس از آن بسیار آمرزنده و مهربان است ",
            "129": " بی تردید ابراهیم [به تنهایی] امتی فروتن و مطیع برای خدا، و یکتاپرست بود و از مشرکان نبود",
            "130": " سپاس گزارِ نعمت های او بود، [خداوند] وی را برگزید و به راهی مستقیم هدایتش کرد ",
            "131": " در دنیا به او نیکی ها [و مواهب ویژه] عطا کردیم، و بی تردید در آخرت از شایستگان است ",
            "132": " سپس به تو وحی کردیم که از آیین ابراهیمِ یکتاپرست که از مشرکان نبود پیروی کن! ",
            "133": " [تحریم های] روز شنبه [به عنوان کیفر،] فقط ویژۀ کسانی [یهود] است که در مورد [حرمت و حلیت صید ماهی در] آن [روز] دچار اختلاف شدند، یقیناً پروردگارت روز قیامت دربارۀ آنچه در آن اختلاف کردند داوری خواهد کرد ",
            "134": " [مردم را] با حکمت و دانش، و اندرز نیکو به راه پروردگارت دعوت کن! و با آنان به نیکوترین شیوه به بحث و گفت وگو بپرداز! یقیناً پروردگارت به کسانی که از راه او گمراه شده اند، و نیز به هدایت یافتگان داناتر است ",
            "135": " اگر [خواستید ستمکار را] مجازات کنید فقط به مانند ستمی که بر شما شده به مجازات برسانید! و چنانچه [از مجازات] گذشت کنید این [گذشت، کاری است که] برای شکیبایان بهتر است ",
            "136": " و شکیبایی کن که شکیبایی تو جز به یاری خداوند نیست! و برای [گمراهی] آنان [و کارهای ناروایی که می کنند] اندوهگین مباش! و از نیرنگی که همواره [بر ضد اسلام] به کار می گیرند دلتنگ مباش [؛ زیرا خداوندِ قهار در کمین آنان است] ",
            "137": " بی گمان خداوند با کسانی است که [از او اطاعت کردند، و از محرّماتش] پرهیز داشتند، و نیز با نیکوکاران است "
        }
    }
}