{
    "2": {
        "number": 2,
        "title": "سورة الاسراء",
        "bab": 4,
        "delay": 0,
        "arabic": {
            "1": " سُبْحَانَ الَّذِي أَسْرَىٰ بِعَبْدِهِ لَيْلًا مِنَ الْمَسْجِدِ الْحَرَامِ إِلَى الْمَسْجِدِ الْأَقْصَى الَّذِي بَارَكْنَا حَوْلَهُ لِنُرِيَهُ مِنْ آيَاتِنَا ۚ إِنَّهُ هُوَ السَّمِيعُ الْبَصِيرُ",
            "2": "وَآتَيْنَا مُوسَى الْكِتَابَ وَجَعَلْنَاهُ هُدًى لِبَنِي إِسْرَائِيلَ أَلَّا تَتَّخِذُوا مِنْ دُونِي وَكِيلًا",
            "3": "ذُرِّيَّةَ مَنْ حَمَلْنَا مَعَ نُوحٍ ۚ إِنَّهُ كَانَ عَبْدًا شَكُورًا",
            "4": "وَقَضَيْنَا إِلَىٰ بَنِي إِسْرَائِيلَ فِي الْكِتَابِ لَتُفْسِدُنَّ فِي الْأَرْضِ مَرَّتَيْنِ وَلَتَعْلُنَّ عُلُوًّا كَبِيرًا",
            "5": "فَإِذَا جَاءَ وَعْدُ أُولَاهُمَا بَعَثْنَا عَلَيْكُمْ عِبَادًا لَنَا أُولِي بَأْسٍ شَدِيدٍ فَجَاسُوا خِلَالَ الدِّيَارِ ۚ وَكَانَ وَعْدًا مَفْعُولًا",
            "6": "ثُمَّ رَدَدْنَا لَكُمُ الْكَرَّةَ عَلَيْهِمْ وَأَمْدَدْنَاكُمْ بِأَمْوَالٍ وَبَنِينَ وَجَعَلْنَاكُمْ أَكْثَرَ نَفِيرًا",
            "7": "إِنْ أَحْسَنْتُمْ أَحْسَنْتُمْ لِأَنْفُسِكُمْ ۖ وَإِنْ أَسَأْتُمْ فَلَهَا ۚ فَإِذَا جَاءَ وَعْدُ الْآخِرَةِ لِيَسُوءُوا وُجُوهَكُمْ وَلِيَدْخُلُوا الْمَسْجِدَ كَمَا دَخَلُوهُ أَوَّلَ مَرَّةٍ وَلِيُتَبِّرُوا مَا عَلَوْا تَتْبِيرًا",
            "8": "عَسَىٰ رَبُّكُمْ أَنْ يَرْحَمَكُمْ ۚ وَإِنْ عُدْتُمْ عُدْنَا ۘ وَجَعَلْنَا جَهَنَّمَ لِلْكَافِرِينَ حَصِيرًا",
            "9": "إِنَّ هَٰذَا الْقُرْآنَ يَهْدِي لِلَّتِي هِيَ أَقْوَمُ وَيُبَشِّرُ الْمُؤْمِنِينَ الَّذِينَ يَعْمَلُونَ الصَّالِحَاتِ أَنَّ لَهُمْ أَجْرًا كَبِيرًا",
            "10": "وَأَنَّ الَّذِينَ لَا يُؤْمِنُونَ بِالْآخِرَةِ أَعْتَدْنَا لَهُمْ عَذَابًا أَلِيمًا",
            "11": "وَيَدْعُ الْإِنْسَانُ بِالشَّرِّ دُعَاءَهُ بِالْخَيْرِ ۖ وَكَانَ الْإِنْسَانُ عَجُولًا",
            "12": "وَجَعَلْنَا اللَّيْلَ وَالنَّهَارَ آيَتَيْنِ ۖ فَمَحَوْنَا آيَةَ اللَّيْلِ وَجَعَلْنَا آيَةَ النَّهَارِ مُبْصِرَةً لِتَبْتَغُوا فَضْلًا مِنْ رَبِّكُمْ وَلِتَعْلَمُوا عَدَدَ السِّنِينَ وَالْحِسَابَ ۚ وَكُلَّ شَيْءٍ فَصَّلْنَاهُ تَفْصِيلًا",
            "13": "وَكُلَّ إِنْسَانٍ أَلْزَمْنَاهُ طَائِرَهُ فِي عُنُقِهِ ۖ وَنُخْرِجُ لَهُ يَوْمَ الْقِيَامَةِ كِتَابًا يَلْقَاهُ مَنْشُورًا",
            "14": "اقْرَأْ كِتَابَكَ كَفَىٰ بِنَفْسِكَ الْيَوْمَ عَلَيْكَ حَسِيبًا",
            "15": "مَنِ اهْتَدَىٰ فَإِنَّمَا يَهْتَدِي لِنَفْسِهِ ۖ وَمَنْ ضَلَّ فَإِنَّمَا يَضِلُّ عَلَيْهَا ۚ وَلَا تَزِرُ وَازِرَةٌ وِزْرَ أُخْرَىٰ ۗ وَمَا كُنَّا مُعَذِّبِينَ حَتَّىٰ نَبْعَثَ رَسُولًا",
            "16": "وَإِذَا أَرَدْنَا أَنْ نُهْلِكَ قَرْيَةً أَمَرْنَا مُتْرَفِيهَا فَفَسَقُوا فِيهَا فَحَقَّ عَلَيْهَا الْقَوْلُ فَدَمَّرْنَاهَا تَدْمِيرًا",
            "17": "وَكَمْ أَهْلَكْنَا مِنَ الْقُرُونِ مِنْ بَعْدِ نُوحٍ ۗ وَكَفَىٰ بِرَبِّكَ بِذُنُوبِ عِبَادِهِ خَبِيرًا بَصِيرًا",
            "18": "مَنْ كَانَ يُرِيدُ الْعَاجِلَةَ عَجَّلْنَا لَهُ فِيهَا مَا نَشَاءُ لِمَنْ نُرِيدُ ثُمَّ جَعَلْنَا لَهُ جَهَنَّمَ يَصْلَاهَا مَذْمُومًا مَدْحُورًا",
            "19": "وَمَنْ أَرَادَ الْآخِرَةَ وَسَعَىٰ لَهَا سَعْيَهَا وَهُوَ مُؤْمِنٌ فَأُولَٰئِكَ كَانَ سَعْيُهُمْ مَشْكُورًا",
            "20": "كُلًّا نُمِدُّ هَٰؤُلَاءِ وَهَٰؤُلَاءِ مِنْ عَطَاءِ رَبِّكَ ۚ وَمَا كَانَ عَطَاءُ رَبِّكَ مَحْظُورًا",
            "21": "انْظُرْ كَيْفَ فَضَّلْنَا بَعْضَهُمْ عَلَىٰ بَعْضٍ ۚ وَلَلْآخِرَةُ أَكْبَرُ دَرَجَاتٍ وَأَكْبَرُ تَفْضِيلًا",
            "22": "لَا تَجْعَلْ مَعَ اللَّهِ إِلَٰهًا آخَرَ فَتَقْعُدَ مَذْمُومًا مَخْذُولًا",
            "23": "وَقَضَىٰ رَبُّكَ أَلَّا تَعْبُدُوا إِلَّا إِيَّاهُ وَبِالْوَالِدَيْنِ إِحْسَانًا ۚ إِمَّا يَبْلُغَنَّ عِنْدَكَ الْكِبَرَ أَحَدُهُمَا أَوْ كِلَاهُمَا فَلَا تَقُلْ لَهُمَا أُفٍّ وَلَا تَنْهَرْهُمَا وَقُلْ لَهُمَا قَوْلًا كَرِيمًا",
            "24": "وَاخْفِضْ لَهُمَا جَنَاحَ الذُّلِّ مِنَ الرَّحْمَةِ وَقُلْ رَبِّ ارْحَمْهُمَا كَمَا رَبَّيَانِي صَغِيرًا",
            "25": "رَبُّكُمْ أَعْلَمُ بِمَا فِي نُفُوسِكُمْ ۚ إِنْ تَكُونُوا صَالِحِينَ فَإِنَّهُ كَانَ لِلْأَوَّابِينَ غَفُورًا",
            "26": "وَآتِ ذَا الْقُرْبَىٰ حَقَّهُ وَالْمِسْكِينَ وَابْنَ السَّبِيلِ وَلَا تُبَذِّرْ تَبْذِيرًا",
            "27": "إِنَّ الْمُبَذِّرِينَ كَانُوا إِخْوَانَ الشَّيَاطِينِ ۖ وَكَانَ الشَّيْطَانُ لِرَبِّهِ كَفُورًا",
            "28": "وَإِمَّا تُعْرِضَنَّ عَنْهُمُ ابْتِغَاءَ رَحْمَةٍ مِنْ رَبِّكَ تَرْجُوهَا فَقُلْ لَهُمْ قَوْلًا مَيْسُورًا",
            "29": "وَلَا تَجْعَلْ يَدَكَ مَغْلُولَةً إِلَىٰ عُنُقِكَ وَلَا تَبْسُطْهَا كُلَّ الْبَسْطِ فَتَقْعُدَ مَلُومًا مَحْسُورًا",
            "30": "إِنَّ رَبَّكَ يَبْسُطُ الرِّزْقَ لِمَنْ يَشَاءُ وَيَقْدِرُ ۚ إِنَّهُ كَانَ بِعِبَادِهِ خَبِيرًا بَصِيرًا",
            "31": "وَلَا تَقْتُلُوا أَوْلَادَكُمْ خَشْيَةَ إِمْلَاقٍ ۖ نَحْنُ نَرْزُقُهُمْ وَإِيَّاكُمْ ۚ إِنَّ قَتْلَهُمْ كَانَ خِطْئًا كَبِيرًا",
            "32": "وَلَا تَقْرَبُوا الزِّنَا ۖ إِنَّهُ كَانَ فَاحِشَةً وَسَاءَ سَبِيلًا",
            "33": "وَلَا تَقْتُلُوا النَّفْسَ الَّتِي حَرَّمَ اللَّهُ إِلَّا بِالْحَقِّ ۗ وَمَنْ قُتِلَ مَظْلُومًا فَقَدْ جَعَلْنَا لِوَلِيِّهِ سُلْطَانًا فَلَا يُسْرِفْ فِي الْقَتْلِ ۖ إِنَّهُ كَانَ مَنْصُورًا",
            "34": "وَلَا تَقْرَبُوا مَالَ الْيَتِيمِ إِلَّا بِالَّتِي هِيَ أَحْسَنُ حَتَّىٰ يَبْلُغَ أَشُدَّهُ ۚ وَأَوْفُوا بِالْعَهْدِ ۖ إِنَّ الْعَهْدَ كَانَ مَسْئُولًا",
            "35": "وَأَوْفُوا الْكَيْلَ إِذَا كِلْتُمْ وَزِنُوا بِالْقِسْطَاسِ الْمُسْتَقِيمِ ۚ ذَٰلِكَ خَيْرٌ وَأَحْسَنُ تَأْوِيلًا",
            "36": "وَلَا تَقْفُ مَا لَيْسَ لَكَ بِهِ عِلْمٌ ۚ إِنَّ السَّمْعَ وَالْبَصَرَ وَالْفُؤَادَ كُلُّ أُولَٰئِكَ كَانَ عَنْهُ مَسْئُولًا",
            "37": "وَلَا تَمْشِ فِي الْأَرْضِ مَرَحًا ۖ إِنَّكَ لَنْ تَخْرِقَ الْأَرْضَ وَلَنْ تَبْلُغَ الْجِبَالَ طُولًا",
            "38": "كُلُّ ذَٰلِكَ كَانَ سَيِّئُهُ عِنْدَ رَبِّكَ مَكْرُوهًا",
            "39": "ذَٰلِكَ مِمَّا أَوْحَىٰ إِلَيْكَ رَبُّكَ مِنَ الْحِكْمَةِ ۗ وَلَا تَجْعَلْ مَعَ اللَّهِ إِلَٰهًا آخَرَ فَتُلْقَىٰ فِي جَهَنَّمَ مَلُومًا مَدْحُورًا",
            "40": "أَفَأَصْفَاكُمْ رَبُّكُمْ بِالْبَنِينَ وَاتَّخَذَ مِنَ الْمَلَائِكَةِ إِنَاثًا ۚ إِنَّكُمْ لَتَقُولُونَ قَوْلًا عَظِيمًا",
            "41": "وَلَقَدْ صَرَّفْنَا فِي هَٰذَا الْقُرْآنِ لِيَذَّكَّرُوا وَمَا يَزِيدُهُمْ إِلَّا نُفُورًا",
            "42": "قُلْ لَوْ كَانَ مَعَهُ آلِهَةٌ كَمَا يَقُولُونَ إِذًا لَابْتَغَوْا إِلَىٰ ذِي الْعَرْشِ سَبِيلًا",
            "43": "سُبْحَانَهُ وَتَعَالَىٰ عَمَّا يَقُولُونَ عُلُوًّا كَبِيرًا",
            "44": "تُسَبِّحُ لَهُ السَّمَاوَاتُ السَّبْعُ وَالْأَرْضُ وَمَنْ فِيهِنَّ ۚ وَإِنْ مِنْ شَيْءٍ إِلَّا يُسَبِّحُ بِحَمْدِهِ وَلَٰكِنْ لَا تَفْقَهُونَ تَسْبِيحَهُمْ ۗ إِنَّهُ كَانَ حَلِيمًا غَفُورًا",
            "45": "وَإِذَا قَرَأْتَ الْقُرْآنَ جَعَلْنَا بَيْنَكَ وَبَيْنَ الَّذِينَ لَا يُؤْمِنُونَ بِالْآخِرَةِ حِجَابًا مَسْتُورًا",
            "46": "وَجَعَلْنَا عَلَىٰ قُلُوبِهِمْ أَكِنَّةً أَنْ يَفْقَهُوهُ وَفِي آذَانِهِمْ وَقْرًا ۚ وَإِذَا ذَكَرْتَ رَبَّكَ فِي الْقُرْآنِ وَحْدَهُ وَلَّوْا عَلَىٰ أَدْبَارِهِمْ نُفُورًا",
            "47": "نَحْنُ أَعْلَمُ بِمَا يَسْتَمِعُونَ بِهِ إِذْ يَسْتَمِعُونَ إِلَيْكَ وَإِذْ هُمْ نَجْوَىٰ إِذْ يَقُولُ الظَّالِمُونَ إِنْ تَتَّبِعُونَ إِلَّا رَجُلًا مَسْحُورًا",
            "48": "انْظُرْ كَيْفَ ضَرَبُوا لَكَ الْأَمْثَالَ فَضَلُّوا فَلَا يَسْتَطِيعُونَ سَبِيلًا",
            "49": "وَقَالُوا أَإِذَا كُنَّا عِظَامًا وَرُفَاتًا أَإِنَّا لَمَبْعُوثُونَ خَلْقًا جَدِيدًا",
            "50": "قُلْ كُونُوا حِجَارَةً أَوْ حَدِيدًا",
            "51": "أَوْ خَلْقًا مِمَّا يَكْبُرُ فِي صُدُورِكُمْ ۚ فَسَيَقُولُونَ مَنْ يُعِيدُنَا ۖ قُلِ الَّذِي فَطَرَكُمْ أَوَّلَ مَرَّةٍ ۚ فَسَيُنْغِضُونَ إِلَيْكَ رُءُوسَهُمْ وَيَقُولُونَ مَتَىٰ هُوَ ۖ قُلْ عَسَىٰ أَنْ يَكُونَ قَرِيبًا",
            "52": "يَوْمَ يَدْعُوكُمْ فَتَسْتَجِيبُونَ بِحَمْدِهِ وَتَظُنُّونَ إِنْ لَبِثْتُمْ إِلَّا قَلِيلًا",
            "53": "وَقُلْ لِعِبَادِي يَقُولُوا الَّتِي هِيَ أَحْسَنُ ۚ إِنَّ الشَّيْطَانَ يَنْزَغُ بَيْنَهُمْ ۚ إِنَّ الشَّيْطَانَ كَانَ لِلْإِنْسَانِ عَدُوًّا مُبِينًا",
            "54": "رَبُّكُمْ أَعْلَمُ بِكُمْ ۖ إِنْ يَشَأْ يَرْحَمْكُمْ أَوْ إِنْ يَشَأْ يُعَذِّبْكُمْ ۚ وَمَا أَرْسَلْنَاكَ عَلَيْهِمْ وَكِيلًا",
            "55": "وَرَبُّكَ أَعْلَمُ بِمَنْ فِي السَّمَاوَاتِ وَالْأَرْضِ ۗ وَلَقَدْ فَضَّلْنَا بَعْضَ النَّبِيِّينَ عَلَىٰ بَعْضٍ ۖ وَآتَيْنَا دَاوُودَ زَبُورًا",
            "56": "قُلِ ادْعُوا الَّذِينَ زَعَمْتُمْ مِنْ دُونِهِ فَلَا يَمْلِكُونَ كَشْفَ الضُّرِّ عَنْكُمْ وَلَا تَحْوِيلًا",
            "57": "أُولَٰئِكَ الَّذِينَ يَدْعُونَ يَبْتَغُونَ إِلَىٰ رَبِّهِمُ الْوَسِيلَةَ أَيُّهُمْ أَقْرَبُ وَيَرْجُونَ رَحْمَتَهُ وَيَخَافُونَ عَذَابَهُ ۚ إِنَّ عَذَابَ رَبِّكَ كَانَ مَحْذُورًا",
            "58": "وَإِنْ مِنْ قَرْيَةٍ إِلَّا نَحْنُ مُهْلِكُوهَا قَبْلَ يَوْمِ الْقِيَامَةِ أَوْ مُعَذِّبُوهَا عَذَابًا شَدِيدًا ۚ كَانَ ذَٰلِكَ فِي الْكِتَابِ مَسْطُورًا",
            "59": "وَمَا مَنَعَنَا أَنْ نُرْسِلَ بِالْآيَاتِ إِلَّا أَنْ كَذَّبَ بِهَا الْأَوَّلُونَ ۚ وَآتَيْنَا ثَمُودَ النَّاقَةَ مُبْصِرَةً فَظَلَمُوا بِهَا ۚ وَمَا نُرْسِلُ بِالْآيَاتِ إِلَّا تَخْوِيفًا",
            "60": "وَإِذْ قُلْنَا لَكَ إِنَّ رَبَّكَ أَحَاطَ بِالنَّاسِ ۚ وَمَا جَعَلْنَا الرُّؤْيَا الَّتِي أَرَيْنَاكَ إِلَّا فِتْنَةً لِلنَّاسِ وَالشَّجَرَةَ الْمَلْعُونَةَ فِي الْقُرْآنِ ۚ وَنُخَوِّفُهُمْ فَمَا يَزِيدُهُمْ إِلَّا طُغْيَانًا كَبِيرًا",
            "61": "وَإِذْ قُلْنَا لِلْمَلَائِكَةِ اسْجُدُوا لِآدَمَ فَسَجَدُوا إِلَّا إِبْلِيسَ قَالَ أَأَسْجُدُ لِمَنْ خَلَقْتَ طِينًا",
            "62": "قَالَ أَرَأَيْتَكَ هَٰذَا الَّذِي كَرَّمْتَ عَلَيَّ لَئِنْ أَخَّرْتَنِ إِلَىٰ يَوْمِ الْقِيَامَةِ لَأَحْتَنِكَنَّ ذُرِّيَّتَهُ إِلَّا قَلِيلًا",
            "63": "قَالَ اذْهَبْ فَمَنْ تَبِعَكَ مِنْهُمْ فَإِنَّ جَهَنَّمَ جَزَاؤُكُمْ جَزَاءً مَوْفُورًا",
            "64": "وَاسْتَفْزِزْ مَنِ اسْتَطَعْتَ مِنْهُمْ بِصَوْتِكَ وَأَجْلِبْ عَلَيْهِمْ بِخَيْلِكَ وَرَجِلِكَ وَشَارِكْهُمْ فِي الْأَمْوَالِ وَالْأَوْلَادِ وَعِدْهُمْ ۚ وَمَا يَعِدُهُمُ الشَّيْطَانُ إِلَّا غُرُورًا",
            "65": "إِنَّ عِبَادِي لَيْسَ لَكَ عَلَيْهِمْ سُلْطَانٌ ۚ وَكَفَىٰ بِرَبِّكَ وَكِيلًا",
            "66": "رَبُّكُمُ الَّذِي يُزْجِي لَكُمُ الْفُلْكَ فِي الْبَحْرِ لِتَبْتَغُوا مِنْ فَضْلِهِ ۚ إِنَّهُ كَانَ بِكُمْ رَحِيمًا",
            "67": "وَإِذَا مَسَّكُمُ الضُّرُّ فِي الْبَحْرِ ضَلَّ مَنْ تَدْعُونَ إِلَّا إِيَّاهُ ۖ فَلَمَّا نَجَّاكُمْ إِلَى الْبَرِّ أَعْرَضْتُمْ ۚ وَكَانَ الْإِنْسَانُ كَفُورًا",
            "68": "أَفَأَمِنْتُمْ أَنْ يَخْسِفَ بِكُمْ جَانِبَ الْبَرِّ أَوْ يُرْسِلَ عَلَيْكُمْ حَاصِبًا ثُمَّ لَا تَجِدُوا لَكُمْ وَكِيلًا",
            "69": "أَمْ أَمِنْتُمْ أَنْ يُعِيدَكُمْ فِيهِ تَارَةً أُخْرَىٰ فَيُرْسِلَ عَلَيْكُمْ قَاصِفًا مِنَ الرِّيحِ فَيُغْرِقَكُمْ بِمَا كَفَرْتُمْ ۙ ثُمَّ لَا تَجِدُوا لَكُمْ عَلَيْنَا بِهِ تَبِيعًا",
            "70": "وَلَقَدْ كَرَّمْنَا بَنِي آدَمَ وَحَمَلْنَاهُمْ فِي الْبَرِّ وَالْبَحْرِ وَرَزَقْنَاهُمْ مِنَ الطَّيِّبَاتِ وَفَضَّلْنَاهُمْ عَلَىٰ كَثِيرٍ مِمَّنْ خَلَقْنَا تَفْضِيلًا",
            "71": "يَوْمَ نَدْعُو كُلَّ أُنَاسٍ بِإِمَامِهِمْ ۖ فَمَنْ أُوتِيَ كِتَابَهُ بِيَمِينِهِ فَأُولَٰئِكَ يَقْرَءُونَ كِتَابَهُمْ وَلَا يُظْلَمُونَ فَتِيلًا",
            "72": "وَمَنْ كَانَ فِي هَٰذِهِ أَعْمَىٰ فَهُوَ فِي الْآخِرَةِ أَعْمَىٰ وَأَضَلُّ سَبِيلًا",
            "73": "وَإِنْ كَادُوا لَيَفْتِنُونَكَ عَنِ الَّذِي أَوْحَيْنَا إِلَيْكَ لِتَفْتَرِيَ عَلَيْنَا غَيْرَهُ ۖ وَإِذًا لَاتَّخَذُوكَ خَلِيلًا",
            "74": "وَلَوْلَا أَنْ ثَبَّتْنَاكَ لَقَدْ كِدْتَ تَرْكَنُ إِلَيْهِمْ شَيْئًا قَلِيلًا",
            "75": "إِذًا لَأَذَقْنَاكَ ضِعْفَ الْحَيَاةِ وَضِعْفَ الْمَمَاتِ ثُمَّ لَا تَجِدُ لَكَ عَلَيْنَا نَصِيرًا",
            "76": "وَإِنْ كَادُوا لَيَسْتَفِزُّونَكَ مِنَ الْأَرْضِ لِيُخْرِجُوكَ مِنْهَا ۖ وَإِذًا لَا يَلْبَثُونَ خِلَافَكَ إِلَّا قَلِيلًا",
            "77": "سُنَّةَ مَنْ قَدْ أَرْسَلْنَا قَبْلَكَ مِنْ رُسُلِنَا ۖ وَلَا تَجِدُ لِسُنَّتِنَا تَحْوِيلًا",
            "78": "أَقِمِ الصَّلَاةَ لِدُلُوكِ الشَّمْسِ إِلَىٰ غَسَقِ اللَّيْلِ وَقُرْآنَ الْفَجْرِ ۖ إِنَّ قُرْآنَ الْفَجْرِ كَانَ مَشْهُودًا",
            "79": "وَمِنَ اللَّيْلِ فَتَهَجَّدْ بِهِ نَافِلَةً لَكَ عَسَىٰ أَنْ يَبْعَثَكَ رَبُّكَ مَقَامًا مَحْمُودًا",
            "80": "وَقُلْ رَبِّ أَدْخِلْنِي مُدْخَلَ صِدْقٍ وَأَخْرِجْنِي مُخْرَجَ صِدْقٍ وَاجْعَلْ لِي مِنْ لَدُنْكَ سُلْطَانًا نَصِيرًا",
            "81": "وَقُلْ جَاءَ الْحَقُّ وَزَهَقَ الْبَاطِلُ ۚ إِنَّ الْبَاطِلَ كَانَ زَهُوقًا",
            "82": "وَنُنَزِّلُ مِنَ الْقُرْآنِ مَا هُوَ شِفَاءٌ وَرَحْمَةٌ لِلْمُؤْمِنِينَ ۙ وَلَا يَزِيدُ الظَّالِمِينَ إِلَّا خَسَارًا",
            "83": "وَإِذَا أَنْعَمْنَا عَلَى الْإِنْسَانِ أَعْرَضَ وَنَأَىٰ بِجَانِبِهِ ۖ وَإِذَا مَسَّهُ الشَّرُّ كَانَ يَئُوسًا",
            "84": "قُلْ كُلٌّ يَعْمَلُ عَلَىٰ شَاكِلَتِهِ فَرَبُّكُمْ أَعْلَمُ بِمَنْ هُوَ أَهْدَىٰ سَبِيلًا",
            "85": "وَيَسْأَلُونَكَ عَنِ الرُّوحِ ۖ قُلِ الرُّوحُ مِنْ أَمْرِ رَبِّي وَمَا أُوتِيتُمْ مِنَ الْعِلْمِ إِلَّا قَلِيلًا",
            "86": "وَلَئِنْ شِئْنَا لَنَذْهَبَنَّ بِالَّذِي أَوْحَيْنَا إِلَيْكَ ثُمَّ لَا تَجِدُ لَكَ بِهِ عَلَيْنَا وَكِيلًا",
            "87": "إِلَّا رَحْمَةً مِنْ رَبِّكَ ۚ إِنَّ فَضْلَهُ كَانَ عَلَيْكَ كَبِيرًا",
            "88": "قُلْ لَئِنِ اجْتَمَعَتِ الْإِنْسُ وَالْجِنُّ عَلَىٰ أَنْ يَأْتُوا بِمِثْلِ هَٰذَا الْقُرْآنِ لَا يَأْتُونَ بِمِثْلِهِ وَلَوْ كَانَ بَعْضُهُمْ لِبَعْضٍ ظَهِيرًا",
            "89": "وَلَقَدْ صَرَّفْنَا لِلنَّاسِ فِي هَٰذَا الْقُرْآنِ مِنْ كُلِّ مَثَلٍ فَأَبَىٰ أَكْثَرُ النَّاسِ إِلَّا كُفُورًا",
            "90": "وَقَالُوا لَنْ نُؤْمِنَ لَكَ حَتَّىٰ تَفْجُرَ لَنَا مِنَ الْأَرْضِ يَنْبُوعًا",
            "91": "أَوْ تَكُونَ لَكَ جَنَّةٌ مِنْ نَخِيلٍ وَعِنَبٍ فَتُفَجِّرَ الْأَنْهَارَ خِلَالَهَا تَفْجِيرًا",
            "92": "أَوْ تُسْقِطَ السَّمَاءَ كَمَا زَعَمْتَ عَلَيْنَا كِسَفًا أَوْ تَأْتِيَ بِاللَّهِ وَالْمَلَائِكَةِ قَبِيلًا",
            "93": "أَوْ يَكُونَ لَكَ بَيْتٌ مِنْ زُخْرُفٍ أَوْ تَرْقَىٰ فِي السَّمَاءِ وَلَنْ نُؤْمِنَ لِرُقِيِّكَ حَتَّىٰ تُنَزِّلَ عَلَيْنَا كِتَابًا نَقْرَؤُهُ ۗ قُلْ سُبْحَانَ رَبِّي هَلْ كُنْتُ إِلَّا بَشَرًا رَسُولًا",
            "94": "وَمَا مَنَعَ النَّاسَ أَنْ يُؤْمِنُوا إِذْ جَاءَهُمُ الْهُدَىٰ إِلَّا أَنْ قَالُوا أَبَعَثَ اللَّهُ بَشَرًا رَسُولًا",
            "95": "قُلْ لَوْ كَانَ فِي الْأَرْضِ مَلَائِكَةٌ يَمْشُونَ مُطْمَئِنِّينَ لَنَزَّلْنَا عَلَيْهِمْ مِنَ السَّمَاءِ مَلَكًا رَسُولًا",
            "96": "قُلْ كَفَىٰ بِاللَّهِ شَهِيدًا بَيْنِي وَبَيْنَكُمْ ۚ إِنَّهُ كَانَ بِعِبَادِهِ خَبِيرًا بَصِيرًا",
            "97": "وَمَنْ يَهْدِ اللَّهُ فَهُوَ الْمُهْتَدِ ۖ وَمَنْ يُضْلِلْ فَلَنْ تَجِدَ لَهُمْ أَوْلِيَاءَ مِنْ دُونِهِ ۖ وَنَحْشُرُهُمْ يَوْمَ الْقِيَامَةِ عَلَىٰ وُجُوهِهِمْ عُمْيًا وَبُكْمًا وَصُمًّا ۖ مَأْوَاهُمْ جَهَنَّمُ ۖ كُلَّمَا خَبَتْ زِدْنَاهُمْ سَعِيرًا",
            "98": "ذَٰلِكَ جَزَاؤُهُمْ بِأَنَّهُمْ كَفَرُوا بِآيَاتِنَا وَقَالُوا أَإِذَا كُنَّا عِظَامًا وَرُفَاتًا أَإِنَّا لَمَبْعُوثُونَ خَلْقًا جَدِيدًا",
            "99": "أَوَلَمْ يَرَوْا أَنَّ اللَّهَ الَّذِي خَلَقَ السَّمَاوَاتِ وَالْأَرْضَ قَادِرٌ عَلَىٰ أَنْ يَخْلُقَ مِثْلَهُمْ وَجَعَلَ لَهُمْ أَجَلًا لَا رَيْبَ فِيهِ فَأَبَى الظَّالِمُونَ إِلَّا كُفُورًا",
            "100": "قُلْ لَوْ أَنْتُمْ تَمْلِكُونَ خَزَائِنَ رَحْمَةِ رَبِّي إِذًا لَأَمْسَكْتُمْ خَشْيَةَ الْإِنْفَاقِ ۚ وَكَانَ الْإِنْسَانُ قَتُورًا",
            "101": "وَلَقَدْ آتَيْنَا مُوسَىٰ تِسْعَ آيَاتٍ بَيِّنَاتٍ ۖ فَاسْأَلْ بَنِي إِسْرَائِيلَ إِذْ جَاءَهُمْ فَقَالَ لَهُ فِرْعَوْنُ إِنِّي لَأَظُنُّكَ يَا مُوسَىٰ مَسْحُورًا",
            "102": "قَالَ لَقَدْ عَلِمْتَ مَا أَنْزَلَ هَٰؤُلَاءِ إِلَّا رَبُّ السَّمَاوَاتِ وَالْأَرْضِ بَصَائِرَ وَإِنِّي لَأَظُنُّكَ يَا فِرْعَوْنُ مَثْبُورًا",
            "103": "فَأَرَادَ أَنْ يَسْتَفِزَّهُمْ مِنَ الْأَرْضِ فَأَغْرَقْنَاهُ وَمَنْ مَعَهُ جَمِيعًا",
            "104": "وَقُلْنَا مِنْ بَعْدِهِ لِبَنِي إِسْرَائِيلَ اسْكُنُوا الْأَرْضَ فَإِذَا جَاءَ وَعْدُ الْآخِرَةِ جِئْنَا بِكُمْ لَفِيفًا",
            "105": "وَبِالْحَقِّ أَنْزَلْنَاهُ وَبِالْحَقِّ نَزَلَ ۗ وَمَا أَرْسَلْنَاكَ إِلَّا مُبَشِّرًا وَنَذِيرًا",
            "106": "وَقُرْآنًا فَرَقْنَاهُ لِتَقْرَأَهُ عَلَى النَّاسِ عَلَىٰ مُكْثٍ وَنَزَّلْنَاهُ تَنْزِيلًا",
            "107": "قُلْ آمِنُوا بِهِ أَوْ لَا تُؤْمِنُوا ۚ إِنَّ الَّذِينَ أُوتُوا الْعِلْمَ مِنْ قَبْلِهِ إِذَا يُتْلَىٰ عَلَيْهِمْ يَخِرُّونَ لِلْأَذْقَانِ سُجَّدًا",
            "108": "وَيَقُولُونَ سُبْحَانَ رَبِّنَا إِنْ كَانَ وَعْدُ رَبِّنَا لَمَفْعُولًا",
            "109": "وَيَخِرُّونَ لِلْأَذْقَانِ يَبْكُونَ وَيَزِيدُهُمْ خُشُوعًا ۩",
            "110": "قُلِ ادْعُوا اللَّهَ أَوِ ادْعُوا الرَّحْمَٰنَ ۖ أَيًّا مَا تَدْعُوا فَلَهُ الْأَسْمَاءُ الْحُسْنَىٰ ۚ وَلَا تَجْهَرْ بِصَلَاتِكَ وَلَا تُخَافِتْ بِهَا وَابْتَغِ بَيْنَ ذَٰلِكَ سَبِيلًا",
            "111": "وَقُلِ الْحَمْدُ لِلَّهِ الَّذِي لَمْ يَتَّخِذْ وَلَدًا وَلَمْ يَكُنْ لَهُ شَرِيكٌ فِي الْمُلْكِ وَلَمْ يَكُنْ لَهُ وَلِيٌّ مِنَ الذُّلِّ ۖ وَكَبِّرْهُ تَكْبِيرًا"
        },
        "farsi": {
            "1": "\n[از هر عیب و نقصی] پاک است آن [خداوندی] که شبی بنده اش [محمّد صلی الله علیه وآله] را از مسجدالحرام به مسجد الاَقصی، که پیرامونش را خجسته و پُرخیر قرار داده ایم حرکت داد تا بخشی از نشانه های [قدرت و عظمت] خود را به او نشان دهیم، مسلّماً خداوند شنوا و داناست ",
            "2": " ما به موسی کتاب عطا کردیم و آن را وسیلۀ هدایت بنی اسرائیل قرار دادیم، [کتاب موسی دارای این پیام سعادت بخش بود] که: جز مرا [که خداوندِ یکتا و قادرم] کارسازِ [خود] انتخاب نکنید !",
            "3": " [ای] نسلِ کسانی که همۀ آنان را با نوح [در کشتی] سوار کردیم! همانا او همواره بنده ای بسیار شکرگزار بود، [شما هم با اطاعت از حق، در شمار شکرگزاران درآیید !]",
            "4": " ما در تورات به بنی اسرائیل اِعلام کردیم که مسلّماً دوبار در زمین تبهکاری و فتنه انگیزی می کنید، و به [سرکشی و] برتری جویی سختی دچار خواهید گشت ",
            "5": " چون [زمان انجام] وعدۀ [عذابِ ما به کیفرِ] نخستینِ آن دو [تبهکاری و فتنه انگیزی شما] فرارسد، بندگان به شدت جنگ جو و نیرومندِ خود را بر ضد شما برمی انگیزیم که [برای دست یابی به شما و ثروت و اموالتان] لابه لای خانه ها را [به دقت] جست وجو می کنند، این وعده یقیناً انجام شدنی است ",
            "6": " آن گاه پیروزی بر آنان را به شما بازمی گردانیم، و شما را به وسیلۀ اموال و فرزندان مدد می رسانیم، و نفراتتان را [بر آنان] فزونی می دهیم ",
            "7": " اگر نیکی کنید به سود خود نیکی کرده اید، و اگر بدی کنید به [زیان] خود [بدی] کرده اید. چون [زمان انجام] وعدۀ پایانی [برای عذاب کردنتان که وعدۀ دوم ماست] فرارسد، [جنگ جویانی بسیار سخت گیر بر ضد شما برمی انگیزیم] تا شما را [با دچارکردن به آسیب های شدید] اندوهگین کنند، و به مسجد [الاَقصی] درآیند چنان که بار اول درآمدند تا به هرکه و هرچه دست یابند، نابودش کنند ",
            "8": "\n \nامید است پروردگارتان [درصورتی که از ستمکاری های خود توبه کنید] بر شما رحم کند، و اگر [به تبهکاری و فتنه انگیزی] بازگردید ما نیز [به عذاب دادنتان] بازمی گردیم، و دوزخ را برای کافران، زندانی تنگ قرار داده ایم ",
            "9": " مسلّماً این قرآن به استوارترین [آیین] هدایت می کند، و به مؤمنانی که کارهای شایسته انجام می دهند مژده می دهد که برای آنان پاداش بزرگی است ",
            "10": " و برای آنان که به قیامت ایمان ندارند عذاب دردناکی آماده کرده ایم ",
            "11": " انسان همانگونه که [با شتاب] خواهانِ نیکی است، [به همان صورت و بدون توجه به عواقب امور] خواهان بدی است، و انسان [به سبب نادانی اش به سود و زیان حقیقی خود] بسیار شتابزده است ",
            "12": " ما شب و روز را دو نشانۀ [قدرت و حکمت خود] قرار دادیم، پس شب را تاریک، و روز را روشن ساختیم تا [در آن با کوشش و تلاش،] جویای احسان و روزی پروردگارتان شوید، و [نیز] شمارِ سال ها و حساب [اوقات و زمان و امورتان] را بدانید، و هرچیزی را [که برای دنیا و دین و آخرتتان به آن نیازمند هستید] به روشنی توضیح داده ایم ",
            "13": " عمل هر انسانی را برای همیشه ملازم او کرده ایم، و روز قیامت نوشته ای را [که کتاب عمل اوست] برای او بیرون می آوریم که آن را پیشِ رویش گشوده می بیند ",
            "14": " [به او می گویم:] کتاب [عمل] خود را بخوان! کافی است که امروز خودت بر خود حسابگر باشی ",
            "15": " هرکس هدایت یافت جز این نیست که به سود خودش هدایت می یابد، و هرکس گمراه شد فقط به زیان خودش گمراه می شود، و هیچ کس بارِ گناه کسی را به دوش نمی گیرد، و ما بر آن نبودیم که پیش از فرستادن پیامبری، امتی را عذاب کنیم ",
            "16": " چون بخواهیم شهری را نابود کنیم خوش گذرانان غرق در ناز و نعمتِ آن را فرمان [به طاعت و تقوا] می دهیم، [هنگامی که روی برتابند] و در آن به گنهکاری و نافرمانی روی آرند، وعدۀ عذاب بر آنان حتمی می شود، در نتیجه آنان را به شدت درهم می کوبیم ",
            "17": " چه بسیار از ملت های پس از نوح را [به سبب تبهکاری و فتنه انگیزی] نابود کردیم، و [برای نابودی این گونه ملت ها] بس است که پروردگارت به گناهان بندگانش آگاه و بینا است",
            "18": "\n \nهرکس دنیای زودگذر را بخواهد، هر اندازه از آن را که بخواهیم و برای هرکس اراده کنیم به زودی در همین دنیا به او عطا می کنیم، سپس دوزخ را که در آتشش می سوزد برای او قرار می دهیم درحالی که نکوهیده و رانده شده [از رحمت خدا] است",
            "19": " و آنان که آخرت را بخواهند درحالی که مؤمن هستند و با تلاشی خالصانه برای [به دست آوردن] آن بکوشند به تلاششان پاداش مناسب داده خواهد شد ",
            "20": " هریک از دو گروهِ دنیاطلب و آخرت خواه را در این دنیا از عطای پروردگارت مدد می دهیم، و عطای پروردگارت را هیچ گاه [در این دنیا از کسی] بازنمی دارند",
            "21": " با دقت بنگر که چگونه برخی از آنان را بر برخی دیگر [در امور مادّی] فزونی بخشیده ایم، و البته آخرت از نظر درجات [معنوی] برتر، و از جهت فزونی [نعمت] بیشتر است ",
            "22": " با خداوند معبودی دیگر قرار مده! که [نزد موحّدان] مورد سرزنش قرار گرفته، و [در دنیا و آخرت] بی یار و یاور می شوی ",
            "23": " پروردگارت فرمانِ حتمی داده که: جز او را نپرستید، و به پدر و مادر نیکی کنید! هرگاه یکی از آنان یا هر دو در کنارت به پیری رسند، [اگر تو را به علت بی حوصلگی و بهانه گیری شان به ستوه آوردند] به آنان اُف مگوی، و نسبت به آنان پرخاشگر مباش، و سخنی شایسته به آنان بگوی !",
            "24": " و در برابرشان از روی رحمت و مهربانی فروتن باش! و [در دعایت] بگو: پروردگارا! آنان را به پاس آن که مرا در کودکی تربیت کردند مورد مهر و رحمت قرار ده !",
            "25": " پروردگارتان به آنچه [از نیت ها و حالاتی] که [در مورد پدر و مادر] در دل های شماست [از خودِ شما] آگاه تر است، اگر انسان های شایسته ای باشید [چنانچه نسبت به حقوق پدر و مادر از شما لغزشی سرزند ولی توبه کنید توبۀ شما پذیرفته خواهد شد؛ زیرا] او نسبت به توبه کنندگان بسیار آمرزنده است ",
            "26": " حقِ خویشاوند و نیازمند و درراه ماندۀ بی زادو توشه را بپرداز! و مال خود را در جایی که شایسته نیست هزینه نکن !",
            "27": " یقیناً اسراف کنندگان [که مال خود را در امور غیرمشروع تلف می کنند] برادران شیاطین هستند، و شیطان همواره به پروردگارش بسیار ناسپاس است ",
            "28": "\n \nاگر [به سبب نداشتن امکانات] از آنان [که کمک به آن ها را فرمان یافته ای از روی حیا] روی برتابی، [و این کار] به انگیزۀ طلب رزق و گشایشی [باشد] که [رسیدن] آن را از سوی پروردگارت امید داری، پس با آنان [تا فراهم آمدنِ امکانات،] سخنی نرم [و امیدوارکننده] بگو !",
            "29": " و [در انفاقِ به نیازمندان] بخیل و دست بسته مباش، و بی حساب هم انفاق نکن! که در نهایت، [نزد معتدلان] نکوهیده، و [در زندگی خود] خسته و وامانده گردی ",
            "30": " همانا پروردگارت رزق را برای هرکس که بخواهد گشایش می دهد، و [برای هرکه اراده کند] تنگ می گیرد؛ زیرا او به [وضع] بندگانش آگاه و بیناست ",
            "31": " فرزندانتان را از بیم تهیدستی نکشید! ما به آنان و شما روزی می دهیم، بی تردید کشتن آنان گناهی بزرگ است ",
            "32": " به زِنا نزدیک نشوید! که کاری بسیار زشت و راهی بد است ",
            "33": " کسی را که خدا [کشتنش را] حرام کرده جز به حق نکشید! و هرکس مظلوم کشته شود برای وارثش تسلطی [بر قاتل جهت خون خواهی، یا دیه یا عفو] قرار داده ایم، پس [وارثِ مقتول] نباید در کشتن زیاده روی کند؛ زیرا او [با قانون قصاص و دیه] مورد حمایت قرار گرفته است ",
            "34": " به مال یتیم تا زمانی که به سنّ رشدش برسد جز به بهترین روش نزدیک نشوید! و به پیمان [با خدا و مردم] وفا کنید! زیرا [در قیامت] دربارۀ پیمان سؤال خواهد شد ",
            "35": " [در دادوستدهای پیمانه ای] چون پیمانه می کنید پیمانه را پُر و کامل بدهید، و [اجناسِ وزنی را] با ترازوی [سالم و] درست وزن کنید! این [برای شما] بهتر، و عاقبتش نیکوتر است ",
            "36": " از چیزی که به آن علم [یقینی] نداری، [بلکه برگرفته از شنیده هاست] پیروی نکن! زیرا گوش و چشم و دل [که ابزار شناخت هستند] مورد پرسش قرار خواهند گرفت ",
            "37": " با غرور و سرمستی در زمین راه مرو که هرگز نمی توانی [با قدم هایت] زمین را بشکافی، و در بلندی [قامت] نمی توانی به کوه ها برسی! ",
            "38": " همۀ این مسائل [که در این آیات از آن ها نهی شده]، گناهش نزد پروردگارت منفور و ناپسند است ",
            "39": "\n \nاین [احکام و مسائلِ اسلامی] از معارف استوار و سودمندی است که پروردگارت به تو وحی کرده است، و با خدای یکتا معبودی دیگر قرار مده! که نکوهیده و رانده شده در دوزخ افکنده شوی ",
            "40": " [ای مشرکان!] آیا پروردگارتان شما را [با برتری دادن بر خود،] به [داشتنِ] پسران، برگزیده؟ و [برای خود] از فرشتگان، دخترانی انتخاب کرده؟! یقیناً [از روی دروغ و افترا] سخنی بس بزرگ [و ناروا] می گویید ",
            "41": " همانا در این قرآن [داستان ها، موعظه ها و حکمت های] گوناگون بیان کرده ایم تا متذکر و هشیار شوند، ولی جز به رمیدنِ آنان نمی افزاید ",
            "42": " بگو: اگر آن گونه که می گویند با خداوند، خدایانی [دیگر] بود در آن صورت راهی به سوی صاحبِ عرش می جستند [تا قدرتش را تصاحب کنند] ",
            "43": " خداوند از آنچه می گویند پاک و منزّه، و بسی برتر و والاتر است ",
            "44": " آسمان های هفت گانه و زمین و هرکس در آن هاست او را با تسبیح گفتن، [از هر عیب و نقصی] پاک و مبرّا می دارند، و هیچ چیز نیست مگر این که همراه با ستایشِ او تسبیح می گوید، ولی شما تسبیح آن ها را نمی فهمید، یقیناً او بردبار و بسیار آمرزنده است ",
            "45": " هنگامی که قرآن بخوانی، بین تو و آنان که به آخرت ایمان ندارند پرده ای نامریی قرار می دهیم [که حقایق را درک نکنند]",
            "46": " و نیز بر دل هایشان پوشش هایی گذاشته ایم تا آن را نفهمند، و در گوش هایشان [نیز] سنگینی [نهاده ایم تا موفق به گوش دادن موثر نشوند]، چون پروردگارت را براساس آیات قرآن به یگانگی یاد کنی، با حالت رمیدگی از تو رویگردان می شوند ",
            "47": " هنگامی که به قرآن خواندنت گوش می دهند ما به [هدف و انگیزۀ] گوش دادنشان داناتریم، و نیز زمانی که گفت وگوی پنهانی دارند [به قصدشان آگاه تریم]، آن زمان که ستمگران می گویند: شما جز از مردی جادوشده پیروی نمی کنید! ",
            "48": " با دقت بنگر چگونه تو را به صفاتی [چون شاعر، کاهن و مجنون] توصیف می کنند، [با این تهمت هایی که به تو می زنند] گمراه شدند، و نمی توانند راهی [به سوی هدایت] بیابند ",
            "49": " [بدون توجه به دلایل استوارِ قرآن، دربارۀ زنده شدنِ مردگان] گفتند: چون ما استخوان ها[یی جدا از هم] و پوسیده شدیم آیا به طور مسلّم در آفرینشی جدید برانگیخته می شویم؟!",
            "50": "\n \nبگو: [حیات دادن به استخوان پوسیده که آسان است،] شما سنگ شوید یا آهن ",
            "51": " یا [سخت ترین] جسمی که در ذهنتان [حیات یافتنش] دشوار می آید [باز هم با آفرینشی جدید برانگیخته می شوید]. بی درنگ خواهند گفت: چه کسی ما را [به حیاتِ دوباره] برمی گرداند؟ بگو: همان کسی که نخستین بار شما را پدید آورد. پس سرهای خود را [از روی استهزا] در برابر تو می جنبانند و می گویند: [زنده شدنِ دوباره] چه زمانی است؟ بگو: چه بسا نزدیک باشد !",
            "52": " روزی که شما را [از میان گورها] فرامی خواند، پس درحالی که او را ستایش می کنید [فراخواندنش را] اجابت می کنید، و گمان می برید که [در دنیا یا در برزخ] جز مدت کمی درنگ نکرده اید ",
            "53": " به بندگانم بگو سخنی را که نیکوتر است بگویند؛ زیرا شیطان [با وادارکردنشان به گفتنِ سخنان ناروا و زشت] بین آنان فتنه انگیزی و فسادگری می کند؛ چراکه شیطان همواره دشمن آشکار انسان است ",
            "54": " پروردگارتان به [حالت ها و کردار] شما [از خودِ شما] آگاه تر است، اگر بخواهد شما را مورد رحمت قرار می دهد، و اگر بخواهد عذابتان می کند، و ما تو را بر آنان کارگزار نفرستاده ایم ",
            "55": " و پروردگارت به هرکه در آسمان ها و زمین است داناتر است. مسلّماً برخی از پیامبران را بر بعضی دیگر برتری داده ایم، و به داود زبور عطا کردیم ",
            "56": " بگو: آنان را که به جای خدا [معبودان خود] پنداشتید بخوانید [تا بفهمید که] نمی توانند آسیب و گزندی را از شما دفع کنند، و نه [آن را به خوشی و رفاه] تغییر دهند ",
            "57": " کسانی [از فرشتگان، پریان و ارواح] را که [به عنوان معبود به جای خدا] می پرستند، [خودِ آنان] برای تقرّب به پروردگارشان خواهان وسیله ای [چون ایمان و اخلاص و طاعت] هستند تا کدامشان به او نزدیک تر باشند، [آنان] به رحمت او امیدوارند و از عذابش می ترسند؛ زیرا عذاب پروردگارت درخورِ پرهیز است ",
            "58": " هیچ شهری [از شهرهای مفسدان و گنه پیشگان] نیست مگر این که آن را پیش از قیامت نابود می کنیم، یا به عذابی سخت دچار می سازیم، [انجام] این [کار] در کتاب [لوح محفوظ] نگاشته شده است ",
            "59": "\n \n[هیچ چیز،] ما را از فرستادن معجزاتی [که همواره مورد درخواست مشرکان و کافران است] باز نداشت، جز این که گذشتگان، آن [معجزات درخواستی خود] را انکار کردند [و به این سبب هلاک شدند]، ما به [قوم] ثمود [از دل کوه] ناقه را دادیم که معجزه ای روشن بود، ولی [با پِی کردنش] به آن ستم کردند [و به عذاب مبتلا شدند]، و ما معجزات را جز برای بیم دادن [به مردم، و بستن راه هر عذر و بهانه ای به روی ایشان] نمی فرستیم ",
            "60": " به تو گفتیم: یقیناً پروردگارت [از هر جهت] به مردم احاطۀ [کامل] دارد، و آن خوابی را که به تو نشان دادیم، و نیز درختِ نفرین شدۀ در قرآن را [که بنی امیه و دیگر طاغیانند،] جز آزمایشی [بزرگ] برای مردم قرار ندادیم، و ما آنان را [از فرجام شرک و کفر] می ترسانیم، ولی بر آنان جز طغیانی بزرگ نمی افزاید ",
            "61": " [یاد کن] هنگامی که به فرشتگان گفتیم: برای آدم سجده کنید! پس همه سجده کردند جز ابلیس که [متکبّرانه] گفت: آیا برای کسی که [از] گِل آفریدی سجده کنم؟!",
            "62": " [آن گاه] گفت: به من خبر ده این است آنکه بر من برتری دادی؟ اگر تا قیامت مهلتم دهی، بی تردید فرزندانش را - جز اندکی - افسار می زنم [تا آنان را به هر وادی هلاکتی که بخواهم بکشانم]!",
            "63": " [خداوند] فرمود: برو! که هرکس از آنان از تو پیروی کند یقیناً کیفرتان دوزخ خواهد بود که کیفری است کامل و تمام ",
            "64": " از آنان هرکه را توانستی با آوازت [به سوی باطل] تحریک کن! و [برای راندنشان به سوی طغیان و گناه] با کمک سواره ها و پیاده هایت [به شدت] بر سرشان فریاد زن! و با آنان در [تولید] ثروت ها[ی حرام]، و [زمینۀ به وجود آمدنِ] فرزندان [نامشروع] شریک شو! و به آنان وعده[ های گوناگون] بده! شیطان جز از طریق دروغ و فریب به آنان وعده نمی دهد ",
            "65": " [ولی ای شیطان! آگاه باش! که] یقیناً تو را بر بندگانم هیچ تسلطی نیست، و بس است که پروردگارت کارگزار و کارسازِ [آنان] باشد ",
            "66": " پروردگارتان کسی است که کشتی ها را برای شما در دریا روان می کند، تا [با رفتن از اقلیمی به اقلیم دیگر] جویای احسان و روزی او شوید؛ زیرا او همواره به شما مهربان است ",
            "67": "\n \nزمانی که در دریا آسیبی به شما می رسد، هرکه را جز خدا [به کمک] می طلبید ناپدید و گم می شود، و چون شما را [با سوق دادنتان] به خشکی [رسانده و] نجات می دهد [از او] روی بر می تابید، انسان [با این که همواره الطاف خدا را در زندگی اش می بیند] بسیار ناسپاس است !",
            "68": " [با این حال] آیا ایمن هستید از این که شما را در ناحیۀ خشکی [به زمین] فرو بَرَد؟ یا بر شما توفانی از سنگریزه ها فرستد، آن گاه برای خود حافظ و کارسازی نیابید؟",
            "69": " یا ایمن هستید از این که بارِ دیگر شما را به دریا برگردانَد، و توفانی بسیار سخت و درهم کوبنده بر شما بفرستد، و به سبب این که کفران نعمت کردید به بلای غرق شدن دچارتان کند؟ آن گاه در برابر ما دفاع کننده و خون خواهی برای خود نیابید ",
            "70": " مسلّماً فرزندان آدم را [با عطاکردنِ همۀ امکاناتِ] گرامی داشتیم، و آنان را در خشکی و دریا [بر مَرکب هایی که در اختیارشان نهادیم] سوار کردیم، و به آنان از نعمت های دلپذیر روزی دادیم، و آنان را بر همۀ آفریده های خود برتری کامل و ویژه ای بخشیدیم ",
            "71": " [به یاد آرید] روزی که هر گروهی از مردم را با پیشوایشان می خوانیم، پس کسانی که نامۀ اعمالشان را به دست راستشان دهند نامۀ خود را [با خوش حالی] می خوانند، و به آنان در زمینۀ پاداش به اندازۀ رشتۀ میان هستۀ خرما ستم نمی شود ",
            "72": " کسی که در این دنیا کور[دل] باشد در آخرت نیز کور[دل] و گمراه تر است",
            "73": " نزدیک بود [کوردلان] تو را از آنچه به سویت وحی کردیم روی گردان کنند تا غیر آن را از روی افترا به ما نسبت دهی، دراین صورت بود که تو را به عنوان دوستِ [خود] انتخاب می کردند ",
            "74": " و اگر تو را [در عمل به وحی] ثابت قدم نمی داشتیم البته نزدیک بود به سوی آنان کمی گرایش پیدا کنی ",
            "75": " در آن صورت دو برابر در دنیا، و دو برابر در آخرت، عذاب به تو می چشاندیم، آن گاه در برابر ما برای خود یاوری نمی یافتی ",
            "76": "\n \nنزدیک بود [مشرکان] تو را به ستوه آورند تا از سرزمین [مکه] آواره ات کنند، در آن صورت پس از تو جز مدتی اندک درنگ نمی کردند، [چون به عذاب خدا هلاک می شدند ]",
            "77": " [هلاکتِ دشمنان] روشی است که همواره دربارۀ [امت های] پیامبرانِ پیش از تو جاری بوده است، و برای روشِ ما هیچ تغییری نخواهی یافت ",
            "78": " نماز را از ابتدای تمایل خورشید [به سوی مغرب، که شروع ظهر شرعی است] تا نهایتِ تاریکی شب [با شرایط ویژه اش] بخوان! و نماز صبح را [نیز بخوان] که نماز صبح مورد گواهی [فرشتگان شب و روز] است ",
            "79": " و پاسی از شب به بندگی و عبادت بیدار باش! که [این افزون بر نمازهای واجب] ویژۀ توست، امید است پروردگارت تو را [به سبب این عبادتِ ویژه] به جایگاهی ستوده برانگیزد ",
            "80": " بگو: پروردگارا! مرا [در هر کار و شغلی] به نیکی وارد کن، و به نیکی بیرون آر، و برایم از نزد خود نیرویی یاری دهنده قرار ده !",
            "81": " [به مشرکان و کافران] بگو: حق آمد، و باطل نابود شد، بی تردید باطل نابود شدنی است ",
            "82": " ما از قرآن آنچه را برای مؤمنان مایۀ درمان و رحمت است نازل می کنیم، ولی ستمکاران را جز خسارت نمی افزاید ",
            "83": " زمانی که به انسان نعمت عطا می کنیم [از ما] رویگردان می شود و خود را مغرورانه [از ما] دور می کند، و هنگامی که آسیبی به او برسد [به سبب بی ایمانی و غفلت، از رحمت ما] بسیار نا امید می گردد ",
            "84": " بگو: هرکس براساس نیت و عادات اکتسابی خود عمل می کند، و پروردگارتان به کسی که راه یافته تر است داناتر است ",
            "85": " از تو دربارۀ روح می پرسند، بگو: روح از امر پروردگار من است، و از دانش جز اندکی به شما داده نشده ",
            "86": " اگر بخواهیم آنچه را به تو وحی کرده ایم قطعاً [از یادت] می بریم، آن گاه در برابر ما [برای بازگرفتنش] کارسازی نخواهی یافت ",
            "87": "\n \n[اگر از یادت نمی رود، نیست] مگر به سبب رحمتی از سوی پروردگار تو]، مسلّماً احسان او بر تو فراوان و بزرگ است ",
            "88": " بگو: اگر جنّ و انس گرد آیند که مانند این قرآن را بیاورند قدرت آوردنِ مانندش را ندارند؛ گرچه پشتیبان یکدیگر باشند ",
            "89": " همانا در این قرآن برای [هدایت] مردم از هر مَثَلی به روش های گوناگون آوردیم، ولی بیشتر مردم [در برابر این نعمتِ عظیم] جز انکار و ناسپاسی نخواستند ",
            "90": " [مشرکان] گفتند: ما به تو ایمان نمی آوریم مگر آن که از این سرزمینِ [خشک و سوزان مکه] چشمه ای پُرآب روان سازی!",
            "91": " یا باغی از درختان خرما و انگور برایت فراهم باشد که از لابه لای آن نهرها جاری سازی ",
            "92": " یا آسمان را آن گونه که گمان کرده ای [محل نزول عذاب است]، قطعه قطعه بر [سر] ما بیفکنی، یا خدا و فرشتگان را روبه روی ما آوری!",
            "93": " یا خانه ای از طلای ناب در اختیارت باشد، یا در آسمان بالا روی، و بالارفتنت را باور نمی کنیم مگر نوشته ای [از آن جا] برای ما فرود آوری که آن را بخوانیم. بگو: پروردگارم [از این که خواسته های نامعقول شما را پاسخ دهد] منزّه است، آیا من جز بشری هستم که [برای هدایت شما] فرستاده شده ام؟",
            "94": " و مردم زمانی که هدایت به سویشان آمد چیزی آنان را از ایمان آوردنشان بازنداشت جز این که [با شگفتی و استهزا] گفتند: آیا خداوند بشری را [که مانند خودِ ماست] به پیامبری برانگیخته است؟!",
            "95": " بگو: اگر در زمین [به جای بشر] فرشتگانی بودند که با آرامی راه می رفتند یقیناً فرشته ای را از آسمان برای آنان به پیامبری می فرستادیم، [چون هدایتگرِ هر گروهی باید از جنس خودشان باشد  ]",
            "96": " بگو: بس است که خداوند بین من و شما [ بر صِدق نبوتم] شاهد باشد؛ چون او به بندگانش آگاه و بیناست ",
            "97": "\n \nهرکه را خدا هدایت کند هدایت یافته است، و کسانی را که خداوند [به کیفر کبر و عنادشان] در گمراهی وانهد، هرگز به نفع آنان در برابر خداوند یاورانی نخواهی یافت، آنان را روز قیامت درحالی که به رو درافتاده اند کور و لال و کر محشور می کنیم، جایگاهشان دوزخ است، هرگاه [شعلۀ آتشش] فرو نشیند شعله ای [دیگر] بر آنان می افزاییم ",
            "98": " این کیفر آنان است به سبب این که به آیات ما کافر بودند، و گفتند: آیا ما وقتی استخوانِ [جدا از هم و ریز ریز گشته،] و پوسیده شدیم با آفرینشی جدید برانگیخته می شویم؟!",
            "99": " آیا ندانستند خداوندی که آسمان ها و زمین را آفرید می تواند مانند آنان را [پس از پوسیده شدن] بیافریند، و برای آنان مدتی بی تردید و قطعی قرار داده [تا قیامت فرارسد]، ولی ستمکاران جز انکارِ [قیامت] را نخواستند ",
            "100": " [به این تنگ نظرانِ کوردل] بگو: اگر شما اختیاردار خزانه های رحمت پروردگارم بودید در آن صورت از ترس [تبعات] انفاق [همچون تهی دستی و فقر]، بخل می ورزیدید. انسان [بی ایمان] بسیار بخیل است ",
            "101": " همانا به موسی زمانی که نزد بنی اسرائیل آمد نُه معجزۀ روشن دادیم، بنابراین از [آگاهان] بنی اسرائیل بپرس [که آن معجزه ها چه بود؟] اما فرعون [با دیدن آن معجزات] به او گفت: ای موسی! به راستی من تو را سحرزده می دانم! ",
            "102": " [موسی] گفت: تو نیک می دانی که این معجزاتِ بینش آور را جز پروردگار آسمان ها و زمین نفرستاده است، ای فرعون! مسلّماً من تو را نابودشدنی می دانم ",
            "103": " [فرعون] تصمیم گرفت موسی و مؤمنانِ همراه او را [به ستوه آورد تا] از سرزمین [مصر] آواره کند، ولی ما فرعون و همۀ کسانی را که با او بودند غرق کردیم ",
            "104": " پس از فرعون به بنی اسرائیل گفتیم: در این سرزمین ساکن شوید، چون وعدۀ آخرت فرارسد همۀ شما را دسته جمعی [به صحرای قیامت] می آوریم ",
            "105": "\n \nقرآن را [از آسمانِ علم خود] به حق و درستی فرود آوردیم، و [بر پیامبر به وسیلۀ امین وحی،] به حق و درستی نازل شده، و تو را جز بشارت دهنده و هشداردهنده نفرستادیم ",
            "106": " و قرآن را بخش بخش، [و آیه آیه] قرار دادیم تا آن را با درنگ و تأمل بر مردم بخوانی، و آن را تدریجاً [بر پایۀ مناسبت ها و حوادث و وقایع] نازل کردیم ",
            "107": " بگو: خواه به آن ایمان بیاورید یا ایمان نیاورید [سود و زیانش متوجه خود شماست]، همانا کسانی که پیش از [نزول] آن از دانش بهره مند شده اند هنگامی که بر آنان خوانده شود سجده کنان به رو درافتند ",
            "108": " و می گویند: پروردگارمان [از هر عیب و نقصی] پاک و منزّه است، یقیناً وعدۀ پروردگارمان [مبنی بر پاداشِ مؤمنان و کیفرِ کافران] انجام شدنی است ",
            "109": " و گریه کنان به رو درافتند، و [شنیدنِ قرآن] بر خشوعشان می افزاید ",
            "110": " بگو: چه [او را] اللّه بخوانید یا رحمان، هرکدام را بخوانید [فرقی نمی کند،] نیکوترین نام ها [که این دو نام هم از آن هاست] فقط ویژۀ اوست، نمازت را با صدای بلند، و نیز با صدای آهسته نخوان! بلکه میان این دو [صدا] راهی [میانه و معتدل] انتخاب کن !",
            "111": " بگو: همۀ ستایش ها ویژۀ خداست که فرزندی برای خود نگرفته، و در فرمانروایی شریکی نداشته، و نه برای او به سبب ناتوانی سرپرست و یاری بوده است؛ بنابراین او را چنان که شایسته است بزرگ شمار! "
        }
    }
}