{
    "2": {
        "number": 2,
        "title": "سورة الكهف",
        "bab": 4,
        "delay": 7,
        "arabic": {
            "8": "الْحَمْدُ لِلَّهِ الَّذِي أَنْزَلَ عَلَىٰ عَبْدِهِ الْكِتَابَ وَلَمْ يَجْعَلْ لَهُ عِوَجًا ۜ",
            "9": "قَيِّمًا لِيُنْذِرَ بَأْسًا شَدِيدًا مِنْ لَدُنْهُ وَيُبَشِّرَ الْمُؤْمِنِينَ الَّذِينَ يَعْمَلُونَ الصَّالِحَاتِ أَنَّ لَهُمْ أَجْرًا حَسَنًا",
            "10": "مَاكِثِينَ فِيهِ أَبَدًا",
            "11": "وَيُنْذِرَ الَّذِينَ قَالُوا اتَّخَذَ اللَّهُ وَلَدًا",
            "12": "مَا لَهُمْ بِهِ مِنْ عِلْمٍ وَلَا لِآبَائِهِمْ ۚ كَبُرَتْ كَلِمَةً تَخْرُجُ مِنْ أَفْوَاهِهِمْ ۚ إِنْ يَقُولُونَ إِلَّا كَذِبًا",
            "13": "فَلَعَلَّكَ بَاخِعٌ نَفْسَكَ عَلَىٰ آثَارِهِمْ إِنْ لَمْ يُؤْمِنُوا بِهَٰذَا الْحَدِيثِ أَسَفًا",
            "14": "إِنَّا جَعَلْنَا مَا عَلَى الْأَرْضِ زِينَةً لَهَا لِنَبْلُوَهُمْ أَيُّهُمْ أَحْسَنُ عَمَلًا",
            "15": "وَإِنَّا لَجَاعِلُونَ مَا عَلَيْهَا صَعِيدًا جُرُزًا",
            "16": "أَمْ حَسِبْتَ أَنَّ أَصْحَابَ الْكَهْفِ وَالرَّقِيمِ كَانُوا مِنْ آيَاتِنَا عَجَبًا",
            "17": "إِذْ أَوَى الْفِتْيَةُ إِلَى الْكَهْفِ فَقَالُوا رَبَّنَا آتِنَا مِنْ لَدُنْكَ رَحْمَةً وَهَيِّئْ لَنَا مِنْ أَمْرِنَا رَشَدًا",
            "18": "فَضَرَبْنَا عَلَىٰ آذَانِهِمْ فِي الْكَهْفِ سِنِينَ عَدَدًا",
            "19": "ثُمَّ بَعَثْنَاهُمْ لِنَعْلَمَ أَيُّ الْحِزْبَيْنِ أَحْصَىٰ لِمَا لَبِثُوا أَمَدًا",
            "20": "نَحْنُ نَقُصُّ عَلَيْكَ نَبَأَهُمْ بِالْحَقِّ ۚ إِنَّهُمْ فِتْيَةٌ آمَنُوا بِرَبِّهِمْ وَزِدْنَاهُمْ هُدًى",
            "21": "وَرَبَطْنَا عَلَىٰ قُلُوبِهِمْ إِذْ قَامُوا فَقَالُوا رَبُّنَا رَبُّ السَّمَاوَاتِ وَالْأَرْضِ لَنْ نَدْعُوَ مِنْ دُونِهِ إِلَٰهًا ۖ لَقَدْ قُلْنَا إِذًا شَطَطًا",
            "22": "هَٰؤُلَاءِ قَوْمُنَا اتَّخَذُوا مِنْ دُونِهِ آلِهَةً ۖ لَوْلَا يَأْتُونَ عَلَيْهِمْ بِسُلْطَانٍ بَيِّنٍ ۖ فَمَنْ أَظْلَمُ مِمَّنِ افْتَرَىٰ عَلَى اللَّهِ كَذِبًا",
            "23": "وَإِذِ اعْتَزَلْتُمُوهُمْ وَمَا يَعْبُدُونَ إِلَّا اللَّهَ فَأْوُوا إِلَى الْكَهْفِ يَنْشُرْ لَكُمْ رَبُّكُمْ مِنْ رَحْمَتِهِ وَيُهَيِّئْ لَكُمْ مِنْ أَمْرِكُمْ مِرْفَقًا",
            "24": "وَتَرَى الشَّمْسَ إِذَا طَلَعَتْ تَزَاوَرُ عَنْ كَهْفِهِمْ ذَاتَ الْيَمِينِ وَإِذَا غَرَبَتْ تَقْرِضُهُمْ ذَاتَ الشِّمَالِ وَهُمْ فِي فَجْوَةٍ مِنْهُ ۚ ذَٰلِكَ مِنْ آيَاتِ اللَّهِ ۗ مَنْ يَهْدِ اللَّهُ فَهُوَ الْمُهْتَدِ ۖ وَمَنْ يُضْلِلْ فَلَنْ تَجِدَ لَهُ وَلِيًّا مُرْشِدًا",
            "25": "وَتَحْسَبُهُمْ أَيْقَاظًا وَهُمْ رُقُودٌ ۚ وَنُقَلِّبُهُمْ ذَاتَ الْيَمِينِ وَذَاتَ الشِّمَالِ ۖ وَكَلْبُهُمْ بَاسِطٌ ذِرَاعَيْهِ بِالْوَصِيدِ ۚ لَوِ اطَّلَعْتَ عَلَيْهِمْ لَوَلَّيْتَ مِنْهُمْ فِرَارًا وَلَمُلِئْتَ مِنْهُمْ رُعْبًا",
            "26": "وَكَذَٰلِكَ بَعَثْنَاهُمْ لِيَتَسَاءَلُوا بَيْنَهُمْ ۚ قَالَ قَائِلٌ مِنْهُمْ كَمْ لَبِثْتُمْ ۖ قَالُوا لَبِثْنَا يَوْمًا أَوْ بَعْضَ يَوْمٍ ۚ قَالُوا رَبُّكُمْ أَعْلَمُ بِمَا لَبِثْتُمْ فَابْعَثُوا أَحَدَكُمْ بِوَرِقِكُمْ هَٰذِهِ إِلَى الْمَدِينَةِ فَلْيَنْظُرْ أَيُّهَا أَزْكَىٰ طَعَامًا فَلْيَأْتِكُمْ بِرِزْقٍ مِنْهُ وَلْيَتَلَطَّفْ وَلَا يُشْعِرَنَّ بِكُمْ أَحَدًا",
            "27": "إِنَّهُمْ إِنْ يَظْهَرُوا عَلَيْكُمْ يَرْجُمُوكُمْ أَوْ يُعِيدُوكُمْ فِي مِلَّتِهِمْ وَلَنْ تُفْلِحُوا إِذًا أَبَدًا",
            "28": "وَكَذَٰلِكَ أَعْثَرْنَا عَلَيْهِمْ لِيَعْلَمُوا أَنَّ وَعْدَ اللَّهِ حَقٌّ وَأَنَّ السَّاعَةَ لَا رَيْبَ فِيهَا إِذْ يَتَنَازَعُونَ بَيْنَهُمْ أَمْرَهُمْ ۖ فَقَالُوا ابْنُوا عَلَيْهِمْ بُنْيَانًا ۖ رَبُّهُمْ أَعْلَمُ بِهِمْ ۚ قَالَ الَّذِينَ غَلَبُوا عَلَىٰ أَمْرِهِمْ لَنَتَّخِذَنَّ عَلَيْهِمْ مَسْجِدًا",
            "29": "سَيَقُولُونَ ثَلَاثَةٌ رَابِعُهُمْ كَلْبُهُمْ وَيَقُولُونَ خَمْسَةٌ سَادِسُهُمْ كَلْبُهُمْ رَجْمًا بِالْغَيْبِ ۖ وَيَقُولُونَ سَبْعَةٌ وَثَامِنُهُمْ كَلْبُهُمْ ۚ قُلْ رَبِّي أَعْلَمُ بِعِدَّتِهِمْ مَا يَعْلَمُهُمْ إِلَّا قَلِيلٌ ۗ فَلَا تُمَارِ فِيهِمْ إِلَّا مِرَاءً ظَاهِرًا وَلَا تَسْتَفْتِ فِيهِمْ مِنْهُمْ أَحَدًا",
            "30": "وَلَا تَقُولَنَّ لِشَيْءٍ إِنِّي فَاعِلٌ ذَٰلِكَ غَدًا",
            "31": "إِلَّا أَنْ يَشَاءَ اللَّهُ ۚ وَاذْكُرْ رَبَّكَ إِذَا نَسِيتَ وَقُلْ عَسَىٰ أَنْ يَهْدِيَنِ رَبِّي لِأَقْرَبَ مِنْ هَٰذَا رَشَدًا",
            "32": "وَلَبِثُوا فِي كَهْفِهِمْ ثَلَاثَ مِائَةٍ سِنِينَ وَازْدَادُوا تِسْعًا",
            "33": "قُلِ اللَّهُ أَعْلَمُ بِمَا لَبِثُوا ۖ لَهُ غَيْبُ السَّمَاوَاتِ وَالْأَرْضِ ۖ أَبْصِرْ بِهِ وَأَسْمِعْ ۚ مَا لَهُمْ مِنْ دُونِهِ مِنْ وَلِيٍّ وَلَا يُشْرِكُ فِي حُكْمِهِ أَحَدًا",
            "34": "وَاتْلُ مَا أُوحِيَ إِلَيْكَ مِنْ كِتَابِ رَبِّكَ ۖ لَا مُبَدِّلَ لِكَلِمَاتِهِ وَلَنْ تَجِدَ مِنْ دُونِهِ مُلْتَحَدًا",
            "35": "وَاصْبِرْ نَفْسَكَ مَعَ الَّذِينَ يَدْعُونَ رَبَّهُمْ بِالْغَدَاةِ وَالْعَشِيِّ يُرِيدُونَ وَجْهَهُ ۖ وَلَا تَعْدُ عَيْنَاكَ عَنْهُمْ تُرِيدُ زِينَةَ الْحَيَاةِ الدُّنْيَا ۖ وَلَا تُطِعْ مَنْ أَغْفَلْنَا قَلْبَهُ عَنْ ذِكْرِنَا وَاتَّبَعَ هَوَاهُ وَكَانَ أَمْرُهُ فُرُطًا",
            "36": "وَقُلِ الْحَقُّ مِنْ رَبِّكُمْ ۖ فَمَنْ شَاءَ فَلْيُؤْمِنْ وَمَنْ شَاءَ فَلْيَكْفُرْ ۚ إِنَّا أَعْتَدْنَا لِلظَّالِمِينَ نَارًا أَحَاطَ بِهِمْ سُرَادِقُهَا ۚ وَإِنْ يَسْتَغِيثُوا يُغَاثُوا بِمَاءٍ كَالْمُهْلِ يَشْوِي الْوُجُوهَ ۚ بِئْسَ الشَّرَابُ وَسَاءَتْ مُرْتَفَقًا",
            "37": "إِنَّ الَّذِينَ آمَنُوا وَعَمِلُوا الصَّالِحَاتِ إِنَّا لَا نُضِيعُ أَجْرَ مَنْ أَحْسَنَ عَمَلًا",
            "38": "أُولَٰئِكَ لَهُمْ جَنَّاتُ عَدْنٍ تَجْرِي مِنْ تَحْتِهِمُ الْأَنْهَارُ يُحَلَّوْنَ فِيهَا مِنْ أَسَاوِرَ مِنْ ذَهَبٍ وَيَلْبَسُونَ ثِيَابًا خُضْرًا مِنْ سُنْدُسٍ وَإِسْتَبْرَقٍ مُتَّكِئِينَ فِيهَا عَلَى الْأَرَائِكِ ۚ نِعْمَ الثَّوَابُ وَحَسُنَتْ مُرْتَفَقًا",
            "39": "وَاضْرِبْ لَهُمْ مَثَلًا رَجُلَيْنِ جَعَلْنَا لِأَحَدِهِمَا جَنَّتَيْنِ مِنْ أَعْنَابٍ وَحَفَفْنَاهُمَا بِنَخْلٍ وَجَعَلْنَا بَيْنَهُمَا زَرْعًا",
            "40": "كِلْتَا الْجَنَّتَيْنِ آتَتْ أُكُلَهَا وَلَمْ تَظْلِمْ مِنْهُ شَيْئًا ۚ وَفَجَّرْنَا خِلَالَهُمَا نَهَرًا",
            "41": "وَكَانَ لَهُ ثَمَرٌ فَقَالَ لِصَاحِبِهِ وَهُوَ يُحَاوِرُهُ أَنَا أَكْثَرُ مِنْكَ مَالًا وَأَعَزُّ نَفَرًا",
            "42": "وَدَخَلَ جَنَّتَهُ وَهُوَ ظَالِمٌ لِنَفْسِهِ قَالَ مَا أَظُنُّ أَنْ تَبِيدَ هَٰذِهِ أَبَدًا",
            "43": "وَمَا أَظُنُّ السَّاعَةَ قَائِمَةً وَلَئِنْ رُدِدْتُ إِلَىٰ رَبِّي لَأَجِدَنَّ خَيْرًا مِنْهَا مُنْقَلَبًا",
            "44": "قَالَ لَهُ صَاحِبُهُ وَهُوَ يُحَاوِرُهُ أَكَفَرْتَ بِالَّذِي خَلَقَكَ مِنْ تُرَابٍ ثُمَّ مِنْ نُطْفَةٍ ثُمَّ سَوَّاكَ رَجُلًا",
            "45": "لَٰكِنَّا هُوَ اللَّهُ رَبِّي وَلَا أُشْرِكُ بِرَبِّي أَحَدًا",
            "46": "وَلَوْلَا إِذْ دَخَلْتَ جَنَّتَكَ قُلْتَ مَا شَاءَ اللَّهُ لَا قُوَّةَ إِلَّا بِاللَّهِ ۚ إِنْ تَرَنِ أَنَا أَقَلَّ مِنْكَ مَالًا وَوَلَدًا",
            "47": "فَعَسَىٰ رَبِّي أَنْ يُؤْتِيَنِ خَيْرًا مِنْ جَنَّتِكَ وَيُرْسِلَ عَلَيْهَا حُسْبَانًا مِنَ السَّمَاءِ فَتُصْبِحَ صَعِيدًا زَلَقًا",
            "48": "أَوْ يُصْبِحَ مَاؤُهَا غَوْرًا فَلَنْ تَسْتَطِيعَ لَهُ طَلَبًا",
            "49": "وَأُحِيطَ بِثَمَرِهِ فَأَصْبَحَ يُقَلِّبُ كَفَّيْهِ عَلَىٰ مَا أَنْفَقَ فِيهَا وَهِيَ خَاوِيَةٌ عَلَىٰ عُرُوشِهَا وَيَقُولُ يَا لَيْتَنِي لَمْ أُشْرِكْ بِرَبِّي أَحَدًا",
            "50": "وَلَمْ تَكُنْ لَهُ فِئَةٌ يَنْصُرُونَهُ مِنْ دُونِ اللَّهِ وَمَا كَانَ مُنْتَصِرًا",
            "51": "هُنَالِكَ الْوَلَايَةُ لِلَّهِ الْحَقِّ ۚ هُوَ خَيْرٌ ثَوَابًا وَخَيْرٌ عُقْبًا",
            "52": "وَاضْرِبْ لَهُمْ مَثَلَ الْحَيَاةِ الدُّنْيَا كَمَاءٍ أَنْزَلْنَاهُ مِنَ السَّمَاءِ فَاخْتَلَطَ بِهِ نَبَاتُ الْأَرْضِ فَأَصْبَحَ هَشِيمًا تَذْرُوهُ الرِّيَاحُ ۗ وَكَانَ اللَّهُ عَلَىٰ كُلِّ شَيْءٍ مُقْتَدِرًا",
            "53": "الْمَالُ وَالْبَنُونَ زِينَةُ الْحَيَاةِ الدُّنْيَا ۖ وَالْبَاقِيَاتُ الصَّالِحَاتُ خَيْرٌ عِنْدَ رَبِّكَ ثَوَابًا وَخَيْرٌ أَمَلًا",
            "54": "وَيَوْمَ نُسَيِّرُ الْجِبَالَ وَتَرَى الْأَرْضَ بَارِزَةً وَحَشَرْنَاهُمْ فَلَمْ نُغَادِرْ مِنْهُمْ أَحَدًا",
            "55": "وَعُرِضُوا عَلَىٰ رَبِّكَ صَفًّا لَقَدْ جِئْتُمُونَا كَمَا خَلَقْنَاكُمْ أَوَّلَ مَرَّةٍ ۚ بَلْ زَعَمْتُمْ أَلَّنْ نَجْعَلَ لَكُمْ مَوْعِدًا",
            "56": "وَوُضِعَ الْكِتَابُ فَتَرَى الْمُجْرِمِينَ مُشْفِقِينَ مِمَّا فِيهِ وَيَقُولُونَ يَا وَيْلَتَنَا مَالِ هَٰذَا الْكِتَابِ لَا يُغَادِرُ صَغِيرَةً وَلَا كَبِيرَةً إِلَّا أَحْصَاهَا ۚ وَوَجَدُوا مَا عَمِلُوا حَاضِرًا ۗ وَلَا يَظْلِمُ رَبُّكَ أَحَدًا",
            "57": "وَإِذْ قُلْنَا لِلْمَلَائِكَةِ اسْجُدُوا لِآدَمَ فَسَجَدُوا إِلَّا إِبْلِيسَ كَانَ مِنَ الْجِنِّ فَفَسَقَ عَنْ أَمْرِ رَبِّهِ ۗ أَفَتَتَّخِذُونَهُ وَذُرِّيَّتَهُ أَوْلِيَاءَ مِنْ دُونِي وَهُمْ لَكُمْ عَدُوٌّ ۚ بِئْسَ لِلظَّالِمِينَ بَدَلًا",
            "58": "مَا أَشْهَدْتُهُمْ خَلْقَ السَّمَاوَاتِ وَالْأَرْضِ وَلَا خَلْقَ أَنْفُسِهِمْ وَمَا كُنْتُ مُتَّخِذَ الْمُضِلِّينَ عَضُدًا",
            "59": "وَيَوْمَ يَقُولُ نَادُوا شُرَكَائِيَ الَّذِينَ زَعَمْتُمْ فَدَعَوْهُمْ فَلَمْ يَسْتَجِيبُوا لَهُمْ وَجَعَلْنَا بَيْنَهُمْ مَوْبِقًا",
            "60": "وَرَأَى الْمُجْرِمُونَ النَّارَ فَظَنُّوا أَنَّهُمْ مُوَاقِعُوهَا وَلَمْ يَجِدُوا عَنْهَا مَصْرِفًا",
            "61": "وَلَقَدْ صَرَّفْنَا فِي هَٰذَا الْقُرْآنِ لِلنَّاسِ مِنْ كُلِّ مَثَلٍ ۚ وَكَانَ الْإِنْسَانُ أَكْثَرَ شَيْءٍ جَدَلًا",
            "62": "وَمَا مَنَعَ النَّاسَ أَنْ يُؤْمِنُوا إِذْ جَاءَهُمُ الْهُدَىٰ وَيَسْتَغْفِرُوا رَبَّهُمْ إِلَّا أَنْ تَأْتِيَهُمْ سُنَّةُ الْأَوَّلِينَ أَوْ يَأْتِيَهُمُ الْعَذَابُ قُبُلًا",
            "63": "وَمَا نُرْسِلُ الْمُرْسَلِينَ إِلَّا مُبَشِّرِينَ وَمُنْذِرِينَ ۚ وَيُجَادِلُ الَّذِينَ كَفَرُوا بِالْبَاطِلِ لِيُدْحِضُوا بِهِ الْحَقَّ ۖ وَاتَّخَذُوا آيَاتِي وَمَا أُنْذِرُوا هُزُوًا",
            "64": "وَمَنْ أَظْلَمُ مِمَّنْ ذُكِّرَ بِآيَاتِ رَبِّهِ فَأَعْرَضَ عَنْهَا وَنَسِيَ مَا قَدَّمَتْ يَدَاهُ ۚ إِنَّا جَعَلْنَا عَلَىٰ قُلُوبِهِمْ أَكِنَّةً أَنْ يَفْقَهُوهُ وَفِي آذَانِهِمْ وَقْرًا ۖ وَإِنْ تَدْعُهُمْ إِلَى الْهُدَىٰ فَلَنْ يَهْتَدُوا إِذًا أَبَدًا",
            "65": "وَرَبُّكَ الْغَفُورُ ذُو الرَّحْمَةِ ۖ لَوْ يُؤَاخِذُهُمْ بِمَا كَسَبُوا لَعَجَّلَ لَهُمُ الْعَذَابَ ۚ بَلْ لَهُمْ مَوْعِدٌ لَنْ يَجِدُوا مِنْ دُونِهِ مَوْئِلًا",
            "66": "وَتِلْكَ الْقُرَىٰ أَهْلَكْنَاهُمْ لَمَّا ظَلَمُوا وَجَعَلْنَا لِمَهْلِكِهِمْ مَوْعِدًا",
            "67": "وَإِذْ قَالَ مُوسَىٰ لِفَتَاهُ لَا أَبْرَحُ حَتَّىٰ أَبْلُغَ مَجْمَعَ الْبَحْرَيْنِ أَوْ أَمْضِيَ حُقُبًا",
            "68": "فَلَمَّا بَلَغَا مَجْمَعَ بَيْنِهِمَا نَسِيَا حُوتَهُمَا فَاتَّخَذَ سَبِيلَهُ فِي الْبَحْرِ سَرَبًا",
            "69": "فَلَمَّا جَاوَزَا قَالَ لِفَتَاهُ آتِنَا غَدَاءَنَا لَقَدْ لَقِينَا مِنْ سَفَرِنَا هَٰذَا نَصَبًا",
            "70": "قَالَ أَرَأَيْتَ إِذْ أَوَيْنَا إِلَى الصَّخْرَةِ فَإِنِّي نَسِيتُ الْحُوتَ وَمَا أَنْسَانِيهُ إِلَّا الشَّيْطَانُ أَنْ أَذْكُرَهُ ۚ وَاتَّخَذَ سَبِيلَهُ فِي الْبَحْرِ عَجَبًا",
            "71": "قَالَ ذَٰلِكَ مَا كُنَّا نَبْغِ ۚ فَارْتَدَّا عَلَىٰ آثَارِهِمَا قَصَصًا",
            "72": "فَوَجَدَا عَبْدًا مِنْ عِبَادِنَا آتَيْنَاهُ رَحْمَةً مِنْ عِنْدِنَا وَعَلَّمْنَاهُ مِنْ لَدُنَّا عِلْمًا",
            "73": "قَالَ لَهُ مُوسَىٰ هَلْ أَتَّبِعُكَ عَلَىٰ أَنْ تُعَلِّمَنِ مِمَّا عُلِّمْتَ رُشْدًا",
            "74": "قَالَ إِنَّكَ لَنْ تَسْتَطِيعَ مَعِيَ صَبْرًا",
            "75": "وَكَيْفَ تَصْبِرُ عَلَىٰ مَا لَمْ تُحِطْ بِهِ خُبْرًا",
            "76": "قَالَ سَتَجِدُنِي إِنْ شَاءَ اللَّهُ صَابِرًا وَلَا أَعْصِي لَكَ أَمْرًا",
            "77": "قَالَ فَإِنِ اتَّبَعْتَنِي فَلَا تَسْأَلْنِي عَنْ شَيْءٍ حَتَّىٰ أُحْدِثَ لَكَ مِنْهُ ذِكْرًا",
            "78": "فَانْطَلَقَا حَتَّىٰ إِذَا رَكِبَا فِي السَّفِينَةِ خَرَقَهَا ۖ قَالَ أَخَرَقْتَهَا لِتُغْرِقَ أَهْلَهَا لَقَدْ جِئْتَ شَيْئًا إِمْرًا",
            "79": "قَالَ أَلَمْ أَقُلْ إِنَّكَ لَنْ تَسْتَطِيعَ مَعِيَ صَبْرًا",
            "80": "قَالَ لَا تُؤَاخِذْنِي بِمَا نَسِيتُ وَلَا تُرْهِقْنِي مِنْ أَمْرِي عُسْرًا",
            "81": "فَانْطَلَقَا حَتَّىٰ إِذَا لَقِيَا غُلَامًا فَقَتَلَهُ قَالَ أَقَتَلْتَ نَفْسًا زَكِيَّةً بِغَيْرِ نَفْسٍ لَقَدْ جِئْتَ شَيْئًا نُكْرًا",
            "82": "قَالَ أَلَمْ أَقُلْ لَكَ إِنَّكَ لَنْ تَسْتَطِيعَ مَعِيَ صَبْرًا",
            "83": "قَالَ إِنْ سَأَلْتُكَ عَنْ شَيْءٍ بَعْدَهَا فَلَا تُصَاحِبْنِي ۖ قَدْ بَلَغْتَ مِنْ لَدُنِّي عُذْرًا",
            "84": "فَانْطَلَقَا حَتَّىٰ إِذَا أَتَيَا أَهْلَ قَرْيَةٍ اسْتَطْعَمَا أَهْلَهَا فَأَبَوْا أَنْ يُضَيِّفُوهُمَا فَوَجَدَا فِيهَا جِدَارًا يُرِيدُ أَنْ يَنْقَضَّ فَأَقَامَهُ ۖ قَالَ لَوْ شِئْتَ لَاتَّخَذْتَ عَلَيْهِ أَجْرًا",
            "85": "قَالَ هَٰذَا فِرَاقُ بَيْنِي وَبَيْنِكَ ۚ سَأُنَبِّئُكَ بِتَأْوِيلِ مَا لَمْ تَسْتَطِعْ عَلَيْهِ صَبْرًا",
            "86": "أَمَّا السَّفِينَةُ فَكَانَتْ لِمَسَاكِينَ يَعْمَلُونَ فِي الْبَحْرِ فَأَرَدْتُ أَنْ أَعِيبَهَا وَكَانَ وَرَاءَهُمْ مَلِكٌ يَأْخُذُ كُلَّ سَفِينَةٍ غَصْبًا",
            "87": "وَأَمَّا الْغُلَامُ فَكَانَ أَبَوَاهُ مُؤْمِنَيْنِ فَخَشِينَا أَنْ يُرْهِقَهُمَا طُغْيَانًا وَكُفْرًا",
            "88": "فَأَرَدْنَا أَنْ يُبْدِلَهُمَا رَبُّهُمَا خَيْرًا مِنْهُ زَكَاةً وَأَقْرَبَ رُحْمًا",
            "89": "وَأَمَّا الْجِدَارُ فَكَانَ لِغُلَامَيْنِ يَتِيمَيْنِ فِي الْمَدِينَةِ وَكَانَ تَحْتَهُ كَنْزٌ لَهُمَا وَكَانَ أَبُوهُمَا صَالِحًا فَأَرَادَ رَبُّكَ أَنْ يَبْلُغَا أَشُدَّهُمَا وَيَسْتَخْرِجَا كَنْزَهُمَا رَحْمَةً مِنْ رَبِّكَ ۚ وَمَا فَعَلْتُهُ عَنْ أَمْرِي ۚ ذَٰلِكَ تَأْوِيلُ مَا لَمْ تَسْطِعْ عَلَيْهِ صَبْرًا",
            "90": "وَيَسْأَلُونَكَ عَنْ ذِي الْقَرْنَيْنِ ۖ قُلْ سَأَتْلُو عَلَيْكُمْ مِنْهُ ذِكْرًا",
            "91": "إِنَّا مَكَّنَّا لَهُ فِي الْأَرْضِ وَآتَيْنَاهُ مِنْ كُلِّ شَيْءٍ سَبَبًا",
            "92": "فَأَتْبَعَ سَبَبًا",
            "93": "حَتَّىٰ إِذَا بَلَغَ مَغْرِبَ الشَّمْسِ وَجَدَهَا تَغْرُبُ فِي عَيْنٍ حَمِئَةٍ وَوَجَدَ عِنْدَهَا قَوْمًا ۗ قُلْنَا يَا ذَا الْقَرْنَيْنِ إِمَّا أَنْ تُعَذِّبَ وَإِمَّا أَنْ تَتَّخِذَ فِيهِمْ حُسْنًا",
            "94": "قَالَ أَمَّا مَنْ ظَلَمَ فَسَوْفَ نُعَذِّبُهُ ثُمَّ يُرَدُّ إِلَىٰ رَبِّهِ فَيُعَذِّبُهُ عَذَابًا نُكْرًا",
            "95": "وَأَمَّا مَنْ آمَنَ وَعَمِلَ صَالِحًا فَلَهُ جَزَاءً الْحُسْنَىٰ ۖ وَسَنَقُولُ لَهُ مِنْ أَمْرِنَا يُسْرًا",
            "96": "ثُمَّ أَتْبَعَ سَبَبًا",
            "97": "حَتَّىٰ إِذَا بَلَغَ مَطْلِعَ الشَّمْسِ وَجَدَهَا تَطْلُعُ عَلَىٰ قَوْمٍ لَمْ نَجْعَلْ لَهُمْ مِنْ دُونِهَا سِتْرًا",
            "98": "كَذَٰلِكَ وَقَدْ أَحَطْنَا بِمَا لَدَيْهِ خُبْرًا",
            "99": "ثُمَّ أَتْبَعَ سَبَبًا",
            "100": "حَتَّىٰ إِذَا بَلَغَ بَيْنَ السَّدَّيْنِ وَجَدَ مِنْ دُونِهِمَا قَوْمًا لَا يَكَادُونَ يَفْقَهُونَ قَوْلًا",
            "101": "قَالُوا يَا ذَا الْقَرْنَيْنِ إِنَّ يَأْجُوجَ وَمَأْجُوجَ مُفْسِدُونَ فِي الْأَرْضِ فَهَلْ نَجْعَلُ لَكَ خَرْجًا عَلَىٰ أَنْ تَجْعَلَ بَيْنَنَا وَبَيْنَهُمْ سَدًّا",
            "102": "قَالَ مَا مَكَّنِّي فِيهِ رَبِّي خَيْرٌ فَأَعِينُونِي بِقُوَّةٍ أَجْعَلْ بَيْنَكُمْ وَبَيْنَهُمْ رَدْمًا",
            "103": "آتُونِي زُبَرَ الْحَدِيدِ ۖ حَتَّىٰ إِذَا سَاوَىٰ بَيْنَ الصَّدَفَيْنِ قَالَ انْفُخُوا ۖ حَتَّىٰ إِذَا جَعَلَهُ نَارًا قَالَ آتُونِي أُفْرِغْ عَلَيْهِ قِطْرًا",
            "104": "فَمَا اسْطَاعُوا أَنْ يَظْهَرُوهُ وَمَا اسْتَطَاعُوا لَهُ نَقْبًا",
            "105": "قَالَ هَٰذَا رَحْمَةٌ مِنْ رَبِّي ۖ فَإِذَا جَاءَ وَعْدُ رَبِّي جَعَلَهُ دَكَّاءَ ۖ وَكَانَ وَعْدُ رَبِّي حَقًّا",
            "106": "وَتَرَكْنَا بَعْضَهُمْ يَوْمَئِذٍ يَمُوجُ فِي بَعْضٍ ۖ وَنُفِخَ فِي الصُّورِ فَجَمَعْنَاهُمْ جَمْعًا",
            "107": "وَعَرَضْنَا جَهَنَّمَ يَوْمَئِذٍ لِلْكَافِرِينَ عَرْضًا",
            "108": "الَّذِينَ كَانَتْ أَعْيُنُهُمْ فِي غِطَاءٍ عَنْ ذِكْرِي وَكَانُوا لَا يَسْتَطِيعُونَ سَمْعًا",
            "109": "أَفَحَسِبَ الَّذِينَ كَفَرُوا أَنْ يَتَّخِذُوا عِبَادِي مِنْ دُونِي أَوْلِيَاءَ ۚ إِنَّا أَعْتَدْنَا جَهَنَّمَ لِلْكَافِرِينَ نُزُلًا",
            "110": "قُلْ هَلْ نُنَبِّئُكُمْ بِالْأَخْسَرِينَ أَعْمَالًا",
            "111": "الَّذِينَ ضَلَّ سَعْيُهُمْ فِي الْحَيَاةِ الدُّنْيَا وَهُمْ يَحْسَبُونَ أَنَّهُمْ يُحْسِنُونَ صُنْعًا",
            "112": "أُولَٰئِكَ الَّذِينَ كَفَرُوا بِآيَاتِ رَبِّهِمْ وَلِقَائِهِ فَحَبِطَتْ أَعْمَالُهُمْ فَلَا نُقِيمُ لَهُمْ يَوْمَ الْقِيَامَةِ وَزْنًا",
            "113": "ذَٰلِكَ جَزَاؤُهُمْ جَهَنَّمُ بِمَا كَفَرُوا وَاتَّخَذُوا آيَاتِي وَرُسُلِي هُزُوًا",
            "114": "إِنَّ الَّذِينَ آمَنُوا وَعَمِلُوا الصَّالِحَاتِ كَانَتْ لَهُمْ جَنَّاتُ الْفِرْدَوْسِ نُزُلًا",
            "115": "خَالِدِينَ فِيهَا لَا يَبْغُونَ عَنْهَا حِوَلًا",
            "116": "قُلْ لَوْ كَانَ الْبَحْرُ مِدَادًا لِكَلِمَاتِ رَبِّي لَنَفِدَ الْبَحْرُ قَبْلَ أَنْ تَنْفَدَ كَلِمَاتُ رَبِّي وَلَوْ جِئْنَا بِمِثْلِهِ مَدَدًا",
            "117": "قُلْ إِنَّمَا أَنَا بَشَرٌ مِثْلُكُمْ يُوحَىٰ إِلَيَّ أَنَّمَا إِلَٰهُكُمْ إِلَٰهٌ وَاحِدٌ ۖ فَمَنْ كَانَ يَرْجُو لِقَاءَ رَبِّهِ فَلْيَعْمَلْ عَمَلًا صَالِحًا وَلَا يُشْرِكْ بِعِبَادَةِ رَبِّهِ أَحَدًا"
        },
        "farsi": {
              "8": "\nهمۀ ستایش ها ویژۀ خداست که این کتاب را بر بنده اش نازل کرد، و هیچ گونه انحرافی در آن قرار نداد ",
            "9": " درحالی که مستقیم [و سامان دهندۀ زندگی انسان] است، [نزولش برای این است] که از سوی خود، [کافران را] از عذابی سخت بترساند، و به مؤمنانی که کارهای شایسته انجام می دهند مژده دهد که [پاداشی نیکو] برای آنان است ",
            "10": " درحالی که در آن [پاداشِ نیکو] جاودانه می مانند ",
            "11": " و [نیز] کسانی را که گفتند خداوند برای خود فرزندی انتخاب کرده هشدار دهد !",
            "12": "\n \nنه آنان بر این [ادعای بی اساس] علم [و یقینی] دارند، و نه پدرانشان، [ادعایشان معلول نادانی و تقلید کورکورانه است]، [شگفتا] چه سخن گزاف و بزرگی است که از دهانشان بیرون می آید! آنان جز دروغ نمی گویند ",
            "13": " بیمِ آن می رود، چنانچه به این سخن [که وحی خداوند است] ایمان نیاورند تو خود را از شدت اندوه هلاک کنی ",
            "14": " ما آنچه را [از جماد، نبات، حیوان، دریا و دیگر آفریده ها] روی زمین است زینتِ آن قرار دادیم تا مردم را آزمایش کنیم که کدامشان نیکوکارترند ",
            "15": " و بی تردید ما آنچه را روی زمین است خاک بی گیاه خواهیم کرد [تا با توجه به فناپذیری پدیده های مادّی بر آن ها دل نبندید، بلکه از آن ها در راه به دست آوردن نیکوترین عمل بهره بگیرید ]",
            "16": " آیا گمان کردی که اصحاب «کهف» و «رَقیم» از نشانه های شگفت انگیزِ ما بودند؟ [چنین نیست؛ زیرا ما را نشانه های شگفت انگیزتر از آنان بسیار است  ]",
            "17": " [از] روزگاری [یاد کن] که آن جوانمردان در غار پناه گرفتند و گفتند: پروردگارا! از پیشگاه خود رحمتی به ما عطا کن، و برای ما در کارمان زمینۀ هدایتی فراهم ساز! ",
            "18": " پس سالیانی چند در آن غار پرده بر گوش هایشان زدیم [که به خوابی عمیق فرو رفتند]",
            "19": " آن گاه آنان را [از خواب] برانگیختیم تا مشخص سازیم کدام یک از آن دو گروه مدت درنگشان [در خواب] را بهتر به شمار می آورند ",
            "20": " ما داستان [عبرت آموز] آنان را به درستی و راستی برای تو حکایت می کنیم؛ آنان جوانمردانی بودند که به پروردگارشان ایمان آوردند، و ما بر هدایتشان افزودیم ",
            "21": " و دل هایشان را [با یقین به حقایق] استوار ساختیم، آن گاه که [در برابر شرک و بُت پرستی] قیام کردند و گفتند: پروردگار ما پروردگار آسمان ها و زمین است، هرگز معبودی جز او را نمی خوانیم، که [اگر بخوانیم] سخنی گزاف و دور از حق گفته ایم ",
            "22": " اینان قوم [جاهل و بی دانشِ] ما هستند که به جای خداوندِ یکتا معبودانی انتخاب کرده اند، چرا بر [حقانیت] معبودانشان دلیلی روشن نمی آورند؟ پس ستمکارتر از کسی که بر خدا دروغ ببندد [که خدا دارای شریک است] کیست؟",
            "23": "\n \n[به یکدیگر گفتند] اکنون که از بُت پرستان و آنچه جز خداوند می پرستند کناره گرفته اید، پس در این غار پناه بگیرید تا پروردگارتان از رحمتش بر شما بگستراند، و در کارتان آسایش و راحتی فراهم آورَد ",
            "24": " [اگر در آن جا باشی] خورشید را می بینی که به هنگام طلوع، از جهت راستِ غارشان متمایل می شود، و زمان غروب سمت چپشان را ترک می کند، درحالی که آنان در جای وسیعی از آن قرار دارند، این از نشانه های [قدرت] خداست، خداوند هرکه را هدایت کند راه یافته است، و هرکه را در گمراهی وانهد، برای او یارِ هدایت کننده ای نخواهی یافت ",
            "25": " [چون به آنان بنگری] گمان می کنی بیدارند درحالی که خوابند، آنان را به جانب راست و چپ می گردانیم، و سگشان دو دستش را در آستانۀ [غار] گشوده است، اگر به سوی آنان سر می کشیدی روی برتافته و می گریختی، و از [دیدن] آنان پُر از ترس می شدی ",
            "26": " همان گونه [که آنان را در به خواب بریم، از خواب] بیدارشان کردیم تا بین خود از یکدیگر [از آنچه اتفاق افتاده] بپرسند، گوینده ای از آنان گفت: چه اندازه [در خواب] مانده اید؟ [برخی] گفتند: یک روز یا پاره ای از روز. [برخی دیگر] گفتند: پروردگارتان به مقداری که [در خواب] مانده اید داناتر است، پس یک نفرتان را با این سکه روانۀ شهر کنید! و او باید با دقت بنگرد کدام یک [از فروشندگانِ شهر] غذایش پاکیزه تر است، پس غذایی از آن برایتان بیاورد، و او باید [در رفت وبرگشت و دادوستد،] خوشرویی و نرمی نشان دهد، و هیچ کس را از [وضع و حال] شما آگاه نکند ",
            "27": " زیرا اگر [این بُت پرستانِ بی رحم] بر شما دست یابند سنگسارتان می کنند، یا شما را به آیین خود باز می گردانند، در آن صورت هرگز [بر موانع و مشکلات راهِ سعادت] پیروز نخواهید شد ",
            "28": "\n \nو این گونه، [مردم شهر را با دیدنِ سکه های چند قرن پیش که نمایندۀ غارنشینان برای خرید غذا پرداخت،] از [حال و وضع] آنان آگاه کردیم تا یقین کنند که وعدۀ خداوند [در برانگیختنِ مردگان در قیامت] حق است، و در [برپاشدنِ] رستاخیز هیچ تردیدی وجود ندارد، [آگاهی مردم شهر بر اصحاب کهف] زمانی [بود] که بین خود در مورد آنان [و مسئلۀ زنده شدنِ مردگان] نزاع و اختلاف داشتند، به هر حال [منکران قیامت] گفتند: ساختمانی روی آنان بنا کنید [تا از دیده ها پنهان بمانند]. [البته] پروردگارشان به آنان داناتر است، [ولی] موحّدانی که بر هدفشان [در مورد اصحاب کهف] پیروز شدند گفتند: یقیناً مسجدی بر روی آنان بنا خواهیم کرد ",
            "29": " [آیندگان] به زودی خواهند گفت: [اصحاب کهف] سه نفر بودند چهارمینِ آنان سگشان بود، و می گویند: پنج نفر بودند ششمینِ آنان سگشان بود، درحالی که [این نظردادن ها فقط] حدس و گمان است، و می گویند: هفت نفر بودند هشتمینِ آنان سگشان بود. بگو: پروردگارم به عدد آنان آگاه تر است، و جز شمار اندکی کسی [تعداد] آنان را نمی داند، پس دربارۀ آنان جز به صورتی گذرا بحث و گفت وگو مکن، و در مورد آنان از هیچ کس نظر مخواه ",
            "30": " هرگز دربارۀ چیزی مگو که من آن را فردا انجام می دهم !",
            "31": " مگر این که بگویی: «اِن شاءاللّه»، و هرگاه [گفتنِ آن را] از یاد بردی، [پس از به یادآمدنت] به پروردگارت توجه قلبی کن! و بگو: امید است پروردگارم مرا به چیزی که از این [توجهِ بعد از فراموشی] به صواب نزدیک تر است [و آن توجهِ دائمی است] راهنمایی کند ",
            "32": " [اصحاب کهف] سیصد سال در غارشان [به حالت خواب] ماندند و نُه سال بر آن افزودند ",
            "33": " بگو: خداوند به مدتی که ماندند داناتر است؛ [زیرا] آگاهی به غیب آسمان ها و زمین ویژۀ اوست، [وه که] او چه بینا و شنواست! برای اهل آسمان ها و زمین سرپرست و یاری جز او نیست، و اَحدی را در تدبیر و فرمانروایی اش [بر جهانِ هستی] شریک نمی گیرد ",
            "34": " آنچه از کتاب پروردگارت بر تو وحی شده قرائت کن! برای کلماتش هیچ تغییردهنده ای نیست، و هرگز تکیه گاهی جز او نخواهی یافت ",
            "35": "\n \nبا کسانی که صبح و شام پروردگارشان را می خوانند درحالی که همواره خشنودی او را می طلبند پایدار باش! و نگاهت در طلب زینت و زیور زندگی دنیا از آنان [به سوی ثروتمندان] برنگردد، و از کسی که دلش را [به کیفر طغیانش] از یاد خود غافل کرده ایم، و از خواسته های [نامشروع] خود پیروی کرده، و کارش اسراف و زیاده روی است اطاعت مکن! ",
            "36": " بگو: حقّ [که قرآن است] فقط از سوی پروردگار شماست، پس هرکه خواست ایمان بیاورد و هرکه خواست کافر شود، یقیناً ما برای ستمکاران آتشی آماده کرده ایم که سراپرده هایش بر آنان احاطه دارد، و اگر [از شدت تشنگی] درخواست کمک کنند آبی چون مسِ ذوب شده که چهره  ها[یشان] را بریان می کند به آنان می نوشانند، بد آشامیدنی و بد جایگاهی است! ",
            "37": " مسلّماً مؤمنانی که کارهای شایسته انجام داده اند [پاداششان را دریافت می کنند؛ زیرا] ما پاداش نیکوکاران را تباه نمی کنیم ",
            "38": " برای آنان بهشت های جاودانی است که از زیر [درختان] آن نهرها جاری است، در آن جا با دست بندهایی زرّین آراسته می شوند، و جامه هایی سبز از دیبای نازک و ستبر می پوشند، این در حالی است که در آن [جایگاهِ رفیع] بر تخت ها تکیه می زنند، چه خوب پاداشی و چه نیکو آسایشگاهی !",
            "39": " برای مشرکان [که از تأثیرگذاری معبودانِ باطل دم می زنند، و به دنیای فانی دل بسته اند] مَثَلی بزن: دو مردی که به یکی از آنان دو باغ انگور عطا کردیم، و گرداگرد آن دو باغ را با درختان خرما پوشاندیم، و [فاصلۀ] میان آن دو [باغ] را کشتزاری [سرسبز و خرم] قرار دادیم ",
            "40": " هریک از این دو باغ میوه اش را می داد، و [به علت مصونیت از آفت،] چیزی از آن کاسته نمی شد، میان دو باغ نهری [دل انگیز و پُرآب] جاری کرده بودیم ",
            "41": " صاحب دو باغ که محصول [فراوانی] داشت [مغرورانه] به رفیقش درحالی که با او گفت وگو می کرد، گفت: مال و ثروت من از تو بیشتر است، و از جهت نفرات از تو نیرومندترم ",
            "42": "\n \nدرحالی که [به سبب نافرمانی از خداوند،] ستمکار بر خود بود وارد باغش شد، ادعا کرد که: گمان نمی کنم هرگز این [باغ] نابود شود ",
            "43": " و خیال نمی کنم که قیامت برپا شود، اگر هم بر فرض مرا [پس از مرگ] به پروردگارم بازگردانند، جایگاهی بهتر از این خواهم یافت ",
            "44": " رفیقش در حال گفت وگوی با او به وی گفت: آیا به خداوندی که تو را از خاک، سپس از نطفه به وجود آورده، و بعد از آن به صورت مردی معتدل [و آراسته] درآورده کافر شده ای؟",
            "45": " ولی [من اعتراف یقینی دارم که] او خداوند یکتا و پروردگار من است، و هیچ کس را [در هیچ امری] با پروردگارم شریک نمی گیرم ",
            "46": " چرا وقتی وارد باغ خود شدی نگفتی آنچه خدا بخواهد [انجام می گیرد]، و هیچ نیرویی جز به وسیلۀ خدا [کارگر] نیست. اگر مرا از جهت ثروت و فرزند کمتر از خودت می بینی ",
            "47": " امید است پروردگارم بهتر از باغ تو را به من عطا کند، و از آسمان عذابی حساب شده بر باغت بفرستد تا به صورت زمینی صاف و بی گیاه گردد ",
            "48": " یا آب آن [که باغ خود را با آن سیراب می کنی] در زمین فرورود تاجایی که هرگز به آن دسترسی نداشته باشی ",
            "49": " [نهایتا آن مشرک مغرور، دچار عذاب الهی شد] و [تمام] محصولاتش از بین رفت، پس درحالی که همۀ داربست ها فرو ریخته [و تاک های خشک روی آن] بود، و در [حسرت] هزینۀ فراوانی [بود] که متحمّل شده بود، دو دستش را زیر و رو می کرد، می گفت: ای کاش اَحدی را با پروردگارم شریک نگرفته بودم، [و جز او را مؤثر در امورم نمی دانستم ]",
            "50": " و برایش گروهی که او را در برابر خدا یاری دهند نبود، و [خودش هم] یاورِ [خود] نبود [و قدرت برطرف کردنِ عذاب خدا را از خود نداشت] ",
            "51": " در چنین زمان [که گرفتاری از هر سو انسان را احاطه کند]، یاری رساندن فقط در انحصار خداوند برحق است، او از جهت پاداش دادن بهتر، و از نظر [تأمینِ] عاقبت [برای مؤمنان] نیکوتر است ",
            "52": " برای آنان زندگی دنیا را [در فناپذیری و از دست رفتن] مَثَل بزن که مانند آبی است که از آسمان می فرستیم، پس گیاه زمین به صورتی انبوه و درهم پیچیده می روید، سپس [با گذشت زمانی کوتاه] خشک و ریز ریز گردد، که بادها آن را [به هر سو] پراکنده کنند، و خداوند بر هر کاری تواناست ",
            "53": "\n \nثروت و فرزندان، زینت زندگی دنیایند، ولی کارهای شایستۀ پایدار، پاداشش نزد پروردگارت بهتر، و از جهت امیدداشتن [به آن] نیکوتر است ",
            "54": " [به یاد آر] روزی که کوه ها را [از محل استقرارشان] حرکت می دهیم [و از بین می بریم]، و [همۀ] زمین را آشکارا [بدون هیچ پَستی و بلندی] ببینی، و همۀ انسان ها را [برای ورود به عرصۀ قیامت] محشور کنیم، و اَحدی از آنان را وانگذاریم ",
            "55": " آنان صف کشیده بر پروردگارت عرضه می شوند، [به آنان می گوید:] همانا شما [پس از مرگتان زنده گشته] نزد ما آمدید، چنانکه نخستین بار شما را [از خاک مرده، موجودی زنده] آفریدیم، [شما در توان مندی ما در مورد زنده کردن مردگان تردید داشتید،] بلکه گمان می کردید برای [محاسبۀ اعمالِ] شما موعدی قرار نخواهیم داد ",
            "56": " کتاب [اعمال هرکسی در برابرش] نهاده می شود، پس گنه پیشگان را می بینی که از آنچه در آن [ثبت] است هراسانند، می گویند: وای بر ما! این چه کتابی است که هیچ [عمل] کوچک و بزرگی را فرونگذاشته مگر آن که آن را به حساب آورده است؟! آنان هر عملی را که [در دنیا] انجام داده اند حاضر می یابند، و پروردگارت [در زمینۀ پاداش و کیفر] به هیچ کس ستم نخواهد کرد ",
            "57": " چون به فرشتگان گفتیم برای آدم سجده کنید! همه سجده کردند مگر ابلیس که از [گروه] جنّ بود، او از فرمان پروردگارش سرپیچی کرد، با این حال [شما ای انسان ها!] آیا او و نسلش را به جای من یار و سرپرست خود می گیرید؟ درحالی که همۀ آنان دشمن شما هستند، [آنان] بد جایگزینی [به جای خدا] برای ستمکاران هستند ",
            "58": " من ابلیس و نسلش را در آفرینش آسمان ها و زمین، و در پدیدآوردن خودشان شاهد نگرفتم [تا در تدبیر نسبت به آفرینش یاری ام دهند]، من هرگز بر آن نیستم که گمراه کنندگان را به مددکاری [ ام] انتخاب کنم ",
            "59": " [خداوند] در قیامت [به مشرکان] گوید: کسانی را که شریکان من [در قدرت و ربوبیت و تدبیر امور] می پنداشتید [برای نجاتتان از عذاب] صدا بزنید. پس آنان را صدا می زنند، ولی پاسخشان نمی دهند، و بین آنان و معبودانشان ورطۀ هلاکتی قرار می دهیم [که هر نوع رابطه ای را بین آنان ناممکن خواهد ساخت] ",
            "60": " گنه پیشگان آتش [دوزخ] را می بینند و یقین می کنند که در آن خواهند افتاد، و راه بازگشتی از آن نمی یابند ",
            "61": "\n \nهمانا در این قرآن از هرگونه مَثَلِ [پندآموزی] برای مردم بیان کرده ایم [ولی از قبول آن امتناع می کنند]، و انسان از همۀ موجودات [برخوردش با حق از نظر گفتار خصمانه تر و] ستیزه جو[یانه] تر است ",
            "62": " وقتی هدایت به سوی مردم آمد، چیزی آنان را از مؤمن شدن، و درخواست آمرزش از پروردگارشان بازنداشت جز این که [منتظرند] روش [ما در نازل کردنِ عذاب بر] گذشتگانِ [مجرم] به سراغشان آید، یا این که عذاب روبرویشان فرارسد [تا ایمان بیاورند، درحالی که ایمان آوردن و مغفرت خواهی هنگام دیدن عذاب کاملاً بی فایده است] ",
            "63": " ما پیامبران را جز مژده رسان و هشدار دهنده نمی فرستیم، کافران با گفتار باطل [و اعمال ناپسند]، ستیزه جویی می کنند تا به وسیلۀ آن حق را تباه نمایند، آنان آیاتم و عذاب هایی که به آن بیمشان داده اند به مسخره گرفته اند ",
            "64": " ستمکارتر از کسی که به آیات پروردگارش پندش دهند و او از آن ها رویگردان شود، و دستاورد پیشین خود را [که کفر و عصیان بوده] فراموش کند کیست؟ ما بر دل هایشان پوشش هایی نهاده ایم تا قرآن را [به کیفرِ کفرشان] نفهمند، و در گوش هایشان سنگینی [گذارده ایم تا معارف را آن گونه که باید نشنوند]، اگر آنان را به هدایت دعوت کنی هرگزهدایت نیابند ",
            "65": " پروردگارت بسیار آمرزنده و دارای رحمت است، اگر [اراده می کرد] آنان را به کیفر گناهانی که مرتکب شده اند مجازات کند مسلّماً در عذابشان شتاب می کرد [ولی در عذابِ گنه پیشگان شتاب در کارش نیست]، بلکه [در عذاب] برای آنان وعده گاهی است که هرگز در برابر آن [کمترین] پناهگاهی نخواهند یافت",
            "66": " و آن شهرها[یی که داستان هایش را برایت گفتیم،] هنگامی که [اهلش با کفر و عصیان به خود] ستم رواداشتند هلاکشان کردیم، و برای هلاکتشان، وقت معینی قرار دادیم",
            "67": " [یاد کن] هنگامی که موسی به جوان [خدمت گزار] خود گفت: دست از ادامۀ سفر برنمی دارم تا به محل تلاقی آن دو دریا برسم، [چه زود برسم] یا مدتی طولانی به سفر ادامه دهم ",
            "68": " هنگامی که به محل تلاقی دو دریا رسیدند [مواظبت از] ماهی خود را [که برای خوردن فراهم کرده بودند] از یاد بردند، ماهی [هم] راهِ خود را در درون دریا در پیش گرفت ",
            "69": "\n \nچون [از آن جا] گذشتند [موسی] به جوان [خدمت کار] خود گفت: غذای صبح گاهی ما را بیاور که از این سفرمان خستگی زیاد دیده ایم ",
            "70": " [خدمت کارش] گفت: آیا دیدی [چه حادثه ای پیش آمد]؟! چون کنار آن سنگِ بزرگ پناه گرفتیم، من [مواظبت از] ماهی را از یاد بردم، و کسی جز شیطان از یادم نَبُرد، و [ماهی] به صورتی شگفت راهِ خود را در دریا پیش گرفت و رفت! [و من از گفتن این مطلب به تو غفلت کردم ]",
            "71": " [موسی] گفت: آن جا همان است که ما در جستجویش بودیم. پس با پی گیری جای پای خود [به آن محل] بازگشتند ",
            "72": " [آن جا] بنده ای از بندگان ما را یافتند که او را از پیشگاهِ خود رحمتی داده، و از نزد خویش دانشی [ویژه] به او عطا کرده بودیم ",
            "73": " موسی به او گفت: آیا [اجازه دارم] همراه تو باشم که از آنچه به تو آموخته اند مایۀ رشدی به من بیاموزی؟",
            "74": " گفت: [ای موسی!] تو هرگز نمی توانی بر همراهی با من شکیبایی کنی ",
            "75": " چگونه می خواهی بر حقایقی که به [شناخت] آن احاطه نداری شکیبا باشی؟",
            "76": "[موسی] گفت: اِن شاءاللّه مرا شکیبا خواهی یافت، و در هیچ کاری با تو مخالفت نخواهم کرد ",
            "77": "[آن مرد] گفت: [ای موسی!] اگر همراه من آمدی دربارۀ هیچ چیز از من مپرس تا [خود] دربارۀ [حقیقتِ] آن با تو سخن آغاز کنم ",
            "78": " پس هر دو به راه افتادند تا زمانی که سوار کشتی شدند، [آن مرد] شکافی در کشتی ایجاد کرد، [موسی] گفت: آیا آن را شکافتی تا سرنشینانش را غرق کنی؟ به راستی کار شگفت آوری کردی!",
            "79": "[آن مرد] گفت: آیا نگفتم تو هرگز توان نداری که همراه من شکیبایی کنی؟",
            "80": "[موسی] گفت: مرا بر آنچه از یاد بردم مؤاخذه مکن، و کار را بر من سخت نگیر ",
            "81": " پس هر دو [بعد از پیاده شدن از کشتی] به راه افتادند تا زمانی که به نوجوانی برخوردند، [او] آن [نوجوان] را کشت، [موسی] گفت: آیا شخص بی گناهی را بی  آن که کسی را کشته باشد کشتی؟ قطعاً کار بسیار ناپسندی مرتکب شدی!",
            "82": "\n \n[آن مرد] گفت: [ای موسی!] آیا نگفتم تو هرگز توان نداری که همراه من شکیبایی کنی؟",
            "83": " [موسی] گفت: بعد از این اگر چیزی از تو پرسیدم با من همراهی مکن [؛ زیرا] یقیناً دربارۀ [جداشدن از] من معذور خواهی بود ",
            "84": " پس هر دو به راه افتادند تا وقتی که به اهل شهری رسیدند، از مردمش درخواستِ غذا کردند ولی آنان از مهمان کردنِ آن دو خودداری کردند، در آن شهر دیواری یافتند که در حال فرو ریختن بود، [بندۀ ما] آن را [به گونه ای] استوار کرد [که فرونریزد]، موسی گفت: [لااقل] اگر می خواستی در برابر تعمیرِ دیوار مُزدی بگیری [که برای خود غذایی فراهم کنیم] ",
            "85": " گفت: [ای موسی!] اکنون [هنگام] جدایی بین من و توست، به زودی تو را به [حقیقت و] تفسیر آنچه نتوانستی بر آن شکیبایی کنی آگاه می کنم ",
            "86": " اما [آن] کشتی سرمایۀ بینوایانی بود که [با آن] در دریا کار می کردند، در برابرشان پادشاهی بود که هر کشتی [بی عیبی] را غاصبانه به یغما می برد، من خواستم معیوبش کنم [تا به دست آن ستمکار نیفتد] ",
            "87": "و اما [آن] نوجوان [را که کشتم]، پدر و مادرش مؤمن بودند ترسیدیم که آن دو را [در آینده] به طغیان و کفر بکشاند ",
            "88": " پس خواستیم پروردگارشان پاک تر و مهربان تر از او را به آنان عوض دهد ",
            "89": " اما [آن] دیوار مالکیتش از دو نوجوان یتیم در [این] شهر بود، و زیر آن گنجی متعلق به آن دو نفر بود، و پدرشان مرد شایسته ای بود، پروردگارت خواست که آن دو [یتیم] به سنّ رشد برسند و گنجشان را به خاطر مِهر[ی که] پروردگارت [به آن دو داشت] بیرون آورند، و من آنچه را [در این سه حادثه] انجام دادم از پیش خود نکردم [بلکه همه به فرمان خداوند بود]، این است حقیقت و تفسیر آنچه که نتوانستی بر آن شکیبایی کنی",
            "90": " از تو دربارۀ «ذوالقَرنین» می پرسند، بگو: به زودی سرگذشت او را [به وسیلۀ آیات قرآن] برای شما می خوانم ",
            "91": "\n \nما در زمین به او قدرت و امکانات دادیم، و از هرچیزی [که برای رسیدن به اهدافش لازم داشت] وسیله ای عطا کردیم ",
            "92": " پس [با به کارگیری وسایل،] راهی را [برای سفر به سوی غرب] دنبال کرد ",
            "93": " تا زمانی که به محلِ غروب خورشید رسید، چنین احساس کرد که خورشید در چشمه ای سیاه فام و لجن آلود غروب می کند، و قومی را در منطقۀ غرب یافت [که مفسد و ستمکار بودند،] گفتیم: ای ذوالقَرنین! یا باید [این قوم را به کیفر فساد و ستمشان] مجازات کنی، یا در میانشان شیوۀ نیک [و خوش رفتاری] را برگزینی",
            "94": " [ذوالقَرنین] گفت: اما هرکه ستم کرده مجازاتش می کنیم، سپس او را به سوی پروردگارش بازمی گردانند، آن گاه [خداوند] او را عذابِ سختی خواهد کرد ",
            "95": " و اما هرکس ایمان بیاورد و کار شایسته انجام دهد بهترین پاداش نصیب اوست، و ما از سوی خود تکالیف آسان به او ارائه خواهیم کرد",
            "96": " سپس [با به کارگیری وسایل] راهی را [برای سفر به سوی شرق] دنبال کرد ",
            "97": " تا زمانی که به محلِ طلوع خورشید رسید، دریافت که خورشید بر قومی [بیابان نشین] طلوع می کند که در برابر [تابش] خورشید برای آنان پوششی [از لباس و مسکن] قرار نداده ایم ",
            "98": " [سرگذشت ذوالقَرنین و رفتار الهی اش با غربیان و شرقیان] این گونه [بود که بیان شد،] و قطعاً ما به آنچه [از قدرت و امکانات] که نزد او بود احاطۀ کامل داشتیم ",
            "99": " سپس [با به کارگیری وسایل] راهی را [برای سفری دیگر] دنبال کرد ",
            "100": " تا زمانی که میان دو کوه رسید، در مجاورت آن دو [کوه] قومی را یافت که هیچ سخنی را [به آسانی] نمی فهمیدند [زیرا فقط زبان ویژۀ خود را داشتند] ",
            "101": " [آنان با رمز و اشاره و با تکلمی ناقص] گفتند: ای ذوالقَرنین! یأجوج و مأجوج [قبایل وحشی مغول و تاتار با کشتن و غارت و تخریب] در [این] سرزمین تبهکاری و فتنه انگیزی می کنند، آیا مُزدی از ما می پذیری که بین ما و آنان سدّی بسازی؟",
            "102": " گفت: پروردگارم آنچه [از قدرت و امکانات] به من عطا کرده [از مُزد شما] بهتر است، پس مرا با نیرویی [مادّی و انسانی و امکاناتِ لازم] کمک کنید تا بین شما و آنان مانعی محکم[ تر از سدّ مورد نظر شما] بسازم ",
            "103": " برایم قطعات بزرگ آهن بیاورید. [زمانی که آوردند آن ها را حساب شده روی هم قرار داد] تا میان [آن] دو کوه را برابر [و همسطح] کرد، [آن گاه] گفت: [اکنون در کوره های آتشین کنار قطعات آهن] بدمید. تاجایی که آن ها را [چون] آتشِ [سرخ شده] کرد، گفت: [حالا] برایم مسِ گداخته شده بیاورید تا روی آن بریزم ",
            "104": " [هنگامی که آن مانع بسیار مُحکم ساخته شد، یأجوج و مأجوج] نتوانستند از آن بالا روند، و توان آن را نداشتند که در آن رخنه ایجاد کنند ",
            "105": "\n \n[ذوالقَرنین پس از پایان کارِ سدّ] گفت: این نعمتی است از پروردگار من [به سود مردمی که از فتنۀ یأجوج و مأجوج رهایی یافتند، و این سدّ تا زمانی معین خواهد بود،] چون وعدۀ پروردگارم [برای برپاشدن قیامت] فرارسد آن را در هم کوبیده و با خاک یکسان خواهد کرد، و وعدۀ پروردگارم حق و انجام شدنی است ",
            "106": " در آن روز آنان را رها می کنیم که موج وار درهم در آمیزند.آن گاه در صور می دمند، پس همۀ آنان را جمع می کنیم؛ جمعی بسیار گسترده ",
            "107": " و دوزخ را در آن روز برای کافران آشکار می کنیم؛ آشکارکردنی هول انگیز ",
            "108": " هم آنان که چشمانشان از [دیدن] آیات و نشانه های [وجودِ] من در پردۀ [غفلت] بود و نمی توانستند [سخنان حق را به گوش قبول] بشنوند ",
            "109": " آیا کافران پنداشته اند [اگر] که بندگانم را [که همه مملوک و نیازمندند] به جای من سرپرست و کارسازِ [خود] بگیرند [در دنیا و آخرت سودی به حالشان دارد]؟! [چنین نیست]، مسلّماً ما دوزخ را برای پذیرایی کافران آماده کرده ایم ",
            "110": " بگو: آیا شما را از زیانکارترین مردم از نظر کوشش و تلاش آگاه کنیم؟",
            "111": " هم آنان که کوششان در زندگی دنیا تباه شده درحالی که می پندارند کوششی نیکو دارند",
            "112": " اینانند که آیات پروردگارشان و لقای او را منکر شدند، پس تلاششان تباه و بی اثر شد و روز قیامت میزانی برای آنان [به سبب تباه شدنِ تلاششان] برپا نمی کنیم ",
            "113": " این است [وضع و حال زیانکاران]، کیفرشان به سبب آن که کفر ورزیدند و آیات من و پیامبرانم را به مسخره گرفتند دوزخ است ",
            "114": " به یقین مؤمنانی که کارهای شایسته انجام داده اند بهشت های فردوس جای پذیرایی از آنان است ",
            "115": " در آن جاودانه اند، و خواهان انتقال از آن [به جای دیگر] نیستند ",
            "116": " بگو: اگر دریا برای [نوشتنِ] کلمات پروردگارم [که مخلوقات او هستند] مُرکب شود، پیش از آن که کلمات پروردگارم پایان یابد قطعاً دریا به پایان می رسد؛ هرچند [دریایی دیگر] مانند آن دریا را به کمک بیاوریم ",
            "117": " بگو: جز این نیست که من بشری چون شمایم، [با این تفاوت که] به من وحی می شود که: معبود شما فقط خداوند یکتاست. پس کسی که به لقای پروردگارش امید دارد باید کار شایسته انجام دهد، و هیچ کس را در پرستشِ پروردگارش شریک نگیرد "
        }
    }
}