{
    "2": {
        "number": 2,
        "title": "سورة مريم",
        "bab": 4,
        "delay": 0,
        "arabic": {
            "1": "كهيعص",
            "2": "ذِكْرُ رَحْمَتِ رَبِّكَ عَبْدَهُ زَكَرِيَّا",
            "3": "إِذْ نَادَىٰ رَبَّهُ نِدَاءً خَفِيًّا",
            "4": "قَالَ رَبِّ إِنِّي وَهَنَ الْعَظْمُ مِنِّي وَاشْتَعَلَ الرَّأْسُ شَيْبًا وَلَمْ أَكُنْ بِدُعَائِكَ رَبِّ شَقِيًّا",
            "5": "وَإِنِّي خِفْتُ الْمَوَالِيَ مِنْ وَرَائِي وَكَانَتِ امْرَأَتِي عَاقِرًا فَهَبْ لِي مِنْ لَدُنْكَ وَلِيًّا",
            "6": "يَرِثُنِي وَيَرِثُ مِنْ آلِ يَعْقُوبَ ۖ وَاجْعَلْهُ رَبِّ رَضِيًّا",
            "7": "يَا زَكَرِيَّا إِنَّا نُبَشِّرُكَ بِغُلَامٍ اسْمُهُ يَحْيَىٰ لَمْ نَجْعَلْ لَهُ مِنْ قَبْلُ سَمِيًّا",
            "8": "قَالَ رَبِّ أَنَّىٰ يَكُونُ لِي غُلَامٌ وَكَانَتِ امْرَأَتِي عَاقِرًا وَقَدْ بَلَغْتُ مِنَ الْكِبَرِ عِتِيًّا",
            "9": "قَالَ كَذَٰلِكَ قَالَ رَبُّكَ هُوَ عَلَيَّ هَيِّنٌ وَقَدْ خَلَقْتُكَ مِنْ قَبْلُ وَلَمْ تَكُ شَيْئًا",
            "10": "قَالَ رَبِّ اجْعَلْ لِي آيَةً ۚ قَالَ آيَتُكَ أَلَّا تُكَلِّمَ النَّاسَ ثَلَاثَ لَيَالٍ سَوِيًّا",
            "11": "فَخَرَجَ عَلَىٰ قَوْمِهِ مِنَ الْمِحْرَابِ فَأَوْحَىٰ إِلَيْهِمْ أَنْ سَبِّحُوا بُكْرَةً وَعَشِيًّا",
            "12": "يَا يَحْيَىٰ خُذِ الْكِتَابَ بِقُوَّةٍ ۖ وَآتَيْنَاهُ الْحُكْمَ صَبِيًّا",
            "13": "وَحَنَانًا مِنْ لَدُنَّا وَزَكَاةً ۖ وَكَانَ تَقِيًّا",
            "14": "وَبَرًّا بِوَالِدَيْهِ وَلَمْ يَكُنْ جَبَّارًا عَصِيًّا",
            "15": "وَسَلَامٌ عَلَيْهِ يَوْمَ وُلِدَ وَيَوْمَ يَمُوتُ وَيَوْمَ يُبْعَثُ حَيًّا",
            "16": "وَاذْكُرْ فِي الْكِتَابِ مَرْيَمَ إِذِ انْتَبَذَتْ مِنْ أَهْلِهَا مَكَانًا شَرْقِيًّا",
            "17": "فَاتَّخَذَتْ مِنْ دُونِهِمْ حِجَابًا فَأَرْسَلْنَا إِلَيْهَا رُوحَنَا فَتَمَثَّلَ لَهَا بَشَرًا سَوِيًّا",
            "18": "قَالَتْ إِنِّي أَعُوذُ بِالرَّحْمَٰنِ مِنْكَ إِنْ كُنْتَ تَقِيًّا",
            "19": "قَالَ إِنَّمَا أَنَا رَسُولُ رَبِّكِ لِأَهَبَ لَكِ غُلَامًا زَكِيًّا",
            "20": "قَالَتْ أَنَّىٰ يَكُونُ لِي غُلَامٌ وَلَمْ يَمْسَسْنِي بَشَرٌ وَلَمْ أَكُ بَغِيًّا",
            "21": "قَالَ كَذَٰلِكِ قَالَ رَبُّكِ هُوَ عَلَيَّ هَيِّنٌ ۖ وَلِنَجْعَلَهُ آيَةً لِلنَّاسِ وَرَحْمَةً مِنَّا ۚ وَكَانَ أَمْرًا مَقْضِيًّا",
            "22": "فَحَمَلَتْهُ فَانْتَبَذَتْ بِهِ مَكَانًا قَصِيًّا",
            "23": "فَأَجَاءَهَا الْمَخَاضُ إِلَىٰ جِذْعِ النَّخْلَةِ قَالَتْ يَا لَيْتَنِي مِتُّ قَبْلَ هَٰذَا وَكُنْتُ نَسْيًا مَنْسِيًّا",
            "24": "فَنَادَاهَا مِنْ تَحْتِهَا أَلَّا تَحْزَنِي قَدْ جَعَلَ رَبُّكِ تَحْتَكِ سَرِيًّا",
            "25": "وَهُزِّي إِلَيْكِ بِجِذْعِ النَّخْلَةِ تُسَاقِطْ عَلَيْكِ رُطَبًا جَنِيًّا",
            "26": "فَكُلِي وَاشْرَبِي وَقَرِّي عَيْنًا ۖ فَإِمَّا تَرَيِنَّ مِنَ الْبَشَرِ أَحَدًا فَقُولِي إِنِّي نَذَرْتُ لِلرَّحْمَٰنِ صَوْمًا فَلَنْ أُكَلِّمَ الْيَوْمَ إِنْسِيًّا",
            "27": "فَأَتَتْ بِهِ قَوْمَهَا تَحْمِلُهُ ۖ قَالُوا يَا مَرْيَمُ لَقَدْ جِئْتِ شَيْئًا فَرِيًّا",
            "28": "يَا أُخْتَ هَارُونَ مَا كَانَ أَبُوكِ امْرَأَ سَوْءٍ وَمَا كَانَتْ أُمُّكِ بَغِيًّا",
            "29": "فَأَشَارَتْ إِلَيْهِ ۖ قَالُوا كَيْفَ نُكَلِّمُ مَنْ كَانَ فِي الْمَهْدِ صَبِيًّا",
            "30": "قَالَ إِنِّي عَبْدُ اللَّهِ آتَانِيَ الْكِتَابَ وَجَعَلَنِي نَبِيًّا",
            "31": "وَجَعَلَنِي مُبَارَكًا أَيْنَ مَا كُنْتُ وَأَوْصَانِي بِالصَّلَاةِ وَالزَّكَاةِ مَا دُمْتُ حَيًّا",
            "32": "وَبَرًّا بِوَالِدَتِي وَلَمْ يَجْعَلْنِي جَبَّارًا شَقِيًّا",
            "33": "وَالسَّلَامُ عَلَيَّ يَوْمَ وُلِدْتُ وَيَوْمَ أَمُوتُ وَيَوْمَ أُبْعَثُ حَيًّا",
            "34": "ذَٰلِكَ عِيسَى ابْنُ مَرْيَمَ ۚ قَوْلَ الْحَقِّ الَّذِي فِيهِ يَمْتَرُونَ",
            "35": "مَا كَانَ لِلَّهِ أَنْ يَتَّخِذَ مِنْ وَلَدٍ ۖ سُبْحَانَهُ ۚ إِذَا قَضَىٰ أَمْرًا فَإِنَّمَا يَقُولُ لَهُ كُنْ فَيَكُونُ",
            "36": "وَإِنَّ اللَّهَ رَبِّي وَرَبُّكُمْ فَاعْبُدُوهُ ۚ هَٰذَا صِرَاطٌ مُسْتَقِيمٌ",
            "37": "فَاخْتَلَفَ الْأَحْزَابُ مِنْ بَيْنِهِمْ ۖ فَوَيْلٌ لِلَّذِينَ كَفَرُوا مِنْ مَشْهَدِ يَوْمٍ عَظِيمٍ",
            "38": "أَسْمِعْ بِهِمْ وَأَبْصِرْ يَوْمَ يَأْتُونَنَا ۖ لَٰكِنِ الظَّالِمُونَ الْيَوْمَ فِي ضَلَالٍ مُبِينٍ",
            "39": "وَأَنْذِرْهُمْ يَوْمَ الْحَسْرَةِ إِذْ قُضِيَ الْأَمْرُ وَهُمْ فِي غَفْلَةٍ وَهُمْ لَا يُؤْمِنُونَ",
            "40": "إِنَّا نَحْنُ نَرِثُ الْأَرْضَ وَمَنْ عَلَيْهَا وَإِلَيْنَا يُرْجَعُونَ",
            "41": "وَاذْكُرْ فِي الْكِتَابِ إِبْرَاهِيمَ ۚ إِنَّهُ كَانَ صِدِّيقًا نَبِيًّا",
            "42": "إِذْ قَالَ لِأَبِيهِ يَا أَبَتِ لِمَ تَعْبُدُ مَا لَا يَسْمَعُ وَلَا يُبْصِرُ وَلَا يُغْنِي عَنْكَ شَيْئًا",
            "43": "يَا أَبَتِ إِنِّي قَدْ جَاءَنِي مِنَ الْعِلْمِ مَا لَمْ يَأْتِكَ فَاتَّبِعْنِي أَهْدِكَ صِرَاطًا سَوِيًّا",
            "44": "يَا أَبَتِ لَا تَعْبُدِ الشَّيْطَانَ ۖ إِنَّ الشَّيْطَانَ كَانَ لِلرَّحْمَٰنِ عَصِيًّا",
            "45": "يَا أَبَتِ إِنِّي أَخَافُ أَنْ يَمَسَّكَ عَذَابٌ مِنَ الرَّحْمَٰنِ فَتَكُونَ لِلشَّيْطَانِ وَلِيًّا",
            "46": "قَالَ أَرَاغِبٌ أَنْتَ عَنْ آلِهَتِي يَا إِبْرَاهِيمُ ۖ لَئِنْ لَمْ تَنْتَهِ لَأَرْجُمَنَّكَ ۖ وَاهْجُرْنِي مَلِيًّا",
            "47": "قَالَ سَلَامٌ عَلَيْكَ ۖ سَأَسْتَغْفِرُ لَكَ رَبِّي ۖ إِنَّهُ كَانَ بِي حَفِيًّا",
            "48": "وَأَعْتَزِلُكُمْ وَمَا تَدْعُونَ مِنْ دُونِ اللَّهِ وَأَدْعُو رَبِّي عَسَىٰ أَلَّا أَكُونَ بِدُعَاءِ رَبِّي شَقِيًّا",
            "49": "فَلَمَّا اعْتَزَلَهُمْ وَمَا يَعْبُدُونَ مِنْ دُونِ اللَّهِ وَهَبْنَا لَهُ إِسْحَاقَ وَيَعْقُوبَ ۖ وَكُلًّا جَعَلْنَا نَبِيًّا",
            "50": "وَوَهَبْنَا لَهُمْ مِنْ رَحْمَتِنَا وَجَعَلْنَا لَهُمْ لِسَانَ صِدْقٍ عَلِيًّا",
            "51": "وَاذْكُرْ فِي الْكِتَابِ مُوسَىٰ ۚ إِنَّهُ كَانَ مُخْلَصًا وَكَانَ رَسُولًا نَبِيًّا",
            "52": "وَنَادَيْنَاهُ مِنْ جَانِبِ الطُّورِ الْأَيْمَنِ وَقَرَّبْنَاهُ نَجِيًّا",
            "53": "وَوَهَبْنَا لَهُ مِنْ رَحْمَتِنَا أَخَاهُ هَارُونَ نَبِيًّا",
            "54": "وَاذْكُرْ فِي الْكِتَابِ إِسْمَاعِيلَ ۚ إِنَّهُ كَانَ صَادِقَ الْوَعْدِ وَكَانَ رَسُولًا نَبِيًّا",
            "55": "وَكَانَ يَأْمُرُ أَهْلَهُ بِالصَّلَاةِ وَالزَّكَاةِ وَكَانَ عِنْدَ رَبِّهِ مَرْضِيًّا",
            "56": "وَاذْكُرْ فِي الْكِتَابِ إِدْرِيسَ ۚ إِنَّهُ كَانَ صِدِّيقًا نَبِيًّا",
            "57": "وَرَفَعْنَاهُ مَكَانًا عَلِيًّا",
            "58": "أُولَٰئِكَ الَّذِينَ أَنْعَمَ اللَّهُ عَلَيْهِمْ مِنَ النَّبِيِّينَ مِنْ ذُرِّيَّةِ آدَمَ وَمِمَّنْ حَمَلْنَا مَعَ نُوحٍ وَمِنْ ذُرِّيَّةِ إِبْرَاهِيمَ وَإِسْرَائِيلَ وَمِمَّنْ هَدَيْنَا وَاجْتَبَيْنَا ۚ إِذَا تُتْلَىٰ عَلَيْهِمْ آيَاتُ الرَّحْمَٰنِ خَرُّوا سُجَّدًا وَبُكِيًّا ۩",
            "59": "فَخَلَفَ مِنْ بَعْدِهِمْ خَلْفٌ أَضَاعُوا الصَّلَاةَ وَاتَّبَعُوا الشَّهَوَاتِ ۖ فَسَوْفَ يَلْقَوْنَ غَيًّا",
            "60": "إِلَّا مَنْ تَابَ وَآمَنَ وَعَمِلَ صَالِحًا فَأُولَٰئِكَ يَدْخُلُونَ الْجَنَّةَ وَلَا يُظْلَمُونَ شَيْئًا",
            "61": "جَنَّاتِ عَدْنٍ الَّتِي وَعَدَ الرَّحْمَٰنُ عِبَادَهُ بِالْغَيْبِ ۚ إِنَّهُ كَانَ وَعْدُهُ مَأْتِيًّا",
            "62": "لَا يَسْمَعُونَ فِيهَا لَغْوًا إِلَّا سَلَامًا ۖ وَلَهُمْ رِزْقُهُمْ فِيهَا بُكْرَةً وَعَشِيًّا",
            "63": "تِلْكَ الْجَنَّةُ الَّتِي نُورِثُ مِنْ عِبَادِنَا مَنْ كَانَ تَقِيًّا",
            "64": "وَمَا نَتَنَزَّلُ إِلَّا بِأَمْرِ رَبِّكَ ۖ لَهُ مَا بَيْنَ أَيْدِينَا وَمَا خَلْفَنَا وَمَا بَيْنَ ذَٰلِكَ ۚ وَمَا كَانَ رَبُّكَ نَسِيًّا",
            "65": "رَبُّ السَّمَاوَاتِ وَالْأَرْضِ وَمَا بَيْنَهُمَا فَاعْبُدْهُ وَاصْطَبِرْ لِعِبَادَتِهِ ۚ هَلْ تَعْلَمُ لَهُ سَمِيًّا",
            "66": "وَيَقُولُ الْإِنْسَانُ أَإِذَا مَا مِتُّ لَسَوْفَ أُخْرَجُ حَيًّا",
            "67": "أَوَلَا يَذْكُرُ الْإِنْسَانُ أَنَّا خَلَقْنَاهُ مِنْ قَبْلُ وَلَمْ يَكُ شَيْئًا",
            "68": "فَوَرَبِّكَ لَنَحْشُرَنَّهُمْ وَالشَّيَاطِينَ ثُمَّ لَنُحْضِرَنَّهُمْ حَوْلَ جَهَنَّمَ جِثِيًّا",
            "69": "ثُمَّ لَنَنْزِعَنَّ مِنْ كُلِّ شِيعَةٍ أَيُّهُمْ أَشَدُّ عَلَى الرَّحْمَٰنِ عِتِيًّا",
            "70": "ثُمَّ لَنَحْنُ أَعْلَمُ بِالَّذِينَ هُمْ أَوْلَىٰ بِهَا صِلِيًّا",
            "71": "وَإِنْ مِنْكُمْ إِلَّا وَارِدُهَا ۚ كَانَ عَلَىٰ رَبِّكَ حَتْمًا مَقْضِيًّا",
            "72": "ثُمَّ نُنَجِّي الَّذِينَ اتَّقَوْا وَنَذَرُ الظَّالِمِينَ فِيهَا جِثِيًّا",
            "73": "وَإِذَا تُتْلَىٰ عَلَيْهِمْ آيَاتُنَا بَيِّنَاتٍ قَالَ الَّذِينَ كَفَرُوا لِلَّذِينَ آمَنُوا أَيُّ الْفَرِيقَيْنِ خَيْرٌ مَقَامًا وَأَحْسَنُ نَدِيًّا",
            "74": "وَكَمْ أَهْلَكْنَا قَبْلَهُمْ مِنْ قَرْنٍ هُمْ أَحْسَنُ أَثَاثًا وَرِئْيًا",
            "75": "قُلْ مَنْ كَانَ فِي الضَّلَالَةِ فَلْيَمْدُدْ لَهُ الرَّحْمَٰنُ مَدًّا ۚ حَتَّىٰ إِذَا رَأَوْا مَا يُوعَدُونَ إِمَّا الْعَذَابَ وَإِمَّا السَّاعَةَ فَسَيَعْلَمُونَ مَنْ هُوَ شَرٌّ مَكَانًا وَأَضْعَفُ جُنْدًا",
            "76": "وَيَزِيدُ اللَّهُ الَّذِينَ اهْتَدَوْا هُدًى ۗ وَالْبَاقِيَاتُ الصَّالِحَاتُ خَيْرٌ عِنْدَ رَبِّكَ ثَوَابًا وَخَيْرٌ مَرَدًّا",
            "77": "أَفَرَأَيْتَ الَّذِي كَفَرَ بِآيَاتِنَا وَقَالَ لَأُوتَيَنَّ مَالًا وَوَلَدًا",
            "78": "أَطَّلَعَ الْغَيْبَ أَمِ اتَّخَذَ عِنْدَ الرَّحْمَٰنِ عَهْدًا",
            "79": "كَلَّا ۚ سَنَكْتُبُ مَا يَقُولُ وَنَمُدُّ لَهُ مِنَ الْعَذَابِ مَدًّا",
            "80": "وَنَرِثُهُ مَا يَقُولُ وَيَأْتِينَا فَرْدًا",
            "81": "وَاتَّخَذُوا مِنْ دُونِ اللَّهِ آلِهَةً لِيَكُونُوا لَهُمْ عِزًّا",
            "82": "كَلَّا ۚ سَيَكْفُرُونَ بِعِبَادَتِهِمْ وَيَكُونُونَ عَلَيْهِمْ ضِدًّا",
            "83": "أَلَمْ تَرَ أَنَّا أَرْسَلْنَا الشَّيَاطِينَ عَلَى الْكَافِرِينَ تَؤُزُّهُمْ أَزًّا",
            "84": "فَلَا تَعْجَلْ عَلَيْهِمْ ۖ إِنَّمَا نَعُدُّ لَهُمْ عَدًّا",
            "85": "يَوْمَ نَحْشُرُ الْمُتَّقِينَ إِلَى الرَّحْمَٰنِ وَفْدًا",
            "86": "وَنَسُوقُ الْمُجْرِمِينَ إِلَىٰ جَهَنَّمَ وِرْدًا",
            "87": "لَا يَمْلِكُونَ الشَّفَاعَةَ إِلَّا مَنِ اتَّخَذَ عِنْدَ الرَّحْمَٰنِ عَهْدًا",
            "88": "وَقَالُوا اتَّخَذَ الرَّحْمَٰنُ وَلَدًا",
            "89": "لَقَدْ جِئْتُمْ شَيْئًا إِدًّا",
            "90": "تَكَادُ السَّمَاوَاتُ يَتَفَطَّرْنَ مِنْهُ وَتَنْشَقُّ الْأَرْضُ وَتَخِرُّ الْجِبَالُ هَدًّا",
            "91": "أَنْ دَعَوْا لِلرَّحْمَٰنِ وَلَدًا",
            "92": "وَمَا يَنْبَغِي لِلرَّحْمَٰنِ أَنْ يَتَّخِذَ وَلَدًا",
            "93": "إِنْ كُلُّ مَنْ فِي السَّمَاوَاتِ وَالْأَرْضِ إِلَّا آتِي الرَّحْمَٰنِ عَبْدًا",
            "94": "لَقَدْ أَحْصَاهُمْ وَعَدَّهُمْ عَدًّا",
            "95": "وَكُلُّهُمْ آتِيهِ يَوْمَ الْقِيَامَةِ فَرْدًا",
            "96": "إِنَّ الَّذِينَ آمَنُوا وَعَمِلُوا الصَّالِحَاتِ سَيَجْعَلُ لَهُمُ الرَّحْمَٰنُ وُدًّا",
            "97": "فَإِنَّمَا يَسَّرْنَاهُ بِلِسَانِكَ لِتُبَشِّرَ بِهِ الْمُتَّقِينَ وَتُنْذِرَ بِهِ قَوْمًا لُدًّا",
            "98": "وَكَمْ أَهْلَكْنَا قَبْلَهُمْ مِنْ قَرْنٍ هَلْ تُحِسُّ مِنْهُمْ مِنْ أَحَدٍ أَوْ تَسْمَعُ لَهُمْ رِكْزًا"
        },
        "farsi": {
            "1": "\nکاف، هاء، یاء، عَین، صاد",
            "2": " [این بخش از قرآن که بر تو خوانده می شود] یادی از رحمت پروردگارت بر بنده اش زکریاست ",
            "3": " آن گاه که پروردگارش را پنهانی ندا کرد؛",
            "4": " گفت: پروردگارا! استخوانم سست شده، و گرد پیری روی سرم نشسته، پروردگارا! هرگز از [اجابت] دعا به پیشگاهت ناامید نبوده ام ",
            "5": " همانا من پس از خود از خویشاوندانم بیم دارم [که نتیجۀ تلاش هایم را در مورد امور دنیا و آخرتِ مردم بر باد دهند،] و همسرم از ابتدا نازا بوده، پس مرا از سوی خود فرزندی عطا کن ",
            "6": " که وارث من و خاندان یعقوب باشد، و او را ای پروردگارم! مورد رضایت [خود] قرار ده !",
            "7": "[خطاب آمد:] ای زکریا! ما تو را به پسری که نامش «یحیی» است و در گذشته همنامی برای او قرار نداده ایم مژده می دهیم",
            "8": " گفت: پروردگارا! چگونه برایم پسری خواهد بود درحالی که همسرم نازاست، و خود نیز از کهن سالی به فرتوتی رسیده ام؟",
            "9": " [فرشته الهی] گفت: چنین است [که می گویی، ولی] پروردگارت می گوید: این کار بر من آسان است، و من تو را پیش از این درحالی که چیزی نبودی آفریدم ",
            "10": "[زکریا] گفت: پروردگارا! برایم نشانه ای [بر دانستنِ زمانِ آمادگی من و همسرم برای فرزند دارشدن] قرار ده! [خداوند] گفت: نشانۀ تو این است که سه شبانه روز درحالی که سالم هستی توانِ سخن گفتن با مردم را نخواهی داشت ",
            "11": " پس [به دنبال ناتوانی اش از سخن گفتن،] از محل عبادت [خود] به سوی قومش درآمد و به آنان اشاره کرد: صبح و شام [خدا را] تسبیح گویید [خدایی که از هر عیب و نقصی منزه است]",
            "12": "\n \n[گفتیم:] ای یحیی! کتاب را با قدرت فراگیر، [و با قوّت عمل کن]. و به او درحالی که کودک بود [مقام] حکمت و نبوت دادیم ",
            "13": "و از سوی خود به او عطوفت و مهرورزی [فوق العاده] و پاکی [نفس] عطا کردیم، و او آراسته به پرهیزگاری بود ",
            "14": " و درباره پدر و مادرش بسیار نیکوکار بود، و هرگز گردن فراز و سلطه جو نبود ",
            "15": " سلام [و عافیتِ کامل] بر او باد! روزی که زاده شد، و روزی که به کام مرگ درافتد، و روزی که زنده برانگیخته خواهد شد ",
            "16": " در این کتاب [که به تو وحی کردیم، سرگذشت] مریم را یاد کن، هنگامی که از خانواده اش به جانب مکانی شرقی فاصله گرفت ",
            "17": " و جدا از آنان [برای اینکه دیده نشود] پوششی انتخاب کرد، ما روحِ خود را به سوی او فرستادیم، پس برای او به صورت بشری [خوش اندام و] معتدل نمودار شد ",
            "18": " [مریم] گفت: من از تو به خداوند مهربان پناه می برم، اگر تقواپیشه ای [از من فاصله بگیر] ",
            "19": " گفت: جز این نیست که من فرستادۀ پروردگار تواَم، برای این که پسری پاک به تو ببخشم ",
            "20": "[مریم] گفت: چگونه برای من پسری خواهد بود درحالی که نه هیچ بشری [از راه ازدواج] با من مباشرت کرده، و نه بدکار بوده ام؟!",
            "21": " گفت: چنین است [که می گویی، ولی] پروردگارت فرموده: این کار برای من آسان است، [فرزندبخشیدن به مریم به صورت غیرعادی] برای این [است] که او را نشانه ای [از قدرت خود] برای مردم، و رحمتی از سوی خویش [به نفع انسان ها] قرار دهیم، و این کار یقیناً شدنی است ",
            "22": " پس به آن [فرزندِ بشارت یافته] باردار شد، و به سبب آن به مکان دوردستی رفت ",
            "23": " نهایتا درد زاییدن او را به سوی تنۀ درخت خرمایی کشانید، [در آن حال] گفت: ای کاش پیش از این [وضعیت] مرده بودم، و یکسره از خاطره ها فراموش شده بودم",
            "24": "پس [کودک] از پایینِ [پای] او به او ندا داد که: غمگین مباش! هم اکنون پروردگارت [از] زیر پایت نهری کوچک پدید آورده است [تا بیاشامی و شست وشو کنی ]",
            "25": "و این تنۀ درخت خرما را به سوی خود تکان ده تا خرمایی تازه و چیده برایت بریزد ",
            "26": "\n \n[مادرا! از خرما] بخور، و [از آب نهر] بیاشام! و دل خوش دار، و اگر کسی از مردم را دیدی [که دربارۀ نوزادت بپرسد] بگو: من برای خداوندِ مهربان روزۀ [سکوت] نذر کرده ام، و امروز با هیچ انسانی سخن نخواهم گفت ",
            "27": " پس [مریم] نوزاد را درحالی که در آغوشش گرفته بود نزد قومش آورد، گفتند: ای مریم! همانا کاری شگفت و بزرگ مرتکب شده ای ",
            "28": " ای خواهر هارون! نه پدرت مرد بدی بود، و نه مادرت بدکاره! [این کودک از کجاست؟]",
            "29": " [مریم] به نوزاد اشاره کرد [که از او بپرسید]، گفتند: چگونه با کسی که نوزادی در گهواره است سخن بگوییم؟!",
            "30": " [نوزاد] گفت: به راستی من بندۀ خداوند یکتایم، به من کتاب عطا کرده، و مرا پیامبر قرار داده است",
            "31": " و مرا هرجا که باشم خجسته و پُرخیر ساخته، و تا زنده ام به نماز و زکات سفارشم کرده",
            "32": " و با مادرم نیکوکار [و خوش رفتارم] گردانده، و خودخواه و تیره بخت قرارم نداده است ",
            "33": " سلام بر من! روزی که زاده شدم، و روزی که می میرم، و روزی که زنده برانگیخته خواهم شد ",
            "34": " این است عیسی بن مریم کلمۀ خدا، که [بسیاری] دربارۀ [بشربودن و بدون پدر آفریده شدن] او در تردیدند ",
            "35": " شایستۀ خداوند نیست که فرزندی [برای خود] برگیرد، او [از داشتن فرزند] منزّه است، چون [به وجودآمدنِ] چیزی را اراده کند، فقط به آن می گوید: باش! پس بی درنگ موجود می شود ",
            "36": " [عیسی گفت:] مسلّماً خداوندِ یکتا پروردگار من و شماست، پس او را بپرستید [که] این راهی است مستقیم ",
            "37": " ولی گروه هایی از بین آنان [دربارۀ عیسی] اختلاف کردند، [گروهی به او ایمان آورده و گروهی دربارۀ او افراط کرده، فرزند خدایش خواندند،] پس وای بر کافران از حضور در روزی بزرگ!",
            "38": " [شگفتا!] چه اندازه شنوا و بینایند روزی که به پیشگاه ما می آیند، ولی امروز ستمکارانِ [به حقایق] در گمراهی آشکاری هستند ",
            "39": "\n \nآنان را از روز حسرت که کار از کار گذشته باشد بترسان! اینان [درحالی که فرصتشان رو به پایان است هنوز] در غفلتی [عمیق] به سر می برند، و [به معاد] ایمان نمی آورند ",
            "40": " ماییم که [نهایتاً با نابودشدن مالکیت های اعتباری،] زمین و همۀ کسانی را که روی آن هستند به ارث می بریم، و همه به سوی ما بازگردانده می شوند ",
            "41": " در این کتاب [که به تو وحی کردیم] ابراهیم را یاد کن، مسلّماً او پیامبری بسیار راستگو [و درست کردار] بود ",
            "42": " زمانی که به پدر[خوانده ] خود گفت: پدرم! چرا مجسمه ای را می پرستی که نمی شنود و نمی بیند، و قدرت برطرف کردن هیچ آسیبی را از تو ندارد؟!",
            "43": " پدرم! همانا برای من [از طریق وحی] دانشی آمده که برای تو نیامده؛ بنابراین از من پیروی کن تا تو را به راهی معتدل و میانه هدایت کنم ",
            "44": " پدرم! شیطان را نپرست؛ زیرا شیطان همواره در برابر خداوند سرکش و نافرمان است ",
            "45": " پدرم! می ترسم عذابی از سوی خدای رحمان به تو رسد، در نتیجه برای اَبد همدم شیطان شوی ",
            "46": " گفت: ای ابراهیم! آیا از معبودان من رویگردانی؟ اگر [از مخالفت با معبودانم] بازنایستی سنگسارت می کنم، و [تا از من آسیبی به تو نرسیده] زمانی طولانی از من دور شو !",
            "47": " [ابراهیم] گفت: سلام [فراق و جدایی] بر تو، به زودی برایت از پروردگارم درخواست آمرزش می کنم؛ زیرا او همواره به من بسیار مهربان و نیکوکار است ",
            "48": " من از شما و معبودانی که به جای خداوند می خوانید کناره می گیرم، و فقط پروردگارم را می خوانم، امید است در خواندنِ پروردگارم [از اجابت] بی بهره نباشم ",
            "49": " چون از آنان و آنچه را در برابر خدا می پرستیدند کناره گرفت اسحاق و یعقوب را به او بخشیدیم، و هریک را پیامبر قرار دادیم ",
            "50": " و از رحمت خود به آنان عطا کردیم، و برای آنان نامِ نیکِ بلندمرتبه برجا نهادیم ",
            "51": " در این کتاب که به تو وحی کردیم [سرگذشت] موسی را یاد کن، بی تردید او [انسانی] خالص شده [از همۀ آلودگی ها]، و فرستاده ای دارای مقام نبوت بود ",
            "52": "\n \nاو را از جانب راستِ کوه طور ندا دادیم، و درحالی که با وی راز می گفتیم مقرّب خود قرار دادیم ",
            "53": " و به رحمتِ خود برادرش هارون را که پیامبر بود به او بخشیدیم ",
            "54": " و در این کتاب [که به تو وحی کردیم، سرگذشتِ] اسماعیل را یاد کن، که وفاکنندۀ به عهد، و فرستاده ای دارای مقام نبوت بود ",
            "55": " همواره خانواده اش را به نمازو زکات فرمان می داد، و نزد پروردگارش مورد رضایت بود ",
            "56": " و در این کتاب [که به تو وحی کردیم، سرگذشتِ] اِدریس را یاد کن، که بسیار راستگو و درست کردار، و دارای مقام نبوت بود ",
            "57": " و او را به جایگاه بلندی ارتقا دادیم ",
            "58": " اینان پیامبرانی بودند از نسل آدم و گروهی از [نسل] کسانی که با نوح، سوار [کشتی] کردیم و از نسل ابراهیم و یعقوب و از کسانی که هدایت کرده و برگزیدیم، که خداوند به آنان نعمتِ [ایمان، عمل صالح و اخلاق حسنه] داد، چون آیات خداوندِ مهربان برایشان خوانده می شد سجده کنان و گریان به رو به زمین می افتادند ",
            "59": " آن گاه بعد از آنان نسلی به جایشان آمدند که نماز را تباه کردند، و پیرو خواسته های نامشروع شدند، پس به زودی به گمراهی خواهند رسید [که نتیجۀ آن، دوزخی شدن است]",
            "60": " مگر آنان که توبه کرده و مؤمن شدند، و کارِ شایسته انجام دادند که آنان وارد بهشت می شوند، و [در مورد پاداششان] ذرّه ای مورد ستم قرار نمی گیرند ",
            "61": " بهشت های جاویدی که خداوند مهربان به بندگان [واقعی] خود در [جهانِ] غیب وعده داده، یقیناً وعدۀ او آمدنی است ",
            "62": " در آن جا کلام بیهوده ای نمی شنوند، [بلکه آنچه می شنوند] فقط سلام و درود [است]، در آن جا صبح و شام رزقشان آماده است ",
            "63": " این است بهشتی که به هرکس از بندگان خود که [مرا اطاعت کرده، و از محرّماتم] بپرهیزد به ارث می دهیم ",
            "64": " [امینِ وحی به پیامبر اسلام گفت:] ما [فرشتگان] جز به فرمان پروردگارت نازل نمی شویم، [آگاهی به] آنچه [مربوط به] آیندۀ ما و آنچه [در مورد] گذشتۀ ماست، و آنچه بین گذشته و آینده است فقط در اختیار اوست، و پروردگارت هیچ گاه فراموش کار نیست ",
            "65": "\n \n[اوست] پروردگار آسمان ها و زمین و آنچه بین آن دوتاست، پس او را بپرست، و بر پرستیدنش ثابت و شکیبا باش! آیا همنامی برای او [در بین همۀ موجودات که حاکی از تدبیر و مالکیت مطلق باشد] می شناسی؟",
            "66": " انسان [بی توجه به دلایل معاد] می گوید: آیا زمانی که بمیرم به راستی در زمان آینده مرا زنده [از خاک] بیرون می آورند؟!",
            "67": " آیا [به این حقیقت] توجه ندارد که ما او را پیش از این درحالی که چیزی نبود آفریدیم!",
            "68": " پس به پروردگارت سوگند، آنان را [که منکر معاد ند] با شیاطین محشور می کنیم، سپس به زانو درآمده، گرداگرد دوزخ حاضر می کنیم ",
            "69": " آن گاه از هر گروهی آن که بر خداوندِ رحمان سرکش تر بوده بیرون می کشیم ",
            "70": " [بعد از این جداسازی،] یقیناً ما به کسانی که به چشیدن حرارت آتش دوزخ سزاوارترند داناتریم ",
            "71": " هیچ کس از شما نیست مگر آن که حضور و اشراف بر دوزخ خواهد داشت، این بر پروردگارت اراده ای حتمی است ",
            "72": " آن گاه کسانی را که [از خدا اطاعت کرده و از محرّماتش] پرهیز داشتند نجات می دهیم، و ستمکاران را درحالی که به زانودرافتاده اند در دوزخ رها می کنیم ",
            "73": " چون آیات روشن ما را بر آنان می خوانند، کافران به مؤمنان می گویند: کدامیک از [ما] دو گروه جایگاهش [از نظر اقتصادی] بهتر و مجلس اُنسش [از لحاظ سیاسی و اجتماعی] نیکوتر است؟",
            "74": " چه بسیار اقوامی که پیش از آنان به [کیفر کفرشان] هلاک کردیم که لوازم زندگی بهتر و ظاهری خوش نماتر داشتند ",
            "75": " بگو: آنان که در گمراهی هستند لازم است خداوند مهربان [براساس روش حتمی اش] به آنان مهلتی معین دهد [و در عذابشان شتاب نکند]، تا زمانی که آنچه را به آنان وعده داده اند ببینند؛ یا [در دنیا] عذابِ [بیچاره کننده]، یا [در] قیامت [عذاب دائمی]، و به زودی آگاه خواهند شد که چه کسی جایگاهش بدتر، و سپاهش ناتوان تر است",
            "76": " خداوند بر هدایتِ هدایت یافتگان می افزاید، و اعمال شایستۀ پایدار نزد پروردگارت دارای پاداشی بهتر، و خوش فرجام تر است ",
            "77": "\n \nآیا کسی را که به آیات ما کافر شد دیدی که ادعا داشت: حتماً [به سبب انتخاب آیین کفر،] مال و اولاد بسیاری به من داده خواهد شد ؟!",
            "78": " آیا [او با چنین رأی و نظری] بر غیب آگاه شده، یا پیمانی [بر دریافت مال و اولادِ بسیار] از خدای رحمان گرفته است؟!",
            "79": "چنین نیست [که او می گوید]، ما یقیناً آنچه را [بر پایۀ خیالِ واهی] می گوید [در پروندۀ عملش] می نویسیم، و عذابش را ادامه می دهیم ",
            "80": " و آنچه [از مال و فرزند] در بارۀ آن سخن پراکنی می کند [با مرگش] به ارث می بریم، و او تنها نزد ما خواهد آمد ",
            "81": "و به جای خداوند معبودانی انتخاب کردند تا برای آنان مایۀ عزت باشد ",
            "82": " چنین نیست [که گمان کرده اند]، به زودی آن معبودان، عبادتِ آن باطل گرایان را [در مورد خود] انکار می کنند [که: ما هرگز شایستۀ عبادت شدن نبودیم.] بلکه به شدت مخالفشان خواهند شد ",
            "83": " آیا ندانسته ای که ما شیاطین را به سوی کافران فرستادیم تا آنان را سخت [به جانب گمراهی و خواسته های نامشروع] برانگیزند ",
            "84": " بنابراین در مورد [شکست و هلاکت] آنان شتاب نداشته باش! ما دقیقاً [لحظات عمرشان را] برایشان شماره می کنیم [تا موعد عذابشان برسد ]",
            "85": " [از] روزی [یاد کن] که تقواپیشگان را به میهمانی خداوند مهربان جمع می کنیم ",
            "86": " و گنه پیشگان را تشنه به سوی دوزخ می رانیم ",
            "87": " [در آن روز، شفیعان] قدرت بر شفاعت ندارند مگر کسانی [چون انبیاء، امامان علیهم السلام و صالحان] که از پیشگاه خداوند پیمانی [بر انجام شفاعت] گرفته اند ",
            "88": " [مشرکان] گفتند: خدای رحمان برای خود فرزند انتخاب کرده ",
            "89": " بی گمان چیزی نفرت انگیز و بسیار زشت [به زبان] آورده اید ",
            "90": " نزدیک است آسمان ها از این [ادعای باطل] پاره پاره شود، و زمین بشکافد، و کوه ها به شدت درهم فروریزند ",
            "91": " [از این] که برای خداوند مهربان فرزندی قرار داده اند !",
            "92": " شایستۀ خداوند مهربان نیست که فرزندی بگیرد ",
            "93": " هیچ کس در آسمان ها و زمین نیست مگر این که [ذاتاً] بنده [و مملوک] به سوی خدای رحمان می آید. ",
            "94": "مسلّماً [قدرت] او همۀ [موجودات] را احاطه کرده، و همه را دقیق [و درست] به شمار آورده است ",
            "95": " و همۀ آنان روز قیامت تنها به پیشگاه او می آیند ",
            "96": "\n \nبی گمان خداوند مهربان برای مؤمنانی که کارهای شایسته انجام داده اند، [در دل ها] محبت ویژه قرار خواهد داد ",
            "97": " جز این نیست که ما این [قرآن] را بر زبان تو آسان [و همه فهم] ساختیم تا به وسیلۀ آن کسانی را که [از خدا اطاعت می کنند، و از محرّماتش] می پرهیزند مژدۀ [پاداش] دهی، و مردمِ سرسخت و لجوج را [از دوزخ] بترسانی",
            "98": " پیش از اینان چه بسیار اقوامی که [به سبب کفر و طغیانی که داشتند] نابود کردیم، آیا کسی از آنان را می یابی؟ یا صدایی آهسته از آنان می شنوی؟!"
        }
    }
}