{
  "2": {
    "number": 2,
        "title": "سورة طه",
      "bab": 4,
      "delay": 3,
      "arabic": {
             "4": "طه",
            "5": "مَا أَنْزَلْنَا عَلَيْكَ الْقُرْآنَ لِتَشْقَىٰ",
            "6": "إِلَّا تَذْكِرَةً لِمَنْ يَخْشَىٰ",
            "7": "تَنْزِيلًا مِمَّنْ خَلَقَ الْأَرْضَ وَالسَّمَاوَاتِ الْعُلَى",
            "8": "الرَّحْمَٰنُ عَلَى الْعَرْشِ اسْتَوَىٰ",
            "9": "لَهُ مَا فِي السَّمَاوَاتِ وَمَا فِي الْأَرْضِ وَمَا بَيْنَهُمَا وَمَا تَحْتَ الثَّرَىٰ",
            "10": "وَإِنْ تَجْهَرْ بِالْقَوْلِ فَإِنَّهُ يَعْلَمُ السِّرَّ وَأَخْفَى",
            "11": "اللَّهُ لَا إِلَٰهَ إِلَّا هُوَ ۖ لَهُ الْأَسْمَاءُ الْحُسْنَىٰ",
            "12": "وَهَلْ أَتَاكَ حَدِيثُ مُوسَىٰ",
            "13": "إِذْ رَأَىٰ نَارًا فَقَالَ لِأَهْلِهِ امْكُثُوا إِنِّي آنَسْتُ نَارًا لَعَلِّي آتِيكُمْ مِنْهَا بِقَبَسٍ أَوْ أَجِدُ عَلَى النَّارِ هُدًى",
            "14": "فَلَمَّا أَتَاهَا نُودِيَ يَا مُوسَىٰ",
            "15": "إِنِّي أَنَا رَبُّكَ فَاخْلَعْ نَعْلَيْكَ ۖ إِنَّكَ بِالْوَادِ الْمُقَدَّسِ طُوًى",
            "16": "وَأَنَا اخْتَرْتُكَ فَاسْتَمِعْ لِمَا يُوحَىٰ",
            "17": "إِنَّنِي أَنَا اللَّهُ لَا إِلَٰهَ إِلَّا أَنَا فَاعْبُدْنِي وَأَقِمِ الصَّلَاةَ لِذِكْرِي",
            "18": "إِنَّ السَّاعَةَ آتِيَةٌ أَكَادُ أُخْفِيهَا لِتُجْزَىٰ كُلُّ نَفْسٍ بِمَا تَسْعَىٰ",
            "19": "فَلَا يَصُدَّنَّكَ عَنْهَا مَنْ لَا يُؤْمِنُ بِهَا وَاتَّبَعَ هَوَاهُ فَتَرْدَىٰ",
            "20": "وَمَا تِلْكَ بِيَمِينِكَ يَا مُوسَىٰ",
            "21": "قَالَ هِيَ عَصَايَ أَتَوَكَّأُ عَلَيْهَا وَأَهُشُّ بِهَا عَلَىٰ غَنَمِي وَلِيَ فِيهَا مَآرِبُ أُخْرَىٰ",
            "22": "قَالَ أَلْقِهَا يَا مُوسَىٰ",
            "23": "فَأَلْقَاهَا فَإِذَا هِيَ حَيَّةٌ تَسْعَىٰ",
            "24": "قَالَ خُذْهَا وَلَا تَخَفْ ۖ سَنُعِيدُهَا سِيرَتَهَا الْأُولَىٰ",
            "25": "وَاضْمُمْ يَدَكَ إِلَىٰ جَنَاحِكَ تَخْرُجْ بَيْضَاءَ مِنْ غَيْرِ سُوءٍ آيَةً أُخْرَىٰ",
            "26": "لِنُرِيَكَ مِنْ آيَاتِنَا الْكُبْرَى",
            "27": "اذْهَبْ إِلَىٰ فِرْعَوْنَ إِنَّهُ طَغَىٰ",
            "28": "قَالَ رَبِّ اشْرَحْ لِي صَدْرِي",
            "29": "وَيَسِّرْ لِي أَمْرِي",
            "30": "وَاحْلُلْ عُقْدَةً مِنْ لِسَانِي",
            "31": "يَفْقَهُوا قَوْلِي",
            "32": "وَاجْعَلْ لِي وَزِيرًا مِنْ أَهْلِي",
            "33": "هَارُونَ أَخِي",
            "34": "اشْدُدْ بِهِ أَزْرِي",
            "35": "وَأَشْرِكْهُ فِي أَمْرِي",
            "36": "كَيْ نُسَبِّحَكَ كَثِيرًا",
            "37": "وَنَذْكُرَكَ كَثِيرًا",
            "38": "إِنَّكَ كُنْتَ بِنَا بَصِيرًا",
            "39": "قَالَ قَدْ أُوتِيتَ سُؤْلَكَ يَا مُوسَىٰ",
            "40": "وَلَقَدْ مَنَنَّا عَلَيْكَ مَرَّةً أُخْرَىٰ",
            "41": "إِذْ أَوْحَيْنَا إِلَىٰ أُمِّكَ مَا يُوحَىٰ",
            "42": "أَنِ اقْذِفِيهِ فِي التَّابُوتِ فَاقْذِفِيهِ فِي الْيَمِّ فَلْيُلْقِهِ الْيَمُّ بِالسَّاحِلِ يَأْخُذْهُ عَدُوٌّ لِي وَعَدُوٌّ لَهُ ۚ وَأَلْقَيْتُ عَلَيْكَ مَحَبَّةً مِنِّي وَلِتُصْنَعَ عَلَىٰ عَيْنِي",
            "43": "إِذْ تَمْشِي أُخْتُكَ فَتَقُولُ هَلْ أَدُلُّكُمْ عَلَىٰ مَنْ يَكْفُلُهُ ۖ فَرَجَعْنَاكَ إِلَىٰ أُمِّكَ كَيْ تَقَرَّ عَيْنُهَا وَلَا تَحْزَنَ ۚ وَقَتَلْتَ نَفْسًا فَنَجَّيْنَاكَ مِنَ الْغَمِّ وَفَتَنَّاكَ فُتُونًا ۚ فَلَبِثْتَ سِنِينَ فِي أَهْلِ مَدْيَنَ ثُمَّ جِئْتَ عَلَىٰ قَدَرٍ يَا مُوسَىٰ",
            "44": "وَاصْطَنَعْتُكَ لِنَفْسِي",
            "45": "اذْهَبْ أَنْتَ وَأَخُوكَ بِآيَاتِي وَلَا تَنِيَا فِي ذِكْرِي",
            "46": "اذْهَبَا إِلَىٰ فِرْعَوْنَ إِنَّهُ طَغَىٰ",
            "47": "فَقُولَا لَهُ قَوْلًا لَيِّنًا لَعَلَّهُ يَتَذَكَّرُ أَوْ يَخْشَىٰ",
            "48": "قَالَا رَبَّنَا إِنَّنَا نَخَافُ أَنْ يَفْرُطَ عَلَيْنَا أَوْ أَنْ يَطْغَىٰ",
            "49": "قَالَ لَا تَخَافَا ۖ إِنَّنِي مَعَكُمَا أَسْمَعُ وَأَرَىٰ",
            "50": "فَأْتِيَاهُ فَقُولَا إِنَّا رَسُولَا رَبِّكَ فَأَرْسِلْ مَعَنَا بَنِي إِسْرَائِيلَ وَلَا تُعَذِّبْهُمْ ۖ قَدْ جِئْنَاكَ بِآيَةٍ مِنْ رَبِّكَ ۖ وَالسَّلَامُ عَلَىٰ مَنِ اتَّبَعَ الْهُدَىٰ",
            "51": "إِنَّا قَدْ أُوحِيَ إِلَيْنَا أَنَّ الْعَذَابَ عَلَىٰ مَنْ كَذَّبَ وَتَوَلَّىٰ",
            "52": "قَالَ فَمَنْ رَبُّكُمَا يَا مُوسَىٰ",
            "53": "قَالَ رَبُّنَا الَّذِي أَعْطَىٰ كُلَّ شَيْءٍ خَلْقَهُ ثُمَّ هَدَىٰ",
            "54": "قَالَ فَمَا بَالُ الْقُرُونِ الْأُولَىٰ",
            "55": "قَالَ عِلْمُهَا عِنْدَ رَبِّي فِي كِتَابٍ ۖ لَا يَضِلُّ رَبِّي وَلَا يَنْسَى",
            "56": "الَّذِي جَعَلَ لَكُمُ الْأَرْضَ مَهْدًا وَسَلَكَ لَكُمْ فِيهَا سُبُلًا وَأَنْزَلَ مِنَ السَّمَاءِ مَاءً فَأَخْرَجْنَا بِهِ أَزْوَاجًا مِنْ نَبَاتٍ شَتَّىٰ",
            "57": "كُلُوا وَارْعَوْا أَنْعَامَكُمْ ۗ إِنَّ فِي ذَٰلِكَ لَآيَاتٍ لِأُولِي النُّهَىٰ",
            "58": "مِنْهَا خَلَقْنَاكُمْ وَفِيهَا نُعِيدُكُمْ وَمِنْهَا نُخْرِجُكُمْ تَارَةً أُخْرَىٰ",
            "59": "وَلَقَدْ أَرَيْنَاهُ آيَاتِنَا كُلَّهَا فَكَذَّبَ وَأَبَىٰ",
            "60": "قَالَ أَجِئْتَنَا لِتُخْرِجَنَا مِنْ أَرْضِنَا بِسِحْرِكَ يَا مُوسَىٰ",
            "61": "فَلَنَأْتِيَنَّكَ بِسِحْرٍ مِثْلِهِ فَاجْعَلْ بَيْنَنَا وَبَيْنَكَ مَوْعِدًا لَا نُخْلِفُهُ نَحْنُ وَلَا أَنْتَ مَكَانًا سُوًى",
            "62": "قَالَ مَوْعِدُكُمْ يَوْمُ الزِّينَةِ وَأَنْ يُحْشَرَ النَّاسُ ضُحًى",
            "63": "فَتَوَلَّىٰ فِرْعَوْنُ فَجَمَعَ كَيْدَهُ ثُمَّ أَتَىٰ",
            "64": "قَالَ لَهُمْ مُوسَىٰ وَيْلَكُمْ لَا تَفْتَرُوا عَلَى اللَّهِ كَذِبًا فَيُسْحِتَكُمْ بِعَذَابٍ ۖ وَقَدْ خَابَ مَنِ افْتَرَىٰ",
            "65": "فَتَنَازَعُوا أَمْرَهُمْ بَيْنَهُمْ وَأَسَرُّوا النَّجْوَىٰ",
            "66": "قَالُوا إِنْ هَٰذَانِ لَسَاحِرَانِ يُرِيدَانِ أَنْ يُخْرِجَاكُمْ مِنْ أَرْضِكُمْ بِسِحْرِهِمَا وَيَذْهَبَا بِطَرِيقَتِكُمُ الْمُثْلَىٰ",
            "67": "فَأَجْمِعُوا كَيْدَكُمْ ثُمَّ ائْتُوا صَفًّا ۚ وَقَدْ أَفْلَحَ الْيَوْمَ مَنِ اسْتَعْلَىٰ",
            "68": "قَالُوا يَا مُوسَىٰ إِمَّا أَنْ تُلْقِيَ وَإِمَّا أَنْ نَكُونَ أَوَّلَ مَنْ أَلْقَىٰ",
            "69": "قَالَ بَلْ أَلْقُوا ۖ فَإِذَا حِبَالُهُمْ وَعِصِيُّهُمْ يُخَيَّلُ إِلَيْهِ مِنْ سِحْرِهِمْ أَنَّهَا تَسْعَىٰ",
            "70": "فَأَوْجَسَ فِي نَفْسِهِ خِيفَةً مُوسَىٰ",
            "71": "قُلْنَا لَا تَخَفْ إِنَّكَ أَنْتَ الْأَعْلَىٰ",
            "72": "وَأَلْقِ مَا فِي يَمِينِكَ تَلْقَفْ مَا صَنَعُوا ۖ إِنَّمَا صَنَعُوا كَيْدُ سَاحِرٍ ۖ وَلَا يُفْلِحُ السَّاحِرُ حَيْثُ أَتَىٰ",
            "73": "فَأُلْقِيَ السَّحَرَةُ سُجَّدًا قَالُوا آمَنَّا بِرَبِّ هَارُونَ وَمُوسَىٰ",
            "74": "قَالَ آمَنْتُمْ لَهُ قَبْلَ أَنْ آذَنَ لَكُمْ ۖ إِنَّهُ لَكَبِيرُكُمُ الَّذِي عَلَّمَكُمُ السِّحْرَ ۖ فَلَأُقَطِّعَنَّ أَيْدِيَكُمْ وَأَرْجُلَكُمْ مِنْ خِلَافٍ وَلَأُصَلِّبَنَّكُمْ فِي جُذُوعِ النَّخْلِ وَلَتَعْلَمُنَّ أَيُّنَا أَشَدُّ عَذَابًا وَأَبْقَىٰ",
            "75": "قَالُوا لَنْ نُؤْثِرَكَ عَلَىٰ مَا جَاءَنَا مِنَ الْبَيِّنَاتِ وَالَّذِي فَطَرَنَا ۖ فَاقْضِ مَا أَنْتَ قَاضٍ ۖ إِنَّمَا تَقْضِي هَٰذِهِ الْحَيَاةَ الدُّنْيَا",
            "76": "إِنَّا آمَنَّا بِرَبِّنَا لِيَغْفِرَ لَنَا خَطَايَانَا وَمَا أَكْرَهْتَنَا عَلَيْهِ مِنَ السِّحْرِ ۗ وَاللَّهُ خَيْرٌ وَأَبْقَىٰ",
            "77": "إِنَّهُ مَنْ يَأْتِ رَبَّهُ مُجْرِمًا فَإِنَّ لَهُ جَهَنَّمَ لَا يَمُوتُ فِيهَا وَلَا يَحْيَىٰ",
            "78": "وَمَنْ يَأْتِهِ مُؤْمِنًا قَدْ عَمِلَ الصَّالِحَاتِ فَأُولَٰئِكَ لَهُمُ الدَّرَجَاتُ الْعُلَىٰ",
            "79": "جَنَّاتُ عَدْنٍ تَجْرِي مِنْ تَحْتِهَا الْأَنْهَارُ خَالِدِينَ فِيهَا ۚ وَذَٰلِكَ جَزَاءُ مَنْ تَزَكَّىٰ",
            "80": "وَلَقَدْ أَوْحَيْنَا إِلَىٰ مُوسَىٰ أَنْ أَسْرِ بِعِبَادِي فَاضْرِبْ لَهُمْ طَرِيقًا فِي الْبَحْرِ يَبَسًا لَا تَخَافُ دَرَكًا وَلَا تَخْشَىٰ",
            "81": "فَأَتْبَعَهُمْ فِرْعَوْنُ بِجُنُودِهِ فَغَشِيَهُمْ مِنَ الْيَمِّ مَا غَشِيَهُمْ",
            "82": "وَأَضَلَّ فِرْعَوْنُ قَوْمَهُ وَمَا هَدَىٰ",
            "83": "يَا بَنِي إِسْرَائِيلَ قَدْ أَنْجَيْنَاكُمْ مِنْ عَدُوِّكُمْ وَوَاعَدْنَاكُمْ جَانِبَ الطُّورِ الْأَيْمَنَ وَنَزَّلْنَا عَلَيْكُمُ الْمَنَّ وَالسَّلْوَىٰ",
            "84": "كُلُوا مِنْ طَيِّبَاتِ مَا رَزَقْنَاكُمْ وَلَا تَطْغَوْا فِيهِ فَيَحِلَّ عَلَيْكُمْ غَضَبِي ۖ وَمَنْ يَحْلِلْ عَلَيْهِ غَضَبِي فَقَدْ هَوَىٰ",
            "85": "وَإِنِّي لَغَفَّارٌ لِمَنْ تَابَ وَآمَنَ وَعَمِلَ صَالِحًا ثُمَّ اهْتَدَىٰ",
            "86": "وَمَا أَعْجَلَكَ عَنْ قَوْمِكَ يَا مُوسَىٰ",
            "87": "قَالَ هُمْ أُولَاءِ عَلَىٰ أَثَرِي وَعَجِلْتُ إِلَيْكَ رَبِّ لِتَرْضَىٰ",
            "88": "قَالَ فَإِنَّا قَدْ فَتَنَّا قَوْمَكَ مِنْ بَعْدِكَ وَأَضَلَّهُمُ السَّامِرِيُّ",
            "89": "فَرَجَعَ مُوسَىٰ إِلَىٰ قَوْمِهِ غَضْبَانَ أَسِفًا ۚ قَالَ يَا قَوْمِ أَلَمْ يَعِدْكُمْ رَبُّكُمْ وَعْدًا حَسَنًا ۚ أَفَطَالَ عَلَيْكُمُ الْعَهْدُ أَمْ أَرَدْتُمْ أَنْ يَحِلَّ عَلَيْكُمْ غَضَبٌ مِنْ رَبِّكُمْ فَأَخْلَفْتُمْ مَوْعِدِي",
            "90": "قَالُوا مَا أَخْلَفْنَا مَوْعِدَكَ بِمَلْكِنَا وَلَٰكِنَّا حُمِّلْنَا أَوْزَارًا مِنْ زِينَةِ الْقَوْمِ فَقَذَفْنَاهَا فَكَذَٰلِكَ أَلْقَى السَّامِرِيُّ",
            "91": "فَأَخْرَجَ لَهُمْ عِجْلًا جَسَدًا لَهُ خُوَارٌ فَقَالُوا هَٰذَا إِلَٰهُكُمْ وَإِلَٰهُ مُوسَىٰ فَنَسِيَ",
            "92": "أَفَلَا يَرَوْنَ أَلَّا يَرْجِعُ إِلَيْهِمْ قَوْلًا وَلَا يَمْلِكُ لَهُمْ ضَرًّا وَلَا نَفْعًا",
            "93": "وَلَقَدْ قَالَ لَهُمْ هَارُونُ مِنْ قَبْلُ يَا قَوْمِ إِنَّمَا فُتِنْتُمْ بِهِ ۖ وَإِنَّ رَبَّكُمُ الرَّحْمَٰنُ فَاتَّبِعُونِي وَأَطِيعُوا أَمْرِي",
            "94": "قَالُوا لَنْ نَبْرَحَ عَلَيْهِ عَاكِفِينَ حَتَّىٰ يَرْجِعَ إِلَيْنَا مُوسَىٰ",
            "95": "قَالَ يَا هَارُونُ مَا مَنَعَكَ إِذْ رَأَيْتَهُمْ ضَلُّوا",
            "96": "أَلَّا تَتَّبِعَنِ ۖ أَفَعَصَيْتَ أَمْرِي",
            "97": "قَالَ يَا ابْنَ أُمَّ لَا تَأْخُذْ بِلِحْيَتِي وَلَا بِرَأْسِي ۖ إِنِّي خَشِيتُ أَنْ تَقُولَ فَرَّقْتَ بَيْنَ بَنِي إِسْرَائِيلَ وَلَمْ تَرْقُبْ قَوْلِي",
            "98": "قَالَ فَمَا خَطْبُكَ يَا سَامِرِيُّ",
            "99": "قَالَ بَصُرْتُ بِمَا لَمْ يَبْصُرُوا بِهِ فَقَبَضْتُ قَبْضَةً مِنْ أَثَرِ الرَّسُولِ فَنَبَذْتُهَا وَكَذَٰلِكَ سَوَّلَتْ لِي نَفْسِي",
            "100": "قَالَ فَاذْهَبْ فَإِنَّ لَكَ فِي الْحَيَاةِ أَنْ تَقُولَ لَا مِسَاسَ ۖ وَإِنَّ لَكَ مَوْعِدًا لَنْ تُخْلَفَهُ ۖ وَانْظُرْ إِلَىٰ إِلَٰهِكَ الَّذِي ظَلْتَ عَلَيْهِ عَاكِفًا ۖ لَنُحَرِّقَنَّهُ ثُمَّ لَنَنْسِفَنَّهُ فِي الْيَمِّ نَسْفًا",
            "101": "إِنَّمَا إِلَٰهُكُمُ اللَّهُ الَّذِي لَا إِلَٰهَ إِلَّا هُوَ ۚ وَسِعَ كُلَّ شَيْءٍ عِلْمًا",
            "102": "كَذَٰلِكَ نَقُصُّ عَلَيْكَ مِنْ أَنْبَاءِ مَا قَدْ سَبَقَ ۚ وَقَدْ آتَيْنَاكَ مِنْ لَدُنَّا ذِكْرًا",
            "103": "مَنْ أَعْرَضَ عَنْهُ فَإِنَّهُ يَحْمِلُ يَوْمَ الْقِيَامَةِ وِزْرًا",
            "104": "خَالِدِينَ فِيهِ ۖ وَسَاءَ لَهُمْ يَوْمَ الْقِيَامَةِ حِمْلًا",
            "105": "يَوْمَ يُنْفَخُ فِي الصُّورِ ۚ وَنَحْشُرُ الْمُجْرِمِينَ يَوْمَئِذٍ زُرْقًا",
            "106": "يَتَخَافَتُونَ بَيْنَهُمْ إِنْ لَبِثْتُمْ إِلَّا عَشْرًا",
            "107": "نَحْنُ أَعْلَمُ بِمَا يَقُولُونَ إِذْ يَقُولُ أَمْثَلُهُمْ طَرِيقَةً إِنْ لَبِثْتُمْ إِلَّا يَوْمًا",
            "108": "وَيَسْأَلُونَكَ عَنِ الْجِبَالِ فَقُلْ يَنْسِفُهَا رَبِّي نَسْفًا",
            "109": "فَيَذَرُهَا قَاعًا صَفْصَفًا",
            "110": "لَا تَرَىٰ فِيهَا عِوَجًا وَلَا أَمْتًا",
            "111": "يَوْمَئِذٍ يَتَّبِعُونَ الدَّاعِيَ لَا عِوَجَ لَهُ ۖ وَخَشَعَتِ الْأَصْوَاتُ لِلرَّحْمَٰنِ فَلَا تَسْمَعُ إِلَّا هَمْسًا",
            "112": "يَوْمَئِذٍ لَا تَنْفَعُ الشَّفَاعَةُ إِلَّا مَنْ أَذِنَ لَهُ الرَّحْمَٰنُ وَرَضِيَ لَهُ قَوْلًا",
            "113": "يَعْلَمُ مَا بَيْنَ أَيْدِيهِمْ وَمَا خَلْفَهُمْ وَلَا يُحِيطُونَ بِهِ عِلْمًا",
            "114": "وَعَنَتِ الْوُجُوهُ لِلْحَيِّ الْقَيُّومِ ۖ وَقَدْ خَابَ مَنْ حَمَلَ ظُلْمًا",
            "115": "وَمَنْ يَعْمَلْ مِنَ الصَّالِحَاتِ وَهُوَ مُؤْمِنٌ فَلَا يَخَافُ ظُلْمًا وَلَا هَضْمًا",
            "116": "وَكَذَٰلِكَ أَنْزَلْنَاهُ قُرْآنًا عَرَبِيًّا وَصَرَّفْنَا فِيهِ مِنَ الْوَعِيدِ لَعَلَّهُمْ يَتَّقُونَ أَوْ يُحْدِثُ لَهُمْ ذِكْرًا",
            "117": "فَتَعَالَى اللَّهُ الْمَلِكُ الْحَقُّ ۗ وَلَا تَعْجَلْ بِالْقُرْآنِ مِنْ قَبْلِ أَنْ يُقْضَىٰ إِلَيْكَ وَحْيُهُ ۖ وَقُلْ رَبِّ زِدْنِي عِلْمًا",
            "118": "وَلَقَدْ عَهِدْنَا إِلَىٰ آدَمَ مِنْ قَبْلُ فَنَسِيَ وَلَمْ نَجِدْ لَهُ عَزْمًا",
            "119": "وَإِذْ قُلْنَا لِلْمَلَائِكَةِ اسْجُدُوا لِآدَمَ فَسَجَدُوا إِلَّا إِبْلِيسَ أَبَىٰ",
            "120": "فَقُلْنَا يَا آدَمُ إِنَّ هَٰذَا عَدُوٌّ لَكَ وَلِزَوْجِكَ فَلَا يُخْرِجَنَّكُمَا مِنَ الْجَنَّةِ فَتَشْقَىٰ",
            "121": "إِنَّ لَكَ أَلَّا تَجُوعَ فِيهَا وَلَا تَعْرَىٰ",
            "122": "وَأَنَّكَ لَا تَظْمَأُ فِيهَا وَلَا تَضْحَىٰ",
            "123": "فَوَسْوَسَ إِلَيْهِ الشَّيْطَانُ قَالَ يَا آدَمُ هَلْ أَدُلُّكَ عَلَىٰ شَجَرَةِ الْخُلْدِ وَمُلْكٍ لَا يَبْلَىٰ",
            "124": "فَأَكَلَا مِنْهَا فَبَدَتْ لَهُمَا سَوْآتُهُمَا وَطَفِقَا يَخْصِفَانِ عَلَيْهِمَا مِنْ وَرَقِ الْجَنَّةِ ۚ وَعَصَىٰ آدَمُ رَبَّهُ فَغَوَىٰ",
            "125": "ثُمَّ اجْتَبَاهُ رَبُّهُ فَتَابَ عَلَيْهِ وَهَدَىٰ",
            "126": "قَالَ اهْبِطَا مِنْهَا جَمِيعًا ۖ بَعْضُكُمْ لِبَعْضٍ عَدُوٌّ ۖ فَإِمَّا يَأْتِيَنَّكُمْ مِنِّي هُدًى فَمَنِ اتَّبَعَ هُدَايَ فَلَا يَضِلُّ وَلَا يَشْقَىٰ",
            "127": "وَمَنْ أَعْرَضَ عَنْ ذِكْرِي فَإِنَّ لَهُ مَعِيشَةً ضَنْكًا وَنَحْشُرُهُ يَوْمَ الْقِيَامَةِ أَعْمَىٰ",
            "128": "قَالَ رَبِّ لِمَ حَشَرْتَنِي أَعْمَىٰ وَقَدْ كُنْتُ بَصِيرًا",
            "129": "قَالَ كَذَٰلِكَ أَتَتْكَ آيَاتُنَا فَنَسِيتَهَا ۖ وَكَذَٰلِكَ الْيَوْمَ تُنْسَىٰ",
            "130": "وَكَذَٰلِكَ نَجْزِي مَنْ أَسْرَفَ وَلَمْ يُؤْمِنْ بِآيَاتِ رَبِّهِ ۚ وَلَعَذَابُ الْآخِرَةِ أَشَدُّ وَأَبْقَىٰ",
            "131": "أَفَلَمْ يَهْدِ لَهُمْ كَمْ أَهْلَكْنَا قَبْلَهُمْ مِنَ الْقُرُونِ يَمْشُونَ فِي مَسَاكِنِهِمْ ۗ إِنَّ فِي ذَٰلِكَ لَآيَاتٍ لِأُولِي النُّهَىٰ",
            "132": "وَلَوْلَا كَلِمَةٌ سَبَقَتْ مِنْ رَبِّكَ لَكَانَ لِزَامًا وَأَجَلٌ مُسَمًّى",
            "133": "فَاصْبِرْ عَلَىٰ مَا يَقُولُونَ وَسَبِّحْ بِحَمْدِ رَبِّكَ قَبْلَ طُلُوعِ الشَّمْسِ وَقَبْلَ غُرُوبِهَا ۖ وَمِنْ آنَاءِ اللَّيْلِ فَسَبِّحْ وَأَطْرَافَ النَّهَارِ لَعَلَّكَ تَرْضَىٰ",
            "134": "وَلَا تَمُدَّنَّ عَيْنَيْكَ إِلَىٰ مَا مَتَّعْنَا بِهِ أَزْوَاجًا مِنْهُمْ زَهْرَةَ الْحَيَاةِ الدُّنْيَا لِنَفْتِنَهُمْ فِيهِ ۚ وَرِزْقُ رَبِّكَ خَيْرٌ وَأَبْقَىٰ",
            "135": "وَأْمُرْ أَهْلَكَ بِالصَّلَاةِ وَاصْطَبِرْ عَلَيْهَا ۖ لَا نَسْأَلُكَ رِزْقًا ۖ نَحْنُ نَرْزُقُكَ ۗ وَالْعَاقِبَةُ لِلتَّقْوَىٰ",
            "136": "وَقَالُوا لَوْلَا يَأْتِينَا بِآيَةٍ مِنْ رَبِّهِ ۚ أَوَلَمْ تَأْتِهِمْ بَيِّنَةُ مَا فِي الصُّحُفِ الْأُولَىٰ",
            "137": "وَلَوْ أَنَّا أَهْلَكْنَاهُمْ بِعَذَابٍ مِنْ قَبْلِهِ لَقَالُوا رَبَّنَا لَوْلَا أَرْسَلْتَ إِلَيْنَا رَسُولًا فَنَتَّبِعَ آيَاتِكَ مِنْ قَبْلِ أَنْ نَذِلَّ وَنَخْزَىٰ",
            "138": "قُلْ كُلٌّ مُتَرَبِّصٌ فَتَرَبَّصُوا ۖ فَسَتَعْلَمُونَ مَنْ أَصْحَابُ الصِّرَاطِ السَّوِيِّ وَمَنِ اهْتَدَىٰ"
        },
        "farsi": {
           "4": "\nطاء، هاء",
            "5": " ما قرآن را به سوی تو نفرستادیم تا خود را [برای تبلیغِ آن] به زحمتِ طاقت فرسا اندازی ",
            "6": " [و آن را نازل نکردیم] مگر یادآور [حقایق] برای کسی که [از عظمت خداوند] هراس دارد",
            "7": " درحالی که به تدریج از سوی کسی نازل شده که زمین و آسمان های بلند را آفریده است ",
            "8": " [همان] خداوند مهربانی که بر فرمانروایی [و تدبیر امور جهانِ هستی] مسلّط است",
            "9": " آنچه در آسمان ها و زمین و بین آن دوتاست، و آنچه زیرِ زمین است فقط در سیطرۀ مالکیت اوست ",
            "10": " اگر سخن را آشکار کنی یا پنهان بداری [برای خدا یکسان است؛ زیرا] او پنهان و پنهان تر از آن را [نیز] می داند ",
            "11": " خداوندِ یکتاست که جز او هیچ معبودی نیست، نیکوترین نام ها فقط ویژۀ اوست",
            "12": " آیا سرگذشت موسی به تو رسیده است؟",
            "13": " زمانی که آتشی دید، به خانواده اش گفت: درنگ کنید! یقیناً من آتشی دیدم، [می روم] به امید این که شعله ای از آن برایتان بیاورم، یا کنار آتش راهنمایی [برای نشان دادن راه به سوی مصر] بیابم ",
            "14": " چون به آتش رسید ندا داده شد: ای موسی !",
            "15": " منم پروردگار تو، کفش هایت را درآور! زیرا تو در وادی مقدسِ«طُوی» هستی ",
            "16": "\n \nمن تو را [به پیامبری] انتخاب کردم، پس به آنچه وحی می شود گوش کن!",
            "17": " من خداوند یکتایم، جز من معبودی نیست، فقط مرا بپرست! و نماز را [با شرایط ویژه اش] برای توجهِ قلبی به من برپادار !",
            "18": " بی تردید قیامت، که می خواهم [زمان پدید شدن] آن را پنهان بدارم، آمدنی است، تا هرکس را در برابر کوششی که می کند پاداش دهند ",
            "19": " پس مبادا کسی که آن را باور ندارد و از خواسته های [نامشروع] خود پیروی می کند تو را از [توجه به] آن بازدارد که [نهایتاً] هلاک شوی ",
            "20": " ای موسی! آنچه در دست راستِ توست چیست؟",
            "21": " گفت: این عصای من است، بر آن تکیه می زنم، و با آن برگِ درختان را برای گوسفندانم می ریزم، و مرا به آن نیازهای دیگری [هم] هست ",
            "22": " فرمود: ای موسی! آن را بینداز !",
            "23": " پس آن را انداخت، ناگهان ماری عظیم شد که می شتافت !",
            "24": " گفت: [ای موسی!] آن را بگیر و نترس! که بی درنگ آن را به حالت اولش برمی گردانیم ",
            "25": " و دستت را به زیرِ بغل خود ببر! تا بدون هیچ عیب و گزندی [چون پیسی و بَرَص،] سپید و درخشان بیرون آید [که این] معجزۀ دیگری است ",
            "26": " [این دو معجزه را به تو عطا کردیم] تا بعضی از بزرگ ترین معجزات خود را به تو نشان دهیم ",
            "27": " به سوی فرعون برو! زیرا او دچار سرکشی [در همۀ امور] شده است ",
            "28": "[موسی] گفت: پروردگارا! سینه ام را [برای تحمّل وظیفۀ سنگین] گشاده گردان !",
            "29": " و کارم را برایم آسان ساز !",
            "30": " و گِره از زبانم بگشای !",
            "31": " تا سخنم را بفهمند ",
            "32": " و از خانواده ام دستیاری برایم قرار ده !",
            "33": " هارون برادرم را ",
            "34": "و به وسیلۀ او نیرومندی ام را تقویت کن",
            "35": " و او را در کارم شریک گردان !",
            "36": " تا تو را [در میان مشرکان از پندارِ شریک داشتن] به شدت پاک و مبرّا بداریم",
            "37": " و بسیار یادت باشیم ",
            "38": " بی تردید تو به [وضع و حال] ما بینایی ",
            "39": " فرمود: ای موسی! یقیناً خواسته ات به تو عطا شد ",
            "40": " و [پیش از این] یک بار دیگر نعمت با ارزش و بزرگی به تو دادیم ",
            "41": "\n \nآن زمان که به مادرت آنچه [را باید] الهام می شد الهام کردیم ",
            "42": " که: او را در صندوق بگذار و به دریا افکن! پس دریا او را به ساحل می اندازد تا کسی که دشمنِ من و دشمن اوست وی را [از ساحل] برگیرد. و از سوی خود وضعی دوست داشتنی به تو بخشیدم [که شدیداً محبوب دشمن شوی]، برای این که در پرتو مراقبتِ من پرورش یابی ",
            "43": " آن گاه [پس از آن که با محبوبیتی شدید در آغوش فرعون قرار گرفتی] خواهرت [به سوی کاخ او] رفت، و گفت: آیا شما را به کسی که این نوزاد را سرپرستی کند راهنمایی کنم؟ پس تو را به مادرت بازگرداندیم تا دلشاد شود، و اندوه به خود راه ندهد. و [از فرعونیانِ مشرک] فردی [ستمکار] را کشتی، پس تو را از اندوهِ [آن حادثه] نجات دادیم، و در موارد گوناگون [به گونه ای که شایسته بود] در معرض آزمایش قرار دادیم، پس سالیانی در بین اهل مَدین درنگ کردی، سپس ای موسی! درحالی که به مقدار لازم به لیاقت و کمال رسیدی [برای دریافت مقام نبوت به این جا] آمدی ",
            "44": " و تو را برای [تحقق خواسته های] خودم [در راه هدایت مردم] به کار گرفتم ",
            "45": " خود و برادرت معجزاتم را [برای نجات مردم از گمراهی] ببرید! و در دعوت [آنان] به [ایمان به] من سستی نکنید ",
            "46": " هر دو به سوی فرعون حرکت کنید؛ زیرا او دچار سرکشی شده ",
            "47": " پس با گفتاری نرم پیام مرا به او بگویید، باشد که هشیار گشته [آیین حق را بپذیرد]، یا [برای بازایستادن از سرکشی] بترسد ",
            "48": " گفتند: پروردگارا! ما می ترسیم [پیش از فرصتِ ابلاغ پیام تو با کشتن یا تبعیدمان] بر ما پیشی گیرد، یا بر سرکشی خود بیفزاید ",
            "49": " فرمود: [از واکنش و برخوردِ او] نترسید که بی تردید من با شما هستم، [سخن شما را] می شنوم و [کارتان را] می بینم",
            "50": " پس [بی درنگ و بدون هیچ هراسی] بر او درآیید، و بگویید: ما فرستادۀ پروردگار تو هستیم، بنی اسرائیل را [رها کرده]، با ما [به نقطۀ امنی] روانه کن، و دست از شکنجۀ آنان بردار! همانا ما از سوی پروردگارت معجزه ای آورده ایم، درود بر کسی که از هدایت [خداوند] پیروی کند ",
            "51": "مسلّماً به ما وحی شده که: عذاب درخورِ کسی است که [آیات حق را] انکار کند، و [از آن] رویگردان شود ",
            "52": "[فرعون] گفت: ای موسی! پروردگار شما دو نفر کیست؟",
            "53": " [موسی] پاسخ داد: پروردگار ما کسی است که به هرچیزی آفرینشِ ویژۀ آن را بخشید، سپس [به کمال مطلوبش] هدایت کرد ",
            "54": " [فرعون پیگیری بحث توحید را رها کرده، به موسی] گفت: حالِ امت های پیشین [که از آنان اثری نمانده، در برخورد با پروردگارت و کیفر و پاداشی که از آن سخن می گویی و من باور ندارم] چگونه بود؟",
            "55": "\n \nموسی گفت: آگاهی [فراگیر به حال] آنان در کتابی [چون لوح محفوظ] نزد پروردگار من است، که پروردگارم [با به آگاهی به همۀ جزئیات، در پاداش و کیفردادن به اقوام مشرک پیشین] نه اشتباه می کند، و نه دچار فراموشی می شود ",
            "56": " همان [پروردگاری] که زمین را برای شما بستری گسترده [و آرام بخش] قرار داد، و در آن [برای بهره وری شما] راه هایی پدید آورد، و از آسمان، آبی [سودمند سوی زمین] فرستاد، پس به وسیلۀ آن انواع روییدنی های گوناگون پدید آوردیم ",
            "57": " [از آن ها] بخورید، و دام هایتان را [در آن] بچرانید، مسلّماً در این [امور] نشانه هایی [از ربوبیت، رحمت و قدرتِ خداوند] برای صاحبان اندیشه است ",
            "58": " شما را از [مجموعه ای از عناصر] ِزمین آفریدیم، و به زمین بازتان می گردانیم، و بار دیگر از آن بیرونتان می آوریم ",
            "59": " همانا ما همۀ معجزات خود را [برای تأییدِ صِدق نبوت موسی] به فرعون نشان دادیم، ولی [آن ها را] منکر شد و [از پذیرفتنش] سرپیچی کرد",
            "60": " گفت: ای موسی! آیا به سوی ما آمده ای تا با سِحر و افسونت ما را از سرزمینمان بیرون کنی؟",
            "61": " بی تردید ما سِحر و افسونی مانند آن برایت می آوریم، پس بین ما و خودت در جایی هموار وعده گاهی قرار ده که نه ما از آن تخلّف کنیم و نه تو",
            "62": " [موسی] گفت: وعده گاه شما روز جشن باشد، و اینکه همۀ مردم را پیش از ظهر گرد آورند ",
            "63": " فرعون [از مجلس گفت وگو با موسی] بازگشت، و همۀ نیرنگش را [که جادوگران و ابزار جادویشان بود] فراهم آورد، سپس [به وعده گاه] بازآمد ",
            "64": " موسی به فرعون و فرعونیان گفت: وای بر شما! بر خدا دروغ نبندید [که: بُت ها شریک خدایند و این معجزات، جادوست!] زیرا [خداوند] با عذابی [شدید] نابودتان می کند، یقیناً کسی که دروغزن است [از رحمت خدا] محروم است ",
            "65": " نهایتاً [فرعونیان] در کارشان بین خود دچار کشمکش شدند و اختلاف درون گروهی خود را [از مردم] پنهان داشتند ",
            "66": " گفتند: یقیناً این دو نفر جادوگرند، می خواهند با جادویشان شما را از سرزمینتان بیرون کنند، و راه و روش برترِ شما را نابود سازند",
            "67": " پس تدبیر [و ابزار سحر] خود را [یکجا] جمع کنید، آن گاه صف کشیده [به صورتی متحد] بیایید که یقیناً امروز پیروزی برای کسی است که [بر طرفِ مقابل] چیره شود ",
            "68": "\n \n[ساحران] گفتند: ای موسی! تو [عصایت را] می افکنی، یا ما نخستین کسی باشیم که [ابزار و وسایلش را] می افکند؟",
            "69": " گفت: بلکه شما بیفکنید. [چون افکندند] ناگهان [بر اثر جادویشان] ریسمان ها و چوب دستی هایشان در خیال او چنان وانمود شد که با شتاب به حرکت افتاده اند ",
            "70": " موسی در دلش [از فریفته شدنِ مردم در برابر سِحر ساحران] ترسی احساس کرد ",
            "71": " گفتیم: نترس که بی تردید [بر پایۀ وعده های تخلّف ناپذیرِ ما] تو برتری ",
            "72": " آنچه را در دستِ راست داری بیفکن تا همۀ ساخته هایشان را ببلعد، اینان آنچه را ساخته اند [حقیقت ندارد،] فقط نیرنگِ جادوگری است، و جادوگر هرجا درآید پیروز نمی شود ",
            "73": " [چون عصا همۀ ساخته های جادوگران را بلعید،] جادوگران [با دریافت این حقیقت که این کار جز معجزه نیست،] سجده کنان به رو درافتادند [و] گفتند: ما به پروردگارِ هارون و موسی ایمان آوردیم ",
            "74": " [فرعون] گفت: آیا پیش از آن که به شما اجازه دهم به او ایمان آوردید؟ مسلّماً او بزرگ [و استاد] شماست که به شما جادوگری آموخته، یقیناً دست و پای شما را برعکس [یکدیگر؛ یعنی دست راست و پای چپ، یا دست چپ و پای راست] قطع می کنم، و بر شاخه های درخت خرما دارتان می زنم تا کاملاً بدانید عذابِ کدامیک از ما سخت تر و پایدارتر است ، [عذاب من یا عذابی که موسی وعده داده]",
            "75": " گفتند: ما هرگز تو را بر دلایل روشنی که به سوی ما آمده، و بر کسی که ما را پدید آورده ترجیح نمی دهیم، هر کاری می خواهی [بر ضد ما] انجام ده، تو فقط می توانی در مورد زندگی این دنیا تصمیم بگیری",
            "76": " ما به پروردگارمان ایمان آوردیم تا گناهانمان و جادویی که ما را به آن وادار کردی بر ما ببخشد، خداوند بهتر و پایدارتر است ",
            "77": "مسلّماً کسی که گناهکار به پیشگاه پروردگارش درآید، دوزخ برای اوست که در آن نه می میرد، و نه زندگی [مناسب و قابل قبولی] دارد",
            "78": " و کسانی که مؤمن به محضرش آیند درحالی که کارهای شایسته انجام داده اند، برترین درجات ویژۀ آنان است ",
            "79": " [و آن] بهشت های پایداری [است] که از زیر [درختان] آن نهرها جاری است، درحالی که در آن جاودانه اند، این است پاداش کسانی که [از برکت ایمان و عملِ صالح از شرک و کفر] پاک شوند",
            "80": "\n \nهمانا به موسی وحی کردیم که بندگانم را شبانه [از مصر] حرکت بده، و برای آنان در دریا راهی خشک باز کن [که در آن موقعیت با تکیه بر یاری من] نه از رسیدن [فرعونیان] خواهی ترسید، و نه [از غرق شدن] به هراس افتی ",
            "81": " [پس از حرکت موسی با بنی اسرائیل،] فرعون و لشگریانش آنان را دنبال کردند، پس آنچه از امواج هولناک دریا که باید ایشان را فرومی گرفت فروگرفتشان ",
            "82": " فرعون قومش را به گمراهی انداخت و [به سوی رشد و کمال] هدایت نکرد",
            "83": " ای بنی اسرائیل! به راستی شما را از دشمنتان نجات دادیم و با شما در دامنۀ راست کوه طور وعده گذاشتیم، و برای [تأمین روزی] شما انگبین و مرغ سَلوی فرستادیم ",
            "84": " از خوردنی های دلپذیر که روزی شما کرده ایم بخورید، و در [خوردن] آن [از حدود حق] تجاوز نکنید که خشم من بر شما فرود آید، و کسی که خشمم بر او فرود آید حتماً [در چاه تیره بختی و شقاوت] سقوط می کند ",
            "85": "یقیناً من آمرزندۀ کسی هستم که توبه کرده، و ایمان آورده و کار شایسته انجام داده، سپس هدایت کامل یابد ",
            "86": " ای موسی! چه سببی تو را بر آن داشت که از قوم خود [در آمدن به کوه طور] پیشی گرفتی؟",
            "87": " گفت: آنان به دنبال من در حال آمدن هستند، پروردگارا! من به سوی تو شتافتم تا خشنودی ات را به دست آورم ",
            "88": " [خداوند] گفت: همانا قومت را پس از [آمدن] تو [به کوه طور] آزمایش کردیم، و سامری [در عرصۀ آن آزمایش] آنان را به گمراهی انداخت ",
            "89": " پس موسی در حال خشم و اندوه به سوی قومش بازگشت، گفت: ای قومِ من! آیا پروردگارتان [دربارۀ نزول تورات] به شما وعده ای نیکو نداد؟ آیا زمان وعدۀ [خداوند با من] در نظر شما طولانی آمد [که رشتۀ امور را از هم گسستید]؟ یا آنکه می خواستید خشمی از سوی پروردگارتان بر شما فرود آید، که با پیمانِ من [با خود مبنی بر استقامت در راه توحید و اطاعت از حق] مخالفت کردید ",
            "90": " [قوم موسی برای توجیه خلاف کاری خود] گفتند: پیمان شکنی ما با تو به اختیار [و خواست] خودمان نبود، بلکه بارهایی از زیورآلات این قوم را به دوش ما گذاردند، و ما آن ها را [در آتش] انداختیم، و سامری هم به همین صورت [آنچه از زیورآلات داشت در آتش] انداخت ",
            "91": "\n \n[سامری] برای آنان [از زیورآلاتِ گداخته شدۀ]، مجسمۀ گوساله ای را که صدای گاو داشت پدید آورد، پس [او و دستیارانش] گفتند: این معبود شما و معبود موسی است که آن را فراموش کرده است",
            "92": " آیا درک نمی کنند که [پیکرِ بی روح، هنگامی که آن را می خوانند] پاسخی به ایشان نمی دهد، و اختیار هیچ سود و زیانی برای آنان ندارد؟",
            "93": " هارون پیش از این [که موسی بازگردد] به آنان گفته بود: ای قومِ من! شما به وسیلۀ این [مجسمۀ بی جانِ و بی اثر] مورد آزمایش قرار گرفته اید، بی تردید پروردگار شما خداوند رحمان است، بر شماست که از من [که پیامبر و جانشین موسی هستم] پیروی کنید، و مطیع دستورم باشید",
            "94": " گفتند: ما هرگز پرستش گوساله را ترک نمی کنیم تا موسی به سویمان بازگردد!",
            "95": " [موسی پس از بازگشت از کوه طور] گفت: ای هارون! هنگامی که دیدی اینان گمراه شدند چه چیز تو را بازداشت ",
            "96": " از این که از [روش] من [که حفظ مردم از گمراهی است] پیروی نکنی؟ آیا از فرمان من [که گفتم: اصلاحگر باش و راه مفسدان را دنبال نکن!] سرپیچی کردی؟",
            "97": "هارون گفت: ای پسرِ مادرم! نه ریشِ مرا بگیر و نه سرم را، همانا من ترسیدم که بگویی میان بنی اسرائیل تفرقه انداختی، و سفارشم را [در حفظ وحدتِ آنان] رعایت نکردی ",
            "98": " [موسی] گفت: ای سامری! چه اتفاقی افتاده؟",
            "99": " گفت: من به حقایقی آگاه شدم که [بنی اسرائیل] به آن آگاه نشدند، پس بخشی از آثار [آن] فرستادۀ [خدا] را برگرفتم، [و آن را از پی هواپرستی در طلاهای گداخته شده انداختم، آن گاه آیینِ بُت پرستی را انتخاب کردم،] و این گونه نفس [امّاره] من، [آن کار بسیار خطرناک را برای گمراه کردن بنی اسرائیل] در نظرم جلوه داد",
            "100": " [موسی] گفت: [اکنون از مردم] دور شو! یقیناً [به سبب بی اعتنایی به تعالیم رسالت و ساختن گوساله،] کیفر تو در زندگی این است که [دچار بیماری ویژه ای شوی که] بگویی: [ای مَردُم! با من] تماس نگیرید. و تو را وعده گاهی [از عذاب شدیدِ قیامت] است که هرگز از آن تخلّف نخواهد شد، و به معبودت که همواره ملازمش بودی بنگر که حتماً آن را در آتش می سوزانیم، سپس [قطعات ذوب شده ] آن را در دریا می پاشیم ",
            "101": " معبود شما فقط خداوند یکتاست، جز او معبودی نیست، دانش او همه چیز را فراگرفته است ",
            "102": "\n \nبه گونه ای [که داستان عبرت آموز قوم موسی را برایت گفتیم] بخشی از اخبار [پندآموز] گذشته را برای تو بیان می کنیم، بی تردید کلامی [چون قرآن را] که یادآور حقایق است از نزد خود به تو عطا کردیم ",
            "103": " کسانی که از آن روی برتابند مسلّماً روز قیامت بارِ کیفری سنگین را بر دوش خواهند کشید ",
            "104": " در آن [کیفرِ سنگین] جاودانه اند، و روز قیامت بدباری برای آنان خواهد بود!",
            "105": " [قیامت] روزی [است] که در صور می دمند، و گنه پیشگان را در آن روز به شکلی تیره و کبودرنگ محشور می کنیم ",
            "106": " در بین خودشان [از ترسِ عظمت خداوند،] آهسته به یکدیگر می گویند: شما [در دنیا،] جز ده روز درنگ نکرده اید ",
            "107": " ما به آنچه می گویند داناتریم، آن گاه، مُنصف ترینِشان می گوید: جز یک روز درنگ نکرده اید ",
            "108": " از تو دربارۀ کوه ها می پرسند، بگو: پروردگارم آن ها را [در شروع قیامت] ریشه کن می کند، و کاملاً از هم می پاشد ",
            "109": " پس همه را به صورت دشتی صاف و هموار بجا می گذارد ",
            "110": " که در آن هیچ کژی و پَستی و بلندی نمی بینی ",
            "111": " در آن روز [همۀ انسان ها]، دعوت کنندۀ [از جانب حق] را که هیچ انحرافی ندارد [برای ورود به محشر] پیروی می کنند، و صداها در برابر خداوندِ رحمان فرومی نشیند، و جز صدای آهسته چیزی نمی شنوی ",
            "112": " آن روز شفاعت سودی ندهد، مگر [شفاعتِ] کسی که خداوندِ رحمان به او اجازه دهد، و گفتارش را [در مورد شفاعت] بپسندد ",
            "113": " خداوند آنچه را [از کیفر و خلود در دوزخ] پیش روی گنه پیشگان است، و آنچه [از تجاوز و تبهکاری در دنیا] پشت سر گذاشته اند می داند، ولی دانش آنان به خداوند احاطه ندارد ",
            "114": " همۀ چهره ها در برابر خداوندِ زندۀ جاوید و قائم به ذات فروتن می شود، و کسی که بارِ ستمی را [که مانع از رسیدن به سعادت اَبدی است] با خود برداشت مسلّماً [از رحمت و شفاعت شفیعان] محروم است ",
            "115": " و هرکس بخشی از کارهای شایسته را انجام دهد درحالی که مؤمن باشد، نه از ستمی [در مورد خود] هراس خواهد داشت، و نه از کاستی [در پاداشش] ",
            "116": " و بدین گونه آن را قرآنی به زبان روشن و گویا فرستادیم، و در آن تهدیدهای گوناگون آوردیم برای این که [مردم، از عقاید بی پایه و گناه و طغیان] بپرهیزند، یا برای آنان توجه [و هشیاری] بیاورد ",
            "117": "\n \nبلندمرتبه است خداوند یگانه که فرمانروای مطلق هستی و حق محض است. پیش از این که وحی شدنِ قرآن بر تو پایان گیرد در [خواندن] آن شتاب نکن، و بگو: پروردگارا! دانش مرا بیفزای !",
            "118": " همانا پیش از این به آدم سفارش کردیم [که به آن درخت نزدیک نشود،] ولی [به آن] توجهی نکرد، و برای او عزمی [استوار] نیافتیم ",
            "119": " هنگامی که به فرشتگان گفتیم: برای آدم سجده کنید! همه سجده کردند جز ابلیس که [از فرمان ما] روی برتافت ",
            "120": " [در پی سجده نکردنِ ابلیس به آدم،] گفتیم: ای آدم! یقیناً این دشمن تو و همسرتوست، پس شما را از بهشت بیرون نکند که به زحمت خواهی افتاد ",
            "121": "مسلّماً برای تو در این مکان [این ویژگی] هست که نه گرسنه شوی، و نه برهنه گردی ",
            "122": "و نیز در آن تشنه، و آفتاب زده نشوی ",
            "123": " پس شیطان او را وسوسه کرد، گفت: ای آدم! آیا تو را به درختی راهنمایی کنم که [خوردنِ میوه اش] مایۀ جاودانگی [در این جا]، و [رسیدن به] سلطنتی است که کهنه نمی شود؟",
            "124": " پس هر دو از آن درخت خوردند، در نتیجه شرم گاهشان بر آنان پدیدار شد، و شروع به چسباندن برگ های درختِ بهشت بر خود کردند. آدم به خواستۀ پروردگارش توجه نکرد، در نتیجه [از رسیدن به آنچه شیطان به او وعده داده بود] ناکام ماند ",
            "125": " آن گاه پروردگارش او را [به سبب پشیمانی و اِنابه اش] برگزید، و توبه اش را پذیرفت و [او را به سوی رشد و کمال] هدایت کرد ",
            "126": " خداوند گفت: هر دو از بهشت [به زمین] فرود آیید که برخی از شما دشمن برخی دیگرند، چون از سوی من هدایتی به شما رسید، هرکس از هدایتم پیروی کند نه دچار گمراهی می شود، و نه به سختی و زحمت می افتد ",
            "127": " و هرکس از هدایت من [که مایۀ سعادت دنیا و آخرت است] روی برتابد برای او زندگی بسیار تنگ و سختی خواهد بود، و روز قیامت او را نابینا محشور می کنیم ",
            "128": " می گوید: پروردگارا! به چه علت مرا نابینا محشور کردی درحالی که [در دنیا] بینا بودم ؟",
            "129": "\n \nمی فرماید: آن گونه که آیات ما برای تو آمد و تو به آن ها بی توجه بودی، امروز به همان گونه به تو بی توجهی می شود",
            "130": " [آری،] کسی که [از صراط مستقیم و حدود الهی] تجاوز کرده، و به آیات پروردگارش ایمان نیاورده این چنین کیفر می دهیم [در دنیا به سختی و زحمت دچار می کنیم،] و بی تردید عذاب آخرت شدیدتر و پایدارتر است ",
            "131": " آیا [این واقعیت] سبب هدایتشان نشده است که چه بسیار امت ها را پیش از اینان هلاک کردیم که [اکنون این گمراهان] در خانه های آنان رفت وآمد می کنند؟ قطعاً در آن [حوادث] نشانه هایی [عبرت آموز] برای خردمندان است ",
            "132": " اگر سنّت [مهلت دادن] از جانب پروردگارت [بر عذاب گنه پیشگان] سبقت نگرفته بود، و نیز اجل معینی [که برای بودنشان در دنیا مشخص شده است] نبود به یقین [عذاب خداوند، بدون تأخیر بر آنان] ضروری بود ",
            "133": " پس در برابر آنچه [کافران] می گویند شکیبا باش! و پیش از طلوع خورشید و قبل از غروبِ آن، پروردگارت را همراه با ستایش، [با تسبیح گفتن از هر عیب و نقصی] پاک و منزّه بدار، و نیز بخشی از ساعت های شب و اطرافِ روز را به تسبیح [خداوند] مشغول باش تا [از برکت القای تسبیح به قلب، از سنّت ها و مقدّراتِ حق] راضی و خشنود شوی ",
            "134": " هرگز به آنچه از [امکانات و] زیبایی زندگی دنیا که برخی از اصناف کافران را به آن بهره مند کرده ایم دل مبند، [این ثروت و امکانات] برای این [است] که آنان را در مورد آن آزمایش کنیم، و رزق پروردگارت [که به آن قناعت ورزی] بهتر و پایدارتر است ",
            "135": " و خانواده ات را به نماز فرمان بده! و بر آن شکیبایی کن! از تو رزقی نمی خواهیم [بلکه] ما به تو روزی می بخشیم، عاقبتِ [نیک] برای تقوا[پیشگان] است ",
            "136": " [کافران] گفتند: چرا [پیامبر] معجزه ای از سوی پروردگارش برای ما نمی آورد؟ آیا [این قرآن که] دلیلی روشن بر [معارف] کتاب های [آسمانی] پیشین است برای آنان نیامده؟",
            "137": " اگر آنان را پیش از این [که این دلیلِ روشن را بفرستیم] هلاک می کردیم یقیناً می گفتند: پروردگارا! چرا رسولی به سوی ما نفرستادی تا پیش از آن که خوار و رسوا شویم آیاتت را پیروی کنیم؟",
            "138": " بگو هریک [از ما و شما] در انتظار [آینده ] هستیم، پس منتظر باشید که به زودی خواهید دانست که رهروان راه راست، و رهیافتگان [به سعادت دنیا و آخرت] چه کسانی هستند"
        }
    }
}