{
    "2": {
        "number": 2,
        "title": "سورة الانبياء",
        "bab": 4,
        "delay": 0,
        "arabic": {
            "1": "اقْتَرَبَ لِلنَّاسِ حِسَابُهُمْ وَهُمْ فِي غَفْلَةٍ مُعْرِضُونَ",
            "2": "مَا يَأْتِيهِمْ مِنْ ذِكْرٍ مِنْ رَبِّهِمْ مُحْدَثٍ إِلَّا اسْتَمَعُوهُ وَهُمْ يَلْعَبُونَ",
            "3": "لَاهِيَةً قُلُوبُهُمْ ۗ وَأَسَرُّوا النَّجْوَى الَّذِينَ ظَلَمُوا هَلْ هَٰذَا إِلَّا بَشَرٌ مِثْلُكُمْ ۖ أَفَتَأْتُونَ السِّحْرَ وَأَنْتُمْ تُبْصِرُونَ",
            "4": "قَالَ رَبِّي يَعْلَمُ الْقَوْلَ فِي السَّمَاءِ وَالْأَرْضِ ۖ وَهُوَ السَّمِيعُ الْعَلِيمُ",
            "5": "بَلْ قَالُوا أَضْغَاثُ أَحْلَامٍ بَلِ افْتَرَاهُ بَلْ هُوَ شَاعِرٌ فَلْيَأْتِنَا بِآيَةٍ كَمَا أُرْسِلَ الْأَوَّلُونَ",
            "6": "مَا آمَنَتْ قَبْلَهُمْ مِنْ قَرْيَةٍ أَهْلَكْنَاهَا ۖ أَفَهُمْ يُؤْمِنُونَ",
            "7": "وَمَا أَرْسَلْنَا قَبْلَكَ إِلَّا رِجَالًا نُوحِي إِلَيْهِمْ ۖ فَاسْأَلُوا أَهْلَ الذِّكْرِ إِنْ كُنْتُمْ لَا تَعْلَمُونَ",
            "8": "وَمَا جَعَلْنَاهُمْ جَسَدًا لَا يَأْكُلُونَ الطَّعَامَ وَمَا كَانُوا خَالِدِينَ",
            "9": "ثُمَّ صَدَقْنَاهُمُ الْوَعْدَ فَأَنْجَيْنَاهُمْ وَمَنْ نَشَاءُ وَأَهْلَكْنَا الْمُسْرِفِينَ",
            "10": "لَقَدْ أَنْزَلْنَا إِلَيْكُمْ كِتَابًا فِيهِ ذِكْرُكُمْ ۖ أَفَلَا تَعْقِلُونَ",
            "11": "وَكَمْ قَصَمْنَا مِنْ قَرْيَةٍ كَانَتْ ظَالِمَةً وَأَنْشَأْنَا بَعْدَهَا قَوْمًا آخَرِينَ",
            "12": "فَلَمَّا أَحَسُّوا بَأْسَنَا إِذَا هُمْ مِنْهَا يَرْكُضُونَ",
            "13": "لَا تَرْكُضُوا وَارْجِعُوا إِلَىٰ مَا أُتْرِفْتُمْ فِيهِ وَمَسَاكِنِكُمْ لَعَلَّكُمْ تُسْأَلُونَ",
            "14": "قَالُوا يَا وَيْلَنَا إِنَّا كُنَّا ظَالِمِينَ",
            "15": "فَمَا زَالَتْ تِلْكَ دَعْوَاهُمْ حَتَّىٰ جَعَلْنَاهُمْ حَصِيدًا خَامِدِينَ",
            "16": "وَمَا خَلَقْنَا السَّمَاءَ وَالْأَرْضَ وَمَا بَيْنَهُمَا لَاعِبِينَ",
            "17": "لَوْ أَرَدْنَا أَنْ نَتَّخِذَ لَهْوًا لَاتَّخَذْنَاهُ مِنْ لَدُنَّا إِنْ كُنَّا فَاعِلِينَ",
            "18": "بَلْ نَقْذِفُ بِالْحَقِّ عَلَى الْبَاطِلِ فَيَدْمَغُهُ فَإِذَا هُوَ زَاهِقٌ ۚ وَلَكُمُ الْوَيْلُ مِمَّا تَصِفُونَ",
            "19": "وَلَهُ مَنْ فِي السَّمَاوَاتِ وَالْأَرْضِ ۚ وَمَنْ عِنْدَهُ لَا يَسْتَكْبِرُونَ عَنْ عِبَادَتِهِ وَلَا يَسْتَحْسِرُونَ",
            "20": "يُسَبِّحُونَ اللَّيْلَ وَالنَّهَارَ لَا يَفْتُرُونَ",
            "21": "أَمِ اتَّخَذُوا آلِهَةً مِنَ الْأَرْضِ هُمْ يُنْشِرُونَ",
            "22": "لَوْ كَانَ فِيهِمَا آلِهَةٌ إِلَّا اللَّهُ لَفَسَدَتَا ۚ فَسُبْحَانَ اللَّهِ رَبِّ الْعَرْشِ عَمَّا يَصِفُونَ",
            "23": "لَا يُسْأَلُ عَمَّا يَفْعَلُ وَهُمْ يُسْأَلُونَ",
            "24": "أَمِ اتَّخَذُوا مِنْ دُونِهِ آلِهَةً ۖ قُلْ هَاتُوا بُرْهَانَكُمْ ۖ هَٰذَا ذِكْرُ مَنْ مَعِيَ وَذِكْرُ مَنْ قَبْلِي ۗ بَلْ أَكْثَرُهُمْ لَا يَعْلَمُونَ الْحَقَّ ۖ فَهُمْ مُعْرِضُونَ",
            "25": "وَمَا أَرْسَلْنَا مِنْ قَبْلِكَ مِنْ رَسُولٍ إِلَّا نُوحِي إِلَيْهِ أَنَّهُ لَا إِلَٰهَ إِلَّا أَنَا فَاعْبُدُونِ",
            "26": "وَقَالُوا اتَّخَذَ الرَّحْمَٰنُ وَلَدًا ۗ سُبْحَانَهُ ۚ بَلْ عِبَادٌ مُكْرَمُونَ",
            "27": "لَا يَسْبِقُونَهُ بِالْقَوْلِ وَهُمْ بِأَمْرِهِ يَعْمَلُونَ",
            "28": "يَعْلَمُ مَا بَيْنَ أَيْدِيهِمْ وَمَا خَلْفَهُمْ وَلَا يَشْفَعُونَ إِلَّا لِمَنِ ارْتَضَىٰ وَهُمْ مِنْ خَشْيَتِهِ مُشْفِقُونَ",
            "29": "وَمَنْ يَقُلْ مِنْهُمْ إِنِّي إِلَٰهٌ مِنْ دُونِهِ فَذَٰلِكَ نَجْزِيهِ جَهَنَّمَ ۚ كَذَٰلِكَ نَجْزِي الظَّالِمِينَ",
            "30": "أَوَلَمْ يَرَ الَّذِينَ كَفَرُوا أَنَّ السَّمَاوَاتِ وَالْأَرْضَ كَانَتَا رَتْقًا فَفَتَقْنَاهُمَا ۖ وَجَعَلْنَا مِنَ الْمَاءِ كُلَّ شَيْءٍ حَيٍّ ۖ أَفَلَا يُؤْمِنُونَ",
            "31": "وَجَعَلْنَا فِي الْأَرْضِ رَوَاسِيَ أَنْ تَمِيدَ بِهِمْ وَجَعَلْنَا فِيهَا فِجَاجًا سُبُلًا لَعَلَّهُمْ يَهْتَدُونَ",
            "32": "وَجَعَلْنَا السَّمَاءَ سَقْفًا مَحْفُوظًا ۖ وَهُمْ عَنْ آيَاتِهَا مُعْرِضُونَ",
            "33": "وَهُوَ الَّذِي خَلَقَ اللَّيْلَ وَالنَّهَارَ وَالشَّمْسَ وَالْقَمَرَ ۖ كُلٌّ فِي فَلَكٍ يَسْبَحُونَ",
            "34": "وَمَا جَعَلْنَا لِبَشَرٍ مِنْ قَبْلِكَ الْخُلْدَ ۖ أَفَإِنْ مِتَّ فَهُمُ الْخَالِدُونَ",
            "35": "كُلُّ نَفْسٍ ذَائِقَةُ الْمَوْتِ ۗ وَنَبْلُوكُمْ بِالشَّرِّ وَالْخَيْرِ فِتْنَةً ۖ وَإِلَيْنَا تُرْجَعُونَ",
            "36": "وَإِذَا رَآكَ الَّذِينَ كَفَرُوا إِنْ يَتَّخِذُونَكَ إِلَّا هُزُوًا أَهَٰذَا الَّذِي يَذْكُرُ آلِهَتَكُمْ وَهُمْ بِذِكْرِ الرَّحْمَٰنِ هُمْ كَافِرُونَ",
            "37": "خُلِقَ الْإِنْسَانُ مِنْ عَجَلٍ ۚ سَأُرِيكُمْ آيَاتِي فَلَا تَسْتَعْجِلُونِ",
            "38": "وَيَقُولُونَ مَتَىٰ هَٰذَا الْوَعْدُ إِنْ كُنْتُمْ صَادِقِينَ",
            "39": "لَوْ يَعْلَمُ الَّذِينَ كَفَرُوا حِينَ لَا يَكُفُّونَ عَنْ وُجُوهِهِمُ النَّارَ وَلَا عَنْ ظُهُورِهِمْ وَلَا هُمْ يُنْصَرُونَ",
            "40": "بَلْ تَأْتِيهِمْ بَغْتَةً فَتَبْهَتُهُمْ فَلَا يَسْتَطِيعُونَ رَدَّهَا وَلَا هُمْ يُنْظَرُونَ",
            "41": "وَلَقَدِ اسْتُهْزِئَ بِرُسُلٍ مِنْ قَبْلِكَ فَحَاقَ بِالَّذِينَ سَخِرُوا مِنْهُمْ مَا كَانُوا بِهِ يَسْتَهْزِئُونَ",
            "42": "قُلْ مَنْ يَكْلَؤُكُمْ بِاللَّيْلِ وَالنَّهَارِ مِنَ الرَّحْمَٰنِ ۗ بَلْ هُمْ عَنْ ذِكْرِ رَبِّهِمْ مُعْرِضُونَ",
            "43": "أَمْ لَهُمْ آلِهَةٌ تَمْنَعُهُمْ مِنْ دُونِنَا ۚ لَا يَسْتَطِيعُونَ نَصْرَ أَنْفُسِهِمْ وَلَا هُمْ مِنَّا يُصْحَبُونَ",
            "44": "بَلْ مَتَّعْنَا هَٰؤُلَاءِ وَآبَاءَهُمْ حَتَّىٰ طَالَ عَلَيْهِمُ الْعُمُرُ ۗ أَفَلَا يَرَوْنَ أَنَّا نَأْتِي الْأَرْضَ نَنْقُصُهَا مِنْ أَطْرَافِهَا ۚ أَفَهُمُ الْغَالِبُونَ",
            "45": "قُلْ إِنَّمَا أُنْذِرُكُمْ بِالْوَحْيِ ۚ وَلَا يَسْمَعُ الصُّمُّ الدُّعَاءَ إِذَا مَا يُنْذَرُونَ",
            "46": "وَلَئِنْ مَسَّتْهُمْ نَفْحَةٌ مِنْ عَذَابِ رَبِّكَ لَيَقُولُنَّ يَا وَيْلَنَا إِنَّا كُنَّا ظَالِمِينَ",
            "47": "وَنَضَعُ الْمَوَازِينَ الْقِسْطَ لِيَوْمِ الْقِيَامَةِ فَلَا تُظْلَمُ نَفْسٌ شَيْئًا ۖ وَإِنْ كَانَ مِثْقَالَ حَبَّةٍ مِنْ خَرْدَلٍ أَتَيْنَا بِهَا ۗ وَكَفَىٰ بِنَا حَاسِبِينَ",
            "48": "وَلَقَدْ آتَيْنَا مُوسَىٰ وَهَارُونَ الْفُرْقَانَ وَضِيَاءً وَذِكْرًا لِلْمُتَّقِينَ",
            "49": "الَّذِينَ يَخْشَوْنَ رَبَّهُمْ بِالْغَيْبِ وَهُمْ مِنَ السَّاعَةِ مُشْفِقُونَ",
            "50": "وَهَٰذَا ذِكْرٌ مُبَارَكٌ أَنْزَلْنَاهُ ۚ أَفَأَنْتُمْ لَهُ مُنْكِرُونَ",
            "51": "وَلَقَدْ آتَيْنَا إِبْرَاهِيمَ رُشْدَهُ مِنْ قَبْلُ وَكُنَّا بِهِ عَالِمِينَ",
            "52": "إِذْ قَالَ لِأَبِيهِ وَقَوْمِهِ مَا هَٰذِهِ التَّمَاثِيلُ الَّتِي أَنْتُمْ لَهَا عَاكِفُونَ",
            "53": "قَالُوا وَجَدْنَا آبَاءَنَا لَهَا عَابِدِينَ",
            "54": "قَالَ لَقَدْ كُنْتُمْ أَنْتُمْ وَآبَاؤُكُمْ فِي ضَلَالٍ مُبِينٍ",
            "55": "قَالُوا أَجِئْتَنَا بِالْحَقِّ أَمْ أَنْتَ مِنَ اللَّاعِبِينَ",
            "56": "قَالَ بَلْ رَبُّكُمْ رَبُّ السَّمَاوَاتِ وَالْأَرْضِ الَّذِي فَطَرَهُنَّ وَأَنَا عَلَىٰ ذَٰلِكُمْ مِنَ الشَّاهِدِينَ",
            "57": "وَتَاللَّهِ لَأَكِيدَنَّ أَصْنَامَكُمْ بَعْدَ أَنْ تُوَلُّوا مُدْبِرِينَ",
            "58": "فَجَعَلَهُمْ جُذَاذًا إِلَّا كَبِيرًا لَهُمْ لَعَلَّهُمْ إِلَيْهِ يَرْجِعُونَ",
            "59": "قَالُوا مَنْ فَعَلَ هَٰذَا بِآلِهَتِنَا إِنَّهُ لَمِنَ الظَّالِمِينَ",
            "60": "قَالُوا سَمِعْنَا فَتًى يَذْكُرُهُمْ يُقَالُ لَهُ إِبْرَاهِيمُ",
            "61": "قَالُوا فَأْتُوا بِهِ عَلَىٰ أَعْيُنِ النَّاسِ لَعَلَّهُمْ يَشْهَدُونَ",
            "62": "قَالُوا أَأَنْتَ فَعَلْتَ هَٰذَا بِآلِهَتِنَا يَا إِبْرَاهِيمُ",
            "63": "قَالَ بَلْ فَعَلَهُ كَبِيرُهُمْ هَٰذَا فَاسْأَلُوهُمْ إِنْ كَانُوا يَنْطِقُونَ",
            "64": "فَرَجَعُوا إِلَىٰ أَنْفُسِهِمْ فَقَالُوا إِنَّكُمْ أَنْتُمُ الظَّالِمُونَ",
            "65": "ثُمَّ نُكِسُوا عَلَىٰ رُءُوسِهِمْ لَقَدْ عَلِمْتَ مَا هَٰؤُلَاءِ يَنْطِقُونَ",
            "66": "قَالَ أَفَتَعْبُدُونَ مِنْ دُونِ اللَّهِ مَا لَا يَنْفَعُكُمْ شَيْئًا وَلَا يَضُرُّكُمْ",
            "67": "أُفٍّ لَكُمْ وَلِمَا تَعْبُدُونَ مِنْ دُونِ اللَّهِ ۖ أَفَلَا تَعْقِلُونَ",
            "68": "قَالُوا حَرِّقُوهُ وَانْصُرُوا آلِهَتَكُمْ إِنْ كُنْتُمْ فَاعِلِينَ",
            "69": "قُلْنَا يَا نَارُ كُونِي بَرْدًا وَسَلَامًا عَلَىٰ إِبْرَاهِيمَ",
            "70": "وَأَرَادُوا بِهِ كَيْدًا فَجَعَلْنَاهُمُ الْأَخْسَرِينَ",
            "71": "وَنَجَّيْنَاهُ وَلُوطًا إِلَى الْأَرْضِ الَّتِي بَارَكْنَا فِيهَا لِلْعَالَمِينَ",
            "72": "وَوَهَبْنَا لَهُ إِسْحَاقَ وَيَعْقُوبَ نَافِلَةً ۖ وَكُلًّا جَعَلْنَا صَالِحِينَ",
            "73": "وَجَعَلْنَاهُمْ أَئِمَّةً يَهْدُونَ بِأَمْرِنَا وَأَوْحَيْنَا إِلَيْهِمْ فِعْلَ الْخَيْرَاتِ وَإِقَامَ الصَّلَاةِ وَإِيتَاءَ الزَّكَاةِ ۖ وَكَانُوا لَنَا عَابِدِينَ",
            "74": "وَلُوطًا آتَيْنَاهُ حُكْمًا وَعِلْمًا وَنَجَّيْنَاهُ مِنَ الْقَرْيَةِ الَّتِي كَانَتْ تَعْمَلُ الْخَبَائِثَ ۗ إِنَّهُمْ كَانُوا قَوْمَ سَوْءٍ فَاسِقِينَ",
            "75": "وَأَدْخَلْنَاهُ فِي رَحْمَتِنَا ۖ إِنَّهُ مِنَ الصَّالِحِينَ",
            "76": "وَنُوحًا إِذْ نَادَىٰ مِنْ قَبْلُ فَاسْتَجَبْنَا لَهُ فَنَجَّيْنَاهُ وَأَهْلَهُ مِنَ الْكَرْبِ الْعَظِيمِ",
            "77": "وَنَصَرْنَاهُ مِنَ الْقَوْمِ الَّذِينَ كَذَّبُوا بِآيَاتِنَا ۚ إِنَّهُمْ كَانُوا قَوْمَ سَوْءٍ فَأَغْرَقْنَاهُمْ أَجْمَعِينَ",
            "78": "وَدَاوُودَ وَسُلَيْمَانَ إِذْ يَحْكُمَانِ فِي الْحَرْثِ إِذْ نَفَشَتْ فِيهِ غَنَمُ الْقَوْمِ وَكُنَّا لِحُكْمِهِمْ شَاهِدِينَ",
            "79": "فَفَهَّمْنَاهَا سُلَيْمَانَ ۚ وَكُلًّا آتَيْنَا حُكْمًا وَعِلْمًا ۚ وَسَخَّرْنَا مَعَ دَاوُودَ الْجِبَالَ يُسَبِّحْنَ وَالطَّيْرَ ۚ وَكُنَّا فَاعِلِينَ",
            "80": "وَعَلَّمْنَاهُ صَنْعَةَ لَبُوسٍ لَكُمْ لِتُحْصِنَكُمْ مِنْ بَأْسِكُمْ ۖ فَهَلْ أَنْتُمْ شَاكِرُونَ",
            "81": "وَلِسُلَيْمَانَ الرِّيحَ عَاصِفَةً تَجْرِي بِأَمْرِهِ إِلَى الْأَرْضِ الَّتِي بَارَكْنَا فِيهَا ۚ وَكُنَّا بِكُلِّ شَيْءٍ عَالِمِينَ",
            "82": "وَمِنَ الشَّيَاطِينِ مَنْ يَغُوصُونَ لَهُ وَيَعْمَلُونَ عَمَلًا دُونَ ذَٰلِكَ ۖ وَكُنَّا لَهُمْ حَافِظِينَ",
            "83": "وَأَيُّوبَ إِذْ نَادَىٰ رَبَّهُ أَنِّي مَسَّنِيَ الضُّرُّ وَأَنْتَ أَرْحَمُ الرَّاحِمِينَ",
            "84": "فَاسْتَجَبْنَا لَهُ فَكَشَفْنَا مَا بِهِ مِنْ ضُرٍّ ۖ وَآتَيْنَاهُ أَهْلَهُ وَمِثْلَهُمْ مَعَهُمْ رَحْمَةً مِنْ عِنْدِنَا وَذِكْرَىٰ لِلْعَابِدِينَ",
            "85": "وَإِسْمَاعِيلَ وَإِدْرِيسَ وَذَا الْكِفْلِ ۖ كُلٌّ مِنَ الصَّابِرِينَ",
            "86": "وَأَدْخَلْنَاهُمْ فِي رَحْمَتِنَا ۖ إِنَّهُمْ مِنَ الصَّالِحِينَ",
            "87": "وَذَا النُّونِ إِذْ ذَهَبَ مُغَاضِبًا فَظَنَّ أَنْ لَنْ نَقْدِرَ عَلَيْهِ فَنَادَىٰ فِي الظُّلُمَاتِ أَنْ لَا إِلَٰهَ إِلَّا أَنْتَ سُبْحَانَكَ إِنِّي كُنْتُ مِنَ الظَّالِمِينَ",
            "88": "فَاسْتَجَبْنَا لَهُ وَنَجَّيْنَاهُ مِنَ الْغَمِّ ۚ وَكَذَٰلِكَ نُنْجِي الْمُؤْمِنِينَ",
            "89": "وَزَكَرِيَّا إِذْ نَادَىٰ رَبَّهُ رَبِّ لَا تَذَرْنِي فَرْدًا وَأَنْتَ خَيْرُ الْوَارِثِينَ",
            "90": "فَاسْتَجَبْنَا لَهُ وَوَهَبْنَا لَهُ يَحْيَىٰ وَأَصْلَحْنَا لَهُ زَوْجَهُ ۚ إِنَّهُمْ كَانُوا يُسَارِعُونَ فِي الْخَيْرَاتِ وَيَدْعُونَنَا رَغَبًا وَرَهَبًا ۖ وَكَانُوا لَنَا خَاشِعِينَ",
            "91": "وَالَّتِي أَحْصَنَتْ فَرْجَهَا فَنَفَخْنَا فِيهَا مِنْ رُوحِنَا وَجَعَلْنَاهَا وَابْنَهَا آيَةً لِلْعَالَمِينَ",
            "92": "إِنَّ هَٰذِهِ أُمَّتُكُمْ أُمَّةً وَاحِدَةً وَأَنَا رَبُّكُمْ فَاعْبُدُونِ",
            "93": "وَتَقَطَّعُوا أَمْرَهُمْ بَيْنَهُمْ ۖ كُلٌّ إِلَيْنَا رَاجِعُونَ",
            "94": "فَمَنْ يَعْمَلْ مِنَ الصَّالِحَاتِ وَهُوَ مُؤْمِنٌ فَلَا كُفْرَانَ لِسَعْيِهِ وَإِنَّا لَهُ كَاتِبُونَ",
            "95": "وَحَرَامٌ عَلَىٰ قَرْيَةٍ أَهْلَكْنَاهَا أَنَّهُمْ لَا يَرْجِعُونَ",
            "96": "حَتَّىٰ إِذَا فُتِحَتْ يَأْجُوجُ وَمَأْجُوجُ وَهُمْ مِنْ كُلِّ حَدَبٍ يَنْسِلُونَ",
            "97": "وَاقْتَرَبَ الْوَعْدُ الْحَقُّ فَإِذَا هِيَ شَاخِصَةٌ أَبْصَارُ الَّذِينَ كَفَرُوا يَا وَيْلَنَا قَدْ كُنَّا فِي غَفْلَةٍ مِنْ هَٰذَا بَلْ كُنَّا ظَالِمِينَ",
            "98": "إِنَّكُمْ وَمَا تَعْبُدُونَ مِنْ دُونِ اللَّهِ حَصَبُ جَهَنَّمَ أَنْتُمْ لَهَا وَارِدُونَ",
            "99": "لَوْ كَانَ هَٰؤُلَاءِ آلِهَةً مَا وَرَدُوهَا ۖ وَكُلٌّ فِيهَا خَالِدُونَ",
            "100": "لَهُمْ فِيهَا زَفِيرٌ وَهُمْ فِيهَا لَا يَسْمَعُونَ",
            "101": "إِنَّ الَّذِينَ سَبَقَتْ لَهُمْ مِنَّا الْحُسْنَىٰ أُولَٰئِكَ عَنْهَا مُبْعَدُونَ",
            "102": "لَا يَسْمَعُونَ حَسِيسَهَا ۖ وَهُمْ فِي مَا اشْتَهَتْ أَنْفُسُهُمْ خَالِدُونَ",
            "103": "لَا يَحْزُنُهُمُ الْفَزَعُ الْأَكْبَرُ وَتَتَلَقَّاهُمُ الْمَلَائِكَةُ هَٰذَا يَوْمُكُمُ الَّذِي كُنْتُمْ تُوعَدُونَ",
            "104": "يَوْمَ نَطْوِي السَّمَاءَ كَطَيِّ السِّجِلِّ لِلْكُتُبِ ۚ كَمَا بَدَأْنَا أَوَّلَ خَلْقٍ نُعِيدُهُ ۚ وَعْدًا عَلَيْنَا ۚ إِنَّا كُنَّا فَاعِلِينَ",
            "105": "وَلَقَدْ كَتَبْنَا فِي الزَّبُورِ مِنْ بَعْدِ الذِّكْرِ أَنَّ الْأَرْضَ يَرِثُهَا عِبَادِيَ الصَّالِحُونَ",
            "106": "إِنَّ فِي هَٰذَا لَبَلَاغًا لِقَوْمٍ عَابِدِينَ",
            "107": "وَمَا أَرْسَلْنَاكَ إِلَّا رَحْمَةً لِلْعَالَمِينَ",
            "108": "قُلْ إِنَّمَا يُوحَىٰ إِلَيَّ أَنَّمَا إِلَٰهُكُمْ إِلَٰهٌ وَاحِدٌ ۖ فَهَلْ أَنْتُمْ مُسْلِمُونَ",
            "109": "فَإِنْ تَوَلَّوْا فَقُلْ آذَنْتُكُمْ عَلَىٰ سَوَاءٍ ۖ وَإِنْ أَدْرِي أَقَرِيبٌ أَمْ بَعِيدٌ مَا تُوعَدُونَ",
            "110": "إِنَّهُ يَعْلَمُ الْجَهْرَ مِنَ الْقَوْلِ وَيَعْلَمُ مَا تَكْتُمُونَ",
            "111": "وَإِنْ أَدْرِي لَعَلَّهُ فِتْنَةٌ لَكُمْ وَمَتَاعٌ إِلَىٰ حِينٍ",
            "112": "قَالَ رَبِّ احْكُمْ بِالْحَقِّ ۗ وَرَبُّنَا الرَّحْمَٰنُ الْمُسْتَعَانُ عَلَىٰ مَا تَصِفُونَ"
        },
        "farsi": {
            "1": "\nحسابرسی مردم [درباره آنچه در همۀ عمرشان انجام داده اند] نزدیک شده، درحالی که با دچاربودن به غفلتی [شدید]، [از دلایل اثبات کنندۀ قیامت] رویگردانند ",
            "2": " هیچ پیام و آیۀ جدیدی از سوی پروردگارشان برای آنان نمی آید جز آن که آن را در حال بازیگری [و بدون دقت و تأمل] شنیدند",
            "3": " دل هایشان مشغول [امور واهی و بی نتیجه] است، ستمکاران گفته های محرمانۀ خود را [از دیگران] پنهان داشتند [و گفتند:] آیا این [شخص] جز بشری مانند شماست، آیا با چشمِ باز و آگاهی به سوی سِحر می روید؟",
            "4": " [پیامبر به آنان] گفت: پروردگارم هر سخنی را [که هر گوینده ای] در آسمان و زمین [گرچه مخفیانه بگوید] می داند، منحصراً او شنوا و دانا[ی مطلق] است ",
            "5": " گفتند: [قرآن] خیالاتی واهی است، [نه] بلکه آن را به دروغ [به خدا] نسبت داده، [نه] بلکه او شاعری [بی ربط گو] است، [اگر فرستادۀ خداست] باید برای ما معجزه ای بیاورد چنانکه پیامبران پیشین [با معجزه] فرستاده شدند!",
            "6": " پیش از اینان [مردمِ] هر شهری را که نابود کردیم [با اینکه معجزه دیدند] ایمان نیاوردند، پس آیا اینان [که در کفر و عناد چون گذشتگانند] ایمان می آورند؟",
            "7": " پیش از تو [برای هدایت مردم] جز مردانی که به آنان وحی می کردیم نفرستادیم، اگر نمی دانید از آگاهان [به کتاب های آسمانی] بپرسید، [که همۀ پیامبران از جنس بشر بودند]",
            "8": " آنان را بدن هایی که غذا نخورند نساختیم، و جاودانه هم نبودند [که از دنیا نروند] ",
            "9": " سپس به وعده ای که به آنان داده بودیم [در مورد شکست دشمنان و پیروزی مؤمنان] وفا کردیم، و پیامبران و هرکه را می خواستیم نجات دادیم، و متجاوزان را هلاک کردیم",
            "10": " به راستی کتابی به سوی شما فرستادیم که مایۀ شرف و رشد شما در آن است، آیا اندیشه نمی کنید؟",
            "11": "\n \nچه بسیار شهرهایی که [مردمش] ستمکار بودند، و ما آنان را درهم شکستیم، و بعد از آنان قومی دیگر پدید آوردیم ",
            "12": " چون عذابِ ما را احساس می کردند ناگهان از آن [شهر] می گریختند ",
            "13": " [از روی استهزا به آنان گفته می شد:] فرار نکنید، و به سوی زندگی مرفهی که [مغرورانه] در آن بودید، و نیز به خانه هایتان برگردید تا شاید [از طرف نیازمندان] از شما درخواست کمک شود،",
            "14": " [با دیدن عذاب] گفتند: وای بر ما که مسلّماً ستمکار بودیم! ",
            "15": " همواره گفتارشان [از روی حسرت و اندوه] همین بود، تا آنان را درو کرده، خاموش ساختیم ",
            "16": " ما آسمان و زمین و آنچه را بین آن هاست از روی بازیگری [و سرگرمی] نیافریدیم ",
            "17": " اگر می خواستیم [بازیگری و] سرگرمی کنیم، چنانچه کنندۀ [این کار] بودیم، آن را از نزدِ ذاتِ خود [برابر با شأنمان] انتخاب می کردیم [نه از آسمان و زمین که مملوک ما هستند]",
            "18": " [بازیگری و سرگرمی هرگز در شأن ما نیست،] بلکه به وسیلۀ حق بر باطل می کوبیم تا آن را درهم شکند، و بی درنگ [باطل] نابود شود، سختی و عذاب بر شما باد! به کیفر آنچه [از اوصاف باطل] که [خداوند را] به آن وصف می کنید",
            "19": " هرکه در آسمان ها و زمین است فقط در سیطرۀ مالکیت و فرمانروایی اوست، و کسانی [چون فرشتگان] که در پیشگاه [قُرب] اویند از بندگی اش تکبّر نمی کنند، و خسته و درمانده نمی شوند ",
            "20": " شبانه روز بی  آن که سست شوند او را به پاکی [از هر عیب و نقصی] می ستایند ",
            "21": " آیا معبودانی از [جنس عناصرِ] زمین انتخاب کرده اند که [به راستی می توانند مردگان را] زنده کنند.؟!",
            "22": " اگر در آسمان و زمین جز خداوند، معبودانی وجود داشت بی شک هر دو تباه می شدند، پس منزّه است خداوندِ صاحب عرش از اوصاف باطلی که [او را به آن] وصف می کنند ",
            "23": " [خداوند] از آنچه انجام می دهد بازخواست نمی شود، این یاوه گویانند که [در پیشگاه خدا] بازخواست خواهند شد ",
            "24": " [شگفتا که با روشن بودن توحید،] آیا معبودانی به جای خدا انتخاب کرده اند؟! بگو: دلیل خود را [بر درست بودنِ این انتخاب] بیاورید، این [توجه دادن به توحید و نفی شرک،] پیام [قرآن] برای امت من، و پیام [کتاب های آسمانی برای] امت های پیش از من است، [حق نه این است که مشرکان بدون دلیل می گویند،] بلکه بیشترشان حق را نمی شناسند، به این سبب [از آن] رویگردانند ",
            "25": "\n \nپیش از تو هیچ پیامبری را نفرستادیم مگر آن که به او وحی کردیم که: معبودی جز من نیست، پس فقط مرا بپرستید ",
            "26": " و [مشرکان] گفتند: خداوندِ رحمان [فرشتگان را] به فرزندی خود انتخاب کرده است. او [از گرفتنِ فرزند] بی نیاز و منزّه است، [فرشتگان فرزند خدا نیستند،] بلکه بندگانی ارجمندند ",
            "27": " در سخن بر او پیشی نمی گیرند، [آنچه می گویند از جانب خداست،] و فقط به فرمان او عمل می کنند ",
            "28": " [خداوند] همۀ گذشته و آیندۀ آنان را می داند، و جز برای کسی که [خدا] رضایت دهد شفاعت نمی کنند، و به خاطر ترس از [عظمت و جلال] او نگران و هراسناکند ",
            "29": " از آنان هرکس بگوید: من هم معبودی غیر اویم. دوزخ را به او کیفر می دهیم، و ستمکارانِ [به توحید] را این گونه مجازات می کنیم ",
            "30": " آیا کافران ندانسته اند که آسما ن ها و زمین [در ابتدای کار] به هم پیوسته بودند، و ما آن دو را شکافته، و از هم باز کردیم، و هرچیزِ زنده ای را از آب پدید آوردیم، آیا [به یگانگی خداوند] ایمان نمی آورند؟",
            "31": " در زمین کوه های استوار قرار دادیم تا [کرۀ خاکی] آنان را نلرزاند، و در آن راه های فراخ پدید آوردیم [تا به سوی مقاصدی که دارند] راه یابند ",
            "32": " آسمان را سقفی محفوظِ [از سقوط] آفریدیم، درحالی که آنان از دقت در نشانه های آن [که گواه بر توحید و قدرت و ربوبیت خداست] رویگرادنند ",
            "33": " و اوست که شب و روز و خورشید و ماه را آفرید که هریک در مداری شناورند",
            "34": " پیش از تو برای هیچ بشری جاودانگی قرار ندادیم، آیا اگر تو [با این عظمت و عزتت] بمیری، آنان جاویدان خواهند بود؟!",
            "35": " هر جانداری چشندۀ [طعم] مرگ است، و ما شما را [چنان که سزاوار است] به خیر و شرّ [چون؛ ثروت و تهیدستی، سلامتی و بیماری، امنیت و بلا] آزمایش می کنیم، و به سوی ما بازتان می گردانند ",
            "36": "\n \nکافران چون تو را ببینند جز به مسخره ات نمی گیرند، [به بُت پرستان می گویند: ] آیا این است کسی که از معبودان شما [به عنوان موجوداتی بی اثر و فاقد هرگونه خاصیت] یاد می کند؟ درحالی که خود منکر ذکر خداوند رحمان هستند، [به نظر آنان اثبات بی خاصیتی بُت ها شگفت آور است، ولی انکار ذکر خدا تعجب ندارد!] ",
            "37": " انسان از [مایۀ] شتاب و عجله آفریده شده [که با نخوت و غرور، عذابم را به شتاب می خواهد،] بی گمان عذاب هایم را به شما نشان خواهم داد، پس [آن را] شتابان از من نخواهید ",
            "38": " [به پیامبر و مؤمنان از روی تمسخر] می گویند: اگر راستگو هستید این وعدۀ [عذاب و قیامت] کی خواهد بود؟",
            "39": " اگر کافران آگاهی به آن وقتی داشتند که قدرت ندارند آتش را از چهره ها و پشتشان بازدارند و یاری هم نمی شوند، [باشتاب عذاب را نمی خواستند] ",
            "40": " [عذاب با خبررسانی پیش از آن فرانمی رسد،] بلکه ناگهان گریبانشان را می گیرد، و [آن گونه به شدت] مبهوتشان می کند که نه می توانند آن را بازگردانند، و نه [برای به تأخیرافتادنش] مهلت می یابند ",
            "41": " همانا پیش از تو پیامبرانی مورد استهزا قرار گرفتند، نهایتاً عذابی که همواره مسخره می کردند، مسخره کنندگانشان را فراگرفت ",
            "42": " بگو: چه کسی شما را در شب و روز از [عذاب] خداوند رحمان حفظ می کند؟ [اگر حفاظت خود را از آنان دریغ کند بی سبب نیست] بلکه [به سبب این است که] از یاد پروردگارشان رویگردانند ",
            "43": " آیا به جای ما معبودانی دارند که آنان را از [عذابِ] ما حفظ کنند؟ [معبودانشان] نه می توانند خود را یاری دهند، و نه از سوی ما مورد حمایت قرار می گیرند ",
            "44": " بلکه اینان و پدرانشان را [از انواع نعمت ها] بهره مند ساختیم تاجایی که عمرشان طولانی شد، [پس دچار غرور و غفلت شده، گمان کردند از عذاب و هلاکت مصون هستند،] آیا ندانسته اند که ما همواره به زمین می پردازیم، و از نواحی آن [ملت ها و تمدن ها و دانشمندان را] می کاهیم، [و این سنّت بر اینان نیز جاری خواهد شد،] آیا [باز هم] پیروزی با آنان است؟!",
            "45": "\n \nبگو: من فقط شما را به وسیلۀ وحی هشدار می دهم، ولی کران، [بانگ] دعوت را هنگامی که هشدارشان دهند نمی شنوند ",
            "46": " اگر [سهم] اندکی از عذاب پروردگارت به آنان برسد مسلّماً خواهند گفت: وای بر ما که بی تردید ستمکار بودیم! ",
            "47": " روز قیامت ترازوهای عدالت را نصب می کنیم، پس به هیچ کس کمترین ستمی نخواهد شد، اگر [عملِ انسان] هموزن دانۀ خردلی باشد آن را [برای سنجش به عرصۀ قیامت] می آوریم، و بس است که ما حسابگر باشیم ",
            "48": "مسلّماً به موسی و هارون [وسیلۀ] جداکنندۀ [حق از باطل]، و نور، و مایۀ تذکر برای پرهیزگاران عطا کردیم ",
            "49": " هم آنان که در پنهانی [و خلوت] از پروردگارشان می ترسند، و از قیامت در اضطراب و هراسند ",
            "50": " این [قرآنی] که نازل کرده ایم وسیلۀ تذکر و خجسته و پُرخیر است، آیا باز هم شما [کافران] منکر آن هستید؟!",
            "51": "همانا پیش از این به ابراهیم رشد و هدایتی که سزاوارش بود عطا کردیم، و ما به [لیاقت و شایستگی] او دانا بودیم ",
            "52": " چون به پدر[خوانده اش] و به قومش گفت: این مجسمه هایی که شما مشغول پرستش آن ها شده اید چیست؟",
            "53": " گفتند: پدرانمان را پرستندگانِ آن ها یافتیم، [لذا از آنان پیروی می کنیم]",
            "54": "[ابراهیم] گفت: یقیناً شما و پدرانتان در گمراهی آشکاری هستید ",
            "55": " گفتند: آیا حق را برای ما آورده ای، یا شوخی می کنی؟!",
            "56": " گفت: [هرگز شوخی نمی کنم،] بلکه پروردگارتان [که مدبّر همۀ امور شماست همان] پروردگار آسمان ها و زمین است؛ آن [پروردگار توان مندی] که آن ها را پدید آورد، و من بر این [حقیقت پایبند، و] از گواهی دهندگانم ",
            "57": " [با خود گفت:] سوگند به خداوند! پس از آن که شما [به بُت خانه] پشت کرده و [به خانه ها یا دنبال کارهایتان] بروید دربارۀ بُت هایتان تدبیری به کار خواهم بست ",
            "58": "\n \nپس [به بت خانه آمد و] بتها را قطعه قطعه کرده، درهم شکست، مگر بُت بزرگشان را که [برای درک ناتوانی بُت ها] به آن روی آورند",
            "59": " [چون به بُت خانه بازگشتند با شگفتی] گفتند: چه کسی این کار را با معبودانمان انجام داده است؟ هرآینه او از ستمکاران است",
            "60": " گفتند: شنیده ایم جوانی، که به او ابراهیم می گویند ، از بُت هایمان [به عنوان موجوداتی بی اختیار و بی اثر] یاد می کرد",
            "61": " گفتند: او را در برابر چشم مردم بیاورید تا گواهی دهند [که او از بُت ها به بدی یاد می کرد] ",
            "62": " گفتند: ای ابراهیم! آیا تو با معبودان ما چنین کردی؟",
            "63": " گفت: بلکه [سالم ماندنِ بزرگشان نشان می دهد که] این بزرگشان مرتکب چنین کاری شده پس اگر [آن ها که شکسته شدند] سخن می گویند از [خود] آنان بپرسید! ",
            "64": "[این جا بُت پرستان] به خود آمده، [و به سرزنش یکدیگر پرداخته] و [به همدیگر] گفتند: شما خودتان اهل ستم بودید، [نه ابراهیم] ",
            "65": " آن گاه سرافکنده شده، [به ابراهیم گفتند:] مسلّماً تو می دانی که این [بُت ]ها قدرت سخن گفتن ندارند ",
            "66": " گفت: [با توجه به این واقعیت] آیا به جای خداوند چیزهایی را می پرستید که هیچ سود و زیانی به شما نمی رسانند ؟!",
            "67": " [واقعاً] اُف بر شما و بر آنچه به جای خداوند می پرستید! [با این حال] آیا اندیشه نمی کنید؟",
            "68": " [بُت پرستان بی توجه به مطالب حکیمانۀ ابراهیم به یکدیگر] گفتند: اگر می خواهید کاری انجام دهید او را در آتش بسوزانید، و [با این کار] معبودانتان را یاری دهید ",
            "69": " [پس او را در آتش انداختند،] گفتیم: ای آتش! بر ابراهیم سرد و بی آسیب باش! ",
            "70": " [آری] بر ضد او نیرنگی [سنگین] به کار گرفتند، پس آنان را زیانکارترین مردم قرار دادیم ",
            "71": " و او و لوط را [از آن منطقۀ آلوده به شرک و فساد] نجات داده، به سوی سرزمینی که در آن برای جهانیان خیر فراوان نهاده ایم بردیم ",
            "72": "و اسحاق و [نیز] یعقوب را به عنوان [عطایی] افزون به او بخشیدیم و همه را افرادی شایسته قرار دادیم ",
            "73": "\n \nو آنان را پیشوایانی قرار دادیم که به فرمان ما [مردم را] هدایت می کردند، و انجام دادنِ کارهای نیک و برپاداشتنِ نماز، و پرداخت زکات را به آنان وحی کردیم، و آنان فقط مرا عبادت می کردند ",
            "74": "و به لوط درستی [در کار] و دانش عطا کردیم، و او را از آن شهری که [مردمش] کارهای زشت انجام می دادند نجات دادیم، بی تردید آنان قومی منحرف و نافرمان بودند ",
            "75": "و او را در رحمت خود درآوردیم؛ زیرا او از شایستگان بود ",
            "76": " و نوح را [نیز نجات دادیم]، آن زمان که پیش از این [پیامبرانِ یادشده] ندا کرد [: پروردگارا! مرا از این قوم تبهکار نجات ده!] پس ندایش را پاسخ دادیم، و او و خانواده اش را از آن اندوه بزرگ رهاندیم",
            "77": " و در برابر گروهی که آیات ما را انکار کردند یاری اش دادیم، همانا گروه بدی بودند، در نتیجه همۀ آنان را غرق کردیم ",
            "78": " و داود و سلیمان را [یاد کن]، زمانی که دربارۀ آن کشتزار که گوسفندانِ مردم شبانه بی چوپان در آن چریده بودند داوری می کردند، و ما گواه داوری آنان بودیم ",
            "79": " پس ما [داوری] آن را به سلیمان فهماندیم، و هریک را درستی [در کار] و دانش بخشیدیم، و کوه هاو پرندگان را به کار گرفتیم که همواره همراه داود تسبیح بگویند [و خدا را از هر عیب و نقصی پاک و مبرّا بدارند]، و ما انجام دهندۀ [این کار برای دیگر پیامبرانِ پیش از داود] بودیم ",
            "80": " و صنعت ساختن پوشش های دفاعی را به سود شما به او آموختیم تا شما را از [آسیب] جنگ هایتان محافظت کند، آیا شما [با توجه به این نعمت ها] سپاس گزار هستید؟",
            "81": "و برای سلیمان تندباد را به کار گرفتیم، که به فرمانش به سوی آن سرزمینی که در آن خیر فراوان نهادیم حرکت می کرد، و ما همواره به همه چیز داناییم ",
            "82": "\n \nو از شیاطین کسانی را [به نفع او به کار گرفتیم] که برایش غواصی و کارهایی غیر آن انجام می دادند، و ما نگهبان آنان بودیم ",
            "83": " و ایوب را [یاد کن]، هنگامی که پروردگارش را ندا داد که: مرا رنج و آسیب رسیده، و تو مهربان ترین مهربانانی ",
            "84": " پس دعایش را مستجاب کردیم، و آنچه از آسیب به او رسیده بود برداشتیم، و خانواده اش را [که از دستش رفته بودند،] و همانندشان را همراه با آنان به او عطا کردیم، [که همه و همه] رحمتی از سوی ما [بود]، و مایۀ پند و بیدارباشی برای عبادت کنندگان ",
            "85": " و اسماعیل و ادریس و ذوالکفل را [یاد کن]، که همه از شکیبایان بودند ",
            "86": " و آنان را در رحمت خود درآوردیم؛ زیرا از شایستگان بودند ",
            "87": " و صاحب ماهی [یونس] را [یاد کن]، هنگامی که خشمگین [از بین قومش] رفت، و گمان کرد که ما هرگز بر او تنگ نخواهیم گرفت، پس در تاریکی ها[ی شب، و عمق آب، و شکم ماهی] ندا داد که: معبودی جز تو نیست، تو [از هر عیب و نقصی] منزّهی، همانا من [به سبب کناره گیری از قومم بدون اِذن تو،] از ستمکاران بر خود هستم ",
            "88": " پس دعایش را مستجاب کردیم، و از اندوه نجاتش دادیم، و مؤمنان را این گونه نجات می دهیم ",
            "89": " و زکریا را [یاد کن]، که پروردگارش را ندا داد: ای پروردگارم! مرا تنها [و بی فرزند] نگذار، که تو بهترین وارثانی ",
            "90": " پس دعایش را مستجاب کردیم، و یحیی را به او بخشیدیم، و برای او همسرش را [در عین نازا بودن] صلاحیتِ بارداری دادیم، آنان همواره در کارهای خیر می شتافتند، و ما را از روی امید و بیم می خواندند، و پیوسته در برابر ما فروتن بودند ",
            "91": "\n \nو آن [زنِ باکرامت را یاد کن،] که دامنش را پاک نگاه داشت، پس ما از روح خود در او دمیدیم، و او و پسرش را معجزه و نشانه ای [بزرگ از قدرت خود] برای جهانیان قرار دادیم ",
            "92": " بی تردید این دین و راه و روش شما [که از سوی خداست] دین و راه و روشی واحد و یگانه است، و من پروردگار شمایم، پس مرا بپرستید ",
            "93": " ولی آنان در دینشان گروه گروه شدند، [هریک تابع آیینی ضد توحید و ساختگی شدند،] همۀ آنان به سوی ما باز خواهند گشت [تا کیفر گروه گروه شدنشان را در دین ببینند] ",
            "94": " پس کسی که بخشی از کارهای شایسته را انجام دهد درحالی که مؤمن باشد، نسبت به تلاشش ناسپاسی نخواهد شد، و ما بی تردید برای او [تلاشش را برای رسیدن به پاداش، بدون کم و کاست در نامۀ عملش] ثبت می کنیم ",
            "95": " بی تردید ممکن نیست [مردم] شهری که ما [به کیفر گناهانشان] هلاکشان کردیم [برای جبران گذشتۀ خود به دنیا بازگردند]، قطعاً باز نخواهند گشت",
            "96": "[ سنّت الهی بر ثبت اعمالِ بندگان، و غیرممکن بودنِ بازگشتِ هلاک شدگان به دنیا تداوم دارد،] تا زمانی که راه بر [طایفۀ] یأجوج و مأجوج گشوده شود، و آنان از همۀ سرزمین های مرتفع شتابانه [به هرکجا] می تازند ",
            "97": " و آن وعدۀ حق [و حتمی که قیامت است] نزدیک شود، پس ناگهان چشم های کافران خیره گردد، [و در آن حال گویند:] وای بر ما! که به راستی ما از این [روز] در بی خبری [عمیقی] قرار داشتیم، بلکه ما ستمکار بودیم ",
            "98": " [به آنان گویند:] همانا شما و معبودانی که به جای خداوند می پرستیدید هیزم دوزخید، و حتماً در آن وارد خواهید شد ",
            "99": " اگر این بُت ها معبودانِ [برحق] بودند وارد دوزخ نمی شدند، درحالی که همگی [بُت ها و بُت پرستان] در آن جاودانه اند ",
            "100": " آنان در آن جا نعره های دردناکی دارند، و در آن جا [سخنِ امیدوارکننده ای] نمی شنوند ",
            "101": " بی تردید کسانی را که پیشتر از سوی ما به آنان وعدۀ نیک داده شده از دوزخ دورشان می دارند ",
            "102": "\n \n[درحالی که] کمترین صدای آن را نمی شنوند، و آنان در میان آنچه [از نعمت های بهشتی] دلشان بخواهد جاودانه اند ",
            "103": " [آن روز] آن وحشت بزرگ تر اندوهگینشان نمی کند، و فرشتگان به استقبالشان آیند و گویند: این است روز [باسعادت و پُرخیرِ] شما که به آن وعده داده می شدید",
            "104": " [قیامت] روزی [است] که آسمان ها را چون درهم پیچیدنِ طومار، درهم می پیچیم، همان گونه که نخستین بار آفریده ها را آفریدیم [ دوباره پس از هلاک شدنشان] بازشان می گردانیم، وعدۀ [داده شده] ای است [که انجامش] بر عهدۀ ما [است]، یقیناً [آن را] انجام می دهیم ",
            "105": " البته ما پس از تورات در زبور نوشتیم که همۀ زمین را بندگان شایستۀ ما [با همۀ امکاناتش] به ارث می برند ",
            "106": " بی تردید در این [حقایقِ قرآنی] برای رسانیدن اهل عبادت [به اوجِ مطلوب] کفایت است ",
            "107": " ما تو را جز کانون مهرورزی و مهربانی برای جهانیان نفرستادیم ",
            "108": " بگو: به من فقط وحی می شود که معبود شما خدای یگانه است، پس آیا تسلیم [او] می شوید؟",
            "109": " چنانچه روی برتافتند بگو: من به همۀ شما به طور یکسان هشدار و آگاهی دادم، و نمی دانم آیا آنچه از عذاب که شما را به آن وعده داده اند نزدیک است یا دور ",
            "110": " بی تردید او سخن آشکار و آنچه را [در باطن خود؛ از حقد و حسد و کینه و بخل ...] پنهان می کنید می داند ",
            "111": " من نمی دانم، ممکن است این [تأخیرِ عذاب] آزمایشی برای شما بوده [که حجت خداوند در همۀ امور برایتان تمام شود،] و بهره ای اندک [از امکاناتِ فانی شدنی] تا فرارسیدن زمان [عذابتان] باشد",
            "112": " [پیامبر] گفت: پروردگارا! [میان ما و مشرکان] به حق داوری کن! و پروردگار ما بسیار مهربان است که در برابر آنچه [به ناحق] می گویید از او یاری خواسته می شود "
        }
    }
}