{
    "2": {
        "number": 2,
        "title": "سورة الحج",
        "bab": 4,
        "delay": 0,
        "arabic": {
            "1": "يَا أَيُّهَا النَّاسُ اتَّقُوا رَبَّكُمْ ۚ إِنَّ زَلْزَلَةَ السَّاعَةِ شَيْءٌ عَظِيمٌ",
            "2": "يَوْمَ تَرَوْنَهَا تَذْهَلُ كُلُّ مُرْضِعَةٍ عَمَّا أَرْضَعَتْ وَتَضَعُ كُلُّ ذَاتِ حَمْلٍ حَمْلَهَا وَتَرَى النَّاسَ سُكَارَىٰ وَمَا هُمْ بِسُكَارَىٰ وَلَٰكِنَّ عَذَابَ اللَّهِ شَدِيدٌ",
            "3": "وَمِنَ النَّاسِ مَنْ يُجَادِلُ فِي اللَّهِ بِغَيْرِ عِلْمٍ وَيَتَّبِعُ كُلَّ شَيْطَانٍ مَرِيدٍ",
            "4": "كُتِبَ عَلَيْهِ أَنَّهُ مَنْ تَوَلَّاهُ فَأَنَّهُ يُضِلُّهُ وَيَهْدِيهِ إِلَىٰ عَذَابِ السَّعِيرِ",
            "5": "يَا أَيُّهَا النَّاسُ إِنْ كُنْتُمْ فِي رَيْبٍ مِنَ الْبَعْثِ فَإِنَّا خَلَقْنَاكُمْ مِنْ تُرَابٍ ثُمَّ مِنْ نُطْفَةٍ ثُمَّ مِنْ عَلَقَةٍ ثُمَّ مِنْ مُضْغَةٍ مُخَلَّقَةٍ وَغَيْرِ مُخَلَّقَةٍ لِنُبَيِّنَ لَكُمْ ۚ وَنُقِرُّ فِي الْأَرْحَامِ مَا نَشَاءُ إِلَىٰ أَجَلٍ مُسَمًّى ثُمَّ نُخْرِجُكُمْ طِفْلًا ثُمَّ لِتَبْلُغُوا أَشُدَّكُمْ ۖ وَمِنْكُمْ مَنْ يُتَوَفَّىٰ وَمِنْكُمْ مَنْ يُرَدُّ إِلَىٰ أَرْذَلِ الْعُمُرِ لِكَيْلَا يَعْلَمَ مِنْ بَعْدِ عِلْمٍ شَيْئًا ۚ وَتَرَى الْأَرْضَ هَامِدَةً فَإِذَا أَنْزَلْنَا عَلَيْهَا الْمَاءَ اهْتَزَّتْ وَرَبَتْ وَأَنْبَتَتْ مِنْ كُلِّ زَوْجٍ بَهِيجٍ",
            "6": "ذَٰلِكَ بِأَنَّ اللَّهَ هُوَ الْحَقُّ وَأَنَّهُ يُحْيِي الْمَوْتَىٰ وَأَنَّهُ عَلَىٰ كُلِّ شَيْءٍ قَدِيرٌ",
            "7": "وَأَنَّ السَّاعَةَ آتِيَةٌ لَا رَيْبَ فِيهَا وَأَنَّ اللَّهَ يَبْعَثُ مَنْ فِي الْقُبُورِ",
            "8": "وَمِنَ النَّاسِ مَنْ يُجَادِلُ فِي اللَّهِ بِغَيْرِ عِلْمٍ وَلَا هُدًى وَلَا كِتَابٍ مُنِيرٍ",
            "9": "ثَانِيَ عِطْفِهِ لِيُضِلَّ عَنْ سَبِيلِ اللَّهِ ۖ لَهُ فِي الدُّنْيَا خِزْيٌ ۖ وَنُذِيقُهُ يَوْمَ الْقِيَامَةِ عَذَابَ الْحَرِيقِ",
            "10": "ذَٰلِكَ بِمَا قَدَّمَتْ يَدَاكَ وَأَنَّ اللَّهَ لَيْسَ بِظَلَّامٍ لِلْعَبِيدِ",
            "11": "وَمِنَ النَّاسِ مَنْ يَعْبُدُ اللَّهَ عَلَىٰ حَرْفٍ ۖ فَإِنْ أَصَابَهُ خَيْرٌ اطْمَأَنَّ بِهِ ۖ وَإِنْ أَصَابَتْهُ فِتْنَةٌ انْقَلَبَ عَلَىٰ وَجْهِهِ خَسِرَ الدُّنْيَا وَالْآخِرَةَ ۚ ذَٰلِكَ هُوَ الْخُسْرَانُ الْمُبِينُ",
            "12": "يَدْعُو مِنْ دُونِ اللَّهِ مَا لَا يَضُرُّهُ وَمَا لَا يَنْفَعُهُ ۚ ذَٰلِكَ هُوَ الضَّلَالُ الْبَعِيدُ",
            "13": "يَدْعُو لَمَنْ ضَرُّهُ أَقْرَبُ مِنْ نَفْعِهِ ۚ لَبِئْسَ الْمَوْلَىٰ وَلَبِئْسَ الْعَشِيرُ",
            "14": "إِنَّ اللَّهَ يُدْخِلُ الَّذِينَ آمَنُوا وَعَمِلُوا الصَّالِحَاتِ جَنَّاتٍ تَجْرِي مِنْ تَحْتِهَا الْأَنْهَارُ ۚ إِنَّ اللَّهَ يَفْعَلُ مَا يُرِيدُ",
            "15": "مَنْ كَانَ يَظُنُّ أَنْ لَنْ يَنْصُرَهُ اللَّهُ فِي الدُّنْيَا وَالْآخِرَةِ فَلْيَمْدُدْ بِسَبَبٍ إِلَى السَّمَاءِ ثُمَّ لْيَقْطَعْ فَلْيَنْظُرْ هَلْ يُذْهِبَنَّ كَيْدُهُ مَا يَغِيظُ",
            "16": "وَكَذَٰلِكَ أَنْزَلْنَاهُ آيَاتٍ بَيِّنَاتٍ وَأَنَّ اللَّهَ يَهْدِي مَنْ يُرِيدُ",
            "17": "إِنَّ الَّذِينَ آمَنُوا وَالَّذِينَ هَادُوا وَالصَّابِئِينَ وَالنَّصَارَىٰ وَالْمَجُوسَ وَالَّذِينَ أَشْرَكُوا إِنَّ اللَّهَ يَفْصِلُ بَيْنَهُمْ يَوْمَ الْقِيَامَةِ ۚ إِنَّ اللَّهَ عَلَىٰ كُلِّ شَيْءٍ شَهِيدٌ",
            "18": "أَلَمْ تَرَ أَنَّ اللَّهَ يَسْجُدُ لَهُ مَنْ فِي السَّمَاوَاتِ وَمَنْ فِي الْأَرْضِ وَالشَّمْسُ وَالْقَمَرُ وَالنُّجُومُ وَالْجِبَالُ وَالشَّجَرُ وَالدَّوَابُّ وَكَثِيرٌ مِنَ النَّاسِ ۖ وَكَثِيرٌ حَقَّ عَلَيْهِ الْعَذَابُ ۗ وَمَنْ يُهِنِ اللَّهُ فَمَا لَهُ مِنْ مُكْرِمٍ ۚ إِنَّ اللَّهَ يَفْعَلُ مَا يَشَاءُ ۩",
            "19": "هَٰذَانِ خَصْمَانِ اخْتَصَمُوا فِي رَبِّهِمْ ۖ فَالَّذِينَ كَفَرُوا قُطِّعَتْ لَهُمْ ثِيَابٌ مِنْ نَارٍ يُصَبُّ مِنْ فَوْقِ رُءُوسِهِمُ الْحَمِيمُ",
            "20": "يُصْهَرُ بِهِ مَا فِي بُطُونِهِمْ وَالْجُلُودُ",
            "21": "وَلَهُمْ مَقَامِعُ مِنْ حَدِيدٍ",
            "22": "كُلَّمَا أَرَادُوا أَنْ يَخْرُجُوا مِنْهَا مِنْ غَمٍّ أُعِيدُوا فِيهَا وَذُوقُوا عَذَابَ الْحَرِيقِ",
            "23": "إِنَّ اللَّهَ يُدْخِلُ الَّذِينَ آمَنُوا وَعَمِلُوا الصَّالِحَاتِ جَنَّاتٍ تَجْرِي مِنْ تَحْتِهَا الْأَنْهَارُ يُحَلَّوْنَ فِيهَا مِنْ أَسَاوِرَ مِنْ ذَهَبٍ وَلُؤْلُؤًا ۖ وَلِبَاسُهُمْ فِيهَا حَرِيرٌ",
            "24": "وَهُدُوا إِلَى الطَّيِّبِ مِنَ الْقَوْلِ وَهُدُوا إِلَىٰ صِرَاطِ الْحَمِيدِ",
            "25": "إِنَّ الَّذِينَ كَفَرُوا وَيَصُدُّونَ عَنْ سَبِيلِ اللَّهِ وَالْمَسْجِدِ الْحَرَامِ الَّذِي جَعَلْنَاهُ لِلنَّاسِ سَوَاءً الْعَاكِفُ فِيهِ وَالْبَادِ ۚ وَمَنْ يُرِدْ فِيهِ بِإِلْحَادٍ بِظُلْمٍ نُذِقْهُ مِنْ عَذَابٍ أَلِيمٍ",
            "26": "وَإِذْ بَوَّأْنَا لِإِبْرَاهِيمَ مَكَانَ الْبَيْتِ أَنْ لَا تُشْرِكْ بِي شَيْئًا وَطَهِّرْ بَيْتِيَ لِلطَّائِفِينَ وَالْقَائِمِينَ وَالرُّكَّعِ السُّجُودِ",
            "27": "وَأَذِّنْ فِي النَّاسِ بِالْحَجِّ يَأْتُوكَ رِجَالًا وَعَلَىٰ كُلِّ ضَامِرٍ يَأْتِينَ مِنْ كُلِّ فَجٍّ عَمِيقٍ",
            "28": "لِيَشْهَدُوا مَنَافِعَ لَهُمْ وَيَذْكُرُوا اسْمَ اللَّهِ فِي أَيَّامٍ مَعْلُومَاتٍ عَلَىٰ مَا رَزَقَهُمْ مِنْ بَهِيمَةِ الْأَنْعَامِ ۖ فَكُلُوا مِنْهَا وَأَطْعِمُوا الْبَائِسَ الْفَقِيرَ",
            "29": "ثُمَّ لْيَقْضُوا تَفَثَهُمْ وَلْيُوفُوا نُذُورَهُمْ وَلْيَطَّوَّفُوا بِالْبَيْتِ الْعَتِيقِ",
            "30": "ذَٰلِكَ وَمَنْ يُعَظِّمْ حُرُمَاتِ اللَّهِ فَهُوَ خَيْرٌ لَهُ عِنْدَ رَبِّهِ ۗ وَأُحِلَّتْ لَكُمُ الْأَنْعَامُ إِلَّا مَا يُتْلَىٰ عَلَيْكُمْ ۖ فَاجْتَنِبُوا الرِّجْسَ مِنَ الْأَوْثَانِ وَاجْتَنِبُوا قَوْلَ الزُّورِ",
            "31": "حُنَفَاءَ لِلَّهِ غَيْرَ مُشْرِكِينَ بِهِ ۚ وَمَنْ يُشْرِكْ بِاللَّهِ فَكَأَنَّمَا خَرَّ مِنَ السَّمَاءِ فَتَخْطَفُهُ الطَّيْرُ أَوْ تَهْوِي بِهِ الرِّيحُ فِي مَكَانٍ سَحِيقٍ",
            "32": "ذَٰلِكَ وَمَنْ يُعَظِّمْ شَعَائِرَ اللَّهِ فَإِنَّهَا مِنْ تَقْوَى الْقُلُوبِ",
            "33": "لَكُمْ فِيهَا مَنَافِعُ إِلَىٰ أَجَلٍ مُسَمًّى ثُمَّ مَحِلُّهَا إِلَى الْبَيْتِ الْعَتِيقِ",
            "34": "وَلِكُلِّ أُمَّةٍ جَعَلْنَا مَنْسَكًا لِيَذْكُرُوا اسْمَ اللَّهِ عَلَىٰ مَا رَزَقَهُمْ مِنْ بَهِيمَةِ الْأَنْعَامِ ۗ فَإِلَٰهُكُمْ إِلَٰهٌ وَاحِدٌ فَلَهُ أَسْلِمُوا ۗ وَبَشِّرِ الْمُخْبِتِينَ",
            "35": "الَّذِينَ إِذَا ذُكِرَ اللَّهُ وَجِلَتْ قُلُوبُهُمْ وَالصَّابِرِينَ عَلَىٰ مَا أَصَابَهُمْ وَالْمُقِيمِي الصَّلَاةِ وَمِمَّا رَزَقْنَاهُمْ يُنْفِقُونَ",
            "36": "وَالْبُدْنَ جَعَلْنَاهَا لَكُمْ مِنْ شَعَائِرِ اللَّهِ لَكُمْ فِيهَا خَيْرٌ ۖ فَاذْكُرُوا اسْمَ اللَّهِ عَلَيْهَا صَوَافَّ ۖ فَإِذَا وَجَبَتْ جُنُوبُهَا فَكُلُوا مِنْهَا وَأَطْعِمُوا الْقَانِعَ وَالْمُعْتَرَّ ۚ كَذَٰلِكَ سَخَّرْنَاهَا لَكُمْ لَعَلَّكُمْ تَشْكُرُونَ",
            "37": "لَنْ يَنَالَ اللَّهَ لُحُومُهَا وَلَا دِمَاؤُهَا وَلَٰكِنْ يَنَالُهُ التَّقْوَىٰ مِنْكُمْ ۚ كَذَٰلِكَ سَخَّرَهَا لَكُمْ لِتُكَبِّرُوا اللَّهَ عَلَىٰ مَا هَدَاكُمْ ۗ وَبَشِّرِ الْمُحْسِنِينَ",
            "38": "إِنَّ اللَّهَ يُدَافِعُ عَنِ الَّذِينَ آمَنُوا ۗ إِنَّ اللَّهَ لَا يُحِبُّ كُلَّ خَوَّانٍ كَفُورٍ",
            "39": "أُذِنَ لِلَّذِينَ يُقَاتَلُونَ بِأَنَّهُمْ ظُلِمُوا ۚ وَإِنَّ اللَّهَ عَلَىٰ نَصْرِهِمْ لَقَدِيرٌ",
            "40": "الَّذِينَ أُخْرِجُوا مِنْ دِيَارِهِمْ بِغَيْرِ حَقٍّ إِلَّا أَنْ يَقُولُوا رَبُّنَا اللَّهُ ۗ وَلَوْلَا دَفْعُ اللَّهِ النَّاسَ بَعْضَهُمْ بِبَعْضٍ لَهُدِّمَتْ صَوَامِعُ وَبِيَعٌ وَصَلَوَاتٌ وَمَسَاجِدُ يُذْكَرُ فِيهَا اسْمُ اللَّهِ كَثِيرًا ۗ وَلَيَنْصُرَنَّ اللَّهُ مَنْ يَنْصُرُهُ ۗ إِنَّ اللَّهَ لَقَوِيٌّ عَزِيزٌ",
            "41": "الَّذِينَ إِنْ مَكَّنَّاهُمْ فِي الْأَرْضِ أَقَامُوا الصَّلَاةَ وَآتَوُا الزَّكَاةَ وَأَمَرُوا بِالْمَعْرُوفِ وَنَهَوْا عَنِ الْمُنْكَرِ ۗ وَلِلَّهِ عَاقِبَةُ الْأُمُورِ",
            "42": "وَإِنْ يُكَذِّبُوكَ فَقَدْ كَذَّبَتْ قَبْلَهُمْ قَوْمُ نُوحٍ وَعَادٌ وَثَمُودُ",
            "43": "وَقَوْمُ إِبْرَاهِيمَ وَقَوْمُ لُوطٍ",
            "44": "وَأَصْحَابُ مَدْيَنَ ۖ وَكُذِّبَ مُوسَىٰ فَأَمْلَيْتُ لِلْكَافِرِينَ ثُمَّ أَخَذْتُهُمْ ۖ فَكَيْفَ كَانَ نَكِيرِ",
            "45": "فَكَأَيِّنْ مِنْ قَرْيَةٍ أَهْلَكْنَاهَا وَهِيَ ظَالِمَةٌ فَهِيَ خَاوِيَةٌ عَلَىٰ عُرُوشِهَا وَبِئْرٍ مُعَطَّلَةٍ وَقَصْرٍ مَشِيدٍ",
            "46": "أَفَلَمْ يَسِيرُوا فِي الْأَرْضِ فَتَكُونَ لَهُمْ قُلُوبٌ يَعْقِلُونَ بِهَا أَوْ آذَانٌ يَسْمَعُونَ بِهَا ۖ فَإِنَّهَا لَا تَعْمَى الْأَبْصَارُ وَلَٰكِنْ تَعْمَى الْقُلُوبُ الَّتِي فِي الصُّدُورِ",
            "47": "وَيَسْتَعْجِلُونَكَ بِالْعَذَابِ وَلَنْ يُخْلِفَ اللَّهُ وَعْدَهُ ۚ وَإِنَّ يَوْمًا عِنْدَ رَبِّكَ كَأَلْفِ سَنَةٍ مِمَّا تَعُدُّونَ",
            "48": "وَكَأَيِّنْ مِنْ قَرْيَةٍ أَمْلَيْتُ لَهَا وَهِيَ ظَالِمَةٌ ثُمَّ أَخَذْتُهَا وَإِلَيَّ الْمَصِيرُ",
            "49": "قُلْ يَا أَيُّهَا النَّاسُ إِنَّمَا أَنَا لَكُمْ نَذِيرٌ مُبِينٌ",
            "50": "فَالَّذِينَ آمَنُوا وَعَمِلُوا الصَّالِحَاتِ لَهُمْ مَغْفِرَةٌ وَرِزْقٌ كَرِيمٌ",
            "51": "وَالَّذِينَ سَعَوْا فِي آيَاتِنَا مُعَاجِزِينَ أُولَٰئِكَ أَصْحَابُ الْجَحِيمِ",
            "52": "وَمَا أَرْسَلْنَا مِنْ قَبْلِكَ مِنْ رَسُولٍ وَلَا نَبِيٍّ إِلَّا إِذَا تَمَنَّىٰ أَلْقَى الشَّيْطَانُ فِي أُمْنِيَّتِهِ فَيَنْسَخُ اللَّهُ مَا يُلْقِي الشَّيْطَانُ ثُمَّ يُحْكِمُ اللَّهُ آيَاتِهِ ۗ وَاللَّهُ عَلِيمٌ حَكِيمٌ",
            "53": "لِيَجْعَلَ مَا يُلْقِي الشَّيْطَانُ فِتْنَةً لِلَّذِينَ فِي قُلُوبِهِمْ مَرَضٌ وَالْقَاسِيَةِ قُلُوبُهُمْ ۗ وَإِنَّ الظَّالِمِينَ لَفِي شِقَاقٍ بَعِيدٍ",
            "54": "وَلِيَعْلَمَ الَّذِينَ أُوتُوا الْعِلْمَ أَنَّهُ الْحَقُّ مِنْ رَبِّكَ فَيُؤْمِنُوا بِهِ فَتُخْبِتَ لَهُ قُلُوبُهُمْ ۗ وَإِنَّ اللَّهَ لَهَادِ الَّذِينَ آمَنُوا إِلَىٰ صِرَاطٍ مُسْتَقِيمٍ",
            "55": "وَلَا يَزَالُ الَّذِينَ كَفَرُوا فِي مِرْيَةٍ مِنْهُ حَتَّىٰ تَأْتِيَهُمُ السَّاعَةُ بَغْتَةً أَوْ يَأْتِيَهُمْ عَذَابُ يَوْمٍ عَقِيمٍ",
            "56": "الْمُلْكُ يَوْمَئِذٍ لِلَّهِ يَحْكُمُ بَيْنَهُمْ ۚ فَالَّذِينَ آمَنُوا وَعَمِلُوا الصَّالِحَاتِ فِي جَنَّاتِ النَّعِيمِ",
            "57": "وَالَّذِينَ كَفَرُوا وَكَذَّبُوا بِآيَاتِنَا فَأُولَٰئِكَ لَهُمْ عَذَابٌ مُهِينٌ",
            "58": "وَالَّذِينَ هَاجَرُوا فِي سَبِيلِ اللَّهِ ثُمَّ قُتِلُوا أَوْ مَاتُوا لَيَرْزُقَنَّهُمُ اللَّهُ رِزْقًا حَسَنًا ۚ وَإِنَّ اللَّهَ لَهُوَ خَيْرُ الرَّازِقِينَ",
            "59": "لَيُدْخِلَنَّهُمْ مُدْخَلًا يَرْضَوْنَهُ ۗ وَإِنَّ اللَّهَ لَعَلِيمٌ حَلِيمٌ",
            "60": "ذَٰلِكَ وَمَنْ عَاقَبَ بِمِثْلِ مَا عُوقِبَ بِهِ ثُمَّ بُغِيَ عَلَيْهِ لَيَنْصُرَنَّهُ اللَّهُ ۗ إِنَّ اللَّهَ لَعَفُوٌّ غَفُورٌ",
            "61": "ذَٰلِكَ بِأَنَّ اللَّهَ يُولِجُ اللَّيْلَ فِي النَّهَارِ وَيُولِجُ النَّهَارَ فِي اللَّيْلِ وَأَنَّ اللَّهَ سَمِيعٌ بَصِيرٌ",
            "62": "ذَٰلِكَ بِأَنَّ اللَّهَ هُوَ الْحَقُّ وَأَنَّ مَا يَدْعُونَ مِنْ دُونِهِ هُوَ الْبَاطِلُ وَأَنَّ اللَّهَ هُوَ الْعَلِيُّ الْكَبِيرُ",
            "63": "أَلَمْ تَرَ أَنَّ اللَّهَ أَنْزَلَ مِنَ السَّمَاءِ مَاءً فَتُصْبِحُ الْأَرْضُ مُخْضَرَّةً ۗ إِنَّ اللَّهَ لَطِيفٌ خَبِيرٌ",
            "64": "لَهُ مَا فِي السَّمَاوَاتِ وَمَا فِي الْأَرْضِ ۗ وَإِنَّ اللَّهَ لَهُوَ الْغَنِيُّ الْحَمِيدُ",
            "65": "أَلَمْ تَرَ أَنَّ اللَّهَ سَخَّرَ لَكُمْ مَا فِي الْأَرْضِ وَالْفُلْكَ تَجْرِي فِي الْبَحْرِ بِأَمْرِهِ وَيُمْسِكُ السَّمَاءَ أَنْ تَقَعَ عَلَى الْأَرْضِ إِلَّا بِإِذْنِهِ ۗ إِنَّ اللَّهَ بِالنَّاسِ لَرَءُوفٌ رَحِيمٌ",
            "66": "وَهُوَ الَّذِي أَحْيَاكُمْ ثُمَّ يُمِيتُكُمْ ثُمَّ يُحْيِيكُمْ ۗ إِنَّ الْإِنْسَانَ لَكَفُورٌ",
            "67": "لِكُلِّ أُمَّةٍ جَعَلْنَا مَنْسَكًا هُمْ نَاسِكُوهُ ۖ فَلَا يُنَازِعُنَّكَ فِي الْأَمْرِ ۚ وَادْعُ إِلَىٰ رَبِّكَ ۖ إِنَّكَ لَعَلَىٰ هُدًى مُسْتَقِيمٍ",
            "68": "وَإِنْ جَادَلُوكَ فَقُلِ اللَّهُ أَعْلَمُ بِمَا تَعْمَلُونَ",
            "69": "اللَّهُ يَحْكُمُ بَيْنَكُمْ يَوْمَ الْقِيَامَةِ فِيمَا كُنْتُمْ فِيهِ تَخْتَلِفُونَ",
            "70": "أَلَمْ تَعْلَمْ أَنَّ اللَّهَ يَعْلَمُ مَا فِي السَّمَاءِ وَالْأَرْضِ ۗ إِنَّ ذَٰلِكَ فِي كِتَابٍ ۚ إِنَّ ذَٰلِكَ عَلَى اللَّهِ يَسِيرٌ",
            "71": "وَيَعْبُدُونَ مِنْ دُونِ اللَّهِ مَا لَمْ يُنَزِّلْ بِهِ سُلْطَانًا وَمَا لَيْسَ لَهُمْ بِهِ عِلْمٌ ۗ وَمَا لِلظَّالِمِينَ مِنْ نَصِيرٍ",
            "72": "وَإِذَا تُتْلَىٰ عَلَيْهِمْ آيَاتُنَا بَيِّنَاتٍ تَعْرِفُ فِي وُجُوهِ الَّذِينَ كَفَرُوا الْمُنْكَرَ ۖ يَكَادُونَ يَسْطُونَ بِالَّذِينَ يَتْلُونَ عَلَيْهِمْ آيَاتِنَا ۗ قُلْ أَفَأُنَبِّئُكُمْ بِشَرٍّ مِنْ ذَٰلِكُمُ ۗ النَّارُ وَعَدَهَا اللَّهُ الَّذِينَ كَفَرُوا ۖ وَبِئْسَ الْمَصِيرُ",
            "73": "يَا أَيُّهَا النَّاسُ ضُرِبَ مَثَلٌ فَاسْتَمِعُوا لَهُ ۚ إِنَّ الَّذِينَ تَدْعُونَ مِنْ دُونِ اللَّهِ لَنْ يَخْلُقُوا ذُبَابًا وَلَوِ اجْتَمَعُوا لَهُ ۖ وَإِنْ يَسْلُبْهُمُ الذُّبَابُ شَيْئًا لَا يَسْتَنْقِذُوهُ مِنْهُ ۚ ضَعُفَ الطَّالِبُ وَالْمَطْلُوبُ",
            "74": "مَا قَدَرُوا اللَّهَ حَقَّ قَدْرِهِ ۗ إِنَّ اللَّهَ لَقَوِيٌّ عَزِيزٌ",
            "75": "اللَّهُ يَصْطَفِي مِنَ الْمَلَائِكَةِ رُسُلًا وَمِنَ النَّاسِ ۚ إِنَّ اللَّهَ سَمِيعٌ بَصِيرٌ",
            "76": "يَعْلَمُ مَا بَيْنَ أَيْدِيهِمْ وَمَا خَلْفَهُمْ ۗ وَإِلَى اللَّهِ تُرْجَعُ الْأُمُورُ",
            "77": "يَا أَيُّهَا الَّذِينَ آمَنُوا ارْكَعُوا وَاسْجُدُوا وَاعْبُدُوا رَبَّكُمْ وَافْعَلُوا الْخَيْرَ لَعَلَّكُمْ تُفْلِحُونَ ۩",
            "78": "وَجَاهِدُوا فِي اللَّهِ حَقَّ جِهَادِهِ ۚ هُوَ اجْتَبَاكُمْ وَمَا جَعَلَ عَلَيْكُمْ فِي الدِّينِ مِنْ حَرَجٍ ۚ مِلَّةَ أَبِيكُمْ إِبْرَاهِيمَ ۚ هُوَ سَمَّاكُمُ الْمُسْلِمِينَ مِنْ قَبْلُ وَفِي هَٰذَا لِيَكُونَ الرَّسُولُ شَهِيدًا عَلَيْكُمْ وَتَكُونُوا شُهَدَاءَ عَلَى النَّاسِ ۚ فَأَقِيمُوا الصَّلَاةَ وَآتُوا الزَّكَاةَ وَاعْتَصِمُوا بِاللَّهِ هُوَ مَوْلَاكُمْ ۖ فَنِعْمَ الْمَوْلَىٰ وَنِعْمَ النَّصِيرُ"
        },
        "farsi": {
            "1": "\nای مردم! خود را [با اطاعت از خدا و پرهیز از محرّمات،] از [عذاب] پروردگارتان حفظ کنید؛ زیرا زلزلۀ هول انگیزِ قیامت حادثۀ بزرگی است ",
            "2": " روزی که چون آن را ببینید، [خواهید دید که] هر مادرِ شیردهنده ای [که پستان در دهانِ کودکش دارد از شدت ترس]، شیرخواره اش را [کاملاً] از یاد می برد، و هر مادۀ بارداری بارش را سِقط می کند، و مردم را مست می بینی درحالی که مست نیستند، بلکه عذاب خداوند بسیار سخت است",
            "3": " از مردم کسی است که همواره دربارۀ خداوندِ یکتا بدون هیچ دانشی گفت وگوی نادرست و بی دلیل می کند، و پیرو هر شیطانِ سرکشی است",
            "4": " بر شیطان مقرر شده که هرکس او را به سرپرستی خود انتخاب کند حتماً به گمراهی اش کشانده، و به سوی آتشِ [شعله ور و] سوزان راهنمایی اش می کند",
            "5": " ای مردم! اگر دربارۀ برانگیخته شدن [پس از مرگ] در تردید هستید پس [به این حقیقت توجه کنید که] ما شما را از خاک آفریدیم، سپس از نطفه، آن گاه از عَلَقه، بعد از آن از پارۀ گوشتی شکل یافته و شکل نیافته به وجود آوردیم تا [قدرت خود را بر هر کاری] برای شما روشن کنیم، هر جنینی که خواست ما باشد تا مدتی معین در رحِم ها مستقر می سازیم، سپس شما را به صورت کودک [از رحِمِ مادر] بیرون می آوریم، [و زمینۀ رشدتان را فراهم می سازیم] تا به نیرومندی [جسمی و فکری] خود برسید، برخی از شما [پیش از فرتوتی] قبض روح می شوید، و بعضی از شما را به پَست ترین دورۀ عمر [که نهایتِ پیری است] می برند تاجایی که از دانشی که داشت هیچ نداند. [از نشانه های دیگرِ قدرت ما این است که] زمین را [در زمستان] خشک و بی گیاه می بینی، پس زمانی که آب [باران] را بر آن می فرستیم می جنبد و رشد می کند، و از هر نوع گیاهِ شاداب و زیبایی می رویاند ",
            "6": "\n \n[همۀ این حقایق دربارۀ آفرینش شما و شگفتی های جهان هستی] برای این [است] که [بدانید] فقط خداوند حق است، [و جز او شایستۀ پرستش نیست،] و این که او مردگان را زنده می کند، و اوست که بر هر کاری تواناست ",
            "7": " و این که قیامت که هیچ شکی در آن نیست آمدنی است، و این که خداوند کسانی را که در گورهایند برمی انگیزد ",
            "8": " گروهی از مردمند که همواره بدون هیچ دانشی و هیچ هدایتی و هیچ کتاب روشنگری، دربارۀ خداوند گفت وگوی نادرست و بی دلیل می کنند ",
            "9": " [آن هم] با حالتی متکبّرانه و مغرورانه، تا [مردم را] از راه خداوند [به راه باطل] منحرف کنند، برای آنان در دنیا رسوایی است، و روز قیامت عذاب سوزان به آنان می چشانیم ",
            "10": " [به آنان گویند:] این [رسوایی و عذاب] به کیفر اعمالی است که از پیش فرستاده ای، [سبب این کیفر، عدالت خداوند است،] و خداوند نسبت به بندگان، ستمکار نیست ",
            "11": " گروهی از مردمند که خداوند را با دودلی و تزلزل در دین [ بر پایۀ به دست آوردن سود مادّی] می پرستند، پس اگر سود به آنان برسد به آن آرامش می یابند، و اگر زیان و خسارتی به آنان رسد [از پرستیدن خداوند] روی گردان شوند، اینان دنیا و آخرت را از دست داده اند، و این همان خسارت آشکار است ",
            "12": " معبودانی را به جای خدا [برای عرض حاجت] می خوانند که نه زیانی به آنان می رسانند، و نه سودی به آنان می دهند، این است همان گمراهی بسیار دور [که در آن دسترسی به هدایت ندارند]",
            "13": " [آری] معبود هایی را [برای برآورده شدنِ حاجاتشان] می خوانند که زیانشان [به خوانندگان] از سودشان نزدیک تر است، [معبودهای باطل] هرآینه بد سرپرست و قطعاً بد همدمی هستند !",
            "14": "همانا خداوند مؤمنانی را که کارهای شایسته انجام داده اند وارد بهشت هایی می کند که از زیر [درختان] آن نهرها جاری است، مسلّماً خداوند هر کاری را که بخواهد انجام می دهد ",
            "15": " کسی که همواره گمانش این است که خداوند هرگز پیامبرش را در دنیا و آخرت یاری نخواهد داد [واکنون با دیدن یاری رساندن به او به شدت خشمگین است]، باید طنابی از سقف بیاویزد، آن گاه خود را حلق آویز کند و ببیند آیا حیله و نیرنگش مایه خشمش را از بین می برد؟!",
            "16": "\n \nما قرآن را به این صورت فرستادیم که [حاوی مجموعه ای از] آیات روشنگر است، به راستی خداوند هرکه را بخواهد هدایت می کند",
            "17": "همانا مؤمنان و یهودیان و صابئی ها و نصاری و مجوسیان و مشرکان [که در مذاهب خود با یکدیگر اختلاف دارند، و هر گروهی خود را حق می داند،] مسلّماً روز قیامت خداوند بینشان داوری می کند [تا حق پیشگان به بهشت، و باطل گرایان به دوزخ درآیند،] بی تردید خداوند بر همه چیز گواه است ",
            "18": " آیا ندانسته ای که هرکه در آسمان ها و زمین است، و خورشید و ماه و ستارگان و کوه ها و درختان و جنبندگان، و بسیاری از مردم برای خداوند سجده می کنند؟ و بر بسیاری [هم که از سجده کردن رویگردانند] عذاب قطعی شده است، و کسی که خداوند خوارش کند گرامی دارنده ای برای او نیست، بی گمان خداوند هرچه بخواهد انجام می دهد ",
            "19": " این دو [گروهِ حق پیشه و باطل گرا] که دربارۀ پروردگارشان در جدال و مشاجره اند دشمن یکدیگرند، پس برای کافران لباس هایی از آتش [به اندازۀ اندامشان] بریده شده، و از بالای سرشان مایع جوشان به رویشان ریخته می شود ",
            "20": " که آنچه در شکم هایشان است و نیز پوست ها[یشان] به وسیلۀ آن گداخته می شود ",
            "21": " و برای آنان گُرزهایی ویژه از آهن است [که بر سرشان می کوبند] ",
            "22": "هرگاه بخواهند به سبب اندوه [و غصۀ گلوگیر] از دوزخ درآیند به آن بازشان می گردانند، و [به آنان می گویند:] عذاب سوزان را بچشید !",
            "23": "به راستی خداوند مؤمنانی را که کارهای شایسته انجام داده اند در بهشت هایی وارد می کند که از زیر [درختان] آن نهرها جاری است، در آن جا با دست بندهایی از طلاو مروارید آرایش می شوند، و لباسشان در آن جایگاه [از] ابریشم است ",
            "24": "\n \nو به سخن پاک [و پسندیده]، و به راه خداوندِ ستوده راهنمایی می شوند ",
            "25": " بی تردید کسانی که کافرند و [مردم را] از راه خدا بازداشته اند، و [مؤمنان را] از [ورود به] مسجدالحرام که آن را برای همۀ مردم چه مقیم چه مسافر، یکسان قرار داده ایم [منع کرده اند، کیفری سخت دارند]، و هرکه بخواهد در آن جا با انحراف [از حق] روی به ستم آورد عذابی دردناک به او می چشانیم ",
            "26": " [به یاد آرید] هنگامی که جایگاه خانۀ [کعبه] را برای ابراهیم آماده کردیم، [و از او پیمان گرفتیم] که: هیچ چیز را شریک من قرار نده! و خانه ام را برای طواف کنندگان و قیام کنندگان و رکوع کنندگان و سجده کنندگان [از هر آلودگی ظاهری و باطنی] پاک بدار!",
            "27": "و در بین مردم برای حج بانگ برزن! تا پیاده و [سواره] بر هر شترِ چابک از هر راه دوری به سوی تو آیند ",
            "28": " برای این که شاهد سودهایی [از برکات این سفر] برای خود باشند، و نام خداوند را در روزهایی معین [که برای قربانی اِعلام شده] بر چهارپایانِ [چون گاو و گوسفند و شتر] که به آنان عطا کرده است ببرند، آن گاه از [گوشت] آن ها بخورید، و تهیدستِ درمانده را نیز بخورانید ",
            "29": " سپس باید آلودگی های خود را بزدایند، و نذرهایشان را ادا کرده، و بر گِرد خانۀ کهن طواف کنند ",
            "30": " این است [مناسک حج]، و هرکس مقررات خدا را بزرگ بدارد این [بزرگ داشتن] برای او نزد پروردگارش بهتر است، و چهارپایان برای شما حلال گشته به جز آنچه [در آیات دیگر حُرمتش] بر شما خوانده می شود، پس بر شماست که از پلیدی ها که همان بُت هایند، و از گفتار باطل [چون دروغ، افترا، غیبت و شهادتِ ناحق] دوری کنید ",
            "31": "\n \nدرحالی که خالصانه گرایش به خداوند داشته باشید، و به او شرک نورزید. و هرکس به خداوند شرک ورزد گویا از آسمان سقوط کرده، و پرندگانِ شکاری او را می ربایند، یا باد وی را به جای دور دست می اندازد ",
            "32": " این است [حدود و مقررات خداوند]، و هرکس شعائر خدا را بزرگ بدارد بدون تردید این [کار] ناشی از تقوای دل هاست ",
            "33": " برای شما در دام های قربانی تا وقتی معین، سودهایی [چون سواری گرفتن، تغذیه از شیر و خوردنِ گوشت آن ها] است، سپس مکانِ [جای گرفتن]شان [برای قربانی شدن]، کنار کعبه آن خانۀ کهن است ",
            "34": " برای هر امتِ [مؤمنی پیش از شما] عبادتی ویژه [که مشتمل بر قربانی است] قرار دادیم، تا بر آنچه از دام ها روزی آنان کردیم [به وقت قربانی] نام خدا را ذکر کنند، پس [بدانید که] معبود شما خداوند یکتاست؛ بنابراین فقط تسلیم او شوید، و فرمانبردارانِ فروتن را [به رحمت و جنّت خداوند] مژده ده !",
            "35": " هم آنان که وقتی خداوند یاد می شود، دل هایشان به هراس می افتد، و بر آنچه [از حادثه و بلا] به آنان می رسد شکیبایند، و خوانندگانِ نماز [با شرایط ویژه اش] هستند، و از آنچه روزی آنان کرده ایم انفاق می کنند ",
            "36": " شترانِ قربانی را برای شما از شعائرِ خداوند قرار دادیم، برای شما در آن ها [تا به محل قربانی برسند] منافعی است [چون سواری و تغذیه از شیر]، [هنگام نحرکردنِ آن ها] درحالی که به صف ایستاده اند نام خدا را بر آن ها ببرید، و چون [بی جان] به پهلو درافتادند از آن ها بخورید، و به تهیدستانی که اهل درخواست نیستند و فقیرانی که اهل درخواستند بخورانید، بدین گونه آن ها را برای شما به کار گرفتیم تا سپاس گزاری کنید ",
            "37": " هرگز گوشت ها و خون هایشان به خداوند نمی رسد، بلکه تقوای شماست که به او می رسد، این گونه آن ها را برای شما به کار گرفت تا خدا را به شکرانۀ این که هدایتتان کرد به بزرگی یاد کنید، و نیکوکاران را [به رحمت و پاداش خداوند] مژده بده !",
            "38": "همانا خداوند همواره از مؤمنان دفاع می کند، یقیناً خداوند هیچ خیانتکارِ ناسپاسی را دوست ندارد ",
            "39": "\n \nبه کسانی که مورد هجوم و جنگ قرار می گیرند اجازۀ [جنگ برای دفاع از خود] داده شده؛ به این دلیل که مورد ستم قرار گرفته اند، و البته خداوند بر یاری دادن به آنان تواناست ",
            "40": " هم آنان که ظالمانه از خانه هایشان بیرون رانده شدند فقط برای این که می گفتند: پروردگار ما خداوند یکتاست. و اگر خداوند [ستم و زیان رسانی] برخی از مردمِ [جنایت پیشه] را به وسیلۀ بعضی از مردمِ [مؤمن] دفع نمی کرد هرآینه صومعه ها، کلیساها، کنیسه ها و مساجدی که در آن ها بسیار یاد خدا می شود ویران می شد، به یقین خداوند به کسانی که [دین] او را یاری می کنند، یاری می دهد، بی تردید خداوند نیرومند و توانای شکست ناپذیر است ",
            "41": " هم آنان که چون در زمین فرمانروایی عطایشان می کنیم نماز را [با شرایط ویژه اش] می خوانند و زکات می پردازند، و [مردم را] به کارهای پسندیده وامی دارند و از کارهای زشت بازمی دارند، و فرجامِ [همۀ] کارها فقط در اختیار خداست ",
            "42": " اگر تو را انکار می کنند [کار تازه ای نیست]، پیش از اینان هم قوم نوح و عاد و ثمود [پیامبرانشان را] انکار کردند ",
            "43": " و [نیز] قوم ابراهیم و قوم لوط [اهل انکار بودند] ",
            "44": " و همچنین اهل مَدین [منکر شعیب شدند]، و موسی را [هم] انکار کردند، پس کافران را مهلت دادم، سپس آنان را [به عذابی سخت] دچار کردم، [بنگر که] کیفر [و انتقام] من چگونه بود!",
            "45": " چه بسیار شهرها را درحالی که [اهلش] ستمکار بودند نابود کردیم، پس [به سبب نزول عذاب، سقف های خانه هایشان خراب شد، و] دیوارهایشان بر سقف ها فروریخت و [چه بسیار] چاه های [پُرآب] متروک افتاده، و کاخ های برافراشته [بی صاحب مانده است] ",
            "46": " آیا در زمین به گردش [و جست وجو] نپرداخته اند تا برای آنان دل ها[ی فهیمی] پیدا شود که با آن بیندیشند، یا گوش هایی که با آن [اندرزها را] بشنوند؟ [حقیقت این است که فقط] چشم ها [که ابزار عبرت است از تماشای امورِ عبرت آموز] کور نمی شود، بلکه دل ها[یی هم] که در سینه هاست کور می شود",
            "47": "\n \nآنان از تو [آمدنِ] عذاب را شتابانه می خواهند درحالی که خداوند از وعده اش هرگز تخلّف نمی کند، همانا یک روز نزد پروردگارت چون هزار سال از سال هایی است که شما به حساب می آورید؛ [زیرا برای او فاصلۀ زمانی وجود ندارد، فاصلۀ زمانی فقط برای شما مطرح است؛ بنابراین عذاب به شما خواهد رسید، و فاصلۀ طولانی بین آن و شما نزد خدا چون یک روز است] ",
            "48": " چه بسا شهرهایی که به [اهل] آن ها درحالی که ستمکار بودند مهلت دادم، سپس آنان را [به عذابی سخت] دچار کردم، و بازگشتِ همه فقط به سوی من است ",
            "49": " بگو: ای مردم! من برای شما فقط هشدار دهنده ای روشنگرم ",
            "50": " پس برای مؤمنانی که کارهای شایسته انجام داده اند آمرزش و رزق نیکویی است ",
            "51": " و کسانی که در [راه تخریب و بی اثرنمودنِ] آیات ما کوشیده اند تا [به گمان خود، ما را] عاجز کنند [تا از دسترس قدرت ما بیرون روند] آنان اهل آتشِ شعله ورند ",
            "52": " پیش از تو هیچ رسول و پیامبری نفرستادیم مگر این که هرگاه آرزو می کرد [اهداف سعادت بخشِ خود را پیش ببرد،] شیطان [برای بازداشتنِ مردم از پذیرش حق] در برابر آرزویش وسوسه و شبهه می انداخت، ولی خداوند آنچه را شیطان [از وسوسه و شبهه] می اندازد از بین می برد، سپس آیاتش را استوار می سازد، و خداوند دانا و حکیم است ",
            "53": "[سبب این ماجرا این است] که خداوند شبهه اندازی شیطان را آزمایشی برای بیماران و سنگدلان قرار می دهد [تا به اوج شقاوتشان برسند؛ زیرا امیدی به ایمان آوردنِ آنان نیست]، مسلّماً ستمکاران در نهایت مخالفت و ستیز [با حق و حقیقت] هستند ",
            "54": " و [نیز سبب این ماجرا] این [است] که دانش یافتگان بدانند این [محوشدنِ القائات شیطان، و استوارماندنِ آیات] از سوی پروردگارت حق است؛ در نتیجه به آن ایمان آورند و دل هایشان برای آن فروتن شود، بی تردید خداوند هدایت کنندۀ مؤمنان به سوی راهی مستقیم است ",
            "55": " کافران همواره نسبت به آیات خداوند در تردیدی سخت اند، تا قیامت ناگهان بر آنان دررسد، یا عذابِ روزی که روز دیگری به دنبال ندارد به سراغشان آید ",
            "56": "\n \nآن روز حاکمیت و فرمانروایی ویژۀ خداست، او بین آنان داوری می کند، نهایتاً مؤمنانی که کارهای شایسته انجام داده اند در بهشت های پُرنعمتند ",
            "57": " و کسانی که کافرند و آیات ما را انکار کرده اند برای آنان عذابی خوارکننده است ",
            "58": " آنان که در راه خدا هجرت کرده، سپس کشته شده یا مرده اند مسلّماً خداوند رزقی نیکویشان می دهد، همانا خدا بهترین روزی دهندگان است ",
            "59": "بی تردید [خداوند] ایشان به جایگاهی که آن را می پسندند وارد می کند، مسلما خداوند دانا و بردبار است ",
            "60": " [مطلب دربارۀ مؤمن و کافر] همان است [که گفتیم]، و هرکس به مانند آنچه به او عقوبت شده [متجاوز را] عقوبت کند، آن گاه [از سوی متجاوز] به او ستم شود قطعاً خداوند او را یاری می دهد [تا انتقامش را از تجاوزکار بگیرد،] همانا خداوند باگذشت و بسیار آمرزنده است",
            "61": " این [یاری دادن به ستمدیده] به سبب این است که [خداوند دارای قدرت بی نهایت است، و گوشه ای از قدرتش این است که] همواره شب را در روز و روز را در شب درمی آورد، بی گمان خدا شنوا و بیناست ",
            "62": " این [جابه جایی شب و روز] به سبب این است که فقط خداوند معبود حق است، و این که آنچه را جز او [برای رواشدنِ حاجاتتان] می خوانید باطل است، و این که فقط خداوند بلندمرتبه و بزرگ است ",
            "63": " آیا ندانسته ای که خداوند آبی [فراوان و پُرفایده] از آسمان نازل می کند، در نتیجه زمین سرسبز و خرّم می شود؟ به راستی خداوند دقیق [و ریزنگر] و آگاه است ",
            "64": " آنچه در آسمان ها و در زمین است فقط در سیطرۀ مالکیت و فرمانروایی اوست، به یقین خداوند است که بی نیاز و ستوده است ",
            "65": "\n \n[ای انسان!] آیا ندانسته ای که خداوند آنچه را در زمین است و کشتی هایی را که به فرمان او در دریا روانند برای [بهره وری] شما به کار گرفته است، و آسمان را نگه می دارد که جز به فرمان او بر زمین نیفتد؟ همانا خداوند به [همۀ] مردم بسیار مهرورز و مهربان است ",
            "66": " اوست که به شما حیات داد، سپس شما را می میرانَد، آن گاه [برای ورود به قیامت] زنده تان می کند، همانا انسان بسیار ناسپاس است ",
            "67": " برای هر جامعۀ [مؤمنی پیش از شما] عبادتِ ویژه ای [که مشتمل بر قربانی است] قرار داده ایم که بر اساس آن عمل می کنند، پس [مشرکان] نباید با تو در موضوع [قربانی] نزاع کنند، [آنان را] به سوی پروردگارت [برای انجام عبادتِ هماهنگ با دینِ او] دعوت کن! که بی تردید تو بر راهی مستقیم قرار داری ",
            "68": " و اگر با تو گفت وگوی نادرست و بی دلیل کنند، بگو: خداوند به آنچه انجام می دهید داناتر است ",
            "69": " خداوند روز قیامت بین شما دربارۀ آنچه با یکدیگر همواره در آن اختلاف می کردید داوری خواهد کرد [تا مؤمنانتان به بهشت درآیند، و مشرکانتان وارد دوزخ شوند ]",
            "70": " آیا ندانسته ای که خداوند آنچه را در آسمان و زمین است می داند؟ مسلّماً همۀ [اعمال و نیات انسان ها] در کتابی [چون لوح محفوظ، ثبت] است، و بی تردید این [ثبت اعمال و نیات همۀ انسان ها در آن کتاب] بر خدا آسان است ",
            "71": " [مشرکان] به جای خداوند معبودانی را می پرستند که [خدا] هیچ دلیلی درباره [به حق بودنِ] آن ها نازل نکرده است، و معبودانی [را می پرستند] که هیچ دانشی برای [استدلال بر ربوبیت] آن ها ندارند، و ستمکاران را هیچ یاوری [در برابر عذاب] نخواهد بود ",
            "72": " هنگامی که آیات روشن ما را بر آنان می خوانند در چهرۀ کسانی که کافرند [اثر] انکار [و ناخوش آیندی] را می بینی، به گونه ای که نزدیک است به تلاوت کنندگانِ آیات ما بر آنان بتازند، بگو: آیا شما را به بدتر از این [که از شنیدنِ قرآن به شما دست می دهد] خبر دهم؟ [آن] آتش [دوزخ] است که خداوند آن را به کافران وعده داده، و [آتش] عاقبت بدی است !",
            "73": "\n \nای مردمِ [مشرک]! [برای شما و معبودانتان] مَثَلی زده شده است پس بدان گوش فرادهید؛ یقیناً کسانی به غیر خدا را که [برای رواشدنِ حاجاتتان] می خوانید هرگز نمی توانند مگسی بیافرینند؛ گرچه برای آفریدنش گردآیند، و اگر مگس چیزی از آنان برُباید نمی توانند آن را پس بگیرند، پرستش کنندگان و پرستش شوندگان هر دو ناتوانند ",
            "74": " خداوند را آن گونه که شایستۀ قدرشناسی اوست قدرشناسی نکردند، بی تردید خداوند نیرومند و توانای شکست ناپذیر است ",
            "75": " خداوند از بین فرشتگان و از بین مردم رسولانی برمی گزیند، [فرشتگان را برای دریافت وحی و رساندن به پیامبران، و پیامبران را برای ابلاغ وحی به مردم.] یقیناً خداوند شنوا و بیناست ",
            "76": "او همۀ [اعمال و احوال] گذشتۀ فرشتگان و انبیاء و انسان ها، و همۀ [اعمال و احوال] آیندۀ آنان را می داند، و همۀ امور به خداوند بازگردانده می شود ",
            "77": " ای مؤمنان! رکوع و سجود کنید و پروردگارتان را بپرستید، و کار نیک انجام دهید تا [بر همۀ موانع راه سعادت] پیروز شوید ",
            "78": " و در راه خداوند آن چنان که شایستۀ جهاد است جهاد کنید، او شما را انتخاب کرد و در این دین بر شما فشار و تنگی قرار نداد، [آسانی دین شما چون آسانی] دین پدرتان ابراهیم [است]، او شما را پیش از این مسلمان نامید، و در این [قرآن هم به همین نام خوانده شده اید] تا پیامبر حجت و گواه بر شما باشد و شما هم [در اعمال و احوالتان] حجت و گواه بر مردم باشید، پس نماز بخوانید و زکات بپردازید و به خدا تمسک جویید، او سرپرست و یار شماست، و خوب سرپرست و نیکو یاری دهنده ای است "
        }
    }
}