{
    "2": {
        "number": 2,
        "title": "سورة المؤمنون",
        "bab": 4,
        "delay": 0,
        "arabic": {
            "1": " قَدْ أَفْلَحَ الْمُؤْمِنُونَ",
            "2": "الَّذِينَ هُمْ فِي صَلَاتِهِمْ خَاشِعُونَ",
            "3": "وَالَّذِينَ هُمْ عَنِ اللَّغْوِ مُعْرِضُونَ",
            "4": "وَالَّذِينَ هُمْ لِلزَّكَاةِ فَاعِلُونَ",
            "5": "وَالَّذِينَ هُمْ لِفُرُوجِهِمْ حَافِظُونَ",
            "6": "إِلَّا عَلَىٰ أَزْوَاجِهِمْ أَوْ مَا مَلَكَتْ أَيْمَانُهُمْ فَإِنَّهُمْ غَيْرُ مَلُومِينَ",
            "7": "فَمَنِ ابْتَغَىٰ وَرَاءَ ذَٰلِكَ فَأُولَٰئِكَ هُمُ الْعَادُونَ",
            "8": "وَالَّذِينَ هُمْ لِأَمَانَاتِهِمْ وَعَهْدِهِمْ رَاعُونَ",
            "9": "وَالَّذِينَ هُمْ عَلَىٰ صَلَوَاتِهِمْ يُحَافِظُونَ",
            "10": "أُولَٰئِكَ هُمُ الْوَارِثُونَ",
            "11": "الَّذِينَ يَرِثُونَ الْفِرْدَوْسَ هُمْ فِيهَا خَالِدُونَ",
            "12": "وَلَقَدْ خَلَقْنَا الْإِنْسَانَ مِنْ سُلَالَةٍ مِنْ طِينٍ",
            "13": "ثُمَّ جَعَلْنَاهُ نُطْفَةً فِي قَرَارٍ مَكِينٍ",
            "14": "ثُمَّ خَلَقْنَا النُّطْفَةَ عَلَقَةً فَخَلَقْنَا الْعَلَقَةَ مُضْغَةً فَخَلَقْنَا الْمُضْغَةَ عِظَامًا فَكَسَوْنَا الْعِظَامَ لَحْمًا ثُمَّ أَنْشَأْنَاهُ خَلْقًا آخَرَ ۚ فَتَبَارَكَ اللَّهُ أَحْسَنُ الْخَالِقِينَ",
            "15": "ثُمَّ إِنَّكُمْ بَعْدَ ذَٰلِكَ لَمَيِّتُونَ",
            "16": "ثُمَّ إِنَّكُمْ يَوْمَ الْقِيَامَةِ تُبْعَثُونَ",
            "17": "وَلَقَدْ خَلَقْنَا فَوْقَكُمْ سَبْعَ طَرَائِقَ وَمَا كُنَّا عَنِ الْخَلْقِ غَافِلِينَ",
            "18": "وَأَنْزَلْنَا مِنَ السَّمَاءِ مَاءً بِقَدَرٍ فَأَسْكَنَّاهُ فِي الْأَرْضِ ۖ وَإِنَّا عَلَىٰ ذَهَابٍ بِهِ لَقَادِرُونَ",
            "19": "فَأَنْشَأْنَا لَكُمْ بِهِ جَنَّاتٍ مِنْ نَخِيلٍ وَأَعْنَابٍ لَكُمْ فِيهَا فَوَاكِهُ كَثِيرَةٌ وَمِنْهَا تَأْكُلُونَ",
            "20": "وَشَجَرَةً تَخْرُجُ مِنْ طُورِ سَيْنَاءَ تَنْبُتُ بِالدُّهْنِ وَصِبْغٍ لِلْآكِلِينَ",
            "21": "وَإِنَّ لَكُمْ فِي الْأَنْعَامِ لَعِبْرَةً ۖ نُسْقِيكُمْ مِمَّا فِي بُطُونِهَا وَلَكُمْ فِيهَا مَنَافِعُ كَثِيرَةٌ وَمِنْهَا تَأْكُلُونَ",
            "22": "وَعَلَيْهَا وَعَلَى الْفُلْكِ تُحْمَلُونَ",
            "23": "وَلَقَدْ أَرْسَلْنَا نُوحًا إِلَىٰ قَوْمِهِ فَقَالَ يَا قَوْمِ اعْبُدُوا اللَّهَ مَا لَكُمْ مِنْ إِلَٰهٍ غَيْرُهُ ۖ أَفَلَا تَتَّقُونَ",
            "24": "فَقَالَ الْمَلَأُ الَّذِينَ كَفَرُوا مِنْ قَوْمِهِ مَا هَٰذَا إِلَّا بَشَرٌ مِثْلُكُمْ يُرِيدُ أَنْ يَتَفَضَّلَ عَلَيْكُمْ وَلَوْ شَاءَ اللَّهُ لَأَنْزَلَ مَلَائِكَةً مَا سَمِعْنَا بِهَٰذَا فِي آبَائِنَا الْأَوَّلِينَ",
            "25": "إِنْ هُوَ إِلَّا رَجُلٌ بِهِ جِنَّةٌ فَتَرَبَّصُوا بِهِ حَتَّىٰ حِينٍ",
            "26": "قَالَ رَبِّ انْصُرْنِي بِمَا كَذَّبُونِ",
            "27": "فَأَوْحَيْنَا إِلَيْهِ أَنِ اصْنَعِ الْفُلْكَ بِأَعْيُنِنَا وَوَحْيِنَا فَإِذَا جَاءَ أَمْرُنَا وَفَارَ التَّنُّورُ ۙ فَاسْلُكْ فِيهَا مِنْ كُلٍّ زَوْجَيْنِ اثْنَيْنِ وَأَهْلَكَ إِلَّا مَنْ سَبَقَ عَلَيْهِ الْقَوْلُ مِنْهُمْ ۖ وَلَا تُخَاطِبْنِي فِي الَّذِينَ ظَلَمُوا ۖ إِنَّهُمْ مُغْرَقُونَ",
            "28": "فَإِذَا اسْتَوَيْتَ أَنْتَ وَمَنْ مَعَكَ عَلَى الْفُلْكِ فَقُلِ الْحَمْدُ لِلَّهِ الَّذِي نَجَّانَا مِنَ الْقَوْمِ الظَّالِمِينَ",
            "29": "وَقُلْ رَبِّ أَنْزِلْنِي مُنْزَلًا مُبَارَكًا وَأَنْتَ خَيْرُ الْمُنْزِلِينَ",
            "30": "إِنَّ فِي ذَٰلِكَ لَآيَاتٍ وَإِنْ كُنَّا لَمُبْتَلِينَ",
            "31": "ثُمَّ أَنْشَأْنَا مِنْ بَعْدِهِمْ قَرْنًا آخَرِينَ",
            "32": "فَأَرْسَلْنَا فِيهِمْ رَسُولًا مِنْهُمْ أَنِ اعْبُدُوا اللَّهَ مَا لَكُمْ مِنْ إِلَٰهٍ غَيْرُهُ ۖ أَفَلَا تَتَّقُونَ",
            "33": "وَقَالَ الْمَلَأُ مِنْ قَوْمِهِ الَّذِينَ كَفَرُوا وَكَذَّبُوا بِلِقَاءِ الْآخِرَةِ وَأَتْرَفْنَاهُمْ فِي الْحَيَاةِ الدُّنْيَا مَا هَٰذَا إِلَّا بَشَرٌ مِثْلُكُمْ يَأْكُلُ مِمَّا تَأْكُلُونَ مِنْهُ وَيَشْرَبُ مِمَّا تَشْرَبُونَ",
            "34": "وَلَئِنْ أَطَعْتُمْ بَشَرًا مِثْلَكُمْ إِنَّكُمْ إِذًا لَخَاسِرُونَ",
            "35": "أَيَعِدُكُمْ أَنَّكُمْ إِذَا مِتُّمْ وَكُنْتُمْ تُرَابًا وَعِظَامًا أَنَّكُمْ مُخْرَجُونَ",
            "36": "هَيْهَاتَ هَيْهَاتَ لِمَا تُوعَدُونَ",
            "37": "إِنْ هِيَ إِلَّا حَيَاتُنَا الدُّنْيَا نَمُوتُ وَنَحْيَا وَمَا نَحْنُ بِمَبْعُوثِينَ",
            "38": "إِنْ هُوَ إِلَّا رَجُلٌ افْتَرَىٰ عَلَى اللَّهِ كَذِبًا وَمَا نَحْنُ لَهُ بِمُؤْمِنِينَ",
            "39": "قَالَ رَبِّ انْصُرْنِي بِمَا كَذَّبُونِ",
            "40": "قَالَ عَمَّا قَلِيلٍ لَيُصْبِحُنَّ نَادِمِينَ",
            "41": "فَأَخَذَتْهُمُ الصَّيْحَةُ بِالْحَقِّ فَجَعَلْنَاهُمْ غُثَاءً ۚ فَبُعْدًا لِلْقَوْمِ الظَّالِمِينَ",
            "42": "ثُمَّ أَنْشَأْنَا مِنْ بَعْدِهِمْ قُرُونًا آخَرِينَ",
            "43": "مَا تَسْبِقُ مِنْ أُمَّةٍ أَجَلَهَا وَمَا يَسْتَأْخِرُونَ",
            "44": "ثُمَّ أَرْسَلْنَا رُسُلَنَا تَتْرَىٰ ۖ كُلَّ مَا جَاءَ أُمَّةً رَسُولُهَا كَذَّبُوهُ ۚ فَأَتْبَعْنَا بَعْضَهُمْ بَعْضًا وَجَعَلْنَاهُمْ أَحَادِيثَ ۚ فَبُعْدًا لِقَوْمٍ لَا يُؤْمِنُونَ",
            "45": "ثُمَّ أَرْسَلْنَا مُوسَىٰ وَأَخَاهُ هَارُونَ بِآيَاتِنَا وَسُلْطَانٍ مُبِينٍ",
            "46": "إِلَىٰ فِرْعَوْنَ وَمَلَئِهِ فَاسْتَكْبَرُوا وَكَانُوا قَوْمًا عَالِينَ",
            "47": "فَقَالُوا أَنُؤْمِنُ لِبَشَرَيْنِ مِثْلِنَا وَقَوْمُهُمَا لَنَا عَابِدُونَ",
            "48": "فَكَذَّبُوهُمَا فَكَانُوا مِنَ الْمُهْلَكِينَ",
            "49": "وَلَقَدْ آتَيْنَا مُوسَى الْكِتَابَ لَعَلَّهُمْ يَهْتَدُونَ",
            "50": "وَجَعَلْنَا ابْنَ مَرْيَمَ وَأُمَّهُ آيَةً وَآوَيْنَاهُمَا إِلَىٰ رَبْوَةٍ ذَاتِ قَرَارٍ وَمَعِينٍ",
            "51": "يَا أَيُّهَا الرُّسُلُ كُلُوا مِنَ الطَّيِّبَاتِ وَاعْمَلُوا صَالِحًا ۖ إِنِّي بِمَا تَعْمَلُونَ عَلِيمٌ",
            "52": "وَإِنَّ هَٰذِهِ أُمَّتُكُمْ أُمَّةً وَاحِدَةً وَأَنَا رَبُّكُمْ فَاتَّقُونِ",
            "53": "فَتَقَطَّعُوا أَمْرَهُمْ بَيْنَهُمْ زُبُرًا ۖ كُلُّ حِزْبٍ بِمَا لَدَيْهِمْ فَرِحُونَ",
            "54": "فَذَرْهُمْ فِي غَمْرَتِهِمْ حَتَّىٰ حِينٍ",
            "55": "أَيَحْسَبُونَ أَنَّمَا نُمِدُّهُمْ بِهِ مِنْ مَالٍ وَبَنِينَ",
            "56": "نُسَارِعُ لَهُمْ فِي الْخَيْرَاتِ ۚ بَلْ لَا يَشْعُرُونَ",
            "57": "إِنَّ الَّذِينَ هُمْ مِنْ خَشْيَةِ رَبِّهِمْ مُشْفِقُونَ",
            "58": "وَالَّذِينَ هُمْ بِآيَاتِ رَبِّهِمْ يُؤْمِنُونَ",
            "59": "وَالَّذِينَ هُمْ بِرَبِّهِمْ لَا يُشْرِكُونَ",
            "60": "وَالَّذِينَ يُؤْتُونَ مَا آتَوْا وَقُلُوبُهُمْ وَجِلَةٌ أَنَّهُمْ إِلَىٰ رَبِّهِمْ رَاجِعُونَ",
            "61": "أُولَٰئِكَ يُسَارِعُونَ فِي الْخَيْرَاتِ وَهُمْ لَهَا سَابِقُونَ",
            "62": "وَلَا نُكَلِّفُ نَفْسًا إِلَّا وُسْعَهَا ۖ وَلَدَيْنَا كِتَابٌ يَنْطِقُ بِالْحَقِّ ۚ وَهُمْ لَا يُظْلَمُونَ",
            "63": "بَلْ قُلُوبُهُمْ فِي غَمْرَةٍ مِنْ هَٰذَا وَلَهُمْ أَعْمَالٌ مِنْ دُونِ ذَٰلِكَ هُمْ لَهَا عَامِلُونَ",
            "64": "حَتَّىٰ إِذَا أَخَذْنَا مُتْرَفِيهِمْ بِالْعَذَابِ إِذَا هُمْ يَجْأَرُونَ",
            "65": "لَا تَجْأَرُوا الْيَوْمَ ۖ إِنَّكُمْ مِنَّا لَا تُنْصَرُونَ",
            "66": "قَدْ كَانَتْ آيَاتِي تُتْلَىٰ عَلَيْكُمْ فَكُنْتُمْ عَلَىٰ أَعْقَابِكُمْ تَنْكِصُونَ",
            "67": "مُسْتَكْبِرِينَ بِهِ سَامِرًا تَهْجُرُونَ",
            "68": "أَفَلَمْ يَدَّبَّرُوا الْقَوْلَ أَمْ جَاءَهُمْ مَا لَمْ يَأْتِ آبَاءَهُمُ الْأَوَّلِينَ",
            "69": "أَمْ لَمْ يَعْرِفُوا رَسُولَهُمْ فَهُمْ لَهُ مُنْكِرُونَ",
            "70": "أَمْ يَقُولُونَ بِهِ جِنَّةٌ ۚ بَلْ جَاءَهُمْ بِالْحَقِّ وَأَكْثَرُهُمْ لِلْحَقِّ كَارِهُونَ",
            "71": "وَلَوِ اتَّبَعَ الْحَقُّ أَهْوَاءَهُمْ لَفَسَدَتِ السَّمَاوَاتُ وَالْأَرْضُ وَمَنْ فِيهِنَّ ۚ بَلْ أَتَيْنَاهُمْ بِذِكْرِهِمْ فَهُمْ عَنْ ذِكْرِهِمْ مُعْرِضُونَ",
            "72": "أَمْ تَسْأَلُهُمْ خَرْجًا فَخَرَاجُ رَبِّكَ خَيْرٌ ۖ وَهُوَ خَيْرُ الرَّازِقِينَ",
            "73": "وَإِنَّكَ لَتَدْعُوهُمْ إِلَىٰ صِرَاطٍ مُسْتَقِيمٍ",
            "74": "وَإِنَّ الَّذِينَ لَا يُؤْمِنُونَ بِالْآخِرَةِ عَنِ الصِّرَاطِ لَنَاكِبُونَ",
            "75": "وَلَوْ رَحِمْنَاهُمْ وَكَشَفْنَا مَا بِهِمْ مِنْ ضُرٍّ لَلَجُّوا فِي طُغْيَانِهِمْ يَعْمَهُونَ",
            "76": "وَلَقَدْ أَخَذْنَاهُمْ بِالْعَذَابِ فَمَا اسْتَكَانُوا لِرَبِّهِمْ وَمَا يَتَضَرَّعُونَ",
            "77": "حَتَّىٰ إِذَا فَتَحْنَا عَلَيْهِمْ بَابًا ذَا عَذَابٍ شَدِيدٍ إِذَا هُمْ فِيهِ مُبْلِسُونَ",
            "78": "وَهُوَ الَّذِي أَنْشَأَ لَكُمُ السَّمْعَ وَالْأَبْصَارَ وَالْأَفْئِدَةَ ۚ قَلِيلًا مَا تَشْكُرُونَ",
            "79": "وَهُوَ الَّذِي ذَرَأَكُمْ فِي الْأَرْضِ وَإِلَيْهِ تُحْشَرُونَ",
            "80": "وَهُوَ الَّذِي يُحْيِي وَيُمِيتُ وَلَهُ اخْتِلَافُ اللَّيْلِ وَالنَّهَارِ ۚ أَفَلَا تَعْقِلُونَ",
            "81": "بَلْ قَالُوا مِثْلَ مَا قَالَ الْأَوَّلُونَ",
            "82": "قَالُوا أَإِذَا مِتْنَا وَكُنَّا تُرَابًا وَعِظَامًا أَإِنَّا لَمَبْعُوثُونَ",
            "83": "لَقَدْ وُعِدْنَا نَحْنُ وَآبَاؤُنَا هَٰذَا مِنْ قَبْلُ إِنْ هَٰذَا إِلَّا أَسَاطِيرُ الْأَوَّلِينَ",
            "84": "قُلْ لِمَنِ الْأَرْضُ وَمَنْ فِيهَا إِنْ كُنْتُمْ تَعْلَمُونَ",
            "85": "سَيَقُولُونَ لِلَّهِ ۚ قُلْ أَفَلَا تَذَكَّرُونَ",
            "86": "قُلْ مَنْ رَبُّ السَّمَاوَاتِ السَّبْعِ وَرَبُّ الْعَرْشِ الْعَظِيمِ",
            "87": "سَيَقُولُونَ لِلَّهِ ۚ قُلْ أَفَلَا تَتَّقُونَ",
            "88": "قُلْ مَنْ بِيَدِهِ مَلَكُوتُ كُلِّ شَيْءٍ وَهُوَ يُجِيرُ وَلَا يُجَارُ عَلَيْهِ إِنْ كُنْتُمْ تَعْلَمُونَ",
            "89": "سَيَقُولُونَ لِلَّهِ ۚ قُلْ فَأَنَّىٰ تُسْحَرُونَ",
            "90": "بَلْ أَتَيْنَاهُمْ بِالْحَقِّ وَإِنَّهُمْ لَكَاذِبُونَ",
            "91": "مَا اتَّخَذَ اللَّهُ مِنْ وَلَدٍ وَمَا كَانَ مَعَهُ مِنْ إِلَٰهٍ ۚ إِذًا لَذَهَبَ كُلُّ إِلَٰهٍ بِمَا خَلَقَ وَلَعَلَا بَعْضُهُمْ عَلَىٰ بَعْضٍ ۚ سُبْحَانَ اللَّهِ عَمَّا يَصِفُونَ",
            "92": "عَالِمِ الْغَيْبِ وَالشَّهَادَةِ فَتَعَالَىٰ عَمَّا يُشْرِكُونَ",
            "93": "قُلْ رَبِّ إِمَّا تُرِيَنِّي مَا يُوعَدُونَ",
            "94": "رَبِّ فَلَا تَجْعَلْنِي فِي الْقَوْمِ الظَّالِمِينَ",
            "95": "وَإِنَّا عَلَىٰ أَنْ نُرِيَكَ مَا نَعِدُهُمْ لَقَادِرُونَ",
            "96": "ادْفَعْ بِالَّتِي هِيَ أَحْسَنُ السَّيِّئَةَ ۚ نَحْنُ أَعْلَمُ بِمَا يَصِفُونَ",
            "97": "وَقُلْ رَبِّ أَعُوذُ بِكَ مِنْ هَمَزَاتِ الشَّيَاطِينِ",
            "98": "وَأَعُوذُ بِكَ رَبِّ أَنْ يَحْضُرُونِ",
            "99": "حَتَّىٰ إِذَا جَاءَ أَحَدَهُمُ الْمَوْتُ قَالَ رَبِّ ارْجِعُونِ",
            "100": "لَعَلِّي أَعْمَلُ صَالِحًا فِيمَا تَرَكْتُ ۚ كَلَّا ۚ إِنَّهَا كَلِمَةٌ هُوَ قَائِلُهَا ۖ وَمِنْ وَرَائِهِمْ بَرْزَخٌ إِلَىٰ يَوْمِ يُبْعَثُونَ",
            "101": "فَإِذَا نُفِخَ فِي الصُّورِ فَلَا أَنْسَابَ بَيْنَهُمْ يَوْمَئِذٍ وَلَا يَتَسَاءَلُونَ",
            "102": "فَمَنْ ثَقُلَتْ مَوَازِينُهُ فَأُولَٰئِكَ هُمُ الْمُفْلِحُونَ",
            "103": "وَمَنْ خَفَّتْ مَوَازِينُهُ فَأُولَٰئِكَ الَّذِينَ خَسِرُوا أَنْفُسَهُمْ فِي جَهَنَّمَ خَالِدُونَ",
            "104": "تَلْفَحُ وُجُوهَهُمُ النَّارُ وَهُمْ فِيهَا كَالِحُونَ",
            "105": "أَلَمْ تَكُنْ آيَاتِي تُتْلَىٰ عَلَيْكُمْ فَكُنْتُمْ بِهَا تُكَذِّبُونَ",
            "106": "قَالُوا رَبَّنَا غَلَبَتْ عَلَيْنَا شِقْوَتُنَا وَكُنَّا قَوْمًا ضَالِّينَ",
            "107": "رَبَّنَا أَخْرِجْنَا مِنْهَا فَإِنْ عُدْنَا فَإِنَّا ظَالِمُونَ",
            "108": "قَالَ اخْسَئُوا فِيهَا وَلَا تُكَلِّمُونِ",
            "109": "إِنَّهُ كَانَ فَرِيقٌ مِنْ عِبَادِي يَقُولُونَ رَبَّنَا آمَنَّا فَاغْفِرْ لَنَا وَارْحَمْنَا وَأَنْتَ خَيْرُ الرَّاحِمِينَ",
            "110": "فَاتَّخَذْتُمُوهُمْ سِخْرِيًّا حَتَّىٰ أَنْسَوْكُمْ ذِكْرِي وَكُنْتُمْ مِنْهُمْ تَضْحَكُونَ",
            "111": "إِنِّي جَزَيْتُهُمُ الْيَوْمَ بِمَا صَبَرُوا أَنَّهُمْ هُمُ الْفَائِزُونَ",
            "112": "قَالَ كَمْ لَبِثْتُمْ فِي الْأَرْضِ عَدَدَ سِنِينَ",
            "113": "قَالُوا لَبِثْنَا يَوْمًا أَوْ بَعْضَ يَوْمٍ فَاسْأَلِ الْعَادِّينَ",
            "114": "قَالَ إِنْ لَبِثْتُمْ إِلَّا قَلِيلًا ۖ لَوْ أَنَّكُمْ كُنْتُمْ تَعْلَمُونَ",
            "115": "أَفَحَسِبْتُمْ أَنَّمَا خَلَقْنَاكُمْ عَبَثًا وَأَنَّكُمْ إِلَيْنَا لَا تُرْجَعُونَ",
            "116": "فَتَعَالَى اللَّهُ الْمَلِكُ الْحَقُّ ۖ لَا إِلَٰهَ إِلَّا هُوَ رَبُّ الْعَرْشِ الْكَرِيمِ",
            "117": "وَمَنْ يَدْعُ مَعَ اللَّهِ إِلَٰهًا آخَرَ لَا بُرْهَانَ لَهُ بِهِ فَإِنَّمَا حِسَابُهُ عِنْدَ رَبِّهِ ۚ إِنَّهُ لَا يُفْلِحُ الْكَافِرُونَ",
            "118": "وَقُلْ رَبِّ اغْفِرْ وَارْحَمْ وَأَنْتَ خَيْرُ الرَّاحِمِينَ"
        },
        "farsi": {
            "1": "\nبه راستی مؤمنان [بر موانع راه سعادت] پیروز شدند ",
            "2": " هم آنان که در نمازشان [با حضور قلب و] فروتن اند ",
            "3": " و از [هر گفتار و کردار] بیهوده و بی فایده[ ای] رویگردانند ",
            "4": " و پرداخت کنندۀ زکاتند ",
            "5": " و نگهدارندۀ دامنشان [از آلودگی جنسی] اند ",
            "6": " مگر [در کام جویی] از همسران یا کنیزانشان که [در این زمینه] مورد سرزنش نیستند ",
            "7": " پس کسانی که [در کام جویی جنسی] راهی غیر از همسران یا کنیزان جویند حتماً [از حدود خدا] تجاوزگرند ",
            "8": " و [مؤمنان] امانت ها و پیمان های خود را رعایت می کنند ",
            "9": " و همواره بر [اوقات و شرایط ظاهری و باطنی] نمازهایشان مراقبت دارند ",
            "10": " آنان تنها وارثانند ",
            "11": " وارثانی که [از روی شایستگی] بهشتِ فردوس را به میراث می برند، و در آن جاودانه اند ",
            "12": " همانا ما انسان را از چکیده ای از گِل آفریدیم ",
            "13": " سپس آن را نطفه ای در قرارگاهی استوار قرار دادیم ",
            "14": " آن گاه نطفه را به صورت خونِ بسته، و خونِ بسته را به صورت پارۀ گوشتی درآوردیم، آن گاه از آن پارۀ گوشت استخوان هایی آفریدیم، پس بر استخوان ها گوشت پوشاندیم، سپس او را با آفرینشی دیگر پدید آوردیم، خجسته و پُرخیر است خداوند که نیکوترین آفرینندگان است ",
            "15": " سپس همۀ شما بعد از این می میرید ",
            "16": " آن گاه روز قیامت حتماً برانگیخته می شوید ",
            "17": " همانا بالای سرتان هفت آسمان آفریدیم، و ما از آفرینشْ بی خبر نبوده و نیستیم ",
            "18": "\n \nو از آسمان، آبی به اندازه فرستادیم، و آن را در زمین [در انبارهای ویژه ای] ساکن کردیم، و بی شک به از بین بردنِ آن تواناییم ",
            "19": " پس برای شما به وسیلۀ آن، باغ هایی از درختان خرما و انگور پدید آوردیم که در آن ها میوه های فراوانی برای [بهره وری اقتصادی] شماست، و [نیز] از آن ها می خورید",
            "20": " و [هم چنین به وسیلۀ باران] درختی را که از طور سینا بیرون می آید [پدید آوردیم] که برای خورندگان، روغن و نانِ خورش می رویاند ",
            "21": "همانا در چهارپایان درس [خداشناسی] برای شماست، از شیری که در شکم آن هاست به شما می نوشانیم و در آن ها برای شما سودهای فراوانی است، و از گوشتشان [نیز] می خورید ",
            "22": " و بر آن ها و بر کشتی ها حمل می شوید ",
            "23": "همانا نوح را به سوی قومش فرستادیم، گفت: ای قومِ من! خداوند را بپرستید که معبودی جز او برای شما نیست، آیا [از آیین شرک] نمی پرهیزید؟",
            "24": "سرانِ کفرپیشۀ قومش گفتند: این جز بشری مانند شما نیست که می خواهد بر شما برتری و سلطه جوید، اگر خدا می خواست [پیامبری بفرستد] قطعاً فرشتگانی را [به پیامبری] می فرستاد، ما این [سخنانی] را [که نوح می گوید] از پدران پیشین خود نشنیده ایم ",
            "25": " او جز مردی که نوعی دیوانگی در اوست نمی باشد؛ بنابراین تا مدتی نسبت به او منتظر بمانید [که از دیوانگی رهایی یابد، یا بمیرد!]",
            "26": " [نوح] گفت: پروردگارا! مرا در برابر انکار آنان یاری ده !",
            "27": " پس به او وحی کردیم که زیر نظر ما و با پیام ما کشتی بساز! چون فرمانِ ما [به هلاکت آنان] بیاید و [آبِ] آن تنور فوران کند از هرگونه ای [از حیوانات] یک جفت، و نیز خانواده ات را جز افرادی از آنان که حکم عذاب در موردشان قطعی شده در کشتی وارد کن! و دربارۀ کسانی که [به سبب شرک] ستم ورزیده اند با من سخن مگوی؛ زیرا همۀ آنان مسلماً غرق شدنی هستند ",
            "28": "\n \nچون تو و آنان که با تو هستند [در کشتی] سوار شدید بگو: همۀ ستایش ها ویژۀ خداست که ما را از این گروه ستمکار نجات داد ",
            "29": " و بگو: پروردگارا! مرا در جایگاهی پُرخیر فرود آر! که تو بهترین میزبانان هستی ",
            "30": " همانا در این [سرگذشت] نشانه هایی [از رحمت و انتقام خداوند برای عبرت گیرندگان] است، و یقیناً ما آزمایش کنندۀ [بندگان] هستیم [تا پاکان از ناپاکان مشخص شوند] ",
            "31": " سپس بعد از آنان قومی دیگر را به وجود آوردیم ",
            "32": " و پیامبری از خودشان در بین آنان فرستادیم که [بگوید:] خداوند را بپرستید، برای شما جز او معبودی نیست، آیا [از آیین شرک] نمی پرهیزید؟",
            "33": "سرانِ کفرپیشۀ قومش که لقای آخرت را انکار می کردند، درحالی که آنان را در زندگی دنیا [از وسایل و ابزار مادّی فراوانی] برخوردار کرده بودیم گفتند: این جز بشری مانند شما نیست؛ زیرا از آنچه شما می خورید می خورد و از آنچه شما می آشامید می آشامد ",
            "34": " بی تردید اگر از بشری مانند خود اطاعت کنید حتماً زیانکار خواهید بود ",
            "35": " آیا به شما وعده می دهد که وقتی از دنیا رفتید و خاک و استخوان [پوسیده] شدید [از گور زنده] بیرونتان می آورند؟",
            "36": " [از عقل] دور است، و بسیار دور است آنچه را به شما وعده می دهند !",
            "37": " زندگی فقط زندگی دنیایی [و مادی] ماست، [همواره گروهی] می میریم و [گروهی دیگر] به دنیا می آییم، و [پس از مرگ] برانگیخته نمی شویم ",
            "38": " او نیست مگر مردی که به خداوند دروغ بسته! و ما باور کنندۀ او نیستیم ",
            "39": "[آن پیامبر] گفت: پروردگارا! مرا در برابر انکار آنان یاری ده !",
            "40": " [خداوند] فرمود: البته پس از اندک زمانی به شدت پشیمان می شوند ",
            "41": " پس فریاد مرگبارِ [عذاب]، آنان را بر اساس حق فراگرفت، در نهایت چون خس و خاشاکشان قرار دادیم، پس دوری [از مغفرت و رحمت] بر ستمکاران باد !",
            "42": " سپس بعد از آنان اقوامی دیگر را به وجود آوردیم ",
            "43": "\n \nهیچ امتی از وقتِ انقراضِ خود نه پیش می افتد و نه پس می مانَد ",
            "44": " سپس رسولانمان را پی درپی فرستادیم، هر زمان برای امتی رسولش می آمد او را انکار می کردند، و ما این امت ها را به دنبال یکدیگر هلاک می کردیم، و آنان را [برای عبرت دیگران، موضوعِ] سرگذشت ها قرار دادیم، پس ملتی که ایمان نمی آورند [از مغفرت و رحمت خداوند] دور باد !",
            "45": " سپس موسی و برادرش هارون را با معجزات خود و دلیلی روشنگر فرستادیم ",
            "46": " به سوی فرعون و سران [متکبر] قومش، ولی تکبّر ورزیدند، و آنان قومی برتری جو و سلطه گر بودند ",
            "47": " و [متکبّرانه] گفتند: آیا به دو بشری که مانند خودمان هستند ایمان بیاوریم درحالی که قومِ آن دو، بردگان ما هستند؟!",
            "48": " نهایتاً هر دو را انکار کردند، و ازهلاک شدگان شدند ",
            "49": " البته به موسی کتاب عطا کردیم تا فرعونیان هدایت یابند ",
            "50": " و پسر مریم و مادرش را نشانۀ [قدرت و رحمت خود] قرار دادیم، و آن دو را در سرزمینی بلند که [دارای] جایگاهی برای استقرار، و آبی روان بود جای دادیم ",
            "51": " ای پیامبران! از خوردنی های دلپذیر بخورید، و کار شایسته انجام دهید، یقیناً من به آنچه انجام می دهید دانایم ",
            "52": " بی تردید این دین و راه و روش شما [که از سوی خداست] دین و راه و روشی واحد و یگانه است، و من پروردگار شمایم؛ بنابراین از من [اطاعت کرده، از محرّماتم] بپرهیزید",
            "53": "ولی آنان در دینشان گروه گروه شدند، [و هریک تابع آیینی ضد توحید و ساختگی شدند، درحالی که] هر گروهی به دین [خودساختۀ] خویش [مغرورانه] شادمانند !",
            "54": "پس آنان را در گرداب [طغیان]شان تا زمانی [که مرگشان فرارسد] واگذار !",
            "55": " آیا گمان می کنند فراوانی [امکاناتی] که به وسیلۀ مال و اولاد به آنان می دهیم ",
            "56": " [در حقیقت] می خواهیم در [عطاکردنِ] خیرات به آنان شتاب کنیم؟ [چه ارزیابی اشتباهی! چنین نیست که می پندارند،] بلکه نمی فهمند [که ما می خواهیم آنان را با این امکاناتِ فریبنده به تدریج به سوی عذاب سوق دهیم] ",
            "57": "به راستی آنان که از بیم [عذابِ] پروردگارشان هراسان و نگرانند ",
            "58": " و به آیات پروردگارشان ایمان دارند ",
            "59": " و شریکی برای پروردگارشان نمی گیرند ",
            "60": "\n \nو آنچه [از زکات و نفقات] می پردازند، در حالی می پردازند که دل هایشان از این که به سوی پروردگارشان [برای محاسبۀ دقیق] بازمی گردند هراسان است ",
            "61": " اینانند که به سوی کارهای خیر می شتابند، و در [انجام دادنِ] آن [از دیگران] پیشی می گیرند ",
            "62": " هیچ کس را جز به اندازۀ گنجایشش تکلیف نمی کنیم، و نزد ما کتابی است که [دربارۀ همۀ احوال و اعمال بندگان] به درستی سخن می گوید، و آنان [در پاداش و کیفر] مورد ستم قرار نمی گیرند ",
            "63": "بلکه دل های کافران از این [حقایق و کارهای خیر] در بی خبری عمیقی است، و برای آنان غیر از این [بی خبری]، اعمالی [زشت و ناپسند] است که همواره آن ها را انجام می دهند ",
            "64": " تا زمانی که خوش گذران غرق در ناز و نعمتشان را گرفتار عذاب کنیم، و بی درنگ ناله سر دهند [و به آوای بلند درخواست یاری کنند ]",
            "65": " [به آنان گفته شود:] امروز ناله و فریاد نزنید؛ زیرا از سوی ما یاری نخواهید شد ",
            "66": " همانا آیات مرا بر شما می خواندند و شما [برای نشنیدنش] به شدت عقب گرد می کردید ",
            "67": " [نه تنها عقب گرد می کردید بلکه] نسبت به آن تکبّر داشتید، و [در بزم] شبانۀ [خود درباره اش] بدگویی داشتید ",
            "68": " آیا در این سخن [که وحی خداست] دقت نکردند، یا مگر [اول بار است که] کتابی برای آنان آمده که برای پدران پیشینِ آنان نیامده بود؟",
            "69": " یا مگر پیامبرشان را [از لحاظ حَسَب، نَسَب، درستی، اخلاص و کرامت] نشناخته اند که او را انکار می کنند؟",
            "70": " آیا می گویند نوعی جنون در اوست. [چنین نیست که این باطل گرایان می گویند،] بلکه او حق را برای آنان آورده است، و بیشترشان حق را خوش ندارند ",
            "71": " اگر حق از خواسته های [نامشروع] آنان پیروی می کرد مسلّماً آسمان ها و زمین و هرکه در آن هاست از هم می پاشید، [اینان باید دقت کنند که کتابی که شرف و سربلندی آنان است عطایشان کرده ایم، ولی آنان از مایۀ شرف و سربلندی خود رویگردانند ",
            "72": " یا مگر [در عوضِ رسالتت] از آنان مُزدی می خواهی [که پذیرفتن دعوتت برای آنان سخت است]؟ البته مُزد پروردگارت بهتر [از هرچیزی] است، و او بهترین عطاکنندگان است ",
            "73": " بدون شک تو آنان را به راهی مستقیم دعوت می کنی ",
            "74": " و هرآینه کسانی که به آخرت ایمان ندارند از این راه منحرف اند ",
            "75": "\n \nاگر به آنان مهربانی کنیم و آسیبی را که دچارش هستند برطرف سازیم باز هم درحالی که سرگردانند در طغیانشان پافشاری می کنند ",
            "76": " البته ما آنان را به بلاها [و مشکلات] دچار کردیم، ولی نه برای پروردگارشان فروتنی کردند، و نه [به پیشگاهش] زاری آوردند ",
            "77": " تا زمانی که دری از عذابِ سخت به روی آنان بگشاییم ناگهان در آن حال [از همه چیز] ناامید می شوند ",
            "78": " اوست که برای شما گوش و دیده و دل پدید آورد، ولی اندکی سپاس گزارند ",
            "79": " اوست که شما را در زمین آفرید، و [نهایتاً] به سوی او محشور می شوید ",
            "80": " اوست که حیات می دهد و می میراند، و رفت وآمدِ شب و روز به خواست اوست، آیا اندیشه نمی کنید [که نظام جهان دلیلی است برای شناختِ او] ؟",
            "81": " [نه این که اندیشه نمی کنند،] بلکه همان سخنان [نادرست] را [دربارۀ خداوند و قیامت و نبوت] گفتند که پیشینیان می گفتند ",
            "82": " گفتند: آیا زمانی که بمیریم و خاک و استخوان [پوسیده] شویم حتماً برانگیخته خواهیم شد؟",
            "83": " همانا این [برانگیخته شدن] را پیش از این به ما و پدرانمان وعده دادند [اما] این وعده جز افسانۀ خرافی پیشینیان نیست!",
            "84": " بگو: اگر دانایی [و معرفت] دارید بگویید زمین و هرکه در آن است از کیست؟",
            "85": " خواهند گفت: از خداست. بگو: پس چرا هشیار نمی شوید؟",
            "86": " بگو: مالک آسمان های هفت گانه و پروردگارِ عرشِ بزرگ کیست؟",
            "87": " خواهند گفت: [آن ها هم] در سیطرۀ مالکیت خداوند است. بگو: پس چرا [از پرستشِ غیر او] پرهیز نمی کنید؟",
            "88": " بگو: اگر دانایی [و معرفت] دارید کیست که حاکمیت و فرمانروایی مطلقِ هرچیزی در سیطرۀ ارادۀ اوست، و اوست که امان می دهد، و برخلاف خواستۀ او به کسی امان داده نمی شود؟",
            "89": " خواهند گفت: [این ویژگی ها فقط] برای خداست. بگو: پس چگونه [بازیچۀ نیرنگ و] افسونتان می کنند ؟",
            "90": "\n \n[این نیست که می گویند،] بلکه ما برای آنان حق را آوردیم، و بی تردید آنان دروغگویند ",
            "91": " خداوند هیچ فرزندی برای خود انتخاب نکرده است، و هیچ معبودی با او نیست، [اگر بود] در آن صورت هر معبودی [برای آن که به تنهایی امور را تدبیر کند] آفریده های خود را با خود می بُرد [و از تصرفِ دیگرمعبودان خارج می کرد]، و [در زمینۀ تدبیر امور] بر یکدیگر برتری می جستند، خداوند از همۀ اوصافی که [مشرکان او را به آن] می ستایند منزه و پاک است",
            "92": " [خداوند،] دانای نهان و آشکار است؛ و از آنچه [برایش به عنوان] شریک می گیرند برتر است ",
            "93": " بگو: پروردگارم! یا آن عذابی را که به آنان وعده داده شده به من می نمایانی [یا نه، اگر بنمایانی]",
            "94": " پس پروردگارا! مرا [به هنگام فرودآمدنِ عذاب] در میان گروه ستمکاران قرار مده !",
            "95": "البته ما توانایی آن را داریم که عذابی را که به آنان وعده می دهیم به تو نشان دهیم،",
            "96": " بدی را با بهترین شیوه دفع کن! ما به آنچه [مشرکان ما را و تو را به ناحق] وصف می کنند داناتریم ",
            "97": " بگو: پروردگارا! من از وسوسه های شیاطین به تو پناه می آورم ",
            "98": " و پروردگارا! به تو پناه می آورم از این که [شیاطین] نزد من حاضر شوند ",
            "99": "[کافران از دشمنی با حق بازنمی ایستند] تا وقتی که یکی از آنان را مرگ دررسد، [در آن لحظه] می گوید: پروردگارا! مرا [به دنیا] بازگردان ",
            "100": " امید است در [برابر] آنچه [از فرصت و مال و امکانات] از دست داده ام کاری شایسته انجام دهم. [به او می گویند:] چنین نیست [که می گویی]. بدون تردید این سخنی [بی فایده] است که او گویندۀ آن است، و پیشِ رویشان برزخی است تا روزی که برانگیخته می شوند ",
            "101": " چون در صور دمیده شود، در آن روزِ [هول انگیز] نه بینشان خویشاوندی وجود خواهد داشت، و نه از [اوضاع و احوال] یکدیگر می پرسند ",
            "102": " پس کسانی که اعمالِ وزن شدۀ آنان سنگین [و باارزش] باشد فقط اینانند که [بر موانع راه رسیدن به بهشت] پیروزند ",
            "103": " و آنان که اعمال وزن شدۀ آنان سبُک [و بی ارزش] باشد قومی هستند که [سرمایه های وجودی] خود را تباه کرده، و در دوزخ جاودانه اند ",
            "104": " [همواره] آتش صورت هایشان را می سوزاند، و در آن جا زشت رویانی بدمنظرند ",
            "105": "\n \n[خداوند به آنان می گوید:] آیا مگر آیات من بر شما خوانده نمی شد، و شما همواره آن ها را انکار می کردید ؟",
            "106": " می گویند: پروردگارا! بدبختی بر ما چیره شد، و ما گروهی گمراه بودیم ",
            "107": " پروردگارا! ما را از دوزخ بیرون آر! اگر [به گمراهی و زشتی] بازگشتیم بی تردید ستمکار خواهیم بود ",
            "108": " [خداوند] پاسخ می دهد: [ای سگان!] در دوزخ گم شوید، و با من سخن مگویید ",
            "109": " [به یاد دارید که] گروهی از بندگانم [در دنیا] می گفتند: پروردگارا! ما ایمان آوردیم پس ما را بیامرز! و بر ما رحمت آور که تو بهترین رحم کنندگانی ",
            "110": " ولی شما آنان را به مسخره گرفتید، تا [دل مشغولی شما به مسخرۀ آنان] یاد مرا از خاطرتان بُرد، و شما همواره [از روی تحقیر] به آنان می خندیدید ",
            "111": " من امروز آنان را در برابر صبری که [در برابر شما] کردند پاداش دادم، و اکنون فقط اینانند که به طور یقین [به مقصد و مراد خویش] رسیدند ",
            "112": " [خداوند به دوزخیان] می گوید: به شمار سال ها چه مدت در زمین به سر بردید؟",
            "113": " می گویند: [در مقایسه با این حیاتِ آخرتی] یک روز یا بخشی از یک روز به سر بردیم، [به طور دقیق نمی دانیم] از شماره گران [پیشگاه خود] بپرس ",
            "114": " [خدا] می گوید: اگر معرفت می داشتید [می فهمیدید که] جز اندکی به سر نبرده اید ",
            "115": " [ای منکران حقایق!] آیا پنداشته اید که شما را بیهوده آفریدیم، و این که به سوی ما بازتان نمی گردانند؟",
            "116": " پس خداوند آن فرمانروای به حق، برتر و بالاتراست [از این که بیهوده کار باشد]، هیچ معبودی جز او نیست، پروردگارِ عرشِ با ارزش است ",
            "117": " کسی که با خداوند معبود دیگری را [برای رفع نیازها و حل مشکلاتش] بخواند که هیچ دلیلی بر [حقانیت] آن ندارد، حساب او فقط نزد پروردگارش است، بی شک کافران [در هیچ میدانی و بر هیچ چیزی] پیروز نمی شوند ",
            "118": " بگو: پروردگارا! [مرا] بیامرز! و [به من] مهربانی کن که تو بهترین مهربانانی "
        }
    }
}