{
    "2": {
        "number": 2,
        "title": "سورة النور",
        "bab": 1,
        "delay": 0,
        "arabic": {
            "1": "سُورَةٌ أَنْزَلْنَاهَا وَفَرَضْنَاهَا وَأَنْزَلْنَا فِيهَا آيَاتٍ بَيِّنَاتٍ لَعَلَّكُمْ تَذَكَّرُونَ",
            "2": "الزَّانِيَةُ وَالزَّانِي فَاجْلِدُوا كُلَّ وَاحِدٍ مِنْهُمَا مِائَةَ جَلْدَةٍ ۖ وَلَا تَأْخُذْكُمْ بِهِمَا رَأْفَةٌ فِي دِينِ اللَّهِ إِنْ كُنْتُمْ تُؤْمِنُونَ بِاللَّهِ وَالْيَوْمِ الْآخِرِ ۖ وَلْيَشْهَدْ عَذَابَهُمَا طَائِفَةٌ مِنَ الْمُؤْمِنِينَ",
            "3": "الزَّانِي لَا يَنْكِحُ إِلَّا زَانِيَةً أَوْ مُشْرِكَةً وَالزَّانِيَةُ لَا يَنْكِحُهَا إِلَّا زَانٍ أَوْ مُشْرِكٌ ۚ وَحُرِّمَ ذَٰلِكَ عَلَى الْمُؤْمِنِينَ",
            "4": "وَالَّذِينَ يَرْمُونَ الْمُحْصَنَاتِ ثُمَّ لَمْ يَأْتُوا بِأَرْبَعَةِ شُهَدَاءَ فَاجْلِدُوهُمْ ثَمَانِينَ جَلْدَةً وَلَا تَقْبَلُوا لَهُمْ شَهَادَةً أَبَدًا ۚ وَأُولَٰئِكَ هُمُ الْفَاسِقُونَ",
            "5": "إِلَّا الَّذِينَ تَابُوا مِنْ بَعْدِ ذَٰلِكَ وَأَصْلَحُوا فَإِنَّ اللَّهَ غَفُورٌ رَحِيمٌ",
            "6": "وَالَّذِينَ يَرْمُونَ أَزْوَاجَهُمْ وَلَمْ يَكُنْ لَهُمْ شُهَدَاءُ إِلَّا أَنْفُسُهُمْ فَشَهَادَةُ أَحَدِهِمْ أَرْبَعُ شَهَادَاتٍ بِاللَّهِ ۙ إِنَّهُ لَمِنَ الصَّادِقِينَ",
            "7": "وَالْخَامِسَةُ أَنَّ لَعْنَتَ اللَّهِ عَلَيْهِ إِنْ كَانَ مِنَ الْكَاذِبِينَ",
            "8": "وَيَدْرَأُ عَنْهَا الْعَذَابَ أَنْ تَشْهَدَ أَرْبَعَ شَهَادَاتٍ بِاللَّهِ ۙ إِنَّهُ لَمِنَ الْكَاذِبِينَ",
            "9": "وَالْخَامِسَةَ أَنَّ غَضَبَ اللَّهِ عَلَيْهَا إِنْ كَانَ مِنَ الصَّادِقِينَ",
            "10": "وَلَوْلَا فَضْلُ اللَّهِ عَلَيْكُمْ وَرَحْمَتُهُ وَأَنَّ اللَّهَ تَوَّابٌ حَكِيمٌ",
            "11": "إِنَّ الَّذِينَ جَاءُوا بِالْإِفْكِ عُصْبَةٌ مِنْكُمْ ۚ لَا تَحْسَبُوهُ شَرًّا لَكُمْ ۖ بَلْ هُوَ خَيْرٌ لَكُمْ ۚ لِكُلِّ امْرِئٍ مِنْهُمْ مَا اكْتَسَبَ مِنَ الْإِثْمِ ۚ وَالَّذِي تَوَلَّىٰ كِبْرَهُ مِنْهُمْ لَهُ عَذَابٌ عَظِيمٌ",
            "12": "لَوْلَا إِذْ سَمِعْتُمُوهُ ظَنَّ الْمُؤْمِنُونَ وَالْمُؤْمِنَاتُ بِأَنْفُسِهِمْ خَيْرًا وَقَالُوا هَٰذَا إِفْكٌ مُبِينٌ",
            "13": "لَوْلَا جَاءُوا عَلَيْهِ بِأَرْبَعَةِ شُهَدَاءَ ۚ فَإِذْ لَمْ يَأْتُوا بِالشُّهَدَاءِ فَأُولَٰئِكَ عِنْدَ اللَّهِ هُمُ الْكَاذِبُونَ",
            "14": "وَلَوْلَا فَضْلُ اللَّهِ عَلَيْكُمْ وَرَحْمَتُهُ فِي الدُّنْيَا وَالْآخِرَةِ لَمَسَّكُمْ فِي مَا أَفَضْتُمْ فِيهِ عَذَابٌ عَظِيمٌ",
            "15": "إِذْ تَلَقَّوْنَهُ بِأَلْسِنَتِكُمْ وَتَقُولُونَ بِأَفْوَاهِكُمْ مَا لَيْسَ لَكُمْ بِهِ عِلْمٌ وَتَحْسَبُونَهُ هَيِّنًا وَهُوَ عِنْدَ اللَّهِ عَظِيمٌ",
            "16": "وَلَوْلَا إِذْ سَمِعْتُمُوهُ قُلْتُمْ مَا يَكُونُ لَنَا أَنْ نَتَكَلَّمَ بِهَٰذَا سُبْحَانَكَ هَٰذَا بُهْتَانٌ عَظِيمٌ",
            "17": "يَعِظُكُمُ اللَّهُ أَنْ تَعُودُوا لِمِثْلِهِ أَبَدًا إِنْ كُنْتُمْ مُؤْمِنِينَ",
            "18": "وَيُبَيِّنُ اللَّهُ لَكُمُ الْآيَاتِ ۚ وَاللَّهُ عَلِيمٌ حَكِيمٌ",
            "19": "إِنَّ الَّذِينَ يُحِبُّونَ أَنْ تَشِيعَ الْفَاحِشَةُ فِي الَّذِينَ آمَنُوا لَهُمْ عَذَابٌ أَلِيمٌ فِي الدُّنْيَا وَالْآخِرَةِ ۚ وَاللَّهُ يَعْلَمُ وَأَنْتُمْ لَا تَعْلَمُونَ",
            "20": "وَلَوْلَا فَضْلُ اللَّهِ عَلَيْكُمْ وَرَحْمَتُهُ وَأَنَّ اللَّهَ رَءُوفٌ رَحِيمٌ",
            "21": "يَا أَيُّهَا الَّذِينَ آمَنُوا لَا تَتَّبِعُوا خُطُوَاتِ الشَّيْطَانِ ۚ وَمَنْ يَتَّبِعْ خُطُوَاتِ الشَّيْطَانِ فَإِنَّهُ يَأْمُرُ بِالْفَحْشَاءِ وَالْمُنْكَرِ ۚ وَلَوْلَا فَضْلُ اللَّهِ عَلَيْكُمْ وَرَحْمَتُهُ مَا زَكَىٰ مِنْكُمْ مِنْ أَحَدٍ أَبَدًا وَلَٰكِنَّ اللَّهَ يُزَكِّي مَنْ يَشَاءُ ۗ وَاللَّهُ سَمِيعٌ عَلِيمٌ",
            "22": "وَلَا يَأْتَلِ أُولُو الْفَضْلِ مِنْكُمْ وَالسَّعَةِ أَنْ يُؤْتُوا أُولِي الْقُرْبَىٰ وَالْمَسَاكِينَ وَالْمُهَاجِرِينَ فِي سَبِيلِ اللَّهِ ۖ وَلْيَعْفُوا وَلْيَصْفَحُوا ۗ أَلَا تُحِبُّونَ أَنْ يَغْفِرَ اللَّهُ لَكُمْ ۗ وَاللَّهُ غَفُورٌ رَحِيمٌ",
            "23": "إِنَّ الَّذِينَ يَرْمُونَ الْمُحْصَنَاتِ الْغَافِلَاتِ الْمُؤْمِنَاتِ لُعِنُوا فِي الدُّنْيَا وَالْآخِرَةِ وَلَهُمْ عَذَابٌ عَظِيمٌ",
            "24": "يَوْمَ تَشْهَدُ عَلَيْهِمْ أَلْسِنَتُهُمْ وَأَيْدِيهِمْ وَأَرْجُلُهُمْ بِمَا كَانُوا يَعْمَلُونَ",
            "25": "يَوْمَئِذٍ يُوَفِّيهِمُ اللَّهُ دِينَهُمُ الْحَقَّ وَيَعْلَمُونَ أَنَّ اللَّهَ هُوَ الْحَقُّ الْمُبِينُ",
            "26": "الْخَبِيثَاتُ لِلْخَبِيثِينَ وَالْخَبِيثُونَ لِلْخَبِيثَاتِ ۖ وَالطَّيِّبَاتُ لِلطَّيِّبِينَ وَالطَّيِّبُونَ لِلطَّيِّبَاتِ ۚ أُولَٰئِكَ مُبَرَّءُونَ مِمَّا يَقُولُونَ ۖ لَهُمْ مَغْفِرَةٌ وَرِزْقٌ كَرِيمٌ",
            "27": "يَا أَيُّهَا الَّذِينَ آمَنُوا لَا تَدْخُلُوا بُيُوتًا غَيْرَ بُيُوتِكُمْ حَتَّىٰ تَسْتَأْنِسُوا وَتُسَلِّمُوا عَلَىٰ أَهْلِهَا ۚ ذَٰلِكُمْ خَيْرٌ لَكُمْ لَعَلَّكُمْ تَذَكَّرُونَ",
            "28": "فَإِنْ لَمْ تَجِدُوا فِيهَا أَحَدًا فَلَا تَدْخُلُوهَا حَتَّىٰ يُؤْذَنَ لَكُمْ ۖ وَإِنْ قِيلَ لَكُمُ ارْجِعُوا فَارْجِعُوا ۖ هُوَ أَزْكَىٰ لَكُمْ ۚ وَاللَّهُ بِمَا تَعْمَلُونَ عَلِيمٌ",
            "29": "لَيْسَ عَلَيْكُمْ جُنَاحٌ أَنْ تَدْخُلُوا بُيُوتًا غَيْرَ مَسْكُونَةٍ فِيهَا مَتَاعٌ لَكُمْ ۚ وَاللَّهُ يَعْلَمُ مَا تُبْدُونَ وَمَا تَكْتُمُونَ",
            "30": "قُلْ لِلْمُؤْمِنِينَ يَغُضُّوا مِنْ أَبْصَارِهِمْ وَيَحْفَظُوا فُرُوجَهُمْ ۚ ذَٰلِكَ أَزْكَىٰ لَهُمْ ۗ إِنَّ اللَّهَ خَبِيرٌ بِمَا يَصْنَعُونَ",
            "31": "وَقُلْ لِلْمُؤْمِنَاتِ يَغْضُضْنَ مِنْ أَبْصَارِهِنَّ وَيَحْفَظْنَ فُرُوجَهُنَّ وَلَا يُبْدِينَ زِينَتَهُنَّ إِلَّا مَا ظَهَرَ مِنْهَا ۖ وَلْيَضْرِبْنَ بِخُمُرِهِنَّ عَلَىٰ جُيُوبِهِنَّ ۖ وَلَا يُبْدِينَ زِينَتَهُنَّ إِلَّا لِبُعُولَتِهِنَّ أَوْ آبَائِهِنَّ أَوْ آبَاءِ بُعُولَتِهِنَّ أَوْ أَبْنَائِهِنَّ أَوْ أَبْنَاءِ بُعُولَتِهِنَّ أَوْ إِخْوَانِهِنَّ أَوْ بَنِي إِخْوَانِهِنَّ أَوْ بَنِي أَخَوَاتِهِنَّ أَوْ نِسَائِهِنَّ أَوْ مَا مَلَكَتْ أَيْمَانُهُنَّ أَوِ التَّابِعِينَ غَيْرِ أُولِي الْإِرْبَةِ مِنَ الرِّجَالِ أَوِ الطِّفْلِ الَّذِينَ لَمْ يَظْهَرُوا عَلَىٰ عَوْرَاتِ النِّسَاءِ ۖ وَلَا يَضْرِبْنَ بِأَرْجُلِهِنَّ لِيُعْلَمَ مَا يُخْفِينَ مِنْ زِينَتِهِنَّ ۚ وَتُوبُوا إِلَى اللَّهِ جَمِيعًا أَيُّهَ الْمُؤْمِنُونَ لَعَلَّكُمْ تُفْلِحُونَ",
            "32": "وَأَنْكِحُوا الْأَيَامَىٰ مِنْكُمْ وَالصَّالِحِينَ مِنْ عِبَادِكُمْ وَإِمَائِكُمْ ۚ إِنْ يَكُونُوا فُقَرَاءَ يُغْنِهِمُ اللَّهُ مِنْ فَضْلِهِ ۗ وَاللَّهُ وَاسِعٌ عَلِيمٌ",
            "33": "وَلْيَسْتَعْفِفِ الَّذِينَ لَا يَجِدُونَ نِكَاحًا حَتَّىٰ يُغْنِيَهُمُ اللَّهُ مِنْ فَضْلِهِ ۗ وَالَّذِينَ يَبْتَغُونَ الْكِتَابَ مِمَّا مَلَكَتْ أَيْمَانُكُمْ فَكَاتِبُوهُمْ إِنْ عَلِمْتُمْ فِيهِمْ خَيْرًا ۖ وَآتُوهُمْ مِنْ مَالِ اللَّهِ الَّذِي آتَاكُمْ ۚ وَلَا تُكْرِهُوا فَتَيَاتِكُمْ عَلَى الْبِغَاءِ إِنْ أَرَدْنَ تَحَصُّنًا لِتَبْتَغُوا عَرَضَ الْحَيَاةِ الدُّنْيَا ۚ وَمَنْ يُكْرِهْهُنَّ فَإِنَّ اللَّهَ مِنْ بَعْدِ إِكْرَاهِهِنَّ غَفُورٌ رَحِيمٌ",
            "34": "وَلَقَدْ أَنْزَلْنَا إِلَيْكُمْ آيَاتٍ مُبَيِّنَاتٍ وَمَثَلًا مِنَ الَّذِينَ خَلَوْا مِنْ قَبْلِكُمْ وَمَوْعِظَةً لِلْمُتَّقِينَ",
            "35": "اللَّهُ نُورُ السَّمَاوَاتِ وَالْأَرْضِ ۚ مَثَلُ نُورِهِ كَمِشْكَاةٍ فِيهَا مِصْبَاحٌ ۖ الْمِصْبَاحُ فِي زُجَاجَةٍ ۖ الزُّجَاجَةُ كَأَنَّهَا كَوْكَبٌ دُرِّيٌّ يُوقَدُ مِنْ شَجَرَةٍ مُبَارَكَةٍ زَيْتُونَةٍ لَا شَرْقِيَّةٍ وَلَا غَرْبِيَّةٍ يَكَادُ زَيْتُهَا يُضِيءُ وَلَوْ لَمْ تَمْسَسْهُ نَارٌ ۚ نُورٌ عَلَىٰ نُورٍ ۗ يَهْدِي اللَّهُ لِنُورِهِ مَنْ يَشَاءُ ۚ وَيَضْرِبُ اللَّهُ الْأَمْثَالَ لِلنَّاسِ ۗ وَاللَّهُ بِكُلِّ شَيْءٍ عَلِيمٌ",
            "36": "فِي بُيُوتٍ أَذِنَ اللَّهُ أَنْ تُرْفَعَ وَيُذْكَرَ فِيهَا اسْمُهُ يُسَبِّحُ لَهُ فِيهَا بِالْغُدُوِّ وَالْآصَالِ",
            "37": "رِجَالٌ لَا تُلْهِيهِمْ تِجَارَةٌ وَلَا بَيْعٌ عَنْ ذِكْرِ اللَّهِ وَإِقَامِ الصَّلَاةِ وَإِيتَاءِ الزَّكَاةِ ۙ يَخَافُونَ يَوْمًا تَتَقَلَّبُ فِيهِ الْقُلُوبُ وَالْأَبْصَارُ",
            "38": "لِيَجْزِيَهُمُ اللَّهُ أَحْسَنَ مَا عَمِلُوا وَيَزِيدَهُمْ مِنْ فَضْلِهِ ۗ وَاللَّهُ يَرْزُقُ مَنْ يَشَاءُ بِغَيْرِ حِسَابٍ",
            "39": "وَالَّذِينَ كَفَرُوا أَعْمَالُهُمْ كَسَرَابٍ بِقِيعَةٍ يَحْسَبُهُ الظَّمْآنُ مَاءً حَتَّىٰ إِذَا جَاءَهُ لَمْ يَجِدْهُ شَيْئًا وَوَجَدَ اللَّهَ عِنْدَهُ فَوَفَّاهُ حِسَابَهُ ۗ وَاللَّهُ سَرِيعُ الْحِسَابِ",
            "40": "أَوْ كَظُلُمَاتٍ فِي بَحْرٍ لُجِّيٍّ يَغْشَاهُ مَوْجٌ مِنْ فَوْقِهِ مَوْجٌ مِنْ فَوْقِهِ سَحَابٌ ۚ ظُلُمَاتٌ بَعْضُهَا فَوْقَ بَعْضٍ إِذَا أَخْرَجَ يَدَهُ لَمْ يَكَدْ يَرَاهَا ۗ وَمَنْ لَمْ يَجْعَلِ اللَّهُ لَهُ نُورًا فَمَا لَهُ مِنْ نُورٍ",
            "41": "أَلَمْ تَرَ أَنَّ اللَّهَ يُسَبِّحُ لَهُ مَنْ فِي السَّمَاوَاتِ وَالْأَرْضِ وَالطَّيْرُ صَافَّاتٍ ۖ كُلٌّ قَدْ عَلِمَ صَلَاتَهُ وَتَسْبِيحَهُ ۗ وَاللَّهُ عَلِيمٌ بِمَا يَفْعَلُونَ",
            "42": "وَلِلَّهِ مُلْكُ السَّمَاوَاتِ وَالْأَرْضِ ۖ وَإِلَى اللَّهِ الْمَصِيرُ",
            "43": "أَلَمْ تَرَ أَنَّ اللَّهَ يُزْجِي سَحَابًا ثُمَّ يُؤَلِّفُ بَيْنَهُ ثُمَّ يَجْعَلُهُ رُكَامًا فَتَرَى الْوَدْقَ يَخْرُجُ مِنْ خِلَالِهِ وَيُنَزِّلُ مِنَ السَّمَاءِ مِنْ جِبَالٍ فِيهَا مِنْ بَرَدٍ فَيُصِيبُ بِهِ مَنْ يَشَاءُ وَيَصْرِفُهُ عَنْ مَنْ يَشَاءُ ۖ يَكَادُ سَنَا بَرْقِهِ يَذْهَبُ بِالْأَبْصَارِ",
            "44": "يُقَلِّبُ اللَّهُ اللَّيْلَ وَالنَّهَارَ ۚ إِنَّ فِي ذَٰلِكَ لَعِبْرَةً لِأُولِي الْأَبْصَارِ",
            "45": "وَاللَّهُ خَلَقَ كُلَّ دَابَّةٍ مِنْ مَاءٍ ۖ فَمِنْهُمْ مَنْ يَمْشِي عَلَىٰ بَطْنِهِ وَمِنْهُمْ مَنْ يَمْشِي عَلَىٰ رِجْلَيْنِ وَمِنْهُمْ مَنْ يَمْشِي عَلَىٰ أَرْبَعٍ ۚ يَخْلُقُ اللَّهُ مَا يَشَاءُ ۚ إِنَّ اللَّهَ عَلَىٰ كُلِّ شَيْءٍ قَدِيرٌ",
            "46": "لَقَدْ أَنْزَلْنَا آيَاتٍ مُبَيِّنَاتٍ ۚ وَاللَّهُ يَهْدِي مَنْ يَشَاءُ إِلَىٰ صِرَاطٍ مُسْتَقِيمٍ",
            "47": "وَيَقُولُونَ آمَنَّا بِاللَّهِ وَبِالرَّسُولِ وَأَطَعْنَا ثُمَّ يَتَوَلَّىٰ فَرِيقٌ مِنْهُمْ مِنْ بَعْدِ ذَٰلِكَ ۚ وَمَا أُولَٰئِكَ بِالْمُؤْمِنِينَ",
            "48": "وَإِذَا دُعُوا إِلَى اللَّهِ وَرَسُولِهِ لِيَحْكُمَ بَيْنَهُمْ إِذَا فَرِيقٌ مِنْهُمْ مُعْرِضُونَ",
            "49": "وَإِنْ يَكُنْ لَهُمُ الْحَقُّ يَأْتُوا إِلَيْهِ مُذْعِنِينَ",
            "50": "أَفِي قُلُوبِهِمْ مَرَضٌ أَمِ ارْتَابُوا أَمْ يَخَافُونَ أَنْ يَحِيفَ اللَّهُ عَلَيْهِمْ وَرَسُولُهُ ۚ بَلْ أُولَٰئِكَ هُمُ الظَّالِمُونَ",
            "51": "إِنَّمَا كَانَ قَوْلَ الْمُؤْمِنِينَ إِذَا دُعُوا إِلَى اللَّهِ وَرَسُولِهِ لِيَحْكُمَ بَيْنَهُمْ أَنْ يَقُولُوا سَمِعْنَا وَأَطَعْنَا ۚ وَأُولَٰئِكَ هُمُ الْمُفْلِحُونَ",
            "52": "وَمَنْ يُطِعِ اللَّهَ وَرَسُولَهُ وَيَخْشَ اللَّهَ وَيَتَّقْهِ فَأُولَٰئِكَ هُمُ الْفَائِزُونَ",
            "53": "وَأَقْسَمُوا بِاللَّهِ جَهْدَ أَيْمَانِهِمْ لَئِنْ أَمَرْتَهُمْ لَيَخْرُجُنَّ ۖ قُلْ لَا تُقْسِمُوا ۖ طَاعَةٌ مَعْرُوفَةٌ ۚ إِنَّ اللَّهَ خَبِيرٌ بِمَا تَعْمَلُونَ",
            "54": "قُلْ أَطِيعُوا اللَّهَ وَأَطِيعُوا الرَّسُولَ ۖ فَإِنْ تَوَلَّوْا فَإِنَّمَا عَلَيْهِ مَا حُمِّلَ وَعَلَيْكُمْ مَا حُمِّلْتُمْ ۖ وَإِنْ تُطِيعُوهُ تَهْتَدُوا ۚ وَمَا عَلَى الرَّسُولِ إِلَّا الْبَلَاغُ الْمُبِينُ",
            "55": "وَعَدَ اللَّهُ الَّذِينَ آمَنُوا مِنْكُمْ وَعَمِلُوا الصَّالِحَاتِ لَيَسْتَخْلِفَنَّهُمْ فِي الْأَرْضِ كَمَا اسْتَخْلَفَ الَّذِينَ مِنْ قَبْلِهِمْ وَلَيُمَكِّنَنَّ لَهُمْ دِينَهُمُ الَّذِي ارْتَضَىٰ لَهُمْ وَلَيُبَدِّلَنَّهُمْ مِنْ بَعْدِ خَوْفِهِمْ أَمْنًا ۚ يَعْبُدُونَنِي لَا يُشْرِكُونَ بِي شَيْئًا ۚ وَمَنْ كَفَرَ بَعْدَ ذَٰلِكَ فَأُولَٰئِكَ هُمُ الْفَاسِقُونَ",
            "56": "وَأَقِيمُوا الصَّلَاةَ وَآتُوا الزَّكَاةَ وَأَطِيعُوا الرَّسُولَ لَعَلَّكُمْ تُرْحَمُونَ",
            "57": "لَا تَحْسَبَنَّ الَّذِينَ كَفَرُوا مُعْجِزِينَ فِي الْأَرْضِ ۚ وَمَأْوَاهُمُ النَّارُ ۖ وَلَبِئْسَ الْمَصِيرُ",
            "58": "يَا أَيُّهَا الَّذِينَ آمَنُوا لِيَسْتَأْذِنْكُمُ الَّذِينَ مَلَكَتْ أَيْمَانُكُمْ وَالَّذِينَ لَمْ يَبْلُغُوا الْحُلُمَ مِنْكُمْ ثَلَاثَ مَرَّاتٍ ۚ مِنْ قَبْلِ صَلَاةِ الْفَجْرِ وَحِينَ تَضَعُونَ ثِيَابَكُمْ مِنَ الظَّهِيرَةِ وَمِنْ بَعْدِ صَلَاةِ الْعِشَاءِ ۚ ثَلَاثُ عَوْرَاتٍ لَكُمْ ۚ لَيْسَ عَلَيْكُمْ وَلَا عَلَيْهِمْ جُنَاحٌ بَعْدَهُنَّ ۚ طَوَّافُونَ عَلَيْكُمْ بَعْضُكُمْ عَلَىٰ بَعْضٍ ۚ كَذَٰلِكَ يُبَيِّنُ اللَّهُ لَكُمُ الْآيَاتِ ۗ وَاللَّهُ عَلِيمٌ حَكِيمٌ",
            "59": "وَإِذَا بَلَغَ الْأَطْفَالُ مِنْكُمُ الْحُلُمَ فَلْيَسْتَأْذِنُوا كَمَا اسْتَأْذَنَ الَّذِينَ مِنْ قَبْلِهِمْ ۚ كَذَٰلِكَ يُبَيِّنُ اللَّهُ لَكُمْ آيَاتِهِ ۗ وَاللَّهُ عَلِيمٌ حَكِيمٌ",
            "60": "وَالْقَوَاعِدُ مِنَ النِّسَاءِ اللَّاتِي لَا يَرْجُونَ نِكَاحًا فَلَيْسَ عَلَيْهِنَّ جُنَاحٌ أَنْ يَضَعْنَ ثِيَابَهُنَّ غَيْرَ مُتَبَرِّجَاتٍ بِزِينَةٍ ۖ وَأَنْ يَسْتَعْفِفْنَ خَيْرٌ لَهُنَّ ۗ وَاللَّهُ سَمِيعٌ عَلِيمٌ",
            "61": "لَيْسَ عَلَى الْأَعْمَىٰ حَرَجٌ وَلَا عَلَى الْأَعْرَجِ حَرَجٌ وَلَا عَلَى الْمَرِيضِ حَرَجٌ وَلَا عَلَىٰ أَنْفُسِكُمْ أَنْ تَأْكُلُوا مِنْ بُيُوتِكُمْ أَوْ بُيُوتِ آبَائِكُمْ أَوْ بُيُوتِ أُمَّهَاتِكُمْ أَوْ بُيُوتِ إِخْوَانِكُمْ أَوْ بُيُوتِ أَخَوَاتِكُمْ أَوْ بُيُوتِ أَعْمَامِكُمْ أَوْ بُيُوتِ عَمَّاتِكُمْ أَوْ بُيُوتِ أَخْوَالِكُمْ أَوْ بُيُوتِ خَالَاتِكُمْ أَوْ مَا مَلَكْتُمْ مَفَاتِحَهُ أَوْ صَدِيقِكُمْ ۚ لَيْسَ عَلَيْكُمْ جُنَاحٌ أَنْ تَأْكُلُوا جَمِيعًا أَوْ أَشْتَاتًا ۚ فَإِذَا دَخَلْتُمْ بُيُوتًا فَسَلِّمُوا عَلَىٰ أَنْفُسِكُمْ تَحِيَّةً مِنْ عِنْدِ اللَّهِ مُبَارَكَةً طَيِّبَةً ۚ كَذَٰلِكَ يُبَيِّنُ اللَّهُ لَكُمُ الْآيَاتِ لَعَلَّكُمْ تَعْقِلُونَ",
            "62": "إِنَّمَا الْمُؤْمِنُونَ الَّذِينَ آمَنُوا بِاللَّهِ وَرَسُولِهِ وَإِذَا كَانُوا مَعَهُ عَلَىٰ أَمْرٍ جَامِعٍ لَمْ يَذْهَبُوا حَتَّىٰ يَسْتَأْذِنُوهُ ۚ إِنَّ الَّذِينَ يَسْتَأْذِنُونَكَ أُولَٰئِكَ الَّذِينَ يُؤْمِنُونَ بِاللَّهِ وَرَسُولِهِ ۚ فَإِذَا اسْتَأْذَنُوكَ لِبَعْضِ شَأْنِهِمْ فَأْذَنْ لِمَنْ شِئْتَ مِنْهُمْ وَاسْتَغْفِرْ لَهُمُ اللَّهَ ۚ إِنَّ اللَّهَ غَفُورٌ رَحِيمٌ",
            "63": "لَا تَجْعَلُوا دُعَاءَ الرَّسُولِ بَيْنَكُمْ كَدُعَاءِ بَعْضِكُمْ بَعْضًا ۚ قَدْ يَعْلَمُ اللَّهُ الَّذِينَ يَتَسَلَّلُونَ مِنْكُمْ لِوَاذًا ۚ فَلْيَحْذَرِ الَّذِينَ يُخَالِفُونَ عَنْ أَمْرِهِ أَنْ تُصِيبَهُمْ فِتْنَةٌ أَوْ يُصِيبَهُمْ عَذَابٌ أَلِيمٌ",
            "64": "أَلَا إِنَّ لِلَّهِ مَا فِي السَّمَاوَاتِ وَالْأَرْضِ ۖ قَدْ يَعْلَمُ مَا أَنْتُمْ عَلَيْهِ وَيَوْمَ يُرْجَعُونَ إِلَيْهِ فَيُنَبِّئُهُمْ بِمَا عَمِلُوا ۗ وَاللَّهُ بِكُلِّ شَيْءٍ عَلِيمٌ"
        },
        "farsi": {
            "1": "\n[این] سوره ای است که آن را [از آسمانِ دانش خود] فرود آوردیم، و [یادگیری معارف و اجرای احکامِ] آن را واجب ساختیم، و در آن آیاتی روشن [و قابل فهم] نازل کردیم تا متذکرِ [حقایق] شوید ",
            "2": " هریک از زن و مرد زِناکار را صد تازیانه بزنید، و اگر به خداوند و روز قیامت مؤمن هستید نباید دلسوزی دربارۀ آن دو، شما را از [اجرای] قانونِ الهی بازدارد، و باید گروهی از مؤمنان شاهد مجازاتشان باشند ",
            "3": " مرد زِناکار نباید جز با زن زِناکار یا زن مشرک ازدواج کند، و زن زِناکار نباید جز با مرد زِناکار یا مرد مشرک عقد ازدواج ببندد، این [ازدواج] بر مؤمنان حرام شده است ",
            "4": "کسانی که زنان پاکدامن را متهم [به زِنا] می کنند، سپس [برای ادعای خود] چهار شاهد نمی آورند به آنان هشتاد تازیانه بزنید، و هرگز شهادتی را از آنان نپذیرید، اینان همان منحرفان نافرمانند ",
            "5": "به جز کسانی که بعد از این [کارِ زشت] بازگردند و [مفاسدشان را] اصلاح کنند، [دراین صورت بازگشتشان قبول است؛ زیرا] خداوند بسیار آمرزنده و مهربان است ",
            "6": " کسانی که همسران خود را [به زِنا] متهم می کنند و برای آنان شاهدانی جز خودشان نباشد، پس هرکدام [از آن شوهران] باید [برای اثبات ادعایش] چهار بار شهادت دهد که: سوگند به خدا مسلّماً [در این زمینه] از راست گویان است ",
            "7": " و [مرتبۀ] پنجم آنکه [بگوید:] لعنت خدا بر او باد اگر [در این اتهام بستن] دروغگو باشد ",
            "8": "و مجازات از آن زن [که مورد اتهام قرار گرفته] برداشته می شود درصورتی که چهار بار [بدین گونه] شهادت دهد که: به خداوند سوگند آن مرد دروغگوست ",
            "9": " و [مرتبۀ] پنجم آنکه [بگوید:] خشم خداوند بر او باد اگر آن مرد [در این اتهام بستن] از راست گویان باشد ",
            "10": " چنانچه احسان و مهرورزی خداوند بر شما نبود، و این که خداوند بسیار توبه پذیر و حکیم است، [به بلاها و کیفرهای سختی دچار می شدید ]",
            "11": "\n \nمسلّماً کسانی که آن تهمت بزرگ را [دربارۀ یکی از همسران] پیامبر به میان آوردند گروهی [همدست و همفکر] از [میان] خود شما بودند، آن را شرّی برای خود مپندارید، بلکه برای شما خیر است، برای هر مردی از آنان کیفری است به اندازۀ گناهی که مرتکب شده، و برای آن که بخش عمدۀ آن را بر عهده گرفته عذابی بزرگ است ",
            "12": " چرا مردان و زنان باایمان هنگامی که آن [تهمت بزرگ] را شنیدند [نسبت به آن شخص پاکدامن که چون خودِ آنان اهل ایمان بود،] در قلب و باطن خود نیک اندیشی نکردند و نگفتند: این تهمتی آشکار [از سوی منافقان] است؟",
            "13": " چرا بر آن [تهمت] چهار شاهد نیاوردند؟ پس چون شاهدان را نیاوردند مسلّماً خودِ آنان نزد خداوند محکوم به دروغ گویی اند ",
            "14": " اگر احسان و مهربانی خداوند در دنیا و آخرت بر شما نبود مسلّماً به سبب واردشدنتان در آن [تهمت بزرگ]، عذاب سختی به شما می رسید ",
            "15": " [در همان] زمانی که آن [تهمت] را زبان به زبان [از یکدیگر] می گرفتید و با دهان هایتان چیزی که هیچ علمی به آن نداشتید می گفتید، و آن را [کاری] سبُک و ناچیز می پنداشتید درحالی که نزد خداوند، [امری] بزرگ بود ",
            "16": " چرا وقتی آن را شنیدید نگفتید به هیچ وجه بر ما جایز نیست که به این [تهمتِ بزرگ] زبان بگشاییم، شگفتا این بُهتانی بزرگ است!",
            "17": "خداوند شما را چنانچه مؤمن هستید اندرز می دهد که هرگز مانند آن را [در حق کسی] تکرار نکنید ",
            "18": " خداوند آیاتی را [در این سوره که مشتمل بر احکام و قوانین است] برای شما بیان می کند، و خدا دانا و حکیم است ",
            "19": "همانا کسانی که دوست دارند کارهای بسیار زشت در بین اهل ایمان شایع شود عذاب دردناکی در دنیا و آخرت خواهند داشت، خداوند [آثار و عاقبت چنین اعمالِ ناپسندی را] می داند و شما نمی دانید ",
            "20": " چنانچه احسان و رحمت خداوند بر شما نبود و این که خداوند بسیار مهرورز و مهربان است، [به بلاها و کیفرهای سختی دچار می شدید] ",
            "21": "\n \nای مؤمنان! از گام های شیطان پیروی نکنید، هرکس از گام های شیطان پیروی کند [در دنیا و آخرت دچار خسارت می شود؛ زیرا] شیطان به گناه آشکار و کارهای ناپسند فرمان می دهد، و اگر احسان و مهربانی خداوند بر شما نبود هرگز اَحدی از شما [از هیچ گناهِ آشکار و پنهان] پاک نمی ماند [و به رشد و صلاح نمی رسید،] ولی خداوند هرکه را بخواهد [درصورتی که با شیطان مخالفت کند] پاک می کند و خداوند شنوا و داناست ",
            "22": " از شما کسانی که دارندۀ ثروت و گشایش [در زندگی] هستند، نباید سوگند یاد کنند که از انفاق [مال] به خویشان و تهیدستان و مهاجران در راه خداوند [به سبب لغزش های گذشتۀ آنان] دریغ ورزند، باید [به عنوان وظیفۀ الهی، لغزش های همۀ آنان را] عفو کرده، و گذشت کریمانه نمایند، آیا دوست ندارید خداوند شما را بیامرزد؟ [پس عفوو گذشت را انتخاب کنید] خداوند بسیار آمرزنده و مهربان است ",
            "23": "همانا کسانی که زنان پاکدامنِ باایمان را که [در خود هیچ نوع آلودگی] احساس نمی کنند متهم [به زِنا] کنند لعنت شده در دنیا و آخرت اند و برای آنان عذابی بزرگ است ",
            "24": " [عذاب بزرگ در] روزی که زبان ها و دست ها و پاهایشان بر ضد آنان به گناهانی که همواره مرتکب می شدند گواهی می دهند ",
            "25": " در آن روز خداوند کیفری که براساس حق [و به دور از هر ستمی] است به طورکامل به آنان می دهد، و خواهند دانست که خداوند همان حقِ آشکار است ",
            "26": " زنان پلید برای مردان پلید، و مردان پلید برای زنان پلیدند، و زنان پاک ویژۀ مردان بی گناه، و مردان پاک مخصوص زنان پاکند، پاکان از سخنان ناروایی که تهمت زنندگان دربارۀ آنان می گویند [بی گناه و] برکنارند، برای آنان آمرزش و رزق با ارزشی است",
            "27": " ای مؤمنان! به خانه هایی که خانه های شما نیست جز با [اجازه و] آشنایی دادن وارد نشوید، و [هنگام ورود] بر اهل آن خانه ها سلام کنید، [رعایت] این [امورِ اخلاقی] برای شما بهتر است تا همواره [در موردآداب اسلامی و انسانی] هشیار باشید ",
            "28": "\n \nچنانچه کسی را در آن خانه ها نیافتید وارد آن ها نشوید مگر این که به شما اجازه دهند، و اگر به شما بگویند: بازگردید! [لازم است] بازگردید که این [بازگشتن] برای شما [کاری] پاکیزه تر است، خداوند به آنچه انجام می دهید داناست ",
            "29": " بر شما گناهی نیست که به خانه های غیر مسکونی که در آن ها متاع [و سودی] دارید وارد شوید، خداوند آنچه را آشکارا انجام می دهید و آنچه را پنهان می دارید می داند ",
            "30": " به مردان مؤمن بگو دیده [از نگاه به نامحرمان] فرونهند، و غریزه جنسی خود را پاک نگهدارند، این برای آنان پاکیزه تر است، مسلّماً خداوند به آنچه انجام می دهند آگاه است ",
            "31": "و به زنان باایمان بگو دیده [از نگاه به نامحرمان] فرونهند، و غریزه جنسی خود را پاک نگهدارند، و زینت های خود را [چون لباس های قابل توجهِ نامحرمان، وگردن بند و دست بند که زیر چادر و تن پوش هاست] آشکار نکنند، مگر آنچه [به طور متعارف] آشکار است [مانند: گِردی صورت، و دست ها تا مچ، و روی پاها.] و باید مقنعه های خود را [برای پوشیده ماندنِ گردن و سینه،] به روی گریبان هایشان بیندازند، و زینت های خود را آشکار نکنند مگر برای شوهرانشان، یا پدرانشان، یا پدرانِ شوهرانشان، یا پسرانشان، یا پسران شوهرانشان، یا برادرانشان، یا پسران برادرانشان، یا پسران خواهرانشان، یا زنان [هم کیش]شان، یا بردگانِ زرخریدشان، یا مردان خدمت کاری که احساسی به مسائل جنسی ندارند، یا اطفالی که به هیجان غریزۀ جنسی و سنّ تمیز نرسیده اند. و [زنان] نباید پاهایشان را [به وقت راه رفتن به گونه ای] به زمین بزنند که زینت هایی که پنهان می دارند [توسط نامحرمان] شناخته شود، ای مؤمنان! همگی به سوی خداوند بازگردید تا [بر همۀ موانع راه سعادت] پیروز شوید ",
            "32": "\n \nبی همسران [از مرد و زن] و غلامان و کنیزانِ شایستۀ خود را همسر دهید، اگر تهیدست و نیازمند باشند خداوند از احسانِ خود آنان را بی نیاز می کند، خداوند بسیار عطاکننده و داناست ",
            "33": " کسانی که [زمینۀ] ازدواجی نمی یابند لازم است پاکدامنی پیشه کنند تا [زمانی که] خداوند از احسانِ خود آنان را توانگر سازد، و کسانی از بردگانتان که درخواست بازخرید خود را [با دادن قیمتشان برای آزاد شدن] دارند، چنانچه در آنان شایستگی سراغ دارید بازخریدشان کنید، و چیزی از مال خدا را که به شما عطا کرده است به آنان بدهید، و کنیزان خود را که می خواهند پاکدامن بمانند برای به دست آوردن متاع [ناچیز و] زودگذر زندگی دنیا مجبور به زِنا نکنید، و هرکه آنان را مجبور [به زِنا] کند یقیناً خداوند پس از مجبورشدنشان [نسبت به آنان] بسیار آمرزنده و مهربان است ",
            "34": " همانا آیاتی روشنگر و سرگذشتی از آنان که پیش از شما درگذشتند، و پندی برای پرهیزگاران به سوی شما فرستادیم",
            "35": " خداوند نور آسمان ها و زمین است، مَثَل نورش مانند چراغدانی است که در آن چراغی پُرفروغ است، [و آن] چراغ در میان قندیلی بلورین است که آن قندیلِ بلورین گویی ستارۀ درخشانی است، [و آن چراغ با روغنی] افروخته می شود [که] از درختِ پُرخیر و برکت زیتونی [گرفته شده] که نه شرقی است و نه غربی، [و] روغنِ آن [از پاکی و صافی] نزدیک است روشنی دهد گرچه آتشی به آن نرسیده باشد، نوری است بر فراز نوری، خداوند هرکس را بخواهد به سوی نورش هدایت می کند، خداوند برای مردم مَثَل ها می زند [تا حقایق را بفهمند]، و خداوند به همه چیز داناست ",
            "36": " [این نور] در خانه هایی [است] که خداوند اِذن داده [شأن و منزلت آن ها] رفعت یابد، و نامش در آن ها یاد شود، در آن [خانه ها] همواره صبح و شام او را [به پاک بودن از هر عیب و نقصی] می ستایند ",
            "37": "\n \nانسان هایی [شایسته ] که تجارت و دادوستد از یاد خدا و خواندن نماز و پرداخت زکات بازشان نمی دارد، پیوسته از روزی که دل ها و دیده ها در آن زیرورو می شود می ترسند ",
            "38": " [اعمال و احوالشان همواره چنین است] تا خداوند آنان را بر پایۀ نیکوترین عملی که انجام داده اند پاداش دهد، و از احسانش بر آنان بیفزاید، و خداوند به هرکه بخواهد بی حساب روزی می دهد ",
            "39": " دست آوردهای کافران مانند سرابی در کویر است که شخص تشنه آن را آب می پندارد، نهایتاً چون به آن رسد آن را چیزی نیابد، و خدا را در قیامت نزد آن [دست آوردهای سراب وار] حاضر خواهد یافت که کیفرش را به طورکامل خواهد داد، خداوند حسابرسی سریع است ",
            "40": " یا مانند تاریکی هایی است در دریایی عمیق که همواره موجی آن را می پوشاند، و بالای آن موجی دیگر است، و بر فراز آن موج ابری قرار گرفته است، تاریکی هایی است برخی بالای برخی دیگر، [آن قدر تاریک که] هرگاه دستش را بیرون آورد ممکن نیست آن را ببیند، آری کسی که خداوند نوری برای او قرار نداده باشد هیچ نوری برای او نیست ",
            "41": " [ای انسان!] آیا ندانسته ای که هرکه در آسمان ها و زمین است، و نیز پرندگانِ بال گشوده، خدا را [با تسبیح گفتن از هر عیب و نقصی] پاک و مبرّا می دارند؟ یقیناً هریک به نماز و تسبیح خود آگاه است، و خداوند به آنچه انجام می دهند داناست ",
            "42": " مالکیت و فرمانروایی آسمان ها و زمین فقط در سیطرۀ خداوند است، و بازگشت همه به سوی خداست ",
            "43": " آیا ندانسته ای که خداوند ابری را می رانَد، آن گاه بین [اجزای] آن پیوند برقرار می کند، سپس آن را متراکم می سازد؟ در نهایت می بینی که از لابه لای آن باران بیرون می آید، و از آسمان از کوه هایی از ابرِ منجمدشده تگرگی فرومی ریزد، پس آسیب آن را به هرکه بخواهد می رساند، و از هرکه اراده کند برطرف می سازد، نزدیک است درخشندگی برقش [بینایی] چشم را از بین ببرد ",
            "44": "\n \nخداوند شب و روز را جابه جا می کند، به یقین در این [کار] عبرتی است برای صاحبان بصیرت ",
            "45": " خداوند هر جنبنده ای را از آبی [چون نطفه] آفرید، پس گروهی از آنان [جاندارانی هستند که] بر شکمشان می خزند، و برخی از آنان بر روی دو پا و بعضی بر روی چهار پا راه می روند، خداوند آنچه را بخواهد می آفریند، مسلّماً خداوند بر هر کاری تواناست ",
            "46": " همانا آیاتی روشنگر نازل کردیم، و خدا هرکه را بخواهد به راه راست هدایت می کند",
            "47": " [همواره منافقان] می گویند: ما به خداوند و پیامبر [اسلام] ایمان آورده و در مقام اطاعت برآمده ایم. آن گاه گروهی از آنان بعد از این [اقرار] رویگردان می شوند، آنان [از روی صِدق و راستی] مؤمن نیستند ",
            "48": " چون به سوی خداوند و رسولش دعوت شوند تا بینشان [در مورد آنچه اختلاف دارند] داوری کند، به ناگاه گروهی از آنان [از آمدن نزد پیامبر برای این که داوری عادلانه را به سود خود نمی دانند] روی برمی تابند ",
            "49": " و اگر [داوری] به سود آنان باشد مطیعانه به سویش می آیند ",
            "50": " آیا در دل آنان بیماری [شدیدی از نفاق] است، یا [در حقانیت اسلام و پیامبر] دچار تردید ند، یا می ترسند که خدا و رسولش به آنان [در داوری] ستم کنند؟ [چنین نیست،] بلکه یقیناً خود ستمکارند ",
            "51": " گفتۀ مؤمنان هنگامی که به سوی خدا و رسولش دعوت شوند تا بینشان داوری کند [فقط] این است که می گویند: [با گوشِ قبول] شنیدیم و اطاعت کردیم. و اینانند که [بر همۀ موانع راه سعادت] پیروزند ",
            "52": " آنان که از خدا و رسولش اطاعت کنند، و از خدا [بترسند و از محرّماتش] بپرهیزند کامیابند ",
            "53": " با سخت ترین سوگندهایشان به خداوند سوگند خوردند که اگر به آنان [برای بیرون رفتن از خانه و اموالشان به سوی جهاد] فرمان دهی حتماً بیرون می روند، بگو: سوگند نخورید، [آنچه از شما توقع می رود] اطاعت پسندیده [است]، مسلّماً خداوند به آنچه انجام می دهید آگاه است ",
            "54": "\n \nبگو: از خدا و رسول [در همۀ امور] اطاعت کنید، پس اگر رویگردان شوید [زیانی متوجه پیامبر نخواهد شد؛ زیرا] بر او فقط مسئولیت [تبلیغ و پیام های خدا است] که برعهده اش نهاده شده، و بر شما [هم] مسئولیت [انجام تکالیفی است] که بر عهده تان گذارده اند، اگر از او اطاعت کنید هدایت می یابید، و برعهدۀ این پیامبر جز رساندن آشکار [پیام وحی] نیست ",
            "55": " خداوند به کسانی از شما که مؤمنند و کارهای شایسته انجام داده اند وعده داده که حتماً آنان را در زمین جانشین [اقوامِ به هلاکت رسیده] کند، همان گونه که پیشینیانِ آنان را جانشین [دیگران] گردانید، و به یقین، دینشان را که برای آنان پسندیده به سودشان استوار و پابرجا کند، و حتماً ترس آنان را [از دشمنان] به امنیت تغییر دهد، [این در حالی است که] مرا می پرستند، [و] چیزی را شریک من قرار نمی دهند، آنان که پس از این [نعمت های ویژه] ناسپاسی ورزند البته منحرف و نافرمانند ",
            "56": " نماز را [با شرایط ویژه اش] بخوانید و زکات بپردازید و از پیامبر اطاعت کنید تا مورد رحمت قرار گیرید ",
            "57": " هرگز گمان مکن که کافران می توانند در زمین عاجزکنندۀ [خدا] باشند [تا از دسترس قدرتش بیرون روند]، جایگاهشان آتش است و هرآینه آتش عاقبت بدی است ",
            "58": " ای مؤمنان! بردگانتان، و کسانی از شما که به بلوغ نرسیده اند باید در سه وقت از شما [برای ورود به اطاق ویژه خلوتتان] اجازه بگیرند: پیش از نماز صبح، و هنگام نیمروز که لباس هایتان را درمی آورید، و بعد از نماز عشا، [این زمان ها] سه زمان خلوت شما است، در غیر این سه زمان بر شما و آنان باکی نیست [که بی اجازه وارد شوند؛ زیرا] آنان همواره نزد شما در رفت وآمدند، و با یکدیگر نشست وبرخاست دارید، این گونه، خداوند احکام [خود] را برای شما توضیح می دهد، و خداوند دانا و حکیم است ",
            "59": "\n \nهنگامی که کودکانتان به بلوغ رسیدند باید [برای ورود به اطاق ویژه و خلوتتان] اجازه بگیرند، همان گونه که بزرگسالان پیش از آنان [در آن شرایط خاص] اجازه می گرفتند، خداوند بدین گونه احکامش را برای شما بیان می کند، خداوند دانا و حکیم است ",
            "60": " بر زنان سال خورده ای که امید ازدواج را از دست داده اند باکی نیست که پوشش خود را درصورتی که با زیور[شان] قصد خودآرایی نداشته باشند کنار بگذارند، البته پوشش و حجاب برای آنان بهتر است، خداوند شنوا و داناست ",
            "61": " بر نابینا و لَنگ و بیمار و خودِ شما باکی نیست که [بدون اجازه] از [غذاهای] خانه هایی که ذکر می شود بخورید: خانه های خودتان، یا پدرانتان، یا مادرانتان، یا برادرانتان، یا خواهرانتان؛ یا عموهایتان، یا عمه هایتان، یا دایی هایتان، یا خاله هایتان؛ یا مکان هایی که کلید آن ها در اختیار شماست، یا [خانه های] دوستتان، بر شما باکی نیست که دسته جمعی یا جدا جدا [غذا] بخورید. چون به خانه ها[یی که ذکر شد] وارد شدید بر یکدیگر سلام کنید که [درودی] است از سوی خداوند، درودی پُرخیر و پسندیده، خداوند احکام [خود] را این گونه برای شما بیان می کند تا بیندیشید ",
            "62": "\n \nجز این نیست که مؤمنان آنانند که به خدا و پیامبرش ایمان دارند، و چون برای کار مهمی حضور پیامبر باشند بی اجازۀ او [از نزدش] نمی روند، به راستی کسانی که [برای رفتن] از تو اجازه می گیرند آنان به خدا و رسولش مؤمنند، هنگامی که برای برخی کارهایشان از تو اجازه می خواهند به هرکدام که خواستی اجازه بده! و برای آنان از خداوند آمرزش بخواه! که خداوند بسیار آمرزنده و مهربان است ",
            "63": " دعوت پیامبر را به خاطر حضورتان در محضرش [برای کارهای مهم و امور اجتماعی] مانند دعوت [خودتان] از یکدیگر قرار ندهید [؛ زیرا پاسخ به دعوت او بر شما واجب است]، خداوند کسانی از شما را که با پنهان شدن [پشت سر دیگران]، [از نزد پیامبر] بیرون می روند می شناسد، پس باید کسانی که نسبت به فرمانش مخالفت می کنند از این که بلایی [در دنیا] یا عذابی دردناک [در آخرت] به آنان برسد برحذر باشند ",
            "64": " آگاه باشید! که آنچه در آسمان ها و زمین است فقط در سیطرۀ مالکیت و فرمانروایی خداست، مسلّماً آنچه را که شما [از حالات، نیات و اعمال] بر آن هستید می داند، و به روزی که برای حسابرسی به سوی او بازشان می گردانند و آنان را به آنچه انجام داده اند خبر می دهد، آگاه است و خداوند به هرچیزی داناست "
        }
    }
}