{
  "2": {
    "number": 2,
        "title": "سورة الفرقان",
      "bab": 4,
      "delay": 3,
      "arabic": {
            "4": "تَبَارَكَ الَّذِي نَزَّلَ الْفُرْقَانَ عَلَىٰ عَبْدِهِ لِيَكُونَ لِلْعَالَمِينَ نَذِيرًا",
            "5": "الَّذِي لَهُ مُلْكُ السَّمَاوَاتِ وَالْأَرْضِ وَلَمْ يَتَّخِذْ وَلَدًا وَلَمْ يَكُنْ لَهُ شَرِيكٌ فِي الْمُلْكِ وَخَلَقَ كُلَّ شَيْءٍ فَقَدَّرَهُ تَقْدِيرًا",
            "6": "وَاتَّخَذُوا مِنْ دُونِهِ آلِهَةً لَا يَخْلُقُونَ شَيْئًا وَهُمْ يُخْلَقُونَ وَلَا يَمْلِكُونَ لِأَنْفُسِهِمْ ضَرًّا وَلَا نَفْعًا وَلَا يَمْلِكُونَ مَوْتًا وَلَا حَيَاةً وَلَا نُشُورًا",
            "7": "وَقَالَ الَّذِينَ كَفَرُوا إِنْ هَٰذَا إِلَّا إِفْكٌ افْتَرَاهُ وَأَعَانَهُ عَلَيْهِ قَوْمٌ آخَرُونَ ۖ فَقَدْ جَاءُوا ظُلْمًا وَزُورًا",
            "8": "وَقَالُوا أَسَاطِيرُ الْأَوَّلِينَ اكْتَتَبَهَا فَهِيَ تُمْلَىٰ عَلَيْهِ بُكْرَةً وَأَصِيلًا",
            "9": "قُلْ أَنْزَلَهُ الَّذِي يَعْلَمُ السِّرَّ فِي السَّمَاوَاتِ وَالْأَرْضِ ۚ إِنَّهُ كَانَ غَفُورًا رَحِيمًا",
            "10": "وَقَالُوا مَالِ هَٰذَا الرَّسُولِ يَأْكُلُ الطَّعَامَ وَيَمْشِي فِي الْأَسْوَاقِ ۙ لَوْلَا أُنْزِلَ إِلَيْهِ مَلَكٌ فَيَكُونَ مَعَهُ نَذِيرًا",
            "11": "أَوْ يُلْقَىٰ إِلَيْهِ كَنْزٌ أَوْ تَكُونُ لَهُ جَنَّةٌ يَأْكُلُ مِنْهَا ۚ وَقَالَ الظَّالِمُونَ إِنْ تَتَّبِعُونَ إِلَّا رَجُلًا مَسْحُورًا",
            "12": "انْظُرْ كَيْفَ ضَرَبُوا لَكَ الْأَمْثَالَ فَضَلُّوا فَلَا يَسْتَطِيعُونَ سَبِيلًا",
            "13": "تَبَارَكَ الَّذِي إِنْ شَاءَ جَعَلَ لَكَ خَيْرًا مِنْ ذَٰلِكَ جَنَّاتٍ تَجْرِي مِنْ تَحْتِهَا الْأَنْهَارُ وَيَجْعَلْ لَكَ قُصُورًا",
            "14": "بَلْ كَذَّبُوا بِالسَّاعَةِ ۖ وَأَعْتَدْنَا لِمَنْ كَذَّبَ بِالسَّاعَةِ سَعِيرًا",
            "15": "إِذَا رَأَتْهُمْ مِنْ مَكَانٍ بَعِيدٍ سَمِعُوا لَهَا تَغَيُّظًا وَزَفِيرًا",
            "16": "وَإِذَا أُلْقُوا مِنْهَا مَكَانًا ضَيِّقًا مُقَرَّنِينَ دَعَوْا هُنَالِكَ ثُبُورًا",
            "17": "لَا تَدْعُوا الْيَوْمَ ثُبُورًا وَاحِدًا وَادْعُوا ثُبُورًا كَثِيرًا",
            "18": "قُلْ أَذَٰلِكَ خَيْرٌ أَمْ جَنَّةُ الْخُلْدِ الَّتِي وُعِدَ الْمُتَّقُونَ ۚ كَانَتْ لَهُمْ جَزَاءً وَمَصِيرًا",
            "19": "لَهُمْ فِيهَا مَا يَشَاءُونَ خَالِدِينَ ۚ كَانَ عَلَىٰ رَبِّكَ وَعْدًا مَسْئُولًا",
            "20": "وَيَوْمَ يَحْشُرُهُمْ وَمَا يَعْبُدُونَ مِنْ دُونِ اللَّهِ فَيَقُولُ أَأَنْتُمْ أَضْلَلْتُمْ عِبَادِي هَٰؤُلَاءِ أَمْ هُمْ ضَلُّوا السَّبِيلَ",
            "21": "قَالُوا سُبْحَانَكَ مَا كَانَ يَنْبَغِي لَنَا أَنْ نَتَّخِذَ مِنْ دُونِكَ مِنْ أَوْلِيَاءَ وَلَٰكِنْ مَتَّعْتَهُمْ وَآبَاءَهُمْ حَتَّىٰ نَسُوا الذِّكْرَ وَكَانُوا قَوْمًا بُورًا",
            "22": "فَقَدْ كَذَّبُوكُمْ بِمَا تَقُولُونَ فَمَا تَسْتَطِيعُونَ صَرْفًا وَلَا نَصْرًا ۚ وَمَنْ يَظْلِمْ مِنْكُمْ نُذِقْهُ عَذَابًا كَبِيرًا",
            "23": "وَمَا أَرْسَلْنَا قَبْلَكَ مِنَ الْمُرْسَلِينَ إِلَّا إِنَّهُمْ لَيَأْكُلُونَ الطَّعَامَ وَيَمْشُونَ فِي الْأَسْوَاقِ ۗ وَجَعَلْنَا بَعْضَكُمْ لِبَعْضٍ فِتْنَةً أَتَصْبِرُونَ ۗ وَكَانَ رَبُّكَ بَصِيرًا",
            "24": "وَقَالَ الَّذِينَ لَا يَرْجُونَ لِقَاءَنَا لَوْلَا أُنْزِلَ عَلَيْنَا الْمَلَائِكَةُ أَوْ نَرَىٰ رَبَّنَا ۗ لَقَدِ اسْتَكْبَرُوا فِي أَنْفُسِهِمْ وَعَتَوْا عُتُوًّا كَبِيرًا",
            "25": "يَوْمَ يَرَوْنَ الْمَلَائِكَةَ لَا بُشْرَىٰ يَوْمَئِذٍ لِلْمُجْرِمِينَ وَيَقُولُونَ حِجْرًا مَحْجُورًا",
            "26": "وَقَدِمْنَا إِلَىٰ مَا عَمِلُوا مِنْ عَمَلٍ فَجَعَلْنَاهُ هَبَاءً مَنْثُورًا",
            "27": "أَصْحَابُ الْجَنَّةِ يَوْمَئِذٍ خَيْرٌ مُسْتَقَرًّا وَأَحْسَنُ مَقِيلًا",
            "28": "وَيَوْمَ تَشَقَّقُ السَّمَاءُ بِالْغَمَامِ وَنُزِّلَ الْمَلَائِكَةُ تَنْزِيلًا",
            "29": "الْمُلْكُ يَوْمَئِذٍ الْحَقُّ لِلرَّحْمَٰنِ ۚ وَكَانَ يَوْمًا عَلَى الْكَافِرِينَ عَسِيرًا",
            "30": "وَيَوْمَ يَعَضُّ الظَّالِمُ عَلَىٰ يَدَيْهِ يَقُولُ يَا لَيْتَنِي اتَّخَذْتُ مَعَ الرَّسُولِ سَبِيلًا",
            "31": "يَا وَيْلَتَىٰ لَيْتَنِي لَمْ أَتَّخِذْ فُلَانًا خَلِيلًا",
            "32": "لَقَدْ أَضَلَّنِي عَنِ الذِّكْرِ بَعْدَ إِذْ جَاءَنِي ۗ وَكَانَ الشَّيْطَانُ لِلْإِنْسَانِ خَذُولًا",
            "33": "وَقَالَ الرَّسُولُ يَا رَبِّ إِنَّ قَوْمِي اتَّخَذُوا هَٰذَا الْقُرْآنَ مَهْجُورًا",
            "34": "وَكَذَٰلِكَ جَعَلْنَا لِكُلِّ نَبِيٍّ عَدُوًّا مِنَ الْمُجْرِمِينَ ۗ وَكَفَىٰ بِرَبِّكَ هَادِيًا وَنَصِيرًا",
            "35": "وَقَالَ الَّذِينَ كَفَرُوا لَوْلَا نُزِّلَ عَلَيْهِ الْقُرْآنُ جُمْلَةً وَاحِدَةً ۚ كَذَٰلِكَ لِنُثَبِّتَ بِهِ فُؤَادَكَ ۖ وَرَتَّلْنَاهُ تَرْتِيلًا",
            "36": "وَلَا يَأْتُونَكَ بِمَثَلٍ إِلَّا جِئْنَاكَ بِالْحَقِّ وَأَحْسَنَ تَفْسِيرًا",
            "37": "الَّذِينَ يُحْشَرُونَ عَلَىٰ وُجُوهِهِمْ إِلَىٰ جَهَنَّمَ أُولَٰئِكَ شَرٌّ مَكَانًا وَأَضَلُّ سَبِيلًا",
            "38": "وَلَقَدْ آتَيْنَا مُوسَى الْكِتَابَ وَجَعَلْنَا مَعَهُ أَخَاهُ هَارُونَ وَزِيرًا",
            "39": "فَقُلْنَا اذْهَبَا إِلَى الْقَوْمِ الَّذِينَ كَذَّبُوا بِآيَاتِنَا فَدَمَّرْنَاهُمْ تَدْمِيرًا",
            "40": "وَقَوْمَ نُوحٍ لَمَّا كَذَّبُوا الرُّسُلَ أَغْرَقْنَاهُمْ وَجَعَلْنَاهُمْ لِلنَّاسِ آيَةً ۖ وَأَعْتَدْنَا لِلظَّالِمِينَ عَذَابًا أَلِيمًا",
            "41": "وَعَادًا وَثَمُودَ وَأَصْحَابَ الرَّسِّ وَقُرُونًا بَيْنَ ذَٰلِكَ كَثِيرًا",
            "42": "وَكُلًّا ضَرَبْنَا لَهُ الْأَمْثَالَ ۖ وَكُلًّا تَبَّرْنَا تَتْبِيرًا",
            "43": "وَلَقَدْ أَتَوْا عَلَى الْقَرْيَةِ الَّتِي أُمْطِرَتْ مَطَرَ السَّوْءِ ۚ أَفَلَمْ يَكُونُوا يَرَوْنَهَا ۚ بَلْ كَانُوا لَا يَرْجُونَ نُشُورًا",
            "44": "وَإِذَا رَأَوْكَ إِنْ يَتَّخِذُونَكَ إِلَّا هُزُوًا أَهَٰذَا الَّذِي بَعَثَ اللَّهُ رَسُولًا",
            "45": "إِنْ كَادَ لَيُضِلُّنَا عَنْ آلِهَتِنَا لَوْلَا أَنْ صَبَرْنَا عَلَيْهَا ۚ وَسَوْفَ يَعْلَمُونَ حِينَ يَرَوْنَ الْعَذَابَ مَنْ أَضَلُّ سَبِيلًا",
            "46": "أَرَأَيْتَ مَنِ اتَّخَذَ إِلَٰهَهُ هَوَاهُ أَفَأَنْتَ تَكُونُ عَلَيْهِ وَكِيلًا",
            "47": "أَمْ تَحْسَبُ أَنَّ أَكْثَرَهُمْ يَسْمَعُونَ أَوْ يَعْقِلُونَ ۚ إِنْ هُمْ إِلَّا كَالْأَنْعَامِ ۖ بَلْ هُمْ أَضَلُّ سَبِيلًا",
            "48": "أَلَمْ تَرَ إِلَىٰ رَبِّكَ كَيْفَ مَدَّ الظِّلَّ وَلَوْ شَاءَ لَجَعَلَهُ سَاكِنًا ثُمَّ جَعَلْنَا الشَّمْسَ عَلَيْهِ دَلِيلًا",
            "49": "ثُمَّ قَبَضْنَاهُ إِلَيْنَا قَبْضًا يَسِيرًا",
            "50": "وَهُوَ الَّذِي جَعَلَ لَكُمُ اللَّيْلَ لِبَاسًا وَالنَّوْمَ سُبَاتًا وَجَعَلَ النَّهَارَ نُشُورًا",
            "51": "وَهُوَ الَّذِي أَرْسَلَ الرِّيَاحَ بُشْرًا بَيْنَ يَدَيْ رَحْمَتِهِ ۚ وَأَنْزَلْنَا مِنَ السَّمَاءِ مَاءً طَهُورًا",
            "52": "لِنُحْيِيَ بِهِ بَلْدَةً مَيْتًا وَنُسْقِيَهُ مِمَّا خَلَقْنَا أَنْعَامًا وَأَنَاسِيَّ كَثِيرًا",
            "53": "وَلَقَدْ صَرَّفْنَاهُ بَيْنَهُمْ لِيَذَّكَّرُوا فَأَبَىٰ أَكْثَرُ النَّاسِ إِلَّا كُفُورًا",
            "54": "وَلَوْ شِئْنَا لَبَعَثْنَا فِي كُلِّ قَرْيَةٍ نَذِيرًا",
            "55": "فَلَا تُطِعِ الْكَافِرِينَ وَجَاهِدْهُمْ بِهِ جِهَادًا كَبِيرًا",
            "56": "وَهُوَ الَّذِي مَرَجَ الْبَحْرَيْنِ هَٰذَا عَذْبٌ فُرَاتٌ وَهَٰذَا مِلْحٌ أُجَاجٌ وَجَعَلَ بَيْنَهُمَا بَرْزَخًا وَحِجْرًا مَحْجُورًا",
            "57": "وَهُوَ الَّذِي خَلَقَ مِنَ الْمَاءِ بَشَرًا فَجَعَلَهُ نَسَبًا وَصِهْرًا ۗ وَكَانَ رَبُّكَ قَدِيرًا",
            "58": "وَيَعْبُدُونَ مِنْ دُونِ اللَّهِ مَا لَا يَنْفَعُهُمْ وَلَا يَضُرُّهُمْ ۗ وَكَانَ الْكَافِرُ عَلَىٰ رَبِّهِ ظَهِيرًا",
            "59": "وَمَا أَرْسَلْنَاكَ إِلَّا مُبَشِّرًا وَنَذِيرًا",
            "60": "قُل ما أَسـَٔلُكُم عَلَيهِ مِن أَجرٍ‌ إِلّا مَن شاءَ أَن يَتَّخِذَ إِلىٰ رَ‌بِّهِ سَبيلًا",
            "61": "وَتَوَكَّلْ عَلَى الْحَيِّ الَّذِي لَا يَمُوتُ وَسَبِّحْ بِحَمْدِهِ ۚ وَكَفَىٰ بِهِ بِذُنُوبِ عِبَادِهِ خَبِيرًا",
            "62": "الَّذِي خَلَقَ السَّمَاوَاتِ وَالْأَرْضَ وَمَا بَيْنَهُمَا فِي سِتَّةِ أَيَّامٍ ثُمَّ اسْتَوَىٰ عَلَى الْعَرْشِ ۚ الرَّحْمَٰنُ فَاسْأَلْ بِهِ خَبِيرًا",
            "63": "وَإِذَا قِيلَ لَهُمُ اسْجُدُوا لِلرَّحْمَٰنِ قَالُوا وَمَا الرَّحْمَٰنُ أَنَسْجُدُ لِمَا تَأْمُرُنَا وَزَادَهُمْ نُفُورًا ۩",
            "64": "تَبَارَكَ الَّذِي جَعَلَ فِي السَّمَاءِ بُرُوجًا وَجَعَلَ فِيهَا سِرَاجًا وَقَمَرًا مُنِيرًا",
            "65": "وَهُوَ الَّذِي جَعَلَ اللَّيْلَ وَالنَّهَارَ خِلْفَةً لِمَنْ أَرَادَ أَنْ يَذَّكَّرَ أَوْ أَرَادَ شُكُورًا",
            "66": "وَعِبَادُ الرَّحْمَٰنِ الَّذِينَ يَمْشُونَ عَلَى الْأَرْضِ هَوْنًا وَإِذَا خَاطَبَهُمُ الْجَاهِلُونَ قَالُوا سَلَامًا",
            "67": "وَالَّذِينَ يَبِيتُونَ لِرَبِّهِمْ سُجَّدًا وَقِيَامًا",
            "68": "وَالَّذِينَ يَقُولُونَ رَبَّنَا اصْرِفْ عَنَّا عَذَابَ جَهَنَّمَ ۖ إِنَّ عَذَابَهَا كَانَ غَرَامًا",
            "69": "إِنَّهَا سَاءَتْ مُسْتَقَرًّا وَمُقَامًا",
            "70": "وَالَّذِينَ إِذَا أَنْفَقُوا لَمْ يُسْرِفُوا وَلَمْ يَقْتُرُوا وَكَانَ بَيْنَ ذَٰلِكَ قَوَامًا",
            "71": "وَالَّذِينَ لَا يَدْعُونَ مَعَ اللَّهِ إِلَٰهًا آخَرَ وَلَا يَقْتُلُونَ النَّفْسَ الَّتِي حَرَّمَ اللَّهُ إِلَّا بِالْحَقِّ وَلَا يَزْنُونَ ۚ وَمَنْ يَفْعَلْ ذَٰلِكَ يَلْقَ أَثَامًا",
            "72": "يُضَاعَفْ لَهُ الْعَذَابُ يَوْمَ الْقِيَامَةِ وَيَخْلُدْ فِيهِ مُهَانًا",
            "73": "إِلَّا مَنْ تَابَ وَآمَنَ وَعَمِلَ عَمَلًا صَالِحًا فَأُولَٰئِكَ يُبَدِّلُ اللَّهُ سَيِّئَاتِهِمْ حَسَنَاتٍ ۗ وَكَانَ اللَّهُ غَفُورًا رَحِيمًا",
            "74": "وَمَنْ تَابَ وَعَمِلَ صَالِحًا فَإِنَّهُ يَتُوبُ إِلَى اللَّهِ مَتَابًا",
            "75": "وَالَّذِينَ لَا يَشْهَدُونَ الزُّورَ وَإِذَا مَرُّوا بِاللَّغْوِ مَرُّوا كِرَامًا",
            "76": "وَالَّذِينَ إِذَا ذُكِّرُوا بِآيَاتِ رَبِّهِمْ لَمْ يَخِرُّوا عَلَيْهَا صُمًّا وَعُمْيَانًا",
            "77": "وَالَّذِينَ يَقُولُونَ رَبَّنَا هَبْ لَنَا مِنْ أَزْوَاجِنَا وَذُرِّيَّاتِنَا قُرَّةَ أَعْيُنٍ وَاجْعَلْنَا لِلْمُتَّقِينَ إِمَامًا",
            "78": "أُولَٰئِكَ يُجْزَوْنَ الْغُرْفَةَ بِمَا صَبَرُوا وَيُلَقَّوْنَ فِيهَا تَحِيَّةً وَسَلَامًا",
            "79": "خَالِدِينَ فِيهَا ۚ حَسُنَتْ مُسْتَقَرًّا وَمُقَامًا",
            "80": "قُلْ مَا يَعْبَأُ بِكُمْ رَبِّي لَوْلَا دُعَاؤُكُمْ ۖ فَقَدْ كَذَّبْتُمْ فَسَوْفَ يَكُونُ لِزَامًا"
        },
        "farsi": {
           "4": "\nخجسته و پُرخیر است آن که تدریجاً فرقان را [که جداکنندۀ حق از باطل است] بر بنده اش نازل کرد تا برای جهانیان هشداردهنده باشد ",
            "5": " [هم] او که حاکمیت و فرمانروایی آسمان ها و زمین فقط در سیطرۀ اوست، و [برای خود] فرزندی انتخاب نکرده است، و در فرمانروایی شریکی ندارد، و هرچیزی را آفریده و برای آن اندازه قرار داده؛ اندازه ای درست و دقیق ،",
            "6": "\n \n[مشرکان] به جای او معبودانی انتخاب کرده اند که چیزی را نمی آفرینند، و خود آفریده می شوند، و برای خودشان مالک زیان و سودی نیستند، و [برای دیگران] اختیار مرگ و حیات و برانگیختنِ [پس از مرگ] را ندارند ",
            "7": " کافران گفتند: این [قرآن] جز دروغی نیست که [پیامبر] آن را [از نزد خود] ساخته، و دیگران او را بر ساختنش یاری داده اند! همانا [آنان] مرتکب ستمی سنگین و دروغی بزرگ شده اند ",
            "8": " و گفتند: افسانه های مکتوبِ پیشینیان است که صبح و شام بر او دیکته می شود [تا آن را به عنوان وحی آسمانی بر ما بخواند!]",
            "9": " بگو: آن را کسی نازل کرده است که [همۀ] اَسرار [پنهان در] آسمان ها و زمین را می داند، همانا او همواره بسیار آمرزنده و مهربان است ",
            "10": " گفتند: این چه فرستاده ای است که غذا می خورد، و در بازارها راه می رود، چرا فرشته ای به سوی او فرستاده نشده که پابه پایش هشداردهنده باشد؟",
            "11": " یا چرا گنجی [از آسمان] برای او نیفتاده، یا بوستانی ندارد که از [میوه های] آن بهره مند شود؟! ستمکاران گفتند: [ای مردم!] شما فقط از مردی سِحرزده پیروی می کنید ",
            "12": " بنگر چگونه اوصافی برای تو بیان کردند، در نتیجه [به سبب لجاجت و کبرشان] گمراه شدند و نمی توانند راهی [به سوی حق] بیابند ",
            "13": " همواره خجسته و پُرخیر است آن که اگر بخواهد بهتر از آن را [در دنیا] برای تو قرار می دهد؛ بوستان هایی که از زیر [درختان] آن نهرها جاری باشد، و قصرهایی [مجلل] برایت فراهم می آورد ",
            "14": " [همۀ این خواسته های نامعقول بهانه است،] بلکه آنان قیامت را انکار کرده اند، [به این علت نبوتت را باور ندارند،] ما برای کسانی که قیامت را انکار کنند آتشی سوزان آماده کرده ایم ",
            "15": "\n \nچون [آن آتش سوزان] آنان را از فاصله ای دور ببیند [نعره ای کشد و جهنمیان نعرۀ] خشم و خروش [هولناک] آن را بشنوند ",
            "16": " هنگامی که آنان را بوسیله غُل و زنجیر [دست به گردن] بسته در تنگنایی [از آن آتش] بیفکنند، در آن فریاد مرگ خواهی سر دهند ",
            "17": " [به آنان گویند:] امروز یک بار درخواست مرگ نکنید، بلکه بسیار درخواست مرگ کنید ",
            "18": "بگو: آیا این [آتش سوزان] بهتر است یا بهشت جاویدی که به پرهیزگاران وعده داده اند؟ که پاداش و عاقبتِ خوشی برای آنان است ",
            "19": " در آن جا هرچه بخواهند برای آنان فراهم است و در آن جاودانه اند، وعده ای است بر [عهدۀ] پروردگارت؛ [وعده ای] درخواست شده [و مورد انتظارِ مؤمنان از خداوند بخشندۀ کریم] ",
            "20": " روزی را [یاد کن] که آنان را با معبودانی که به جای خداوند می پرستیدند محشور می کند، پس [به معبودان] می گوید: آیا شما این بندگان مرا گمراه کردید، یا خود گمراه شدند؟",
            "21": " پاسخ می دهند: شگفتا! سزاوارِ ما نبود که بر ضد تو پیروانی [برای پرستشِ خود] بگیریم، ولی تو اینان و پدرانشان را [از نعمت ها] بهره مند ساختی، [آنان به جای سپاس گزاری غرق شهوات و فساد شدند] تاجایی که یاد[ت] را فراموش کردند، و مردمی فاسد و دچار تباهی بودند",
            "22": " [خداوند می فرماید: معبودان] گفتۀ شما را انکار کردند، اکنون نه می توانید [عذاب را از خود] دفع کنید و نه می توانید یاری بخواهید، و از شما هرکس [در این دنیا] ستم کند [در قیامت] عذابی بزرگ به او می چشانیم ",
            "23": " ما پیش از تو هیچ یک از پیامبران را نفرستادیم مگر آن که آنان [نیز] غذا می خوردند و در بازارها راه می رفتند، ما برخی از شما را وسیلۀ آزمایش برخی دیگر قرار دادیم، [امت را به پیامبر، توانگر را به تهیدست و مؤمن را به کافر،] آیا [نسبت به انجام مسئولیت ها در حوزۀ آزمایش] شکیبایی می ورزید؟ پروردگارت همواره [به همۀ امور] بیناست ",
            "24": "\n \nآنان که به لقای ما امید ندارند گفتند: چرا بر [خودِ] ما فرشتگانی نازل نشد؟ یا [چرا] پروردگارمان را نمی بینیم؟ البته خودشان را بسیار بزرگ شمردند و دچار سرکشی شدیدی شدند ",
            "25": " روزی که فرشتگان را می بینند آن روز برای گنه پیشگان [روز] خوشایند[ی] نخواهد بود، [به فرشتگان] می گویند: [از شما می خواهیم ما را] امان دهید و [از گزند عذاب] مانع شوید ",
            "26": " ولی ما به [بررسی] هر کار و کوششی که انجام داده اند می پردازیم، در نهایت [همۀ] آن ها را غباری پراکنده می سازیم ",
            "27": " بهشتیان در آن روز قرارگاهشان بهتر، و استراحتگاه [نیمروزی] شان نیکوتر است ",
            "28": " [به یاد آر] روزی که آسمان با ابرها از هم می شکافد، و فرشتگان به صورتی ویژه فرستاده می شوند ",
            "29": " در آن روز، فرمانروایی به حق، ویژۀ خداوند رحمان است، و برای کافران روزی است بسیار سخت ",
            "30": " روزی که ستمکار [از شدت حسرت] دست های خود را به دندان می گزد، [و] می گوید: ای کاش همراه این پیامبر راهی [به سوی حق] انتخاب می کردم !",
            "31": " وای بر من، کاش فلانی را [که سبب بدبختی من شد] به دوستی نمی گرفتم !",
            "32": " همانا مرا از قرآن پس از آن که برایم آمد منحرف کرد. و شیطان انسان را [پس از منحرف کردنش] رها می کند ",
            "33": " پیامبرِ [اسلام در قیامت] می گوید: پروردگارا! قوم من این قرآن را متروک گذاشتند، [و آن را در شئون زندگی خود به کار نگرفتند ]",
            "34": " این چنین برای هر پیامبری دشمنانی از گنه پیشگان قرار دادیم، اما همین بس که پروردگارت [برای تو] راهنما و یاری دهنده باشد ",
            "35": " کافران گفتند: چرا قرآن یک باره بر او نازل نشده؟ [ما قرآن را] این گونه [به تدریج نازل می کنیم] تا دلت را به آن استحکام [و اطمینان] بخشیم، و آن را با بهترین نظم و انسجام مرتب کردیم",
            "36": "\n \n[دشمنان برای خدشه دارکردن شخصیت تو] سخنی را بر ضد تو نمی آورند مگر آن که ما حق را و نیکوترین تفسیر را [برای خنثی کردنِ آن] برای تو می آوریم ",
            "37": " [این بیهوده گویان] کسانی [هستند] که در قیامت بر روی چهره هایشان به سوی دوزخ گردآوری می شوند، آنان بدترین جایگاه را دارند، و گمراه ترین مردمند ",
            "38": "مسلّماً به موسی کتاب عطا کردیم، و هارون – برادرش - را [همراه و] دستیار او قرار دادیم ",
            "39": " پس گفتیم: هر دو به سوی قومی که منکر آیات ما شدند بروید، [آن قوم در برابر حق تکبّر ورزیدند،] در نتیجه آنان را به شدت درهم کوبیدیم ",
            "40": " قوم نوح وقتی پیامبران را انکار کردند غرقشان کردیم و آنان را برای مردم نشانه ای [عبرت آموز] قرار دادیم، و برای ستمکاران عذابی دردناک آماده کرده ایم ",
            "41": " و [نیز قوم] عاد و ثمود، و اهل «رَسّ» [که درخت پرست بودند،] و اقوام بسیاری [که] در آن میان [بودند به هلاکت رساندیم]",
            "42": "و برای هریک [جهت هدایتشان] سرگذشت های عبرت آموز بیان کردیم، و [چون هدایت نیافتند] هریک را به شدت درهم شکستیم ",
            "43": "مسلّماً [مشرکان مکه] بر شهری که [محل زندگی قوم لوط بود و] بر آن باران عذاب بارید گذر کرده اند، پس آیا آن جا را ندیده اند؟ [چرا دیده اند،] ولی [چون] برانگیخته شدنِ [مردگان] را انتظار نمی برند [عبرت نگرفتند ]",
            "44": " چون تو را می بینند جز به مسخره ات نمی گیرند [و می گویند:] آیا آن که خدا او را به پیامبری برانگیخته این است؟!",
            "45": " اگر ما بر [پرستش] بُت هایمان مقاومت نمی کردیم نزدیک بود ما را از [پرستش] آن ها گمراه کند. ولی وقتی عذاب را می بینند خواهند دانست چه کسی در اوج گمراهی است ",
            "46": " آیا کسی که خواسته های [نامشروع] خود را معبود خود گرفته دیدی؟ آیا تو می توانی کارساز او باشی [که به اجبار به راه راست هدایتش کنی]؟",
            "47": "\n \nآیا گمان می کنی بیشتر آنان [دعوت حق را] می شنوند، یا [در حقایق] می اندیشند؟ آنان جز مانند چهارپایان نیستند، بلکه در اوج گمراهی اند ",
            "48": " آیا در [قدرت و مشیت] پروردگارت نیندیشیدی که چگونه سایه را گستراند و حرکت داد؟ اگر می خواست آن را ساکن می کرد، آن گاه خورشید را دلیل آن قرار دادیم ",
            "49": " سپس آن را به تدریج به سوی خود بازمی گیریم ",
            "50": " اوست که شب را برای شما پوشش، و خواب را [مایۀ استراحت و] آرامش، و روز را [ظرف] پراکنده شدن [جهت کوشش] قرار داد ",
            "51": " اوست که بادها را پیشاپیشِ [باران] رحمتش مژده دهنده فرستاد، و از آسمان آبی پاک و پاکیزه کننده نازل کردیم ",
            "52": " تا به وسیلۀ آن سرزمینی مرده را زنده کنیم، و آن را به چهارپایان و مردمِ بسیاری از آفریده های خود بنوشانیم ",
            "53": " ما باران را بین آنان [به اندازه های مختلف و منطقه به منطقه] به گردش درآوردیم تا متذکر [قدرت و رحمت من] شوند، ولی بیشتر مردم جز به ناسپاسی تن ندادند ",
            "54": " اگر می خواستیم البته در هر شهری [پیامبر] هشداردهنده ای می فرستادیم [تا سنگینی مسئولیت رسالتت کم شود ]",
            "55": " بنابراین از کافران [که دوست دارند از ابلاغ وحی بازایستی] اطاعت مکن! و به وسیلۀ این [قرآن] با آنان جهاد کن؛ جهادی بزرگ ",
            "56": " اوست که دو دریا را به هم پیوست، این خوش طعم و گوارا و آن شور و تلخ است، و بین آن دو، حائل و حریمی نفوذناپذیر قرار داد [که هرگز با هم مخلوط نمی شوند]",
            "57": " اوست که از آب، بشری آفرید پس او را [دارای دو نوع پیوند] نَسَبی و سببی قرار داد، و پروردگارت همواره تواناست ",
            "58": " به جای خداوند چیزهایی را می پرستند که نه سودشان می دهد و نه زیانشان می رساند، و کافر همواره بر ضد پروردگارش پشتیبان [شیاطین و طاغوتیان] است ",
            "59": "\n \nتو را جز بشارت رسان و هشداردهنده نفرستادیم ",
            "60": " بگو: من از شما برای تبلیغ رسالتم هیچ پاداشی نمی خواهم، جز این که هرکه بخواهد [می تواند از برکت نبوت من] راهی به سوی پروردگارش انتخاب کند ",
            "61": " بر آن خدای زنده ای که هرگز نمی میرد توکل کن! و او را با ستایش و تسبیح گفتن [از هر عیب و نقصی] پاک و مبرّا بدار! و کافی است که او به گناهان بندگانش آگاه باشد ",
            "62": "هم او که آسمان ها و زمین و آنچه را بین آن هاست در شش دوره آفرید، آن گاه بر [امر] فرمانروایی [و تدبیر امور آفرینش] چیره شد، [او] رحمان است، پس [ای انسان!] دربارۀ خدا [و آفرینشِ جهان هستی] از کسی بپرس که آگاه است ",
            "63": " چون به [بعضی از] آنان گویند: برای خداوند رحمان سجده کنید. می گویند: خداوند رحمان چیست؟ آیا برای چیزی که تو فرمان می دهی [و ما او را قبول نداریم] سجده کنیم؟ و [دعوتت] بر رمیدگی و نفرتشان می افزاید ",
            "64": " خجسته و پُرخیر است آن که در آسمان ها برج هایی قرار داده و در آن چراغی روشن و ماهی تابان پدید آورده است ",
            "65": " اوست که شب و روز را جانشین [یکدیگر] قرار داد، تا کسی که بخواهد متذکر [قدرت و رحمت خداوند] شود، یا بخواهد سپاس گزاری کند ",
            "66": " بندگان [حقیقی] خداوندِ رحمان آنانند که روی زمین با آرامی و فروتنی راه می روند، و هنگامی که مورد گفتار نادانان قرار می گیرند [در پاسخشان] می گویند: [بین ما و شما] جدایی [است]",
            "67": " آنان شب را برای پروردگارشان با سجده و قیام به صبح می رسانند ",
            "68": " و می گویند: پروردگارا! عذاب دوزخ را از ما بگردان! که مسلّماً عذابِ آن سخت و همیشگی است ",
            "69": " دوزخ بد قرارگاه و بد اقامتگاهی است !",
            "70": "و [آنان] کسانی [هستند] که چون انفاق می کنند نه از حد [متعارف] می گذرند و نه [بخیلانه] سخت گیری می کنند، بلکه بین این و آن حد اعتدال را رعایت می کنند ",
            "71": "\n \nآنان با خدا معبود دیگری را [برای حل مشکلات و رواشدن حاجاتشان] نمی خوانند، و کسی را که خدا [خونش را] حرام شمرده جز به حق نمی کشند، و زِنا نمی کنند، کسی که این [اعمال] را مرتکب شود به کیفر سختی خواهد رسید ",
            "72": " [مرتکب این اعمال] عذابش در روز قیامت دوچندان شود، و در آن با سرشکستگی جاودانه خواهد بود ",
            "73": " مگر آنان که توبه کنند و مؤمن شوند و کار شایسته انجام دهند که [دراین صورت] خداوند بدی هایشان را به خوبی ها تبدیل می کند، و خداوند بسیار آمرزنده و مهربان است ",
            "74": " هرکس توبه کند و کار شایسته انجام دهد مسلّماً به صورتی پسندیده به سوی خدا بازمی گردد ",
            "75": " آنان [که بندگان حقیقی خداوندند] تن به شهادت ناحق نمی دهند [و در مجالس باطل حاضر نمی شوند]، و هنگامی که بر [گفتار و کردار] بیهودۀ [اشخاص] می گذرند با بزرگواری و متانت می گذرند ",
            "76": " وقتی آنان را به آیات پروردگارشان پند دهند به حالت کری و کوری به آن بی اعتنایی نمی کنند، [بلکه با گوشِ شنوا و چشمِ بصیرت به آن دل می دهند ]",
            "77": "و [در دعایشان] می گویند: پروردگارا! ما را از سوی همسران و فرزندانمان خوشدلی و خوش حالی عنایت کن! و پیشوای پرهیزگارانمان قرار ده !",
            "78": " آنانند که برای استقامتی که [در برابر تکالیف دینی و حوادث روزگار] داشتند غرفۀ [بهشتی] را پاداش می برند، و در آن با درود و تحیتی [از سوی خدا و فرشتگان] روبه رو می شوند ",
            "79": " در آن جا جاودانه اند، و آن نیکو قرارگاه و اقامتگاهی است! ",
            "80": " بگو اگر دعاهایتان نبود پروردگارم به شما اعتنا نمی کرد، [این] شما [مشرکانِ متکبّرِ لجوج بودید که دعا و ارزش و آثارش را] منکر شدید، در نهایت [کیفرِ این انکار] دامن گیرتان خواهد شد "
        }
    }
}