{
    "2": {
        "number": 2,
        "title": "سورة الشعراء",
        "bab": 4,
        "delay": 0,
        "arabic": {
            "1": " طسم",
            "2": "تِلْكَ آيَاتُ الْكِتَابِ الْمُبِينِ",
            "3": "لَعَلَّكَ بَاخِعٌ نَفْسَكَ أَلَّا يَكُونُوا مُؤْمِنِينَ",
            "4": "إِنْ نَشَأْ نُنَزِّلْ عَلَيْهِمْ مِنَ السَّمَاءِ آيَةً فَظَلَّتْ أَعْنَاقُهُمْ لَهَا خَاضِعِينَ",
            "5": "وَمَا يَأْتِيهِمْ مِنْ ذِكْرٍ مِنَ الرَّحْمَٰنِ مُحْدَثٍ إِلَّا كَانُوا عَنْهُ مُعْرِضِينَ",
            "6": "فَقَدْ كَذَّبُوا فَسَيَأْتِيهِمْ أَنْبَاءُ مَا كَانُوا بِهِ يَسْتَهْزِئُونَ",
            "7": "أَوَلَمْ يَرَوْا إِلَى الْأَرْضِ كَمْ أَنْبَتْنَا فِيهَا مِنْ كُلِّ زَوْجٍ كَرِيمٍ",
            "8": "إِنَّ فِي ذَٰلِكَ لَآيَةً ۖ وَمَا كَانَ أَكْثَرُهُمْ مُؤْمِنِينَ",
            "9": "وَإِنَّ رَبَّكَ لَهُوَ الْعَزِيزُ الرَّحِيمُ",
            "10": "وَإِذْ نَادَىٰ رَبُّكَ مُوسَىٰ أَنِ ائْتِ الْقَوْمَ الظَّالِمِينَ",
            "11": "قَوْمَ فِرْعَوْنَ ۚ أَلَا يَتَّقُونَ",
            "12": "قَالَ رَبِّ إِنِّي أَخَافُ أَنْ يُكَذِّبُونِ",
            "13": "وَيَضِيقُ صَدْرِي وَلَا يَنْطَلِقُ لِسَانِي فَأَرْسِلْ إِلَىٰ هَارُونَ",
            "14": "وَلَهُمْ عَلَيَّ ذَنْبٌ فَأَخَافُ أَنْ يَقْتُلُونِ",
            "15": "قَالَ كَلَّا ۖ فَاذْهَبَا بِآيَاتِنَا ۖ إِنَّا مَعَكُمْ مُسْتَمِعُونَ",
            "16": "فَأْتِيَا فِرْعَوْنَ فَقُولَا إِنَّا رَسُولُ رَبِّ الْعَالَمِينَ",
            "17": "أَنْ أَرْسِلْ مَعَنَا بَنِي إِسْرَائِيلَ",
            "18": "قَالَ أَلَمْ نُرَبِّكَ فِينَا وَلِيدًا وَلَبِثْتَ فِينَا مِنْ عُمُرِكَ سِنِينَ",
            "19": "وَفَعَلْتَ فَعْلَتَكَ الَّتِي فَعَلْتَ وَأَنْتَ مِنَ الْكَافِرِينَ",
            "20": "قَالَ فَعَلْتُهَا إِذًا وَأَنَا مِنَ الضَّالِّينَ",
            "21": "فَفَرَرْتُ مِنْكُمْ لَمَّا خِفْتُكُمْ فَوَهَبَ لِي رَبِّي حُكْمًا وَجَعَلَنِي مِنَ الْمُرْسَلِينَ",
            "22": "وَتِلْكَ نِعْمَةٌ تَمُنُّهَا عَلَيَّ أَنْ عَبَّدْتَ بَنِي إِسْرَائِيلَ",
            "23": "قَالَ فِرْعَوْنُ وَمَا رَبُّ الْعَالَمِينَ",
            "24": "قَالَ رَبُّ السَّمَاوَاتِ وَالْأَرْضِ وَمَا بَيْنَهُمَا ۖ إِنْ كُنْتُمْ مُوقِنِينَ",
            "25": "قَالَ لِمَنْ حَوْلَهُ أَلَا تَسْتَمِعُونَ",
            "26": "قَالَ رَبُّكُمْ وَرَبُّ آبَائِكُمُ الْأَوَّلِينَ",
            "27": "قَالَ إِنَّ رَسُولَكُمُ الَّذِي أُرْسِلَ إِلَيْكُمْ لَمَجْنُونٌ",
            "28": "قَالَ رَبُّ الْمَشْرِقِ وَالْمَغْرِبِ وَمَا بَيْنَهُمَا ۖ إِنْ كُنْتُمْ تَعْقِلُونَ",
            "29": "قَالَ لَئِنِ اتَّخَذْتَ إِلَٰهًا غَيْرِي لَأَجْعَلَنَّكَ مِنَ الْمَسْجُونِينَ",
            "30": "قَالَ أَوَلَوْ جِئْتُكَ بِشَيْءٍ مُبِينٍ",
            "31": "قَالَ فَأْتِ بِهِ إِنْ كُنْتَ مِنَ الصَّادِقِينَ",
            "32": "فَأَلْقَىٰ عَصَاهُ فَإِذَا هِيَ ثُعْبَانٌ مُبِينٌ",
            "33": "وَنَزَعَ يَدَهُ فَإِذَا هِيَ بَيْضَاءُ لِلنَّاظِرِينَ",
            "34": "قَالَ لِلْمَلَإِ حَوْلَهُ إِنَّ هَٰذَا لَسَاحِرٌ عَلِيمٌ",
            "35": "يُرِيدُ أَنْ يُخْرِجَكُمْ مِنْ أَرْضِكُمْ بِسِحْرِهِ فَمَاذَا تَأْمُرُونَ",
            "36": "قَالُوا أَرْجِهْ وَأَخَاهُ وَابْعَثْ فِي الْمَدَائِنِ حَاشِرِينَ",
            "37": "يَأْتُوكَ بِكُلِّ سَحَّارٍ عَلِيمٍ",
            "38": "فَجُمِعَ السَّحَرَةُ لِمِيقَاتِ يَوْمٍ مَعْلُومٍ",
            "39": "وَقِيلَ لِلنَّاسِ هَلْ أَنْتُمْ مُجْتَمِعُونَ",
            "40": "لَعَلَّنَا نَتَّبِعُ السَّحَرَةَ إِنْ كَانُوا هُمُ الْغَالِبِينَ",
            "41": "فَلَمَّا جَاءَ السَّحَرَةُ قَالُوا لِفِرْعَوْنَ أَئِنَّ لَنَا لَأَجْرًا إِنْ كُنَّا نَحْنُ الْغَالِبِينَ",
            "42": "قَالَ نَعَمْ وَإِنَّكُمْ إِذًا لَمِنَ الْمُقَرَّبِينَ",
            "43": "قَالَ لَهُمْ مُوسَىٰ أَلْقُوا مَا أَنْتُمْ مُلْقُونَ",
            "44": "فَأَلْقَوْا حِبَالَهُمْ وَعِصِيَّهُمْ وَقَالُوا بِعِزَّةِ فِرْعَوْنَ إِنَّا لَنَحْنُ الْغَالِبُونَ",
            "45": "فَأَلْقَىٰ مُوسَىٰ عَصَاهُ فَإِذَا هِيَ تَلْقَفُ مَا يَأْفِكُونَ",
            "46": "فَأُلْقِيَ السَّحَرَةُ سَاجِدِينَ",
            "47": "قَالُوا آمَنَّا بِرَبِّ الْعَالَمِينَ",
            "48": "رَبِّ مُوسَىٰ وَهَارُونَ",
            "49": "قَالَ آمَنْتُمْ لَهُ قَبْلَ أَنْ آذَنَ لَكُمْ ۖ إِنَّهُ لَكَبِيرُكُمُ الَّذِي عَلَّمَكُمُ السِّحْرَ فَلَسَوْفَ تَعْلَمُونَ ۚ لَأُقَطِّعَنَّ أَيْدِيَكُمْ وَأَرْجُلَكُمْ مِنْ خِلَافٍ وَلَأُصَلِّبَنَّكُمْ أَجْمَعِينَ",
            "50": "قَالُوا لَا ضَيْرَ ۖ إِنَّا إِلَىٰ رَبِّنَا مُنْقَلِبُونَ",
            "51": "إِنَّا نَطْمَعُ أَنْ يَغْفِرَ لَنَا رَبُّنَا خَطَايَانَا أَنْ كُنَّا أَوَّلَ الْمُؤْمِنِينَ",
            "52": "وَأَوْحَيْنَا إِلَىٰ مُوسَىٰ أَنْ أَسْرِ بِعِبَادِي إِنَّكُمْ مُتَّبَعُونَ",
            "53": "فَأَرْسَلَ فِرْعَوْنُ فِي الْمَدَائِنِ حَاشِرِينَ",
            "54": "إِنَّ هَٰؤُلَاءِ لَشِرْذِمَةٌ قَلِيلُونَ",
            "55": "وَإِنَّهُمْ لَنَا لَغَائِظُونَ",
            "56": "وَإِنَّا لَجَمِيعٌ حَاذِرُونَ",
            "57": "فَأَخْرَجْنَاهُمْ مِنْ جَنَّاتٍ وَعُيُونٍ",
            "58": "وَكُنُوزٍ وَمَقَامٍ كَرِيمٍ",
            "59": "كَذَٰلِكَ وَأَوْرَثْنَاهَا بَنِي إِسْرَائِيلَ",
            "60": "فَأَتْبَعُوهُمْ مُشْرِقِينَ",
            "61": "فَلَمَّا تَرَاءَى الْجَمْعَانِ قَالَ أَصْحَابُ مُوسَىٰ إِنَّا لَمُدْرَكُونَ",
            "62": "قَالَ كَلَّا ۖ إِنَّ مَعِيَ رَبِّي سَيَهْدِينِ",
            "63": "فَأَوْحَيْنَا إِلَىٰ مُوسَىٰ أَنِ اضْرِبْ بِعَصَاكَ الْبَحْرَ ۖ فَانْفَلَقَ فَكَانَ كُلُّ فِرْقٍ كَالطَّوْدِ الْعَظِيمِ",
            "64": "وَأَزْلَفْنَا ثَمَّ الْآخَرِينَ",
            "65": "وَأَنْجَيْنَا مُوسَىٰ وَمَنْ مَعَهُ أَجْمَعِينَ",
            "66": "ثُمَّ أَغْرَقْنَا الْآخَرِينَ",
            "67": "إِنَّ فِي ذَٰلِكَ لَآيَةً ۖ وَمَا كَانَ أَكْثَرُهُمْ مُؤْمِنِينَ",
            "68": "وَإِنَّ رَبَّكَ لَهُوَ الْعَزِيزُ الرَّحِيمُ",
            "69": "وَاتْلُ عَلَيْهِمْ نَبَأَ إِبْرَاهِيمَ",
            "70": "إِذْ قَالَ لِأَبِيهِ وَقَوْمِهِ مَا تَعْبُدُونَ",
            "71": "قَالُوا نَعْبُدُ أَصْنَامًا فَنَظَلُّ لَهَا عَاكِفِينَ",
            "72": "قَالَ هَلْ يَسْمَعُونَكُمْ إِذْ تَدْعُونَ",
            "73": "أَوْ يَنْفَعُونَكُمْ أَوْ يَضُرُّونَ",
            "74": "قَالُوا بَلْ وَجَدْنَا آبَاءَنَا كَذَٰلِكَ يَفْعَلُونَ",
            "75": "قَالَ أَفَرَأَيْتُمْ مَا كُنْتُمْ تَعْبُدُونَ",
            "76": "أَنْتُمْ وَآبَاؤُكُمُ الْأَقْدَمُونَ",
            "77": "فَإِنَّهُمْ عَدُوٌّ لِي إِلَّا رَبَّ الْعَالَمِينَ",
            "78": "الَّذِي خَلَقَنِي فَهُوَ يَهْدِينِ",
            "79": "وَالَّذِي هُوَ يُطْعِمُنِي وَيَسْقِينِ",
            "80": "وَإِذَا مَرِضْتُ فَهُوَ يَشْفِينِ",
            "81": "وَالَّذِي يُمِيتُنِي ثُمَّ يُحْيِينِ",
            "82": "وَالَّذِي أَطْمَعُ أَنْ يَغْفِرَ لِي خَطِيئَتِي يَوْمَ الدِّينِ",
            "83": "رَبِّ هَبْ لِي حُكْمًا وَأَلْحِقْنِي بِالصَّالِحِينَ",
            "84": "وَاجْعَلْ لِي لِسَانَ صِدْقٍ فِي الْآخِرِينَ",
            "85": "وَاجْعَلْنِي مِنْ وَرَثَةِ جَنَّةِ النَّعِيمِ",
            "86": "وَاغْفِرْ لِأَبِي إِنَّهُ كَانَ مِنَ الضَّالِّينَ",
            "87": "وَلَا تُخْزِنِي يَوْمَ يُبْعَثُونَ",
            "88": "يَوْمَ لَا يَنْفَعُ مَالٌ وَلَا بَنُونَ",
            "89": "إِلَّا مَنْ أَتَى اللَّهَ بِقَلْبٍ سَلِيمٍ",
            "90": "وَأُزْلِفَتِ الْجَنَّةُ لِلْمُتَّقِينَ",
            "91": "وَبُرِّزَتِ الْجَحِيمُ لِلْغَاوِينَ",
            "92": "وَقِيلَ لَهُمْ أَيْنَ مَا كُنْتُمْ تَعْبُدُونَ",
            "93": "مِنْ دُونِ اللَّهِ هَلْ يَنْصُرُونَكُمْ أَوْ يَنْتَصِرُونَ",
            "94": "فَكُبْكِبُوا فِيهَا هُمْ وَالْغَاوُونَ",
            "95": "وَجُنُودُ إِبْلِيسَ أَجْمَعُونَ",
            "96": "قَالُوا وَهُمْ فِيهَا يَخْتَصِمُونَ",
            "97": "تَاللَّهِ إِنْ كُنَّا لَفِي ضَلَالٍ مُبِينٍ",
            "98": "إِذْ نُسَوِّيكُمْ بِرَبِّ الْعَالَمِينَ",
            "99": "وَمَا أَضَلَّنَا إِلَّا الْمُجْرِمُونَ",
            "100": "فَمَا لَنَا مِنْ شَافِعِينَ",
            "101": "وَلَا صَدِيقٍ حَمِيمٍ",
            "102": "فَلَوْ أَنَّ لَنَا كَرَّةً فَنَكُونَ مِنَ الْمُؤْمِنِينَ",
            "103": "إِنَّ فِي ذَٰلِكَ لَآيَةً ۖ وَمَا كَانَ أَكْثَرُهُمْ مُؤْمِنِينَ",
            "104": "وَإِنَّ رَبَّكَ لَهُوَ الْعَزِيزُ الرَّحِيمُ",
            "105": "كَذَّبَتْ قَوْمُ نُوحٍ الْمُرْسَلِينَ",
            "106": "إِذْ قَالَ لَهُمْ أَخُوهُمْ نُوحٌ أَلَا تَتَّقُونَ",
            "107": "إِنِّي لَكُمْ رَسُولٌ أَمِينٌ",
            "108": "فَاتَّقُوا اللَّهَ وَأَطِيعُونِ",
            "109": "وَمَا أَسْأَلُكُمْ عَلَيْهِ مِنْ أَجْرٍ ۖ إِنْ أَجْرِيَ إِلَّا عَلَىٰ رَبِّ الْعَالَمِينَ",
            "110": "فَاتَّقُوا اللَّهَ وَأَطِيعُونِ",
            "111": "قَالُوا أَنُؤْمِنُ لَكَ وَاتَّبَعَكَ الْأَرْذَلُونَ",
            "112": "قَالَ وَمَا عِلْمِي بِمَا كَانُوا يَعْمَلُونَ",
            "113": "إِنْ حِسَابُهُمْ إِلَّا عَلَىٰ رَبِّي ۖ لَوْ تَشْعُرُونَ",
            "114": "وَمَا أَنَا بِطَارِدِ الْمُؤْمِنِينَ",
            "115": "إِنْ أَنَا إِلَّا نَذِيرٌ مُبِينٌ",
            "116": "قَالُوا لَئِنْ لَمْ تَنْتَهِ يَا نُوحُ لَتَكُونَنَّ مِنَ الْمَرْجُومِينَ",
            "117": "قَالَ رَبِّ إِنَّ قَوْمِي كَذَّبُونِ",
            "118": "فَافْتَحْ بَيْنِي وَبَيْنَهُمْ فَتْحًا وَنَجِّنِي وَمَنْ مَعِيَ مِنَ الْمُؤْمِنِينَ",
            "119": "فَأَنْجَيْنَاهُ وَمَنْ مَعَهُ فِي الْفُلْكِ الْمَشْحُونِ",
            "120": "ثُمَّ أَغْرَقْنَا بَعْدُ الْبَاقِينَ",
            "121": "إِنَّ فِي ذَٰلِكَ لَآيَةً ۖ وَمَا كَانَ أَكْثَرُهُمْ مُؤْمِنِينَ",
            "122": "وَإِنَّ رَبَّكَ لَهُوَ الْعَزِيزُ الرَّحِيمُ",
            "123": "كَذَّبَتْ عَادٌ الْمُرْسَلِينَ",
            "124": "إِذْ قَالَ لَهُمْ أَخُوهُمْ هُودٌ أَلَا تَتَّقُونَ",
            "125": "إِنِّي لَكُمْ رَسُولٌ أَمِينٌ",
            "126": "فَاتَّقُوا اللَّهَ وَأَطِيعُونِ",
            "127": "وَمَا أَسْأَلُكُمْ عَلَيْهِ مِنْ أَجْرٍ ۖ إِنْ أَجْرِيَ إِلَّا عَلَىٰ رَبِّ الْعَالَمِينَ",
            "128": "أَتَبْنُونَ بِكُلِّ رِيعٍ آيَةً تَعْبَثُونَ",
            "129": "وَتَتَّخِذُونَ مَصَانِعَ لَعَلَّكُمْ تَخْلُدُونَ",
            "130": "وَإِذَا بَطَشْتُمْ بَطَشْتُمْ جَبَّارِينَ",
            "131": "فَاتَّقُوا اللَّهَ وَأَطِيعُونِ",
            "132": "وَاتَّقُوا الَّذِي أَمَدَّكُمْ بِمَا تَعْلَمُونَ",
            "133": "أَمَدَّكُمْ بِأَنْعَامٍ وَبَنِينَ",
            "134": "وَجَنَّاتٍ وَعُيُونٍ",
            "135": "إِنِّي أَخَافُ عَلَيْكُمْ عَذَابَ يَوْمٍ عَظِيمٍ",
            "136": "قَالُوا سَوَاءٌ عَلَيْنَا أَوَعَظْتَ أَمْ لَمْ تَكُنْ مِنَ الْوَاعِظِينَ",
            "137": "إِنْ هَٰذَا إِلَّا خُلُقُ الْأَوَّلِينَ",
            "138": "وَمَا نَحْنُ بِمُعَذَّبِينَ",
            "139": "فَكَذَّبُوهُ فَأَهْلَكْنَاهُمْ ۗ إِنَّ فِي ذَٰلِكَ لَآيَةً ۖ وَمَا كَانَ أَكْثَرُهُمْ مُؤْمِنِينَ",
            "140": "وَإِنَّ رَبَّكَ لَهُوَ الْعَزِيزُ الرَّحِيمُ",
            "141": "كَذَّبَتْ ثَمُودُ الْمُرْسَلِينَ",
            "142": "إِذْ قَالَ لَهُمْ أَخُوهُمْ صَالِحٌ أَلَا تَتَّقُونَ",
            "143": "إِنِّي لَكُمْ رَسُولٌ أَمِينٌ",
            "144": "فَاتَّقُوا اللَّهَ وَأَطِيعُونِ",
            "145": "وَمَا أَسْأَلُكُمْ عَلَيْهِ مِنْ أَجْرٍ ۖ إِنْ أَجْرِيَ إِلَّا عَلَىٰ رَبِّ الْعَالَمِينَ",
            "146": "أَتُتْرَكُونَ فِي مَا هَاهُنَا آمِنِينَ",
            "147": "فِي جَنَّاتٍ وَعُيُونٍ",
            "148": "وَزُرُوعٍ وَنَخْلٍ طَلْعُهَا هَضِيمٌ",
            "149": "وَتَنْحِتُونَ مِنَ الْجِبَالِ بُيُوتًا فَارِهِينَ",
            "150": "فَاتَّقُوا اللَّهَ وَأَطِيعُونِ",
            "151": "وَلَا تُطِيعُوا أَمْرَ الْمُسْرِفِينَ",
            "152": "الَّذِينَ يُفْسِدُونَ فِي الْأَرْضِ وَلَا يُصْلِحُونَ",
            "153": "قَالُوا إِنَّمَا أَنْتَ مِنَ الْمُسَحَّرِينَ",
            "154": "مَا أَنْتَ إِلَّا بَشَرٌ مِثْلُنَا فَأْتِ بِآيَةٍ إِنْ كُنْتَ مِنَ الصَّادِقِينَ",
            "155": "قَالَ هَٰذِهِ نَاقَةٌ لَهَا شِرْبٌ وَلَكُمْ شِرْبُ يَوْمٍ مَعْلُومٍ",
            "156": "وَلَا تَمَسُّوهَا بِسُوءٍ فَيَأْخُذَكُمْ عَذَابُ يَوْمٍ عَظِيمٍ",
            "157": "فَعَقَرُوهَا فَأَصْبَحُوا نَادِمِينَ",
            "158": "فَأَخَذَهُمُ الْعَذَابُ ۗ إِنَّ فِي ذَٰلِكَ لَآيَةً ۖ وَمَا كَانَ أَكْثَرُهُمْ مُؤْمِنِينَ",
            "159": "وَإِنَّ رَبَّكَ لَهُوَ الْعَزِيزُ الرَّحِيمُ",
            "160": "كَذَّبَتْ قَوْمُ لُوطٍ الْمُرْسَلِينَ",
            "161": "إِذْ قَالَ لَهُمْ أَخُوهُمْ لُوطٌ أَلَا تَتَّقُونَ",
            "162": "إِنِّي لَكُمْ رَسُولٌ أَمِينٌ",
            "163": "فَاتَّقُوا اللَّهَ وَأَطِيعُونِ",
            "164": "وَمَا أَسْأَلُكُمْ عَلَيْهِ مِنْ أَجْرٍ ۖ إِنْ أَجْرِيَ إِلَّا عَلَىٰ رَبِّ الْعَالَمِينَ",
            "165": "أَتَأْتُونَ الذُّكْرَانَ مِنَ الْعَالَمِينَ",
            "166": "وَتَذَرُونَ مَا خَلَقَ لَكُمْ رَبُّكُمْ مِنْ أَزْوَاجِكُمْ ۚ بَلْ أَنْتُمْ قَوْمٌ عَادُونَ",
            "167": "قَالُوا لَئِنْ لَمْ تَنْتَهِ يَا لُوطُ لَتَكُونَنَّ مِنَ الْمُخْرَجِينَ",
            "168": "قَالَ إِنِّي لِعَمَلِكُمْ مِنَ الْقَالِينَ",
            "169": "رَبِّ نَجِّنِي وَأَهْلِي مِمَّا يَعْمَلُونَ",
            "170": "فَنَجَّيْنَاهُ وَأَهْلَهُ أَجْمَعِينَ",
            "171": "إِلَّا عَجُوزًا فِي الْغَابِرِينَ",
            "172": "ثُمَّ دَمَّرْنَا الْآخَرِينَ",
            "173": "وَأَمْطَرْنَا عَلَيْهِمْ مَطَرًا ۖ فَسَاءَ مَطَرُ الْمُنْذَرِينَ",
            "174": "إِنَّ فِي ذَٰلِكَ لَآيَةً ۖ وَمَا كَانَ أَكْثَرُهُمْ مُؤْمِنِينَ",
            "175": "وَإِنَّ رَبَّكَ لَهُوَ الْعَزِيزُ الرَّحِيمُ",
            "176": "كَذَّبَ أَصْحَابُ الْأَيْكَةِ الْمُرْسَلِينَ",
            "177": "إِذْ قَالَ لَهُمْ شُعَيْبٌ أَلَا تَتَّقُونَ",
            "178": "إِنِّي لَكُمْ رَسُولٌ أَمِينٌ",
            "179": "فَاتَّقُوا اللَّهَ وَأَطِيعُونِ",
            "180": "وَمَا أَسْأَلُكُمْ عَلَيْهِ مِنْ أَجْرٍ ۖ إِنْ أَجْرِيَ إِلَّا عَلَىٰ رَبِّ الْعَالَمِينَ",
            "181": "أَوْفُوا الْكَيْلَ وَلَا تَكُونُوا مِنَ الْمُخْسِرِينَ",
            "182": "وَزِنُوا بِالْقِسْطَاسِ الْمُسْتَقِيمِ",
            "183": "وَلَا تَبْخَسُوا النَّاسَ أَشْيَاءَهُمْ وَلَا تَعْثَوْا فِي الْأَرْضِ مُفْسِدِينَ",
            "184": "وَاتَّقُوا الَّذِي خَلَقَكُمْ وَالْجِبِلَّةَ الْأَوَّلِينَ",
            "185": "قَالُوا إِنَّمَا أَنْتَ مِنَ الْمُسَحَّرِينَ",
            "186": "وَمَا أَنْتَ إِلَّا بَشَرٌ مِثْلُنَا وَإِنْ نَظُنُّكَ لَمِنَ الْكَاذِبِينَ",
            "187": "فَأَسْقِطْ عَلَيْنَا كِسَفًا مِنَ السَّمَاءِ إِنْ كُنْتَ مِنَ الصَّادِقِينَ",
            "188": "قَالَ رَبِّي أَعْلَمُ بِمَا تَعْمَلُونَ",
            "189": "فَكَذَّبُوهُ فَأَخَذَهُمْ عَذَابُ يَوْمِ الظُّلَّةِ ۚ إِنَّهُ كَانَ عَذَابَ يَوْمٍ عَظِيمٍ",
            "190": "إِنَّ فِي ذَٰلِكَ لَآيَةً ۖ وَمَا كَانَ أَكْثَرُهُمْ مُؤْمِنِينَ",
            "191": "وَإِنَّ رَبَّكَ لَهُوَ الْعَزِيزُ الرَّحِيمُ",
            "192": "وَإِنَّهُ لَتَنْزِيلُ رَبِّ الْعَالَمِينَ",
            "193": "نَزَلَ بِهِ الرُّوحُ الْأَمِينُ",
            "194": "عَلَىٰ قَلْبِكَ لِتَكُونَ مِنَ الْمُنْذِرِينَ",
            "195": "بِلِسَانٍ عَرَبِيٍّ مُبِينٍ",
            "196": "وَإِنَّهُ لَفِي زُبُرِ الْأَوَّلِينَ",
            "197": "أَوَلَمْ يَكُنْ لَهُمْ آيَةً أَنْ يَعْلَمَهُ عُلَمَاءُ بَنِي إِسْرَائِيلَ",
            "198": "وَلَوْ نَزَّلْنَاهُ عَلَىٰ بَعْضِ الْأَعْجَمِينَ",
            "199": "فَقَرَأَهُ عَلَيْهِمْ مَا كَانُوا بِهِ مُؤْمِنِينَ",
            "200": "كَذَٰلِكَ سَلَكْنَاهُ فِي قُلُوبِ الْمُجْرِمِينَ",
            "201": "لَا يُؤْمِنُونَ بِهِ حَتَّىٰ يَرَوُا الْعَذَابَ الْأَلِيمَ",
            "202": "فَيَأْتِيَهُمْ بَغْتَةً وَهُمْ لَا يَشْعُرُونَ",
            "203": "فَيَقُولُوا هَلْ نَحْنُ مُنْظَرُونَ",
            "204": "أَفَبِعَذَابِنَا يَسْتَعْجِلُونَ",
            "205": "أَفَرَأَيْتَ إِنْ مَتَّعْنَاهُمْ سِنِينَ",
            "206": "ثُمَّ جَاءَهُمْ مَا كَانُوا يُوعَدُونَ",
            "207": "مَا أَغْنَىٰ عَنْهُمْ مَا كَانُوا يُمَتَّعُونَ",
            "208": "وَمَا أَهْلَكْنَا مِنْ قَرْيَةٍ إِلَّا لَهَا مُنْذِرُونَ",
            "209": "ذِكْرَىٰ وَمَا كُنَّا ظَالِمِينَ",
            "210": "وَمَا تَنَزَّلَتْ بِهِ الشَّيَاطِينُ",
            "211": "وَمَا يَنْبَغِي لَهُمْ وَمَا يَسْتَطِيعُونَ",
            "212": "إِنَّهُمْ عَنِ السَّمْعِ لَمَعْزُولُونَ",
            "213": "فَلَا تَدْعُ مَعَ اللَّهِ إِلَٰهًا آخَرَ فَتَكُونَ مِنَ الْمُعَذَّبِينَ",
            "214": "وَأَنْذِرْ عَشِيرَتَكَ الْأَقْرَبِينَ",
            "215": "وَاخْفِضْ جَنَاحَكَ لِمَنِ اتَّبَعَكَ مِنَ الْمُؤْمِنِينَ",
            "216": "فَإِنْ عَصَوْكَ فَقُلْ إِنِّي بَرِيءٌ مِمَّا تَعْمَلُونَ",
            "217": "وَتَوَكَّلْ عَلَى الْعَزِيزِ الرَّحِيمِ",
            "218": "الَّذِي يَرَاكَ حِينَ تَقُومُ",
            "219": "وَتَقَلُّبَكَ فِي السَّاجِدِينَ",
            "220": "إِنَّهُ هُوَ السَّمِيعُ الْعَلِيمُ",
            "221": "هَلْ أُنَبِّئُكُمْ عَلَىٰ مَنْ تَنَزَّلُ الشَّيَاطِينُ",
            "222": "تَنَزَّلُ عَلَىٰ كُلِّ أَفَّاكٍ أَثِيمٍ",
            "223": "يُلْقُونَ السَّمْعَ وَأَكْثَرُهُمْ كَاذِبُونَ",
            "224": "وَالشُّعَرَاءُ يَتَّبِعُهُمُ الْغَاوُونَ",
            "225": "أَلَمْ تَرَ أَنَّهُمْ فِي كُلِّ وَادٍ يَهِيمُونَ",
            "226": "وَأَنَّهُمْ يَقُولُونَ مَا لَا يَفْعَلُونَ",
            "227": "إِلَّا الَّذِينَ آمَنُوا وَعَمِلُوا الصَّالِحَاتِ وَذَكَرُوا اللَّهَ كَثِيرًا وَانْتَصَرُوا مِنْ بَعْدِ مَا ظُلِمُوا ۗ وَسَيَعْلَمُ الَّذِينَ ظَلَمُوا أَيَّ مُنْقَلَبٍ يَنْقَلِبُونَ"
        },
        "farsi": {
            "1": "\nطاء، سین، میم",
            "2": " این است آیات [با عظمتِ] کتابِ روشنگر،",
            "3": "بیم آن است که چون آنان مؤمن نمی شوند جانت را [از شدت اندوه و حسرت] از دست بدهی!",
            "4": " اگر بخواهیم معجزه ای [بزرگ] برای آنان از آسمان می فرستیم که فروتنانه [و بی اختیار] در برابرش گردن نهند ",
            "5": " هیچ سخن تازه ای [بعد از نزول سخنان گذشته] از سوی خداوندِ رحمان برای آنان نمی آید مگر آن که از آن [هم] رویگردانند!",
            "6": " همانا [آیات ما را که شامل وعده ها و تهدید هاست] انکار کردند [و آن ها را به مسخره گرفتند]، به زودی [محقق شدنِ] خبرهای [بسیار مهمی] که مسخره می کردند به آنان می رسد ",
            "7": " آیا [با تأمل] به زمین نظر نکردند که در آن، چه بسیار از انواع [گیاهان و درختانِ] با ارزش [و مفید] رویانده ایم ؟",
            "8": "به راستی در این [مسئله]، نشانه ای است [از قدرت و رحمت و ربوبیت خداوند،] ولی بیشترشان [به سبب رسوخِ کبر و لجاجت در دلشان،] اهل ایمان آوردن نبودند ",
            "9": " یقیناً پروردگارت همان خدای شکست ناپذیرِ مهربان است ",
            "10": " چون پروردگارت به موسی ندا داد که: خود را به گروه ستمکار برسان ",
            "11": " [به] گروه فرعونیان، [که به آنان هشدار دهی؛ که] آیا [از فرجام شوم شرک و ستم، و جنایت به مردم] نمی پرهیزید؟",
            "12": " گفت: پروردگارا! می ترسم مرا انکارم کنند ",
            "13": " و سینه ام [از این وظیفۀ سنگین] تنگی می کند، و زبانم [برای رساندن پیامِ وحی به اندازۀ لازم] گویا و روان نیست، پس هارون [برادرم] را [نیز] مقام رسالت بخش [تا مرا در رسالتم یاری دهد] ",
            "14": " و آنان را بر ضد من [ادعای] جرم و گناهی است که می ترسم مرا بکشند ",
            "15": " [خداوند] فرمود: چنین نیست [که فرعونیان بر شما پیروز شوند]، شما معجزات ما را ببرید که ما یقیناً با شماییم، [و گفتارتان را] می شنویم ",
            "16": " بنابراین خود را به فرعون [سرکردۀ ستمکاران] برسانید، و بگویید: همانا ما فرستادۀ پروردگار جهانیانیم ",
            "17": " [با این فرمان] که بنی اسرائیل را [از چنگال ستم و جنایتت آزاد کرده،] با ما بفرست ",
            "18": " [فرعون] گفت: آیا ما تو را در کودکی ات در میان [آغوش] خود پرورش ندادیم، و سالیانی از عمرت را در میان ما نبودی؟",
            "19": " و سرانجام کاری که نباید می کردی [و آن کشتن یکی از قبطیان بود] انجام دادی، درحالی که [در مورد نعمت ها و زحمات ما] از ناسپاسان بودی ",
            "20": "\n \nموسی گفت: آن زمان که آن کار را انجام دادم به فکرم نمی رسید [ که با مُشت زدنم در دفاع از مظلوم، ظالمی کشته می شود ]",
            "21": " چون از [انتقامِ ظالمانه] شما ترسیدم از دستتان گریختم، [بعد از گریختن و شکیبایی در برابر حوادث،] پروردگارم به من حکمت بخشید و مرا از پیامبران قرار داد ",
            "22": " آیا این که بنی اسرائیل را به بردگی گرفته ای نعمتی است که منّتش را بر من می گذاری؟!",
            "23": " فرعون گفت: پروردگارِ جهانیان چیست [که ما را به او دعوت می کنی]؟",
            "24": " پاسخ داد: اگر باور می کنید او مالک و مدبّر آسمان ها و زمین و پدیده های میان آن ها است ",
            "25": " [فرعون با لحنی تمسخرآمیز] به اطرافیانش گفت: آیا نمی شنوید [چه می گوید]؟",
            "26": " [موسی] گفت: او مالک و مدبّر شما و پدران پیشین شماست ",
            "27": " [فرعون] گفت: این پیامبر شما که به سویتان فرستاده اند قطعاً دیوانه است!",
            "28": " [موسی] گفت: اگر اهل اندیشه هستید [او که مرا فرستاده] مالک و پروردگار مشرق و مغرب و همۀ موجوداتی است که میان آن هاست",
            "29": " [فرعون] گفت: اگر معبودی جز من انتخاب کنی حتماً تو را از زندانیان قرار خواهم داد ",
            "30": " [موسی] گفت: گرچه معجزۀ آشکاری برایت آورده باشم؟",
            "31": " گفت: اگر راستگویی آن را ارائه کن ",
            "32": " [موسی] عصایش را انداخت، ناگهان به صورت اژدهایی واقعی نمایان شد ",
            "33": " و دستش را [از گریبانش] بیرون آورد که [دور از انتظارِ] برای بینندگان درخشان بود ",
            "34": " فرعون به سرانِ [متکبّر] پیرامونش گفت: بی گمان این جادوگری بسیار ماهر و کاردان است!",
            "35": " می خواهد با جادوگری اش شما را از سرزمینتان بیرون کند، رأی شما [در این موضوع] چیست؟",
            "36": " گفتند: [کارِ زندانی کردنِ] او و برادرش را به تأخیر انداز، و گردآورندگانی را به شهرها روانه کن ",
            "37": " تا هر جادوگر بسیار ماهر و کاردانی را نزد تو آورند ",
            "38": " پس [همۀ] جادوگران را در وعده گاهِ روزی مشخص جمع کردند ",
            "39": " و به مردم گفتند: آیا شما [هم در این وعده گاه] جمع خواهید شد؟",
            "40": "\n \nبه این امید که اگر جادوگران پیروز شوند از [فرهنگ] آنان پیروی کنیم ",
            "41": "چون جادوگران آمدند به فرعون گفتند: آیا چنانچه ما پیروز شویم حتماً پاداش شایسته ای برای ما خواهد بود؟",
            "42": " گفت: آری در آن صورت بدون تردید از مقرّبان [ما] خواهید شد ",
            "43": " موسی به جادوگران گفت: بیفکنید آنچه را می خواهید بیفکنید! ",
            "44": " پس ریسمان ها و عصاهایشان را افکندند و گفتند: سوگند به عزت فرعون که ما حتماً پیروزیم ",
            "45": " موسی [پس از جادوی جادوگران] عصایش را افکند، بی درنگ آنچه را جادوگران با نیرنگ ساخته بودند بلعید ",
            "46": " پس جادوگران [که دریافتند این کاری غیر سِحر است، بدون درنگ] به سجده افتادند!",
            "47": " [در حال سجده] گفتند: ما به پروردگار جهانیان ایمان آوردیم ",
            "48": " پروردگار موسی و هارون ",
            "49": " [فرعون] گفت: پیش از آن که به شما اجازه دهم به او مؤمن شدید؟ لابد او بزرگِ شماست که [دانش] جادوگری را به شما آموخته، به زودی [نتیجۀ کارتان را] خواهید دانست؛ هرآینه دست و پای شما را برعکس [یکدیگر؛ یعنی دست راست و پای چپ، یا دست چپ و پای راست] قطع خواهم کرد، و بی تردید همۀ شما را به دار خواهم آویخت ",
            "50": " گفتند: [در این شکنجه و عذابی که در راه ایمان می بینیم] زیانی [به ما] نخواهد رسید، همانا ما [پس از کشته شدن به دست تو] به سوی پروردگارمان بازمی گردیم ",
            "51": "همانا ما امیدواریم که پروردگارمان خطاهای ما را بیامرزد، از آن رو که نخستین ایمان آورندگان [از این قوم] بودیم ",
            "52": " به موسی وحی کردیم که: شبانه بندگانم را کوچ ده! که حتماً [دشمنان] دنبال شما خواهند آمد ",
            "53": " پس فرعون [برای تأمین نیرو] گروهی گردآورنده را به شهرها فرستاد ",
            "54": " [و گفت:] اینان [که بر ضد من هستند] گروهی اندکند ",
            "55": " که همواره ما را [با کارهایشان] خشمگین می کنند ",
            "56": " ما گروهی یکپارچه و متحد و آمادۀ جنگیم ",
            "57": " پس فرعونیان را [به دنبال بنی اسرائیل] از بوستان ها و چشمه سارها [که نعمت های ما در سرزمین مصر بود] بیرون راندیم ",
            "58": " و [از] گنجینه های پُرقیمت و قصرهای [مجلل و] نیکو [محروم ساختیم] ",
            "59": " بدین گونه [نعمت ها را از آنان گرفته،] و بنی اسرائیل را وارث [همۀ] آن ها کردیم ",
            "60": " پس [فرعونیان] هنگام طلوع آفتاب بنی اسرائیل را دنبال کردند ",
            "61": "\n \nچون آن دو گروه یکدیگر را دیدند، یاران موسی گفتند: بی شک ما به چنگ آنان خواهیم افتاد !",
            "62": "[موسی] گفت: چنین نیست [که می گویید]، مسلّماً پروردگارم با من است و به زودی مرا [به امورِ بعد از این] راهنمایی خواهد کرد ",
            "63": " به موسی وحی کردیم: عصایت را به این دریا بزن! [موسی عصایش را به دریا زد و] دریا از هم شکافت، و هر پاره[ اش] چون کوهی بزرگ گردید ",
            "64": " در آن جا آن گروهِ دیگر را [که برای دستگیری بنی اسرائیل آمده بودند به دریا] نزدیک کردیم ",
            "65": " موسی و هرکه را همراه او بود [از میان دریا] نجات دادیم ",
            "66": " سپس آن گروهِ دیگر را غرق کردیم ",
            "67": "مسلّماً در این [سرگذشت] عبرت و درس بزرگی است، ولی بیشتر فرعونیان ایمان آور نبودند ",
            "68": " به یقین، پروردگارت همان توانای شکست ناپذیر [و] مهربان است ",
            "69": " سرگذشت [مهم و درس آموزِ] ابراهیم را برای مردم بخوان ",
            "70": " هنگامی که به پدر [خوانده اش] و قومش گفت: چه چیزی را می پرستید؟",
            "71": " گفتند: بُت ها را می پرستیم، و همواره پایبندِ پرستش آن هاییم ",
            "72": " گفت: آیا زمانی که آن ها را [برای حل مشکلاتتان و رواشدنِ حاجاتتان] می خوانید، [خواندنِ] شما را می شنوند؟",
            "73": " یا به شما سود و زیانی می رسانند؟",
            "74": " گفتند: [نه،] بلکه پدرانمان را [چنین] یافتیم که به این صورت عمل می کردند",
            "75": " گفت: آیا تأمل کرده اید در مورد بُت هایی که همواره می پرستید ",
            "76": " [همان بت هایی که] شما و پدران پیشینتان [آن ها را می پرستید]",
            "77": "این [بُت] ها دشمن من هستند؟ [چون پرستش آن ها مساوی با عذاب جاودان است،] مگر پروردگار جهانیان [که پرستیدنش مایۀ رشد و کمال و سعادت اَبدی است] ",
            "78": " همان [پروردگاری] که مرا آفریده و راهنمایی ام می کند ",
            "79": " و طعامم می دهد، و سیرابم می سازد ",
            "80": " و چون بیمار می شوم شفایم می بخشد ",
            "81": " و مرا می میراند، سپس حیات [دوباره] می دهد ",
            "82": "و امید دارم که روزجزا خطایم را بیامرزد ",
            "83": " پروردگارا! به من حکمت عطا کن! و به شایستگان ملحقم ساز!",
            "84": "\n \nو نام نیکی برایم در [نسل های] آینده قرار ده !",
            "85": " و مرا از وارثان بهشتِ پُرنعمت گردان !",
            "86": " و پدر [خوانده] من را بیامرز! که او از گمراهان بود ",
            "87": " و روزی که [مردگان] برانگیخته می شوند رسوایم مکن !",
            "88": " روزی که هیچ مال و اولادی سود نمی دهد ،",
            "89": " مگر کسی که قلبی سالم [از آلودگی ها] به پیشگاه خداوند بیاورد،",
            "90": " [آن روز] بهشت را برای آنان که از خدا [اطاعت کردند و از محرّماتش] پرهیز نمودند نزدیک آورند ",
            "91": "و آتشِ برافروخته را برای گمراهان آشکار کنند ",
            "92": " و به آنان گویند: کجایند آنچه را می پرستیدید؟",
            "93": " [آن معبودانی که] به جای خدا [پرستیدید] آیا شما را [برای نجات از آتش] یاری می دهند، یا می توانند از خود دفاع کنند؟",
            "94": " پس آن بُت ها و گمراهان، به رو در آتشِ افروخته افکنده می شوند ",
            "95": " با همۀ سپاهیانِ ابلیس ",
            "96": " درحالی که در آن [آتشِ افروخته] با هم جدال و مشاجره می کنند، [و به بُت ها] می گویند:",
            "97": " به خداوند سوگند که ما در گمراهی آشکاری بودیم ",
            "98": "زیرا شما را با پروردگار جهانیان برابر قرار دادیم ",
            "99": " و ما را جز گنه پیشگان[که سردمداران کفر و متولیان بتکده ها بودند] گمراه نکردند ",
            "100": " در نتیجه برای ما نه شفیعانی است ",
            "101": " و نه دوستی صمیمی ",
            "102": " ای کاش برای ما [راه] بازگشتی [به دنیا] بود تا از مؤمنان می شدیم !",
            "103": "مسلّماً در این [سرگذشت]، عبرت و درس بزرگی است، و [قوم ابراهیم] بیشترشان ایمان آور نبودند",
            "104": "و به راستی پروردگارت همان توانای شکست ناپذیر [و] مهربان است ",
            "105": " قوم نوح پیامبران را انکار کردند ",
            "106": " هنگامی که برادرشان نوح به آنان گفت: آیا [از فرجام شومِ شرک و ستم و جنایت به مردم] نمی پرهیزید؟",
            "107": "همانا من فرستاده ای امین برای شمایم ",
            "108": " بنابراین از خداوند [اطاعت کرده، و از محرّماتش] بپرهیزید، و از من فرمان ببرید !",
            "109": " من در برابر این [ابلاغ رسالتم] هیچ پاداشی از شما نمی خواهم، پاداشم فقط بر عهدۀ پروردگار جهانیان است ",
            "110": " بنابراین از خداوند [اطاعت کرده، و از محرّماتش] بپرهیزید، و از من فرمان ببرید !",
            "111": " گفتند: آیا ما به تو مؤمن شویم درحالی که فرومایگان از تو پیروی کرده اند؟!",
            "112": "\n \n[نوح] گفت: من به آنچه اینان در گذشته انجام می داده اند آگاه نیستم؟",
            "113": " حساب آن ها اگر [واقعاً] درک می کنید جز بر عهدۀ پروردگارم نیست ",
            "114": " من طردکنندۀ مؤمنان نخواهم بود ",
            "115": " من جز هشداردهنده ای آشکار نیستم ",
            "116": " گفتند: ای نوح! اگر [از ابلاغ آنچه وحی خدا می دانی] بازنایستی حتماً سنگسار خواهی شد!",
            "117": " گفت: پروردگارا! همانا قوم من مرا انکار کردند ",
            "118": " پس بین من و آنان چنان که شایسته است داوری کن! و من و مؤمنانی را که با من هستند [از شرّ آنان] نجات ده! ",
            "119": " پس او و کسانی را که با او در آن کشتی پُربار بودند نجات دادیم ",
            "120": " سپس همۀ باقی ماندگان را بعد از آن غرق کردیم ",
            "121": "بی گمان در این [سرگذشت] عبرت و درس بزرگی است، و [قوم نوح] بیشترشان ایمان آور نبودند،",
            "122": "و به راستی پروردگارت همان توانای شکست ناپذیر [و] مهربان است ",
            "123": " [قوم] عاد پیامبران را انکار کردند ",
            "124": " هنگامی که برادرشان هود به آنان گفت: آیا [از فرجام شومِ شرک و ستم و جنایت به مردم] نمی پرهیزید؟",
            "125": " بی تردید من فرستاده ای امین برای شمایم ",
            "126": " بنابراین از خداوند [اطاعت کرده، و از محرّماتش] بپرهیزید و از من فرمان ببرید !",
            "127": " من در برابر این [ابلاغ رسالتم] هیچ پاداشی از شما نمی خواهم، پاداش من فقط بر عهدۀ پروردگار جهانیان است ",
            "128": "آیا شما بر روی هر مکان بلندی از روی بیهوده کاری [و بدون نیاز]، برج عظیم می سازید؟",
            "129": " و کاخ ها [و قصرهای استوار] احداث می کنید که شاید جاویدان بمانید؟!",
            "130": " و چون [به صورت خشونت بار براساس قوانین ظالمانه ای که وضع کرده اید، برای کیفردادن به مردم] وارد عمل می شوید زورمدارانه وارد می شوید ",
            "131": " [بیایید] از خداوند [اطاعت کرده، و از محرّماتش] بپرهیزید و از من فرمان ببرید !",
            "132": " و از کسی که شما را به آنچه [از انواع نعمت ها] که خود می دانید یاری رسانده پروا کنید !",
            "133": " [آری] به وسیلۀ چهارپایان و فرزندان به شما یاری داده است ",
            "134": " و [به وسیلۀ] بوستان ها و چشمه سارها ",
            "135": " بی تردید من بر شما از عذاب روزی بزرگ می ترسم ",
            "136": " گفتند: چه ما را موعظه کنی چه نکنی برایمان یکسان است",
            "137": "\n \nاین [موعظه های تو چیزی] جز شیوۀ پیشینیان [که اعتبار و ارزشی ندارد] نیست ",
            "138": " و ما گرفتار [این] عذاب [که به آن تهدیدمان می کنی] نخواهیم شد ",
            "139": " نهایتاً او را انکار کردند، و [بعد از انکار] هلاکشان کردیم، بی تردید در این [سرگذشت] عبرت و درس بزرگی است، و [قوم هود] بیشترشان ایمان آور نبودند ",
            "140": "و به راستی پروردگارت همان توانای شکست ناپذیر [و] مهربان است ",
            "141": " [قوم] ثمود پیامبران را انکار کردند ",
            "142": " هنگامی که برادرشان صالح به آنان گفت: آیا [از فرجام شومِ شرک و ستم و جنایت به مردم] نمی پرهیزید؟",
            "143": " بی تردید من فرستاده ای امین برای شمایم ",
            "144": " بنابراین از خداوند [اطاعت کرده، و از محرّماتش] بپرهیزید و از من فرمان ببرید !",
            "145": " من در برابر این [ابلاغ رسالتم] هیچ پاداشی از شما نمی خواهم، پاداش من فقط بر عهدۀ پروردگار جهانیان است ",
            "146": " آیا شما را در آنچه [از نعمت ها] در این دنیا وجود دارد، ایمن [از تغییر و زوال] رهایتان خواهند کرد؟",
            "147": " در بوستان ها و چشمه سارها ؟",
            "148": " در کشتزارها و نخلستان هایی که شکوفه هایشان با طراوت و لطیف است؟",
            "149": " ماهرانه از کوه ها خانه هایی می تراشید [به امید این که از هر آسیبی حتی مرگ در امان بمانید]!",
            "150": " [بیایید] از خداوند [اطاعت کرده، و از محرّماتش] بپرهیزید و از من فرمان ببرید !",
            "151": " و از فرمانِ اهل اسراف پیروی نکنید !",
            "152": " [هم] آنان که در زمین تبهکاری و فتنه انگیزی می کنند، و به اصلاح [امور] نمی پردازند ",
            "153": " گفتند: جز این نیست که تو از افسون شدگانی ",
            "154": " تو جز بشری مانند ما نیستی، اگر در ادعایت راستگویی معجزه ای بیاور !",
            "155": " گفت: این ماده شتری است [که از من خواستید و به ارادۀ خداوند از دل کوه بیرون آمده]، سهمی از آبِ [چشمه] برای او، و سهم روز معینی برای شماست ",
            "156": " به او آسیبی نرسانید که عذاب روزی بزرگ شما را خواهد گرفت !",
            "157": " ولی ناقه را پی کردند، و [از کار خود] پشیمان شدند ",
            "158": " نهایتاً دچار عذاب شدند، بی تردید در این [سرگذشت] عبرت و درس بزرگی است، و [قوم صالح] بیشترشان ایمان آور نبودند ",
            "159": "و به راستی پروردگارت همان توانای شکست ناپذیر [و] مهربان است ",
            "160": "\n \nقوم لوط پیامبران را انکار کردند ",
            "161": "هنگامی که برادرشان لوط به آنان گفت: آیا [از فرجام شومِ شرک و ستم و جنایت به مردم] نمی پرهیزید؟",
            "162": " بی تردید من فرستاده ای امین برای شمایم ",
            "163": " بنابراین از خداوند [اطاعت کرده، و از محرّماتش] بپرهیزید و از من فرمان ببرید !",
            "164": " من از شما در برابر این [ابلاغ رسالتم] هیچ پاداشی نمی خواهم، پاداش من فقط برعهدۀ پروردگار جهانیان است ",
            "165": " آیا [نه این است که] از بین مردمِ جهان [فقط شما هستید که] با مردان آمیزش می کنید؟!",
            "166": " و همسرانتان را که پروردگارتان برای شما آفریده رها می کنید؟ [بر این کار بسیار زشت دلیلی ندارید،] بلکه شما قومی متجاوز [از حدود خدا] هستید ",
            "167": " گفتند: ای لوط! اگر [از ابلاغ پیام هایت] بازنایستی حتماً تبعید خواهی شد ",
            "168": " [لوط] گفت: همانا من [متنفر و] دشمن این کار شمایم ",
            "169": " پروردگارا! مرا و خانواده ام را از [آثار و وِزر و وبال] آنچه مرتکب می شوند نجات بده !",
            "170": " پس او و همۀ خانواده اش را نجات دادیم ",
            "171": "مگر پیره زنی [را که] در [میان] باقی ماندگان [بود] ",
            "172": " سپس دیگران را نابود کردیم ",
            "173": " و بارانی [از سنگ] بر آنان فروریختیم، بد بود بارانِ بیم داده شدگان !",
            "174": " بی تردید در این [سرگذشت] عبرت و درس بزرگی است، و [قوم لوط] بیشترشان ایمان آور نبودند ",
            "175": "و به راستی پروردگارت همان توانای شکست ناپذیر [و] مهربان است ",
            "176": " مردمِ«اَیکه» پیامبران را انکار کردند ",
            "177": " هنگامی که شعیب به آنان گفت: آیا [ازفرجام شومِ شرک و ستم و جنایت به مردم] نمی پرهیزید؟",
            "178": " بی تردید من فرستاده ای امین برای شمایم ",
            "179": " بنابراین از خداوند [اطاعت کرده، از محرّماتش] بپرهیزید و از من فرمان ببرید !",
            "180": " من در برابر این [ابلاغ رسالتم] هیچ پاداشی از شما نمی خواهم، پاداش من فقط برعهدۀ پروردگار جهانیان است ",
            "181": " پیمانه را کامل کنید، و از کم فروشان نباشید !",
            "182": " و [متاع و کالا را] با ترازوی درست وزن کنید !",
            "183": " و از [ارزش] اشیاء و اجناس مردم [به هنگام خرید و فروش با حیله و ترفند] نکاهید! و در زمین تبهکاری و فتنه انگیزی نکنید [که بسیار زشت و ناپسند است ]",
            "184": "\n \nو از آن که شما و امت های پیشین را آفرید پروا کنید !",
            "185": "گفتند: جز این نیست که تو از جادوشدگانی!",
            "186": " تو جز بشری مانند ما نیستی، یقیناً ما تو را از دروغ گویان می دانیم ",
            "187": " اگر [در ادعایت] راست گویی پاره هایی از آسمان را بر ما فروریز ",
            "188": " [شعیب] گفت: پروردگارم به آنچه انجام می دهید داناتر است ",
            "189": " پس او را انکارکردند، در نتیجه عذابِ روزِ ابرِ آتش بار آنان را فراگرفت، همانا آن عذابِ روزی بزرگ بود!",
            "190": " بی تردید در این [سرگذشت] عبرت و درس بزرگی است، و [قوم شعیب] بیشترشان ایمان آور نبودند ",
            "191": " به راستی پروردگارت همان توانای شکست ناپذیر [و] مهربان است ",
            "192": " مسلّماً این [قرآن] فرستاده شدۀ پروردگار جهانیان است ",
            "193": " که روح الاَمین آن را نازل کرده است ",
            "194": " بر قلب تو، تا از هشداردهندگان باشی ",
            "195": " به زبانی روشنگر و گویا ",
            "196": " بی تردید [خبر] این [قرآن] در کتاب های پیشینیان آمده است ",
            "197": " آیا این که دانشمندان بنی اسرائیل قرآن را [با تکیه بر توراتشان] می شناسند برای مشرکان و کافران دلیلی [بر صِدق و حقانیت آن] نیست؟",
            "198": " اگر آن را [که مایۀ هدایت همگان است] بر بعضی از غیر عرب نازل کرده بودیم ",
            "199": " و او آن را بر عرب ها خوانده بود، [باز هم] به آن ایمان نمی آوردند ",
            "200": " این گونه [که به زبانی روشن و قابل فهم است] آن را در دل های گنه پیشگان وارد کرده ایم [که حق بودنش را بفهمند]",
            "201": " [ولی این متکبّرانِ لجوج] به آن ایمان نمی آورند تا آن عذاب دردناک را ببینند ",
            "202": " که ناگهان درحالی که [از آمدنش] بی خبرند بر آنان درآید ",
            "203": " [در آن لحظه که فرصت از دست رفته] فریاد می زنند: آیا مهلتمان می دهند [تا گذشتۀ خود را جبران کنیم] ؟",
            "204": "[با این وصف]، آیا [باز هم] به [آمدن] عذابِ ما شتاب دارند؟!",
            "205": " پس مرا خبر ده که اگر ما سالیانی آنان را [از نعمت های مادّی] بهره دهیم",
            "206": "سپس عذابی که همواره به آن تهدید می شدند بر آنان درآید ",
            "207": "\n \n آن نعمت ها[ی مادی] که همواره از آن بهره مند بودند [عذاب را] از آنان برطرف نمی کند",
            "208": " هیچ شهری را هلاک نکردیم مگر آن که هشداردهندگانی داشت",
            "209": " برای این که [از خواب غفلت] بیدار شوند، و ما هرگز ستمکار نبوده ایم [که مردمی را بدون فرستادن پیامبر هلاک کنیم ]",
            "210": " قرآن را [آن گونه که خیال بافانِ منحرف و کافر می گویند] شیاطین نازل نکرده اند ",
            "211": " و [نزول قرآن] سزاوار آنان نیست، و قدرت [نازل کردنِ چنین کتابی را] ندارند ",
            "212": " بی تردید آنان از شنیدن [وحی الهی و اخبار ملکوتی] برکنار مانده [و محروم]ند ",
            "213": " پس [با توجه به نزول قرآن که بیان کنندۀ توحید است،] با خداوند معبود دیگری را [به عنوان شریک در قدرت و کارساز] مخوان! که [دراین صورت] از عذاب شدگان خواهی بود",
            "214": " و خویشان نزدیکت را [از فرجام شومِ شرک و ستم و خیانت به مردم] هشدار ده !",
            "215": " و مؤمنانی را که از تو پیروی می کنند مورد محبت و فروتنی قرار ده!",
            "216": " چنانچه از تو نافرمانی کردند بگو: من از آنچه انجام می دهید بیزارم ",
            "217": " و بر خدای توانای شکست ناپذیرِ مهربان توکل کن !",
            "218": " هم او که تو را چون [به عبادت] برمی خیزی می بیند ",
            "219": " و حرکتت را در بین سجده کنندگان [شاهد است] ",
            "220": " یقیناً او شنوا و داناست ",
            "221": " آیا به شما خبر دهم که شیاطین بر چه کسانی نازل می شوند؟",
            "222": " بر هر دروغ پردازِ گنه پیشه ای نازل می گردند ",
            "223": " [که آنان هم] هرچه [از شیاطین] می شنوند [به دیگران] القا می کنند، و بیشترشان دروغگویند",
            "224": "و از شاعرانِ [خیال پرداز و یاوه سرا]، منحرفان پیروی می کنند ",
            "225": " آیا ندانسته ای که آنان در هر وادی [بی حاصل و بی هدفی] سرگردانند ؟",
            "226": " و مطالبی می گویند که خود به آن عمل نمی کنند ؟",
            "227": " مگر شاعرانی که ایمان آورده، و کارهای شایسته انجام داده، و خدا را بسیار یاد نموده [و قلباً مورد توجه قرار دادند]، و پس از آن که [از طرف شاعرانِ مشرکِ خیال پرداز] مورد [هجو و] ستم قرار گرفتند، [با به نظم کشیدنِ معارف الهی] به دفاع [از خود] برخاستند، به زودی آنان که ستم کردند خواهند دانست به چه بازگشت گاهی باز خواهند گشت "
        }
    }
}