{
    "2": {
        "number": 2,
        "title": "سورة  النمل",
        "bab": 4,
        "delay": 0,
        "arabic": {
            "1": "طس ۚ تِلْكَ آيَاتُ الْقُرْآنِ وَكِتَابٍ مُبِينٍ",
            "2": "هُدًى وَبُشْرَىٰ لِلْمُؤْمِنِينَ",
            "3": "الَّذِينَ يُقِيمُونَ الصَّلَاةَ وَيُؤْتُونَ الزَّكَاةَ وَهُمْ بِالْآخِرَةِ هُمْ يُوقِنُونَ",
            "4": "إِنَّ الَّذِينَ لَا يُؤْمِنُونَ بِالْآخِرَةِ زَيَّنَّا لَهُمْ أَعْمَالَهُمْ فَهُمْ يَعْمَهُونَ",
            "5": "أُولَٰئِكَ الَّذِينَ لَهُمْ سُوءُ الْعَذَابِ وَهُمْ فِي الْآخِرَةِ هُمُ الْأَخْسَرُونَ",
            "6": "وَإِنَّكَ لَتُلَقَّى الْقُرْآنَ مِنْ لَدُنْ حَكِيمٍ عَلِيمٍ",
            "7": "إِذْ قَالَ مُوسَىٰ لِأَهْلِهِ إِنِّي آنَسْتُ نَارًا سَآتِيكُمْ مِنْهَا بِخَبَرٍ أَوْ آتِيكُمْ بِشِهَابٍ قَبَسٍ لَعَلَّكُمْ تَصْطَلُونَ",
            "8": "فَلَمَّا جَاءَهَا نُودِيَ أَنْ بُورِكَ مَنْ فِي النَّارِ وَمَنْ حَوْلَهَا وَسُبْحَانَ اللَّهِ رَبِّ الْعَالَمِينَ",
            "9": "يَا مُوسَىٰ إِنَّهُ أَنَا اللَّهُ الْعَزِيزُ الْحَكِيمُ",
            "10": "وَأَلْقِ عَصَاكَ ۚ فَلَمَّا رَآهَا تَهْتَزُّ كَأَنَّهَا جَانٌّ وَلَّىٰ مُدْبِرًا وَلَمْ يُعَقِّبْ ۚ يَا مُوسَىٰ لَا تَخَفْ إِنِّي لَا يَخَافُ لَدَيَّ الْمُرْسَلُونَ",
            "11": "إِلَّا مَنْ ظَلَمَ ثُمَّ بَدَّلَ حُسْنًا بَعْدَ سُوءٍ فَإِنِّي غَفُورٌ رَحِيمٌ",
            "12": "وَأَدْخِلْ يَدَكَ فِي جَيْبِكَ تَخْرُجْ بَيْضَاءَ مِنْ غَيْرِ سُوءٍ ۖ فِي تِسْعِ آيَاتٍ إِلَىٰ فِرْعَوْنَ وَقَوْمِهِ ۚ إِنَّهُمْ كَانُوا قَوْمًا فَاسِقِينَ",
            "13": "فَلَمَّا جَاءَتْهُمْ آيَاتُنَا مُبْصِرَةً قَالُوا هَٰذَا سِحْرٌ مُبِينٌ",
            "14": "وَجَحَدُوا بِهَا وَاسْتَيْقَنَتْهَا أَنْفُسُهُمْ ظُلْمًا وَعُلُوًّا ۚ فَانْظُرْ كَيْفَ كَانَ عَاقِبَةُ الْمُفْسِدِينَ",
            "15": "وَلَقَدْ آتَيْنَا دَاوُودَ وَسُلَيْمَانَ عِلْمًا ۖ وَقَالَا الْحَمْدُ لِلَّهِ الَّذِي فَضَّلَنَا عَلَىٰ كَثِيرٍ مِنْ عِبَادِهِ الْمُؤْمِنِينَ",
            "16": "وَوَرِثَ سُلَيْمَانُ دَاوُودَ ۖ وَقَالَ يَا أَيُّهَا النَّاسُ عُلِّمْنَا مَنْطِقَ الطَّيْرِ وَأُوتِينَا مِنْ كُلِّ شَيْءٍ ۖ إِنَّ هَٰذَا لَهُوَ الْفَضْلُ الْمُبِينُ",
            "17": "وَحُشِرَ لِسُلَيْمَانَ جُنُودُهُ مِنَ الْجِنِّ وَالْإِنْسِ وَالطَّيْرِ فَهُمْ يُوزَعُونَ",
            "18": "حَتَّىٰ إِذَا أَتَوْا عَلَىٰ وَادِ النَّمْلِ قَالَتْ نَمْلَةٌ يَا أَيُّهَا النَّمْلُ ادْخُلُوا مَسَاكِنَكُمْ لَا يَحْطِمَنَّكُمْ سُلَيْمَانُ وَجُنُودُهُ وَهُمْ لَا يَشْعُرُونَ",
            "19": "فَتَبَسَّمَ ضَاحِكًا مِنْ قَوْلِهَا وَقَالَ رَبِّ أَوْزِعْنِي أَنْ أَشْكُرَ نِعْمَتَكَ الَّتِي أَنْعَمْتَ عَلَيَّ وَعَلَىٰ وَالِدَيَّ وَأَنْ أَعْمَلَ صَالِحًا تَرْضَاهُ وَأَدْخِلْنِي بِرَحْمَتِكَ فِي عِبَادِكَ الصَّالِحِينَ",
            "20": "وَتَفَقَّدَ الطَّيْرَ فَقَالَ مَا لِيَ لَا أَرَى الْهُدْهُدَ أَمْ كَانَ مِنَ الْغَائِبِينَ",
            "21": "لَأُعَذِّبَنَّهُ عَذَابًا شَدِيدًا أَوْ لَأَذْبَحَنَّهُ أَوْ لَيَأْتِيَنِّي بِسُلْطَانٍ مُبِينٍ",
            "22": "فَمَكَثَ غَيْرَ بَعِيدٍ فَقَالَ أَحَطْتُ بِمَا لَمْ تُحِطْ بِهِ وَجِئْتُكَ مِنْ سَبَإٍ بِنَبَإٍ يَقِينٍ",
            "23": "إِنِّي وَجَدْتُ امْرَأَةً تَمْلِكُهُمْ وَأُوتِيَتْ مِنْ كُلِّ شَيْءٍ وَلَهَا عَرْشٌ عَظِيمٌ",
            "24": "وَجَدْتُهَا وَقَوْمَهَا يَسْجُدُونَ لِلشَّمْسِ مِنْ دُونِ اللَّهِ وَزَيَّنَ لَهُمُ الشَّيْطَانُ أَعْمَالَهُمْ فَصَدَّهُمْ عَنِ السَّبِيلِ فَهُمْ لَا يَهْتَدُونَ",
            "25": "أَلَّا يَسْجُدُوا لِلَّهِ الَّذِي يُخْرِجُ الْخَبْءَ فِي السَّمَاوَاتِ وَالْأَرْضِ وَيَعْلَمُ مَا تُخْفُونَ وَمَا تُعْلِنُونَ",
            "26": "اللَّهُ لَا إِلَٰهَ إِلَّا هُوَ رَبُّ الْعَرْشِ الْعَظِيمِ ۩",
            "27": "قَالَ سَنَنْظُرُ أَصَدَقْتَ أَمْ كُنْتَ مِنَ الْكَاذِبِينَ",
            "28": "اذْهَبْ بِكِتَابِي هَٰذَا فَأَلْقِهْ إِلَيْهِمْ ثُمَّ تَوَلَّ عَنْهُمْ فَانْظُرْ مَاذَا يَرْجِعُونَ",
            "29": "قَالَتْ يَا أَيُّهَا الْمَلَأُ إِنِّي أُلْقِيَ إِلَيَّ كِتَابٌ كَرِيمٌ",
            "30": "إِنَّهُ مِنْ سُلَيْمَانَ وَإِنَّهُ بِسْمِ اللَّهِ الرَّحْمَٰنِ الرَّحِيمِ",
            "31": "أَلَّا تَعْلُوا عَلَيَّ وَأْتُونِي مُسْلِمِينَ",
            "32": "قَالَتْ يَا أَيُّهَا الْمَلَأُ أَفْتُونِي فِي أَمْرِي مَا كُنْتُ قَاطِعَةً أَمْرًا حَتَّىٰ تَشْهَدُونِ",
            "33": "قَالُوا نَحْنُ أُولُو قُوَّةٍ وَأُولُو بَأْسٍ شَدِيدٍ وَالْأَمْرُ إِلَيْكِ فَانْظُرِي مَاذَا تَأْمُرِينَ",
            "34": "قَالَتْ إِنَّ الْمُلُوكَ إِذَا دَخَلُوا قَرْيَةً أَفْسَدُوهَا وَجَعَلُوا أَعِزَّةَ أَهْلِهَا أَذِلَّةً ۖ وَكَذَٰلِكَ يَفْعَلُونَ",
            "35": "وَإِنِّي مُرْسِلَةٌ إِلَيْهِمْ بِهَدِيَّةٍ فَنَاظِرَةٌ بِمَ يَرْجِعُ الْمُرْسَلُونَ",
            "36": "فَلَمَّا جَاءَ سُلَيْمَانَ قَالَ أَتُمِدُّونَنِ بِمَالٍ فَمَا آتَانِيَ اللَّهُ خَيْرٌ مِمَّا آتَاكُمْ بَلْ أَنْتُمْ بِهَدِيَّتِكُمْ تَفْرَحُونَ",
            "37": "ارْجِعْ إِلَيْهِمْ فَلَنَأْتِيَنَّهُمْ بِجُنُودٍ لَا قِبَلَ لَهُمْ بِهَا وَلَنُخْرِجَنَّهُمْ مِنْهَا أَذِلَّةً وَهُمْ صَاغِرُونَ",
            "38": "قَالَ يَا أَيُّهَا الْمَلَأُ أَيُّكُمْ يَأْتِينِي بِعَرْشِهَا قَبْلَ أَنْ يَأْتُونِي مُسْلِمِينَ",
            "39": "قَالَ عِفْرِيتٌ مِنَ الْجِنِّ أَنَا آتِيكَ بِهِ قَبْلَ أَنْ تَقُومَ مِنْ مَقَامِكَ ۖ وَإِنِّي عَلَيْهِ لَقَوِيٌّ أَمِينٌ",
            "40": "قَالَ الَّذِي عِنْدَهُ عِلْمٌ مِنَ الْكِتَابِ أَنَا آتِيكَ بِهِ قَبْلَ أَنْ يَرْتَدَّ إِلَيْكَ طَرْفُكَ ۚ فَلَمَّا رَآهُ مُسْتَقِرًّا عِنْدَهُ قَالَ هَٰذَا مِنْ فَضْلِ رَبِّي لِيَبْلُوَنِي أَأَشْكُرُ أَمْ أَكْفُرُ ۖ وَمَنْ شَكَرَ فَإِنَّمَا يَشْكُرُ لِنَفْسِهِ ۖ وَمَنْ كَفَرَ فَإِنَّ رَبِّي غَنِيٌّ كَرِيمٌ",
            "41": "قَالَ نَكِّرُوا لَهَا عَرْشَهَا نَنْظُرْ أَتَهْتَدِي أَمْ تَكُونُ مِنَ الَّذِينَ لَا يَهْتَدُونَ",
            "42": "فَلَمَّا جَاءَتْ قِيلَ أَهَٰكَذَا عَرْشُكِ ۖ قَالَتْ كَأَنَّهُ هُوَ ۚ وَأُوتِينَا الْعِلْمَ مِنْ قَبْلِهَا وَكُنَّا مُسْلِمِينَ",
            "43": "وَصَدَّهَا مَا كَانَتْ تَعْبُدُ مِنْ دُونِ اللَّهِ ۖ إِنَّهَا كَانَتْ مِنْ قَوْمٍ كَافِرِينَ",
            "44": "قِيلَ لَهَا ادْخُلِي الصَّرْحَ ۖ فَلَمَّا رَأَتْهُ حَسِبَتْهُ لُجَّةً وَكَشَفَتْ عَنْ سَاقَيْهَا ۚ قَالَ إِنَّهُ صَرْحٌ مُمَرَّدٌ مِنْ قَوَارِيرَ ۗ قَالَتْ رَبِّ إِنِّي ظَلَمْتُ نَفْسِي وَأَسْلَمْتُ مَعَ سُلَيْمَانَ لِلَّهِ رَبِّ الْعَالَمِينَ",
            "45": "وَلَقَدْ أَرْسَلْنَا إِلَىٰ ثَمُودَ أَخَاهُمْ صَالِحًا أَنِ اعْبُدُوا اللَّهَ فَإِذَا هُمْ فَرِيقَانِ يَخْتَصِمُونَ",
            "46": "قَالَ يَا قَوْمِ لِمَ تَسْتَعْجِلُونَ بِالسَّيِّئَةِ قَبْلَ الْحَسَنَةِ ۖ لَوْلَا تَسْتَغْفِرُونَ اللَّهَ لَعَلَّكُمْ تُرْحَمُونَ",
            "47": "قَالُوا اطَّيَّرْنَا بِكَ وَبِمَنْ مَعَكَ ۚ قَالَ طَائِرُكُمْ عِنْدَ اللَّهِ ۖ بَلْ أَنْتُمْ قَوْمٌ تُفْتَنُونَ",
            "48": "وَكَانَ فِي الْمَدِينَةِ تِسْعَةُ رَهْطٍ يُفْسِدُونَ فِي الْأَرْضِ وَلَا يُصْلِحُونَ",
            "49": "قَالُوا تَقَاسَمُوا بِاللَّهِ لَنُبَيِّتَنَّهُ وَأَهْلَهُ ثُمَّ لَنَقُولَنَّ لِوَلِيِّهِ مَا شَهِدْنَا مَهْلِكَ أَهْلِهِ وَإِنَّا لَصَادِقُونَ",
            "50": "وَمَكَرُوا مَكْرًا وَمَكَرْنَا مَكْرًا وَهُمْ لَا يَشْعُرُونَ",
            "51": "فَانْظُرْ كَيْفَ كَانَ عَاقِبَةُ مَكْرِهِمْ أَنَّا دَمَّرْنَاهُمْ وَقَوْمَهُمْ أَجْمَعِينَ",
            "52": "فَتِلْكَ بُيُوتُهُمْ خَاوِيَةً بِمَا ظَلَمُوا ۗ إِنَّ فِي ذَٰلِكَ لَآيَةً لِقَوْمٍ يَعْلَمُونَ",
            "53": "وَأَنْجَيْنَا الَّذِينَ آمَنُوا وَكَانُوا يَتَّقُونَ",
            "54": "وَلُوطًا إِذْ قَالَ لِقَوْمِهِ أَتَأْتُونَ الْفَاحِشَةَ وَأَنْتُمْ تُبْصِرُونَ",
            "55": "أَئِنَّكُمْ لَتَأْتُونَ الرِّجَالَ شَهْوَةً مِنْ دُونِ النِّسَاءِ ۚ بَلْ أَنْتُمْ قَوْمٌ تَجْهَلُونَ",
            "56": "فَمَا كَانَ جَوَابَ قَوْمِهِ إِلَّا أَنْ قَالُوا أَخْرِجُوا آلَ لُوطٍ مِنْ قَرْيَتِكُمْ ۖ إِنَّهُمْ أُنَاسٌ يَتَطَهَّرُونَ",
            "57": "فَأَنْجَيْنَاهُ وَأَهْلَهُ إِلَّا امْرَأَتَهُ قَدَّرْنَاهَا مِنَ الْغَابِرِينَ",
            "58": "وَأَمْطَرْنَا عَلَيْهِمْ مَطَرًا ۖ فَسَاءَ مَطَرُ الْمُنْذَرِينَ",
            "59": "قُلِ الْحَمْدُ لِلَّهِ وَسَلَامٌ عَلَىٰ عِبَادِهِ الَّذِينَ اصْطَفَىٰ ۗ آللَّهُ خَيْرٌ أَمَّا يُشْرِكُونَ",
            "60": "أَمَّنْ خَلَقَ السَّمَاوَاتِ وَالْأَرْضَ وَأَنْزَلَ لَكُمْ مِنَ السَّمَاءِ مَاءً فَأَنْبَتْنَا بِهِ حَدَائِقَ ذَاتَ بَهْجَةٍ مَا كَانَ لَكُمْ أَنْ تُنْبِتُوا شَجَرَهَا ۗ أَإِلَٰهٌ مَعَ اللَّهِ ۚ بَلْ هُمْ قَوْمٌ يَعْدِلُونَ",
            "61": "أَمَّنْ جَعَلَ الْأَرْضَ قَرَارًا وَجَعَلَ خِلَالَهَا أَنْهَارًا وَجَعَلَ لَهَا رَوَاسِيَ وَجَعَلَ بَيْنَ الْبَحْرَيْنِ حَاجِزًا ۗ أَإِلَٰهٌ مَعَ اللَّهِ ۚ بَلْ أَكْثَرُهُمْ لَا يَعْلَمُونَ",
            "62": "أَمَّنْ يُجِيبُ الْمُضْطَرَّ إِذَا دَعَاهُ وَيَكْشِفُ السُّوءَ وَيَجْعَلُكُمْ خُلَفَاءَ الْأَرْضِ ۗ أَإِلَٰهٌ مَعَ اللَّهِ ۚ قَلِيلًا مَا تَذَكَّرُونَ",
            "63": "أَمَّنْ يَهْدِيكُمْ فِي ظُلُمَاتِ الْبَرِّ وَالْبَحْرِ وَمَنْ يُرْسِلُ الرِّيَاحَ بُشْرًا بَيْنَ يَدَيْ رَحْمَتِهِ ۗ أَإِلَٰهٌ مَعَ اللَّهِ ۚ تَعَالَى اللَّهُ عَمَّا يُشْرِكُونَ",
            "64": "أَمَّنْ يَبْدَأُ الْخَلْقَ ثُمَّ يُعِيدُهُ وَمَنْ يَرْزُقُكُمْ مِنَ السَّمَاءِ وَالْأَرْضِ ۗ أَإِلَٰهٌ مَعَ اللَّهِ ۚ قُلْ هَاتُوا بُرْهَانَكُمْ إِنْ كُنْتُمْ صَادِقِينَ",
            "65": "قُلْ لَا يَعْلَمُ مَنْ فِي السَّمَاوَاتِ وَالْأَرْضِ الْغَيْبَ إِلَّا اللَّهُ ۚ وَمَا يَشْعُرُونَ أَيَّانَ يُبْعَثُونَ",
            "66": "بَلِ ادَّارَكَ عِلْمُهُمْ فِي الْآخِرَةِ ۚ بَلْ هُمْ فِي شَكٍّ مِنْهَا ۖ بَلْ هُمْ مِنْهَا عَمُونَ",
            "67": "وَقَالَ الَّذِينَ كَفَرُوا أَإِذَا كُنَّا تُرَابًا وَآبَاؤُنَا أَئِنَّا لَمُخْرَجُونَ",
            "68": "لَقَدْ وُعِدْنَا هَٰذَا نَحْنُ وَآبَاؤُنَا مِنْ قَبْلُ إِنْ هَٰذَا إِلَّا أَسَاطِيرُ الْأَوَّلِينَ",
            "69": "قُلْ سِيرُوا فِي الْأَرْضِ فَانْظُرُوا كَيْفَ كَانَ عَاقِبَةُ الْمُجْرِمِينَ",
            "70": "وَلَا تَحْزَنْ عَلَيْهِمْ وَلَا تَكُنْ فِي ضَيْقٍ مِمَّا يَمْكُرُونَ",
            "71": "وَيَقُولُونَ مَتَىٰ هَٰذَا الْوَعْدُ إِنْ كُنْتُمْ صَادِقِينَ",
            "72": "قُلْ عَسَىٰ أَنْ يَكُونَ رَدِفَ لَكُمْ بَعْضُ الَّذِي تَسْتَعْجِلُونَ",
            "73": "وَإِنَّ رَبَّكَ لَذُو فَضْلٍ عَلَى النَّاسِ وَلَٰكِنَّ أَكْثَرَهُمْ لَا يَشْكُرُونَ",
            "74": "وَإِنَّ رَبَّكَ لَيَعْلَمُ مَا تُكِنُّ صُدُورُهُمْ وَمَا يُعْلِنُونَ",
            "75": "وَمَا مِنْ غَائِبَةٍ فِي السَّمَاءِ وَالْأَرْضِ إِلَّا فِي كِتَابٍ مُبِينٍ",
            "76": "إِنَّ هَٰذَا الْقُرْآنَ يَقُصُّ عَلَىٰ بَنِي إِسْرَائِيلَ أَكْثَرَ الَّذِي هُمْ فِيهِ يَخْتَلِفُونَ",
            "77": "وَإِنَّهُ لَهُدًى وَرَحْمَةٌ لِلْمُؤْمِنِينَ",
            "78": "إِنَّ رَبَّكَ يَقْضِي بَيْنَهُمْ بِحُكْمِهِ ۚ وَهُوَ الْعَزِيزُ الْعَلِيمُ",
            "79": "فَتَوَكَّلْ عَلَى اللَّهِ ۖ إِنَّكَ عَلَى الْحَقِّ الْمُبِينِ",
            "80": "إِنَّكَ لَا تُسْمِعُ الْمَوْتَىٰ وَلَا تُسْمِعُ الصُّمَّ الدُّعَاءَ إِذَا وَلَّوْا مُدْبِرِينَ",
            "81": "وَمَا أَنْتَ بِهَادِي الْعُمْيِ عَنْ ضَلَالَتِهِمْ ۖ إِنْ تُسْمِعُ إِلَّا مَنْ يُؤْمِنُ بِآيَاتِنَا فَهُمْ مُسْلِمُونَ",
            "82": "وَإِذَا وَقَعَ الْقَوْلُ عَلَيْهِمْ أَخْرَجْنَا لَهُمْ دَابَّةً مِنَ الْأَرْضِ تُكَلِّمُهُمْ أَنَّ النَّاسَ كَانُوا بِآيَاتِنَا لَا يُوقِنُونَ",
            "83": "وَيَوْمَ نَحْشُرُ مِنْ كُلِّ أُمَّةٍ فَوْجًا مِمَّنْ يُكَذِّبُ بِآيَاتِنَا فَهُمْ يُوزَعُونَ",
            "84": "حَتَّىٰ إِذَا جَاءُوا قَالَ أَكَذَّبْتُمْ بِآيَاتِي وَلَمْ تُحِيطُوا بِهَا عِلْمًا أَمَّاذَا كُنْتُمْ تَعْمَلُونَ",
            "85": "وَوَقَعَ الْقَوْلُ عَلَيْهِمْ بِمَا ظَلَمُوا فَهُمْ لَا يَنْطِقُونَ",
            "86": "أَلَمْ يَرَوْا أَنَّا جَعَلْنَا اللَّيْلَ لِيَسْكُنُوا فِيهِ وَالنَّهَارَ مُبْصِرًا ۚ إِنَّ فِي ذَٰلِكَ لَآيَاتٍ لِقَوْمٍ يُؤْمِنُونَ",
            "87": "وَيَوْمَ يُنْفَخُ فِي الصُّورِ فَفَزِعَ مَنْ فِي السَّمَاوَاتِ وَمَنْ فِي الْأَرْضِ إِلَّا مَنْ شَاءَ اللَّهُ ۚ وَكُلٌّ أَتَوْهُ دَاخِرِينَ",
            "88": "وَتَرَى الْجِبَالَ تَحْسَبُهَا جَامِدَةً وَهِيَ تَمُرُّ مَرَّ السَّحَابِ ۚ صُنْعَ اللَّهِ الَّذِي أَتْقَنَ كُلَّ شَيْءٍ ۚ إِنَّهُ خَبِيرٌ بِمَا تَفْعَلُونَ",
            "89": "مَنْ جَاءَ بِالْحَسَنَةِ فَلَهُ خَيْرٌ مِنْهَا وَهُمْ مِنْ فَزَعٍ يَوْمَئِذٍ آمِنُونَ",
            "90": "وَمَنْ جَاءَ بِالسَّيِّئَةِ فَكُبَّتْ وُجُوهُهُمْ فِي النَّارِ هَلْ تُجْزَوْنَ إِلَّا مَا كُنْتُمْ تَعْمَلُونَ",
            "91": "إِنَّمَا أُمِرْتُ أَنْ أَعْبُدَ رَبَّ هَٰذِهِ الْبَلْدَةِ الَّذِي حَرَّمَهَا وَلَهُ كُلُّ شَيْءٍ ۖ وَأُمِرْتُ أَنْ أَكُونَ مِنَ الْمُسْلِمِينَ",
            "92": "وَأَنْ أَتْلُوَ الْقُرْآنَ ۖ فَمَنِ اهْتَدَىٰ فَإِنَّمَا يَهْتَدِي لِنَفْسِهِ ۖ وَمَنْ ضَلَّ فَقُلْ إِنَّمَا أَنَا مِنَ الْمُنْذِرِينَ",
            "93": "وَقُلِ الْحَمْدُ لِلَّهِ سَيُرِيكُمْ آيَاتِهِ فَتَعْرِفُونَهَا ۚ وَمَا رَبُّكَ بِغَافِلٍ عَمَّا تَعْمَلُونَ"
        },
        "farsi": {
            "1": "\nطاء، سین. این آیاتِ [با عظمتِ] قرآن و کتابی روشنگر است ",
            "2": " [سراسر آیاتش] هدایت کنندۀ [انسان ها]، و مژده دهنده ای است برای مؤمنان ",
            "3": " [هم] آنان که نماز را [با شرایط ویژه اش] می خوانند و زکات می پردازند، و به آخرت یقین دارند ",
            "4": "مسلّماً کسانی که به آخرت ایمان ندارند اعمال [زشت] آنان را در نظرشان آراستیم [تا مجذوب آن شوند،] به این سبب همواره [در آن اعمال زشت] سرگردانند ",
            "5": " اینانند که عذاب سختی خواهند داشت، و بی تردید در آخرت [با تباه شدن همۀ سرمایه های وجودی شان] زیانکارترین [مردم]ند ",
            "6": "همانا تو قرآن را از نزد حکیمی دانا دریافت می کنی ",
            "7": " [به یاد آر] هنگامی که موسی به خانواده  اش گفت: همانا آتشی [از دور] به نظرم رسید، به زودی خبری از آن برای شما می آورم، یا شعله ای از آن برگرفته به شما می رسانم تا خود را گرم کنید ",
            "8": " چون نزد آن آمد، ندا رسید: مبارکی و خیر یافت هرکه در آتش و هرکه پیرامون آن است، و پاک و منزّه [از هر عیب و نقصی] است خداوندی که مالک و مدبّر جهانیان است ",
            "9": " ای موسی! به یقین این منم خداوند توانای شکست ناپذیر و حکیم [که بی واسطه با تو سخن می گویم ]",
            "10": " عصایت را بیفکن! چون [افکند] آن را [اژدهایی] دید که بسیار سریع و شتابان حرکت می کند که گویا حرکتش مانند حرکت مارِ کوچکِ پرجست وخیز بود، پشت کنان رو به فرار گذاشت و به عقب برنگشت، [ندا دادیم:] ای موسی! نترس، که پیامبران نزد من نمی ترسند ",
            "11": " مگر کسی که ستم ورزد، سپس بعد از بدی نیکی را جایگزین آن کند؛ که البته من [نسبت به او] بسیار آمرزنده و مهربانم ",
            "12": " و دستت را در گریبانت کن تا بدون هیچ عیبی سپید [و درخشان] بیرون آید! [با این دو معجزه] در ضمنِ معجزات نه گانه، به سوی فرعون و قومش برو که همانا آنان گروهی منحرف و نافرمانند ",
            "13": " هنگامی که معجزاتِ روشن و هدایت گر ما به سویشان آمد، گفتند: این سِحری آشکار است ",
            "14": "\n \nآنان از روی ستم و خودبرتربینی معجزات را انکار کردند درحالی که باطنشان به [الهی بودنِ] آن ها یقین داشت، پس با دقت بنگر که سرانجام تبهکارانِ فتنه انگیز چگونه بود ",
            "15": " بی تردید ما به داود و سلیمان دانشی ویژه دادیم، آن دو گفتند: همۀ ستایش ها ویژه خداوند است، [هم او] که ما را بر بسیاری از بندگان مؤمنش برتری داده است ",
            "16": " سلیمان وارث داود شد، و گفت: ای مردم! آگاهی به نطق و گفتار پرندگان را به ما آموخته اند، و از هر چیزی [از امکانات مادّی و معنوی] به ما عطا کرده اند، به راستی این برتری آشکاری است ",
            "17": " و سپاهیان سلیمان از گروه جنّ و انس و پرندگان برایش گردآوری شدند، و آنان را از حرکت باز می داشتند [تا گروه های دیگر به آنان ملحق شوند]",
            "18": " [پس از حرکت] وقتی به وادی مورچگان درآمدند مورچه ای گفت: ای مورچگان! به لانه هایتان وارد شوید تا سلیمان و سپاهیانش ناآگاهانه شما را پایمال نکنند ",
            "19": " سلیمان از گفتۀ مورچه تبسّم  کنان خنده اش گرفت، و [به سبب نعمت فهمِ نطق حیوانات] گفت: پروردگارا! [کیفیت و روش شکرگزاری به پیشگاهت را] به من الهام کن! تا شکر نعمتی را که به من و پدر و مادرم عطا کرده ای به جای آورم، و کار شایسته ای که آن را بپسندی انجام دهم، و مرا به رحمتت در زمرۀ بندگان درست کارت وارد کن! ",
            "20": " [سلیمان] جویای [وضع] پرندگان شد [و هُدهُد را نیافت]، گفت: چه شده که هُدهُد را نمی بینم، [آیا در میان پرندگان است ولی من او را نمی بینم،] یا از غایبان است؟",
            "21": "بی گمان او را مجازاتی سخت خواهم کرد، یا سرش را از بدن جدا می کنم، یا حتماً باید [برای غایب بودنش] دلیلی روشن برایم بیاورد ",
            "22": " [هُدهُد] زمانی نه چندان دور [در بیرون بارگاه سلیمان] درنگ کرد، [سپس بازگشت و] گفت: [ای سلیمان!] به چیزی دست یافته ام که تو به آن دست نیافته ای، من از کشور سَبا خبری مهم و یقینی برایت آورده ام ",
            "23": "\n \nهمانا زنی را یافتم که بر مردم آن سرزمین حکومت می کند، و از هر نوع امکاناتی [که برای حکومت لازم است] به او داده اند، و دارای تختی بزرگ است ",
            "24": " او و قومش را این گونه یافتم که به جای خداوندِ یکتا، برای خورشید سجده می کنند، و شیطان اعمال [زشت] آنان را در نظرشان آراسته، در نتیجه از راه [حق] بازشان داشته، به این سبب هدایت نمی یابند ",
            "25": " [آری، شیطان آنان را منحرف کرده] تا برای خداوند سجده نکنند، [هم] او که نهان ها را در آسمان ها و زمین بیرون می آورد، و آنچه را در پنهان انجام می دهید، و آنچه را آشکار می کنید می داند ",
            "26": " خداوندِ یکتا که معبودی جز او نیست، پروردگار عرش بزرگ است ",
            "27": " [سلیمان به هُدهُد] گفت: به زودی [دربارۀ خبری که از سَبا می دهی] بررسی می کنم که آیا راست گفته ای یا از دروغ گویانی؟",
            "28": " این نامه ام را بِبَر، و به سوی آنان بینداز! سپس [به دور از دید آنان] کناری قرار بگیر، و با دقت نظر کن که چه پاسخی می دهند؟",
            "29": " [ملکۀ سَبا پس از آگاهی از نامه] گفت: ای سران و بزرگان! همانا نامۀ با ارزشی به سوی من انداخته اند ",
            "30": " این نامه از طرف سلیمان، و [سرآغاز] آن به نام خداوند رحمان و رحیم [است] ",
            "31": "[و مضمونش این است که:] نسبت به من سرکشی نکنید، و با حالت تسلیم نزد من آیید ",
            "32": " گفت: ای سران و بزرگان! به من در کارم نظر دهید؛ زیرا من کاری را فیصله نمی دهم تا شما [برای مشورت نزدم] حاضر شوید",
            "33": " گفتند: ما دارای نیرویی [عظیم] هستیم و [در جنگ] دارای دلاوری و شجاعتیم، نهایتاً امر، امرِ توست، پس بنگر چه فرمان می دهی ",
            "34": " [ملکۀ سَبا] گفت: البته پادشاهان هنگامی که [با ادوات جنگی و سپاهِ رزمی] به شهری وارد شوند آن را تباه می کنند، و ساکنان عزتمندش را به خواری می نشانند، و [معمولاً] رفتارشان این گونه است ",
            "35": " من به سوی آنان هدیه ای [باارزش و قابل توجه] می فرستم، پس منتظر می مانم که فرستادگان با چه پاسخی بازمی گردند ",
            "36": "\n \nچون [فرستادۀ ملکۀ سَبا] نزد سلیمان آمد، [سلیمان به او] گفت: آیا با مالی [اندک] مرا کمک می دهید؟! آنچه خداوند [از ابزار مادّی و معنوی] به من عطا کرده از آنچه به شما داده بهتر است، [هدیۀ شما شادکنندۀ من نیست،] بلکه این شما هستید که با هدیۀ خود مغرورانه شادمانی می کنید ",
            "37": " به سوی آنان بازگرد، قطعاً ما با سپاهیانی که قدرت رویارویی با آن ها را ندارند به سویشان خواهیم آمد، و با ذلت و خواری از آن جا بیرونشان می کنیم ",
            "38": "[آن گاه سلیمان رو به بارگاه نشینانش کرد و] گفت: ای بزرگان! کدامیک از شما تخت ملکۀ سَبا را پیش از آن که از در تسلیم نزدم آیند برایم می آورد؟",
            "39": " کاردانی از جنّیانِ گفت: من آن را پیش از آن که از مسند خود برخیزی به نزدت می آورم؛ زیرا بر این کار توانا و امینم ",
            "40": " کسی که دانشی از کتاب نزدش بود گفت: من آن را پیش از آن که پِلک دیده ات به هم بخورد به نزدت می آورم. [و بی درنگ تخت را حاضر کرد، سلیمان] وقتی تخت را نزد خود برقرار دید گفت: این از احسان پروردگار من است تا مرا بیازماید که آیا سپاس گزارم یا ناسپاسم؟ هرکس سپاس گزاری کند به سود خود سپاس گزاری می کند، و آن که ناسپاسی ورزد [زیانی به خداوند نمی رسد؛ زیرا] پروردگارم بی نیاز و کریم است ",
            "41": "[آن گاه سلیمان] گفت: تختش را [با زینت و آرایشی جدید] برایش ناشناس کنید تا ببینیم آیا [به شناختش] پی می برد، یا از کسانی است که پی نمی برد؟",
            "42": " چون [ملکۀ سَبا] آمد گفتند: آیا تخت تو شبیه این است؟ گفت: گویا این همان است، و ما را پیش از این [معجزه، به حقانیت و قدرت سلیمان] آگاه کرده اند، و [همان زمان] تسلیم شده بودیم",
            "43": " چیزی را که [ملکۀ سَبا] به جای خداوند می پرستید او را از خداپرستی بازداشته بود، زیرا او از گروه کافران بود؛",
            "44": " به او گفتند: به صحنِ قصر وارد شو، چون آنجا را دید پنداشت آبی فراوان است، پس [دامن جامه] از دوساقش برکشید [که وارد آب شود]، [سلیمان] گفت: این محوطه ای است صاف و هموار از جنس شیشه. [ملکۀ سَبا] گفت: پروردگارا! به راستی من به خود ستم کردم، اینک در کنار سلیمان تسلیم خداوند یکتا پروردگار جهانیان شدم ",
            "45": "\n \nهمانا به سوی [قوم] ثمود برادرشان صالح را فرستادیم که [به آنان اِعلام کند] خداوند را بپرستید، ولی آنان [در برابر دعوت صالح] به دو گروهِ [مؤمن و کافر] تقسیم شدند و همواره با هم بحث و ستیز داشتند",
            "46": " گفت: ای قومِ من! چرا پیش از درخواستِ خیر و خوشی، به آمدنِ عذاب شتاب دارید؟ چرا از خداوند طلب آمرزش نمی کنید تا مورد مهرورزی [او] قرار بگیرید [و از مشکلات فراوانی که محصول تلخ گناه است نجات یابید] ؟",
            "47": " گفتند: به تو و همراهانت فال بد زده ایم [و شما را سبب بروز همه مشکلات و بدبختی خود می دانیم!] گفت: سبب بروز مشکلات و بدبختی شما [بازتاب اعمالتان] نزد خداست، [این سخنِ خودِ شما نیست،] بلکه [تلقینی شیطانی است که به آن] فریبتان داده اند ",
            "48": " در شهر، نُه گروه بودند که در [سراسرِ] آن تبهکاری و فتنه انگیزی می کردند، و دنبال اصلاح نبودند ",
            "49": " گفتند: با سوگندخوردن به خداوند هم سوگند شوید که شبانه برای نابودی صالح و خانواده اش شبیخون بزنیم، آن گاه به خون خواهش می گوییم: ما وقت نابودشدنِ خانواده اش حضور نداشتیم، و بی تردید راستگوییم ",
            "50": " آنان نیرنگ بزرگی به کار گرفتند، ما هم درحالی که بی خبر بودند با کیفرِ سختی، آنان [و نیرنگشان] را از بین بردیم ",
            "51": " پس با دقت بنگر که فرجام نیرنگشان چگونه بود؟ ما آنان و قومشان را به شدت درهم کوبیده و نابود کردیم ،",
            "52": "این خانه های آنان است که به سبب ستمشان خالی مانده، یقیناً در این [سرگذشت] برای دانایان عبرتی است ",
            "53": " و آنان را که مؤمن بودند و همواره [از گناهان] پرهیز داشتند نجات دادیم ",
            "54": " و لوط را [یاد کنید]، زمانی که به قومش گفت: آیا این عملِ بسیار زشت را درحالی که [کاملاً به زشتی اش] بصیرت و آگاهی دارید مرتکب می شوید؟!",
            "55": " آیا بر پایۀ شهوت به جای زنان با مردان آمیزش می کنید؟ [برای این کارتان هیچ دلیل قانع کننده ای ندارید،] بلکه مردمی جهالت پیشه اید ",
            "56": "\n \nولی پاسخ قومش جز این نبود که گفتند: خاندان لوط را از شهرتان بیرون کنید؛ زیرا مردمی هستند که به شدت گرایش به پاکی دارند ",
            "57": " پس او و خاندانش را نجات دادیم به جز همسرش که او را از باقی ماندگان مقدّر کرده بودیم",
            "58": " و بارانی [از سنگِ گِل پخته] بر آنان فروباریدیم [که اَحدی را زنده نگذاشت]، و بد بود بارانِ بیم داده شدگان!",
            "59": " بگو: همۀ ستایش ها ویژۀ خداوند است، و درود بر آن بندگانش که [به خاطر شایستگی ایمانی و عملی شان] انتخابشان کرد، آیاخداوند [که مدبّر همۀ امور شماست] بهتر است، یا آنچه شریک [او] قرار می دهید؟",
            "60": " [آیا معبودان شما در امور هستی مؤثرند،] یا کسی که آسمان ها و زمین را آفرید، و به سود شما از آسمان، آبی فرستاد که به وسیلۀ آن باغ های خرّم و بهجت انگیز رویاندیم که رویاندنِ درختانش در قدرت شما نیست؟ آیا با خداوند معبود دیگری هست [که شریک در قدرت و ربوبیت او باشد]؟ بلکه آنان مردمی منحرف [از فطرت و عقل] هستند [که برای خداوند شریک گرفته اند!] ",
            "61": " [آیا معبودان شما در امور هستی مؤثرند] یا آن که زمین را قرارگاهی [برای اهلش] ساخت، و در شکاف هایش نهرهایی پدید آورد، و برای آن کوه هایی استوار [برای جلوگیری از متلاشی شدنش] قرار داد، و بین دو دریا[ی شور و شیرین] حایلی گذاشت [که با هم مخلوط نشوند]؟ آیا با خداوند معبود دیگری هست [که شریک در قدرت و ربوبیت او باشد]؟ بلکه بیشترشان دانا[ی به حقایق] نیستند ",
            "62": " [آیا معبودانِ شما در امور هستی مؤثرند] یا آن که وقتی درمانده ای [برای حل مشکلاتش] به پیشگاهش به دعا [و راز و نیاز] برخیزد، مشکلاتش را برطرف می کند؟ [کیست که] شما را بر زمین مسلط می کند [تا بتوانید از نعمت های گوناگونش بهره مند شوید]؟ آیا با خداوند معبود دیگری هست [که شریک قدرت و ربوبیت او باشد]؟ اندکی متذکّر و هوشیار می شوند،",
            "63": " [آیا معبودان شما در امور هستی مؤثرند] یا آن که شما را در تاریکی های خشکی و دریا [به وسیلۀ ستارگان به مقاصد گوناگونتان] راهنمایی می کند؟ و کیست که پیشاپیشِ [باران] رحمتش بادها را مژده رسان می فرستد؟ آیا با خداوند معبود دیگری هست [که شریک در قدرت و ربوبیت او باشد]؟ خداوند از آنچه [برای او] شریک قرار می دهند برتر است ",
            "64": "\n \n[آیا معبودان شما در امور هستی مؤثرند] یا آن که آفرینش را آغاز می کند، سپس آن را [پس از فروپاشیدنش] بازمی گرداند؟ کیست آن که از آسمان و زمین به شما روزی می دهد؟ آیا با خداوند معبود دیگری هست [که شریک در قدرت و ربوبیت او باشد]؟ بگو: اگر راست گویید دلیلتان را بیاورید ",
            "65": " بگو: در آسمان ها و زمین هیچ کس غیب نمی داند جز خداوند، [معبودانتان] درک نمی کنند که چه زمانی برانگیخته می شوند",
            "66": " [آیا] اینان دانششان درباره آخرت جامع و کامل شده؟ نه، بلکه در مورد آخرت در تردیدند، بلکه از [درک] آن کور[دل]ند ",
            "67": " کافران گفتند: آیا زمانی که ما و پدرانمان خاک شدیم به راستی [زنده] از آن بیرونمان می آورند؟",
            "68": " پیش از این [هم] زنده بیرون آمدن از خاک را به ما و پدرانمان وعده دادند، [ولی] این [مطلب] جز افسانۀ پیشینیان نیست!",
            "69": " بگو: در زمین گردش کنید پس با دقت بنگرید که فرجام گنه پیشگان چگونه بود؟",
            "70": " بر آنان اندوه مخور، و از نیرنگی که همواره به کار می گیرند دلتنگ مباش ",
            "71": " [از روی تمسخر] می گویند: اگر راست گویید این وعدۀ [قیامت و عذاب] کی خواهد بود؟",
            "72": " بگو: امید است بخشی از آن [عذابی] که رسیدنش را با شتاب می خواهید دنبال شما باشد ",
            "73": "همانا پروردگارت بر مردم دارای احسانی بزرگ است ولی بیشترشان سپاس گزار نیستند ",
            "74": "مسلّماً پروردگارت آنچه را سینه هایشان پنهان می دارد و آنچه را آشکار می کنند به خوبی می داند ",
            "75": "و هیچ پنهانی در آسمان و زمین نیست مگر آن که در کتابی روشن ثبت است ",
            "76": "بی گمان این قرآن بیشترِ اموری را که بنی اسرائیل در آن اختلاف دارند برای آنان [جهت حل اختلاف] توضیح می دهد ",
            "77": "\n \nبه راستی [سراسرِ آیات] قرآن برای مؤمنان هدایت و رحمت است ",
            "78": " بی تردید پروردگارت به حکم خود بین بنی اسرائیل داوری می کند، و او توانای شکست ناپذیر و حکیم است ",
            "79": "پس بر خدا توکل کن؛ زیرا تو متّکی بر حقِ آشکاری ",
            "80": " یقیناً تو نمی توانی دعوت [خود] را به مردگان بشنوانی، و نیز نمی توانی آن را به کران درحالی که پشت کنان روی [از حق] برمی تابند بشنوانی ",
            "81": " تو هدایتگر کوردلان از انحرافشان نیستی، و نمی توانی [دعوتت را] جز به آنان که به آیات ما ایمان دارند و تسلیم [خدا] هستند بشنوانی ",
            "82": " هنگامی که [در اوقات پایانی دنیا وعدۀ] عذاب [ما] بر آنان حتمی و ثابت شود، جنبنده ای را برای آنان از زمین بیرون می آوریم که با آنان سخن می گوید [تا به آیات ما یقین کنند؛ زیرا] مردم پیش از این به آیات ما یقین نداشتند ",
            "83": " روزی را [به یاد آرید] که از هر امتی گروهی [از آنان] را که آیات ما را انکار می کنند محشور می کنیم، و آنان را [از حرکت] بازمی دارند [تا گروه های دیگر به آنان ملحق شوند] . ",
            "84": " تا آن گاه که [به محل محاکمه و حسابرسی] آیند ، [خداوند] می گوید: آیا آیات مرا درحالی که هیچ احاطۀ علمی به آن ها نداشتید [و بدون دلیل و تحقیق] انکار کردید، شما [غیر از انکار] چه کار [دیگری] انجام می دادید؟",
            "85": " به سبب ستمی که [به آیات ما] روا داشتند عذاب بر آنان حتمی می شود، و [با دیدن عذاب] از سخن گفتن بازمی مانند ",
            "86": " آیا ندانسته اند که ما شب را قرار دادیم تا در آن آرامش یابند، و روز را روشن ساختیم [تا در آن برای امر معاش بکوشند]؟ به راستی در این [مسئلۀ شب و روز] برای مردم مؤمن نشانه هایی [بر ربوبیت و قدرت و رحمت خدا] است ",
            "87": " و [به یاد آر] روزی را که در صور می دمند، پس هرکه در آسمان ها و زمین است دچار هراسی شدید می شود، مگر کسی که خدا بخواهد [از هراس ایمن باشد]، و همه فروتنانه به پیشگاه او می آیند ",
            "88": " کوه ها را می بینی و آن ها را بی حرکت می پنداری درحالی که مانند ابر در حرکت اند، [در] آفرینشِ خداوندی که [آفرینشِ] هرچیزی را استوار کرده است [با دقت نظر کن!] مسلّماً او به آنچه انجام می دهید آگاه است ",
            "89": "\n \nکسانی که کارهای نیکو [به آخرت] بیاورند پاداشی بهتر از آن دارند، و در آن روز از هراسی شدید در امانند ",
            "90": "و کسانی که کارهای زشت بیاورند [با] صورت هایشان در آتش افکنده می شود، [به آنان گویند:] آیا جز آنچه همواره انجام دادید پاداشتان داده اند؟",
            "91": " من فقط مأمورم پروردگار این شهر [مکه] را که به آن بسیار حُرمت نهاده بپرستم، آنکه همه چیز در سیطرۀ مالکیت و فرمانروایی اوست، و فرمان یافته ام که از تسلیم شدگان [به او] باشم ",
            "92": " و [مأموریت دارم به] این که قرآن را [بر همۀ مردم] بخوانم، پس هرکه هدایت یابد به سود خود هدایت یافته، و هرکه منحرف شود [آثار شومِ انحراف متوجه خود اوست،] بگو: من فقط از هشداردهندگانم ",
            "93": " بگو: همۀ ستایش ها ویژۀ خداوند است، به زودی نشانه های خود را [که شکست شما و گرفتاری های سخت دنیایی و عذاب آخرت است] به شما [حق ستیزان] نشان خواهد داد، پس آن ها را [به خوبی] خواهید شناخت [ولی در آن وقت، ایمان آوردن سودی برای شما ندارد،] و پروردگارت از آنچه انجام می دهید بی خبر نیست "
        }
    }
}