{
  "2": {
    "number": 2,
        "title": "سورة القصص",
      "bab": 4,
      "delay": 5,
      "arabic": {
         "6": " طسم",
            "7": "تِلْكَ آيَاتُ الْكِتَابِ الْمُبِينِ",
            "8": "نَتْلُو عَلَيْكَ مِنْ نَبَإِ مُوسَىٰ وَفِرْعَوْنَ بِالْحَقِّ لِقَوْمٍ يُؤْمِنُونَ",
            "9": "إِنَّ فِرْعَوْنَ عَلَا فِي الْأَرْضِ وَجَعَلَ أَهْلَهَا شِيَعًا يَسْتَضْعِفُ طَائِفَةً مِنْهُمْ يُذَبِّحُ أَبْنَاءَهُمْ وَيَسْتَحْيِي نِسَاءَهُمْ ۚ إِنَّهُ كَانَ مِنَ الْمُفْسِدِينَ",
            "10": "وَنُرِيدُ أَنْ نَمُنَّ عَلَى الَّذِينَ اسْتُضْعِفُوا فِي الْأَرْضِ وَنَجْعَلَهُمْ أَئِمَّةً وَنَجْعَلَهُمُ الْوَارِثِينَ",
            "11": "وَنُمَكِّنَ لَهُمْ فِي الْأَرْضِ وَنُرِيَ فِرْعَوْنَ وَهَامَانَ وَجُنُودَهُمَا مِنْهُمْ مَا كَانُوا يَحْذَرُونَ",
            "12": "وَأَوْحَيْنَا إِلَىٰ أُمِّ مُوسَىٰ أَنْ أَرْضِعِيهِ ۖ فَإِذَا خِفْتِ عَلَيْهِ فَأَلْقِيهِ فِي الْيَمِّ وَلَا تَخَافِي وَلَا تَحْزَنِي ۖ إِنَّا رَادُّوهُ إِلَيْكِ وَجَاعِلُوهُ مِنَ الْمُرْسَلِينَ",
            "13": "فَالْتَقَطَهُ آلُ فِرْعَوْنَ لِيَكُونَ لَهُمْ عَدُوًّا وَحَزَنًا ۗ إِنَّ فِرْعَوْنَ وَهَامَانَ وَجُنُودَهُمَا كَانُوا خَاطِئِينَ",
            "14": "وَقَالَتِ امْرَأَتُ فِرْعَوْنَ قُرَّتُ عَيْنٍ لِي وَلَكَ ۖ لَا تَقْتُلُوهُ عَسَىٰ أَنْ يَنْفَعَنَا أَوْ نَتَّخِذَهُ وَلَدًا وَهُمْ لَا يَشْعُرُونَ",
            "15": "وَأَصْبَحَ فُؤَادُ أُمِّ مُوسَىٰ فَارِغًا ۖ إِنْ كَادَتْ لَتُبْدِي بِهِ لَوْلَا أَنْ رَبَطْنَا عَلَىٰ قَلْبِهَا لِتَكُونَ مِنَ الْمُؤْمِنِينَ",
            "16": "وَقَالَتْ لِأُخْتِهِ قُصِّيهِ ۖ فَبَصُرَتْ بِهِ عَنْ جُنُبٍ وَهُمْ لَا يَشْعُرُونَ",
            "17": "وَحَرَّمْنَا عَلَيْهِ الْمَرَاضِعَ مِنْ قَبْلُ فَقَالَتْ هَلْ أَدُلُّكُمْ عَلَىٰ أَهْلِ بَيْتٍ يَكْفُلُونَهُ لَكُمْ وَهُمْ لَهُ نَاصِحُونَ",
            "18": "فَرَدَدْنَاهُ إِلَىٰ أُمِّهِ كَيْ تَقَرَّ عَيْنُهَا وَلَا تَحْزَنَ وَلِتَعْلَمَ أَنَّ وَعْدَ اللَّهِ حَقٌّ وَلَٰكِنَّ أَكْثَرَهُمْ لَا يَعْلَمُونَ",
            "19": "وَلَمَّا بَلَغَ أَشُدَّهُ وَاسْتَوَىٰ آتَيْنَاهُ حُكْمًا وَعِلْمًا ۚ وَكَذَٰلِكَ نَجْزِي الْمُحْسِنِينَ",
            "20": "وَدَخَلَ الْمَدِينَةَ عَلَىٰ حِينِ غَفْلَةٍ مِنْ أَهْلِهَا فَوَجَدَ فِيهَا رَجُلَيْنِ يَقْتَتِلَانِ هَٰذَا مِنْ شِيعَتِهِ وَهَٰذَا مِنْ عَدُوِّهِ ۖ فَاسْتَغَاثَهُ الَّذِي مِنْ شِيعَتِهِ عَلَى الَّذِي مِنْ عَدُوِّهِ فَوَكَزَهُ مُوسَىٰ فَقَضَىٰ عَلَيْهِ ۖ قَالَ هَٰذَا مِنْ عَمَلِ الشَّيْطَانِ ۖ إِنَّهُ عَدُوٌّ مُضِلٌّ مُبِينٌ",
            "21": "قَالَ رَبِّ إِنِّي ظَلَمْتُ نَفْسِي فَاغْفِرْ لِي فَغَفَرَ لَهُ ۚ إِنَّهُ هُوَ الْغَفُورُ الرَّحِيمُ",
            "22": "قَالَ رَبِّ بِمَا أَنْعَمْتَ عَلَيَّ فَلَنْ أَكُونَ ظَهِيرًا لِلْمُجْرِمِينَ",
            "23": "فَأَصْبَحَ فِي الْمَدِينَةِ خَائِفًا يَتَرَقَّبُ فَإِذَا الَّذِي اسْتَنْصَرَهُ بِالْأَمْسِ يَسْتَصْرِخُهُ ۚ قَالَ لَهُ مُوسَىٰ إِنَّكَ لَغَوِيٌّ مُبِينٌ",
            "24": "فَلَمَّا أَنْ أَرَادَ أَنْ يَبْطِشَ بِالَّذِي هُوَ عَدُوٌّ لَهُمَا قَالَ يَا مُوسَىٰ أَتُرِيدُ أَنْ تَقْتُلَنِي كَمَا قَتَلْتَ نَفْسًا بِالْأَمْسِ ۖ إِنْ تُرِيدُ إِلَّا أَنْ تَكُونَ جَبَّارًا فِي الْأَرْضِ وَمَا تُرِيدُ أَنْ تَكُونَ مِنَ الْمُصْلِحِينَ",
            "25": "وَجَاءَ رَجُلٌ مِنْ أَقْصَى الْمَدِينَةِ يَسْعَىٰ قَالَ يَا مُوسَىٰ إِنَّ الْمَلَأَ يَأْتَمِرُونَ بِكَ لِيَقْتُلُوكَ فَاخْرُجْ إِنِّي لَكَ مِنَ النَّاصِحِينَ",
            "26": "فَخَرَجَ مِنْهَا خَائِفًا يَتَرَقَّبُ ۖ قَالَ رَبِّ نَجِّنِي مِنَ الْقَوْمِ الظَّالِمِينَ",
            "27": "وَلَمَّا تَوَجَّهَ تِلْقَاءَ مَدْيَنَ قَالَ عَسَىٰ رَبِّي أَنْ يَهْدِيَنِي سَوَاءَ السَّبِيلِ",
            "28": "وَلَمَّا وَرَدَ مَاءَ مَدْيَنَ وَجَدَ عَلَيْهِ أُمَّةً مِنَ النَّاسِ يَسْقُونَ وَوَجَدَ مِنْ دُونِهِمُ امْرَأَتَيْنِ تَذُودَانِ ۖ قَالَ مَا خَطْبُكُمَا ۖ قَالَتَا لَا نَسْقِي حَتَّىٰ يُصْدِرَ الرِّعَاءُ ۖ وَأَبُونَا شَيْخٌ كَبِيرٌ",
            "29": "فَسَقَىٰ لَهُمَا ثُمَّ تَوَلَّىٰ إِلَى الظِّلِّ فَقَالَ رَبِّ إِنِّي لِمَا أَنْزَلْتَ إِلَيَّ مِنْ خَيْرٍ فَقِيرٌ",
            "30": "فَجَاءَتْهُ إِحْدَاهُمَا تَمْشِي عَلَى اسْتِحْيَاءٍ قَالَتْ إِنَّ أَبِي يَدْعُوكَ لِيَجْزِيَكَ أَجْرَ مَا سَقَيْتَ لَنَا ۚ فَلَمَّا جَاءَهُ وَقَصَّ عَلَيْهِ الْقَصَصَ قَالَ لَا تَخَفْ ۖ نَجَوْتَ مِنَ الْقَوْمِ الظَّالِمِينَ",
            "31": "قَالَتْ إِحْدَاهُمَا يَا أَبَتِ اسْتَأْجِرْهُ ۖ إِنَّ خَيْرَ مَنِ اسْتَأْجَرْتَ الْقَوِيُّ الْأَمِينُ",
            "32": "قَالَ إِنِّي أُرِيدُ أَنْ أُنْكِحَكَ إِحْدَى ابْنَتَيَّ هَاتَيْنِ عَلَىٰ أَنْ تَأْجُرَنِي ثَمَانِيَ حِجَجٍ ۖ فَإِنْ أَتْمَمْتَ عَشْرًا فَمِنْ عِنْدِكَ ۖ وَمَا أُرِيدُ أَنْ أَشُقَّ عَلَيْكَ ۚ سَتَجِدُنِي إِنْ شَاءَ اللَّهُ مِنَ الصَّالِحِينَ",
            "33": "قَالَ ذَٰلِكَ بَيْنِي وَبَيْنَكَ ۖ أَيَّمَا الْأَجَلَيْنِ قَضَيْتُ فَلَا عُدْوَانَ عَلَيَّ ۖ وَاللَّهُ عَلَىٰ مَا نَقُولُ وَكِيلٌ",
            "34": "فَلَمَّا قَضَىٰ مُوسَى الْأَجَلَ وَسَارَ بِأَهْلِهِ آنَسَ مِنْ جَانِبِ الطُّورِ نَارًا قَالَ لِأَهْلِهِ امْكُثُوا إِنِّي آنَسْتُ نَارًا لَعَلِّي آتِيكُمْ مِنْهَا بِخَبَرٍ أَوْ جَذْوَةٍ مِنَ النَّارِ لَعَلَّكُمْ تَصْطَلُونَ",
            "35": "فَلَمَّا أَتَاهَا نُودِيَ مِنْ شَاطِئِ الْوَادِ الْأَيْمَنِ فِي الْبُقْعَةِ الْمُبَارَكَةِ مِنَ الشَّجَرَةِ أَنْ يَا مُوسَىٰ إِنِّي أَنَا اللَّهُ رَبُّ الْعَالَمِينَ",
            "36": "وَأَنْ أَلْقِ عَصَاكَ ۖ فَلَمَّا رَآهَا تَهْتَزُّ كَأَنَّهَا جَانٌّ وَلَّىٰ مُدْبِرًا وَلَمْ يُعَقِّبْ ۚ يَا مُوسَىٰ أَقْبِلْ وَلَا تَخَفْ ۖ إِنَّكَ مِنَ الْآمِنِينَ",
            "37": "اسْلُكْ يَدَكَ فِي جَيْبِكَ تَخْرُجْ بَيْضَاءَ مِنْ غَيْرِ سُوءٍ وَاضْمُمْ إِلَيْكَ جَنَاحَكَ مِنَ الرَّهْبِ ۖ فَذَانِكَ بُرْهَانَانِ مِنْ رَبِّكَ إِلَىٰ فِرْعَوْنَ وَمَلَئِهِ ۚ إِنَّهُمْ كَانُوا قَوْمًا فَاسِقِينَ",
            "38": "قَالَ رَبِّ إِنِّي قَتَلْتُ مِنْهُمْ نَفْسًا فَأَخَافُ أَنْ يَقْتُلُونِ",
            "39": "وَأَخِي هَارُونُ هُوَ أَفْصَحُ مِنِّي لِسَانًا فَأَرْسِلْهُ مَعِيَ رِدْءًا يُصَدِّقُنِي ۖ إِنِّي أَخَافُ أَنْ يُكَذِّبُونِ",
            "40": "قَالَ سَنَشُدُّ عَضُدَكَ بِأَخِيكَ وَنَجْعَلُ لَكُمَا سُلْطَانًا فَلَا يَصِلُونَ إِلَيْكُمَا ۚ بِآيَاتِنَا أَنْتُمَا وَمَنِ اتَّبَعَكُمَا الْغَالِبُونَ",
            "41": "فَلَمَّا جَاءَهُمْ مُوسَىٰ بِآيَاتِنَا بَيِّنَاتٍ قَالُوا مَا هَٰذَا إِلَّا سِحْرٌ مُفْتَرًى وَمَا سَمِعْنَا بِهَٰذَا فِي آبَائِنَا الْأَوَّلِينَ",
            "42": "وَقَالَ مُوسَىٰ رَبِّي أَعْلَمُ بِمَنْ جَاءَ بِالْهُدَىٰ مِنْ عِنْدِهِ وَمَنْ تَكُونُ لَهُ عَاقِبَةُ الدَّارِ ۖ إِنَّهُ لَا يُفْلِحُ الظَّالِمُونَ",
            "43": "وَقَالَ فِرْعَوْنُ يَا أَيُّهَا الْمَلَأُ مَا عَلِمْتُ لَكُمْ مِنْ إِلَٰهٍ غَيْرِي فَأَوْقِدْ لِي يَا هَامَانُ عَلَى الطِّينِ فَاجْعَلْ لِي صَرْحًا لَعَلِّي أَطَّلِعُ إِلَىٰ إِلَٰهِ مُوسَىٰ وَإِنِّي لَأَظُنُّهُ مِنَ الْكَاذِبِينَ",
            "44": "وَاسْتَكْبَرَ هُوَ وَجُنُودُهُ فِي الْأَرْضِ بِغَيْرِ الْحَقِّ وَظَنُّوا أَنَّهُمْ إِلَيْنَا لَا يُرْجَعُونَ",
            "45": "فَأَخَذْنَاهُ وَجُنُودَهُ فَنَبَذْنَاهُمْ فِي الْيَمِّ ۖ فَانْظُرْ كَيْفَ كَانَ عَاقِبَةُ الظَّالِمِينَ",
            "46": "وَجَعَلْنَاهُمْ أَئِمَّةً يَدْعُونَ إِلَى النَّارِ ۖ وَيَوْمَ الْقِيَامَةِ لَا يُنْصَرُونَ",
            "47": "وَأَتْبَعْنَاهُمْ فِي هَٰذِهِ الدُّنْيَا لَعْنَةً ۖ وَيَوْمَ الْقِيَامَةِ هُمْ مِنَ الْمَقْبُوحِينَ",
            "48": "وَلَقَدْ آتَيْنَا مُوسَى الْكِتَابَ مِنْ بَعْدِ مَا أَهْلَكْنَا الْقُرُونَ الْأُولَىٰ بَصَائِرَ لِلنَّاسِ وَهُدًى وَرَحْمَةً لَعَلَّهُمْ يَتَذَكَّرُونَ",
            "49": "وَمَا كُنْتَ بِجَانِبِ الْغَرْبِيِّ إِذْ قَضَيْنَا إِلَىٰ مُوسَى الْأَمْرَ وَمَا كُنْتَ مِنَ الشَّاهِدِينَ",
            "50": "وَلَٰكِنَّا أَنْشَأْنَا قُرُونًا فَتَطَاوَلَ عَلَيْهِمُ الْعُمُرُ ۚ وَمَا كُنْتَ ثَاوِيًا فِي أَهْلِ مَدْيَنَ تَتْلُو عَلَيْهِمْ آيَاتِنَا وَلَٰكِنَّا كُنَّا مُرْسِلِينَ",
            "51": "وَمَا كُنْتَ بِجَانِبِ الطُّورِ إِذْ نَادَيْنَا وَلَٰكِنْ رَحْمَةً مِنْ رَبِّكَ لِتُنْذِرَ قَوْمًا مَا أَتَاهُمْ مِنْ نَذِيرٍ مِنْ قَبْلِكَ لَعَلَّهُمْ يَتَذَكَّرُونَ",
            "52": "وَلَوْلَا أَنْ تُصِيبَهُمْ مُصِيبَةٌ بِمَا قَدَّمَتْ أَيْدِيهِمْ فَيَقُولُوا رَبَّنَا لَوْلَا أَرْسَلْتَ إِلَيْنَا رَسُولًا فَنَتَّبِعَ آيَاتِكَ وَنَكُونَ مِنَ الْمُؤْمِنِينَ",
            "53": "فَلَمَّا جَاءَهُمُ الْحَقُّ مِنْ عِنْدِنَا قَالُوا لَوْلَا أُوتِيَ مِثْلَ مَا أُوتِيَ مُوسَىٰ ۚ أَوَلَمْ يَكْفُرُوا بِمَا أُوتِيَ مُوسَىٰ مِنْ قَبْلُ ۖ قَالُوا سِحْرَانِ تَظَاهَرَا وَقَالُوا إِنَّا بِكُلٍّ كَافِرُونَ",
            "54": "قُلْ فَأْتُوا بِكِتَابٍ مِنْ عِنْدِ اللَّهِ هُوَ أَهْدَىٰ مِنْهُمَا أَتَّبِعْهُ إِنْ كُنْتُمْ صَادِقِينَ",
            "55": "فَإِنْ لَمْ يَسْتَجِيبُوا لَكَ فَاعْلَمْ أَنَّمَا يَتَّبِعُونَ أَهْوَاءَهُمْ ۚ وَمَنْ أَضَلُّ مِمَّنِ اتَّبَعَ هَوَاهُ بِغَيْرِ هُدًى مِنَ اللَّهِ ۚ إِنَّ اللَّهَ لَا يَهْدِي الْقَوْمَ الظَّالِمِينَ",
            "56": "وَلَقَدْ وَصَّلْنَا لَهُمُ الْقَوْلَ لَعَلَّهُمْ يَتَذَكَّرُونَ",
            "57": "الَّذِينَ آتَيْنَاهُمُ الْكِتَابَ مِنْ قَبْلِهِ هُمْ بِهِ يُؤْمِنُونَ",
            "58": "وَإِذَا يُتْلَىٰ عَلَيْهِمْ قَالُوا آمَنَّا بِهِ إِنَّهُ الْحَقُّ مِنْ رَبِّنَا إِنَّا كُنَّا مِنْ قَبْلِهِ مُسْلِمِينَ",
            "59": "أُولَٰئِكَ يُؤْتَوْنَ أَجْرَهُمْ مَرَّتَيْنِ بِمَا صَبَرُوا وَيَدْرَءُونَ بِالْحَسَنَةِ السَّيِّئَةَ وَمِمَّا رَزَقْنَاهُمْ يُنْفِقُونَ",
            "60": "وَإِذَا سَمِعُوا اللَّغْوَ أَعْرَضُوا عَنْهُ وَقَالُوا لَنَا أَعْمَالُنَا وَلَكُمْ أَعْمَالُكُمْ سَلَامٌ عَلَيْكُمْ لَا نَبْتَغِي الْجَاهِلِينَ",
            "61": "إِنَّكَ لَا تَهْدِي مَنْ أَحْبَبْتَ وَلَٰكِنَّ اللَّهَ يَهْدِي مَنْ يَشَاءُ ۚ وَهُوَ أَعْلَمُ بِالْمُهْتَدِينَ",
            "62": "وَقَالُوا إِنْ نَتَّبِعِ الْهُدَىٰ مَعَكَ نُتَخَطَّفْ مِنْ أَرْضِنَا ۚ أَوَلَمْ نُمَكِّنْ لَهُمْ حَرَمًا آمِنًا يُجْبَىٰ إِلَيْهِ ثَمَرَاتُ كُلِّ شَيْءٍ رِزْقًا مِنْ لَدُنَّا وَلَٰكِنَّ أَكْثَرَهُمْ لَا يَعْلَمُونَ",
            "63": "وَكَمْ أَهْلَكْنَا مِنْ قَرْيَةٍ بَطِرَتْ مَعِيشَتَهَا ۖ فَتِلْكَ مَسَاكِنُهُمْ لَمْ تُسْكَنْ مِنْ بَعْدِهِمْ إِلَّا قَلِيلًا ۖ وَكُنَّا نَحْنُ الْوَارِثِينَ",
            "64": "وَمَا كَانَ رَبُّكَ مُهْلِكَ الْقُرَىٰ حَتَّىٰ يَبْعَثَ فِي أُمِّهَا رَسُولًا يَتْلُو عَلَيْهِمْ آيَاتِنَا ۚ وَمَا كُنَّا مُهْلِكِي الْقُرَىٰ إِلَّا وَأَهْلُهَا ظَالِمُونَ",
            "65": "وَمَا أُوتِيتُمْ مِنْ شَيْءٍ فَمَتَاعُ الْحَيَاةِ الدُّنْيَا وَزِينَتُهَا ۚ وَمَا عِنْدَ اللَّهِ خَيْرٌ وَأَبْقَىٰ ۚ أَفَلَا تَعْقِلُونَ",
            "66": "أَفَمَنْ وَعَدْنَاهُ وَعْدًا حَسَنًا فَهُوَ لَاقِيهِ كَمَنْ مَتَّعْنَاهُ مَتَاعَ الْحَيَاةِ الدُّنْيَا ثُمَّ هُوَ يَوْمَ الْقِيَامَةِ مِنَ الْمُحْضَرِينَ",
            "67": "وَيَوْمَ يُنَادِيهِمْ فَيَقُولُ أَيْنَ شُرَكَائِيَ الَّذِينَ كُنْتُمْ تَزْعُمُونَ",
            "68": "قَالَ الَّذِينَ حَقَّ عَلَيْهِمُ الْقَوْلُ رَبَّنَا هَٰؤُلَاءِ الَّذِينَ أَغْوَيْنَا أَغْوَيْنَاهُمْ كَمَا غَوَيْنَا ۖ تَبَرَّأْنَا إِلَيْكَ ۖ مَا كَانُوا إِيَّانَا يَعْبُدُونَ",
            "69": "وَقِيلَ ادْعُوا شُرَكَاءَكُمْ فَدَعَوْهُمْ فَلَمْ يَسْتَجِيبُوا لَهُمْ وَرَأَوُا الْعَذَابَ ۚ لَوْ أَنَّهُمْ كَانُوا يَهْتَدُونَ",
            "70": "وَيَوْمَ يُنَادِيهِمْ فَيَقُولُ مَاذَا أَجَبْتُمُ الْمُرْسَلِينَ",
            "71": "فَعَمِيَتْ عَلَيْهِمُ الْأَنْبَاءُ يَوْمَئِذٍ فَهُمْ لَا يَتَسَاءَلُونَ",
            "72": "فَأَمَّا مَنْ تَابَ وَآمَنَ وَعَمِلَ صَالِحًا فَعَسَىٰ أَنْ يَكُونَ مِنَ الْمُفْلِحِينَ",
            "73": "وَرَبُّكَ يَخْلُقُ مَا يَشَاءُ وَيَخْتَارُ ۗ مَا كَانَ لَهُمُ الْخِيَرَةُ ۚ سُبْحَانَ اللَّهِ وَتَعَالَىٰ عَمَّا يُشْرِكُونَ",
            "74": "وَرَبُّكَ يَعْلَمُ مَا تُكِنُّ صُدُورُهُمْ وَمَا يُعْلِنُونَ",
            "75": "وَهُوَ اللَّهُ لَا إِلَٰهَ إِلَّا هُوَ ۖ لَهُ الْحَمْدُ فِي الْأُولَىٰ وَالْآخِرَةِ ۖ وَلَهُ الْحُكْمُ وَإِلَيْهِ تُرْجَعُونَ",
            "76": "قُلْ أَرَأَيْتُمْ إِنْ جَعَلَ اللَّهُ عَلَيْكُمُ اللَّيْلَ سَرْمَدًا إِلَىٰ يَوْمِ الْقِيَامَةِ مَنْ إِلَٰهٌ غَيْرُ اللَّهِ يَأْتِيكُمْ بِضِيَاءٍ ۖ أَفَلَا تَسْمَعُونَ",
            "77": "قُلْ أَرَأَيْتُمْ إِنْ جَعَلَ اللَّهُ عَلَيْكُمُ النَّهَارَ سَرْمَدًا إِلَىٰ يَوْمِ الْقِيَامَةِ مَنْ إِلَٰهٌ غَيْرُ اللَّهِ يَأْتِيكُمْ بِلَيْلٍ تَسْكُنُونَ فِيهِ ۖ أَفَلَا تُبْصِرُونَ",
            "78": "وَمِنْ رَحْمَتِهِ جَعَلَ لَكُمُ اللَّيْلَ وَالنَّهَارَ لِتَسْكُنُوا فِيهِ وَلِتَبْتَغُوا مِنْ فَضْلِهِ وَلَعَلَّكُمْ تَشْكُرُونَ",
            "79": "وَيَوْمَ يُنَادِيهِمْ فَيَقُولُ أَيْنَ شُرَكَائِيَ الَّذِينَ كُنْتُمْ تَزْعُمُونَ",
            "80": "وَنَزَعْنَا مِنْ كُلِّ أُمَّةٍ شَهِيدًا فَقُلْنَا هَاتُوا بُرْهَانَكُمْ فَعَلِمُوا أَنَّ الْحَقَّ لِلَّهِ وَضَلَّ عَنْهُمْ مَا كَانُوا يَفْتَرُونَ",
            "81": "إِنَّ قَارُونَ كَانَ مِنْ قَوْمِ مُوسَىٰ فَبَغَىٰ عَلَيْهِمْ ۖ وَآتَيْنَاهُ مِنَ الْكُنُوزِ مَا إِنَّ مَفَاتِحَهُ لَتَنُوءُ بِالْعُصْبَةِ أُولِي الْقُوَّةِ إِذْ قَالَ لَهُ قَوْمُهُ لَا تَفْرَحْ ۖ إِنَّ اللَّهَ لَا يُحِبُّ الْفَرِحِينَ",
            "82": "وَابْتَغِ فِيمَا آتَاكَ اللَّهُ الدَّارَ الْآخِرَةَ ۖ وَلَا تَنْسَ نَصِيبَكَ مِنَ الدُّنْيَا ۖ وَأَحْسِنْ كَمَا أَحْسَنَ اللَّهُ إِلَيْكَ ۖ وَلَا تَبْغِ الْفَسَادَ فِي الْأَرْضِ ۖ إِنَّ اللَّهَ لَا يُحِبُّ الْمُفْسِدِينَ",
            "83": "قَالَ إِنَّمَا أُوتِيتُهُ عَلَىٰ عِلْمٍ عِنْدِي ۚ أَوَلَمْ يَعْلَمْ أَنَّ اللَّهَ قَدْ أَهْلَكَ مِنْ قَبْلِهِ مِنَ الْقُرُونِ مَنْ هُوَ أَشَدُّ مِنْهُ قُوَّةً وَأَكْثَرُ جَمْعًا ۚ وَلَا يُسْأَلُ عَنْ ذُنُوبِهِمُ الْمُجْرِمُونَ",
            "84": "فَخَرَجَ عَلَىٰ قَوْمِهِ فِي زِينَتِهِ ۖ قَالَ الَّذِينَ يُرِيدُونَ الْحَيَاةَ الدُّنْيَا يَا لَيْتَ لَنَا مِثْلَ مَا أُوتِيَ قَارُونُ إِنَّهُ لَذُو حَظٍّ عَظِيمٍ",
            "85": "وَقَالَ الَّذِينَ أُوتُوا الْعِلْمَ وَيْلَكُمْ ثَوَابُ اللَّهِ خَيْرٌ لِمَنْ آمَنَ وَعَمِلَ صَالِحًا وَلَا يُلَقَّاهَا إِلَّا الصَّابِرُونَ",
            "86": "فَخَسَفْنَا بِهِ وَبِدَارِهِ الْأَرْضَ فَمَا كَانَ لَهُ مِنْ فِئَةٍ يَنْصُرُونَهُ مِنْ دُونِ اللَّهِ وَمَا كَانَ مِنَ الْمُنْتَصِرِينَ",
            "87": "وَأَصْبَحَ الَّذِينَ تَمَنَّوْا مَكَانَهُ بِالْأَمْسِ يَقُولُونَ وَيْكَأَنَّ اللَّهَ يَبْسُطُ الرِّزْقَ لِمَنْ يَشَاءُ مِنْ عِبَادِهِ وَيَقْدِرُ ۖ لَوْلَا أَنْ مَنَّ اللَّهُ عَلَيْنَا لَخَسَفَ بِنَا ۖ وَيْكَأَنَّهُ لَا يُفْلِحُ الْكَافِرُونَ",
            "88": "تِلْكَ الدَّارُ الْآخِرَةُ نَجْعَلُهَا لِلَّذِينَ لَا يُرِيدُونَ عُلُوًّا فِي الْأَرْضِ وَلَا فَسَادًا ۚ وَالْعَاقِبَةُ لِلْمُتَّقِينَ",
            "89": "مَنْ جَاءَ بِالْحَسَنَةِ فَلَهُ خَيْرٌ مِنْهَا ۖ وَمَنْ جَاءَ بِالسَّيِّئَةِ فَلَا يُجْزَى الَّذِينَ عَمِلُوا السَّيِّئَاتِ إِلَّا مَا كَانُوا يَعْمَلُونَ",
            "90": "إِنَّ الَّذِي فَرَضَ عَلَيْكَ الْقُرْآنَ لَرَادُّكَ إِلَىٰ مَعَادٍ ۚ قُلْ رَبِّي أَعْلَمُ مَنْ جَاءَ بِالْهُدَىٰ وَمَنْ هُوَ فِي ضَلَالٍ مُبِينٍ",
            "91": "وَمَا كُنْتَ تَرْجُو أَنْ يُلْقَىٰ إِلَيْكَ الْكِتَابُ إِلَّا رَحْمَةً مِنْ رَبِّكَ ۖ فَلَا تَكُونَنَّ ظَهِيرًا لِلْكَافِرِينَ",
            "92": "وَلَا يَصُدُّنَّكَ عَنْ آيَاتِ اللَّهِ بَعْدَ إِذْ أُنْزِلَتْ إِلَيْكَ ۖ وَادْعُ إِلَىٰ رَبِّكَ ۖ وَلَا تَكُونَنَّ مِنَ الْمُشْرِكِينَ",
            "93": "وَلَا تَدْعُ مَعَ اللَّهِ إِلَٰهًا آخَرَ ۘ لَا إِلَٰهَ إِلَّا هُوَ ۚ كُلُّ شَيْءٍ هَالِكٌ إِلَّا وَجْهَهُ ۚ لَهُ الْحُكْمُ وَإِلَيْهِ تُرْجَعُونَ"
        },
        "farsi": {
           "6": "\nطاء، سین، میم",
            "7": " این آیاتِ [با عظمتِ] کتاب روشنگر است ",
            "8": " بخشی از سرگذشت [مهم] موسی و فرعون را برای [عبرت گرفتنِ] مردمی که ایمان دارند به درستی و راستی بر تو می خوانیم ",
            "9": "مسلّماً فرعون در سرزمین [مصر] تکبّر و طغیان ورزید، و مردمش را به صورت گروه گروه [و ملزم به پیروی بی چون و چرای از خود] کرد، طایفه ای از آنان را به زبونی و درماندگی کشاند، پسرانشان را سر می برید و دخترانشان را زنده می گذاشت، بی تردید او از تبهکارانِ فتنه انگیز بود ",
            "10": " ما می خواستیم به آنان که در [آن] سرزمین به زبونی و درماندگی سوقشان دادند نعمتِ [باارزشِ نجات از فرعونیان را] عطا کنیم، و آنان را پیشوایان و وارثان [اموال و سرزمین های ستمگران] گردانیم ",
            "11": "\n \nو به آنان در آن سرزمین از [همه نوع] امکانات [مادّی] عطا کنیم، و به فرعون و هامان و سپاهیانشان عذابی را که همواره از آن هراس داشتند نشان دهیم ",
            "12": " به مادر موسی وحی کردیم که: به او شیر بده! و چون [از ستم فرعونیان] بر او بترسی به دریایش انداز! و [از غرق شدنش] نترس! و [از فراقش] محزون مشو! که ما حتماً او را به تو بازمی گردانیم و از رسولان قرارش می دهیم ",
            "13": " [چون به وحی پروردگار به دریایش انداخت،] خاندان فرعون او را [از میان آب] برگرفتند تا سرانجام دشمنشان و مایه اندوهشان شود، بی تردید فرعون و هامان و سپاهیانشان گنهکار بودند ",
            "14": " همسر فرعون گفت: [این نوزاد] برای من و تو سبب خوشی و شادمانی است، او را نکشید امید است به ما سود دهد، یا به فرزندی [خویش] انتخابش کنیم. درحالی که [از اتفاقات آینده] بی خبر بودند ",
            "15": " قلب مادر موسی [از هر چیزی جز توجه به فرزندش] تهی شد، اگر قلبش را استوار نکرده بودیم تا از باورکنندگانِ [وعدۀ ما نسبت به نوزادش] باشد هرآینه نزدیک بود آن [راز] را فاش کند ",
            "16": " [مادر پس از انداختن نوزاد به دریا] به خواهر موسی گفت: [حال و وضع] او را پی گیری کن! [خواهر موسی به دنبال جریان آب به جایی رسید که] موسی را دورادور [در آغوش فرعونیان] دید، درحالی که فرعونیان [پی گیری او را] نمی فهمیدند ",
            "17": " ما پیشاپیش [شیرِ] دایگان را بر او ممنوع کردیم، [به این سبب سینۀ هیچ دایه ای را نمی گرفت،] نهایتاً خواهرش [در جمع فرعونیان حاضر شد و] گفت: آیا [می خواهید] شما را به خانواده ای راهنمایی کنم که سرپرستی او را برایتان به عهده گیرند، و خیرخواه او باشند؟",
            "18": " پس او را به مادرش بازگرداندیم تا مسرور و شادمان شود و اندوه نخورد، و بداند که حتماً وعدۀ خداوند حق است، ولی بیشتر مردم [به حق بودنِ وعدۀ خداوند] یقین ندارند ",
            "19": "\n \nچون [موسی] به سنّ رشد و کمال [جسمی و بلوغ عقلی] رسید به او حکمت و دانش دادیم، و نیکوکاران را این گونه پاداش می دهیم ",
            "20": " [موسی] درحالی که شهرنشینان [از مسائل شهر] بی خبر بودند، وارد شهر شد، دو مرد را دید که با یکدیگر به شدت می جنگیدند، یکی از پیروانش و آن دیگر از دشمنانش، آن که از پیروانش بود بر ضد کسی که از دشمنانش بود از او درخواستِ یاری کرد، موسی بی درنگ مُشتی [مُحکم] به آن دشمن زد و او را کشت، و گفت: این [جنگ بین این دو نفر] از عمل شیطان است، مسلّماً او دشمنی آشکار و گمراه کننده است ",
            "21": " گفت: پروردگارا! [از این که با کشتن این ستمگرِ کافر برای خود از سوی دستگاه فرعون ایجاد مشکل و زحمت کردم] بر خویش ستم روا داشتم، پس [آثار و تبعات این حادثه را] از من برطرف کن! خداوند [آثار آن حادثه را که انتقام فرعونیان و شکنجۀ او بود] از وی دفع کرد؛ زیرا او بسیار آمرزنده و مهربان است ",
            "22": " گفت: پروردگارا! به پاس آنچه [از توان جسمی و عقلی شدیدی] که به من عطا کردی هرگز پشتیبان گنه پیشگان نخواهم بود ",
            "23": " [موسی شب را] در آن شهر با حالت ترس و نگرانی به صبح رساند و در انتظار [پیامد حادثه] بود، به ناگاه دید آن که دیروز از او درخواست کمک کرده بود [دوباره] وی را به کمک می خوانَد، موسی [که او را مردی آشوب طلب و نزاع کننده با مردم دید] به او گفت: همانا تو گمراهی آشکار هستی",
            "24": " هنگامی که خواست به کسی که هم دشمن خودش و هم دشمن مردِ اسرائیلی بود حملۀ قهرآمیز کند [آن مرد] فریاد برآورد: ای موسی! می خواهی مرا بکشی چنان که دیروز یکنفر را کشتی؟ تو در این سرزمین فقط می خواهی یاغی و سرکش باشی، و قصد نداری از مصلحان به شمار آیی ",
            "25": " مردی از دورترین [منطقۀ] شهر شتابان آمد [و] گفت: ای موسی! سران [قوم فرعون] دربارۀ تو سرگرم مشورتند که تو را بکشند، بنابراین [از شهر] بیرون رو که من یقیناً از خیرخواهان تواَم ",
            "26": " پس موسی ترسان و نگران درحالی که [پیامد ناگواری را] انتظار می کشید از شهر بیرون رفت، [و در آن حال] گفت: پروردگارا! مرا از این قوم ستمکار رهایی بخش ",
            "27": "\n \nهنگامی که به سوی مَدین روی آورد گفت: امید است پروردگارم به راه راست [که رسانندۀ به مطلوب است] هدایتم کند ",
            "28": " چون به آب مَدین رسید گروهی از مردم را در آنجا دید که [چهارپایانشان را] آب می دادند، و پشت سر آنان دو زن را مشاهده کرد که [گوسفندانشان را از رفتن به سوی آب] بازمی دارند، گفت: شما را چه شده [که گوسفندانتان را از رفتن به سوی آب باز می دارید]؟ گفتند: ما [گوسفندانمان را] آب نمی دهیم تا چوپانان [دام هایشان را از کنار آب] برگردانند، و پدر ما مردی کهن سال است [که نمی تواند به این کار بپردازد ]",
            "29": " موسی برای [کمک به] آنان [دام هایشان را] آب داد، آن گاه به سوی سایه بازگشت و گفت: پروردگارا! من به هر خیری که به سویم بفرستی نیازمندم ",
            "30": " پس یکی از آن دو زن - درحالی که با حالت حیا گام برمی داشت - نزد او آمد [و] گفت: همانا پدرم تو را دعوت می کند تا در برابر این که برای ما [گوسفندانمان را] آب دادی پاداشت دهد. چون نزد او آمد و سرگذشتش را شرح داد، [پدر دختران] گفت: [دیگر] بیم و هراس نداشته باش [؛ چون] از آن قوم ستمکار نجات یافتی ",
            "31": " یکی از آن دو [زن] گفت: ای پدر! او را استخدام کن! زیرا بهترین کسی که استخدام می کنی آن است که نیرومند و امین باشد، [و این جوان چنین است ]",
            "32": "پدر گفت: می خواهم یکی از این دو دخترم را به همسری ات درآورم به شرط آن که هشت سال در استخدام من باشی، و اگر [خواستی خدمتت را] به ده سال برسانی آزادی، من قصد سخت گیری به تو را ندارم، ان شاءالله مرا از درست کاران خواهی یافت ",
            "33": " [موسی] گفت: این [پیشنهاد آزاد] بین من و تو باشد، هرکدام از این دو مدتِ [هشت یا ده سال] را به پایان برسانم ستمی بر من نیست [و نباید مرا برخلاف خواسته ام مجبور کنی]، خداوند بر آنچه می گوییم شاهد است ",
            "34": "\n \nچون موسی آن مدت را به پایان رسانید، و با خانواده اش رهسپار [مصر] شد از جانب طور آتشی دید، به خانواده اش گفت: درنگ کنید که من آتشی دیدم، [به سراغش می روم] به امید این که از [کنار] آتش، گزارشی [برای یافتن راه مصر]، یا پاره ای آتش برایتان بیاورم تا خود را [با آن] گرم کنید ",
            "35": " چون نزد آتش آمد، از راستِ آن وادی در آن قطعه [زمین] خجسته و پُرخیر، از درخت ندا آمد که: ای موسی! به راستی این منم خداوند، پروردگار جهانیان !",
            "36": "[اکنون] عصایت را بیفکن! چون [پس از افکندنِ عصا،] آن را [اژدهایی] دید که بسیار سریع و شتابان حرکت می کند که گویا حرکتش مانند حرکت مارِ کوچکِ پرجست و خیز بود، پشت کنان رو به فرار گذاشت و به عقب برنگشت، [ندا دادیم:] ای موسی! پیش بیا و نترس که [از گزندش] در امانی !",
            "37": " و دستت را در گریبانت بِبَر تا بدون هیچ عیبی، سپید [و درخشان] بیرون آید، و [برای رهایی] از [این] ترس [که دچارش شده ای، چون پرندۀ آرام یافته] دو بازویت را به خود بچسبان، این دو معجزه از ناحیۀ پروردگارت به سوی فرعون و سرانِ [متکبّر] قوم، اوست که همواره مردمی منحرف و نافرمانند ",
            "38": " گفت: پروردگارا! من یک نفر از آنان را کشته ام، می ترسم مرا بکشند ",
            "39": " برادرم هارون زبانش از من گویاتر است، او را با من روانه کن که دستیارم باشد، و [حقانیت] مرا [در همۀ امور] تصدیق کند؛ زیرا از این که انکارم کنند بیم دارم ",
            "40": " [خداوند] فرمود: همانا تو را به وسیلۀ برادرت نیرویی افزون عطا می کنیم، و برای شما [بر ضد آنان] به سبب معجزاتمان اقتداری قرار می دهم که به [نابود کردن] شما دست نیابند، و شما و کسانی که از شما پیروی کنند [بر آنان] پیروزید ",
            "41": "\n \nچون موسی معجزات روشن ما را برای آنان آورد، گفتند: این ها جز جادویی ساختگی نیست، و نشنیده ایم که این [ادعای نبوت و ارائۀ معجزات] در [میان] پدران گذشتۀ ما بوده باشد",
            "42": " موسی گفت: پروردگارم به کسی که از نزد او هدایت آورده، و به کسی که فرجام نیک برای اوست داناتر است، بی تردید ستمکاران [در هیچ کاری] پیروز نمی شوند ",
            "43": " فرعون گفت: ای سران [کشورم]! من جز خودم هیچ معبودی برای شما نمی شناسم، پس ای هامان! برایم بر گِل [آتش] بیفروز! و [با آجرهای محکمِ به دست آمده از آن] برجی بلند بساز! به امید این که بر معبودِ [آسمانی] موسی آگاه شوم؛ گرچه من او را [دربارۀ این که جهان هستی معبودِ یکتایی دارد] از دروغ گویان می دانم ",
            "44": " فرعون و سپاهیانش در زمین ظالمانه [در برابر حق] گردن کشی کردند، و پنداشتند به سوی ما [برای محاکمۀ عادلانه] بازشان نمی گردانند ",
            "45": " پس او و سپاهیانش را [با دست قدرت خود] گرفته و به دریا افکندیم؛ بنابراین با دقت بنگر که سرانجام ستمگران چگونه بود ",
            "46": " و آنان را [به کیفر گردن کشی و طغیانشان] پیشوایانی قرار دادیم که همواره مردم را دعوت به آتش [دوزخ] می کنند، و روز قیامت از طرف اَحدی یاری نخواهند شد ",
            "47": " آنان را در این دنیا با لعنتِ پی درپی بدرقه کردیم، و روز قیامت [هم] از زشت رویانند ",
            "48": " پس از آن که اقوام پیشین [چون قوم نوح، هود، صالح و لوط] را [به سبب فسق و فجورشان] به هلاکت رساندیم، به موسی کتابی که برای مردم وسیلۀ روشنگری و هدایت و رحمت بود عطا کردیم تا متذکر [حقایق] شوند ",
            "49": "\n \nتو [ای رسول من!] در جانب [سینای] غربی نبودی، هنگامی که ما مقام نبوت را بر موسی مقرر کردیم، و از حاضران [در آن حادثۀ مهم] نبودی ",
            "50": " ولی ما ملت هایی را پدید آوردیم، پس روزگاری طولانی بر آنان گذشت [تاجایی که سرگذشتشان فراموش شد، اینک آن ها را بر تو وحی می کنیم تا برای مردم بیان کنی]، و تو در بین مردم مَدین ساکن نبودی تا آیات ما را [که دربردارندۀ داستان موسی و شعیب است] بر مردم مکه قرائت کنی، ولی ما بودیم که [تو را به سوی قومت] فرستادیم [تا آیاتی را که بر تو نازل کردیم برای متذکر شدنشان بر آنان بخوانی] ",
            "51": " زمانی که ما [موسی را] ندا دادیم تو در ناحیۀ طور نبودی، ولی [این که سرگذشت موسی و شعیب را برایت بیان می کنیم] رحمتی از سوی پروردگار توست، تا مردمی را که پیش از تو برای آنان هشدار دهنده ای نیامده بود هشداردهی که متذکر [حقایق] شوند",
            "52": "و اگر چنین نبود که هرگاه [پیش از فرستادن پیامبری] کیفر سختی بر اثر گناهشان به آنان رسد بگویند: خدایا! چرا پیامبری برای ما نفرستادی تا از آیاتت پیروی کنیم و از مؤمنان باشیم، [بی تردید در عذاب کردنشان درنگ نمی کردیم، ولی با فرستادن پیامبر، حجت را بر آنان تمام کردیم تا مستحق عذاب شوند].",
            "53": " پس هنگامی که حق [چون قرآن] از سوی ما برای آنان آمد، [به جای آن که تسلیم آن شوند] گفتند: چرا مانند آنچه [از کتاب و معجزات] که به موسی دادند به او نداده اند؟ آیا آنان در گذشته تورات و معجزاتی را که به موسی داده شد انکار نکردند؟! گفتند: [این تورات و قرآن] دو جادویند که پشتیبان یکدیگرند! و [با تعصب] گفتند: ما منکر هر دو هستیم ",
            "54": " بگو: اگر [در ادعای خود که تورات و قرآن از جانب خدا نیست] راستگو هستید، کتابی از نزد خدا بیاورید که هدایت کننده تر از این دو [کتاب] باشد تا از آن پیروی کنم ",
            "55": " چنانچه به [پیشنهاد] تو پاسخ ندادند بدان که فقط از خواسته های [نامشروع] خود پیروی می کنند، و کیست گمراه تر از آن که بدون [چراغِ] هدایتی از سوی خداوند، از خواسته های [نامشروعِ] خود پیروی کند؟ بی گمان خدا مردم ستمکار را هدایت نمی کند ",
            "56": "\n \nما این قرآن را برای آنان به هم پیوسته و پی درپی آوردیم تا [هشیار و] متذکر [حقایق] شوند ",
            "57": " [و برخی از] آنان که پیش از قرآن، کتاب عطایشان کردیم [و در آن اوصاف قرآن را یافته بودند] به آن ایمان می آورند",
            "58": " هنگامی که [قرآن] بر آنان خوانده شود می گویند: به آن ایمان آوردیم، بی تردید این [قرآن، همان وعدۀ] حقی است [که] از سوی پروردگار ما [داده شده]، البته ما پیش از [نزول] آن [از برکت راهنمایی های تورات و انجیل] تسلیمِ [آن] بودیم ",
            "59": " آنان به خاطر صبری که [بر حفظ ایمان و عمل به قرآن] کردند، و [این که آزار و] بدعملی [مردم] را به وسیلۀ بردباری [و حوصله، از خود] دفع می کنند، و از آنچه به آنان روزی بخشیده ایم انفاق می کنند دوچندان پاداش داده می شوند ",
            "60": " چون سخن بیهوده و یاوه ای را بشنوند از آن روی برمی تابند [و مورد توجه قرار نمی دهند] و می گویند: اعمال ما برای ما و اعمال شما برای شماست، بین ما و شما جدایی است ما خواهان [معاشرت با] نادانان نیستیم ",
            "61": "مسلّماً تو نمی توانی کسی را که دوست داری هدایت کنی، بلکه خداوند هرکه را بخواهد هدایت می کند، و او به هدایت پذیران داناتر است ",
            "62": " [مشرکان برای معذور نشان دادن خود در نپذیرفتن دعوتت] گفتند: اگر [در کنار تو] از هدایت [قرآن] پیروی کنیم [به وسیلۀ سرکشانِ مخالف] از سرزمینمان [مکه] ربوده خواهیم شد. آیا ما آنان را در حرمی امن جای ندادیم که [همواره در همۀ فصول] هر نوع محصول و میوه ای درحالی که رزقی از سوی ماست به آن جا حمل شده، و گردآوری می شود؟ اما بیشترشان معرفت [به حقایق] ندارند ",
            "63": " چه بسیار شهرهایی که [مردمش] به سبب [فراوانی نعمت در زندگی و] معیشتشان دچار سرکشی و ناسپاسی شده بودند و ما آنان را نابود کردیم، اینک خانه های [بی صاحب] آنان است که پس از ایشان جز اندکی مورد سکونت واقع نشده، و فقط ما وارث [آنان] هستیم ",
            "64": " پروردگارت بر آن نبوده که شهرها را نابود کند مگر [بعد از] آن که در مرکز آن ها پیامبری مبعوث کند تا آیات ما را بر آنان بخواند، و ما شهرها را نابود نکردیم جز درحالی که اهلش ستمکار بودند ",
            "65": "\n \nآنچه به شما عطا شده کالای زندگی دنیا و زیور و آرایش آن است، و آنچه [از ثواب و پاداشِ اَبدی] نزد خداست بهترو پایدارتر است، آیا اندیشه نمی کنید؟",
            "66": " آیا کسی که او را وعدۀ نیک [مغفرت و بهشت] داده ایم و حتماً به آن می رسد، مانند کسی است که او را [فقط] از کالا و ابزار زندگی [زودگذر] دنیا بهره مند کرده ایم، آن گاه در روز قیامت از جملۀ احضارشدگان [برای عذاب] است؟",
            "67": " [به یاد آر] روزی که خداوند آنان را ندا می دهد و می گوید: معبودانی که می پنداشتید [در ربوبیت] شریک من هستند کجایند؟",
            "68": " کسانی که [وعدۀ] عذاب بر آنان حتمی شده، [هم آنان که خود را با حیله و ترفند به عنوان معبود به مردم تحمیل کرده بودند] می گویند: پروردگارا! اینانند [پیروان ما] که گمراهشان کردیم، [آری] همان گونه که [خودِ ما به اختیار خودمان] گمراه شدیم آنان را نیز [با اختیار و انتخابِ خودشان] گمراه کردیم، [اینک] در پیشگاه تو [از آنان] بیزاری می جوییم، در حقیقت ما را نمی پرستیدند [بلکه پرستندۀ خواسته های نامشروع خود بودند ]",
            "69": " [به پیروانِ معبودان باطل] گفته می شود: معبودانتان را [برای نجات خود از عذاب] بخوانید. پس آنان را می خوانند ولی آنان پاسخشان نمی دهند، در آن حال عذاب را می بینند [و آرزو می کنند] ای کاش هدایت می شدند!",
            "70": " [یاد کن] روزی که [خداوند] به آنان ندا می دهد و می گوید: چه پاسخی به پیامبران [در زمینۀ دعوتشان به هدایت] دادید؟",
            "71": " پس در آن روز [به سبب در حجاب بودنِ دل هایشان] همۀ اخبار[ی که بیانگر وضع اسفبار آنان است، و اخباری که مایۀ شادی و آرامش است] بر آنان پوشیده می ماند، و [چون همۀ راه ها به رویشان بسته است] از یکدیگر پرسش [هم] نمی کنند؛ [زیرا زمینه ای برای پرسش جهت روشن شدن وضعشان ندارند] ",
            "72": " اما کسی که [از شرک و گناه] توبه کرده و مؤمن شده، و کار شایسته انجام دهد به راستی که [بر همۀ موانع راه سعادت] پیروز [و از رستگاران] شود",
            "73": " پروردگارت آنچه را بخواهد می آفریند و انتخاب می کند، برای انسان ها [در برابر ارادۀ او در قلمرو تکوین و تشریع] اختیاری نیست، خداوند منزّه و برتر است از آنچه شریک او قرار می دهند ",
            "74": " پروردگارت آنچه را سینه هایشان پنهان می دارد، و آنچه را آشکار می کنند می داند ",
            "75": " اوست خداوندِ یکتایی که جز او معبودی نیست، همۀ ستایش ها در دنیا و آخرت ویژۀ اوست، و فرمانروایی [نیز] فقط برای اوست، و به سوی او بازتان می گردانند ",
            "76": "\n \nبگو: به من خبر دهید اگر خداوند شب را تا روز قیامت بر شما یکسره و پاینده کند کدام معبودی در برابر خداست که برای شما روشنایی بیاورد، آیا گوشِ شنوا[ی حقایق را] ندارید [تا بفهمید که معبودی جز خداوند یکتا نیست]؟",
            "77": " بگو: به من خبر دهید اگر خداوند روز را بر شما تا روز قیامت یکسره و پاینده سازد، کدام معبودی در برابر خداست که شبی را برای شما بیاورد تا در آن آرامش یابید؟ آیا [آثار قدرت او را با چشمِ سر و دل] نمی بینید؟",
            "78": " از [ناحیۀ] رحمتش شب و روز را برای شما قرار داد برای اینکه در شب آرامش یافته، و [در روز] جویای احسان و روزی او شوید، تا سپاس گزاری کنید ",
            "79": " [از] روزی [یاد کن] که خدا ناسپاسان را ندا می دهد و می گوید: معبودانی که می پنداشتید [در ربوبیت] شریک من هستند کجایند؟",
            "80": " در قیامت از هر امتی گواهی [بر اعمالشان] را احضار می کنیم، و [در حضور گواه به امت] می گوییم: دلیل خود را [بر درستی فرهنگ شرک] بیاورید، [چون دلیلی ندارند] آنچه [به عنوان شریک] به دروغ [به خدا] نسبت داده بودند از بین می رود، پس برای آنان [این معنا] یقینی می شود که حق [الوهیت و معبودیت] ویژۀ خداست",
            "81": " همانا قارون از قوم موسی بود که بر آنان برتری جویی و طغیان روا داشت، از گنجینه ها آن قدر به او عطا کردیم که حمل کلیدها[ی صندوق ها]یش بر گروهی نیرومند سخت کمرشکن بود، [در چنان موقعیتی که داشت] قومش به او گفتند: مغرورانه دلخوش و شاد مباش که خداوند کسانی را که مغرورانه شادمانند دوست ندارد ",
            "82": " با ثروت فراوانی که خدا به تو عطا کرده خواهان سرای آخرت باش! [البته] سهم لازم خود را از دنیا فراموش مکن! و همان گونه که خداوند به تو نیکی کرده [با هزینه کردنِ ثروتت، به مردم] نیکی کن! و در زمین خواهان تبهکاری و فتنه انگیزی مباش! بی تردید خداوند تبهکارانِ فتنه انگیز را دوست ندارد ",
            "83": "\n \nگفت: جز این نیست که این [ثروت و مالِ انبوه] بر پایۀ دانشی که نزد من است برایم فراهم شده، [نه از سوی خداوند!] آیا نمی دانست که خداوند پیش از او اقوامی را نابود کرده که از او نیرومندتر و ثروت اندوزتر بودند؟ و [هنگام آمدن عذاب،] گنه پیشگان از گناهانشان [که برای خداوند معلوم و مشهود است] بازپرسی نمی شود ",
            "84": " [قارون] با [همۀ] زینت و زیورش به جانب قومش بیرون شد، آنان که [به سبب جهلِ به آخرت و پاداش های عظیمِ آن] خواهان زندگی دنیا بودند گفتند: ای کاش مانند آنچه برای قارون فراهم آمده برای ما [هم فراهم] بود، همانا او دارای بهرۀ بزرگی است !",
            "85": " ولی آنان که آراسته به معرفت [و شناخت حقایق] بودند گفتند: وای بر شما [دنیاطلبان]! پاداش خداوند برای مؤمنانی که کار شایسته انجام داده اند بهتر است، و این [حقیقت] را جز شکیبایان [بر حوادث تلخ و شیرین] دریافت نمی کنند ",
            "86": " پس او و خانه اش را [به کیفر طغیان و بخل و اندیشۀ ناپسندش] در زمین فروبردیم، و در برابر [قدرت و ارادۀ] خداوند هیچ گروهی برای او نبود که وی را [برای رهایی از عذاب] یاری دهد، و خود نیز نتوانست از خود دفاع کند ",
            "87": " بامدادان آنان که دیروز جایگاه او را آرزو داشتند می گفتند: شگفتا! خداوند رزق را برای هرکس از بندگانش بخواهد گشایش می دهد، و [برای هرکه بخواهد] تنگ می گیرد، اگر خداوند بر ما منّت نمی گذاشت ما را [نیز] در زمین فروبرده بود. عجبا! که کافران یقیناً [بر مشکلات و موانع راه زندگی] پیروز نمی شوند ",
            "88": " آن سرای [پُرارزشِ] آخرت را برای کسانی قرار می دهیم که در زمین نه در پی برتری جویی و سلطه اند، نه در پی تبهکاری و فتنه اندازی، و سرانجامِ [نیک] برای کسانی است که از خدا [اطاعت کرده، و از محرّماتش] می پرهیزند ،",
            "89": " هرکس [به پیشگاه خداوند] کار نیکی بیاورد پاداشی بهتر از آن برای اوست، و هرکه کار بدی بیاورد [بداند که؛] بدکاران جز به گناهانی که همواره مرتکب می شدند کیفر داده نمی شوند ",
            "90": "\n \nبی تردید کسی که [ابلاغ و عمل کردن به] قرآن را بر تو واجب کرده، تو را [پیروزمندانه درحالی که دینت گسترش می یابد] به زادگاه [و وطن اصلی ات مکه] بازمی گرداند، بگو: پروردگارم به کسی که هدایت را آورده، و به کسی که در گمراهی آشکار است داناتر است ",
            "91": " تو انتظار نداشتی که این کتابِ [باعظمت] به تو عطا شود، [ولی این نبود] مگر رحمتی از سوی پروردگارت، پس هرگز پشتیبان کافران مباش !",
            "92": " مبادا [کافرانِ لجوج] تو را از [ابلاغ] آیات خدا پس از آن که به سویت فرستاده شده بازدارند، به سوی پروردگارت دعوت کن! و هرگز از مشرکان مباش !",
            "93": " با خداوند معبود دیگری را مخوان! جز او معبودی وجود ندارد، هرچیزی جز ذاتِ او فانی و نابود است، فرمانروایی [بر ظاهر و باطنِ هستی] فقط در اختیار اوست، و همۀ را به سوی او بازمی گردانند "
        }
    }
}