{
    "29": {
        "number": 29,"bab": 4,
        "title": "سوره عنكبوت", "delay": 4,
        "arabic": {
         "5": "الم",
            "6": "أَحَسِبَ النَّاسُ أَنْ يُتْرَكُوا أَنْ يَقُولُوا آمَنَّا وَهُمْ لَا يُفْتَنُونَ",
            "7": "وَلَقَدْ فَتَنَّا الَّذِينَ مِنْ قَبْلِهِمْ ۖ فَلَيَعْلَمَنَّ اللَّهُ الَّذِينَ صَدَقُوا وَلَيَعْلَمَنَّ الْكَاذِبِينَ",
            "8": "أَمْ حَسِبَ الَّذِينَ يَعْمَلُونَ السَّيِّئَاتِ أَنْ يَسْبِقُونَا ۚ سَاءَ مَا يَحْكُمُونَ",
            "9": "مَنْ كَانَ يَرْجُو لِقَاءَ اللَّهِ فَإِنَّ أَجَلَ اللَّهِ لَآتٍ ۚ وَهُوَ السَّمِيعُ الْعَلِيمُ",
            "10": "وَمَنْ جَاهَدَ فَإِنَّمَا يُجَاهِدُ لِنَفْسِهِ ۚ إِنَّ اللَّهَ لَغَنِيٌّ عَنِ الْعَالَمِينَ",
            "11": "وَالَّذِينَ آمَنُوا وَعَمِلُوا الصَّالِحَاتِ لَنُكَفِّرَنَّ عَنْهُمْ سَيِّئَاتِهِمْ وَلَنَجْزِيَنَّهُمْ أَحْسَنَ الَّذِي كَانُوا يَعْمَلُونَ",
            "12": "وَوَصَّيْنَا الْإِنْسَانَ بِوَالِدَيْهِ حُسْنًا ۖ وَإِنْ جَاهَدَاكَ لِتُشْرِكَ بِي مَا لَيْسَ لَكَ بِهِ عِلْمٌ فَلَا تُطِعْهُمَا ۚ إِلَيَّ مَرْجِعُكُمْ فَأُنَبِّئُكُمْ بِمَا كُنْتُمْ تَعْمَلُونَ",
            "13": "وَالَّذِينَ آمَنُوا وَعَمِلُوا الصَّالِحَاتِ لَنُدْخِلَنَّهُمْ فِي الصَّالِحِينَ",
            "14": "وَمِنَ النَّاسِ مَنْ يَقُولُ آمَنَّا بِاللَّهِ فَإِذَا أُوذِيَ فِي اللَّهِ جَعَلَ فِتْنَةَ النَّاسِ كَعَذَابِ اللَّهِ وَلَئِنْ جَاءَ نَصْرٌ مِنْ رَبِّكَ لَيَقُولُنَّ إِنَّا كُنَّا مَعَكُمْ ۚ أَوَلَيْسَ اللَّهُ بِأَعْلَمَ بِمَا فِي صُدُورِ الْعَالَمِينَ",
            "15": "وَلَيَعْلَمَنَّ اللَّهُ الَّذِينَ آمَنُوا وَلَيَعْلَمَنَّ الْمُنَافِقِينَ",
            "16": "وَقَالَ الَّذِينَ كَفَرُوا لِلَّذِينَ آمَنُوا اتَّبِعُوا سَبِيلَنَا وَلْنَحْمِلْ خَطَايَاكُمْ وَمَا هُمْ بِحَامِلِينَ مِنْ خَطَايَاهُمْ مِنْ شَيْءٍ ۖ إِنَّهُمْ لَكَاذِبُونَ",
            "17": "وَلَيَحْمِلُنَّ أَثْقَالَهُمْ وَأَثْقَالًا مَعَ أَثْقَالِهِمْ ۖ وَلَيُسْأَلُنَّ يَوْمَ الْقِيَامَةِ عَمَّا كَانُوا يَفْتَرُونَ",
            "18": "وَلَقَدْ أَرْسَلْنَا نُوحًا إِلَىٰ قَوْمِهِ فَلَبِثَ فِيهِمْ أَلْفَ سَنَةٍ إِلَّا خَمْسِينَ عَامًا فَأَخَذَهُمُ الطُّوفَانُ وَهُمْ ظَالِمُونَ",
            "19": "فَأَنْجَيْنَاهُ وَأَصْحَابَ السَّفِينَةِ وَجَعَلْنَاهَا آيَةً لِلْعَالَمِينَ",
            "20": "وَإِبْرَاهِيمَ إِذْ قَالَ لِقَوْمِهِ اعْبُدُوا اللَّهَ وَاتَّقُوهُ ۖ ذَٰلِكُمْ خَيْرٌ لَكُمْ إِنْ كُنْتُمْ تَعْلَمُونَ",
            "21": "إِنَّمَا تَعْبُدُونَ مِنْ دُونِ اللَّهِ أَوْثَانًا وَتَخْلُقُونَ إِفْكًا ۚ إِنَّ الَّذِينَ تَعْبُدُونَ مِنْ دُونِ اللَّهِ لَا يَمْلِكُونَ لَكُمْ رِزْقًا فَابْتَغُوا عِنْدَ اللَّهِ الرِّزْقَ وَاعْبُدُوهُ وَاشْكُرُوا لَهُ ۖ إِلَيْهِ تُرْجَعُونَ",
            "22": "وَإِنْ تُكَذِّبُوا فَقَدْ كَذَّبَ أُمَمٌ مِنْ قَبْلِكُمْ ۖ وَمَا عَلَى الرَّسُولِ إِلَّا الْبَلَاغُ الْمُبِينُ",
            "23": "أَوَلَمْ يَرَوْا كَيْفَ يُبْدِئُ اللَّهُ الْخَلْقَ ثُمَّ يُعِيدُهُ ۚ إِنَّ ذَٰلِكَ عَلَى اللَّهِ يَسِيرٌ",
            "24": "قُلْ سِيرُوا فِي الْأَرْضِ فَانْظُرُوا كَيْفَ بَدَأَ الْخَلْقَ ۚ ثُمَّ اللَّهُ يُنْشِئُ النَّشْأَةَ الْآخِرَةَ ۚ إِنَّ اللَّهَ عَلَىٰ كُلِّ شَيْءٍ قَدِيرٌ",
            "25": "يُعَذِّبُ مَنْ يَشَاءُ وَيَرْحَمُ مَنْ يَشَاءُ ۖ وَإِلَيْهِ تُقْلَبُونَ",
            "26": "وَمَا أَنْتُمْ بِمُعْجِزِينَ فِي الْأَرْضِ وَلَا فِي السَّمَاءِ ۖ وَمَا لَكُمْ مِنْ دُونِ اللَّهِ مِنْ وَلِيٍّ وَلَا نَصِيرٍ",
            "27": "وَالَّذِينَ كَفَرُوا بِآيَاتِ اللَّهِ وَلِقَائِهِ أُولَٰئِكَ يَئِسُوا مِنْ رَحْمَتِي وَأُولَٰئِكَ لَهُمْ عَذَابٌ أَلِيمٌ",
            "28": "فَمَا كَانَ جَوَابَ قَوْمِهِ إِلَّا أَنْ قَالُوا اقْتُلُوهُ أَوْ حَرِّقُوهُ فَأَنْجَاهُ اللَّهُ مِنَ النَّارِ ۚ إِنَّ فِي ذَٰلِكَ لَآيَاتٍ لِقَوْمٍ يُؤْمِنُونَ",
            "29": "وَقَالَ إِنَّمَا اتَّخَذْتُمْ مِنْ دُونِ اللَّهِ أَوْثَانًا مَوَدَّةَ بَيْنِكُمْ فِي الْحَيَاةِ الدُّنْيَا ۖ ثُمَّ يَوْمَ الْقِيَامَةِ يَكْفُرُ بَعْضُكُمْ بِبَعْضٍ وَيَلْعَنُ بَعْضُكُمْ بَعْضًا وَمَأْوَاكُمُ النَّارُ وَمَا لَكُمْ مِنْ نَاصِرِينَ",
            "30": "فَآمَنَ لَهُ لُوطٌ ۘ وَقَالَ إِنِّي مُهَاجِرٌ إِلَىٰ رَبِّي ۖ إِنَّهُ هُوَ الْعَزِيزُ الْحَكِيمُ",
            "31": "وَوَهَبْنَا لَهُ إِسْحَاقَ وَيَعْقُوبَ وَجَعَلْنَا فِي ذُرِّيَّتِهِ النُّبُوَّةَ وَالْكِتَابَ وَآتَيْنَاهُ أَجْرَهُ فِي الدُّنْيَا ۖ وَإِنَّهُ فِي الْآخِرَةِ لَمِنَ الصَّالِحِينَ",
            "32": "وَلُوطًا إِذْ قَالَ لِقَوْمِهِ إِنَّكُمْ لَتَأْتُونَ الْفَاحِشَةَ مَا سَبَقَكُمْ بِهَا مِنْ أَحَدٍ مِنَ الْعَالَمِينَ",
            "33": "أَئِنَّكُمْ لَتَأْتُونَ الرِّجَالَ وَتَقْطَعُونَ السَّبِيلَ وَتَأْتُونَ فِي نَادِيكُمُ الْمُنْكَرَ ۖ فَمَا كَانَ جَوَابَ قَوْمِهِ إِلَّا أَنْ قَالُوا ائْتِنَا بِعَذَابِ اللَّهِ إِنْ كُنْتَ مِنَ الصَّادِقِينَ",
            "34": "قَالَ رَبِّ انْصُرْنِي عَلَى الْقَوْمِ الْمُفْسِدِينَ",
            "35": "وَلَمَّا جَاءَتْ رُسُلُنَا إِبْرَاهِيمَ بِالْبُشْرَىٰ قَالُوا إِنَّا مُهْلِكُو أَهْلِ هَٰذِهِ الْقَرْيَةِ ۖ إِنَّ أَهْلَهَا كَانُوا ظَالِمِينَ",
            "36": "قَالَ إِنَّ فِيهَا لُوطًا ۚ قَالُوا نَحْنُ أَعْلَمُ بِمَنْ فِيهَا ۖ لَنُنَجِّيَنَّهُ وَأَهْلَهُ إِلَّا امْرَأَتَهُ كَانَتْ مِنَ الْغَابِرِينَ",
            "37": "وَلَمَّا أَنْ جَاءَتْ رُسُلُنَا لُوطًا سِيءَ بِهِمْ وَضَاقَ بِهِمْ ذَرْعًا وَقَالُوا لَا تَخَفْ وَلَا تَحْزَنْ ۖ إِنَّا مُنَجُّوكَ وَأَهْلَكَ إِلَّا امْرَأَتَكَ كَانَتْ مِنَ الْغَابِرِينَ",
            "38": "إِنَّا مُنْزِلُونَ عَلَىٰ أَهْلِ هَٰذِهِ الْقَرْيَةِ رِجْزًا مِنَ السَّمَاءِ بِمَا كَانُوا يَفْسُقُونَ",
            "39": "وَلَقَدْ تَرَكْنَا مِنْهَا آيَةً بَيِّنَةً لِقَوْمٍ يَعْقِلُونَ",
            "40": "وَإِلَىٰ مَدْيَنَ أَخَاهُمْ شُعَيْبًا فَقَالَ يَا قَوْمِ اعْبُدُوا اللَّهَ وَارْجُوا الْيَوْمَ الْآخِرَ وَلَا تَعْثَوْا فِي الْأَرْضِ مُفْسِدِينَ",
            "41": "فَكَذَّبُوهُ فَأَخَذَتْهُمُ الرَّجْفَةُ فَأَصْبَحُوا فِي دَارِهِمْ جَاثِمِينَ",
            "42": "وَعَادًا وَثَمُودَ وَقَدْ تَبَيَّنَ لَكُمْ مِنْ مَسَاكِنِهِمْ ۖ وَزَيَّنَ لَهُمُ الشَّيْطَانُ أَعْمَالَهُمْ فَصَدَّهُمْ عَنِ السَّبِيلِ وَكَانُوا مُسْتَبْصِرِينَ",
            "43": "وَقَارُونَ وَفِرْعَوْنَ وَهَامَانَ ۖ وَلَقَدْ جَاءَهُمْ مُوسَىٰ بِالْبَيِّنَاتِ فَاسْتَكْبَرُوا فِي الْأَرْضِ وَمَا كَانُوا سَابِقِينَ",
            "44": "فَكُلًّا أَخَذْنَا بِذَنْبِهِ ۖ فَمِنْهُمْ مَنْ أَرْسَلْنَا عَلَيْهِ حَاصِبًا وَمِنْهُمْ مَنْ أَخَذَتْهُ الصَّيْحَةُ وَمِنْهُمْ مَنْ خَسَفْنَا بِهِ الْأَرْضَ وَمِنْهُمْ مَنْ أَغْرَقْنَا ۚ وَمَا كَانَ اللَّهُ لِيَظْلِمَهُمْ وَلَٰكِنْ كَانُوا أَنْفُسَهُمْ يَظْلِمُونَ",
            "45": "مَثَلُ الَّذِينَ اتَّخَذُوا مِنْ دُونِ اللَّهِ أَوْلِيَاءَ كَمَثَلِ الْعَنْكَبُوتِ اتَّخَذَتْ بَيْتًا ۖ وَإِنَّ أَوْهَنَ الْبُيُوتِ لَبَيْتُ الْعَنْكَبُوتِ ۖ لَوْ كَانُوا يَعْلَمُونَ",
            "46": "إِنَّ اللَّهَ يَعْلَمُ مَا يَدْعُونَ مِنْ دُونِهِ مِنْ شَيْءٍ ۚ وَهُوَ الْعَزِيزُ الْحَكِيمُ",
            "47": "وَتِلْكَ الْأَمْثَالُ نَضْرِبُهَا لِلنَّاسِ ۖ وَمَا يَعْقِلُهَا إِلَّا الْعَالِمُونَ",
            "48": "خَلَقَ اللَّهُ السَّمَاوَاتِ وَالْأَرْضَ بِالْحَقِّ ۚ إِنَّ فِي ذَٰلِكَ لَآيَةً لِلْمُؤْمِنِينَ",
            "49": "اتْلُ مَا أُوحِيَ إِلَيْكَ مِنَ الْكِتَابِ وَأَقِمِ الصَّلَاةَ ۖ إِنَّ الصَّلَاةَ تَنْهَىٰ عَنِ الْفَحْشَاءِ وَالْمُنْكَرِ ۗ وَلَذِكْرُ اللَّهِ أَكْبَرُ ۗ وَاللَّهُ يَعْلَمُ مَا تَصْنَعُونَ",
            "50": "وَلَا تُجَادِلُوا أَهْلَ الْكِتَابِ إِلَّا بِالَّتِي هِيَ أَحْسَنُ إِلَّا الَّذِينَ ظَلَمُوا مِنْهُمْ ۖ وَقُولُوا آمَنَّا بِالَّذِي أُنْزِلَ إِلَيْنَا وَأُنْزِلَ إِلَيْكُمْ وَإِلَٰهُنَا وَإِلَٰهُكُمْ وَاحِدٌ وَنَحْنُ لَهُ مُسْلِمُونَ",
            "51": "وَكَذَٰلِكَ أَنْزَلْنَا إِلَيْكَ الْكِتَابَ ۚ فَالَّذِينَ آتَيْنَاهُمُ الْكِتَابَ يُؤْمِنُونَ بِهِ ۖ وَمِنْ هَٰؤُلَاءِ مَنْ يُؤْمِنُ بِهِ ۚ وَمَا يَجْحَدُ بِآيَاتِنَا إِلَّا الْكَافِرُونَ",
            "52": "وَمَا كُنْتَ تَتْلُو مِنْ قَبْلِهِ مِنْ كِتَابٍ وَلَا تَخُطُّهُ بِيَمِينِكَ ۖ إِذًا لَارْتَابَ الْمُبْطِلُونَ",
            "53": "بَلْ هُوَ آيَاتٌ بَيِّنَاتٌ فِي صُدُورِ الَّذِينَ أُوتُوا الْعِلْمَ ۚ وَمَا يَجْحَدُ بِآيَاتِنَا إِلَّا الظَّالِمُونَ",
            "54": "وَقَالُوا لَوْلَا أُنْزِلَ عَلَيْهِ آيَاتٌ مِنْ رَبِّهِ ۖ قُلْ إِنَّمَا الْآيَاتُ عِنْدَ اللَّهِ وَإِنَّمَا أَنَا نَذِيرٌ مُبِينٌ",
            "55": "أَوَلَمْ يَكْفِهِمْ أَنَّا أَنْزَلْنَا عَلَيْكَ الْكِتَابَ يُتْلَىٰ عَلَيْهِمْ ۚ إِنَّ فِي ذَٰلِكَ لَرَحْمَةً وَذِكْرَىٰ لِقَوْمٍ يُؤْمِنُونَ",
            "56": "قُلْ كَفَىٰ بِاللَّهِ بَيْنِي وَبَيْنَكُمْ شَهِيدًا ۖ يَعْلَمُ مَا فِي السَّمَاوَاتِ وَالْأَرْضِ ۗ وَالَّذِينَ آمَنُوا بِالْبَاطِلِ وَكَفَرُوا بِاللَّهِ أُولَٰئِكَ هُمُ الْخَاسِرُونَ",
            "57": "وَيَسْتَعْجِلُونَكَ بِالْعَذَابِ ۚ وَلَوْلَا أَجَلٌ مُسَمًّى لَجَاءَهُمُ الْعَذَابُ وَلَيَأْتِيَنَّهُمْ بَغْتَةً وَهُمْ لَا يَشْعُرُونَ",
            "58": "يَسْتَعْجِلُونَكَ بِالْعَذَابِ وَإِنَّ جَهَنَّمَ لَمُحِيطَةٌ بِالْكَافِرِينَ",
            "59": "يَوْمَ يَغْشَاهُمُ الْعَذَابُ مِنْ فَوْقِهِمْ وَمِنْ تَحْتِ أَرْجُلِهِمْ وَيَقُولُ ذُوقُوا مَا كُنْتُمْ تَعْمَلُونَ",
            "60": "يَا عِبَادِيَ الَّذِينَ آمَنُوا إِنَّ أَرْضِي وَاسِعَةٌ فَإِيَّايَ فَاعْبُدُونِ",
            "61": "كُلُّ نَفْسٍ ذَائِقَةُ الْمَوْتِ ۖ ثُمَّ إِلَيْنَا تُرْجَعُونَ",
            "62": "وَالَّذِينَ آمَنُوا وَعَمِلُوا الصَّالِحَاتِ لَنُبَوِّئَنَّهُمْ مِنَ الْجَنَّةِ غُرَفًا تَجْرِي مِنْ تَحْتِهَا الْأَنْهَارُ خَالِدِينَ فِيهَا ۚ نِعْمَ أَجْرُ الْعَامِلِينَ",
            "63": "الَّذِينَ صَبَرُوا وَعَلَىٰ رَبِّهِمْ يَتَوَكَّلُونَ",
            "64": "وَكَأَيِّنْ مِنْ دَابَّةٍ لَا تَحْمِلُ رِزْقَهَا اللَّهُ يَرْزُقُهَا وَإِيَّاكُمْ ۚ وَهُوَ السَّمِيعُ الْعَلِيمُ",
            "65": "وَلَئِنْ سَأَلْتَهُمْ مَنْ خَلَقَ السَّمَاوَاتِ وَالْأَرْضَ وَسَخَّرَ الشَّمْسَ وَالْقَمَرَ لَيَقُولُنَّ اللَّهُ ۖ فَأَنَّىٰ يُؤْفَكُونَ",
            "66": "اللَّهُ يَبْسُطُ الرِّزْقَ لِمَنْ يَشَاءُ مِنْ عِبَادِهِ وَيَقْدِرُ لَهُ ۚ إِنَّ اللَّهَ بِكُلِّ شَيْءٍ عَلِيمٌ",
            "67": "وَلَئِنْ سَأَلْتَهُمْ مَنْ نَزَّلَ مِنَ السَّمَاءِ مَاءً فَأَحْيَا بِهِ الْأَرْضَ مِنْ بَعْدِ مَوْتِهَا لَيَقُولُنَّ اللَّهُ ۚ قُلِ الْحَمْدُ لِلَّهِ ۚ بَلْ أَكْثَرُهُمْ لَا يَعْقِلُونَ",
            "68": "وَمَا هَٰذِهِ الْحَيَاةُ الدُّنْيَا إِلَّا لَهْوٌ وَلَعِبٌ ۚ وَإِنَّ الدَّارَ الْآخِرَةَ لَهِيَ الْحَيَوَانُ ۚ لَوْ كَانُوا يَعْلَمُونَ",
            "69": "فَإِذَا رَكِبُوا فِي الْفُلْكِ دَعَوُا اللَّهَ مُخْلِصِينَ لَهُ الدِّينَ فَلَمَّا نَجَّاهُمْ إِلَى الْبَرِّ إِذَا هُمْ يُشْرِكُونَ",
            "70": "لِيَكْفُرُوا بِمَا آتَيْنَاهُمْ وَلِيَتَمَتَّعُوا ۖ فَسَوْفَ يَعْلَمُونَ",
            "71": "أَوَلَمْ يَرَوْا أَنَّا جَعَلْنَا حَرَمًا آمِنًا وَيُتَخَطَّفُ النَّاسُ مِنْ حَوْلِهِمْ ۚ أَفَبِالْبَاطِلِ يُؤْمِنُونَ وَبِنِعْمَةِ اللَّهِ يَكْفُرُونَ",
            "72": "وَمَنْ أَظْلَمُ مِمَّنِ افْتَرَىٰ عَلَى اللَّهِ كَذِبًا أَوْ كَذَّبَ بِالْحَقِّ لَمَّا جَاءَهُ ۚ أَلَيْسَ فِي جَهَنَّمَ مَثْوًى لِلْكَافِرِينَ",
            "73": "وَالَّذِينَ جَاهَدُوا فِينَا لَنَهْدِيَنَّهُمْ سُبُلَنَا ۚ وَإِنَّ اللَّهَ لَمَعَ الْمُحْسِنِينَ"
        },
        "farsi": {
            "5": "الف، لام، میم",
            "6": " آیا مردم پنداشته اند که چون بگویند مؤمن شده ایم رهایشان می کنند؟ و [به وسیلۀ مال و مقام و اولاد و جانشان و حوادث] امتحان نمی شوند؟",
            "7": "بی تردید کسانی را که پیش از آنان بودند در بوتۀ امتحان قرار دادیم، [حتماً اینان را نیز امتحان خواهیم کرد،] مسلّماً خداوند آنان را که [در ادعای ایمان داشتن] راست گفته اند، و نیز دروغگویان [مدعی] را [به خوبی] می شناسد ",
            "8": " آیا کسانی که مرتکب زشتی ها می شوند پنداشته اند می توانند بر [قدرت] ما چیره شوند [تا از کیفرمان در امان بمانند]؟ بد داوری می کنند! ",
            "9": " کسی که به لقای خداوند امید بسته [باید در طاعت و ترک گناه بکوشد؛ زیرا] زمان [معین شده از سوی] خداوند [که روز قیامت است] بدون تردید آمدنی است، و او شنوا[ی گفتار شما] و دانا[ی به همۀ اعمالی] است [که انجام می دهید] ",
            "10": " کسی که [برای خدا و در راه خدا] بکوشد فقط به سود خودش می کوشد؛ زیرا خداوند از جهانیان بی نیاز است ",
            "11": " آنان که ایمان آوردند و کارهای شایسته انجام دادند یقیناً گناهانشان را از آنان می پوشانیم، و بر پایۀ بهترین عملی که همواره انجام می دادند پاداششان می دهیم ",
            "12": " ما به انسان دربارۀ احسان به پدر و مادرش [به هر آیینی که باشند] سفارش کردیم، چنانچه آن دو نفر بکوشند تا بر پایۀ جهالت [و امور بی دلیل و غیر علمی]، چیزی را شریک [در الوهیت] من قرار دهی از آنان اطاعت مکن! بازگشت همۀ شما به سوی من است، نهایتاً شما را به آنچه همواره انجام می دادید آگاه می کنم ",
            "13": " کسانی که ایمان آوردند و کارهای شایسته انجام دادند بی تردید آنان را در گروه شایستگان وارد می کنیم ",
            "14": " از مردم کسانی هستند که می گویند: به خداوند ایمان آوردیم. ولی زمانی که در راه خدا [از سوی دشمنان] شکنجه شوند، آزار مردم [نسبت به خود] را مانند عذاب خدا [غیرقابل تحمّل] می پندارند [و از بیم ادامه یافتنش از ایمان دست برمی دارند]، و چنانچه از سوی پروردگارت نصرتی [چون پیروزی] بیاید بی گمان می گویند: ما از دیرباز با شما بودیم. آیا خداوند به آنچه در سینه های جهانیان است [از خود آنان] آگاه تر نیست؟",
            "15": "همانا خداوند کسانی را که [از روی صِدق] ایمان آورده اند می شناسد، و بی تردید منافقان را [نیز] می شناسد ",
            "16": " کافران به مؤمنان گفتند: از طریقه [و فرهنگ] ما پیروی کنید تا [اگر آخرتی در کار باشد] ما گناهانتان را بر عهده بگیریم. آنان چیزی از گناهان مؤمنان را به عهده نخواهند گرفت، کافران مسلّماً [در وعده هایی که می دهند] دروغ گویند ",
            "17": "مسلماً آنان بارهای سنگین گناهان خود را به دوش می کشند، و بارهای سنگین دیگری را به انضمام بارهای خود نیز به دوش خواهند کشید، و روز قیامت از دروغ هایی که [به خدا و پیامبر و مؤمنان] می بستند حتماً بازپرسی خواهند شد ",
            "18": " به راستی نوح را به سوی قومش فرستادیم، پس هزار سال پنجاه سال کم در بین آنان زندگی کرد، [چون بیشتر مردم به او مؤمن نشدند] سرانجام توفانی [سهمگین] آنان را درحالی که ستمکار بودند فراگرفت ",
            "19": " پس او و اهل کشتی را به ساحل نجات رساندیم، و آن [حادثه] را عبرتی [بسیار مهم] برای جهانیان قرار دادیم ",
            "20": " و ابراهیم را [نیز فرستادیم]، آن زمان به قومش گفت: خداوند را بپرستید و از او [اطاعت کرده، از محرّماتش] بپرهیزید، چنانچه مردم دانایی باشید این [راه و روش] برای شما بهتر است ",
            "21": " جز این نیست که شما به جای خداوند بُت هایی [بی اثر و پوچ] را می پرستید، و [نام های] دروغین [چون الهه و شفیع و معبود، برای آن ها] می سازید، آن هایی که به جای خدا می پرستید اختیار هیچ رزقی را برای شما ندارند، رزق را از پیشگاه خداوند بخواهید، و او را بپرستید و شکرگزار حضرتش باشید، [همۀ] شما را به سوی او بازمی گردانند ",
            "22": " اگر مرا انکار کنید [کار تازه ای نیست؛ زیرا] امت هایی [نیز] پیش از شما منکر [پیامبران] بودند، بر عهدۀ پیامبر جز رساندن آشکار [پیام وحی] نیست ",
            "23": " آیا ندانسته اند که خداوند چگونه آفرینش را آغاز می کند، سپس آن را [پس از فروپاشیدنش] بازمی گرداند، یقیناً این [کار] بر خداوند آسان است ",
            "24": " بگو: در زمین گردش کنید، پس با دقت بنگرید که [خداوند] چگونه آفرینش را آغاز کرد، سپس خداوند جهانِ آخرت را ایجاد می کند؛ چون خداوند بر هر کاری تواناست ",
            "25": " هرکس را بخواهد [به سبب گناهانش] عذاب می کند، و هرکس را بخواهد [به سبب توبه اش] مورد رحمت قرار می دهد، و [همۀ] شما را به سوی او بازمی گردانند ",
            "26": " شما نه در زمین و نه در آسمان، عاجزکنندۀ [خدا] نیستید [تا بتوانید از دسترس قدرتش بیرون روید]، و شما را در برابر خداوند هیچ سرپرست و فریادرسی نیست ",
            "27": " کافران به آیات خدا و لقای او از رحمت من [به سبب تاریکی باطنشان] مأیوسند، برای اینان عذابی دردناک خواهد بود ",
            "28": " نهایتاً واکنش قوم ابراهیم [در برابر مخالفتش با بُت ها و دعوت به توحید] جز این نبود که اِعلام کردند؛ او را بکشید یا بسوزانید! ولی خداوند او را از آن آتش [که برای سوزاندنش افروخته بودند] نجات داد، مسلّماً در این [حادثه] برای مردمِ مؤمن عبرتهاست ",
            "29": " [ابراهیم پس از نجات از آتش به قومش روی آورد] و گفت: اینکه به جای خداوند بُت هایی [بی اثر و پوچ] را [به عنوان معبود] انتخاب کرده اید سببش دوستی بین خودتان است؛ برای [اینکه می خواهید در سایۀ این محبت و عشق به فرهنگ بُت پرستی]، زندگی [زودگذر و فانی] دنیایی [خود را اداره کنید]، سپس روز قیامت [که اینگونه پیوندها از بین می رود] از یکدیگر بیزاری می جویید، و یکدیگر را لعنت می کنید، جایگاهتان آتش است، و هیچ فریادرسی برایتان نخواهد بود ",
            "30": " لوط [در همۀ زمینه های توحیدی و معنوی] به ابراهیم گروید، [از آن جا که ابراهیم محیط خود را برای تبلیغ دین مناسب ندید به قوم لجوجش] گفت: البته من به سوی پروردگارم مهاجرت می کنم که فقط او توانای شکست ناپذیر و حکیم است ",
            "31": " و اسحاق و یعقوب را به اوعطا کردیم، و پیامبری و کتاب [آسمانی] را در نسلش قرار دادیم، و پاداشش را در دنیا به او دادیم، و مسلّماً او در آخرت در زمرۀ شایستگان است ",
            "32": " و لوط را [نیز فرستادیم]، آن زمان به قومش گفت: شما عمل بسیار زشتی را انجام می دهید که پیش از شما هیچ یک از جهانیان در این عمل بر شما پیشی نگرفته اند ",
            "33": " آیا شما [برای عمل زشتتان] به سوی مردان می روید و راه [توالد و تناسل] را قطع می کنید، و در محفل عمومی خود این کار بسیار زشت را [در برابر یکدیگر] انجام می دهید؟! ولی واکنش قومش جز این نبود که گفتند: اگر تو [در ادعای نبوتت] از راست گویانی عذاب خدا را برای ما بیاور!",
            "34": " لوط گفت: پروردگارا! مرا در برابر این قوم تبهکار فتنه انگیز یاری کن ",
            "35": " چون فرستادگان ما با مژدۀ [ولادت اسحاق] نزد ابراهیم آمدند گفتند: البته ما اهل این شهر را [که با لوط مخالفت کردند] نابود می کنیم؛ زیرا اهلش [بر خود و دیگران] همواره ستمکار بودند",
            "36": " [ابراهیم] گفت: لوط در آن جاست. گفتند: ما به کسانی که در آن جا هستند و [زندگی می کنند] داناتریم، حتماً او و خانواده اش را نجات می دهیم مگر همسرش را که از باقی ماندگان [در بین کافران] خواهد بود ",
            "37": " چون فرستادگان ما [به صورت انسان هایی آراسته] نزد لوط آمدند، به سبب [حضور] آنان لوط بدحال و بی طاقت شد، [به او] گفتند: مترس، و اندوهگین مباش! مسلّماً ما نجات دهندۀ تو و خانواده ات هستیم به جز همسرت که از باقی ماندگان [در بین کافران] است ",
            "38": " ما بر اهل این شهر به سبب کار بسیار زشتی که انجام می دهند عذاب سختی از آسمان فرود می آوریم ",
            "39": " [آن شهر را با عذاب آسمانی درهم کوبیدیم،] و از آن [منطقۀ عذاب زده] نشانه ای روشن برای مردمی که اهل اندیشه اند بر جای گذاشتیم ",
            "40": " و [نیز] به سوی اهل مَدین برادرشان شعیب را [فرستادیم]، پس گفت: ای قومِ من! خدا را بپرستید و از روز قیامت بیم داشته باشید، و در زمین تبهکاری و فتنه انگیزی نکنید [که بسیار زشت است] ",
            "41": " پس او را انکار کردند، در نتیجه زلزلۀ سختی آنان را فراگرفت، نهایتاً در خانه هایشان به رو درافتاده، جسمی بی جان شدند ",
            "42": " و [قوم] عاد و ثمود را [نیز هلاک کردیم]، و [سرنوشتِ شومشان از] مَسکن های [خالی و خراب] آنان برای شما پیدا و نمایان است، شیطان اعمال [زشت] آنان را [برای این که به آسانی مرتکب شوند] در نظرشان آراست، در نتیجه از راه [خداوند] بازشان داشت، درحالی که [در تشخیص حق از باطل] آگاهی داشتند ",
            "43": " قارون و فرعون و هامان را [نیز هلاک کردیم]، البته موسی برای آنان دلایل روشن آورد امّا در زمین تکبّر و سرکشی کردند، ولی پیشی گیرنده [بر اراده و قضا و قدر ما] نبودند [تا بتوانند از عذاب ما بگریزند]،",
            "44": " پس همه را [این گونه] به گناهانشان کیفر دادیم [که:] بر برخی از آنان بادی شدید [که حامل سنگریزه و شن بود] فرستادیم، بعضی را فریاد مرگبار فراگرفت، و برخی را به زمین فرو بردیم، و عده ای را غرق کردیم، خداوند چنین نبود که بر آنان ستم ورزد، بلکه آنان بودند که به خودشان ستم روا داشتند ",
            "45": " مَثَل کسانی که به جای خداوند سرپرستانی [برای کارسازی امورشان] انتخاب کرده اند چون عنکبوت است که خانه ای [بی پایه و اساس برای خود] ساخته، همانا سست ترین خانه ها خانۀ عنکبوت است، اگر [این حقیقت را] می فهمیدند [هرگز بُت های بی پایه و پوچ را سرپرست خود نمی گرفتند] ",
            "46": "به راستی خداوند می داند که [این بی خِردان] چه چیزهایی را به جای خدا می خوانند، درحالی که توانای شکست ناپذیر و حکیم فقط اوست ",
            "47": " این مَثَل ها را [به خاطر توضیح حقایق و معارف] برای مردم می زنیم، و جز دانشوران در آن ها اندیشه نمی کنند ",
            "48": " خداوند آسمان ها و زمین را به حق و درستی آفرید، بی گمان در این [آفرینش] برای مؤمنان نشانه ای [بر ربوبیت، قدرت و یکتابی خدا] است ",
            "49": " آنچه را از این کتاب به تو وحی شده تلاوت کن! و نماز را [با شرایط ویژه اش] بخوان! بی تردید نماز بازدارندۀ از هر زشت کاری و ناپسندی است، همانا یادِ خداوند [اثری] بزرگ تر [از دیگر آثار نماز] است، و خدا آنچه را انجام می دهید می داند ",
            "50": " با اهل کتاب جز با نیکوترین شیوه، بحث [دینی و اعتقادی] نکنید، مگر با کسانی از آنان که [در بحث با شما] به صورتی لجوجانه برخورد کنند، [به آنان] بگویید: به آنچه به سوی ما و به سوی شما نازل شده ایمان داریم، معبود ما و شما یکی است [و آن خداوند یکتاست]، و ما تسلیم او هستیم ",
            "51": " [همان گونه که بر پیامبران گذشته کتاب نازل کردیم] اینچنین این کتاب را به سوی تو فرستادیم، پس [برخی از] کسانی که اهل کتابند به آن ایمان می آورند، و از اینان [که مشرکان اهل مکه اند] اندکی به آن مؤمن می شوند، و آیات ما را جز کافران انکار نمی کنند ",
            "52": " تو پیش از این [قرآن] نه هیچ نوشته ای را می خواندی، و نه آن را با دست خود می نوشتی، وگرنه باطل گرایانِ یاوه گو [در وحی بودن و حقانیت آن] شک می کردند ",
            "53": " بلکه [اگر با سواد هم بودی ساختنِ چون قرآن هرگز برایت ممکن نبود،] این [قرآن] آیات روشنی است در سینۀ کسانی که به آنان معرفت عطا شده، و آیات ما را جز ستمکاران انکار نمی کنند ",
            "54": " [مشرکان مکه] گفتند: چرا از سوی پروردگارش معجزاتی [چون معجزات پیامبران گذشته] بر او نازل نمی شود؟ بگو: [اختیارِ فرستادن] معجزات فقط در انحصار خداست، جز این نیست که من هشداردهنده ای روشنگرم ",
            "55": " آیا برای آنان این بس نبوده که ما این کتاب را که [همواره] بر آنان خوانده می شود بر تو نازل کردیم؟ همانا در این [کار] رحمتی است [ویژه]، و مایۀ پندی است برای مردمی که ایمان دارند ",
            "56": " بگو: بس است که خداوند [دربارۀ حقانیت قرآن و نبوتم] بین من و شما شاهد باشد، او آنچه را در آسمان ها و زمین است می داند، آنان که به باطل [چون بُت و طاغوت] گرویده اند، و به خداوند کافر شده اند زیانکاران [واقعی] اند ",
            "57": " از تو خواهان شتاب [در آمدن] عذاب هستند، چنانچه مهلتی معین [برای آنان مقرر] نبود قطعاً عذاب [ی را که خواهانش بودند] بر آنان می آمد، و حتماً [پس از سرآمدن مهلت معین] درحالی که [از آمدنش] بی خبرند ناگهان به سراغشان خواهد آمد ",
            "58": " از تو خواهان شتاب [در آمدن] عذاب هستند، بدون تردید [هم اکنون] دوزخ بر کافران احاطه دارد ",
            "59": " روزی را [به آنان یادآوری کن] که عذاب از بالای سرشان و از زیر پایشان آنان را می پوشاند، [خداوند یا فرشتۀ الهی] می گوید: آنچه را همواره انجام می دادید اکنون [به صورت سخت ترین عذاب] بچشید ",
            "60": " ای بندگان مؤمنِ من! زمینم پهناور است، پس [با انتخاب جایی مناسب که از نظر دینی در مضیقه نباشید] فقط مرا عبادت کنید ",
            "61": " هر جانداری [طعم] مرگ را می چشد ، سپس به سوی ما بازتان می گردانند ",
            "62": " بدون تردید مؤمنانی که کارهای شایسته انجام داده اند در قصرهایی رفیع از بهشت که از زیر [درختان] آن نهرها جاری است جای خواهیم داد، در آن جا جاودانه اند، پاداش عمل کنندگان نیکوست ",
            "63": " هم آنان که [برای حفظ ایمانشان در برابر هر پیش آمدی] شکیبایی ورزیدند، و همواره بر پروردگارشان توکل دارند ",
            "64": " چه بسیار جنبنده ای که قدرت به عهده گرفتن روزی خو را ندارند، خداوند است که به آنان و شما روزی می دهد، او شنوا[ی درخواست همه]، و دانا[ی به امور کلّ جنبندگان و شما] است ",
            "65": " اگر از مشرکان بپرسی چه کسی آسمان ها و زمین را آفرید، و خورشید و ماه را به کار گرفت؟ به یقین خواهند گفت: خدا. پس چگونه [از اعتقاد به وحدانیتِ پروردگار] منحرفشان می کنند ؟",
            "66": " خداوند رزق و روزی را برای هریک از بندگانش بخواهد وسعت می دهد یا تنگ می گیرد، قطعاً خداوند بر هر کاری تواناست ",
            "67": " اگر از آنان بپرسی چه کسی از آسمان، آبی فرستاد و زمین را به وسیله آن پس از مردنش زنده کرد؟ بی شک خواهند گفت: خدا. بگو: همۀ ستایش ها ویژۀ خداست، بلکه بیشتر آنان [در گفتار و کردار خود] اندیشه نمی کنند",
            "68": " این زندگی دنیا جز سرگرمی و بازی نیست، بی تردید سرای آخرت همان زندگی [واقعی] است، چنانچه [این بی خبران]، معرفت داشتند [دنیا را به جای آخرت انتخاب نمی کردند ]",
            "69": " [مشرکانِ متعصب] چون سوار کشتی می شوند [و در میان دریا به توفان و امواج خطرناک برخورد می کنند]، خدا را درحالی که ایمان را [از شرک،] پاک و خالص کرده اند می خوانند، ولی زمانی که آنان را به خشکی می رساند ناگهان به آیین شرک می گرایند ",
            "70": " تا به آنچه [از نعمت نجات] که به آنان عطا کردیم ناسپاسی کنند و [از زندگی شرک آلودشان] برخوردار شوند، پس به زودی [نتیجۀ این ناسپاسی و زندگی شرک آلود را] خواهند دانست ",
            "71": " آیا ندانسته اند که ما [شهر مکه را] حرم امنی قرار داده ایم [که در آن با آسایش زندگی می کنند]، درحالی که مردمِ پیرامونشان [که در بیرون مکّه زندگی می کنند به وسیلۀ زورمدران و دزدانِ عرب] ربوده می شوند! پس آیا [با دارابودن نعمت آسایش و امنیت] به باطل می گروند، و نعمت خدا را ناسپاسی می کنند؟",
            "72": " ستمکارتر از کسی که دروغی به خدا ببندد [که خداوند دارای شریک است]، یا حق را زمانی که به سویش آمد انکار کند کیست؟ آیا در دوزخ جایگاهی برای کافران نیست؟",
            "73": " کسانی که برای ما کوشیدند حتماً آنان را به راه های خود [که صراط مستقیم، راه کمال، بهشت و مقام قُرب است] هدایت می کنیم، به راستی که خداوند با نیکوکاران است "
        },
      "tozih": {
        "1": ""
      }
    }
}