{
    "30": {
        "number": 30,"bab": 4,
        "title": "سوره روم", "delay": 6,
        "arabic": {
           "7": "الم",
            "8": "غُلِبَتِ الرُّومُ",
            "9": "فِي أَدْنَى الْأَرْضِ وَهُمْ مِنْ بَعْدِ غَلَبِهِمْ سَيَغْلِبُونَ",
            "10": "فِي بِضْعِ سِنِينَ ۗ لِلَّهِ الْأَمْرُ مِنْ قَبْلُ وَمِنْ بَعْدُ ۚ وَيَوْمَئِذٍ يَفْرَحُ الْمُؤْمِنُونَ",
            "11": "بِنَصْرِ اللَّهِ ۚ يَنْصُرُ مَنْ يَشَاءُ ۖ وَهُوَ الْعَزِيزُ الرَّحِيمُ",
            "12": "وَعْدَ اللَّهِ ۖ لَا يُخْلِفُ اللَّهُ وَعْدَهُ وَلَٰكِنَّ أَكْثَرَ النَّاسِ لَا يَعْلَمُونَ",
            "13": "يَعْلَمُونَ ظَاهِرًا مِنَ الْحَيَاةِ الدُّنْيَا وَهُمْ عَنِ الْآخِرَةِ هُمْ غَافِلُونَ",
            "14": "أَوَلَمْ يَتَفَكَّرُوا فِي أَنْفُسِهِمْ ۗ مَا خَلَقَ اللَّهُ السَّمَاوَاتِ وَالْأَرْضَ وَمَا بَيْنَهُمَا إِلَّا بِالْحَقِّ وَأَجَلٍ مُسَمًّى ۗ وَإِنَّ كَثِيرًا مِنَ النَّاسِ بِلِقَاءِ رَبِّهِمْ لَكَافِرُونَ",
            "15": "أَوَلَمْ يَسِيرُوا فِي الْأَرْضِ فَيَنْظُرُوا كَيْفَ كَانَ عَاقِبَةُ الَّذِينَ مِنْ قَبْلِهِمْ ۚ كَانُوا أَشَدَّ مِنْهُمْ قُوَّةً وَأَثَارُوا الْأَرْضَ وَعَمَرُوهَا أَكْثَرَ مِمَّا عَمَرُوهَا وَجَاءَتْهُمْ رُسُلُهُمْ بِالْبَيِّنَاتِ ۖ فَمَا كَانَ اللَّهُ لِيَظْلِمَهُمْ وَلَٰكِنْ كَانُوا أَنْفُسَهُمْ يَظْلِمُونَ",
            "16": "ثُمَّ كَانَ عَاقِبَةَ الَّذِينَ أَسَاءُوا السُّوأَىٰ أَنْ كَذَّبُوا بِآيَاتِ اللَّهِ وَكَانُوا بِهَا يَسْتَهْزِئُونَ",
            "17": "اللَّهُ يَبْدَأُ الْخَلْقَ ثُمَّ يُعِيدُهُ ثُمَّ إِلَيْهِ تُرْجَعُونَ",
            "18": "وَيَوْمَ تَقُومُ السَّاعَةُ يُبْلِسُ الْمُجْرِمُونَ",
            "19": "وَلَمْ يَكُنْ لَهُمْ مِنْ شُرَكَائِهِمْ شُفَعَاءُ وَكَانُوا بِشُرَكَائِهِمْ كَافِرِينَ",
            "20": "وَيَوْمَ تَقُومُ السَّاعَةُ يَوْمَئِذٍ يَتَفَرَّقُونَ",
            "21": "فَأَمَّا الَّذِينَ آمَنُوا وَعَمِلُوا الصَّالِحَاتِ فَهُمْ فِي رَوْضَةٍ يُحْبَرُونَ",
            "22": "وَأَمَّا الَّذِينَ كَفَرُوا وَكَذَّبُوا بِآيَاتِنَا وَلِقَاءِ الْآخِرَةِ فَأُولَٰئِكَ فِي الْعَذَابِ مُحْضَرُونَ",
            "23": "فَسُبْحَانَ اللَّهِ حِينَ تُمْسُونَ وَحِينَ تُصْبِحُونَ",
            "24": "وَلَهُ الْحَمْدُ فِي السَّمَاوَاتِ وَالْأَرْضِ وَعَشِيًّا وَحِينَ تُظْهِرُونَ",
            "25": "يُخْرِجُ الْحَيَّ مِنَ الْمَيِّتِ وَيُخْرِجُ الْمَيِّتَ مِنَ الْحَيِّ وَيُحْيِي الْأَرْضَ بَعْدَ مَوْتِهَا ۚ وَكَذَٰلِكَ تُخْرَجُونَ",
            "26": "وَمِنْ آيَاتِهِ أَنْ خَلَقَكُمْ مِنْ تُرَابٍ ثُمَّ إِذَا أَنْتُمْ بَشَرٌ تَنْتَشِرُونَ",
            "27": "وَمِنْ آيَاتِهِ أَنْ خَلَقَ لَكُمْ مِنْ أَنْفُسِكُمْ أَزْوَاجًا لِتَسْكُنُوا إِلَيْهَا وَجَعَلَ بَيْنَكُمْ مَوَدَّةً وَرَحْمَةً ۚ إِنَّ فِي ذَٰلِكَ لَآيَاتٍ لِقَوْمٍ يَتَفَكَّرُونَ",
            "28": "وَمِنْ آيَاتِهِ خَلْقُ السَّمَاوَاتِ وَالْأَرْضِ وَاخْتِلَافُ أَلْسِنَتِكُمْ وَأَلْوَانِكُمْ ۚ إِنَّ فِي ذَٰلِكَ لَآيَاتٍ لِلْعَالِمِينَ",
            "29": "وَمِنْ آيَاتِهِ مَنَامُكُمْ بِاللَّيْلِ وَالنَّهَارِ وَابْتِغَاؤُكُمْ مِنْ فَضْلِهِ ۚ إِنَّ فِي ذَٰلِكَ لَآيَاتٍ لِقَوْمٍ يَسْمَعُونَ",
            "30": "وَمِنْ آيَاتِهِ يُرِيكُمُ الْبَرْقَ خَوْفًا وَطَمَعًا وَيُنَزِّلُ مِنَ السَّمَاءِ مَاءً فَيُحْيِي بِهِ الْأَرْضَ بَعْدَ مَوْتِهَا ۚ إِنَّ فِي ذَٰلِكَ لَآيَاتٍ لِقَوْمٍ يَعْقِلُونَ",
            "31": "وَمِنْ آيَاتِهِ أَنْ تَقُومَ السَّمَاءُ وَالْأَرْضُ بِأَمْرِهِ ۚ ثُمَّ إِذَا دَعَاكُمْ دَعْوَةً مِنَ الْأَرْضِ إِذَا أَنْتُمْ تَخْرُجُونَ",
            "32": "وَلَهُ مَنْ فِي السَّمَاوَاتِ وَالْأَرْضِ ۖ كُلٌّ لَهُ قَانِتُونَ",
            "33": "وَهُوَ الَّذِي يَبْدَأُ الْخَلْقَ ثُمَّ يُعِيدُهُ وَهُوَ أَهْوَنُ عَلَيْهِ ۚ وَلَهُ الْمَثَلُ الْأَعْلَىٰ فِي السَّمَاوَاتِ وَالْأَرْضِ ۚ وَهُوَ الْعَزِيزُ الْحَكِيمُ",
            "34": "ضَرَبَ لَكُمْ مَثَلًا مِنْ أَنْفُسِكُمْ ۖ هَلْ لَكُمْ مِنْ مَا مَلَكَتْ أَيْمَانُكُمْ مِنْ شُرَكَاءَ فِي مَا رَزَقْنَاكُمْ فَأَنْتُمْ فِيهِ سَوَاءٌ تَخَافُونَهُمْ كَخِيفَتِكُمْ أَنْفُسَكُمْ ۚ كَذَٰلِكَ نُفَصِّلُ الْآيَاتِ لِقَوْمٍ يَعْقِلُونَ",
            "35": "بَلِ اتَّبَعَ الَّذِينَ ظَلَمُوا أَهْوَاءَهُمْ بِغَيْرِ عِلْمٍ ۖ فَمَنْ يَهْدِي مَنْ أَضَلَّ اللَّهُ ۖ وَمَا لَهُمْ مِنْ نَاصِرِينَ",
            "36": "فَأَقِمْ وَجْهَكَ لِلدِّينِ حَنِيفًا ۚ فِطْرَتَ اللَّهِ الَّتِي فَطَرَ النَّاسَ عَلَيْهَا ۚ لَا تَبْدِيلَ لِخَلْقِ اللَّهِ ۚ ذَٰلِكَ الدِّينُ الْقَيِّمُ وَلَٰكِنَّ أَكْثَرَ النَّاسِ لَا يَعْلَمُونَ",
            "37": "مُنِيبِينَ إِلَيْهِ وَاتَّقُوهُ وَأَقِيمُوا الصَّلَاةَ وَلَا تَكُونُوا مِنَ الْمُشْرِكِينَ",
            "38": "مِنَ الَّذِينَ فَرَّقُوا دِينَهُمْ وَكَانُوا شِيَعًا ۖ كُلُّ حِزْبٍ بِمَا لَدَيْهِمْ فَرِحُونَ",
            "39": "وَإِذَا مَسَّ النَّاسَ ضُرٌّ دَعَوْا رَبَّهُمْ مُنِيبِينَ إِلَيْهِ ثُمَّ إِذَا أَذَاقَهُمْ مِنْهُ رَحْمَةً إِذَا فَرِيقٌ مِنْهُمْ بِرَبِّهِمْ يُشْرِكُونَ",
            "40": "لِيَكْفُرُوا بِمَا آتَيْنَاهُمْ ۚ فَتَمَتَّعُوا فَسَوْفَ تَعْلَمُونَ",
            "41": "أَمْ أَنْزَلْنَا عَلَيْهِمْ سُلْطَانًا فَهُوَ يَتَكَلَّمُ بِمَا كَانُوا بِهِ يُشْرِكُونَ",
            "42": "وَإِذَا أَذَقْنَا النَّاسَ رَحْمَةً فَرِحُوا بِهَا ۖ وَإِنْ تُصِبْهُمْ سَيِّئَةٌ بِمَا قَدَّمَتْ أَيْدِيهِمْ إِذَا هُمْ يَقْنَطُونَ",
            "43": "أَوَلَمْ يَرَوْا أَنَّ اللَّهَ يَبْسُطُ الرِّزْقَ لِمَنْ يَشَاءُ وَيَقْدِرُ ۚ إِنَّ فِي ذَٰلِكَ لَآيَاتٍ لِقَوْمٍ يُؤْمِنُونَ",
            "44": "فَآتِ ذَا الْقُرْبَىٰ حَقَّهُ وَالْمِسْكِينَ وَابْنَ السَّبِيلِ ۚ ذَٰلِكَ خَيْرٌ لِلَّذِينَ يُرِيدُونَ وَجْهَ اللَّهِ ۖ وَأُولَٰئِكَ هُمُ الْمُفْلِحُونَ",
            "45": "وَمَا آتَيْتُمْ مِنْ رِبًا لِيَرْبُوَ فِي أَمْوَالِ النَّاسِ فَلَا يَرْبُو عِنْدَ اللَّهِ ۖ وَمَا آتَيْتُمْ مِنْ زَكَاةٍ تُرِيدُونَ وَجْهَ اللَّهِ فَأُولَٰئِكَ هُمُ الْمُضْعِفُونَ",
            "46": "اللَّهُ الَّذِي خَلَقَكُمْ ثُمَّ رَزَقَكُمْ ثُمَّ يُمِيتُكُمْ ثُمَّ يُحْيِيكُمْ ۖ هَلْ مِنْ شُرَكَائِكُمْ مَنْ يَفْعَلُ مِنْ ذَٰلِكُمْ مِنْ شَيْءٍ ۚ سُبْحَانَهُ وَتَعَالَىٰ عَمَّا يُشْرِكُونَ",
            "47": "ظَهَرَ الْفَسَادُ فِي الْبَرِّ وَالْبَحْرِ بِمَا كَسَبَتْ أَيْدِي النَّاسِ لِيُذِيقَهُمْ بَعْضَ الَّذِي عَمِلُوا لَعَلَّهُمْ يَرْجِعُونَ",
            "48": "قُلْ سِيرُوا فِي الْأَرْضِ فَانْظُرُوا كَيْفَ كَانَ عَاقِبَةُ الَّذِينَ مِنْ قَبْلُ ۚ كَانَ أَكْثَرُهُمْ مُشْرِكِينَ",
            "49": "فَأَقِمْ وَجْهَكَ لِلدِّينِ الْقَيِّمِ مِنْ قَبْلِ أَنْ يَأْتِيَ يَوْمٌ لَا مَرَدَّ لَهُ مِنَ اللَّهِ ۖ يَوْمَئِذٍ يَصَّدَّعُونَ",
            "50": "مَنْ كَفَرَ فَعَلَيْهِ كُفْرُهُ ۖ وَمَنْ عَمِلَ صَالِحًا فَلِأَنْفُسِهِمْ يَمْهَدُونَ",
            "51": "لِيَجْزِيَ الَّذِينَ آمَنُوا وَعَمِلُوا الصَّالِحَاتِ مِنْ فَضْلِهِ ۚ إِنَّهُ لَا يُحِبُّ الْكَافِرِينَ",
            "52": "وَمِنْ آيَاتِهِ أَنْ يُرْسِلَ الرِّيَاحَ مُبَشِّرَاتٍ وَلِيُذِيقَكُمْ مِنْ رَحْمَتِهِ وَلِتَجْرِيَ الْفُلْكُ بِأَمْرِهِ وَلِتَبْتَغُوا مِنْ فَضْلِهِ وَلَعَلَّكُمْ تَشْكُرُونَ",
            "53": "وَلَقَدْ أَرْسَلْنَا مِنْ قَبْلِكَ رُسُلًا إِلَىٰ قَوْمِهِمْ فَجَاءُوهُمْ بِالْبَيِّنَاتِ فَانْتَقَمْنَا مِنَ الَّذِينَ أَجْرَمُوا ۖ وَكَانَ حَقًّا عَلَيْنَا نَصْرُ الْمُؤْمِنِينَ",
            "54": "اللَّهُ الَّذِي يُرْسِلُ الرِّيَاحَ فَتُثِيرُ سَحَابًا فَيَبْسُطُهُ فِي السَّمَاءِ كَيْفَ يَشَاءُ وَيَجْعَلُهُ كِسَفًا فَتَرَى الْوَدْقَ يَخْرُجُ مِنْ خِلَالِهِ ۖ فَإِذَا أَصَابَ بِهِ مَنْ يَشَاءُ مِنْ عِبَادِهِ إِذَا هُمْ يَسْتَبْشِرُونَ",
            "55": "وَإِنْ كَانُوا مِنْ قَبْلِ أَنْ يُنَزَّلَ عَلَيْهِمْ مِنْ قَبْلِهِ لَمُبْلِسِينَ",
            "56": "فَانْظُرْ إِلَىٰ آثَارِ رَحْمَتِ اللَّهِ كَيْفَ يُحْيِي الْأَرْضَ بَعْدَ مَوْتِهَا ۚ إِنَّ ذَٰلِكَ لَمُحْيِي الْمَوْتَىٰ ۖ وَهُوَ عَلَىٰ كُلِّ شَيْءٍ قَدِيرٌ",
            "57": "وَلَئِنْ أَرْسَلْنَا رِيحًا فَرَأَوْهُ مُصْفَرًّا لَظَلُّوا مِنْ بَعْدِهِ يَكْفُرُونَ",
            "58": "فَإِنَّكَ لَا تُسْمِعُ الْمَوْتَىٰ وَلَا تُسْمِعُ الصُّمَّ الدُّعَاءَ إِذَا وَلَّوْا مُدْبِرِينَ",
            "59": "وَمَا أَنْتَ بِهَادِ الْعُمْيِ عَنْ ضَلَالَتِهِمْ ۖ إِنْ تُسْمِعُ إِلَّا مَنْ يُؤْمِنُ بِآيَاتِنَا فَهُمْ مُسْلِمُونَ",
            "60": "اللَّهُ الَّذِي خَلَقَكُمْ مِنْ ضَعْفٍ ثُمَّ جَعَلَ مِنْ بَعْدِ ضَعْفٍ قُوَّةً ثُمَّ جَعَلَ مِنْ بَعْدِ قُوَّةٍ ضَعْفًا وَشَيْبَةً ۚ يَخْلُقُ مَا يَشَاءُ ۖ وَهُوَ الْعَلِيمُ الْقَدِيرُ",
            "61": "وَيَوْمَ تَقُومُ السَّاعَةُ يُقْسِمُ الْمُجْرِمُونَ مَا لَبِثُوا غَيْرَ سَاعَةٍ ۚ كَذَٰلِكَ كَانُوا يُؤْفَكُونَ",
            "62": "وَقَالَ الَّذِينَ أُوتُوا الْعِلْمَ وَالْإِيمَانَ لَقَدْ لَبِثْتُمْ فِي كِتَابِ اللَّهِ إِلَىٰ يَوْمِ الْبَعْثِ ۖ فَهَٰذَا يَوْمُ الْبَعْثِ وَلَٰكِنَّكُمْ كُنْتُمْ لَا تَعْلَمُونَ",
            "63": "فَيَوْمَئِذٍ لَا يَنْفَعُ الَّذِينَ ظَلَمُوا مَعْذِرَتُهُمْ وَلَا هُمْ يُسْتَعْتَبُونَ",
            "64": "وَلَقَدْ ضَرَبْنَا لِلنَّاسِ فِي هَٰذَا الْقُرْآنِ مِنْ كُلِّ مَثَلٍ ۚ وَلَئِنْ جِئْتَهُمْ بِآيَةٍ لَيَقُولَنَّ الَّذِينَ كَفَرُوا إِنْ أَنْتُمْ إِلَّا مُبْطِلُونَ",
            "65": "كَذَٰلِكَ يَطْبَعُ اللَّهُ عَلَىٰ قُلُوبِ الَّذِينَ لَا يَعْلَمُونَ",
            "66": "فَاصْبِرْ إِنَّ وَعْدَ اللَّهِ حَقٌّ ۖ وَلَا يَسْتَخِفَّنَّكَ الَّذِينَ لَا يُوقِنُونَ"
        },
        "farsi": {
           "7": "الف، لام، میم",
            "8": " روم دچار شکست شد",
            "9": " در نزدیکترین سرزمین [خود به منطقۀ فارس]، آنان پس از شکستشان به زودی پیروز می شوند ،",
            "10": " [البته این پیروزی] در ظرف چند سال [تحقق خواهد یافت]، [روشن است که] عاقیت و نتیجۀ کار، پیش [از شکست رومیان] . پس [از پیروزی رومیان] فقط در سیطرۀ اراده و فرمان خداست، آن روز [که رومیان پیروز شوند] مؤمنان خوش حال خواهند شد ",
            "11": " [این خوش حالی] به سبب یاری خدا [است]، [او] هرکس را بخواهد یاری می دهد، فقط خداست که توانای شکست ناپذیر و مهربان است ",
            "12": " [به] وعدۀ خدا [یقین داشته باش]، خدا از وعده اش تخلّف نمی کند، ولی بیشتر مردم [به این معنی] یقین ندارند",
            "13": " فقط ظاهری [محسوس] از زندگی دنیا را می شناسند، و از آخرت [که سرای اَبدی و دارای نعمت جاودانه است] بی خبرند ",
            "14": " [شگفتا که فقط به زندگی دنیای فانی معرفت دارند!] آیا در [باطن] خود اندیشۀ [عمیق و رسانندۀ به واقعیت] نکردند [که] خداوند آسمان ها و زمین و آنچه را میان آن هاست، جز به حق و درستی و برای مدتی معین نیافریده است؟ همانا بسیاری از مردم به لقای پروردگارشان کافرند ",
            "15": " آیا در زمین به گردش نپرداخته اند تا با دقت بنگرند که فرجام کسانی که پیش از این کافران می زیستند چگونه بود؟ آنان نیرومندتر از این [بی خبر]ان بودند و زمین را [مشتاقانه] زیرورو کردند و آن را بیش از آنچه اینان آباد کردند آبادش ساختند، پیامبرانشان برای آنان دلایل روشن آوردند [ولی به سبب انکارآن ها هلاکشان کردیم]، خداوند چنین نبود که به آنان ستم کند، بلکه آنان بودند که به خودشان ستم ورزیدند ",
            "16": " آن گاه فرجام کسانی که مرتکب زشتی ها شدند این بود که آیات ما را انکار کردند، و همواره آن ها را به مسخره می گرفتند ",
            "17": " خداوند آفریدن را آغاز می کند، سپس آن را [پس از فروپاشیدنش] بازمی گرداند، آن گاه شما را به سوی او بازمی گردانند ",
            "18": " روزی که قیامت برپا شود گنه پیشگان [از شدت سختی و هولناکی آن از رحمت خداوند] ناامید می شوند ",
            "19": " و از معبودانشان [که آن ها را کورکورانه می پرستیدند] شفیعانی برای [نجات] آنان نخواهد بود، و [در آن عرصۀ هراس انگیز] منکر معبودانشان خواهند شد ",
            "20": " روزی که قیامت برپا شود، آن روز [گروه مؤمنان از گروه کافران] جدا می شوند ",
            "21": " اما مؤمنانی که کارهای شایسته انجام داده اند در بوستانی [عظیم و بهجت انگیز] شادمانشان می دارند ",
            "22": " اما کافرانی که آیات ما و لقای آخرت را انکار کرده اند احضارشوندگان در عذابند ",
            "23": " خداوند را هنگامی که وارد شب می شوید، و چون به صبح درمی آیید [به پاکی از هر عیب و نقصی] ستایش کنید [تا پیوسته توجه قلبی به این حقیقت داشته باشید ]",
            "24": " همۀ ستایش ها در آسمان ها و زمین ویژۀ اوست، و شب و هنگامی که وارد ظهر می شوید [نیز خداوند را با تسبیح گفتن از هر عیب و نقصی پاک و منزّه بدارید ]",
            "25": "[خداوندی که] زنده را از مرده، و مرده را از زنده پدید می آورد، و زمین را پس از مردنش حیات می بخشد، و [شما را نیز] این گونه [از قبرها زنده] بیرونتان می آورند ",
            "26": " از نشانه های [قدرت و ربوبیت] او این است که شما را از خاکی [مرده و بی جان] آفرید، اکنون بشرهایی هستید که [در جای جای زمین] پراکنده اید ",
            "27": " و از دیگر نشانه های [قدرت و ربوبیت] او این است که برای شما از جنس خودتان همسرانی آفرید تا در کنارشان آرامش یابید، و در بین شما [درحالی که پیش از ازدواج با یکدیگر بیگانه بودید] محبت و مهرورزی قرار داد، یقیناً در این [کارِ شگفت انگیز] نشانه هایی است برای مردمی که اهل اندیشه اند ",
            "28": " و از نشانه های [قدرت و ربوبیت] او آفرینش آسمان ها و زمین، و اختلاف زبان ها و رنگ های شماست، بی تردید در این [امور] نشانه هایی است برای دانایان ",
            "29": " و از نشانه های [قدرت و ربوبیت] او خوابِ شما، و جست وجویتان از احسان و روزی خدا [برای تأمین زندگی] در شب و روز است، بی گمان در این [حقایق] نشانه هایی است برای مردمی که گوش شنوا دارند ",
            "30": " و از نشانه های [قدرت و ربوبیت] اوست که برقِ [جهنده از ابرها] را مایۀ ترس [از صاعقه]، و امید [به آمدن باران] به شما نشان می دهد، و از آسمان، آبی می فرستد که به وسیلۀ آن زمین را پس از مردنش زنده می کند، بی گمان در این [شگفتی های آفرینش] نشانه هایی است برای مردمی که تعقل می کنند ",
            "31": " و از نشانه های [قدرت و ربوبیت] او این است که آسمان و زمین به فرمانش برپا هستند، سپس زمانی که شما را با یک دعوت از زمین بخواند ناگهان [زنده از قبرها] بیرون می آیید ",
            "32": " هرکه در آسمان ها و زمین است در سیطرۀ مالکیت و فرمانروایی اوست، [و] همه برای او فروتن و مطیعند ",
            "33": " اوست که آفریدن را آغاز می کند، سپس آن را [بعد از فروپاشیدنش] باز می گرداند، و این [بازگرداندن] برای او آسان تر است، برترین وصف ها در آسمان و زمین ویژۀ اوست، و او خدای توانای شکست ناپذیر و حکیم است ",
            "34": " [خداوند] از [وضع و حال] خودتان برای شما مَثَلی زده است که؛ آیا از بردگانتان در آنچه به شما عطا کرده ایم شریکانی دارید که در آن با هم برابر باشید؟ و همان گونه که از یکدیگر می ترسید از بردگانتان نیز بترسید؟ [بی تردید در بین شما و بردگانتان شرکت و برابری وجود ندارد، و ترسی هم از آنان ندارید، چگونه ممکن است موجوداتی که مملوکان و بندگان خدا هستند در خالقیت و الوهیت و ربوبیت و دیگر صفات شریک او باشند؟!] ما آیات [خود] را این گونه برای مردمی که اندیشه می کنند توضیح می دهیم ",
            "35": " اما آنان که [با اعتقاد به فرهنگ شرک ورزی] دچار ستم [بر خود و دیگران] شده اند بر پایۀ نادانی، از خواسته های [نامشروعِ] خود پیروی کرده اند، نهایتاً کسانی را که خداوند [به کیفر پیروی از آیین شرک] در گمراهی واگذاشته چه کسی هدایت می کند؟ آنان هیچ یاری کننده ای [که از عذاب نجاتشان دهد] نخواهند داشت ",
            "36": " پس [با توجه به پوچ بودنِ فرهنگ شرک،] با همۀ وجودت و بدون هیچ انحرافی به دین یکتاپرستی روی آور! [و بر] فطرت الهی که مردم را بر اساس آن پدید آورده [ملازم و پابرجا باش!] برای آفرینش خداوند [که انسان را بر پایۀ فطرت می آفریند] هیچ گونه تغییری نخواهد بود، این است دینِ استوار، ولی بیشتر مردم [این حقیقت را] نمی دانند ",
            "37": " درحالی که [با توجه و اخلاص] بازگشت کنندگانِ به سوی او هستید [پایبند به فطرت الهی باشید!] و از او [اطاعت کرده، از محرّماتش] بپرهیزید، و نماز را [با شرایط ویژه اش] بخوانید، و از مشرکان نباشید ",
            "38": " مشرکانی که دینشان را بخش بخش کردند و [سرانجام] گروه گروه شدند، [درحالی که] هر گروهی به همان [بخشی] که نزد آنان است مغرورانه شادمانند ",
            "39": " چون به مردم سختی و آسیبی برسد، پروردگارشان را درحالی که [با توجه و اخلاص] به او بازمی گردند می خوانند، سپس زمانی که رحمتی از جانب خود [چون نعمت و ثروت و رفاه] به آنان بچشاند ناگهان گروهی از آنان به پروردگارشان شرک می ورزند",
            "40": " تا [عاقبت به سبب شومی شرک،] در برابر آنچه به آنان داده ایم ناسپاسی کنند، [ای ناسپاسان! از داده های من] برخوردار شوید که به زودی خواهید دانست [سرانجام ناسپاسی چیست ؟]",
            "41": " آیا دلیل استواری بر آنان نازل کرده ایم که آن دلیل، دربارۀ [حقانیت] معبودانی که [با پرستش آن ها] به خدا شرک می ورزند سخن می گوید؟",
            "42": " هرگاه به مردم رحمتی [چون نعمت، ثروت، امنیت و رفاه] بچشانیم مغرورانه به آن شادمان می شوند، و چون به خاطر گناهانی که مرتکب شده اند [اندک] آسیبی به آنان برسد [به جای صبر و توبه] ناگهان ناامید می شوند ",
            "43": " آیا ندانسته اند که خداوند رزق را برای هرکه بخواهد وسعت می بخشد، و [برای هرکه بخواهد] تنگ می گیرد، به راستی در این [حقیقت] نشانه هایی [بر حکمت و تقدیر عالمانۀ خداوند] برای مردمی است که ایمان دارند ",
            "44": " پس [با توجه به وسعت بخشی خدا در رزق،] حقِ خویشاوند و مسکین و درراه ماندۀ بی زادو توشه را بپرداز! این [پرداخت] برای آنان که خشنودی خداوند را می خواهند بهتر است، اینان [که حقوق مالی را می پردازند بر همۀ موانع راه سعادت] پیروزند ",
            "45": " آنچه [از اموال و اجناس] که به رِبا می دهید تا [بهره شما] در اموال مردم فزونی یابد، نزد خداوند فزونی [و برکت] نمی یابد، و آنچه از زکات [به اهلش] می پردازید و به وسیلۀ آن خشنودی خدا را می خواهید [مایۀ فزونی است]، پس این زکات دهندگان هستند که [مال و بهره خود را] دوچندان می کنند ",
            "46": " خداوند است که شما را آفرید، سپس به شما روزی بخشید، آن گاه شما را می میرانَد، پس از آن حیاتتان می دهد، آیا از معبودان شما کسی هست که چیزی از این کارها را انجام دهد؟ او منزّه و برتر است از این که به او شرک ورزند ",
            "47": " در خشکی و دریا به سبب آنچه [از اعمال زشت] که مردم به دست خود مرتکب شدند تباهی و فتنه آشکار شده است، در نتیجه خداوند [آثار تلخ و آزاردهندۀ] برخی از گناهانی را که مرتکب شده اند به آنان می چشاند تا [از تباهی و فتنه] بازگردند ",
            "48": " بگو: در زمین گردش کنید، پس با دقت بنگرید که عاقبت آنان که در گذشته [می زیستند و آلوده به گناه] بودند چگونه بود؟ بیشتر آنان مشرک بودند [که دچار سرانجامی شوم شدند ]",
            "49": " پس [با توجه به باطل بودنِ فرهنگ شرک] با همۀ وجودت به سوی این دین استوار روی کن! پیش از آن که روزی از جانب خداوند فرارسد که راهِ بازگشتی برای آن نیست، آن روز [صفوف مؤمنان از غیر مؤمنان] جدا و مشخص می شوند ",
            "50": " کافران کفرشان به زیان خودِ آنان است، و آنان که کارهای شایسته انجام دهند بستری [امن و اقامتگاه جاویدی] برای خود فراهم می کنند ",
            "51": " تا [خداوند] به مؤمنانی که کارهای شایسته انجام داده اند از احسانش پاداش دهد، [و کافران را به دوزخ وارد کند؛ زیرا] خداوند اهل کفر را دوست ندارد ",
            "52": " از نشانه های [قدرت و ربوبیت] او این است که بادها را بشارت دهنده می فرستد تا بخشی از [باران] رحمتش را به شما بچشاند، و کشتی ها [به وسیلۀ بادها] به فرمان او حرکت کنند، و شما جویای احسان و روزی او شوید و [نهایتاً] سپاس گزاری کنید ",
            "53": " به راستی پیش از تو پیامبرانی را به سوی قومشان فرستادیم که برای آنان دلایل روشن آوردند، سپس ما از گنه پیشگان انتقام گرفتیم [و مؤمنان را یاری دادیم]، و یاری مؤمنان حقی بر عهدۀ ماست ",
            "54": "خداوند است که بادها را می فرستد تا ابری را برمی انگیزد، پس آن ابر را هرگونه که بخواهد در آسمان می گستراند و به صورت بخش بخش و پاره های گوناگون در می آورد، پس باران را می بینی که از لابه لای آن بیرون می آید، و آن گاه که آن را به هرکس از بندگانش بخواهد می رساند آنان ناگهان شادمان می شوند ",
            "55": " همانا پیش از آن که [باران] بر آنان فرستاده شود، [آری] پیش از آن ناامید بودند ",
            "56": " پس با دقت به آثار رحمت خداوند [چون باد و ابر و باران و نتایج آن ها] بنگر که چگونه زمین را پس از مردنش زنده می کند، بی تردید این [خداوندِ قدرتمند]، زنده کنندۀ مردگان است، و او بر هرکاری تواناست ",
            "57": " و اگر بادی [مسموم و زیان بار] بفرستیم که [در اثر آن] زراعت را زردشده ببینند، هرآینه پس از آن [به جای جبرانِ گناهان] ناسپاس می شوند ",
            "58": " [کافرانی که کفر همۀ وجودشان را گرفته چون مردگانند،] تو نمی توانی دعوتت را به مردگان بشنوانی، و نمی توانی [صدای هدایت بخشت را] به کران وقتی پشت کنان روی برمی گردانند برسانی ",
            "59": " تو هدایتگرِ کوردلان از گمراهی شان نیستی، فقط به کسانی می توانی بشنوانی که به آیات ما مؤمن، و تسلیم [حق] هستند",
            "60": " خداوند است که شما را از [مرتبه] ضعف و ناتوانی آفرید، آن گاه بعد از ناتوانی نیرو داد، سپس بعد از نیرومندی، ناتوانی و پیری پدید آورد، هرچه بخواهد می آفریند، او دانا و تواناست ",
            "61": " روزی که قیامت برپا می شود گنه پیشگان سوگند می خورند که [فاصلۀ برزخ تا قیامت را] جز ساعتی درنگ نکرده اند، این گونه [که در قیامت دروغ می گویند در دنیا هم دروغ می گفتند، و] همواره [از حق به باطل] برگردانده می شدند ",
            "62": " کسانی که معرفت و ایمان عطایشان کرده اند [در پاسخ گنه پیشگان] می گویند: بی تردید شما براساس [قضا و قدرِ ثبت شده در] کتاب [تکوین] الهی [از مرگ] تا قیامت درنگ داشتید، و این روز قیامت است ولی شما [به این که چنین روزی حق است] معرفت نداشتید ",
            "63": " پس در آن روز کسانی که [به آیات ما و پیامبران] ستم روا داشتند عذرخواهی شان سودشان ندهد، و نه از آنان می خواهند که [برای جلب رضایت خداوند] عذرخواهی کنند ",
            "64": " به راستی در این قرآن برای [هدایت] مردم از هر مَثَلی زده ایم، و اگر برای آنان معجزه ای [که درخواست دارند] بیاوری مسلّماً کافران خواهند گفت: شما جز باطل گرا نیستید، [و آوردۀ شما نیز باطل و کاری پوچ است!]",
            "65": " خداوند این گونه بر دل های کسانی که آلوده به نادانی هستند [و نمی خواهند از دانش بهره مند گردند، به کیفر لج بازی و عنادشان] مُهر [عدم فهم حقایق] می زند ",
            "66": " پس [بر یاوه گویی این کوردلان] شکیبا باش که یقیناً وعدۀ خداوند [در مورد یاری کردن و پیروزی ات بر کافران] حق است، و مبادا آنان که یقین [به حقایق] ندارند [با تبلیغات گستردۀ فرهنگِ پوچشان، برای درهم شکستن روحیۀ شکیبایی ات] تو را به خفّت و خواری کشند "
        },
     "tozih": {
      "1": ""
     }
    }
}