{
    "2": {
        "number": 2,
        "title": "سورة لقمان",
        "bab": 4,
        "delay": 0,
        "arabic": {
            "1": "الم",
            "2": "تِلْكَ آيَاتُ الْكِتَابِ الْحَكِيمِ",
            "3": "هُدًى وَرَحْمَةً لِلْمُحْسِنِينَ",
            "4": "الَّذِينَ يُقِيمُونَ الصَّلَاةَ وَيُؤْتُونَ الزَّكَاةَ وَهُمْ بِالْآخِرَةِ هُمْ يُوقِنُونَ",
            "5": "أُولَٰئِكَ عَلَىٰ هُدًى مِنْ رَبِّهِمْ ۖ وَأُولَٰئِكَ هُمُ الْمُفْلِحُونَ",
            "6": "وَمِنَ النَّاسِ مَنْ يَشْتَرِي لَهْوَ الْحَدِيثِ لِيُضِلَّ عَنْ سَبِيلِ اللَّهِ بِغَيْرِ عِلْمٍ وَيَتَّخِذَهَا هُزُوًا ۚ أُولَٰئِكَ لَهُمْ عَذَابٌ مُهِينٌ",
            "7": "وَإِذَا تُتْلَىٰ عَلَيْهِ آيَاتُنَا وَلَّىٰ مُسْتَكْبِرًا كَأَنْ لَمْ يَسْمَعْهَا كَأَنَّ فِي أُذُنَيْهِ وَقْرًا ۖ فَبَشِّرْهُ بِعَذَابٍ أَلِيمٍ",
            "8": "إِنَّ الَّذِينَ آمَنُوا وَعَمِلُوا الصَّالِحَاتِ لَهُمْ جَنَّاتُ النَّعِيمِ",
            "9": "خَالِدِينَ فِيهَا ۖ وَعْدَ اللَّهِ حَقًّا ۚ وَهُوَ الْعَزِيزُ الْحَكِيمُ",
            "10": "خَلَقَ السَّمَاوَاتِ بِغَيْرِ عَمَدٍ تَرَوْنَهَا ۖ وَأَلْقَىٰ فِي الْأَرْضِ رَوَاسِيَ أَنْ تَمِيدَ بِكُمْ وَبَثَّ فِيهَا مِنْ كُلِّ دَابَّةٍ ۚ وَأَنْزَلْنَا مِنَ السَّمَاءِ مَاءً فَأَنْبَتْنَا فِيهَا مِنْ كُلِّ زَوْجٍ كَرِيمٍ",
            "11": "هَٰذَا خَلْقُ اللَّهِ فَأَرُونِي مَاذَا خَلَقَ الَّذِينَ مِنْ دُونِهِ ۚ بَلِ الظَّالِمُونَ فِي ضَلَالٍ مُبِينٍ",
            "12": "وَلَقَدْ آتَيْنَا لُقْمَانَ الْحِكْمَةَ أَنِ اشْكُرْ لِلَّهِ ۚ وَمَنْ يَشْكُرْ فَإِنَّمَا يَشْكُرُ لِنَفْسِهِ ۖ وَمَنْ كَفَرَ فَإِنَّ اللَّهَ غَنِيٌّ حَمِيدٌ",
            "13": "وَإِذْ قَالَ لُقْمَانُ لِابْنِهِ وَهُوَ يَعِظُهُ يَا بُنَيَّ لَا تُشْرِكْ بِاللَّهِ ۖ إِنَّ الشِّرْكَ لَظُلْمٌ عَظِيمٌ",
            "14": "وَوَصَّيْنَا الْإِنْسَانَ بِوَالِدَيْهِ حَمَلَتْهُ أُمُّهُ وَهْنًا عَلَىٰ وَهْنٍ وَفِصَالُهُ فِي عَامَيْنِ أَنِ اشْكُرْ لِي وَلِوَالِدَيْكَ إِلَيَّ الْمَصِيرُ",
            "15": "وَإِنْ جَاهَدَاكَ عَلَىٰ أَنْ تُشْرِكَ بِي مَا لَيْسَ لَكَ بِهِ عِلْمٌ فَلَا تُطِعْهُمَا ۖ وَصَاحِبْهُمَا فِي الدُّنْيَا مَعْرُوفًا ۖ وَاتَّبِعْ سَبِيلَ مَنْ أَنَابَ إِلَيَّ ۚ ثُمَّ إِلَيَّ مَرْجِعُكُمْ فَأُنَبِّئُكُمْ بِمَا كُنْتُمْ تَعْمَلُونَ",
            "16": "يَا بُنَيَّ إِنَّهَا إِنْ تَكُ مِثْقَالَ حَبَّةٍ مِنْ خَرْدَلٍ فَتَكُنْ فِي صَخْرَةٍ أَوْ فِي السَّمَاوَاتِ أَوْ فِي الْأَرْضِ يَأْتِ بِهَا اللَّهُ ۚ إِنَّ اللَّهَ لَطِيفٌ خَبِيرٌ",
            "17": "يَا بُنَيَّ أَقِمِ الصَّلَاةَ وَأْمُرْ بِالْمَعْرُوفِ وَانْهَ عَنِ الْمُنْكَرِ وَاصْبِرْ عَلَىٰ مَا أَصَابَكَ ۖ إِنَّ ذَٰلِكَ مِنْ عَزْمِ الْأُمُورِ",
            "18": "وَلَا تُصَعِّرْ خَدَّكَ لِلنَّاسِ وَلَا تَمْشِ فِي الْأَرْضِ مَرَحًا ۖ إِنَّ اللَّهَ لَا يُحِبُّ كُلَّ مُخْتَالٍ فَخُورٍ",
            "19": "وَاقْصِدْ فِي مَشْيِكَ وَاغْضُضْ مِنْ صَوْتِكَ ۚ إِنَّ أَنْكَرَ الْأَصْوَاتِ لَصَوْتُ الْحَمِيرِ",
            "20": "أَلَمْ تَرَوْا أَنَّ اللَّهَ سَخَّرَ لَكُمْ مَا فِي السَّمَاوَاتِ وَمَا فِي الْأَرْضِ وَأَسْبَغَ عَلَيْكُمْ نِعَمَهُ ظَاهِرَةً وَبَاطِنَةً ۗ وَمِنَ النَّاسِ مَنْ يُجَادِلُ فِي اللَّهِ بِغَيْرِ عِلْمٍ وَلَا هُدًى وَلَا كِتَابٍ مُنِيرٍ",
            "21": "وَإِذَا قِيلَ لَهُمُ اتَّبِعُوا مَا أَنْزَلَ اللَّهُ قَالُوا بَلْ نَتَّبِعُ مَا وَجَدْنَا عَلَيْهِ آبَاءَنَا ۚ أَوَلَوْ كَانَ الشَّيْطَانُ يَدْعُوهُمْ إِلَىٰ عَذَابِ السَّعِيرِ",
            "22": "وَمَنْ يُسْلِمْ وَجْهَهُ إِلَى اللَّهِ وَهُوَ مُحْسِنٌ فَقَدِ اسْتَمْسَكَ بِالْعُرْوَةِ الْوُثْقَىٰ ۗ وَإِلَى اللَّهِ عَاقِبَةُ الْأُمُورِ",
            "23": "وَمَنْ كَفَرَ فَلَا يَحْزُنْكَ كُفْرُهُ ۚ إِلَيْنَا مَرْجِعُهُمْ فَنُنَبِّئُهُمْ بِمَا عَمِلُوا ۚ إِنَّ اللَّهَ عَلِيمٌ بِذَاتِ الصُّدُورِ",
            "24": "نُمَتِّعُهُمْ قَلِيلًا ثُمَّ نَضْطَرُّهُمْ إِلَىٰ عَذَابٍ غَلِيظٍ",
            "25": "وَلَئِنْ سَأَلْتَهُمْ مَنْ خَلَقَ السَّمَاوَاتِ وَالْأَرْضَ لَيَقُولُنَّ اللَّهُ ۚ قُلِ الْحَمْدُ لِلَّهِ ۚ بَلْ أَكْثَرُهُمْ لَا يَعْلَمُونَ",
            "26": "لِلَّهِ مَا فِي السَّمَاوَاتِ وَالْأَرْضِ ۚ إِنَّ اللَّهَ هُوَ الْغَنِيُّ الْحَمِيدُ",
            "27": "وَلَوْ أَنَّمَا فِي الْأَرْضِ مِنْ شَجَرَةٍ أَقْلَامٌ وَالْبَحْرُ يَمُدُّهُ مِنْ بَعْدِهِ سَبْعَةُ أَبْحُرٍ مَا نَفِدَتْ كَلِمَاتُ اللَّهِ ۗ إِنَّ اللَّهَ عَزِيزٌ حَكِيمٌ",
            "28": "مَا خَلْقُكُمْ وَلَا بَعْثُكُمْ إِلَّا كَنَفْسٍ وَاحِدَةٍ ۗ إِنَّ اللَّهَ سَمِيعٌ بَصِيرٌ",
            "29": "أَلَمْ تَرَ أَنَّ اللَّهَ يُولِجُ اللَّيْلَ فِي النَّهَارِ وَيُولِجُ النَّهَارَ فِي اللَّيْلِ وَسَخَّرَ الشَّمْسَ وَالْقَمَرَ كُلٌّ يَجْرِي إِلَىٰ أَجَلٍ مُسَمًّى وَأَنَّ اللَّهَ بِمَا تَعْمَلُونَ خَبِيرٌ",
            "30": "ذَٰلِكَ بِأَنَّ اللَّهَ هُوَ الْحَقُّ وَأَنَّ مَا يَدْعُونَ مِنْ دُونِهِ الْبَاطِلُ وَأَنَّ اللَّهَ هُوَ الْعَلِيُّ الْكَبِيرُ",
            "31": "أَلَمْ تَرَ أَنَّ الْفُلْكَ تَجْرِي فِي الْبَحْرِ بِنِعْمَتِ اللَّهِ لِيُرِيَكُمْ مِنْ آيَاتِهِ ۚ إِنَّ فِي ذَٰلِكَ لَآيَاتٍ لِكُلِّ صَبَّارٍ شَكُورٍ",
            "32": "وَإِذَا غَشِيَهُمْ مَوْجٌ كَالظُّلَلِ دَعَوُا اللَّهَ مُخْلِصِينَ لَهُ الدِّينَ فَلَمَّا نَجَّاهُمْ إِلَى الْبَرِّ فَمِنْهُمْ مُقْتَصِدٌ ۚ وَمَا يَجْحَدُ بِآيَاتِنَا إِلَّا كُلُّ خَتَّارٍ كَفُورٍ",
            "33": "يَا أَيُّهَا النَّاسُ اتَّقُوا رَبَّكُمْ وَاخْشَوْا يَوْمًا لَا يَجْزِي وَالِدٌ عَنْ وَلَدِهِ وَلَا مَوْلُودٌ هُوَ جَازٍ عَنْ وَالِدِهِ شَيْئًا ۚ إِنَّ وَعْدَ اللَّهِ حَقٌّ ۖ فَلَا تَغُرَّنَّكُمُ الْحَيَاةُ الدُّنْيَا وَلَا يَغُرَّنَّكُمْ بِاللَّهِ الْغَرُورُ",
            "34": "إِنَّ اللَّهَ عِنْدَهُ عِلْمُ السَّاعَةِ وَيُنَزِّلُ الْغَيْثَ وَيَعْلَمُ مَا فِي الْأَرْحَامِ ۖ وَمَا تَدْرِي نَفْسٌ مَاذَا تَكْسِبُ غَدًا ۖ وَمَا تَدْرِي نَفْسٌ بِأَيِّ أَرْضٍ تَمُوتُ ۚ إِنَّ اللَّهَ عَلِيمٌ خَبِيرٌ"
        },
        "farsi": {
            "1": "\nالف، لام، میم",
            "2": " این آیاتِ [باعظمتِ] کتابِ استوار است ",
            "3": "که [سراسرش] برای نیکوکاران هدایت و رحمت است ",
            "4": " آنان که نماز را [با شرایط ویژه اش] می خوانند، و زکات می پردازند، و به آخرت یقین دارند ",
            "5": " چنین مردمی از سوی پروردگارشان بر بلندای هدایتند، و [بر همۀ موانع راه سعادت] پیروزند ،",
            "6": " برخی از مردم خریدار سخنان باطل [و داستان های سرگرم کننده ]اند تا بدون هیچ دانشی، [بلکه بر پایۀ جهالت و نادانی، مردم را] از راه خداوند منحرف کنند، و آن را به استهزا بگیرند، برای آنان عذابی خوارکننده است",
            "7": " چون آیات ما را بر او بخوانند متکبّرانه روی برمی گرداند، گویی آن ها را نشنیده، انگار در گوش هایش نوعی سنگینی است، پس او را به عذابی دردناک خبر ده !",
            "8": "مسلّماً برای مؤمنانی که کارهای شایسته انجام داده اند بهشت های پُرنعمت خواهد بود ",
            "9": " درحالی که در آن جاودانه اند، وعدۀ خداوند حتمی و تخلّف ناپذیر است، و او توانای شکست ناپذیر و حکیم است ",
            "10": " [خداوند] آسمان ها را بدون ستون هایی که آن ها را ببینند آفریده، و کوه هایی استوار در زمین افکنده تا زمین شما را نلرزاند، و در آن از هر جنبنده ای پراکنده کرده است، و از آسمان آبی [سودمند] فرستادیم و از زمین به وسیلۀ آن هر نوع گیاه سودمندی رویاندیم ",
            "11": " این است آفرینش خداوند، پس به من نشان دهید آن ها که غیر اویند [و شما به عنوان معبود انتخابشان کرده اید] چه چیزی آفریده اند؟ بلکه این ستمکارانند که در گمراهی آشکاری هستند ",
            "12": "\n \nهمانا ما به لقمان دانش استوار و سودمند عطا کردیم که: شکرگزار خداوند باش! و هرکه شکر کند فقط به سود خود شکر می کند، و هرکه ناسپاسی ورزد [به خداوند زیان نمی زند؛ زیرا] خدا بی نیاز و ستوده خصال است ",
            "13": " [یاد کن] زمانی که لقمان پسرش را موعظه می کرد و می گفت: پسرکم! برای خداوند شریکی قرار نده! بی تردید شریک قراردادن [برای او] ستمی بزرگ است !",
            "14": " انسان را دربارۀ پدر و مادرش [سفارش به نیکی کردیم؛ چرا که] مادرش به او باردار شد [درحالی که] سستی به روی سستی [به او دست می داد]، زمان بازگرفتنش [از شیر] پس از دو سال است، [و سفارش کردیم] که سپاس گذار من و پدر و مادرت باش! بازگشت [همه] فقط به سوی من است ",
            "15": " اگر آن دو بکوشند تا چیزی را که هیچ دلیل و دانشی بر [درستی پرستش] آن نداری شریک من قرار دهی اطاعتشان مکن! ولی با آنان در [امور] دنیا [یی و زندگی روزمره] به شیوه ای پسندیده معاشرت کن! و راه کسی را پیروی کن که [با توجه و اخلاص] به من روی آورده، سپس بازگشت شما فقط به سوی من است، پس شما را به آنچه انجام می دادید آگاه می کنم ",
            "16": " پسرکم! اگر [عملِ کسی] هموزن دانۀ خردلی [باشد و] در درون سنگی [نامعین]، یا در آسمان ها یا در درون زمین قرار گیرد خداوند آن را [در قیامت برای حسابرسی] می آورد، یقیناً خداوند بسیار ریزنگر و آگاه است ",
            "17": " پسرکم! نماز را [با شرایط ویژه اش] بخوان! و [مردم را] به کار پسندیده وادار! و از کار زشت بازدار! و بر آنچه [از مشکلات و سختی ها و تکالیف که] به تو می رسد شکیبا باش؛ زیرا این ها از امور استوار است ",
            "18": "و متکبّرانه روی از مردم برمگردان! و در زمین شادان و سرمست راه مرو؛ زیرا خداوند هیچ متکبّرِ فخرفروشی را دوست ندارد ",
            "19": " در راه رفتنت میانه رو باش! از صدایت بکاه که بی تردید ناپسندترین صداها صدای خران است !",
            "20": "\n \nآیا ندانسته اید که خداوند آنچه در آسمان ها و آنچه در زمین است به سود شما به کار گرفته، و نعمت های آشکار و نهانش را کامل و فراوان به شما عطا کرده [تا با درست هزینه کردن آن ها تکامل یافته، به مقامات معنوی برسید]؟ برخی از مردم همواره بدون هیچ دلیل و دانشی، و بدون هیچ هدایتی و هیچ کتاب روشنگری دربارۀ خداوند گفت وگوی نادرست و بی دلیل می کنند ",
            "21": " چون به آنان گویند: از آنچه خداوند نازل کرده پیروی کنید. می گویند: [پیروی نمی کنیم،] بلکه پیروِ آبینی هستیم که پدرانمان را پای بندِ به آن یافته ایم. آیا [کورکورانه و بدون تحقیق از پدرانشان پیروی می کنند،] گرچه شیطان آنان را [از طریق این پیروی] به عذابِ برافروخته دعوت کند؟!",
            "22": " هرکس همۀ وجودش را به سوی خدا تسلیم کند درحالی که نیکوکار باشد بی تردید به محکم ترین دستگیره چنگ زده، و فرجام همۀ کارها فقط به سوی خداست ",
            "23": " کفر کافران تو را اندوهگین نکند، بازگشت آنان فقط به سوی ماست، پس آنان را به همۀ اعمالی که انجام داده اند آگاه می کنیم؛ زیرا خداوند به اسرار و نیات باطن ها آگاه است",
            "24": " [با] اندکی [از نعمت های مادّی] برخوردارشان می کنیم، سپس آنان را به [واردشدن در] عذابی سخت ناچار خواهیم کرد ",
            "25": " اگر از آنان بپرسی چه کسی آسمان ها و زمین را آفریده است؟ قاطعانه می گویند: خدا. بگو: همۀ ستایش ها ویژۀ خداست ولی بیشترشان نمی فهمند",
            "26": " آنچه در آسمان ها و زمین است فقط در سیطرۀ مالکیت و فرمانروایی خداست، به راستی خداوند بی نیاز و ستوده خصال است ",
            "27": " اگر [برای نوشتن کلمات خداوند که مخلوقات او هستند] آنچه درخت در زمین است قلم شود، و دریا [مرکب، و] هفت دریا[ی دیگر نیز] آن دریا را [پس از پایان گرفتنش] مدد کنند کلمات خداوند پایان نمی یابد؛ زیرا او توانای شکست ناپذیر و حکیم است ",
            "28": " آفریدن شما و برانگیختنتان [برای ما] جز مانند [آفریدن و برانگیختنِ] یک تن نیست؛ یقیناً خداوند شنوا و بیناست ",
            "29": "\n \nآیا ندانسته ای که خداوند شب را در روز، و روز را در شب فرومی بَرَد، و خورشید و ماه را به کار گرفته است که هرکدام تا مدتی معین روانند؟ مسلّماً خداوند به آنچه انجام می دهید آگاه است ",
            "30": " این [آفریده های شگفت ، و این تحولات منظم] دلیل بر این است که خداوند حقِ محض است، و آنچه به جای او می خوانند باطل است؛ بی تردید خدا همان والامرتبه و بزرگ است ",
            "31": " آیا ندانسته ای که کشتی ها به سبب نعمت خدا [که فراهم آوردن اسباب و علل است] در دریا روانند؟ [فراهم آوردن عللِ حرکت کشتی ها در آب دریا و اقیانوس ها] برای این [است] که [خداوند] برخی از نشانه های [قدرت] خود را به شما بنمایاند، بی تردید در این [حقیقت] برای هر شکیبای سپاس گزاری نشانه هایی [از قدرت و ربوبیت و رحمت خدا] است ",
            "32": " چون آنان را در دریا موجی [به دنبال موجی] مانند ابرهای سایه انداز فروپوشد خدا را درحالی که ایمان را [از شرک] خالص کرده اند می خوانند، و چون نجاتشان دهد [و] به خشکی [برساند] برخی از آنان به راه راست پایبند می شوند، [و گروهی پیمان می شکنند؛] و آیات ما را جز هر دغلکارِ ناسپاسی انکار نمی کند ",
            "33": " ای مردم! از پروردگارتان [اطاعت کنید، و از محرّماتش] بپرهیزید، و از روزی بترسید که هیچ پدری چیزی [از عذاب را] از فرزندش دفع نمی کند، و نه هیچ فرزندی برطرف کنندۀ چیزی از [عذابِ] پدر خویش است، به یقین وعدۀ خداوند حق است، پس زندگی دنیا شما را نفریبد، و مبادا [شیطان] شما را [درحالی که ایمان و عمل ندارید] به [کرم و رحمت] خدا مغرور کند !",
            "34": " همانا خداست که دانشِ [زمانِ برپایی] قیامت منحصر به اوست، و [تنها اوست که] باران را می فرستد، و [اوضاع و احوال] آنچه را در رحِم هاست می داند، هیچ کس نمی داند فردا چه چیزی [از خیر و شرّ] به دست می آورد، و اَحدی نمی داند در چه سرزمینی می میرد؛ قطعاً خداوند [به همۀ این امور] دانا و آگاه است "
        }
    }
}