{
    "2": {
        "number": 2,
        "title": "سورة السجدة",
        "bab": 4,
        "delay": 0,
        "arabic": {
            "1": "الم",
            "2": "تَنْزِيلُ الْكِتَابِ لَا رَيْبَ فِيهِ مِنْ رَبِّ الْعَالَمِينَ",
            "3": "أَمْ يَقُولُونَ افْتَرَاهُ ۚ بَلْ هُوَ الْحَقُّ مِنْ رَبِّكَ لِتُنْذِرَ قَوْمًا مَا أَتَاهُمْ مِنْ نَذِيرٍ مِنْ قَبْلِكَ لَعَلَّهُمْ يَهْتَدُونَ",
            "4": "اللَّهُ الَّذِي خَلَقَ السَّمَاوَاتِ وَالْأَرْضَ وَمَا بَيْنَهُمَا فِي سِتَّةِ أَيَّامٍ ثُمَّ اسْتَوَىٰ عَلَى الْعَرْشِ ۖ مَا لَكُمْ مِنْ دُونِهِ مِنْ وَلِيٍّ وَلَا شَفِيعٍ ۚ أَفَلَا تَتَذَكَّرُونَ",
            "5": "يُدَبِّرُ الْأَمْرَ مِنَ السَّمَاءِ إِلَى الْأَرْضِ ثُمَّ يَعْرُجُ إِلَيْهِ فِي يَوْمٍ كَانَ مِقْدَارُهُ أَلْفَ سَنَةٍ مِمَّا تَعُدُّونَ",
            "6": "ذَٰلِكَ عَالِمُ الْغَيْبِ وَالشَّهَادَةِ الْعَزِيزُ الرَّحِيمُ",
            "7": "الَّذِي أَحْسَنَ كُلَّ شَيْءٍ خَلَقَهُ ۖ وَبَدَأَ خَلْقَ الْإِنْسَانِ مِنْ طِينٍ",
            "8": "ثُمَّ جَعَلَ نَسْلَهُ مِنْ سُلَالَةٍ مِنْ مَاءٍ مَهِينٍ",
            "9": "ثُمَّ سَوَّاهُ وَنَفَخَ فِيهِ مِنْ رُوحِهِ ۖ وَجَعَلَ لَكُمُ السَّمْعَ وَالْأَبْصَارَ وَالْأَفْئِدَةَ ۚ قَلِيلًا مَا تَشْكُرُونَ",
            "10": "وَقَالُوا أَإِذَا ضَلَلْنَا فِي الْأَرْضِ أَإِنَّا لَفِي خَلْقٍ جَدِيدٍ ۚ بَلْ هُمْ بِلِقَاءِ رَبِّهِمْ كَافِرُونَ",
            "11": "قُلْ يَتَوَفَّاكُمْ مَلَكُ الْمَوْتِ الَّذِي وُكِّلَ بِكُمْ ثُمَّ إِلَىٰ رَبِّكُمْ تُرْجَعُونَ",
            "12": "وَلَوْ تَرَىٰ إِذِ الْمُجْرِمُونَ نَاكِسُو رُءُوسِهِمْ عِنْدَ رَبِّهِمْ رَبَّنَا أَبْصَرْنَا وَسَمِعْنَا فَارْجِعْنَا نَعْمَلْ صَالِحًا إِنَّا مُوقِنُونَ",
            "13": "وَلَوْ شِئْنَا لَآتَيْنَا كُلَّ نَفْسٍ هُدَاهَا وَلَٰكِنْ حَقَّ الْقَوْلُ مِنِّي لَأَمْلَأَنَّ جَهَنَّمَ مِنَ الْجِنَّةِ وَالنَّاسِ أَجْمَعِينَ",
            "14": "فَذُوقُوا بِمَا نَسِيتُمْ لِقَاءَ يَوْمِكُمْ هَٰذَا إِنَّا نَسِينَاكُمْ ۖ وَذُوقُوا عَذَابَ الْخُلْدِ بِمَا كُنْتُمْ تَعْمَلُونَ",
            "15": "إِنَّمَا يُؤْمِنُ بِآيَاتِنَا الَّذِينَ إِذَا ذُكِّرُوا بِهَا خَرُّوا سُجَّدًا وَسَبَّحُوا بِحَمْدِ رَبِّهِمْ وَهُمْ لَا يَسْتَكْبِرُونَ ۩",
            "16": "تَتَجَافَىٰ جُنُوبُهُمْ عَنِ الْمَضَاجِعِ يَدْعُونَ رَبَّهُمْ خَوْفًا وَطَمَعًا وَمِمَّا رَزَقْنَاهُمْ يُنْفِقُونَ",
            "17": "فَلَا تَعْلَمُ نَفْسٌ مَا أُخْفِيَ لَهُمْ مِنْ قُرَّةِ أَعْيُنٍ جَزَاءً بِمَا كَانُوا يَعْمَلُونَ",
            "18": "أَفَمَنْ كَانَ مُؤْمِنًا كَمَنْ كَانَ فَاسِقًا ۚ لَا يَسْتَوُونَ",
            "19": "أَمَّا الَّذِينَ آمَنُوا وَعَمِلُوا الصَّالِحَاتِ فَلَهُمْ جَنَّاتُ الْمَأْوَىٰ نُزُلًا بِمَا كَانُوا يَعْمَلُونَ",
            "20": "وَأَمَّا الَّذِينَ فَسَقُوا فَمَأْوَاهُمُ النَّارُ ۖ كُلَّمَا أَرَادُوا أَنْ يَخْرُجُوا مِنْهَا أُعِيدُوا فِيهَا وَقِيلَ لَهُمْ ذُوقُوا عَذَابَ النَّارِ الَّذِي كُنْتُمْ بِهِ تُكَذِّبُونَ",
            "21": "وَلَنُذِيقَنَّهُمْ مِنَ الْعَذَابِ الْأَدْنَىٰ دُونَ الْعَذَابِ الْأَكْبَرِ لَعَلَّهُمْ يَرْجِعُونَ",
            "22": "وَمَنْ أَظْلَمُ مِمَّنْ ذُكِّرَ بِآيَاتِ رَبِّهِ ثُمَّ أَعْرَضَ عَنْهَا ۚ إِنَّا مِنَ الْمُجْرِمِينَ مُنْتَقِمُونَ",
            "23": "وَلَقَدْ آتَيْنَا مُوسَى الْكِتَابَ فَلَا تَكُنْ فِي مِرْيَةٍ مِنْ لِقَائِهِ ۖ وَجَعَلْنَاهُ هُدًى لِبَنِي إِسْرَائِيلَ",
            "24": "وَجَعَلْنَا مِنْهُمْ أَئِمَّةً يَهْدُونَ بِأَمْرِنَا لَمَّا صَبَرُوا ۖ وَكَانُوا بِآيَاتِنَا يُوقِنُونَ",
            "25": "إِنَّ رَبَّكَ هُوَ يَفْصِلُ بَيْنَهُمْ يَوْمَ الْقِيَامَةِ فِيمَا كَانُوا فِيهِ يَخْتَلِفُونَ",
            "26": "أَوَلَمْ يَهْدِ لَهُمْ كَمْ أَهْلَكْنَا مِنْ قَبْلِهِمْ مِنَ الْقُرُونِ يَمْشُونَ فِي مَسَاكِنِهِمْ ۚ إِنَّ فِي ذَٰلِكَ لَآيَاتٍ ۖ أَفَلَا يَسْمَعُونَ",
            "27": "أَوَلَمْ يَرَوْا أَنَّا نَسُوقُ الْمَاءَ إِلَى الْأَرْضِ الْجُرُزِ فَنُخْرِجُ بِهِ زَرْعًا تَأْكُلُ مِنْهُ أَنْعَامُهُمْ وَأَنْفُسُهُمْ ۖ أَفَلَا يُبْصِرُونَ",
            "28": "وَيَقُولُونَ مَتَىٰ هَٰذَا الْفَتْحُ إِنْ كُنْتُمْ صَادِقِينَ",
            "29": "قُلْ يَوْمَ الْفَتْحِ لَا يَنْفَعُ الَّذِينَ كَفَرُوا إِيمَانُهُمْ وَلَا هُمْ يُنْظَرُونَ",
            "30": "فَأَعْرِضْ عَنْهُمْ وَانْتَظِرْ إِنَّهُمْ مُنْتَظِرُونَ"
        },
        "farsi": {
            "1": "\nالف، لام، میم",
            "2": " این کتابی که در [حقانیت و وحی بودن] آن هیچ تردیدی نیست از سوی پروردگارِ جهانیان نازل شده است ",
            "3": " بلکه [مشرکانِ لجوج] می گویند: [پیامبر] آن را [از نزد خود] ساخته و به خداوند نسبت داده! [نه، چنین نیست،] بلکه آن [کتابِ] حقی از سوی پروردگار توست، تا مردمی را که هیچ هشدار دهنده ای پیش از تو [و بعد از عروج عیسی] برای آنان نیامده هشدار دهی برای اینکه هدایت شوند ",
            "4": " خداوند است که آسمان ها و زمین و آنچه را میان آن هاست در شش دوره آفرید، سپس به [امر] حاکمیت [و تدبیر بر همۀ امور آفرینش] چیره شد، برای شما در برابر او هیچ سرپرست و شفیعی نیست، [با این حال] آیا [نسبت به توحید و یگانگی حق] متذکر [و هشیار] نمی شوید؟!",
            "5": "او [همواره همۀ] امور زمین را از عالم بالا اداره می کند، آن گاه در روزی که اندازۀ [زمانی] آن با حسابگری شما هزار سال است آن [امور] به سوی او بازمی گردد ",
            "6": " این است [خدای] دانای نهان و آشکار [که] توانای شکست ناپذیر و مهربان [است] ",
            "7": " همان کسی که هرچه را آفرید نیکو و شایسته آفرید، و آفرینش انسانِ [نخستین] را از گِل آغاز کرد ",
            "8": " سپس نسلش را از چکیده ای از آبِ ناچیز و پستی به وجود آورد ",
            "9": " آن گاه [اندام] او را موزون و معتدل ساخت و از روح خود در او دمید، و برایتان گوش و چشم و قلب قرار داد، ولی اندک سپاس گزاری می کنید !",
            "10": " [کافران] گفتند: آیا زمانی که [پس از مرگمان بدنمان پوسید و] در [لابه لای خاک] زمین گم شدیم، به راستی در آفرینشی جدید قرار می گیریم؟ بلکه [بدتر از این تعجبِ بی ربطشان] منکر لقای پروردگارشان [یعنی قیامتی] هستند [که مردگان را در آن زنده می کنیم]",
            "11": " [به اینان] بگو: فرشتۀ مرگ که او را بر شما گماشته اند [جان] شما را به طورکامل دریافت می کند، آن گاه شما را به سوی پروردگارتان بازمی گردانند ",
            "12": "\n \nچون گنه پیشگان را در پیشگاه پروردگارت سرافکنده ببینی [صحنۀ سختی را خواهی دید، در آن حال با ناله ای آمیخته به اندوه و تأسف می گویند:] پروردگارا! [به حقایق مسلّمی که منکرش بودیم] بینا شدیم، و [به دعوت حق] شنوا گشتیم، پس ما را [به دنیا] بازگردان تا کار شایسته انجام دهیم، ما [امروز به همۀ واقعیات] یقین پیدا کردیم ",
            "13": " اگر می خواستیم، هدایت هرکسی را [از روی اجبار] به او عطا می کردیم، [ولی هدایتِ اجباری برای انسان، فاقد ارزش و بهرۀ قیامتی است،] اما این وعده از سوی من حتمی و حق است که: یقیناً دوزخ را از همۀ جنّیان و آدمیانی [که منکر آیاتم شدند] پُر خواهم کرد ",
            "14": " پس [به آنان می گوییم:] در برابر این که لقای امروزتان را [که روز قیامت است با بی اعتنایی] واگذاشتید، [عذابِ دردآوری را] بچشید که ما هم شما را [محروم از رحمت خود] وامی گذاریم، و به کیفر اعمالی که همواره انجام می دادید عذاب جاودانه را بچشید! ",
            "15": " فقط کسانی به آیات ما ایمان دارند که چون به وسیلۀ آن [آیات، حقایق را] به یادشان آرند سجده کنان به رو درافتند، و پروردگارشان را درحالی که تکبّر نمی ورزند همراه با ستایش، [از هر عیب و نقصی] پاک و مبرّا می دارند",
            "16": " [اسیر بستر استراحت نیستند، مشتاقانه] از بستر خواب برمی خیزند [و روی به تهجّد آورده]، همواره پروردگارشان را به خاطر ترس [از عذاب] و امید [به رحمت] می خوانند، و از آنچه عطایشان کرده ایم انفاق می کنند ",
            "17": " قطعاً هیچ کس نمی داند چه چیزهایی [از نعمت ها و مقاماتی] که مایۀ شادمانی آنان است به پاداش اعمالشان [و عبادات و مناجات نیمه شب هایشان]، که همواره پای بند آن بودند برای آنان پنهان داشته [و ذخیره کرده] اند ",
            "18": " [با توجه به این حقیقت] آیا مؤمنانِ [اهل عبادت] مانند کسانی هستند که منحرف و نافرمانند؟ [نه، هرگز این دو گروه] مساوی نیستند ",
            "19": " اما برای کسانی که مؤمنند و کارهای شایسته انجام داده اند، بهشت ها و اقامتگاه دائمی است که به آنان به پاداش اعمالی که همواره انجام می دادند پیش کش می شود ",
            "20": " ولی کسانی که به انحراف و نافرمانی گراییدند جایگاهشان آتش است، هرگاه بخواهند از آن درآیند به درون آن بازشان می گردانند، و به آنان گویند: عذابِ این آتش را که همواره دروغش می پنداشتید بچشید !",
            "21": "\n \nبی گمان آنان را غیر از عذابِ بزرگ تر [که در قیامت است] از عذاب نزدیک تر [که عذاب دنیایی است] می چشانیم، باشد که [بیدار شده، از فسق و فجور به هدایت] بازگردند ",
            "22": " ستمکارتر از کسی که به وسیلۀ آیات پروردگارش موعظه شود، آن گاه از آن ها روی برگردانده [و نپذیرد] کیست؟ بی تردید ما از گنه پیشگان انتقام می گیریم ",
            "23": " همانا به موسی کتاب دادیم، پس تو در مورد دریافت آن [کتاب به وسیلۀ موسی] هیچ تردیدی نداشته باش! ما آن [کتاب] را برای بنی اسرائیل [مایۀ] هدایت قرار دادیم ",
            "24": " برخی از بنی اسرائیل را چون [در برابر مشکلات و حادثه ها و انجام تکالیف] صبر و استقامت داشتند، و همواره اهل یقین به آیات ما بودند پیشوایانی قرار دادیم که به توفیق ما مردم را هدایت می کردند",
            "25": " همانا پروردگارت در قیامت بین آنان در آنچه که همواره در آن اختلاف داشتند، [و نهایتاً گروه گروه می شدند] داوری خواهد کرد ",
            "26": " آیا برای آنان روشن نشده که بسیاری از نسل های پیش از آنان را [به کیفر طغیانشان غافل گیرانه] هلاک کردیم، و [اینان هم اکنون] در مساکن آن ها راه می روند [آیا ندیدند که سرانجامشان چه بود]؟یقینا در این [سرگذشت ها که بر آنان می خوانیم] عبرت هاست، آیا [به گوشِ دل] نمی شنوند؟",
            "27": " آیا ندانسته اند که ما آب را به سوی زمین خشک و بی گیاه می رانیم، و به وسیلۀ آن، زراعتی [سرسبز و سودمند] پدید می آوریم که دام هایشان و خودشان از آن می خورند؟ آیا [آثار و نتایج رحمت خدا را] نمی بینند؟!",
            "28": " [از روی مسخره به مؤمنان] می گویند: اگر راست گو هستید این پیروزی [که آمدنش وِرد زبان شماست] کی خواهد بود؟",
            "29": " بگو: روز پیروزی نه ایمان آوردنِ کافران سودشان دهد، و نه [برای جبران گذشتۀ خسارت بارشان] مهلت یابند ",
            "30": " بنابراین از آنان روی برتاب! و به انتظار [رسیدن پیروزی] باش! که آنان [هم به خیال خود] در انتظار [روز شکستِ شما] به سر می برند "
        }
    }
}