{
    "2": {
        "number": 2,
        "title": "سورة الاحزاب",
        "bab": 4,
        "delay": 0,
        "arabic": {
            "1": " يَا أَيُّهَا النَّبِيُّ اتَّقِ اللَّهَ وَلَا تُطِعِ الْكَافِرِينَ وَالْمُنَافِقِينَ ۗ إِنَّ اللَّهَ كَانَ عَلِيمًا حَكِيمًا",
            "2": "وَاتَّبِعْ مَا يُوحَىٰ إِلَيْكَ مِنْ رَبِّكَ ۚ إِنَّ اللَّهَ كَانَ بِمَا تَعْمَلُونَ خَبِيرًا",
            "3": "وَتَوَكَّلْ عَلَى اللَّهِ ۚ وَكَفَىٰ بِاللَّهِ وَكِيلًا",
            "4": "مَا جَعَلَ اللَّهُ لِرَجُلٍ مِنْ قَلْبَيْنِ فِي جَوْفِهِ ۚ وَمَا جَعَلَ أَزْوَاجَكُمُ اللَّائِي تُظَاهِرُونَ مِنْهُنَّ أُمَّهَاتِكُمْ ۚ وَمَا جَعَلَ أَدْعِيَاءَكُمْ أَبْنَاءَكُمْ ۚ ذَٰلِكُمْ قَوْلُكُمْ بِأَفْوَاهِكُمْ ۖ وَاللَّهُ يَقُولُ الْحَقَّ وَهُوَ يَهْدِي السَّبِيلَ",
            "5": "ادْعُوهُمْ لِآبَائِهِمْ هُوَ أَقْسَطُ عِنْدَ اللَّهِ ۚ فَإِنْ لَمْ تَعْلَمُوا آبَاءَهُمْ فَإِخْوَانُكُمْ فِي الدِّينِ وَمَوَالِيكُمْ ۚ وَلَيْسَ عَلَيْكُمْ جُنَاحٌ فِيمَا أَخْطَأْتُمْ بِهِ وَلَٰكِنْ مَا تَعَمَّدَتْ قُلُوبُكُمْ ۚ وَكَانَ اللَّهُ غَفُورًا رَحِيمًا",
            "6": "النَّبِيُّ أَوْلَىٰ بِالْمُؤْمِنِينَ مِنْ أَنْفُسِهِمْ ۖ وَأَزْوَاجُهُ أُمَّهَاتُهُمْ ۗ وَأُولُو الْأَرْحَامِ بَعْضُهُمْ أَوْلَىٰ بِبَعْضٍ فِي كِتَابِ اللَّهِ مِنَ الْمُؤْمِنِينَ وَالْمُهَاجِرِينَ إِلَّا أَنْ تَفْعَلُوا إِلَىٰ أَوْلِيَائِكُمْ مَعْرُوفًا ۚ كَانَ ذَٰلِكَ فِي الْكِتَابِ مَسْطُورًا",
            "7": "وَإِذْ أَخَذْنَا مِنَ النَّبِيِّينَ مِيثَاقَهُمْ وَمِنْكَ وَمِنْ نُوحٍ وَإِبْرَاهِيمَ وَمُوسَىٰ وَعِيسَى ابْنِ مَرْيَمَ ۖ وَأَخَذْنَا مِنْهُمْ مِيثَاقًا غَلِيظًا",
            "8": "لِيَسْأَلَ الصَّادِقِينَ عَنْ صِدْقِهِمْ ۚ وَأَعَدَّ لِلْكَافِرِينَ عَذَابًا أَلِيمًا",
            "9": "يَا أَيُّهَا الَّذِينَ آمَنُوا اذْكُرُوا نِعْمَةَ اللَّهِ عَلَيْكُمْ إِذْ جَاءَتْكُمْ جُنُودٌ فَأَرْسَلْنَا عَلَيْهِمْ رِيحًا وَجُنُودًا لَمْ تَرَوْهَا ۚ وَكَانَ اللَّهُ بِمَا تَعْمَلُونَ بَصِيرًا",
            "10": "إِذْ جَاءُوكُمْ مِنْ فَوْقِكُمْ وَمِنْ أَسْفَلَ مِنْكُمْ وَإِذْ زَاغَتِ الْأَبْصَارُ وَبَلَغَتِ الْقُلُوبُ الْحَنَاجِرَ وَتَظُنُّونَ بِاللَّهِ الظُّنُونَا",
            "11": "هُنَالِكَ ابْتُلِيَ الْمُؤْمِنُونَ وَزُلْزِلُوا زِلْزَالًا شَدِيدًا",
            "12": "وَإِذْ يَقُولُ الْمُنَافِقُونَ وَالَّذِينَ فِي قُلُوبِهِمْ مَرَضٌ مَا وَعَدَنَا اللَّهُ وَرَسُولُهُ إِلَّا غُرُورًا",
            "13": "وَإِذْ قَالَتْ طَائِفَةٌ مِنْهُمْ يَا أَهْلَ يَثْرِبَ لَا مُقَامَ لَكُمْ فَارْجِعُوا ۚ وَيَسْتَأْذِنُ فَرِيقٌ مِنْهُمُ النَّبِيَّ يَقُولُونَ إِنَّ بُيُوتَنَا عَوْرَةٌ وَمَا هِيَ بِعَوْرَةٍ ۖ إِنْ يُرِيدُونَ إِلَّا فِرَارًا",
            "14": "وَلَوْ دُخِلَتْ عَلَيْهِمْ مِنْ أَقْطَارِهَا ثُمَّ سُئِلُوا الْفِتْنَةَ لَآتَوْهَا وَمَا تَلَبَّثُوا بِهَا إِلَّا يَسِيرًا",
            "15": "وَلَقَدْ كَانُوا عَاهَدُوا اللَّهَ مِنْ قَبْلُ لَا يُوَلُّونَ الْأَدْبَارَ ۚ وَكَانَ عَهْدُ اللَّهِ مَسْئُولًا",
            "16": "قُلْ لَنْ يَنْفَعَكُمُ الْفِرَارُ إِنْ فَرَرْتُمْ مِنَ الْمَوْتِ أَوِ الْقَتْلِ وَإِذًا لَا تُمَتَّعُونَ إِلَّا قَلِيلًا",
            "17": "قُلْ مَنْ ذَا الَّذِي يَعْصِمُكُمْ مِنَ اللَّهِ إِنْ أَرَادَ بِكُمْ سُوءًا أَوْ أَرَادَ بِكُمْ رَحْمَةً ۚ وَلَا يَجِدُونَ لَهُمْ مِنْ دُونِ اللَّهِ وَلِيًّا وَلَا نَصِيرًا",
            "18": "قَدْ يَعْلَمُ اللَّهُ الْمُعَوِّقِينَ مِنْكُمْ وَالْقَائِلِينَ لِإِخْوَانِهِمْ هَلُمَّ إِلَيْنَا ۖ وَلَا يَأْتُونَ الْبَأْسَ إِلَّا قَلِيلًا",
            "19": "أَشِحَّةً عَلَيْكُمْ ۖ فَإِذَا جَاءَ الْخَوْفُ رَأَيْتَهُمْ يَنْظُرُونَ إِلَيْكَ تَدُورُ أَعْيُنُهُمْ كَالَّذِي يُغْشَىٰ عَلَيْهِ مِنَ الْمَوْتِ ۖ فَإِذَا ذَهَبَ الْخَوْفُ سَلَقُوكُمْ بِأَلْسِنَةٍ حِدَادٍ أَشِحَّةً عَلَى الْخَيْرِ ۚ أُولَٰئِكَ لَمْ يُؤْمِنُوا فَأَحْبَطَ اللَّهُ أَعْمَالَهُمْ ۚ وَكَانَ ذَٰلِكَ عَلَى اللَّهِ يَسِيرًا",
            "20": "يَحْسَبُونَ الْأَحْزَابَ لَمْ يَذْهَبُوا ۖ وَإِنْ يَأْتِ الْأَحْزَابُ يَوَدُّوا لَوْ أَنَّهُمْ بَادُونَ فِي الْأَعْرَابِ يَسْأَلُونَ عَنْ أَنْبَائِكُمْ ۖ وَلَوْ كَانُوا فِيكُمْ مَا قَاتَلُوا إِلَّا قَلِيلًا",
            "21": "لَقَدْ كَانَ لَكُمْ فِي رَسُولِ اللَّهِ أُسْوَةٌ حَسَنَةٌ لِمَنْ كَانَ يَرْجُو اللَّهَ وَالْيَوْمَ الْآخِرَ وَذَكَرَ اللَّهَ كَثِيرًا",
            "22": "وَلَمَّا رَأَى الْمُؤْمِنُونَ الْأَحْزَابَ قَالُوا هَٰذَا مَا وَعَدَنَا اللَّهُ وَرَسُولُهُ وَصَدَقَ اللَّهُ وَرَسُولُهُ ۚ وَمَا زَادَهُمْ إِلَّا إِيمَانًا وَتَسْلِيمًا",
            "23": "مِنَ الْمُؤْمِنِينَ رِجَالٌ صَدَقُوا مَا عَاهَدُوا اللَّهَ عَلَيْهِ ۖ فَمِنْهُمْ مَنْ قَضَىٰ نَحْبَهُ وَمِنْهُمْ مَنْ يَنْتَظِرُ ۖ وَمَا بَدَّلُوا تَبْدِيلًا",
            "24": "لِيَجْزِيَ اللَّهُ الصَّادِقِينَ بِصِدْقِهِمْ وَيُعَذِّبَ الْمُنَافِقِينَ إِنْ شَاءَ أَوْ يَتُوبَ عَلَيْهِمْ ۚ إِنَّ اللَّهَ كَانَ غَفُورًا رَحِيمًا",
            "25": "وَرَدَّ اللَّهُ الَّذِينَ كَفَرُوا بِغَيْظِهِمْ لَمْ يَنَالُوا خَيْرًا ۚ وَكَفَى اللَّهُ الْمُؤْمِنِينَ الْقِتَالَ ۚ وَكَانَ اللَّهُ قَوِيًّا عَزِيزًا",
            "26": "وَأَنْزَلَ الَّذِينَ ظَاهَرُوهُمْ مِنْ أَهْلِ الْكِتَابِ مِنْ صَيَاصِيهِمْ وَقَذَفَ فِي قُلُوبِهِمُ الرُّعْبَ فَرِيقًا تَقْتُلُونَ وَتَأْسِرُونَ فَرِيقًا",
            "27": "وَأَوْرَثَكُمْ أَرْضَهُمْ وَدِيَارَهُمْ وَأَمْوَالَهُمْ وَأَرْضًا لَمْ تَطَئُوهَا ۚ وَكَانَ اللَّهُ عَلَىٰ كُلِّ شَيْءٍ قَدِيرًا",
            "28": "يَا أَيُّهَا النَّبِيُّ قُلْ لِأَزْوَاجِكَ إِنْ كُنْتُنَّ تُرِدْنَ الْحَيَاةَ الدُّنْيَا وَزِينَتَهَا فَتَعَالَيْنَ أُمَتِّعْكُنَّ وَأُسَرِّحْكُنَّ سَرَاحًا جَمِيلًا",
            "29": "وَإِنْ كُنْتُنَّ تُرِدْنَ اللَّهَ وَرَسُولَهُ وَالدَّارَ الْآخِرَةَ فَإِنَّ اللَّهَ أَعَدَّ لِلْمُحْسِنَاتِ مِنْكُنَّ أَجْرًا عَظِيمًا",
            "30": "يَا نِسَاءَ النَّبِيِّ مَنْ يَأْتِ مِنْكُنَّ بِفَاحِشَةٍ مُبَيِّنَةٍ يُضَاعَفْ لَهَا الْعَذَابُ ضِعْفَيْنِ ۚ وَكَانَ ذَٰلِكَ عَلَى اللَّهِ يَسِيرًا",
            "31": "وَمَنْ يَقْنُتْ مِنْكُنَّ لِلَّهِ وَرَسُولِهِ وَتَعْمَلْ صَالِحًا نُؤْتِهَا أَجْرَهَا مَرَّتَيْنِ وَأَعْتَدْنَا لَهَا رِزْقًا كَرِيمًا",
            "32": "يَا نِسَاءَ النَّبِيِّ لَسْتُنَّ كَأَحَدٍ مِنَ النِّسَاءِ ۚ إِنِ اتَّقَيْتُنَّ فَلَا تَخْضَعْنَ بِالْقَوْلِ فَيَطْمَعَ الَّذِي فِي قَلْبِهِ مَرَضٌ وَقُلْنَ قَوْلًا مَعْرُوفًا",
            "33": "وَقَرْنَ فِي بُيُوتِكُنَّ وَلَا تَبَرَّجْنَ تَبَرُّجَ الْجَاهِلِيَّةِ الْأُولَىٰ ۖ وَأَقِمْنَ الصَّلَاةَ وَآتِينَ الزَّكَاةَ وَأَطِعْنَ اللَّهَ وَرَسُولَهُ ۚ إِنَّمَا يُرِيدُ اللَّهُ لِيُذْهِبَ عَنْكُمُ الرِّجْسَ أَهْلَ الْبَيْتِ وَيُطَهِّرَكُمْ تَطْهِيرًا",
            "34": "وَاذْكُرْنَ مَا يُتْلَىٰ فِي بُيُوتِكُنَّ مِنْ آيَاتِ اللَّهِ وَالْحِكْمَةِ ۚ إِنَّ اللَّهَ كَانَ لَطِيفًا خَبِيرًا",
            "35": "إِنَّ الْمُسْلِمِينَ وَالْمُسْلِمَاتِ وَالْمُؤْمِنِينَ وَالْمُؤْمِنَاتِ وَالْقَانِتِينَ وَالْقَانِتَاتِ وَالصَّادِقِينَ وَالصَّادِقَاتِ وَالصَّابِرِينَ وَالصَّابِرَاتِ وَالْخَاشِعِينَ وَالْخَاشِعَاتِ وَالْمُتَصَدِّقِينَ وَالْمُتَصَدِّقَاتِ وَالصَّائِمِينَ وَالصَّائِمَاتِ وَالْحَافِظِينَ فُرُوجَهُمْ وَالْحَافِظَاتِ وَالذَّاكِرِينَ اللَّهَ كَثِيرًا وَالذَّاكِرَاتِ أَعَدَّ اللَّهُ لَهُمْ مَغْفِرَةً وَأَجْرًا عَظِيمًا",
            "36": "وَمَا كَانَ لِمُؤْمِنٍ وَلَا مُؤْمِنَةٍ إِذَا قَضَى اللَّهُ وَرَسُولُهُ أَمْرًا أَنْ يَكُونَ لَهُمُ الْخِيَرَةُ مِنْ أَمْرِهِمْ ۗ وَمَنْ يَعْصِ اللَّهَ وَرَسُولَهُ فَقَدْ ضَلَّ ضَلَالًا مُبِينًا",
            "37": "وَإِذْ تَقُولُ لِلَّذِي أَنْعَمَ اللَّهُ عَلَيْهِ وَأَنْعَمْتَ عَلَيْهِ أَمْسِكْ عَلَيْكَ زَوْجَكَ وَاتَّقِ اللَّهَ وَتُخْفِي فِي نَفْسِكَ مَا اللَّهُ مُبْدِيهِ وَتَخْشَى النَّاسَ وَاللَّهُ أَحَقُّ أَنْ تَخْشَاهُ ۖ فَلَمَّا قَضَىٰ زَيْدٌ مِنْهَا وَطَرًا زَوَّجْنَاكَهَا لِكَيْ لَا يَكُونَ عَلَى الْمُؤْمِنِينَ حَرَجٌ فِي أَزْوَاجِ أَدْعِيَائِهِمْ إِذَا قَضَوْا مِنْهُنَّ وَطَرًا ۚ وَكَانَ أَمْرُ اللَّهِ مَفْعُولًا",
            "38": "مَا كَانَ عَلَى النَّبِيِّ مِنْ حَرَجٍ فِيمَا فَرَضَ اللَّهُ لَهُ ۖ سُنَّةَ اللَّهِ فِي الَّذِينَ خَلَوْا مِنْ قَبْلُ ۚ وَكَانَ أَمْرُ اللَّهِ قَدَرًا مَقْدُورًا",
            "39": "الَّذِينَ يُبَلِّغُونَ رِسَالَاتِ اللَّهِ وَيَخْشَوْنَهُ وَلَا يَخْشَوْنَ أَحَدًا إِلَّا اللَّهَ ۗ وَكَفَىٰ بِاللَّهِ حَسِيبًا",
            "40": "مَا كَانَ مُحَمَّدٌ أَبَا أَحَدٍ مِنْ رِجَالِكُمْ وَلَٰكِنْ رَسُولَ اللَّهِ وَخَاتَمَ النَّبِيِّينَ ۗ وَكَانَ اللَّهُ بِكُلِّ شَيْءٍ عَلِيمًا",
            "41": "يَا أَيُّهَا الَّذِينَ آمَنُوا اذْكُرُوا اللَّهَ ذِكْرًا كَثِيرًا",
            "42": "وَسَبِّحُوهُ بُكْرَةً وَأَصِيلًا",
            "43": "هُوَ الَّذِي يُصَلِّي عَلَيْكُمْ وَمَلَائِكَتُهُ لِيُخْرِجَكُمْ مِنَ الظُّلُمَاتِ إِلَى النُّورِ ۚ وَكَانَ بِالْمُؤْمِنِينَ رَحِيمًا",
            "44": "تَحِيَّتُهُمْ يَوْمَ يَلْقَوْنَهُ سَلَامٌ ۚ وَأَعَدَّ لَهُمْ أَجْرًا كَرِيمًا",
            "45": "يَا أَيُّهَا النَّبِيُّ إِنَّا أَرْسَلْنَاكَ شَاهِدًا وَمُبَشِّرًا وَنَذِيرًا",
            "46": "وَدَاعِيًا إِلَى اللَّهِ بِإِذْنِهِ وَسِرَاجًا مُنِيرًا",
            "47": "وَبَشِّرِ الْمُؤْمِنِينَ بِأَنَّ لَهُمْ مِنَ اللَّهِ فَضْلًا كَبِيرًا",
            "48": "وَلَا تُطِعِ الْكَافِرِينَ وَالْمُنَافِقِينَ وَدَعْ أَذَاهُمْ وَتَوَكَّلْ عَلَى اللَّهِ ۚ وَكَفَىٰ بِاللَّهِ وَكِيلًا",
            "49": "يَا أَيُّهَا الَّذِينَ آمَنُوا إِذَا نَكَحْتُمُ الْمُؤْمِنَاتِ ثُمَّ طَلَّقْتُمُوهُنَّ مِنْ قَبْلِ أَنْ تَمَسُّوهُنَّ فَمَا لَكُمْ عَلَيْهِنَّ مِنْ عِدَّةٍ تَعْتَدُّونَهَا ۖ فَمَتِّعُوهُنَّ وَسَرِّحُوهُنَّ سَرَاحًا جَمِيلًا",
            "50": "يَا أَيُّهَا النَّبِيُّ إِنَّا أَحْلَلْنَا لَكَ أَزْوَاجَكَ اللَّاتِي آتَيْتَ أُجُورَهُنَّ وَمَا مَلَكَتْ يَمِينُكَ مِمَّا أَفَاءَ اللَّهُ عَلَيْكَ وَبَنَاتِ عَمِّكَ وَبَنَاتِ عَمَّاتِكَ وَبَنَاتِ خَالِكَ وَبَنَاتِ خَالَاتِكَ اللَّاتِي هَاجَرْنَ مَعَكَ وَامْرَأَةً مُؤْمِنَةً إِنْ وَهَبَتْ نَفْسَهَا لِلنَّبِيِّ إِنْ أَرَادَ النَّبِيُّ أَنْ يَسْتَنْكِحَهَا خَالِصَةً لَكَ مِنْ دُونِ الْمُؤْمِنِينَ ۗ قَدْ عَلِمْنَا مَا فَرَضْنَا عَلَيْهِمْ فِي أَزْوَاجِهِمْ وَمَا مَلَكَتْ أَيْمَانُهُمْ لِكَيْلَا يَكُونَ عَلَيْكَ حَرَجٌ ۗ وَكَانَ اللَّهُ غَفُورًا رَحِيمًا",
            "51": "تُرْجِي مَنْ تَشَاءُ مِنْهُنَّ وَتُؤْوِي إِلَيْكَ مَنْ تَشَاءُ ۖ وَمَنِ ابْتَغَيْتَ مِمَّنْ عَزَلْتَ فَلَا جُنَاحَ عَلَيْكَ ۚ ذَٰلِكَ أَدْنَىٰ أَنْ تَقَرَّ أَعْيُنُهُنَّ وَلَا يَحْزَنَّ وَيَرْضَيْنَ بِمَا آتَيْتَهُنَّ كُلُّهُنَّ ۚ وَاللَّهُ يَعْلَمُ مَا فِي قُلُوبِكُمْ ۚ وَكَانَ اللَّهُ عَلِيمًا حَلِيمًا",
            "52": "لَا يَحِلُّ لَكَ النِّسَاءُ مِنْ بَعْدُ وَلَا أَنْ تَبَدَّلَ بِهِنَّ مِنْ أَزْوَاجٍ وَلَوْ أَعْجَبَكَ حُسْنُهُنَّ إِلَّا مَا مَلَكَتْ يَمِينُكَ ۗ وَكَانَ اللَّهُ عَلَىٰ كُلِّ شَيْءٍ رَقِيبًا",
            "53": "يَا أَيُّهَا الَّذِينَ آمَنُوا لَا تَدْخُلُوا بُيُوتَ النَّبِيِّ إِلَّا أَنْ يُؤْذَنَ لَكُمْ إِلَىٰ طَعَامٍ غَيْرَ نَاظِرِينَ إِنَاهُ وَلَٰكِنْ إِذَا دُعِيتُمْ فَادْخُلُوا فَإِذَا طَعِمْتُمْ فَانْتَشِرُوا وَلَا مُسْتَأْنِسِينَ لِحَدِيثٍ ۚ إِنَّ ذَٰلِكُمْ كَانَ يُؤْذِي النَّبِيَّ فَيَسْتَحْيِي مِنْكُمْ ۖ وَاللَّهُ لَا يَسْتَحْيِي مِنَ الْحَقِّ ۚ وَإِذَا سَأَلْتُمُوهُنَّ مَتَاعًا فَاسْأَلُوهُنَّ مِنْ وَرَاءِ حِجَابٍ ۚ ذَٰلِكُمْ أَطْهَرُ لِقُلُوبِكُمْ وَقُلُوبِهِنَّ ۚ وَمَا كَانَ لَكُمْ أَنْ تُؤْذُوا رَسُولَ اللَّهِ وَلَا أَنْ تَنْكِحُوا أَزْوَاجَهُ مِنْ بَعْدِهِ أَبَدًا ۚ إِنَّ ذَٰلِكُمْ كَانَ عِنْدَ اللَّهِ عَظِيمًا",
            "54": "إِنْ تُبْدُوا شَيْئًا أَوْ تُخْفُوهُ فَإِنَّ اللَّهَ كَانَ بِكُلِّ شَيْءٍ عَلِيمًا",
            "55": "لَا جُنَاحَ عَلَيْهِنَّ فِي آبَائِهِنَّ وَلَا أَبْنَائِهِنَّ وَلَا إِخْوَانِهِنَّ وَلَا أَبْنَاءِ إِخْوَانِهِنَّ وَلَا أَبْنَاءِ أَخَوَاتِهِنَّ وَلَا نِسَائِهِنَّ وَلَا مَا مَلَكَتْ أَيْمَانُهُنَّ ۗ وَاتَّقِينَ اللَّهَ ۚ إِنَّ اللَّهَ كَانَ عَلَىٰ كُلِّ شَيْءٍ شَهِيدًا",
            "56": "إِنَّ اللَّهَ وَمَلَائِكَتَهُ يُصَلُّونَ عَلَى النَّبِيِّ ۚ يَا أَيُّهَا الَّذِينَ آمَنُوا صَلُّوا عَلَيْهِ وَسَلِّمُوا تَسْلِيمًا",
            "57": "إِنَّ الَّذِينَ يُؤْذُونَ اللَّهَ وَرَسُولَهُ لَعَنَهُمُ اللَّهُ فِي الدُّنْيَا وَالْآخِرَةِ وَأَعَدَّ لَهُمْ عَذَابًا مُهِينًا",
            "58": "وَالَّذِينَ يُؤْذُونَ الْمُؤْمِنِينَ وَالْمُؤْمِنَاتِ بِغَيْرِ مَا اكْتَسَبُوا فَقَدِ احْتَمَلُوا بُهْتَانًا وَإِثْمًا مُبِينًا",
            "59": "يَا أَيُّهَا النَّبِيُّ قُلْ لِأَزْوَاجِكَ وَبَنَاتِكَ وَنِسَاءِ الْمُؤْمِنِينَ يُدْنِينَ عَلَيْهِنَّ مِنْ جَلَابِيبِهِنَّ ۚ ذَٰلِكَ أَدْنَىٰ أَنْ يُعْرَفْنَ فَلَا يُؤْذَيْنَ ۗ وَكَانَ اللَّهُ غَفُورًا رَحِيمًا",
            "60": "لَئِنْ لَمْ يَنْتَهِ الْمُنَافِقُونَ وَالَّذِينَ فِي قُلُوبِهِمْ مَرَضٌ وَالْمُرْجِفُونَ فِي الْمَدِينَةِ لَنُغْرِيَنَّكَ بِهِمْ ثُمَّ لَا يُجَاوِرُونَكَ فِيهَا إِلَّا قَلِيلًا",
            "61": "مَلْعُونِينَ ۖ أَيْنَمَا ثُقِفُوا أُخِذُوا وَقُتِّلُوا تَقْتِيلًا",
            "62": "سُنَّةَ اللَّهِ فِي الَّذِينَ خَلَوْا مِنْ قَبْلُ ۖ وَلَنْ تَجِدَ لِسُنَّةِ اللَّهِ تَبْدِيلًا",
            "63": "يَسْأَلُكَ النَّاسُ عَنِ السَّاعَةِ ۖ قُلْ إِنَّمَا عِلْمُهَا عِنْدَ اللَّهِ ۚ وَمَا يُدْرِيكَ لَعَلَّ السَّاعَةَ تَكُونُ قَرِيبًا",
            "64": "إِنَّ اللَّهَ لَعَنَ الْكَافِرِينَ وَأَعَدَّ لَهُمْ سَعِيرًا",
            "65": "خَالِدِينَ فِيهَا أَبَدًا ۖ لَا يَجِدُونَ وَلِيًّا وَلَا نَصِيرًا",
            "66": "يَوْمَ تُقَلَّبُ وُجُوهُهُمْ فِي النَّارِ يَقُولُونَ يَا لَيْتَنَا أَطَعْنَا اللَّهَ وَأَطَعْنَا الرَّسُولَا",
            "67": "وَقَالُوا رَبَّنَا إِنَّا أَطَعْنَا سَادَتَنَا وَكُبَرَاءَنَا فَأَضَلُّونَا السَّبِيلَا",
            "68": "رَبَّنَا آتِهِمْ ضِعْفَيْنِ مِنَ الْعَذَابِ وَالْعَنْهُمْ لَعْنًا كَبِيرًا",
            "69": "يَا أَيُّهَا الَّذِينَ آمَنُوا لَا تَكُونُوا كَالَّذِينَ آذَوْا مُوسَىٰ فَبَرَّأَهُ اللَّهُ مِمَّا قَالُوا ۚ وَكَانَ عِنْدَ اللَّهِ وَجِيهًا",
            "70": "يَا أَيُّهَا الَّذِينَ آمَنُوا اتَّقُوا اللَّهَ وَقُولُوا قَوْلًا سَدِيدًا",
            "71": "يُصْلِحْ لَكُمْ أَعْمَالَكُمْ وَيَغْفِرْ لَكُمْ ذُنُوبَكُمْ ۗ وَمَنْ يُطِعِ اللَّهَ وَرَسُولَهُ فَقَدْ فَازَ فَوْزًا عَظِيمًا",
            "72": "إِنَّا عَرَضْنَا الْأَمَانَةَ عَلَى السَّمَاوَاتِ وَالْأَرْضِ وَالْجِبَالِ فَأَبَيْنَ أَنْ يَحْمِلْنَهَا وَأَشْفَقْنَ مِنْهَا وَحَمَلَهَا الْإِنْسَانُ ۖ إِنَّهُ كَانَ ظَلُومًا جَهُولًا",
            "73": "لِيُعَذِّبَ اللَّهُ الْمُنَافِقِينَ وَالْمُنَافِقَاتِ وَالْمُشْرِكِينَ وَالْمُشْرِكَاتِ وَيَتُوبَ اللَّهُ عَلَى الْمُؤْمِنِينَ وَالْمُؤْمِنَاتِ ۗ وَكَانَ اللَّهُ غَفُورًا رَحِيمًا"
        },
        "farsi": {
            "1": "\nای پیامبرِ [عظیم الشأن]! [در همۀ امور زندگی] از خداوند اطاعت کن! و تابع [خواسته های شیطانی] کافران و منافقان مباش! یقیناً خداوند [به ظاهر و باطن انسان و اعمال او] دانا [است] و [در صدور احکامش] حکیم است ",
            "2": " آنچه را از سوی پروردگارت وحی می شود پیروی کن! یقیناً خداوند به [همۀ] اعمالی که [در نهان و آشکار] انجام می دهید آگاه است ",
            "3": " بر خداوندِ [کارساز] توکل کن! و بس است که خداوند، کارسازِ [همۀ امور بندگان] باشد",
            "4": " خداوند برای هیچ کس در درونش دو قلب قرار نداده، و همسرانتان را که همواره مورد ظِهار قرار می دهید، [یعنی با نوعی طلاق به رسم جاهلیت آنان را چون مادرانتان بر خود حرام می کنید] مادرانتان نگردانیده، و پسرخواندگانتان را پسران [حقیقی] شما نشمرده، این سخنِ [باطل و یاوۀ] شماست که [دربارۀ همسران و پسرخواندگانتان] بر زبانتان جاری است، خداوند همواره حق را می گوید و به راه [راست] هدایت می کند ",
            "5": " پسرخواندگانتان را [به هنگام صدازدن] به نام پدرانشان بخوانید که این [گونه خواندن] نزد خداوند عادلانه تر است، چنانچه پدرانشان را نمی شناسید برادران دینی شما و دوستان شمایند، بر شما در آنچه [از انتساب هایی] که به خطا انجام داده اید گناهی نیست، ولی [در] آنچه [از انتساب های بی جا] که دل هایتان تعمّد [و قصد جدی] داشته باشد [جرم و گناه است]، و خداوند همواره بسیار آمرزنده و مهربان است ",
            "6": " پیامبر به مؤمنان از خودشان [در مورد ولایتی که در امورشان دارند] سزاوارتر است [؛ زیرا او از جانب خداوند دارای ولایت کامل و کلی است]، و همسرانش [در حُرمتِ ازدواج با آنان چون] مادرانشان هستند، و بر پایۀ کتاب خدا دارندگان قرابت نَسَبی [در ارث بَری] از یکدیگر، از مؤمنان و مهاجران [که پیش از این حکم براساس ایمان و هجرت ارث می بردند] شایسته ترند، مگر این که [بخواهید در پرداخت بخشی از ارثِ خود،] به دوستانتان احسان کنید این احکام ثبت شده در کتاب [خدا] است ",
            "7": "\n \n[به یاد آر] زمانی را که از پیامبران [برای ابلاغ وحی] پیمانی محکم دریافت کردیم، و [نیز] از تو و از نوح و ابراهیم و موسی و عیسی بن مریم، و [خلاصه] از [همۀ] آنان پیمانی سخت و استوار [بر رساندنِ وحی به مردم] گرفتیم ",
            "8": " تا [خداوند] از صادقان بخواهد که صِدقشان را [در گفتار و عمل] بنمایانند، [و نهایتاً سزاوار پاداش اخروی شوند،] و برای کافران [که صِدقی درگفتار و عمل نداشتند] عذابی دردناک آماده کرده است ",
            "9": " ای مؤمنان! نعمت خداوند را بر خود یاد کنید آن هنگامی که سپاهیانی [به قصد از بین بردنتان] به سوی شما آمدند، پس توفانی [عظیم] و لشگریانی که آنان را نمی دیدید به سوی آن فرستادیم [که آنان را درهم بکوبند]، و خداوند همواره به آنچه انجام می دهید بیناست ",
            "10": " [این اوضاع] زمانی [بود] که از ناحیۀ بالا و پایینِ [شهر] شما [مدینه] به سویتان آمدند، و در آن حال چشم ها [از شدت ترس] خیره شد و جان ها به گلو رسید، و به خداوند [در مورد وعده هایش] گمان ها [ی ناروا] می بردید ",
            "11": " آن جا بود که مؤمنان [در برابر هجومِ احزابِ متحد] مورد آزمایش قرار گرفتند، و [نهایتاً] به اضطرابی سخت دچار شدند ",
            "12": " [در] همان زمان [بود] که منافقان و آنان که در دل هایشان بیماری [ضعف اعتقاد و سستی اعتماد به خدا] وجود داشت می گفتند: خدا و پیامبرش جز بر پایۀ فریب به ما وعدۀ [پیروزی] نداده اند ",
            "13": " [در] آن هنگامه [بود] که گروهی از آنان گفتند: ای اهل مدینه! [میدان نبرد] جای درنگ و ماندن شما نیست، پس [به مدینه] بازگردید! و گروهی [دیگر] از پیامبر اجازۀ [بازگشت به مدینه] می خواستند، [و بهانۀ آنان این بود که] می گفتند: خانه های ما بدون حفاظ است [و به این سبب در معرض خطر قرار دارد]. درحالی که بدون حفاظ نبود و آنان قصدی جز فرار [از جبهه] نداشتند ",
            "14": " اگر از پیرامون خانه هایشان به آنان حمله می شد و بازگشت [به شرک و جنگ با مؤمنان] را از آنان می خواستند بی چون و چرا می پذیرفتند، و [برای عملی شدنِ این درخواست] جز مدت اندکی[که به اندازۀ تجهیزشان بر ضد مؤمنان بود] درنگ نمی کردند ",
            "15": " با این که پیش از این [در معرکۀ اُحُد] با خداوند پیمان بسته بودند که [از جنگ] نگریزند، [اکنون یقین داشته باشند که] پیمانِ با خداوند همواره مورد بازخواست خواهد بود ",
            "16": "\n \nبگو: اگر از مرگ یا کشته شدن بگریزید، [این] فرار سودی برایتان نخواهد داشت، و دراین صورت [که سودی دهد سودش تنها آن است که] جز اندکی [از متاع دنیا] بهره مند نخواهید شد ",
            "17": " اگر خداوند مرگ یا کشته شدنِ شما را خواسته باشد، یا بخواهد پیروزی و غنیمتی را نصیب شما کند کیست که شما را در برابر [ارادۀ حتمی] خداوند حفظ کند؟ [همۀ امور به خواست اوست،] و مردم در برابر خداوند هیچ سرپرست و یاوری نمی یابند ",
            "18": "همانا خداوند کسانی از شما را که بازدارندگان [مردم از جهاد]ند، و کسانی را که به برادرانِ [ایمانی] خود می گویند به سوی ما آیید [و دست از جنگ بردارید] می ‍  شناسد، و جز اندکی [که از ایمانِ یقینی برخوردارند] به جهاد نمی آیند ",
            "19": "[این] در حالی [است] که [این منافقانِ نابکار] نسبت به شما [برای هر نوع کمکی جهت ادارۀ جنگ] بخیلند، چون [به سبب وقوع جنگ،] ترس [به سویشان] آید، آنان را می بینی که به سویت می نگرند به گونه ای که چشمانشان [بی اختیار در حدقه] می گردد، مانند کسی که بی هوشی مرگ بر سراسر وجودش چیره شده، و چون [زمینۀ] ترس برطرف شود با زبان هایی تندوتیز به شما طعنه زده، آزارتان می دهند، درحالی که به غنیمتی [که به شما می رسد] به شدت حریصند، [در واقع] اینان ایمان نیاورده اند و به این سبب خداوند اعمالشان را تباه کرده، و این [کار] بر خدا آسان است ",
            "20": " [این بُزدلان] می پندارند که [لشگر] احزاب [با این که شکست خورده و عقب نشینی کرده اند هنوز از اطراف مدینه] نرفته اند، و اگر احزاب [بار دیگر برای حمله] بازگردند [این منافقانِ سست بنیان] دوست دارند کاش در بین اَعراب بادیه نشین بروند و [همان جا] از اخبار شما جویا شوند، اگر هم در بین شما بودند جز اندکی [که بود و نبودشان تأثیری نداشت] جنگ نمی کردند ",
            "21": "بی تردید برای کسانی از شما که همواره به خدا و روز قیامت امیدوارند و خدا را بسیار یاد می کنند، پیامبر [در ایمان و اخلاق و عمل] سرمشق نیکویی است ",
            "22": " چون مؤمنان، احزابِ [متحد] را [در میدان جنگِ خندق] دیدند گفتند: این همان [جنگی] است که خدا و پیامبرش به ما وعده دادند [که در صورت استقامت و پشت نکردن به آن، از پیروزی و ثواب عظیمش بهره مند خواهیم شد]، و خدا و پیامبرش [به ما] وعدۀ راست و درست داده اند. و [دیدن احزاب متحد با هم] جز بر ایمان و تسلیمشان [نسبت به حق] نیفزود ",
            "23": "\n \nاز مؤمنان مردانی هستند که به عهدی که با خداوند [برای ثبات قدم و دفاع از حق تا نثار جان] بسته بودند وفا کردند، برخی از آنان [عهد خود را تا شهیدشدن] به انجام رساندند، و برخی [شهادت را] انتظار می برند، و به هیچ وجه [عهدشان را] تغییر نداده اند ",
            "24": " برای اینکه خداوند وفاکنندگان [به عهد] را به خاطر وفایشان پاداش دهد، و منافقان را اگر بخواهد عذاب کند، یا [اگر توبه کنند] توبۀ آنان را بپذیرد؛ زیرا خداوند همواره بسیار مهربان و آمرزنده است ",
            "25": " خداوند کافرانِ [شرکت کننده در جنگ خندق] را درحالی که به هیچ خیری [از جمله پیروزی و غنیمت] دست نیافتند، با [درونِ آکنده از] خشمشان [از اطراف مدینه به مناطقشان] برگرداند، و [سختی و مشقّت] جنگ را از مؤمنان برداشت؛ خداوند همواره نیرومند و توانای شکست ناپذیر است ",
            "26": " و کسانی از یهودیان را که از احزاب پشتیبانی کردند از قلعه های استوارشان پایین کشید [تا دردسترستان قرار گیرند]، و در دل هایشان ترسی شدید انداخت، [در نتیجه] گروهی را می کشتید و گروهی را اسیر می کردید ",
            "27": " و سرزمین و دیار و اموالشان را، و سرزمینی را که به آن قدم نگذاشته بودید به شما میراث داد، و خداوند بر هر کاری تواناست ",
            "28": " ای پیامبر! به همسرانت بگو: اگر زندگی دنیا و زینتش را می خواهید، [و از زندگی زاهدانه و قناعت پیشه ام ناراضی هستید] بیایید متاعی به شما پرداخت کرده، و با روشی پسندیده رهایتان سازم ",
            "29": " و اگر خدا و پیامبرش و سرای [آباد و جاویدان] آخرت را می خواهید همانا خداوند برای نیکوکاران از شما پاداش بزرگی آماده کرده است ",
            "30": " ای همسران پیامبر! هرکدام از شما کار زشتِ آشکاری را [چون نافرمانی از پیامبر، درخواست بی جا از او و آزاردادنش] مرتکب شود [بداند مصونیتی نخواهد داشت بلکه] عذابش دوچندان خواهد بود، و این [کار] بر خدا آسان است ",
            "31": "\n \nو هرکدامتان [مخلصانه] برای خداوند و پیامبرش فروتنانه اطاعت کند و کار شایسته انجام دهد، او را دو برابر پاداش می دهیم، و برایش رزقی با ارزش مهیا کرده ایم ",
            "32": " ای همسران پیامبر! اگر اهل اطاعت از خدا و ترک محرّماتش باشید، [در مقام و منزلت] مساوی با هیچ یک از زنان نیستید، پس در سخن گفتنتان دلربایی و طنّازی نداشته باشید که [اگر چنین کنید] آنکه در دلش بیماری [شهوات] است [در شما] طمع می کند، و سخنِ پسندیده گویید !",
            "33": "و در خانه هایتان قرار و ثبات داشته باشید! و چون شیوۀ خودآرایی و خودنمایی [زنانِ روزگار] جاهلیتِ پیشین، [در برابر نامحرمان] خودآرایی و خودنمایی نکنید! نماز را [با شرایط ویژه اش] بخوانید و زکات بپردازید و از خدا و پیامبرش اطاعت کنید! جز این نیست که همواره خداوند [به ارادۀ حتمی اش] می خواهد هرگونه پلیدی [در اعتقاد و اخلاق و عمل] را از شما اهل بیت [نبوت؛ که به روایات فراوانِ فریقین، خمسۀ طیبه محمّد، علی، فاطمه، حسن و حسین علیهم السلام هستند، پیش از آن که به شما برسد] برطرف کرده [و از بین ببرد]، و شما را آن گونه که باید پاک و پاکیزه بدارد ",
            "34": " [ای همسران پیامبر!] آنچه را از آیات خدا، و دانش سودمند و استوار در خانه هایتان خوانده می شود به خاطر سپرده، مورد توجه قرار دهید، به راستی خداوند ریزنگر و آگاه است ",
            "35": " بی تردید خداوند آمرزش و پاداشی بزرگ آماده کرده است، [البته] برای: مردان و زنان تسلیم شده [به خداوند]، مردان و زنان مؤمن، مردان و زنان عبادت پیشه، مردان و زنان راستگو و راست کردار، مردان و زنان شکیبا، مردان و زنان فروتن، مردان و زنان زکات دهنده، مردان و زنان روزه دار، مردان و زنان حافظ خویش از پلیدی جنسی، مردان و زنانی که بسیار خدا را به یاد آورده، [قلباً مورد توجه قرار می دهند] ",
            "36": "\n \nشایسته هیچ مرد و زن مؤمنی نیست که چون خدا و پیامبرش کاری را فرمان دهند، از پیش خود [و برخلاف فرمان خدا و رسول] کاری دیگر را انتخاب کنند، هرکس از خداوند و پیامبرش نافرمانی کند قطعاً به صورتی آشکار گمراه و منحرف شده است ",
            "37": " [یاد کن] وقتی به آن شخصی [= زید بن حارثه] که خدا به او نعمت عطا کرد، و تو [نیز با آزادکردنش و پذیرفتنِ او به عنوان پسرخوانده ات] به او احسان کردی، می گفتی: همسرت را برای خود نگه دار، و از خداوند پروا کن! و تو در باطنت چیزی [چون فرمان خدا را دربارۀ ازدواج با مطلّقۀ پسرخوانده] پنهان می داشتی که خداوند آشکارکننده آن بود، و تو از مردم [برای به اجراگذاردن این حکم] می ترسیدی درحالی که خداوند از این که از او بترسی شایسته تر بود، [نهایتاً] زمانی که زید نیاز [نکاحش] را نسبت به همسرش به پایان برد [و او را طلاق داد]، وی را به همسری ات درآوردیم تا برای مؤمنان دربارۀ ازدواج با همسرانِ پسرخوانده هایشان زمانی که نیازشان را از آنان به پایان برده [و آن ها را طلاق داده] باشند مشقّتی نباشد، البته فرمان خداوند انجام یافتنی است ",
            "38": " بر پیامبر در انجام آنچه خداوند بر او مقرر کرده مشقت و تنگنایی نیست، خداوند سنّت [و روش حکیمانه] اش را دربارۀ پیامبران گذشته [نیز] معمول داشته است، همواره فرمان خداوند مناسب و سنجیده است ",
            "39": " آنان که همواره پیام های خداوند را [به مردم] می رسانند، و از [عظمت] او می ترسند و از اَحدی جز او واهمه ندارند، خداوند برای حسابرسی [کارِ با ارزششان] بس است ",
            "40": " محمّد [صلی الله علیه وآله] پدر هیچ یک از مردان شما نیست، بلکه فرستادۀ خداوند و خاتم پیامبران است، و خداوند به هرچیزی داناست ",
            "41": " ای مؤمنان! خداوند را بسیار یاد کرده، [قلباً مورد توجه قرار دهید ]",
            "42": " و صبح و شام او را با تسبیح گفتن، [از هر عیب و نقصی] پاک و منزّه بدارید ",
            "43": " اوست که شما را مورد رحمت [ویژۀ] خود قرار می دهد و فرشتگانش نیز [به شما درود و صلوات می فرستند]، تا شما را از تاریکی ها [ی فرهنگ های ابلیسی] به سوی نورِ [ایمان و اخلاق نیکو و عمل صالح] ببرد، و او همواره به مؤمنان مهربان است ",
            "44": "\n \n روزی که [مؤمنان] به لقای او می رسند درود خدا بر آنان سلامت [و امنیتِ همه جانبه] است، [خداوند] برای آنان پاداشی با ارزش آماده کرده است ",
            "45": " ای پیامبر! به راستی ما تو را گواه [بر اعمال امت] و مژده رسان و هشدار دهنده فرستادیم ",
            "46": "و تو را به فرمان خود دعوت کنندۀ [مردم] به سوی اللّه، و چراغی روشنگر [برای هدایت جهانیان] قرار دادیم ",
            "47": " به مؤمنان این مژده را برسان که برای آنان از سوی خداوند احسانِ بزرگی خواهد بود ",
            "48": "و از کافران و منافقان پیروی مکن! و آزارشان را نادیده بگیر! و بر خدا[ی متعال] توکل کن که [حمایت و] کارسازی خداوند بس است",
            "49": "ای مؤمنان! چون با زنان مؤمن عقد نکاح بستید، سپس پیش از آمیزش با آنان طلاقشان دادید برای شما برعهدۀ آنان عِدّۀ [طلاق] نیست تا آن را به حساب آورید، پس [با پرداخت نصف مَهریه] بهره مندشان سازید، و به صورتی پسندیده رهایشان کنید ",
            "50": " ای پیامبر! همسرانت را که مَهرشان را به آنان پرداخته ای برایت حلال کردیم، و نیز کنیزانی که خداوند به تو غنیمت داد، و دخترعمه ها و دخترعموها و دختردایی ها و دخترخاله هایت که با تو مهاجرت کرده اند [ازدواج با آن ها برایت جایز است]، و [نیز] زن باایمانی که [بدون چشمداشتِ مَهریه]، خود را به پیامبر ببخشد، چنانچه پیامبر، ازدواج با او را بخواهد [ازدواج با او بی مانع است]، [این حکم] ویژۀ توست نه مؤمنان، آنچه در مورد زنان و کنیزانشان بر آنان مقرر کرده ایم [که چه زنی و چه کنیزی برای آنان حلال است] می دانیم [و این احکام ناشی از علم ما به مصالح آنان است، و آنچه در مورد ازدواج ویژۀ توست] برای این است که [در این راه، مشکل و] مضیقه ای برایت نباشد، خداوند همواره بسیار آمرزنده و مهربان است ",
            "51": "\n \n[نوبت] هریک از زنان را که بخواهی به تأخیر انداز، و هرکدام را که میل داری نزد خود جای ده! و هرکدامشان را که از او کناره گرفته باشی گناهی بر تو نیست که [نزد خود] بطلبی، این [برنامه ریزی] به خوش حال کردنشان، و این که اندوهگین نگردند، و همگی به آنچه [از تقدیم و تأخیرِ وقت] به آنان داده ای خشنود شوند نزدیک تر است، خداوند آنچه را [از نیت ها و خواسته ها] در دل شماست می داند، خداوند دانا و بردبار است ",
            "52": "[غیر از زنانی که گفته شد،] از این پس نه [ازدواج با] زنان [دیگر] برایت جایز است، و نه [این که حق داری زنانی را که در قید نکاح تو هستند طلاق دهی و] همسران دیگر جایگزینشان کنی هرچند زیبایی شان برایت خوشایند باشد، مگر کنیزی که مالکش می شوی [که از این حکم مستثناست]، و خداوند حافظ و نگهبان همه چیز است ",
            "53": " ای مؤمنان! به خانه های پیامبر وارد نشوید مگر این که برای خوردن غذا به شما اجازه دهند، نه اینکه [پیش از موعد مقرر بیایید که] منتظر آماده شدن غذا باشید، چون دعوت شدید [در وقت معین شده به خانه اش] درآیید، و هنگامی که غذا خوردید بی آن که سرگرم گفت وگو و بحث شوید پراکنده شوید، این [نشستن و گفت وگوکردن]، پیامبر را آزار می دهد، او از شما حیا می کند [که بیرونتان کند] ولی برای خداوند جهت [بیان] حق پروایی نیست، چون از همسران پیامبر، متاعی [از قبیل وسایل زندگی یا چیزی به عنوان امانت] خواستید از پشت پرده بخواهید، که این برای دل هایتان و دل های آنان پاکیزه تر است، شایستۀ شما [مردم مؤمن] نیست که پیامبر خدا را بیازارید، و هرگز بر شما جایز نیست که بعد از او با همسرانش ازدواج کنید؛ زیرا این کار نزد خدا [گناهی] بس بزرگ است ",
            "54": " اگر چیزی [از اعمال و نیات خود] را آشکار کنید، یا آن را پنهان بدارید [از خداوند پوشیده نیست؛ زیرا] خدا به هرچیزی داناست ",
            "55": "\n \nبر همسران پیامبر نزد پدرانشان، پسرانشان، برادرانشان، پسرانِ برادرانشان، پسرانِ خواهرانشان، زنانِ هم کیششان و بردگانشان [در ترک حجاب] گناهی نیست. [ای زنان پیامبر!] از خدا پروا کنید؛ زیرا خداوند بر هرچیزی شاهد است ",
            "56": "همانا خداوند و فرشتگانش بر پیامبر رحمت و درود می فرستند، ای مؤمنان! بر او درود بفرستید، و آن گونه که سزاوار است تسلیم [او] باشید ",
            "57": " بی تردید آنان که خدا و پیامبرش را می آزارند در دنیا و آخرت مورد لعنت خدایند، و عذابی خوارکننده برای آنان آماده کرده است ",
            "58": " کسانی که مردان و زنان باایمان را با [متهم کردن به] اعمالی که انجام نداده اند مورد آزار قرار می دهند مسلماً بهتان و گناه بزرگی به عهده می گیرند ",
            "59": " ای پیامبر! به همسرانت و دخترانت و همسرانِ مؤمنان بگو چادرهایشان را بر خود بپوشانند [تا گلو و سینه و زیورآلاتشان در معرض دید نامحرمان قرار نگیرد]، این [پوشش] برای این که [به پاکدامنی و عفت] شناخته شوند، و در نتیجه مورد آزارِ [افراد هرزه و ولگرد] قرار نگیرند نزدیک تر است، خداوند همواره بسیار آمرزنده و مهربان است ",
            "60": " اگر منافقان و کسانی که در دل هایشان بیماری [ضعف ایمان و سستی اراده] است، و آنان که در مدینه شایعات [و اخبار دروغ و دلهره آور] پخش می کنند [از رفتار زشتشان] بازنایستند تو را بر آنان [برای ریشه کن کردن یا تبعیدشان] مسلط می کنیم، آن گاه در این [شهر] جز اندکی در کنارت نخواهند ماند ",
            "61": " [این چند گروه درحالی که] طردشدگان [از رحمت خداوند] هستند باید هرکجا یافت شوند دستگیر شده و به سختی کشته شوند ",
            "62": " خداوند روش خود را دربارۀ کسانی [مانند این خائنان] که پیش از این درگذشتند همین گونه قرار داد، و برای روش خداوند هیچ تغییری نخواهی یافت ",
            "63": "\n \nمردم دربارۀ [زمان وقوع] قیامت از تو می پرسند، بگو: دانشِ آن فقط نزد خداست، و تو چه می دانی شاید قیامت نزدیک باشد ",
            "64": "همانا خداوند کافران را [از رحمت خود] طرد کرده، و برای آنان آتشی افروخته آماده کرده است ",
            "65": " درحالی که همواره در آن جاودانند، و سرپرست و یاوری [که آنان را نجات دهد] نیابند ",
            "66": " روزی که صورت هایشان را در آتش از سویی به سویی می گردانند، [و آنان در آن وضعِ سخت] می گویند: ای کاش ما [زمانی که در دنیا بودیم] از خدا و پیامبر اطاعت می کردیم !",
            "67": " و [نیز] می گویند: پروردگارا! البته ما [به اختیار و انتخاب خودمان] از فرمانروایان و بزرگانِ [بی دین] خود اطاعت کردیم، در نتیجه ما را منحرف کردند ",
            "68": " پروردگارا! [سهم] آنان را از عذاب دوچندان ده! و کاملاً [از رحمتت] دورشان ساز !",
            "69": " ای مؤمنان! [دربارۀ پیامبرتان] مانند کسانی نباشید که موسی را [با تهمت و سرپیچی از او] آزار دادند، خداوند او را از آنچه [درباره اش] می گفتند تبرئه کرد، و او نزد خدا آبرومند بود ",
            "70": " ای مؤمنان! از خداوند [اطاعت کرده، و از محرّماتش] بپرهیزید، و سخنِ استوار و درست بگویید ",
            "71": " تا [خداوند] اعمالتان را برایتان [از برکت اطاعت از خدا و پرهیز از محرّمات] اصلاح کند، و گناهانتان را بیامرزد، و هر که از خدا و رسولش اطاعت کند یقیناً به کامیابی بزرگی دست یافته است ",
            "72": " ما امانت را [که تکالیف و مسئولیت های اختیاری شرعی است] بر آسمان ها و زمین و کوه ها عرضه کردیم، و آن ها از به عهده گرفتنش [به علت نداشتن استعداد] سر باز زدند و از [پذیرفتن] آن ترسیدند، و انسان آن را به عهده گرفت، بی تردید او [به خاطر ادا نکردنِ امانت] بسیار ستمکار، و [نسبت به سرانجامِ خیانت در امانت،] بسیار نادان است ",
            "73": " تا نهایتاً خداوند مردان و زنان منافق، و مردان و زنان مشرک را [به سبب ادا نکردن امانت] عذاب کند، و مردان و زنان مؤمن را [به علت ادای امانت] مورد رحمت و آمرزش قرار دهد، و خداوند همواره بسیار آمرزنده و مهربان است "
        }
    }
}