{
    "2": {
        "number": 2,
        "title": "سورة سبأ",
        "bab": 4,
        "delay": 0,
        "arabic": {
            "1": "الْحَمْدُ لِلَّهِ الَّذِي لَهُ مَا فِي السَّمَاوَاتِ وَمَا فِي الْأَرْضِ وَلَهُ الْحَمْدُ فِي الْآخِرَةِ ۚ وَهُوَ الْحَكِيمُ الْخَبِيرُ",
            "2": "يَعْلَمُ مَا يَلِجُ فِي الْأَرْضِ وَمَا يَخْرُجُ مِنْهَا وَمَا يَنْزِلُ مِنَ السَّمَاءِ وَمَا يَعْرُجُ فِيهَا ۚ وَهُوَ الرَّحِيمُ الْغَفُورُ",
            "3": "وَقَالَ الَّذِينَ كَفَرُوا لَا تَأْتِينَا السَّاعَةُ ۖ قُلْ بَلَىٰ وَرَبِّي لَتَأْتِيَنَّكُمْ عَالِمِ الْغَيْبِ ۖ لَا يَعْزُبُ عَنْهُ مِثْقَالُ ذَرَّةٍ فِي السَّمَاوَاتِ وَلَا فِي الْأَرْضِ وَلَا أَصْغَرُ مِنْ ذَٰلِكَ وَلَا أَكْبَرُ إِلَّا فِي كِتَابٍ مُبِينٍ",
            "4": "لِيَجْزِيَ الَّذِينَ آمَنُوا وَعَمِلُوا الصَّالِحَاتِ ۚ أُولَٰئِكَ لَهُمْ مَغْفِرَةٌ وَرِزْقٌ كَرِيمٌ",
            "5": "وَالَّذِينَ سَعَوْا فِي آيَاتِنَا مُعَاجِزِينَ أُولَٰئِكَ لَهُمْ عَذَابٌ مِنْ رِجْزٍ أَلِيمٌ",
            "6": "وَيَرَى الَّذِينَ أُوتُوا الْعِلْمَ الَّذِي أُنْزِلَ إِلَيْكَ مِنْ رَبِّكَ هُوَ الْحَقَّ وَيَهْدِي إِلَىٰ صِرَاطِ الْعَزِيزِ الْحَمِيدِ",
            "7": "وَقَالَ الَّذِينَ كَفَرُوا هَلْ نَدُلُّكُمْ عَلَىٰ رَجُلٍ يُنَبِّئُكُمْ إِذَا مُزِّقْتُمْ كُلَّ مُمَزَّقٍ إِنَّكُمْ لَفِي خَلْقٍ جَدِيدٍ",
            "8": "أَفْتَرَىٰ عَلَى اللَّهِ كَذِبًا أَمْ بِهِ جِنَّةٌ ۗ بَلِ الَّذِينَ لَا يُؤْمِنُونَ بِالْآخِرَةِ فِي الْعَذَابِ وَالضَّلَالِ الْبَعِيدِ",
            "9": "أَفَلَمْ يَرَوْا إِلَىٰ مَا بَيْنَ أَيْدِيهِمْ وَمَا خَلْفَهُمْ مِنَ السَّمَاءِ وَالْأَرْضِ ۚ إِنْ نَشَأْ نَخْسِفْ بِهِمُ الْأَرْضَ أَوْ نُسْقِطْ عَلَيْهِمْ كِسَفًا مِنَ السَّمَاءِ ۚ إِنَّ فِي ذَٰلِكَ لَآيَةً لِكُلِّ عَبْدٍ مُنِيبٍ",
            "10": "وَلَقَدْ آتَيْنَا دَاوُودَ مِنَّا فَضْلًا ۖ يَا جِبَالُ أَوِّبِي مَعَهُ وَالطَّيْرَ ۖ وَأَلَنَّا لَهُ الْحَدِيدَ",
            "11": "أَنِ اعْمَلْ سَابِغَاتٍ وَقَدِّرْ فِي السَّرْدِ ۖ وَاعْمَلُوا صَالِحًا ۖ إِنِّي بِمَا تَعْمَلُونَ بَصِيرٌ",
            "12": "وَلِسُلَيْمَانَ الرِّيحَ غُدُوُّهَا شَهْرٌ وَرَوَاحُهَا شَهْرٌ ۖ وَأَسَلْنَا لَهُ عَيْنَ الْقِطْرِ ۖ وَمِنَ الْجِنِّ مَنْ يَعْمَلُ بَيْنَ يَدَيْهِ بِإِذْنِ رَبِّهِ ۖ وَمَنْ يَزِغْ مِنْهُمْ عَنْ أَمْرِنَا نُذِقْهُ مِنْ عَذَابِ السَّعِيرِ",
            "13": "يَعْمَلُونَ لَهُ مَا يَشَاءُ مِنْ مَحَارِيبَ وَتَمَاثِيلَ وَجِفَانٍ كَالْجَوَابِ وَقُدُورٍ رَاسِيَاتٍ ۚ اعْمَلُوا آلَ دَاوُودَ شُكْرًا ۚ وَقَلِيلٌ مِنْ عِبَادِيَ الشَّكُورُ",
            "14": "فَلَمَّا قَضَيْنَا عَلَيْهِ الْمَوْتَ مَا دَلَّهُمْ عَلَىٰ مَوْتِهِ إِلَّا دَابَّةُ الْأَرْضِ تَأْكُلُ مِنْسَأَتَهُ ۖ فَلَمَّا خَرَّ تَبَيَّنَتِ الْجِنُّ أَنْ لَوْ كَانُوا يَعْلَمُونَ الْغَيْبَ مَا لَبِثُوا فِي الْعَذَابِ الْمُهِينِ",
            "15": "لَقَدْ كَانَ لِسَبَإٍ فِي مَسْكَنِهِمْ آيَةٌ ۖ جَنَّتَانِ عَنْ يَمِينٍ وَشِمَالٍ ۖ كُلُوا مِنْ رِزْقِ رَبِّكُمْ وَاشْكُرُوا لَهُ ۚ بَلْدَةٌ طَيِّبَةٌ وَرَبٌّ غَفُورٌ",
            "16": "فَأَعْرَضُوا فَأَرْسَلْنَا عَلَيْهِمْ سَيْلَ الْعَرِمِ وَبَدَّلْنَاهُمْ بِجَنَّتَيْهِمْ جَنَّتَيْنِ ذَوَاتَيْ أُكُلٍ خَمْطٍ وَأَثْلٍ وَشَيْءٍ مِنْ سِدْرٍ قَلِيلٍ",
            "17": "ذَٰلِكَ جَزَيْنَاهُمْ بِمَا كَفَرُوا ۖ وَهَلْ نُجَازِي إِلَّا الْكَفُورَ",
            "18": "وَجَعَلْنَا بَيْنَهُمْ وَبَيْنَ الْقُرَى الَّتِي بَارَكْنَا فِيهَا قُرًى ظَاهِرَةً وَقَدَّرْنَا فِيهَا السَّيْرَ ۖ سِيرُوا فِيهَا لَيَالِيَ وَأَيَّامًا آمِنِينَ",
            "19": "فَقَالُوا رَبَّنَا بَاعِدْ بَيْنَ أَسْفَارِنَا وَظَلَمُوا أَنْفُسَهُمْ فَجَعَلْنَاهُمْ أَحَادِيثَ وَمَزَّقْنَاهُمْ كُلَّ مُمَزَّقٍ ۚ إِنَّ فِي ذَٰلِكَ لَآيَاتٍ لِكُلِّ صَبَّارٍ شَكُورٍ",
            "20": "وَلَقَدْ صَدَّقَ عَلَيْهِمْ إِبْلِيسُ ظَنَّهُ فَاتَّبَعُوهُ إِلَّا فَرِيقًا مِنَ الْمُؤْمِنِينَ",
            "21": "وَمَا كَانَ لَهُ عَلَيْهِمْ مِنْ سُلْطَانٍ إِلَّا لِنَعْلَمَ مَنْ يُؤْمِنُ بِالْآخِرَةِ مِمَّنْ هُوَ مِنْهَا فِي شَكٍّ ۗ وَرَبُّكَ عَلَىٰ كُلِّ شَيْءٍ حَفِيظٌ",
            "22": "قُلِ ادْعُوا الَّذِينَ زَعَمْتُمْ مِنْ دُونِ اللَّهِ ۖ لَا يَمْلِكُونَ مِثْقَالَ ذَرَّةٍ فِي السَّمَاوَاتِ وَلَا فِي الْأَرْضِ وَمَا لَهُمْ فِيهِمَا مِنْ شِرْكٍ وَمَا لَهُ مِنْهُمْ مِنْ ظَهِيرٍ",
            "23": "وَلَا تَنْفَعُ الشَّفَاعَةُ عِنْدَهُ إِلَّا لِمَنْ أَذِنَ لَهُ ۚ حَتَّىٰ إِذَا فُزِّعَ عَنْ قُلُوبِهِمْ قَالُوا مَاذَا قَالَ رَبُّكُمْ ۖ قَالُوا الْحَقَّ ۖ وَهُوَ الْعَلِيُّ الْكَبِيرُ",
            "24": "قُلْ مَنْ يَرْزُقُكُمْ مِنَ السَّمَاوَاتِ وَالْأَرْضِ ۖ قُلِ اللَّهُ ۖ وَإِنَّا أَوْ إِيَّاكُمْ لَعَلَىٰ هُدًى أَوْ فِي ضَلَالٍ مُبِينٍ",
            "25": "قُلْ لَا تُسْأَلُونَ عَمَّا أَجْرَمْنَا وَلَا نُسْأَلُ عَمَّا تَعْمَلُونَ",
            "26": "قُلْ يَجْمَعُ بَيْنَنَا رَبُّنَا ثُمَّ يَفْتَحُ بَيْنَنَا بِالْحَقِّ وَهُوَ الْفَتَّاحُ الْعَلِيمُ",
            "27": "قُلْ أَرُونِيَ الَّذِينَ أَلْحَقْتُمْ بِهِ شُرَكَاءَ ۖ كَلَّا ۚ بَلْ هُوَ اللَّهُ الْعَزِيزُ الْحَكِيمُ",
            "28": "وَمَا أَرْسَلْنَاكَ إِلَّا كَافَّةً لِلنَّاسِ بَشِيرًا وَنَذِيرًا وَلَٰكِنَّ أَكْثَرَ النَّاسِ لَا يَعْلَمُونَ",
            "29": "وَيَقُولُونَ مَتَىٰ هَٰذَا الْوَعْدُ إِنْ كُنْتُمْ صَادِقِينَ",
            "30": "قُلْ لَكُمْ مِيعَادُ يَوْمٍ لَا تَسْتَأْخِرُونَ عَنْهُ سَاعَةً وَلَا تَسْتَقْدِمُونَ",
            "31": "وَقَالَ الَّذِينَ كَفَرُوا لَنْ نُؤْمِنَ بِهَٰذَا الْقُرْآنِ وَلَا بِالَّذِي بَيْنَ يَدَيْهِ ۗ وَلَوْ تَرَىٰ إِذِ الظَّالِمُونَ مَوْقُوفُونَ عِنْدَ رَبِّهِمْ يَرْجِعُ بَعْضُهُمْ إِلَىٰ بَعْضٍ الْقَوْلَ يَقُولُ الَّذِينَ اسْتُضْعِفُوا لِلَّذِينَ اسْتَكْبَرُوا لَوْلَا أَنْتُمْ لَكُنَّا مُؤْمِنِينَ",
            "32": "قَالَ الَّذِينَ اسْتَكْبَرُوا لِلَّذِينَ اسْتُضْعِفُوا أَنَحْنُ صَدَدْنَاكُمْ عَنِ الْهُدَىٰ بَعْدَ إِذْ جَاءَكُمْ ۖ بَلْ كُنْتُمْ مُجْرِمِينَ",
            "33": "وَقَالَ الَّذِينَ اسْتُضْعِفُوا لِلَّذِينَ اسْتَكْبَرُوا بَلْ مَكْرُ اللَّيْلِ وَالنَّهَارِ إِذْ تَأْمُرُونَنَا أَنْ نَكْفُرَ بِاللَّهِ وَنَجْعَلَ لَهُ أَنْدَادًا ۚ وَأَسَرُّوا النَّدَامَةَ لَمَّا رَأَوُا الْعَذَابَ وَجَعَلْنَا الْأَغْلَالَ فِي أَعْنَاقِ الَّذِينَ كَفَرُوا ۚ هَلْ يُجْزَوْنَ إِلَّا مَا كَانُوا يَعْمَلُونَ",
            "34": "وَمَا أَرْسَلْنَا فِي قَرْيَةٍ مِنْ نَذِيرٍ إِلَّا قَالَ مُتْرَفُوهَا إِنَّا بِمَا أُرْسِلْتُمْ بِهِ كَافِرُونَ",
            "35": "وَقَالُوا نَحْنُ أَكْثَرُ أَمْوَالًا وَأَوْلَادًا وَمَا نَحْنُ بِمُعَذَّبِينَ",
            "36": "قُلْ إِنَّ رَبِّي يَبْسُطُ الرِّزْقَ لِمَنْ يَشَاءُ وَيَقْدِرُ وَلَٰكِنَّ أَكْثَرَ النَّاسِ لَا يَعْلَمُونَ",
            "37": "وَمَا أَمْوَالُكُمْ وَلَا أَوْلَادُكُمْ بِالَّتِي تُقَرِّبُكُمْ عِنْدَنَا زُلْفَىٰ إِلَّا مَنْ آمَنَ وَعَمِلَ صَالِحًا فَأُولَٰئِكَ لَهُمْ جَزَاءُ الضِّعْفِ بِمَا عَمِلُوا وَهُمْ فِي الْغُرُفَاتِ آمِنُونَ",
            "38": "وَالَّذِينَ يَسْعَوْنَ فِي آيَاتِنَا مُعَاجِزِينَ أُولَٰئِكَ فِي الْعَذَابِ مُحْضَرُونَ",
            "39": "قُلْ إِنَّ رَبِّي يَبْسُطُ الرِّزْقَ لِمَنْ يَشَاءُ مِنْ عِبَادِهِ وَيَقْدِرُ لَهُ ۚ وَمَا أَنْفَقْتُمْ مِنْ شَيْءٍ فَهُوَ يُخْلِفُهُ ۖ وَهُوَ خَيْرُ الرَّازِقِينَ",
            "40": "وَيَوْمَ يَحْشُرُهُمْ جَمِيعًا ثُمَّ يَقُولُ لِلْمَلَائِكَةِ أَهَٰؤُلَاءِ إِيَّاكُمْ كَانُوا يَعْبُدُونَ",
            "41": "قَالُوا سُبْحَانَكَ أَنْتَ وَلِيُّنَا مِنْ دُونِهِمْ ۖ بَلْ كَانُوا يَعْبُدُونَ الْجِنَّ ۖ أَكْثَرُهُمْ بِهِمْ مُؤْمِنُونَ",
            "42": "فَالْيَوْمَ لَا يَمْلِكُ بَعْضُكُمْ لِبَعْضٍ نَفْعًا وَلَا ضَرًّا وَنَقُولُ لِلَّذِينَ ظَلَمُوا ذُوقُوا عَذَابَ النَّارِ الَّتِي كُنْتُمْ بِهَا تُكَذِّبُونَ",
            "43": "وَإِذَا تُتْلَىٰ عَلَيْهِمْ آيَاتُنَا بَيِّنَاتٍ قَالُوا مَا هَٰذَا إِلَّا رَجُلٌ يُرِيدُ أَنْ يَصُدَّكُمْ عَمَّا كَانَ يَعْبُدُ آبَاؤُكُمْ وَقَالُوا مَا هَٰذَا إِلَّا إِفْكٌ مُفْتَرًى ۚ وَقَالَ الَّذِينَ كَفَرُوا لِلْحَقِّ لَمَّا جَاءَهُمْ إِنْ هَٰذَا إِلَّا سِحْرٌ مُبِينٌ",
            "44": "وَمَا آتَيْنَاهُمْ مِنْ كُتُبٍ يَدْرُسُونَهَا ۖ وَمَا أَرْسَلْنَا إِلَيْهِمْ قَبْلَكَ مِنْ نَذِيرٍ",
            "45": "وَكَذَّبَ الَّذِينَ مِنْ قَبْلِهِمْ وَمَا بَلَغُوا مِعْشَارَ مَا آتَيْنَاهُمْ فَكَذَّبُوا رُسُلِي ۖ فَكَيْفَ كَانَ نَكِيرِ",
            "46": "قُلْ إِنَّمَا أَعِظُكُمْ بِوَاحِدَةٍ ۖ أَنْ تَقُومُوا لِلَّهِ مَثْنَىٰ وَفُرَادَىٰ ثُمَّ تَتَفَكَّرُوا ۚ مَا بِصَاحِبِكُمْ مِنْ جِنَّةٍ ۚ إِنْ هُوَ إِلَّا نَذِيرٌ لَكُمْ بَيْنَ يَدَيْ عَذَابٍ شَدِيدٍ",
            "47": "قُلْ مَا سَأَلْتُكُمْ مِنْ أَجْرٍ فَهُوَ لَكُمْ ۖ إِنْ أَجْرِيَ إِلَّا عَلَى اللَّهِ ۖ وَهُوَ عَلَىٰ كُلِّ شَيْءٍ شَهِيدٌ",
            "48": "قُلْ إِنَّ رَبِّي يَقْذِفُ بِالْحَقِّ عَلَّامُ الْغُيُوبِ",
            "49": "قُلْ جَاءَ الْحَقُّ وَمَا يُبْدِئُ الْبَاطِلُ وَمَا يُعِيدُ",
            "50": "قُلْ إِنْ ضَلَلْتُ فَإِنَّمَا أَضِلُّ عَلَىٰ نَفْسِي ۖ وَإِنِ اهْتَدَيْتُ فَبِمَا يُوحِي إِلَيَّ رَبِّي ۚ إِنَّهُ سَمِيعٌ قَرِيبٌ",
            "51": "وَلَوْ تَرَىٰ إِذْ فَزِعُوا فَلَا فَوْتَ وَأُخِذُوا مِنْ مَكَانٍ قَرِيبٍ",
            "52": "وَقَالُوا آمَنَّا بِهِ وَأَنَّىٰ لَهُمُ التَّنَاوُشُ مِنْ مَكَانٍ بَعِيدٍ",
            "53": "وَقَدْ كَفَرُوا بِهِ مِنْ قَبْلُ ۖ وَيَقْذِفُونَ بِالْغَيْبِ مِنْ مَكَانٍ بَعِيدٍ",
            "54": "وَحِيلَ بَيْنَهُمْ وَبَيْنَ مَا يَشْتَهُونَ كَمَا فُعِلَ بِأَشْيَاعِهِمْ مِنْ قَبْلُ ۚ إِنَّهُمْ كَانُوا فِي شَكٍّ مُرِيبٍ"
        },
        "farsi": {
            "1": "\nهمۀ ستایش ها ویژۀ خداوند است که آنچه در آسمان ها و زمین است در سیطرۀ مالکیت و فرمانروایی اوست، و نیز همۀ ستایش ها در آخرت مخصوص اوست، و او حکیم و آگاه است ",
            "2": " آنچه در زمین فرومی رود و آنچه از آن بیرون می آید، و آنچه از آسمان فرود می آید و آنچه در آن بالا می رود [همه و همه] در احاطۀ دانش اوست و او بسیار مهربان و آمرزنده است",
            "3": " کافران گفتند: قیامت بر ما نخواهد آمد. بگو: آری، سوگند به پروردگارم که دانای غیب است یقیناً بر شما خواهد آمد، هموزن ذرّه ای در آسمان ها و زمین از او پوشیده نیست، [چیزی] کوچک تر از آن و بزرگ تر از آن نیست مگر آن که در کتابی روشن [ثبت] است ",
            "4": " [بی تردید قیامت فرامی رسد] تا [خداوند] مؤمنانی را که کارهای شایسته انجام داده اند پاداش دهد، برای آنان آمرزش و رزق ارزشمندی خواهد بود ",
            "5": " و آنان که در [راه تخریب و بی اثر نمودن] آیات ما کوشیده اند تا [به گمان خود، ما را] عاجز کنند [تا از دسترس قدرت ما بیرون روند] عذاب دردناکی از سخت ترین عذاب ها برای آنان است ",
            "6": " آنان که از معرفت بهره یافته اند [این مطلب را] می دانند که آنچه از سوی پروردگارت بر تو نازل شده حق است، و به راه خدای توانای شکست ناپذیر و ستوده خصال هدایت می کند ",
            "7": " کافران [به مردم] گفتند: آیا شما را به مردی راهنمایی کنیم که خبر[ی شگفت آور] به شما می دهد؟ [و آن این که] وقتی [در خاک گور] به طورکامل متلاشی شدید [دوباره] در آفرینشی جدید پدید خواهید شد!",
            "8": "\n \nآیا [این خبردهنده] بر خدا دروغ بسته، یا دچار جنون است؟! [نه، چنین نیست که می گویند،] بلکه آنان که به آخرت ایمان ندارند در عذاب و گمراهی دوری هستند [که هرگز در آن دسترسی به هدایت ندارند]",
            "9": " آیا به آنچه از آسمان و زمین که پیشِ رو و پشتِ سر آنان است نگاهی [دقیق] نکردند [تا بفهمند خدایی که آسمان و زمین را آفریده بر زنده کردن مردگان تواناست]؟ ما اگر بخواهیم آنان را در زمین فرومی بریم، یا پاره هایی از آسمان را بر سر آنان می اندازیم [تا خود و خانه و زندگی شان را نابود کند،] مسلّماً در این [آفرینشِ شگفت،] نشانه ای [بر قدرت آفریدگار] برای هر بنده ای است که [همواره با توجه و اخلاص] بازگشت کننده [به حق] است",
            "10": " همانا از سوی خود احسانی بزرگ به داود عطا کردیم، [و فرمان دادیم:] ای کوه ها و ای پرندگان! [در تکرارِ تسبیحِ خدا] با او همصدا شوید. و آهن را برای او نرم کردیم ",
            "11": " [به او گفتیم] که زره های فراخ و کامل بساز! و [بافت آن را] با اندازه گیری حلقه ها یکنواخت کن! و [تو و خاندانت و قومت] کار شایسته انجام دهید، به راستی من به آنچه انجام می دهید بینایم ",
            "12": "و باد را ویژۀ سلیمان [به کار گرفتیم] که صبح تا ظهر [مسیر] یک ماه، و از ظهر تا شب [نیز مسیر] یک ماه را می پیمود، و برایش چشمۀ مسِ مُذاب را روان کردیم، و گروهی از جنّ به اذن پروردگارش پیش روی او کار می کردند، و هریک از آنان که از فرمان ما سرپیچی می کرد از عذاب سوزان به او می چشاندیم ",
            "13": " [آنان] برای او هرچه می خواست می ساختند از قبیل: معبدها، مجسمه ها، و ظروفی [در بزرگی] مانند حوض ها و دیگ هایی ثابت [و غیر قابل انتقال]. ای خاندان داود! برای [تحقق] سپاس گزاری [به پیشگاه حق]، عمل [شایسته] انجام دهید! و از بندگانم اندکی اهل سپاسند ",
            "14": " [با این شکوه و عظمت سلیمان،] چون مرگ را بر او مقرر کردیم جنّیان را از مرگش جز موریانه ای که عصایش را می خورد آگاه نکرد، هنگامی که [بر زمین] افتاد جنیان فهمیدند اگر غیب می دانستند در کارهای بسیار سخت و طاقت فرسا باقی نمی ماندند ",
            "15": "\n \nمسلّماً برای قوم سَبا در محل سکونتشان نشانه ای [از قدرت و رحمت خداوند] وجود داشت، دو باغ آباد و پُرنعمت از جانب راست و چپ، [گفتیم:] از رزق پروردگارتان بهره مند شوید، و شکرش را به جای آرید [که] شهری [است] خوش و دلپذیر، و پروردگاری بسیار آمرزنده ",
            "16": " ولی [مردم شهر از شکر پروردگار] روی برتافتند، در نتیجه سیل ویرانگرِ«عَرِم» را بر ضد آنان جاری کردیم، و آن دو باغ پُرنعمتشان را به دو باغی که میوۀ تلخ و درخت شوره گز و اندکی درخت سِدر حاصلش شد تبدیل کردیم!",
            "17": " این [سیل ویران کننده، و نابودی دو باغشان] را در برابر ناسپاسی و کفرانشان به آنان کیفر دادیم، آیا جز کفران کننده را کیفر می دهیم؟",
            "18": " بین مردم سَبا و شهرهایی که در آن ها نعمت و خیر فراوان نهاده بودیم آبادی هایی به هم پیوسته و نمایان قرار دادیم، و سیروسفر در آن ها را [از لحاظ مسافت] به اندازه [و متناسب] مقرر کردیم [و گفتیم:] شب ها و روزها با ایمنی در آن ها سفر کنید ",
            "19": " پس [این ناسپاسانِ مغرور در ضمنِ درخواستی جاهلانه] گفتند: پروردگارا! بین [ما و] سفرهایمان [با ایجاد سرزمین های بی آب و گیاه و کویری] فاصله انداز! [تا تهیدستانِ بی زادوتوشه که مناسب شأن ما نیستند نتوانند با ما همسفر شوند. با این غرور و ناسپاسی] بر خود ستم ورزیدند، ما هم آنان را موضوع داستان ها [یی برای مجالس مردم] قرار دادیم، و کاملاً متلاشی و تارومارشان کردیم، به راستی در این سرگذشت ها برای هر شخص صبورِ شکرگزاری عبرت هاست ",
            "20": "مسلّماً ابلیس پندارش را [که اِعلام کرده بود نسل آدم را گمراه می کنم،] نسبت به آنان تحقق داد، که همه جز گروهی از مؤمنان پیروِ او شدند ",
            "21": " برای ابلیس هیچ گونه تسلطی بر آنان نبود [جز از راه وسوسه، آن هم] برای این [بود] که [می خواستیم] کسانی را که به آخرت ایمان [واقعی] می آورند از کسانی که دربارۀ آن شک دارند مشخص کنیم، و پروردگارت بر هرچیزی نگهبان است ",
            "22": " بگو: کسانی را که به جای خداوندْ [شایستۀ پرستیدن] پنداشته اید بخوانید [تا در امورتان به شما پاسخ دهند، ولی هیچ خواسته ای را از شما پاسخ نمی دهند؛ زیرا] در آسمان ها و زمین هموزن ذرّه ای را مالک نیستند، و برای آنان در آن دو [عرصه] هیچ سهم و شرکتی نیست، و از آنان هیچ پشتیبانی برای خداوند وجود ندارد ",
            "23": "\n \nدر پیشگاه خداوند شفاعتی جز برای کسانی که به آن ها اِذن [شفاعت] دهد سودی ندارد، [آن روز شفیعان و آنان که امید شفاعت شدن دارند در اضطراب و دلهره اند،] تا زمانی که [با صدور اِذن شفاعت] اضطراب از دل هایشان برطرف گردد، [منتظرانِ شفاعت به شفیعان] گویند: پروردگارتان چه گفت؟ می گویند: حق [گفت]، و او بلندمرتبه و بزرگ است ",
            "24": " [به مشرکان] بگو: چه کسی از آسمان ها و زمین به شما روزی می بخشد؟ بگو: خداوند، و بی تردید ما یا شما بر هدایت یا در گمراهی آشکار هستیم ",
            "25": " بگو: شما از گناه ما بازخواست نخواهید شد، و ما هم از آنچه شما مرتکب می شوید بازخواست نخواهیم شد ",
            "26": " بگو: پروردگارمان ما و شما را [در قیامت] جمع خواهد کرد، سپس بین ما و شما به حق داوری می کند؛ او داور دانایی است ",
            "27": " بگو: کسانی را که به عنوان شریکان به او ملحق کرده اید به من نشان دهید [تا ببینم آیا صفاتی که در خداوند هست در آن ها وجود دارد؟ یقیناً] چنین نیست؛ بلکه فقط خداوند است که توانای شکست ناپذیر و حکیم است ",
            "28": " ما تو را برای همۀ مردم جز بشارت دهنده و بیم رسان نفرستادیم، ولی بیشتر مردم [به این حقیقت] معرفت ندارند ",
            "29": " [از روی تمسخر] می گویند: اگر راستگویید این وعدۀ [قیامت و عذاب] کی خواهد بود؟",
            "30": " بگو: وعده گاه شما روزی است که نه لحظه ای از آن پس می مانید، و نه [از آن] پیش می افتید ",
            "31": " کافران گفتند: ما به این قرآن و آنچه [از کتاب های آسمانی] که پیش از آن بوده هرگز ایمان نمی آوریم. اگر ستمکاران را زمانی که در پیشگاه پروردگارشان [برای محاکمه] بازداشت کرده اند ببینی، درحالی که هریک گناه خود را برعهدۀ دیگری می اندازد [حقیقتی شگفت را می بینی]، مستضعفان به مستکبران می گویند: اگر شما نبودید بی شک ما مؤمن بودیم ",
            "32": "\n \nمستکبران به مستضعفان می گویند: آیا ما شما را از هدایت [الهی] بعد از آن که به شما رسید بازداشتیم؟ [نه، باور نداریم،] بلکه خودتان [که در پذیرفتن هدایت آزاد بودید با پذیرفتن فرهنگ ما به اختیار و انتخابتان] گنه پیشه بودید ",
            "33": " مستضعفان به مستکبران می گویند: بلکه نیرنگ و حیلۀ [پیگیرِ] شب و روز[تان] که به ما فرمان می دادید به [وحدانیت] خداوند کافر شویم، و همتایانی برای او قرار دهیم [ما را به گمراهی انداخت]. و چون عذاب را ببینند پشیمانی [خود] را [از ترس آبروریزی] پنهان می دارند، ولی ما در گردن کافران [چه مستکبر و چه مستضعف، چه پنهان کنندۀ پشیمانی چه اظهارکنندۀ آن] زنجیرها می نهیم، آیا جز آنچه را همواره انجام می دادند جزا داده می شوند؟",
            "34": " در هیچ شهری هیچ هشدار دهنده ای نفرستادیم مگر این که خوش گذرانانِ غرق در ناز و نعمتشان گفتند: ما به آنچه شما را به آن فرستاده اند کافریم ",
            "35": " و گفتند: اموال و فرزندان ما [از شما] بیشتر است، و [این دلیلِ توجه ویژۀ خداوند به ماست، از این رو] ما را عذاب نخواهند کرد ",
            "36": " بگو: بی گمان پروردگارم رزق را برای هرکس بخواهد وسعت می دهد یا تنگ می گیرد، ولی بیشتر مردم [به مصلحت خواهی خداوند] معرفت ندارند ",
            "37": " اموال و فرزندانتان عواملی نیستند که شما را به پیشگاه ما مقرّب سازند، [مقرّبان نیستند] مگر مؤمنانی که کارهای شایسته انجام داده اند، آنان در برابر اعمالشان دو چندان پاداش دارند، و در غرفه ها [ی بهشتی از هر آسیبی] آسوده خاطرند ",
            "38": " کسانی که همواره در [راه تخریب و بی اثر نمودن] آیات ما می کوشند تا [به گمان خود، ما را] عاجز کنند [تا از دسترس قدرت ما بیرون روند]، اینان احضارشدگان در عذاب خواهند بود ",
            "39": " بگو: مسلّماً پروردگارم رزق را برای هرکس از بندگانش بخواهد وسعت می دهد یا تنگ می گیرد، و هرچه را انفاق می کنید [کم یا زیاد] خداوند جایگزینی برای آن قرار می دهد، و فقط او بهترین روزی دهندگان است ",
            "40": "\n \n روزی را [یاد کن] که خداوند همۀ مشرکان را جمع می کند، آن گاه به فرشتگان می گوید: آیا اینان شما را به عنوان معبود می پرستیدند؟",
            "41": " فرشتگان می گویند: تو [از این که در پرستیده شدن شریک و همتا داشته باشی] منزّهی، [ما را با این مشرکان هیچ ارتباط و پیوندی نبود،] سرپرست ما [فقط] تویی نه آنان، [هرچند به ظاهر ما را می پرستیدند ولی حقیقت چنین نبود] بلکه پرستیدن [و پیروی] ایشان از [شیاطینِ] جنّ بود، [و] بیشترشان به آن ها ایمان داشتند ",
            "42": " پس [ای مشرکان!] امروز برای یکدیگر اختیار هیچ سود و زیانی را ندارید. و به آنان که [به وحدانیت حق با گرفتن شریک] ستم روا داشتند می گوییم: عذاب و شکنجۀ آتشی را که منکر بودید بچشید ",
            "43": " چون آیات روشن [و قابل فهم] ما را بر آنان می خوانند می گویند: این [خواننده] جز مردی [معمولی] نیست که می خواهد شما را از معبودانی که پدرانتان می پرستیدند بازدارد. و می گویند: این [قرآن] جز دروغی ساختگی نیست. کافران دربارۀ حق [که قرآن مجید است] چون به سویشان آمد گفتند: این جز سِحری آشکار نیست!",
            "44": " [این در حالی است که] هیچ کتابی به آنان نداده ایم که آن را بخوانند [تا با تکیه بر آن دلیلی بر ساختگی بودن قرآن اقامه کنند،] و پیش از تو هیچ هشداردهنده ای به سویشان نفرستادیم [تا با اعتماد به گفتار او نبوتت را منکر شوند] ",
            "45": " کسانی که پیش از اینان بودند [نیز آیات ما و پیامبران را] تکذیب کردند، که اینان [با همۀ کبر و غرورشان] به یک دهمِ آنچه [از قدرت و ثروت] که به آنان داده بودیم نرسیده اند، پس [چون] به انکارِ پی درپی پیامبرانم پرداختند [به انتقام سختی دچارشان کردم؛] در نتیجه [با دقت بنگر که] عذاب من [در مورد آنان] چگونه بود؟",
            "46": " بگو: من شما را [فقط] به یک [حقیقت] اندرز می دهم [و آن این] که: دونفر دونفر و یکی یکی برای خدا قیام کنید، سپس [دربارۀ محمّد صلی الله علیه وآله که عمری با آراسته بودن به کمالات در بین شما زندگی کرده] بیندیشید [تا به این نتیجه برسید که:] همدمتان [محمد صلی الله علیه وآله] هیچ گونه جنون [و اختلالِ روحی و فکری] ندارد، او برای شما جز هشدار دهنده ای نسبت به عذاب سختی که پیش رویتان قرار دارد نیست ",
            "47": " بگو: هرگونه پاداشی که از شما خواستم، آن [پاداش] به سود خود شما است، پاداش من فقط برعهدۀ خداست، و او بر همه چیز گواه است ",
            "48": " بگو: همانا پروردگارم حق را [بر دل پیامبرانش] می افکند او دانای همۀ نهان هاست",
            "49": "\n \nبگو: حق آمد، و باطل [که آن را می پرستید] نه می تواند [آفرینشِ را] آغاز کند، و نه [آن را پس از فروپاشیدنش] بازگرداند ",
            "50": " بگو: اگر من گمراه شده باشم فقط به زیان خود گمراه شده ام، و اگر هدایت شده باشم به سبب آن است که پروردگارم به من وحی می کند؛ زیرا او شنوایی نزدیک است ",
            "51": " اگر [مشرکان را] زمانی که [با ظهور قیامت] وحشت زده می شوند ببینی [می بینی که توانایی] گریز [از عذاب برای آنان] نیست، و از جایی نزدیک [که موقف قیامت است] بازداشت می شوند ",
            "52": " [در آن موقعیتِ بسیار سخت] می گویند: به حق ایمان آوردیم! ولی کجا [و چگونه] می توانند از فاصلۀ [بسیار] دور [که از آخرت تا دنیاست به ایمان که جای تحصیلش در دنیاست] دسترسی پیدا کنند؟!",
            "53": " [اینان] پیش از قیامت به حق کافر شدند و از مکان دور [از قیامت، که دنیاست] درباۀ قیامت سخن ناروا و باطل می گفتند [که قیامت نخواهد آمد]",
            "54": " در نتیجه میان آنان و همۀ خواسته هایشان [به وسیلۀ مرگ] جدایی انداخته شد، چنان که پیش از این با همفکران و همکیشان آنان [به همین صورت] رفتار شد؛ زیرا آنان [در مورد حقایق] به شدت در شک بودند "
        }
    }
}