{
  "2": {
    "number": 2,
        "title": "سورة فاطر",
      "bab": 4,
      "delay": 6,
      "arabic": {
          "7": "الْحَمْدُ لِلَّهِ فَاطِرِ السَّمَاوَاتِ وَالْأَرْضِ جَاعِلِ الْمَلَائِكَةِ رُسُلًا أُولِي أَجْنِحَةٍ مَثْنَىٰ وَثُلَاثَ وَرُبَاعَ ۚ يَزِيدُ فِي الْخَلْقِ مَا يَشَاءُ ۚ إِنَّ اللَّهَ عَلَىٰ كُلِّ شَيْءٍ قَدِيرٌ",
            "8": "مَا يَفْتَحِ اللَّهُ لِلنَّاسِ مِنْ رَحْمَةٍ فَلَا مُمْسِكَ لَهَا ۖ وَمَا يُمْسِكْ فَلَا مُرْسِلَ لَهُ مِنْ بَعْدِهِ ۚ وَهُوَ الْعَزِيزُ الْحَكِيمُ",
            "9": "يَا أَيُّهَا النَّاسُ اذْكُرُوا نِعْمَتَ اللَّهِ عَلَيْكُمْ ۚ هَلْ مِنْ خَالِقٍ غَيْرُ اللَّهِ يَرْزُقُكُمْ مِنَ السَّمَاءِ وَالْأَرْضِ ۚ لَا إِلَٰهَ إِلَّا هُوَ ۖ فَأَنَّىٰ تُؤْفَكُونَ",
            "10": "وَإِنْ يُكَذِّبُوكَ فَقَدْ كُذِّبَتْ رُسُلٌ مِنْ قَبْلِكَ ۚ وَإِلَى اللَّهِ تُرْجَعُ الْأُمُورُ",
            "11": "يَا أَيُّهَا النَّاسُ إِنَّ وَعْدَ اللَّهِ حَقٌّ ۖ فَلَا تَغُرَّنَّكُمُ الْحَيَاةُ الدُّنْيَا ۖ وَلَا يَغُرَّنَّكُمْ بِاللَّهِ الْغَرُورُ",
            "12": "إِنَّ الشَّيْطَانَ لَكُمْ عَدُوٌّ فَاتَّخِذُوهُ عَدُوًّا ۚ إِنَّمَا يَدْعُو حِزْبَهُ لِيَكُونُوا مِنْ أَصْحَابِ السَّعِيرِ",
            "13": "الَّذِينَ كَفَرُوا لَهُمْ عَذَابٌ شَدِيدٌ ۖ وَالَّذِينَ آمَنُوا وَعَمِلُوا الصَّالِحَاتِ لَهُمْ مَغْفِرَةٌ وَأَجْرٌ كَبِيرٌ",
            "14": "أَفَمَنْ زُيِّنَ لَهُ سُوءُ عَمَلِهِ فَرَآهُ حَسَنًا ۖ فَإِنَّ اللَّهَ يُضِلُّ مَنْ يَشَاءُ وَيَهْدِي مَنْ يَشَاءُ ۖ فَلَا تَذْهَبْ نَفْسُكَ عَلَيْهِمْ حَسَرَاتٍ ۚ إِنَّ اللَّهَ عَلِيمٌ بِمَا يَصْنَعُونَ",
            "15": "وَاللَّهُ الَّذِي أَرْسَلَ الرِّيَاحَ فَتُثِيرُ سَحَابًا فَسُقْنَاهُ إِلَىٰ بَلَدٍ مَيِّتٍ فَأَحْيَيْنَا بِهِ الْأَرْضَ بَعْدَ مَوْتِهَا ۚ كَذَٰلِكَ النُّشُورُ",
            "16": "مَنْ كَانَ يُرِيدُ الْعِزَّةَ فَلِلَّهِ الْعِزَّةُ جَمِيعًا ۚ إِلَيْهِ يَصْعَدُ الْكَلِمُ الطَّيِّبُ وَالْعَمَلُ الصَّالِحُ يَرْفَعُهُ ۚ وَالَّذِينَ يَمْكُرُونَ السَّيِّئَاتِ لَهُمْ عَذَابٌ شَدِيدٌ ۖ وَمَكْرُ أُولَٰئِكَ هُوَ يَبُورُ",
            "17": "وَاللَّهُ خَلَقَكُمْ مِنْ تُرَابٍ ثُمَّ مِنْ نُطْفَةٍ ثُمَّ جَعَلَكُمْ أَزْوَاجًا ۚ وَمَا تَحْمِلُ مِنْ أُنْثَىٰ وَلَا تَضَعُ إِلَّا بِعِلْمِهِ ۚ وَمَا يُعَمَّرُ مِنْ مُعَمَّرٍ وَلَا يُنْقَصُ مِنْ عُمُرِهِ إِلَّا فِي كِتَابٍ ۚ إِنَّ ذَٰلِكَ عَلَى اللَّهِ يَسِيرٌ",
            "18": "وَمَا يَسْتَوِي الْبَحْرَانِ هَٰذَا عَذْبٌ فُرَاتٌ سَائِغٌ شَرَابُهُ وَهَٰذَا مِلْحٌ أُجَاجٌ ۖ وَمِنْ كُلٍّ تَأْكُلُونَ لَحْمًا طَرِيًّا وَتَسْتَخْرِجُونَ حِلْيَةً تَلْبَسُونَهَا ۖ وَتَرَى الْفُلْكَ فِيهِ مَوَاخِرَ لِتَبْتَغُوا مِنْ فَضْلِهِ وَلَعَلَّكُمْ تَشْكُرُونَ",
            "19": "يُولِجُ اللَّيْلَ فِي النَّهَارِ وَيُولِجُ النَّهَارَ فِي اللَّيْلِ وَسَخَّرَ الشَّمْسَ وَالْقَمَرَ كُلٌّ يَجْرِي لِأَجَلٍ مُسَمًّى ۚ ذَٰلِكُمُ اللَّهُ رَبُّكُمْ لَهُ الْمُلْكُ ۚ وَالَّذِينَ تَدْعُونَ مِنْ دُونِهِ مَا يَمْلِكُونَ مِنْ قِطْمِيرٍ",
            "20": "إِنْ تَدْعُوهُمْ لَا يَسْمَعُوا دُعَاءَكُمْ وَلَوْ سَمِعُوا مَا اسْتَجَابُوا لَكُمْ ۖ وَيَوْمَ الْقِيَامَةِ يَكْفُرُونَ بِشِرْكِكُمْ ۚ وَلَا يُنَبِّئُكَ مِثْلُ خَبِيرٍ",
            "21": "يَا أَيُّهَا النَّاسُ أَنْتُمُ الْفُقَرَاءُ إِلَى اللَّهِ ۖ وَاللَّهُ هُوَ الْغَنِيُّ الْحَمِيدُ",
            "22": "إِنْ يَشَأْ يُذْهِبْكُمْ وَيَأْتِ بِخَلْقٍ جَدِيدٍ",
            "23": "وَمَا ذَٰلِكَ عَلَى اللَّهِ بِعَزِيزٍ",
            "24": "وَلَا تَزِرُ وَازِرَةٌ وِزْرَ أُخْرَىٰ ۚ وَإِنْ تَدْعُ مُثْقَلَةٌ إِلَىٰ حِمْلِهَا لَا يُحْمَلْ مِنْهُ شَيْءٌ وَلَوْ كَانَ ذَا قُرْبَىٰ ۗ إِنَّمَا تُنْذِرُ الَّذِينَ يَخْشَوْنَ رَبَّهُمْ بِالْغَيْبِ وَأَقَامُوا الصَّلَاةَ ۚ وَمَنْ تَزَكَّىٰ فَإِنَّمَا يَتَزَكَّىٰ لِنَفْسِهِ ۚ وَإِلَى اللَّهِ الْمَصِيرُ",
            "25": "وَمَا يَسْتَوِي الْأَعْمَىٰ وَالْبَصِيرُ",
            "26": "وَلَا الظُّلُمَاتُ وَلَا النُّورُ",
            "27": "وَلَا الظِّلُّ وَلَا الْحَرُورُ",
            "28": "وَمَا يَسْتَوِي الْأَحْيَاءُ وَلَا الْأَمْوَاتُ ۚ إِنَّ اللَّهَ يُسْمِعُ مَنْ يَشَاءُ ۖ وَمَا أَنْتَ بِمُسْمِعٍ مَنْ فِي الْقُبُورِ",
            "29": "إِنْ أَنْتَ إِلَّا نَذِيرٌ",
            "30": "إِنَّا أَرْسَلْنَاكَ بِالْحَقِّ بَشِيرًا وَنَذِيرًا ۚ وَإِنْ مِنْ أُمَّةٍ إِلَّا خَلَا فِيهَا نَذِيرٌ",
            "31": "وَإِنْ يُكَذِّبُوكَ فَقَدْ كَذَّبَ الَّذِينَ مِنْ قَبْلِهِمْ جَاءَتْهُمْ رُسُلُهُمْ بِالْبَيِّنَاتِ وَبِالزُّبُرِ وَبِالْكِتَابِ الْمُنِيرِ",
            "32": "ثُمَّ أَخَذْتُ الَّذِينَ كَفَرُوا ۖ فَكَيْفَ كَانَ نَكِيرِ",
            "33": "أَلَمْ تَرَ أَنَّ اللَّهَ أَنْزَلَ مِنَ السَّمَاءِ مَاءً فَأَخْرَجْنَا بِهِ ثَمَرَاتٍ مُخْتَلِفًا أَلْوَانُهَا ۚ وَمِنَ الْجِبَالِ جُدَدٌ بِيضٌ وَحُمْرٌ مُخْتَلِفٌ أَلْوَانُهَا وَغَرَابِيبُ سُودٌ",
            "34": "وَمِنَ النَّاسِ وَالدَّوَابِّ وَالْأَنْعَامِ مُخْتَلِفٌ أَلْوَانُهُ كَذَٰلِكَ ۗ إِنَّمَا يَخْشَى اللَّهَ مِنْ عِبَادِهِ الْعُلَمَاءُ ۗ إِنَّ اللَّهَ عَزِيزٌ غَفُورٌ",
            "35": "إِنَّ الَّذِينَ يَتْلُونَ كِتَابَ اللَّهِ وَأَقَامُوا الصَّلَاةَ وَأَنْفَقُوا مِمَّا رَزَقْنَاهُمْ سِرًّا وَعَلَانِيَةً يَرْجُونَ تِجَارَةً لَنْ تَبُورَ",
            "36": "لِيُوَفِّيَهُمْ أُجُورَهُمْ وَيَزِيدَهُمْ مِنْ فَضْلِهِ ۚ إِنَّهُ غَفُورٌ شَكُورٌ",
            "37": "وَالَّذِي أَوْحَيْنَا إِلَيْكَ مِنَ الْكِتَابِ هُوَ الْحَقُّ مُصَدِّقًا لِمَا بَيْنَ يَدَيْهِ ۗ إِنَّ اللَّهَ بِعِبَادِهِ لَخَبِيرٌ بَصِيرٌ",
            "38": "ثُمَّ أَوْرَثْنَا الْكِتَابَ الَّذِينَ اصْطَفَيْنَا مِنْ عِبَادِنَا ۖ فَمِنْهُمْ ظَالِمٌ لِنَفْسِهِ وَمِنْهُمْ مُقْتَصِدٌ وَمِنْهُمْ سَابِقٌ بِالْخَيْرَاتِ بِإِذْنِ اللَّهِ ۚ ذَٰلِكَ هُوَ الْفَضْلُ الْكَبِيرُ",
            "39": "جَنَّاتُ عَدْنٍ يَدْخُلُونَهَا يُحَلَّوْنَ فِيهَا مِنْ أَسَاوِرَ مِنْ ذَهَبٍ وَلُؤْلُؤًا ۖ وَلِبَاسُهُمْ فِيهَا حَرِيرٌ",
            "40": "وَقَالُوا الْحَمْدُ لِلَّهِ الَّذِي أَذْهَبَ عَنَّا الْحَزَنَ ۖ إِنَّ رَبَّنَا لَغَفُورٌ شَكُورٌ",
            "41": "الَّذِي أَحَلَّنَا دَارَ الْمُقَامَةِ مِنْ فَضْلِهِ لَا يَمَسُّنَا فِيهَا نَصَبٌ وَلَا يَمَسُّنَا فِيهَا لُغُوبٌ",
            "42": "وَالَّذِينَ كَفَرُوا لَهُمْ نَارُ جَهَنَّمَ لَا يُقْضَىٰ عَلَيْهِمْ فَيَمُوتُوا وَلَا يُخَفَّفُ عَنْهُمْ مِنْ عَذَابِهَا ۚ كَذَٰلِكَ نَجْزِي كُلَّ كَفُورٍ",
            "43": "وَهُمْ يَصْطَرِخُونَ فِيهَا رَبَّنَا أَخْرِجْنَا نَعْمَلْ صَالِحًا غَيْرَ الَّذِي كُنَّا نَعْمَلُ ۚ أَوَلَمْ نُعَمِّرْكُمْ مَا يَتَذَكَّرُ فِيهِ مَنْ تَذَكَّرَ وَجَاءَكُمُ النَّذِيرُ ۖ فَذُوقُوا فَمَا لِلظَّالِمِينَ مِنْ نَصِيرٍ",
            "44": "إِنَّ اللَّهَ عَالِمُ غَيْبِ السَّمَاوَاتِ وَالْأَرْضِ ۚ إِنَّهُ عَلِيمٌ بِذَاتِ الصُّدُورِ",
            "45": "هُوَ الَّذِي جَعَلَكُمْ خَلَائِفَ فِي الْأَرْضِ ۚ فَمَنْ كَفَرَ فَعَلَيْهِ كُفْرُهُ ۖ وَلَا يَزِيدُ الْكَافِرِينَ كُفْرُهُمْ عِنْدَ رَبِّهِمْ إِلَّا مَقْتًا ۖ وَلَا يَزِيدُ الْكَافِرِينَ كُفْرُهُمْ إِلَّا خَسَارًا",
            "46": "قُلْ أَرَأَيْتُمْ شُرَكَاءَكُمُ الَّذِينَ تَدْعُونَ مِنْ دُونِ اللَّهِ أَرُونِي مَاذَا خَلَقُوا مِنَ الْأَرْضِ أَمْ لَهُمْ شِرْكٌ فِي السَّمَاوَاتِ أَمْ آتَيْنَاهُمْ كِتَابًا فَهُمْ عَلَىٰ بَيِّنَتٍ مِنْهُ ۚ بَلْ إِنْ يَعِدُ الظَّالِمُونَ بَعْضُهُمْ بَعْضًا إِلَّا غُرُورًا",
            "47": "إِنَّ اللَّهَ يُمْسِكُ السَّمَاوَاتِ وَالْأَرْضَ أَنْ تَزُولَا ۚ وَلَئِنْ زَالَتَا إِنْ أَمْسَكَهُمَا مِنْ أَحَدٍ مِنْ بَعْدِهِ ۚ إِنَّهُ كَانَ حَلِيمًا غَفُورًا",
            "48": "وَأَقْسَمُوا بِاللَّهِ جَهْدَ أَيْمَانِهِمْ لَئِنْ جَاءَهُمْ نَذِيرٌ لَيَكُونُنَّ أَهْدَىٰ مِنْ إِحْدَى الْأُمَمِ ۖ فَلَمَّا جَاءَهُمْ نَذِيرٌ مَا زَادَهُمْ إِلَّا نُفُورًا",
            "49": "اسْتِكْبَارًا فِي الْأَرْضِ وَمَكْرَ السَّيِّئِ ۚ وَلَا يَحِيقُ الْمَكْرُ السَّيِّئُ إِلَّا بِأَهْلِهِ ۚ فَهَلْ يَنْظُرُونَ إِلَّا سُنَّتَ الْأَوَّلِينَ ۚ فَلَنْ تَجِدَ لِسُنَّتِ اللَّهِ تَبْدِيلًا ۖ وَلَنْ تَجِدَ لِسُنَّتِ اللَّهِ تَحْوِيلًا",
            "50": "أَوَلَمْ يَسِيرُوا فِي الْأَرْضِ فَيَنْظُرُوا كَيْفَ كَانَ عَاقِبَةُ الَّذِينَ مِنْ قَبْلِهِمْ وَكَانُوا أَشَدَّ مِنْهُمْ قُوَّةً ۚ وَمَا كَانَ اللَّهُ لِيُعْجِزَهُ مِنْ شَيْءٍ فِي السَّمَاوَاتِ وَلَا فِي الْأَرْضِ ۚ إِنَّهُ كَانَ عَلِيمًا قَدِيرًا",
            "51": "وَلَوْ يُؤَاخِذُ اللَّهُ النَّاسَ بِمَا كَسَبُوا مَا تَرَكَ عَلَىٰ ظَهْرِهَا مِنْ دَابَّةٍ وَلَٰكِنْ يُؤَخِّرُهُمْ إِلَىٰ أَجَلٍ مُسَمًّى ۖ فَإِذَا جَاءَ أَجَلُهُمْ فَإِنَّ اللَّهَ كَانَ بِعِبَادِهِ بَصِيرًا"
        },
        "farsi": {
            "7": "\nهمۀ ستایش ها ویژۀ خداوند است که آفرینندۀ آسمان ها و زمین است، فرشتگان را که دارای بال های دوگانه و سه گانه و چهار گانه اند رسولانی [برای انجام امور تکوینی و تشریعی] قرار داد، آنچه بخواهد در آفرینش می افزاید، مسلّماً خداوند بر هر کاری تواناست ",
            "8": " هر [نوع] رحمتی که خداوند برای مردم بفرستد کسی نمی تواند از [رسیدن] آن [به مردم] جلوگیری کند، و هرچه را [از کسی] بازدارد بعد از او هیچ فرستنده ای برای آن نخواهد بود، فقط او توانای شکست ناپذیر است ",
            "9": " ای مردم! نعمت های خدا را بر خود به یاد آورده، [قلباً مورد توجه قرار دهید]، آیا جز خداوند آفریننده ای هست که شما را از آسمان و زمین روزی دهد؟ هیچ معبودی جز او نیست، پس چگونه شما را [از حق که امری بسیار روشن است به سوی باطل] بازمی گردانند ؟",
            "10": "\n \nاگر تو را انکار می کنند [اندوه مخور،] همانا پیش از تو هم پیامبرانی را انکار کردند، همۀ امور به خداوند بازگردانده می شود ",
            "11": " ای مردم! بی تردید وعدۀ خداوند [دربارۀ قیامت] حق است، پس این زندگی دنیا [ی زودگذر و فانی] شما را مغرور نکند، و [شیطان] فریب کار، شما را [با وسوسه به زرق و برق زندگی] نسبت به خداوند نفریبد ",
            "12": " یقیناً شیطان دشمن شماست، پس او را [نسبت به خود و همۀ امورتان] دشمنِ [حتمی] به حساب آورید، جز این نیست که او گروهش را [به انواع گناهان] فرامی خواند تا اهل آتش سوزان [دوزخ] شوند ",
            "13": " برای کسانی که به کفر گرویدند عذاب سختی خواهد بود، و برای مؤمنانی که کارهای شایسته انجام دادند آمرزش و پاداشی بزرگ است ",
            "14": " آیا کسی که عمل زشتش را برای او زیبا جلوه داده اند، به این سبب آن را خوب [و درست] می بیند [مانند کسی است که در پرتو هدایت، خوب و بد را تشخیص می دهد]؟ همانا خداوند هرکه را بخواهد [به کیفر گناهانش] گمراه می سازد، و هرکه را بخواهد هدایت می کند؛ بنابراین مبادا جانت برای اندوه زیادی که بر [گمراهی] آنان داری از دست برود، بی تردید خداوند به [همۀ] اعمالی که انجام می دهند داناست ",
            "15": " خداوند فرستندۀ بادهاست تا ابری را برانگیزند، [این] ما [هستیم که] آن را به سوی سرزمینِ مرده راندیم، و زمین را به وسیلۀ آن پس از مردنش زنده کردیم، زنده شدنِ [مردگان] هم این گونه است ",
            "16": "کسی که خواهان عزت است [باید آن را از خدا بخواهد؛ چون] همۀ عزت نزد خداوند است، حقایقِ پاک [چون عقاید درست و اندیشه های صحیح و سخنان استوار] به سوی خداوند بالا می رود، و [این] عمل شایسته [است که آن] را بالا می برد، و آنان که نیرنگ های زشت [بر ضد اسلام و مؤمنان] به کار می گیرند عذابی سخت خواهند داشت، یقیناً حیلۀ آنان در تباهی و نابودی است ",
            "17": " خداوند شما را از خاکی [مرده]، سپس از نطفه آفرید، آن گاه شما را زوج هایی [نر و ماده] قرار داد، هیچ ماده ای باردار نمی شود و بارش را نمی نهد جز به علم او، و اَحدی عمر طولانی نمی کند و از عمرش کاسته نمی شود مگر این که در کتابی [چون لوح محفوظ، ثبت] است، یقیناً [همۀ] این امور بر خداوند آسان است ",
            "18": "\n \nدو دریا مساوی نیستند؛ این یکی گوارا و شیرین و نوشیدنش لذت بخش، و آن دیگری بسیار شور و متمایل به تلخی است، از هریک گوشتی تازه می خورید، و زیوری [چون لؤلؤ و مرجان] که آن را می پوشید بیرون می آورید، و کشتی ها را در آن می بینی که [آب را] می شکافند [و حرکت می کنند] تا شما [با رفتن به مناطق مختلف] جویای احسان و روزی او شوید، [این نعمت ها] برای این [است] که شکرگزاری کنید ",
            "19": "شب را در روز و روز را در شب فرومی برد، و خورشید و ماه را به کار گرفته که هرکدام تا سرآمد معینی روانند، این است خدای یکتا پروردگار شما [که مخلوقات آسمانی و زمینی را آفریده است]، فرمانروایی ویژۀ اوست، معبودهایی را که به جای او می خوانید مالک پوست هستۀ خرمایی هم نیستند ",
            "20": " اگر آن ها را [برای برآورده شدن حاجاتتان یا حل مشکلاتتان] بخوانید خواندنتان را نمی شنوند، چنانچه بشنوند پاسختان را نمی دهند، و روز قیامت شرک ورزی شما را [به خداوند] انکار می کنند، و هیچ کس مانند [خداوندِ] آگاه، تو را [از حقایق] باخبر نمی کند ",
            "21": " ای مردم! شمایید که [همه جانبه] نیازمند به خداوند هستید، و فقط خداست که بی نیاز و ستوده صفات است ",
            "22": " اگر بخواهد شما را نابود می کند، و آفریدگان جدیدی [به جای شما] می آورد ",
            "23": "و این [کار] بر خداوند دشوار نیست ",
            "24": " هیچ گناه کاری بارِ گناه دیگری را برنمی دارد، و اگر سنگین باری درخواست کند که از بارش بردارند چیزی از بارِ گناهش را برنمی دارند، هرچند [درخواست شونده] خویشاوند باشد، تو فقط به کسانی می توانی هشدار دهی که در نهان از پروردگارشان می ترسند، و نماز را [با شرایط ویژه اش] می خوانند، و هرکس [از آلودگی های کفر و گناه] پاک شود به سود خودش پاک می شود، بازگشت [همه] فقط به سوی خداست ",
            "25": "\n \nانسانِ کور[دل] و بینا[ی به حقایق، در هیچ چیزی] با هم یکسان نیستند ",
            "26": " و نه تاریکی ها، و روشنایی ",
            "27": " و نه سایۀ [خنک]، و بادِ گرم ",
            "28": " و زندگان و مردگان نیز [با هم] یکسان نیستند، بی تردید خداوند [دعوتش را] به هرکس بخواهد می شنواند، و تو نمی توانی [دعوتت را] به کسانی که در قبرهایند بشنوانی ",
            "29": " تو فقط هشدار دهنده ای ",
            "30": " به راستی ما تو را درحالی که بشارت آور و هشداردهنده هستی بر پایۀ حق و درستی فرستادیم، و هیچ امتی نبوده مگر آن که در بین آنان هشدار دهنده ای بوده است ",
            "31": " اگر تو را انکار می کنند [غم مخور]، همانا کسانی که پیش از اینان بودند [پیامبرانشان را] انکار کردند، [درحالی که] پیامبرانشان معجزه های روشن و نوشته ها[ی مشتمل بر پند و موعظه] و کتاب روشنگر برای آنان آوردند ",
            "32": " سپس کافران را [به سبب کفرشان به عذابی سخت] دچار کردم، پس کیفر من چگونه بود؟!",
            "33": " [ای انسان!] آیا ندانسته ای که خداوند از آسمان، آبی [فراوان با ریزشی مناسب] فرستاده، پس به وسیلۀ آن میوه هایی که رنگ هایش گوناگون است پدید آوردیم، و در برخی کوه ها رگه هایی است به رنگ های متنوعِ، سپید، سرخ و سیاهِ پُررنگ ",
            "34": " و نیز از انسان ها و جنبندگان و چهارپایان رنگ های گوناگونی [وجود دارد]، از بندگان خدا فقط اهل معرفت، از [عظمت] او بیم دارند؛ مسلّماً خداوند توانای شکست ناپذیر و بسیار آمرزنده است ",
            "35": "به راستی کسانی که همواره کتاب خدا را تلاوت می کنند و نماز را [با شرایط ویژه اش] می خوانند، و از آنچه روزی آنان کرده ایم در نهان و آشکار انفاق می کنند تجارتی را امید دارند که هرگز کساد و نابود نمی شود ",
            "36": " [این کارهای سودمند و مثبت را انجام می دهند] تا [خداوند] پاداششان را به طورکامل عطا کند، و از احسانش بر آنان بیفزاید، بی گمان او بسیار آمرزنده، و عطاکنندۀ پاداشِ فراوان در برابر عملِ اندک است ",
            "37": "\n \nهمۀ آنچه را از این کتاب به تو وحی کردیم حق [و کامل و بی کم و کاست] است، تصدیق کنندۀ [حقانیت] کتاب های پیش از خود است، بی تردید خداوند به بندگانش آگاه و بیناست ",
            "38": " سپس این کتاب را به آن بندگانمان که [بر دیگر امت ها] برگزیدیم به ارث دادیم، پس برخی از آنان [با ترک عمل به آن] بر خویش ستم می کنند، و بعضی از آنان [در عمل به آن] میانه رو هستند، و برخی به توفیق خداوند در کارهای خیر پیشتازند، این [پیشتازی] همان احسانِ بزرگ است ",
            "39": " [آن احسان بزرگ] بهشت های جاودانه ای [است] که پیشتازان در آن ها درآیند، در آن جا با دست بند هایی از طلا و مروارید آراسته می شوند، و لباسشان در آن جا ابریشم است ",
            "40": " می گویند: همۀ ستایش ها ویژۀ خداست که اندوه را از ما برطرف کرد، بی تردید پروردگارمان بسیار آمرزنده، و عطاکنندۀ پاداشِ فراوان در برابر عملِ اندک است ",
            "41": "هم او که به سبب احسانش ما را در این سرای جاویدان جای داد که در آن هیچ رنج و ملالی به ما نمی رسد ",
            "42": " برای کافران آتش دوزخ خواهد بود، نه فرمان مرگشان صادر می شود که بمیرند، و نه از عذاب آنان سبُک می گردد، این گونه هر ناسپاسی را کیفر می دهیم ",
            "43": " در آن جا شیون می زنند که: پروردگارا! [از دوزخ] بیرونمان آر تا کار شایسته غیر آنچه انجام دادیم انجام دهیم. [پاسخ می دهیم:] آیا شما را چندان عمر ندادیم که هرکس می خواست در آن [مقدار عمر] متذکر [حقایق] شود، متذکر می شد، و آیا هشدار دهنده ای [که شما را از این عذاب هشدار دهد] به سویتان نیامد؟ پس [عذاب را] بچشید که برای ستمکاران هیچ یاوری نخواهد بود ",
            "44": "مسلّماً خداوند دانای به غیب آسمان ها و زمین است، و بی تردید به اسرار و نیات باطن ها آگاه است",
            "45": "\n \nاوست آن که شما را در زمین جانشین [گذشتگان] قرار داد، پس کسی که کافر شود کفرش به زیان خود اوست، و کفر کافران نزد پروردگارشان جز خشم و نفرت شدید به آنان نمی افزاید، و نیز کفر کافران جز خسارت [سنگین] به آنان نخواهد افزود",
            "46": " بگو: مرا از [قدرت و تدبیر] معبودانتان که به جای خدا می خوانید خبر دهید، [به راستی] به من نشان دهید که چه چیزی از [موجوداتِ] زمین را آفریده اند؟ یا مگر در [آفرینش] آسمان ها [با خداوند] شرکتی داشته اند؟ یا به آنان کتابی داده ایم که از آن بر ادعای خود دلیلی دارند؟! [چنین نیست،] بلکه ستمکاران [در مورد معبودانشان] جز از روی فریب به یکدیگر وعده نمی دهند ",
            "47": " همانا خداوند آسمان ها و زمین را از این که [از مدارهایشان] منحرف شوند [و فروریزند] بازمی دارد، چنانچه منحرف گردند اَحدی بعد از خدا نمی تواند نگاهشان دارد، قطعاً خداوند همواره بردبار و بسیار آمرزنده است ",
            "48": " [مشرکان] با سخت ترین سوگندهایشان به خدا سوگند خوردند که اگر هشدار دهنده ای به سویشان آید هرآینه از هر یک امت ها[ی مدّعی هدایت؛ چون یهود و نصاری] هدایت یافته تر خواهند بود، ولی چون هشداردهنده ای به سویشان آمد [دعوتش] جز رمیدن [و گریز از هدایت] بر آنان نیفزود ",
            "49": " [این رمیدن و گریز] به سبب گردن کشی [آنان] در زمین و نیرنگِ زشتشان [بود]، و نیرنگِ زشت جز اهلش را فرونمی گیرد، آیا جز روش [جاری شده بر] پیشینیان را انتظار می برند [که عذاب خداوند بود، آری] هرگز برای روش خداوند تغییری نمی یابی، و هرگز برای روش خدا دگرگونی نخواهی یافت ",
            "50": " آیا در زمین گردش نکردند تا با دقت بنگرند که سرانجام کسانی که پیش از اینان بودند، و قدرتشان از ایشان بیشتر بود چگونه بود؟ هیچ چیز در آسمان ها و زمین نیست که بتواند از دسترس قدرت خداوند بیرون رود؛ زیرا او همواره دانا و تواناست ",
            "51": "\n \nاگر خداوند مردم را به کیفر گناهانشان در معرض مجازات قرار می داد هیچ جنبنده ای را روی زمین باقی نمی گذاشت، ولی آنان را تا سرآمدی معین مهلت می دهد، هنگامی که مهلتشان سرآید [به مجازات برزخی و قیامتی دچار می شوند،] به راستی خداوند به [احوال و امور] بندگانش بیناست "
        }
    }
}