{
    "2": {
        "number": 2,
        "title": "سورة الصافات",
        "bab": 4,
        "delay": 0,
        "arabic": {
            "1": "وَالصَّافَّاتِ صَفًّا",
            "2": "فَالزَّاجِرَاتِ زَجْرًا",
            "3": "فَالتَّالِيَاتِ ذِكْرًا",
            "4": "إِنَّ إِلَٰهَكُمْ لَوَاحِدٌ",
            "5": "رَبُّ السَّمَاوَاتِ وَالْأَرْضِ وَمَا بَيْنَهُمَا وَرَبُّ الْمَشَارِقِ",
            "6": "إِنَّا زَيَّنَّا السَّمَاءَ الدُّنْيَا بِزِينَةٍ الْكَوَاكِبِ",
            "7": "وَحِفْظًا مِنْ كُلِّ شَيْطَانٍ مَارِدٍ",
            "8": "لَا يَسَّمَّعُونَ إِلَى الْمَلَإِ الْأَعْلَىٰ وَيُقْذَفُونَ مِنْ كُلِّ جَانِبٍ",
            "9": "دُحُورًا ۖ وَلَهُمْ عَذَابٌ وَاصِبٌ",
            "10": "إِلَّا مَنْ خَطِفَ الْخَطْفَةَ فَأَتْبَعَهُ شِهَابٌ ثَاقِبٌ",
            "11": "فَاسْتَفْتِهِمْ أَهُمْ أَشَدُّ خَلْقًا أَمْ مَنْ خَلَقْنَا ۚ إِنَّا خَلَقْنَاهُمْ مِنْ طِينٍ لَازِبٍ",
            "12": "بَلْ عَجِبْتَ وَيَسْخَرُونَ",
            "13": "وَإِذَا ذُكِّرُوا لَا يَذْكُرُونَ",
            "14": "وَإِذَا رَأَوْا آيَةً يَسْتَسْخِرُونَ",
            "15": "وَقَالُوا إِنْ هَٰذَا إِلَّا سِحْرٌ مُبِينٌ",
            "16": "أَإِذَا مِتْنَا وَكُنَّا تُرَابًا وَعِظَامًا أَإِنَّا لَمَبْعُوثُونَ",
            "17": "أَوَآبَاؤُنَا الْأَوَّلُونَ",
            "18": "قُلْ نَعَمْ وَأَنْتُمْ دَاخِرُونَ",
            "19": "فَإِنَّمَا هِيَ زَجْرَةٌ وَاحِدَةٌ فَإِذَا هُمْ يَنْظُرُونَ",
            "20": "وَقَالُوا يَا وَيْلَنَا هَٰذَا يَوْمُ الدِّينِ",
            "21": "هَٰذَا يَوْمُ الْفَصْلِ الَّذِي كُنْتُمْ بِهِ تُكَذِّبُونَ",
            "22": "احْشُرُوا الَّذِينَ ظَلَمُوا وَأَزْوَاجَهُمْ وَمَا كَانُوا يَعْبُدُونَ",
            "23": "مِنْ دُونِ اللَّهِ فَاهْدُوهُمْ إِلَىٰ صِرَاطِ الْجَحِيمِ",
            "24": "وَقِفُوهُمْ ۖ إِنَّهُمْ مَسْئُولُونَ",
            "25": "مَا لَكُمْ لَا تَنَاصَرُونَ",
            "26": "بَلْ هُمُ الْيَوْمَ مُسْتَسْلِمُونَ",
            "27": "وَأَقْبَلَ بَعْضُهُمْ عَلَىٰ بَعْضٍ يَتَسَاءَلُونَ",
            "28": "قَالُوا إِنَّكُمْ كُنْتُمْ تَأْتُونَنَا عَنِ الْيَمِينِ",
            "29": "قَالُوا بَلْ لَمْ تَكُونُوا مُؤْمِنِينَ",
            "30": "وَمَا كَانَ لَنَا عَلَيْكُمْ مِنْ سُلْطَانٍ ۖ بَلْ كُنْتُمْ قَوْمًا طَاغِينَ",
            "31": "فَحَقَّ عَلَيْنَا قَوْلُ رَبِّنَا ۖ إِنَّا لَذَائِقُونَ",
            "32": "فَأَغْوَيْنَاكُمْ إِنَّا كُنَّا غَاوِينَ",
            "33": "فَإِنَّهُمْ يَوْمَئِذٍ فِي الْعَذَابِ مُشْتَرِكُونَ",
            "34": "إِنَّا كَذَٰلِكَ نَفْعَلُ بِالْمُجْرِمِينَ",
            "35": "إِنَّهُمْ كَانُوا إِذَا قِيلَ لَهُمْ لَا إِلَٰهَ إِلَّا اللَّهُ يَسْتَكْبِرُونَ",
            "36": "وَيَقُولُونَ أَئِنَّا لَتَارِكُو آلِهَتِنَا لِشَاعِرٍ مَجْنُونٍ",
            "37": "بَلْ جَاءَ بِالْحَقِّ وَصَدَّقَ الْمُرْسَلِينَ",
            "38": "إِنَّكُمْ لَذَائِقُو الْعَذَابِ الْأَلِيمِ",
            "39": "وَمَا تُجْزَوْنَ إِلَّا مَا كُنْتُمْ تَعْمَلُونَ",
            "40": "إِلَّا عِبَادَ اللَّهِ الْمُخْلَصِينَ",
            "41": "أُولَٰئِكَ لَهُمْ رِزْقٌ مَعْلُومٌ",
            "42": "فَوَاكِهُ ۖ وَهُمْ مُكْرَمُونَ",
            "43": "فِي جَنَّاتِ النَّعِيمِ",
            "44": "عَلَىٰ سُرُرٍ مُتَقَابِلِينَ",
            "45": "يُطَافُ عَلَيْهِمْ بِكَأْسٍ مِنْ مَعِينٍ",
            "46": "بَيْضَاءَ لَذَّةٍ لِلشَّارِبِينَ",
            "47": "لَا فِيهَا غَوْلٌ وَلَا هُمْ عَنْهَا يُنْزَفُونَ",
            "48": "وَعِنْدَهُمْ قَاصِرَاتُ الطَّرْفِ عِينٌ",
            "49": "كَأَنَّهُنَّ بَيْضٌ مَكْنُونٌ",
            "50": "فَأَقْبَلَ بَعْضُهُمْ عَلَىٰ بَعْضٍ يَتَسَاءَلُونَ",
            "51": "قَالَ قَائِلٌ مِنْهُمْ إِنِّي كَانَ لِي قَرِينٌ",
            "52": "يَقُولُ أَإِنَّكَ لَمِنَ الْمُصَدِّقِينَ",
            "53": "أَإِذَا مِتْنَا وَكُنَّا تُرَابًا وَعِظَامًا أَإِنَّا لَمَدِينُونَ",
            "54": "قَالَ هَلْ أَنْتُمْ مُطَّلِعُونَ",
            "55": "فَاطَّلَعَ فَرَآهُ فِي سَوَاءِ الْجَحِيمِ",
            "56": "قَالَ تَاللَّهِ إِنْ كِدْتَ لَتُرْدِينِ",
            "57": "وَلَوْلَا نِعْمَةُ رَبِّي لَكُنْتُ مِنَ الْمُحْضَرِينَ",
            "58": "أَفَمَا نَحْنُ بِمَيِّتِينَ",
            "59": "إِلَّا مَوْتَتَنَا الْأُولَىٰ وَمَا نَحْنُ بِمُعَذَّبِينَ",
            "60": "إِنَّ هَٰذَا لَهُوَ الْفَوْزُ الْعَظِيمُ",
            "61": "لِمِثْلِ هَٰذَا فَلْيَعْمَلِ الْعَامِلُونَ",
            "62": "أَذَٰلِكَ خَيْرٌ نُزُلًا أَمْ شَجَرَةُ الزَّقُّومِ",
            "63": "إِنَّا جَعَلْنَاهَا فِتْنَةً لِلظَّالِمِينَ",
            "64": "إِنَّهَا شَجَرَةٌ تَخْرُجُ فِي أَصْلِ الْجَحِيمِ",
            "65": "طَلْعُهَا كَأَنَّهُ رُءُوسُ الشَّيَاطِينِ",
            "66": "فَإِنَّهُمْ لَآكِلُونَ مِنْهَا فَمَالِئُونَ مِنْهَا الْبُطُونَ",
            "67": "ثُمَّ إِنَّ لَهُمْ عَلَيْهَا لَشَوْبًا مِنْ حَمِيمٍ",
            "68": "ثُمَّ إِنَّ مَرْجِعَهُمْ لَإِلَى الْجَحِيمِ",
            "69": "إِنَّهُمْ أَلْفَوْا آبَاءَهُمْ ضَالِّينَ",
            "70": "فَهُمْ عَلَىٰ آثَارِهِمْ يُهْرَعُونَ",
            "71": "وَلَقَدْ ضَلَّ قَبْلَهُمْ أَكْثَرُ الْأَوَّلِينَ",
            "72": "وَلَقَدْ أَرْسَلْنَا فِيهِمْ مُنْذِرِينَ",
            "73": "فَانْظُرْ كَيْفَ كَانَ عَاقِبَةُ الْمُنْذَرِينَ",
            "74": "إِلَّا عِبَادَ اللَّهِ الْمُخْلَصِينَ",
            "75": "وَلَقَدْ نَادَانَا نُوحٌ فَلَنِعْمَ الْمُجِيبُونَ",
            "76": "وَنَجَّيْنَاهُ وَأَهْلَهُ مِنَ الْكَرْبِ الْعَظِيمِ",
            "77": "وَجَعَلْنَا ذُرِّيَّتَهُ هُمُ الْبَاقِينَ",
            "78": "وَتَرَكْنَا عَلَيْهِ فِي الْآخِرِينَ",
            "79": "سَلَامٌ عَلَىٰ نُوحٍ فِي الْعَالَمِينَ",
            "80": "إِنَّا كَذَٰلِكَ نَجْزِي الْمُحْسِنِينَ",
            "81": "إِنَّهُ مِنْ عِبَادِنَا الْمُؤْمِنِينَ",
            "82": "ثُمَّ أَغْرَقْنَا الْآخَرِينَ",
            "83": "وَإِنَّ مِنْ شِيعَتِهِ لَإِبْرَاهِيمَ",
            "84": "إِذْ جَاءَ رَبَّهُ بِقَلْبٍ سَلِيمٍ",
            "85": "إِذْ قَالَ لِأَبِيهِ وَقَوْمِهِ مَاذَا تَعْبُدُونَ",
            "86": "أَئِفْكًا آلِهَةً دُونَ اللَّهِ تُرِيدُونَ",
            "87": "فَمَا ظَنُّكُمْ بِرَبِّ الْعَالَمِينَ",
            "88": "فَنَظَرَ نَظْرَةً فِي النُّجُومِ",
            "89": "فَقَالَ إِنِّي سَقِيمٌ",
            "90": "فَتَوَلَّوْا عَنْهُ مُدْبِرِينَ",
            "91": "فَرَاغَ إِلَىٰ آلِهَتِهِمْ فَقَالَ أَلَا تَأْكُلُونَ",
            "92": "مَا لَكُمْ لَا تَنْطِقُونَ",
            "93": "فَرَاغَ عَلَيْهِمْ ضَرْبًا بِالْيَمِينِ",
            "94": "فَأَقْبَلُوا إِلَيْهِ يَزِفُّونَ",
            "95": "قَالَ أَتَعْبُدُونَ مَا تَنْحِتُونَ",
            "96": "وَاللَّهُ خَلَقَكُمْ وَمَا تَعْمَلُونَ",
            "97": "قَالُوا ابْنُوا لَهُ بُنْيَانًا فَأَلْقُوهُ فِي الْجَحِيمِ",
            "98": "فَأَرَادُوا بِهِ كَيْدًا فَجَعَلْنَاهُمُ الْأَسْفَلِينَ",
            "99": "وَقَالَ إِنِّي ذَاهِبٌ إِلَىٰ رَبِّي سَيَهْدِينِ",
            "100": "رَبِّ هَبْ لِي مِنَ الصَّالِحِينَ",
            "101": "فَبَشَّرْنَاهُ بِغُلَامٍ حَلِيمٍ",
            "102": "فَلَمَّا بَلَغَ مَعَهُ السَّعْيَ قَالَ يَا بُنَيَّ إِنِّي أَرَىٰ فِي الْمَنَامِ أَنِّي أَذْبَحُكَ فَانْظُرْ مَاذَا تَرَىٰ ۚ قَالَ يَا أَبَتِ افْعَلْ مَا تُؤْمَرُ ۖ سَتَجِدُنِي إِنْ شَاءَ اللَّهُ مِنَ الصَّابِرِينَ",
            "103": "فَلَمَّا أَسْلَمَا وَتَلَّهُ لِلْجَبِينِ",
            "104": "وَنَادَيْنَاهُ أَنْ يَا إِبْرَاهِيمُ",
            "105": "قَدْ صَدَّقْتَ الرُّؤْيَا ۚ إِنَّا كَذَٰلِكَ نَجْزِي الْمُحْسِنِينَ",
            "106": "إِنَّ هَٰذَا لَهُوَ الْبَلَاءُ الْمُبِينُ",
            "107": "وَفَدَيْنَاهُ بِذِبْحٍ عَظِيمٍ",
            "108": "وَتَرَكْنَا عَلَيْهِ فِي الْآخِرِينَ",
            "109": "سَلَامٌ عَلَىٰ إِبْرَاهِيمَ",
            "110": "كَذَٰلِكَ نَجْزِي الْمُحْسِنِينَ",
            "111": "إِنَّهُ مِنْ عِبَادِنَا الْمُؤْمِنِينَ",
            "112": "وَبَشَّرْنَاهُ بِإِسْحَاقَ نَبِيًّا مِنَ الصَّالِحِينَ",
            "113": "وَبَارَكْنَا عَلَيْهِ وَعَلَىٰ إِسْحَاقَ ۚ وَمِنْ ذُرِّيَّتِهِمَا مُحْسِنٌ وَظَالِمٌ لِنَفْسِهِ مُبِينٌ",
            "114": "وَلَقَدْ مَنَنَّا عَلَىٰ مُوسَىٰ وَهَارُونَ",
            "115": "وَنَجَّيْنَاهُمَا وَقَوْمَهُمَا مِنَ الْكَرْبِ الْعَظِيمِ",
            "116": "وَنَصَرْنَاهُمْ فَكَانُوا هُمُ الْغَالِبِينَ",
            "117": "وَآتَيْنَاهُمَا الْكِتَابَ الْمُسْتَبِينَ",
            "118": "وَهَدَيْنَاهُمَا الصِّرَاطَ الْمُسْتَقِيمَ",
            "119": "وَتَرَكْنَا عَلَيْهِمَا فِي الْآخِرِينَ",
            "120": "سَلَامٌ عَلَىٰ مُوسَىٰ وَهَارُونَ",
            "121": "إِنَّا كَذَٰلِكَ نَجْزِي الْمُحْسِنِينَ",
            "122": "إِنَّهُمَا مِنْ عِبَادِنَا الْمُؤْمِنِينَ",
            "123": "وَإِنَّ إِلْيَاسَ لَمِنَ الْمُرْسَلِينَ",
            "124": "إِذْ قَالَ لِقَوْمِهِ أَلَا تَتَّقُونَ",
            "125": "أَتَدْعُونَ بَعْلًا وَتَذَرُونَ أَحْسَنَ الْخَالِقِينَ",
            "126": "اللَّهَ رَبَّكُمْ وَرَبَّ آبَائِكُمُ الْأَوَّلِينَ",
            "127": "فَكَذَّبُوهُ فَإِنَّهُمْ لَمُحْضَرُونَ",
            "128": "إِلَّا عِبَادَ اللَّهِ الْمُخْلَصِينَ",
            "129": "وَتَرَكْنَا عَلَيْهِ فِي الْآخِرِينَ",
            "130": "سَلَامٌ عَلَىٰ إِلْ يَاسِينَ",
            "131": "إِنَّا كَذَٰلِكَ نَجْزِي الْمُحْسِنِينَ",
            "132": "إِنَّهُ مِنْ عِبَادِنَا الْمُؤْمِنِينَ",
            "133": "وَإِنَّ لُوطًا لَمِنَ الْمُرْسَلِينَ",
            "134": "إِذْ نَجَّيْنَاهُ وَأَهْلَهُ أَجْمَعِينَ",
            "135": "إِلَّا عَجُوزًا فِي الْغَابِرِينَ",
            "136": "ثُمَّ دَمَّرْنَا الْآخَرِينَ",
            "137": "وَإِنَّكُمْ لَتَمُرُّونَ عَلَيْهِمْ مُصْبِحِينَ",
            "138": "وَبِاللَّيْلِ ۗ أَفَلَا تَعْقِلُونَ",
            "139": "وَإِنَّ يُونُسَ لَمِنَ الْمُرْسَلِينَ",
            "140": "إِذْ أَبَقَ إِلَى الْفُلْكِ الْمَشْحُونِ",
            "141": "فَسَاهَمَ فَكَانَ مِنَ الْمُدْحَضِينَ",
            "142": "فَالْتَقَمَهُ الْحُوتُ وَهُوَ مُلِيمٌ",
            "143": "فَلَوْلَا أَنَّهُ كَانَ مِنَ الْمُسَبِّحِينَ",
            "144": "لَلَبِثَ فِي بَطْنِهِ إِلَىٰ يَوْمِ يُبْعَثُونَ",
            "145": "فَنَبَذْنَاهُ بِالْعَرَاءِ وَهُوَ سَقِيمٌ",
            "146": "وَأَنْبَتْنَا عَلَيْهِ شَجَرَةً مِنْ يَقْطِينٍ",
            "147": "وَأَرْسَلْنَاهُ إِلَىٰ مِائَةِ أَلْفٍ أَوْ يَزِيدُونَ",
            "148": "فَآمَنُوا فَمَتَّعْنَاهُمْ إِلَىٰ حِينٍ",
            "149": "فَاسْتَفْتِهِمْ أَلِرَبِّكَ الْبَنَاتُ وَلَهُمُ الْبَنُونَ",
            "150": "أَمْ خَلَقْنَا الْمَلَائِكَةَ إِنَاثًا وَهُمْ شَاهِدُونَ",
            "151": "أَلَا إِنَّهُمْ مِنْ إِفْكِهِمْ لَيَقُولُونَ",
            "152": "وَلَدَ اللَّهُ وَإِنَّهُمْ لَكَاذِبُونَ",
            "153": "أَصْطَفَى الْبَنَاتِ عَلَى الْبَنِينَ",
            "154": "مَا لَكُمْ كَيْفَ تَحْكُمُونَ",
            "155": "أَفَلَا تَذَكَّرُونَ",
            "156": "أَمْ لَكُمْ سُلْطَانٌ مُبِينٌ",
            "157": "فَأْتُوا بِكِتَابِكُمْ إِنْ كُنْتُمْ صَادِقِينَ",
            "158": "وَجَعَلُوا بَيْنَهُ وَبَيْنَ الْجِنَّةِ نَسَبًا ۚ وَلَقَدْ عَلِمَتِ الْجِنَّةُ إِنَّهُمْ لَمُحْضَرُونَ",
            "159": "سُبْحَانَ اللَّهِ عَمَّا يَصِفُونَ",
            "160": "إِلَّا عِبَادَ اللَّهِ الْمُخْلَصِينَ",
            "161": "فَإِنَّكُمْ وَمَا تَعْبُدُونَ",
            "162": "مَا أَنْتُمْ عَلَيْهِ بِفَاتِنِينَ",
            "163": "إِلَّا مَنْ هُوَ صَالِ الْجَحِيمِ",
            "164": "وَمَا مِنَّا إِلَّا لَهُ مَقَامٌ مَعْلُومٌ",
            "165": "وَإِنَّا لَنَحْنُ الصَّافُّونَ",
            "166": "وَإِنَّا لَنَحْنُ الْمُسَبِّحُونَ",
            "167": "وَإِنْ كَانُوا لَيَقُولُونَ",
            "168": "لَوْ أَنَّ عِنْدَنَا ذِكْرًا مِنَ الْأَوَّلِينَ",
            "169": "لَكُنَّا عِبَادَ اللَّهِ الْمُخْلَصِينَ",
            "170": "فَكَفَرُوا بِهِ ۖ فَسَوْفَ يَعْلَمُونَ",
            "171": "وَلَقَدْ سَبَقَتْ كَلِمَتُنَا لِعِبَادِنَا الْمُرْسَلِينَ",
            "172": "إِنَّهُمْ لَهُمُ الْمَنْصُورُونَ",
            "173": "وَإِنَّ جُنْدَنَا لَهُمُ الْغَالِبُونَ",
            "174": "فَتَوَلَّ عَنْهُمْ حَتَّىٰ حِينٍ",
            "175": "وَأَبْصِرْهُمْ فَسَوْفَ يُبْصِرُونَ",
            "176": "أَفَبِعَذَابِنَا يَسْتَعْجِلُونَ",
            "177": "فَإِذَا نَزَلَ بِسَاحَتِهِمْ فَسَاءَ صَبَاحُ الْمُنْذَرِينَ",
            "178": "وَتَوَلَّ عَنْهُمْ حَتَّىٰ حِينٍ",
            "179": "وَأَبْصِرْ فَسَوْفَ يُبْصِرُونَ",
            "180": "سُبْحَانَ رَبِّكَ رَبِّ الْعِزَّةِ عَمَّا يَصِفُونَ",
            "181": "وَسَلَامٌ عَلَى الْمُرْسَلِينَ",
            "182": "وَالْحَمْدُ لِلَّهِ رَبِّ الْعَالَمِينَ"
        },
        "farsi": {
            "1": "\nسوگند به فرشتگان [یا مؤمنانِ آمادۀ نماز جماعت و جهادگرانِ میدان حق] که صف کشیده اند؛ صفی منظم و استوار ",
            "2": " و به بازدارندگانی که [انسان را از پلیدی ها، و دشمن را از تجاوز به اسلام و مسلمانان] به شدت بازمی دارند ",
            "3": "و به تلاوت کنندگان قرآن ",
            "4": " که بی تردید معبود شما یگانه است ",
            "5": " همان پروردگار آسمان ها و زمین و آنچه بین آن هاست، و پروردگار مشرق ها ",
            "6": " ما نزدیک ترین آسمان [به زمین] را به [صورتی شگفت انگیز با خوش نمایی و] زیبایی ستارگان آراستیم ",
            "7": " و آن را از [نفوذ] هر شیطان سرکشی حفظ کردیم ",
            "8": " [آنان] نمی توانند به سخنان فرشتگان والامقام و شریف [که جزء اخبار غیبی آسمانی است] گوش فرادهند، و [در صورتِ صعود به سوی عالم بالا] از هر سو مورد هدف قرار می گیرند ",
            "9": " [تا با خفّت و خواری] رانده شوند، برای آنان [که دزدانِ اخبارِ عالَم بالا هستند] عذابی همیشگی است ",
            "10": " مگر آن که شیطانی خبری [ناچیز] را با سرعت برباید که [در آن صورت] گلوله ای آتشین و شکافنده او را تعقیب می کند ",
            "11": " از مشرکانِ [منکر معاد] بپرس آیا آفرینش آنان سخت تر است یا آنچه را [مانند فرشتگان و آسمان ها و زمین و موجودات دیگر] آفریده ایم؟ ما آنان را از گِلی چسبنده آفریدیم، [و به آسانی پس از مردنشان به حیات دوباره بازشان می گردانیم] ",
            "12": " تو [از انکارشان] شگفت زده می شوی، و آنان [قدرت خداوند و معاد را] مسخره می کنند ",
            "13": " چون به آنان [برای بینا شدنشان به حقایق] پند دهند، متذکر نمی شوند [و از پذیرفتنش امتناع می کنند]!",
            "14": " هنگامی که معجزه ای را می بینند به شدت به مسخره می گیرند ",
            "15": " و می گویند: این جز جادویی آشکار نیست!",
            "16": " [با تکبّر فریاد می زنند:] آیا زمانی که به کام مرگ افتادیم و خاک و استخوان [پوسیده] شدیم، آیا حتماً برانگیخته می شویم؟",
            "17": " آیا پدران نخستین ما [که حتی ذرّه ای از استخوان هایشان باقی نمانده زنده می شوند]؟",
            "18": " بگو: آری [زنده می شوید،] درحالی که [به سبب انکار معاد در زمان زنده شدنتان] خوار و ذلیل خواهید بود ",
            "19": " [وقوع قیامت بر ما کار دشواری نیست،] جز این نیست که [برپاشدن] آن فقط [با] یک فریاد سهمناک است که ناگهان [بهت زده، عرصۀ قیامت را] مشاهده می کنند ",
            "20": " می گویند: وای بر ما، این است روز جزا!",
            "21": " [به آنان گویند: آری] این همان روز جداسازی [بین حق و باطل] است که همواره منکر آن بودید ",
            "22": " [آن گاه ندا می رسد:] ستمکاران [به آیات ما،] و همردیفان آن ها [چون شیاطین جنّی و انسی]، و معبودهایی را که آنان پیوسته [بدون دلیل] می پرستیدند یکجا جمع کنید ",
            "23": " [همان معبودانی که] به جای خداوند [می پرستیدند] همه و همه را به راه دوزخ راهنمایی کنید ",
            "24": "و [بر سر راه دوزخ] نگاهشان دارید که مسلّماً مورد بازپرسی قرار خواهند گرفت ",
            "25": "\n \n[به آنان گفته شود:] شما را چه شده که یکدیگر را [برای نجات از عذاب] یاری نمی دهید؟",
            "26": " [نه این که نمی توانند یکدیگر را یاری دهند،] بلکه به طورکامل تسلیم [قدرت حق]ند، [و زمینه ای برای تکبّر و گردن کشی در برابر خدا ندارند ]",
            "27": " [نهایتاً] به یکدیگر روی آورده، از هم می پرسند [: این چه وضعی است؟]",
            "28": " [آن گاه پیروانِ گمراه شده، به پیشوایانِ گمراه کننده] می گویند: همانا شما از راه خیرخواهی به سراغ ما آمدید، [ولی با نیرنگ و حیله ما را منحرف کردید ]",
            "29": " پاسخ می دهند: [ما در این مسئله نقشی نداشتیم،] بلکه شما [به اختیار خودتان] ایمان نیاوردید",
            "30": " ما هیچ تسلطی بر شما نداشتیم [که بتوانیم منحرفتان کنیم]، بلکه شما مردمی سرکش، [و نسبت به حق، طاغی و یاغی] بودید ",
            "31": " به این علت وعدۀ [عذاب و کیفر] پروردگارمان در حق ما حتمی و ثابت شده، [و] همۀ ما چشندگان [عذاب] خواهیم بود ",
            "32": " [طاغی بودن شما برای ما زمینه ای بود که] گمراهتان کردیم؛ زیرا خود [ما هم] گمراه بودیم ",
            "33": " بی تردید همۀ آنان در آن روز در عذاب [دوزخ با یکدیگر] شریکند ",
            "34": " ما این گونه با گنه پیشگان رفتار می کنیم ",
            "35": "زیرا هر زمان به آنان گفته می شد: معبودی جز خداوند یکتا نیست. به شدت [در برابر توحید] تکبّر می کردند ",
            "36": " و [همواره این سخن یاوه را] می گفتند که: آیا ما باید به نفع شاعری دیوانه معبودانمان را رها کنیم؟!",
            "37": " [این نیست که با کمال بی شرمی دربارۀ او می گویند،] بلکه او حق را آورده، و [حقانیت] پیامبران را تصدیق کرده است ",
            "38": "مسلّماً شما [کوردلان] عذاب دردناک را خواهید چشید ",
            "39": " و جز آنچه را همواره انجام می دادید پاداشتان نمی دهند ",
            "40": " مگر بندگان خالص شدۀ خداوند [که از هر کیفری در امانند ]",
            "41": " آنان را رزق معین و ممتازی است ",
            "42": " میوه هایی [متنوع]، درحالی که مورد احترامند ",
            "43": " در بهشت هایی پُرنعمت [بهره مندند ]",
            "44": "بر تخت هایی روبه روی یکدیگر [تکیه زده اند] ",
            "45": " جامی از نوشیدنی زلال و پاک گرداگردشان می گردانند ",
            "46": " [که رنگش] سپید، و برای نوشندگان لذت بخش [است ]",
            "47": " نه در آن مایۀ فساد [عقل و جسم] است، و نه از آن مست می شوند ",
            "48": " در کنارشان همسرانی چشم درشت زیبایند که فقط به شوهرانشان عشق می ورزند، و جز به آنان نظر ندارند ",
            "49": " گویی [از شدت سپیدی و لطافت] چون تخم شترمرغی نهفته [در زیر بال و پر]ند ",
            "50": " پس به یکدیگر روی کرده، [از خاطرات شیرین دنیا، برزخ، ورود به بهشت و نعمت ها] از هم می پرسند ",
            "51": " [ناگهان] یکی از آنان [با به یادآوردنِ خاطرات روزگار گذشته اش رو به دوستان بهشتی کرده] می گوید: من [در دنیا] همنشینی داشتم ",
            "52": "\n \n[که همواره به من] می گفت: آیا تو به طور حتم از باورکنندگان [رستاخیز و زنده شدن مردگان] هستی؟!",
            "53": " آیا هنگامی که ما به کام مرگ افتادیم، و خاک و استخوان [پوسیده] شدیم یقیناً [زنده می شویم، و] پاداشمان می دهند؟",
            "54": " [سپس به دوستان بهشتی اش] می گوید: آیا [همراه من به دوزخ] سر می کشید [تا خبری از او بگیریم ]؟",
            "55": " در آن حال سر می کشد، و همنشینش را در وسط دوزخ می بیند ",
            "56": " [به او] می گوید: به خدا سوگند نزدیک بود مرا [با نیرنگ و وسوسه ات] به هلاکت اندازی ",
            "57": " چنانچه رحمت پروردگارم نبود [و به فریادم نمی رسید] مسلّماً از احضارشدگان [در دوزخ] بودم ",
            "58": " [آن گاه با شگفتی که ناشی از شدت خوش حالی است به دوستان بهشتی اش می گوید:] آیا [ما جاودانه در بهشتیم، و] مرگی برای ما نخواهد بود؟",
            "59": " جز همان مرگ نخستین نمان [که در دنیا سراغمان آمد]، و هرگز عذاب نخواهیم شد؟! [عجبا چه لطفی از سوی خداوند مهربان به ما شده !]",
            "60": " بی تردید این همان کامیابی بزرگ است !",
            "61": " پس باید برای همانند این [چنین پاداش و منزلتی] عمل کنندگان عمل کنند ",
            "62": " آیا این [بهشت جاودانۀ پُرنعمت] برای پذیرایی بهتر است، یا درخت زقّوم [که دارای برگی ریز و بدبوست، و شیره اش به محض خورده شدن بدن را دچار ورمی غیرقابل تحمّل می کند] ",
            "63": " ما آن را برای ستمکاران مایۀ عذاب و شکنجه قرار داده ایم ",
            "64": " درختی است که در قعر جهنم می روید ",
            "65": " شکوفه هایش [در زشتی و بدنمایی] مانند سرهای شیاطین است ",
            "66": " منکران [لجوج] حتماً از آن می خورند، و شکم هایشان را از آن پُر می کنند ",
            "67": " سپس روی آن مخلوطی از آبِ بسیار داغ و متعفّن برای آنان خواهد بود [که از نوشیدنش چاره ای ندارند] ",
            "68": " آن گاه بازگشتشان بدون تردید به سوی دوزخ است ",
            "69": " [این همه عذاب برای این است که] این منکرانِ [لجوج] پدرانشان را گمراه یافتند ",
            "70": "و [بدون اندیشه] شتابان از پی آنان می رفتند ",
            "71": " البته پیش از اینان بیشتر پیشینیان گمراه شدند ",
            "72": " و حال آن که ما در بین آنان هشداردهندگانی فرستادیم ",
            "73": " پس با دقت بنگر که سرانجام هشداریافتگان چگونه بود؟",
            "74": " [همه دچار عذاب شدند] مگر بندگان خالص شدۀ خداوند ",
            "75": " نوح ما را [به کمک خواهی] ندا کرد، [ندایش را به نیکوترین صورت اجابت کردیم؛ زیرا ما] چه نیکو اجابت کننده ای [هستیم] ",
            "76": " او و خاندانش را از آن اندوهِ بزرگ [که محصول آزار و اذیت و تمسخر بود] نجات دادیم ",
            "77": "\n \nو فقط نسل او را باقی گذاشتیم ",
            "78": " و برای او در بین آیندگان نام نیک برجا نهادیم ",
            "79": " سلام و درود بر نوح در میان جهانیان !",
            "80": " ما نیکوکاران را این گونه پاداش می دهیم ",
            "81": "مسلّماً او از بندگان مؤمن ما بود ",
            "82": " سپس دیگران را غرق کردیم ",
            "83": "یقیناً ابراهیم از پیروان نوح بود ",
            "84": " که با دلی پاک و سالم [از آفت های اعتقادی و اخلاقی] به سوی پروردگارش آمد ",
            "85": " و آن زمانی که به پدر[خوانده ] و قومش گفت: چه چیزی را می پرستید [که نه حیاتی دارد و نه اثری]؟",
            "86": " آیا به جای خداوند معبودان دروغین را [برای پرستش] می خواهید؟",
            "87": " پس گمانتان دربارۀ پروردگار جهانیان چیست [که به معبودان دروغین روی آورده اید]؟",
            "88": " [چون از او خواستند شبانه در مراسم عیدشان شرکت کند، طبق رسومِ آن مردم] نگاهی به ستارگان افکند ",
            "89": " و گفت: همانا من بیمارم ",
            "90": " [عذرش را پذیرفته، و] پشت کنان روی از او برگرداندند [و به محل مراسم عیدشان رفتند] ",
            "91": " [او هم] مخفیانه نزد معبودانشان رفت و [از روی ریشخند] گفت: آیا [غذا] نمی خورید؟!",
            "92": " شما را چه شده که سخن نمی گویید؟",
            "93": " پس [با حالتی خشم آلود] به آن ها روی آورد، و با دست راست ضربه ای [کاری] بر آن ها کوبیده، [خُردشان کرد ]",
            "94": " مردم شتابان به سویش آمدند [و به شدت به او اعتراض کردند] ",
            "95": " [به آنان] گفت: آیا آنچه را [با دست خود] می تراشید می پرستید؟!",
            "96": " درصورتی که خداوند شما و [مواد اولیۀ] آنچه را می سازید آفریده است ",
            "97": " گفتند: برایش بنابی بسازید [که گنجایش آتش فراوانی داشته باشد]، پس او را در آتش شعله ور بیندازید ",
            "98": " خواستند به او نیرنگی بزنند، ولی ما آنان را پَست و مغلوب کردیم ",
            "99": " [وقتی از آن مهلکه نجات یافت به قومش] اِعلام کرد: همانا من به سوی پروردگارم هجرت می کنم، او حتماً مرا راهنمایی خواهد کرد ",
            "100": " [آن گاه گفت:] پروردگارا! مرا فرزندی عطا کن که از شایستگان باشد! ",
            "101": " ما [هم] او را به پسری بردبار مژده دادیم ",
            "102": " هنگامی که فرزند [به دنیا آمد و به حد رشد و بلوغ رسید و] همراه پدر در عرصۀ کار و تلاش قرار گرفت، [ابراهیم] گفت: پسرکم! همانا در خواب دیدم تو را ذبح می کنم، با تأمل بنگر رأی تو چیست؟ گفت: پدرم! آنچه را به آن مأمور شده ای انجام ده، ان شاءاللّه مرا از شکیبایان خواهی یافت ",
            "103": "\n \nچون هر دو تسلیم [فرمان خداوند] شدند، و [ابراهیم] پیشانی او را به زمین نهاد [تا ذبحش کند] ",
            "104": " او را ندا دادیم که: ای ابراهیم !",
            "105": " همانا خوابت را تحقق بخشیدی [و فرمان پروردگارت را به اجرا گذاردی، ما نیت خالصت را به جای عمل پذیرفتیم و سزاوار پاداشت قرار دادیم،] ما نیکوکاران را این گونه پاداش می دهیم ",
            "106": " یقیناً این همان آزمایش روشن بود [که پیروزی ابراهیم در آن سبب بهره مندشدنش از پاداش نیکوکاران شد] ",
            "107": " ما ذبح عظیمی را در عوض [ذبح] اسماعیل قرار دادیم ",
            "108": " و برای ابراهیم در بین آیندگان نام نیکی به جا گذاشتیم ",
            "109": " سلام و درود بر ابراهیم !",
            "110": " ما نیکوکاران را این گونه پاداش می دهیم ",
            "111": " بی تردید او از بندگان مؤمن ما بود ",
            "112": " وی را به اسحاق که پیامبری از شایستگان بود مژده دادیم ",
            "113": " و به او و اسحاق خیر فراوانی عطا کردیم، از دودمان آن دو برخی نیکوکارند، و بعضی آشکارا بر خود ستمکارند ",
            "114": " به راستی به موسی و هارون نعمت [پیامبری] بخشیدیم ",
            "115": " و آن دو و قومشان را از اندوه بزرگ [که فرعونیان بر آنان تحمیل می کردند] نجات دادیم ",
            "116": "و به آنان یاری رساندیم؛ در نتیجه پیروز شدند ",
            "117": " و به هر دو کتاب بسیار روشنگر دادیم",
            "118": "و به راه مستقیم هدایتشان کردیم ",
            "119": " و در بین آیندگان برای هر دو نام نیک به جا گذاشتیم ",
            "120": " سلام و درود بر موسی و هارون !",
            "121": " ما نیکوکاران را این گونه پاداش می دهیم ",
            "122": " بی تردید هر دو از بندگان مؤمن ما بودند ",
            "123": "مسلّماً الیاس از پیامبران بود ",
            "124": " به یاد آر هنگامی که به قومش گفت: آیا [از شرک و طغیان] نمی پرهیزید؟",
            "125": " آیا [بُت] «بَعل» را می پرستید، و بهترین خالق و سازنده را رها می کنید؟!",
            "126": " خداوندی را که پروردگار شما و پروردگار پدران پیشین شماست؟ ",
            "127": "\n \nپس او را انکار کردند، همانا [انکار کنندگانش از] احضارشدگان [در دوزخ] خواهند بود ",
            "128": " مگر بندگان خالص شدۀ خداوند ",
            "129": " و در بین آیندگان برای او نام نیک به جا گذاشتیم ",
            "130": " سلام و درود بر آل یاسین !",
            "131": " ما نیکوکاران را این گونه پاداش می دهیم ",
            "132": " یقیناً او از بندگان مؤمن ما بود ",
            "133": " بی تردید لوط از پیامبران بود ",
            "134": " [به یاد آر] هنگامی را که او و همۀ خاندانش را نجات دادیم ",
            "135": " مگر پیرزنی [را که] در میان باقیماندگان [در شهر بود ]",
            "136": " سپس دیگران را نابود کردیم ",
            "137": " و شما همواره [در مسیر سفرهایتان] به هنگام صبح از [کنارۀ ویرانه های شهر] آنان عبور می کنید ",
            "138": " و [نیز] شبانگاهان، آیا [دربارۀ سرنوشت شومشان] اندیشه نمی کنید [تا برایتان عبرت گردد]؟ ",
            "139": " یقیناً یونس از پیامبران بود ",
            "140": " [به یاد آر] زمانی را که به سوی آن کشتی پُر [از جمعیت و انباشته از بار] گریخت ",
            "141": " پس در قرعه کشی [آنان] شرکت کرد، و از مغلوب شدگان [گشته، محکوم به انداخته شدن در دریا] شد ",
            "142": " پس [از افکنده شدن در دریا] آن ماهی بزرگ او را بلعید درحالی که درخور سرزنش بود ",
            "143": " چنانچه [در شکم ماهی] از تسبیح کنندگان نبود ",
            "144": " بی تردید تا روزی که مردم برانگیخته می شوند [در شکم ماهی] می ماند ",
            "145": " پس او را درحالی که بیمار بود به آن زمین خشک و بی گیاه افکندیم ",
            "146": " و بر بالای [سر] او بوتۀ کدویی رویاندیم ",
            "147": " و او را [پس از نجات از بیماری] به سوی [قومی] یکصدهزار نفر یا بیشتر فرستادیم ",
            "148": " پس [آن قوم] مؤمنِ [واقعی] شدند، و آنان را [از برکت ایمانشان] تا مدتی [از مواهب و نعمت های خود] بهره مند کردیم ",
            "149": " از آن مشرکان [که می گویند فرشتگان دخترانِ خدایند] بپرس آیا دختران [که شما مردمِ باطل گرا از آنان عار دارید، و از داشتنشان متنفرید] ویژۀ پروردگارِ تو، و پسران، مخصوص ایشانند؟!",
            "150": " آیا آنان شاهد [و ناظر] بودند که ما فرشتگان را دختر آفریدیم؟!",
            "151": " آگاه باش! آنان هرآینه به سبب [اندیشه های باطل و] روحیۀ دروغ با فشان می گویند که:",
            "152": "خداوند فرزند آورده. ولی بی تردید آنان دروغ گویانِ [حرفه ای] هستند ",
            "153": " آیا [خداوند به پندار باطل شما که دختر را پَست می دانید] دختران را بر پسران ترجیح داده؟ [و به این سبب انتخاب شما از خدا بهتر است؟!]",
            "154": "\n \nشما را چه شده، چگونه داوری می کنید؟",
            "155": " آیا [از تذکرات پروردگار] هشیار [و بیدار] نمی شوید؟",
            "156": " آیا بر این ادعای خود دلیل روشنی دارید؟",
            "157": " اگر راستگو هستید کتاب [آسمانی] خود را [که با تکیه بر آن این ادعا را دارید] بیاورید ",
            "158": " و [از آن ادعا بدتر این که] بین خدا و جنیان نسبت و خویش قرار دادند [و گفتند: خداوند از بین جنّیان همسر گرفته، و حاصل این ازدواج، فرشتگان هستند،] درصورتی که خود جنّیان [که بندگانی مکلّف به تکالیفند به خوبی] می دانند که [روز قیامت برای محاسبه] احضار خواهند شد ",
            "159": " خداوند از همۀ اوصافی که [مشرکان او را به آن] توصیف می کنند منزه و پاک است",
            "160": "مگر بندگانِ خالص شدۀ خداوند [که توصیفشان دربارۀ خدای متعال شایسته و لایق مقام قُدس اوست ]",
            "161": " بی تردید شما و آنچه می پرستید ",
            "162": " نمی توانید [مردم را] بر ضد خداوند منحرف کنید ",
            "163": " مگر آنان که با [پیروی از شما] ورود به [آتش] دوزخ را [به اختیار خود] انتخاب کنند ",
            "164": " هیچ کدام از ما [فرشتگان] نیست مگر این که برای او منزلتی مشخص است ",
            "165": " همانا ما [برای اجرای فرمان خداوند] صف کشیده ایم ",
            "166": " و مبرّا کنندگانِ [حضرتش از هر عیب و نقص] هستیم ",
            "167": " مشرکان [پیش از بعثتِ پیامبر] می گفتند ",
            "168": " اگر کتابی چون کتاب های [آسمانی] پیشین نزد ما بود ",
            "169": " هرآینه از بندگان خالص شدۀ خداوند می شدیم ",
            "170": " ولی [هنگامی که قرآن برای هدایتشان آمد] به آن کافر شدند، به زودی [کیفر کفرشان را] خواهند دانست ",
            "171": " به یقین وعدۀ ما دربارۀ بندگانمان که به رسالت فرستاده شدند از پیش حتمی و ثابت گشته ",
            "172": " که بی تردید [در همۀ زمینه ها] یاری خواهند شد ",
            "173": " بی شک سپاه ما [که جبهۀ حق است] پیروزند ",
            "174": " پس تا مدتی از مشرکان روی برتاب ",
            "175": " و آنان را [با دست وپازدن در کفرشان] بنگر، که به زودی [فرجام شومشان را] خواهند دید",
            "176": " آیا عذابِ ما را به شتاب می خواهند؟",
            "177": " هنگامی که [عذابمان] در آستانۀ خانه هایشان فرود آید، هشدار داده  شدگان روزگار [اسفبار و] بدی خواهند داشت !",
            "178": "پس تا مدتی از آنان روی برتاب ",
            "179": " و [آنان را با دست وپازدن در کفرشان] بنگر که به زودی [فرجام شومشان را] خواهند دید ",
            "180": " پروردگارت که دارای قدرت شکست ناپذیر است از همۀ اوصافی که [مشرکان او را به آن] توصیف می کنند منزّه و پاک است ",
            "181": " سلام و درود بر همۀ رسولان !",
            "182": " همۀ ستایش ها ویژۀ خداوند، پروردگار جهانیان است "
        }
    }
}