{
    "2": {
        "number": 2,
        "title": "سورة ص",
        "bab": 4,
        "delay": 0,
        "arabic": {
            "1": " ص ۚ وَالْقُرْآنِ ذِي الذِّكْرِ",
            "2": "بَلِ الَّذِينَ كَفَرُوا فِي عِزَّةٍ وَشِقَاقٍ",
            "3": "كَمْ أَهْلَكْنَا مِنْ قَبْلِهِمْ مِنْ قَرْنٍ فَنَادَوْا وَلَاتَ حِينَ مَنَاصٍ",
            "4": "وَعَجِبُوا أَنْ جَاءَهُمْ مُنْذِرٌ مِنْهُمْ ۖ وَقَالَ الْكَافِرُونَ هَٰذَا سَاحِرٌ كَذَّابٌ",
            "5": "أَجَعَلَ الْآلِهَةَ إِلَٰهًا وَاحِدًا ۖ إِنَّ هَٰذَا لَشَيْءٌ عُجَابٌ",
            "6": "وَانْطَلَقَ الْمَلَأُ مِنْهُمْ أَنِ امْشُوا وَاصْبِرُوا عَلَىٰ آلِهَتِكُمْ ۖ إِنَّ هَٰذَا لَشَيْءٌ يُرَادُ",
            "7": "مَا سَمِعْنَا بِهَٰذَا فِي الْمِلَّةِ الْآخِرَةِ إِنْ هَٰذَا إِلَّا اخْتِلَاقٌ",
            "8": "أَأُنْزِلَ عَلَيْهِ الذِّكْرُ مِنْ بَيْنِنَا ۚ بَلْ هُمْ فِي شَكٍّ مِنْ ذِكْرِي ۖ بَلْ لَمَّا يَذُوقُوا عَذَابِ",
            "9": "أَمْ عِنْدَهُمْ خَزَائِنُ رَحْمَةِ رَبِّكَ الْعَزِيزِ الْوَهَّابِ",
            "10": "أَمْ لَهُمْ مُلْكُ السَّمَاوَاتِ وَالْأَرْضِ وَمَا بَيْنَهُمَا ۖ فَلْيَرْتَقُوا فِي الْأَسْبَابِ",
            "11": "جُنْدٌ مَا هُنَالِكَ مَهْزُومٌ مِنَ الْأَحْزَابِ",
            "12": "كَذَّبَتْ قَبْلَهُمْ قَوْمُ نُوحٍ وَعَادٌ وَفِرْعَوْنُ ذُو الْأَوْتَادِ",
            "13": "وَثَمُودُ وَقَوْمُ لُوطٍ وَأَصْحَابُ الْأَيْكَةِ ۚ أُولَٰئِكَ الْأَحْزَابُ",
            "14": "إِنْ كُلٌّ إِلَّا كَذَّبَ الرُّسُلَ فَحَقَّ عِقَابِ",
            "15": "وَمَا يَنْظُرُ هَٰؤُلَاءِ إِلَّا صَيْحَةً وَاحِدَةً مَا لَهَا مِنْ فَوَاقٍ",
            "16": "وَقَالُوا رَبَّنَا عَجِّلْ لَنَا قِطَّنَا قَبْلَ يَوْمِ الْحِسَابِ",
            "17": "اصْبِرْ عَلَىٰ مَا يَقُولُونَ وَاذْكُرْ عَبْدَنَا دَاوُودَ ذَا الْأَيْدِ ۖ إِنَّهُ أَوَّابٌ",
            "18": "إِنَّا سَخَّرْنَا الْجِبَالَ مَعَهُ يُسَبِّحْنَ بِالْعَشِيِّ وَالْإِشْرَاقِ",
            "19": "وَالطَّيْرَ مَحْشُورَةً ۖ كُلٌّ لَهُ أَوَّابٌ",
            "20": "وَشَدَدْنَا مُلْكَهُ وَآتَيْنَاهُ الْحِكْمَةَ وَفَصْلَ الْخِطَابِ",
            "21": "وَهَلْ أَتَاكَ نَبَأُ الْخَصْمِ إِذْ تَسَوَّرُوا الْمِحْرَابَ",
            "22": "إِذْ دَخَلُوا عَلَىٰ دَاوُودَ فَفَزِعَ مِنْهُمْ ۖ قَالُوا لَا تَخَفْ ۖ خَصْمَانِ بَغَىٰ بَعْضُنَا عَلَىٰ بَعْضٍ فَاحْكُمْ بَيْنَنَا بِالْحَقِّ وَلَا تُشْطِطْ وَاهْدِنَا إِلَىٰ سَوَاءِ الصِّرَاطِ",
            "23": "إِنَّ هَٰذَا أَخِي لَهُ تِسْعٌ وَتِسْعُونَ نَعْجَةً وَلِيَ نَعْجَةٌ وَاحِدَةٌ فَقَالَ أَكْفِلْنِيهَا وَعَزَّنِي فِي الْخِطَابِ",
            "24": "قَالَ لَقَدْ ظَلَمَكَ بِسُؤَالِ نَعْجَتِكَ إِلَىٰ نِعَاجِهِ ۖ وَإِنَّ كَثِيرًا مِنَ الْخُلَطَاءِ لَيَبْغِي بَعْضُهُمْ عَلَىٰ بَعْضٍ إِلَّا الَّذِينَ آمَنُوا وَعَمِلُوا الصَّالِحَاتِ وَقَلِيلٌ مَا هُمْ ۗ وَظَنَّ دَاوُودُ أَنَّمَا فَتَنَّاهُ فَاسْتَغْفَرَ رَبَّهُ وَخَرَّ رَاكِعًا وَأَنَابَ ۩",
            "25": "فَغَفَرْنَا لَهُ ذَٰلِكَ ۖ وَإِنَّ لَهُ عِنْدَنَا لَزُلْفَىٰ وَحُسْنَ مَآبٍ",
            "26": "يَا دَاوُودُ إِنَّا جَعَلْنَاكَ خَلِيفَةً فِي الْأَرْضِ فَاحْكُمْ بَيْنَ النَّاسِ بِالْحَقِّ وَلَا تَتَّبِعِ الْهَوَىٰ فَيُضِلَّكَ عَنْ سَبِيلِ اللَّهِ ۚ إِنَّ الَّذِينَ يَضِلُّونَ عَنْ سَبِيلِ اللَّهِ لَهُمْ عَذَابٌ شَدِيدٌ بِمَا نَسُوا يَوْمَ الْحِسَابِ",
            "27": "وَمَا خَلَقْنَا السَّمَاءَ وَالْأَرْضَ وَمَا بَيْنَهُمَا بَاطِلًا ۚ ذَٰلِكَ ظَنُّ الَّذِينَ كَفَرُوا ۚ فَوَيْلٌ لِلَّذِينَ كَفَرُوا مِنَ النَّارِ",
            "28": "أَمْ نَجْعَلُ الَّذِينَ آمَنُوا وَعَمِلُوا الصَّالِحَاتِ كَالْمُفْسِدِينَ فِي الْأَرْضِ أَمْ نَجْعَلُ الْمُتَّقِينَ كَالْفُجَّارِ",
            "29": "كِتَابٌ أَنْزَلْنَاهُ إِلَيْكَ مُبَارَكٌ لِيَدَّبَّرُوا آيَاتِهِ وَلِيَتَذَكَّرَ أُولُو الْأَلْبَابِ",
            "30": "وَوَهَبْنَا لِدَاوُودَ سُلَيْمَانَ ۚ نِعْمَ الْعَبْدُ ۖ إِنَّهُ أَوَّابٌ",
            "31": "إِذْ عُرِضَ عَلَيْهِ بِالْعَشِيِّ الصَّافِنَاتُ الْجِيَادُ",
            "32": "فَقَالَ إِنِّي أَحْبَبْتُ حُبَّ الْخَيْرِ عَنْ ذِكْرِ رَبِّي حَتَّىٰ تَوَارَتْ بِالْحِجَابِ",
            "33": "رُدُّوهَا عَلَيَّ ۖ فَطَفِقَ مَسْحًا بِالسُّوقِ وَالْأَعْنَاقِ",
            "34": "وَلَقَدْ فَتَنَّا سُلَيْمَانَ وَأَلْقَيْنَا عَلَىٰ كُرْسِيِّهِ جَسَدًا ثُمَّ أَنَابَ",
            "35": "قَالَ رَبِّ اغْفِرْ لِي وَهَبْ لِي مُلْكًا لَا يَنْبَغِي لِأَحَدٍ مِنْ بَعْدِي ۖ إِنَّكَ أَنْتَ الْوَهَّابُ",
            "36": "فَسَخَّرْنَا لَهُ الرِّيحَ تَجْرِي بِأَمْرِهِ رُخَاءً حَيْثُ أَصَابَ",
            "37": "وَالشَّيَاطِينَ كُلَّ بَنَّاءٍ وَغَوَّاصٍ",
            "38": "وَآخَرِينَ مُقَرَّنِينَ فِي الْأَصْفَادِ",
            "39": "هَٰذَا عَطَاؤُنَا فَامْنُنْ أَوْ أَمْسِكْ بِغَيْرِ حِسَابٍ",
            "40": "وَإِنَّ لَهُ عِنْدَنَا لَزُلْفَىٰ وَحُسْنَ مَآبٍ",
            "41": "وَاذْكُرْ عَبْدَنَا أَيُّوبَ إِذْ نَادَىٰ رَبَّهُ أَنِّي مَسَّنِيَ الشَّيْطَانُ بِنُصْبٍ وَعَذَابٍ",
            "42": "ارْكُضْ بِرِجْلِكَ ۖ هَٰذَا مُغْتَسَلٌ بَارِدٌ وَشَرَابٌ",
            "43": "وَوَهَبْنَا لَهُ أَهْلَهُ وَمِثْلَهُمْ مَعَهُمْ رَحْمَةً مِنَّا وَذِكْرَىٰ لِأُولِي الْأَلْبَابِ",
            "44": "وَخُذْ بِيَدِكَ ضِغْثًا فَاضْرِبْ بِهِ وَلَا تَحْنَثْ ۗ إِنَّا وَجَدْنَاهُ صَابِرًا ۚ نِعْمَ الْعَبْدُ ۖ إِنَّهُ أَوَّابٌ",
            "45": "وَاذْكُرْ عِبَادَنَا إِبْرَاهِيمَ وَإِسْحَاقَ وَيَعْقُوبَ أُولِي الْأَيْدِي وَالْأَبْصَارِ",
            "46": "إِنَّا أَخْلَصْنَاهُمْ بِخَالِصَةٍ ذِكْرَى الدَّارِ",
            "47": "وَإِنَّهُمْ عِنْدَنَا لَمِنَ الْمُصْطَفَيْنَ الْأَخْيَارِ",
            "48": "وَاذْكُرْ إِسْمَاعِيلَ وَالْيَسَعَ وَذَا الْكِفْلِ ۖ وَكُلٌّ مِنَ الْأَخْيَارِ",
            "49": "هَٰذَا ذِكْرٌ ۚ وَإِنَّ لِلْمُتَّقِينَ لَحُسْنَ مَآبٍ",
            "50": "جَنَّاتِ عَدْنٍ مُفَتَّحَةً لَهُمُ الْأَبْوَابُ",
            "51": "مُتَّكِئِينَ فِيهَا يَدْعُونَ فِيهَا بِفَاكِهَةٍ كَثِيرَةٍ وَشَرَابٍ",
            "52": "وَعِنْدَهُمْ قَاصِرَاتُ الطَّرْفِ أَتْرَابٌ",
            "53": "هَٰذَا مَا تُوعَدُونَ لِيَوْمِ الْحِسَابِ",
            "54": "إِنَّ هَٰذَا لَرِزْقُنَا مَا لَهُ مِنْ نَفَادٍ",
            "55": "هَٰذَا ۚ وَإِنَّ لِلطَّاغِينَ لَشَرَّ مَآبٍ",
            "56": "جَهَنَّمَ يَصْلَوْنَهَا فَبِئْسَ الْمِهَادُ",
            "57": "هَٰذَا فَلْيَذُوقُوهُ حَمِيمٌ وَغَسَّاقٌ",
            "58": "وَآخَرُ مِنْ شَكْلِهِ أَزْوَاجٌ",
            "59": "هَٰذَا فَوْجٌ مُقْتَحِمٌ مَعَكُمْ ۖ لَا مَرْحَبًا بِهِمْ ۚ إِنَّهُمْ صَالُو النَّارِ",
            "60": "قَالُوا بَلْ أَنْتُمْ لَا مَرْحَبًا بِكُمْ ۖ أَنْتُمْ قَدَّمْتُمُوهُ لَنَا ۖ فَبِئْسَ الْقَرَارُ",
            "61": "قَالُوا رَبَّنَا مَنْ قَدَّمَ لَنَا هَٰذَا فَزِدْهُ عَذَابًا ضِعْفًا فِي النَّارِ",
            "62": "وَقَالُوا مَا لَنَا لَا نَرَىٰ رِجَالًا كُنَّا نَعُدُّهُمْ مِنَ الْأَشْرَارِ",
            "63": "أَتَّخَذْنَاهُمْ سِخْرِيًّا أَمْ زَاغَتْ عَنْهُمُ الْأَبْصَارُ",
            "64": "إِنَّ ذَٰلِكَ لَحَقٌّ تَخَاصُمُ أَهْلِ النَّارِ",
            "65": "قُلْ إِنَّمَا أَنَا مُنْذِرٌ ۖ وَمَا مِنْ إِلَٰهٍ إِلَّا اللَّهُ الْوَاحِدُ الْقَهَّارُ",
            "66": "رَبُّ السَّمَاوَاتِ وَالْأَرْضِ وَمَا بَيْنَهُمَا الْعَزِيزُ الْغَفَّارُ",
            "67": "قُلْ هُوَ نَبَأٌ عَظِيمٌ",
            "68": "أَنْتُمْ عَنْهُ مُعْرِضُونَ",
            "69": "مَا كَانَ لِيَ مِنْ عِلْمٍ بِالْمَلَإِ الْأَعْلَىٰ إِذْ يَخْتَصِمُونَ",
            "70": "إِنْ يُوحَىٰ إِلَيَّ إِلَّا أَنَّمَا أَنَا نَذِيرٌ مُبِينٌ",
            "71": "إِذْ قَالَ رَبُّكَ لِلْمَلَائِكَةِ إِنِّي خَالِقٌ بَشَرًا مِنْ طِينٍ",
            "72": "فَإِذَا سَوَّيْتُهُ وَنَفَخْتُ فِيهِ مِنْ رُوحِي فَقَعُوا لَهُ سَاجِدِينَ",
            "73": "فَسَجَدَ الْمَلَائِكَةُ كُلُّهُمْ أَجْمَعُونَ",
            "74": "إِلَّا إِبْلِيسَ اسْتَكْبَرَ وَكَانَ مِنَ الْكَافِرِينَ",
            "75": "قَالَ يَا إِبْلِيسُ مَا مَنَعَكَ أَنْ تَسْجُدَ لِمَا خَلَقْتُ بِيَدَيَّ ۖ أَسْتَكْبَرْتَ أَمْ كُنْتَ مِنَ الْعَالِينَ",
            "76": "قَالَ أَنَا خَيْرٌ مِنْهُ ۖ خَلَقْتَنِي مِنْ نَارٍ وَخَلَقْتَهُ مِنْ طِينٍ",
            "77": "قَالَ فَاخْرُجْ مِنْهَا فَإِنَّكَ رَجِيمٌ",
            "78": "وَإِنَّ عَلَيْكَ لَعْنَتِي إِلَىٰ يَوْمِ الدِّينِ",
            "79": "قَالَ رَبِّ فَأَنْظِرْنِي إِلَىٰ يَوْمِ يُبْعَثُونَ",
            "80": "قَالَ فَإِنَّكَ مِنَ الْمُنْظَرِينَ",
            "81": "إِلَىٰ يَوْمِ الْوَقْتِ الْمَعْلُومِ",
            "82": "قَالَ فَبِعِزَّتِكَ لَأُغْوِيَنَّهُمْ أَجْمَعِينَ",
            "83": "إِلَّا عِبَادَكَ مِنْهُمُ الْمُخْلَصِينَ",
            "84": "قَالَ فَالْحَقُّ وَالْحَقَّ أَقُولُ",
            "85": "لَأَمْلَأَنَّ جَهَنَّمَ مِنْكَ وَمِمَّنْ تَبِعَكَ مِنْهُمْ أَجْمَعِينَ",
            "86": "قُلْ مَا أَسْأَلُكُمْ عَلَيْهِ مِنْ أَجْرٍ وَمَا أَنَا مِنَ الْمُتَكَلِّفِينَ",
            "87": "إِنْ هُوَ إِلَّا ذِكْرٌ لِلْعَالَمِينَ",
            "88": "وَلَتَعْلَمُنَّ نَبَأَهُ بَعْدَ حِينٍ"
        },
        "farsi": {
            "1": "\nصاد. به قرآن که مشتمل بر یادآوری [معارف الهی، و احکام حلال و حرام] است سوگند [که تو از پیامبرانی]",
            "2": " ولی کافران [در مورد پذیرش قرآن و رسالت تو،] در تکبّر [ی شدید] و مخالفتی بسیار سختند ",
            "3": " چه بسیار اقوام را که پیش از آنان هلاک کردیم، که [برای نجات خود] فریادِ [کمک خواهی] سردادند، ولی راهی برای گریز [و یافتن پناهگاه] وجود نداشت،",
            "4": " از این که هشداردهنده ای از [جنس] خودشان به سویشان آمده تعجب کرده اند، این کفرپیشگان [به مردم] گفتند: این جادوگری بسیار دروغ گوست ",
            "5": " آیا او [برای ما] به جای معبودان متعدد، معبودی یگانه را قرار داده؟ همانا این [معبود واحدی را به جای چند معبود قراردادن] مطلبی بسیار شگفت انگیز است !",
            "6": " بزرگان و سرکردگانشان به راه افتادند [و به مردم گفتند:] که بروید و بر [حفظ و پرستش] معبودانتان ایستادگی کنید، زیرا [در پشت پردۀ این دعوت، نقشۀ حکومت و] آقایی بر شما طرح ریزی شده است!",
            "7": " ما این [دعوتِ به معبود یگانه] را در آخرین آیین [که آیین تثلیثِ مسیحیت است] نشنیده ایم، این [دعوت به توحید]، جز [ادعایی] دروغ و [سخنی] ساختگی نیست!",
            "8": " آیا از بین ما [که در ثروت و مقام ممتازیم] قرآن فقط بر او [که فقیر و یتیمی بیش نیست] نازل شده؟! [البته سبب انکارشان این بهانه های واهی نیست،] بلکه اینان در [اصلِ نزولِ] قرآنِ من در تردیدند، و هنوز عذاب را نچشیده اند [تا از تردید درآمده، زبان از جسارت و گستاخی ببندند] ",
            "9": " مگر خزانه های رحمت پروردگارت که توانای شکست ناپذیر و بسیار بخشنده است، نزد آنان است [که منصب نبوت را به هرکه بخواهند ببخشند] ؟!",
            "10": " یا مگر مالکیت و فرمانروایی بر آسمان ها و زمین و آنچه بین آن دوتاست در سیطرۀ و اختیار آنان است؟! [اگر چنین است] پس از راه ها [ی آسمان ها] بالا روند [و رشتۀ همۀ امور از جمله اعطای منصب نبوت را به دست گیرند تا به هرکس بخواهند بدهند] ",
            "11": " [اینان] سپاهی اندک و ناچیز از احزاب [کفرند] که در آنجا [که محل رویارویی حق و باطل است] محکوم به شکست قطعی اند ",
            "12": " پیش از اینان [هم] قوم نوح، عاد و فرعون که از [همۀ امکاناتِ حاکمیت و] قدرت برخوردار بودند [پیامبران و کتاب هایشان را] انکار کردند ",
            "13": " و [قوم] ثمود، قوم لوط و اصحاب اَیکه [نیز منکر انبیاء بودند]، اینان همان احزاب [و گروه های کافر] هستند ",
            "14": " هیچ یک [از این گروه ها] نبودند مگر این که به انکار پیامبران برخاستند، در نتیجه عذاب و عقوبت بر آنان حتمی شد ",
            "15": " اینان [که قرآن و نبوت تو را انکار می کنند] جز یک فریاد مرگبار را که هیچ بازگشتی در آن نیست انتظار نمی کشند ",
            "16": " [گرچه از روی تمسخر] گفتند: پروردگارا! پیش از روز حساب، هرچه زودتر سهم ما را [از عذاب بر سر ما] فروریز",
            "17": "\n \nبر آنچه [همواره بر ضد قرآن و تو] می گویند شکیبا باش! و بندۀ ما داود را که صاحب قدرت و نیرو بود به یاد آر، او بسیار بازگشت کننده [به سوی ما] بود ",
            "18": " همانا ما کوه ها را به کار گرفتیم که با او در شبانگاه، و زمان برآمدن آفتاب خدا را با تسبیح گفتن [از هر عیب و نقصی] منزّه و پاک بدارند",
            "19": " و پرندگان را [نیز] دسته جمعی [به کار گرفتیم که] همه [برای تسبیح خدا] بازگشت کننده به داود بودند ",
            "20": " حکومت داود را استوار کردیم، و به او معارف استوار و سودمند و منصب داوری را [برای فیصله دادنِ عادلانه به خصومت ها] بخشیدیم",
            "21": " آیا خبر مهمِ آن دادخواهان به تو رسیده است آن گاه که از دیوار [بلندِ] جایگاه مخصوصِ [داود] بالا رفتند؟",
            "22": " زمانی که [غافل گیرانه و بدون اطلاع] بر داود وارد شدند، و او از ورودشان هراسان شد، گفتند: نترس، [ما] دو گروه متخاصم [شاکی و دادخواهیم که] یکی از ما بر دیگری ستم روا داشته، میان ما به حق و عدالت داوری کن، و [در حکم کردن] ستم روا مدار، و به راه راست [که خاتمه دهندۀ نزاع باشد] هدایتمان کن ",
            "23": " این برادر من است که مالک نود و نُه میش است، و من بیش از یک میش ندارم که می گوید آن را [هم] به من واگذار، و در گفت وگو[یش با من] مرا مغلوب ساخته ",
            "24": " [داود] گفت: مسلّماً او با درخواست افزودن میش تو به میش هایش بر تو ستم روا داشته، و البته بسیاری از شریکان به یکدیگر ستمکارند مگر مؤمنانی که اهل کارهای شایسته اند که آنان [هم] بسیار اندکند. داود دانست که ما او را [در این پیش آمد] آزمایش کرده ایم، [و از این که به دفاع متهم توجهی نکرد و شتاب در داوری داشت،] از پروردگارش درخواست آمرزش کرد، و [بی درنگ] با حالتی خاضعانه به رو درافتاد، و [با توجه و اخلاص به خداوند] بازگشت ",
            "25": " ما او را در خصوص آن [داوری] آمرزیدیم، او نزد ما دارای منزلتی ویژه، و سرانجامی نیکوست ",
            "26": " ای داود! ما تو را در زمین جانشین [خود] قرار دادیم، پس بین مردم به حق [و عدالت] داوری کن! و از خواسته ها[ی نامشروع] پیروی نکن، که تو را از راه خدا منحرف می کند، بی تردید کسانی که از راه خدا منحرف می شوند به خاطر این است که روزِ حساب را فراموش کرده اند، و آنان [که روزِ حساب را فراموش کنند] عذاب سختی خواهند داشت ",
            "27": "\n \nما آسمان و زمین و آنچه را میان آن دوتاست بیهوده نیافریده ایم، این [بیهوده آفریده شدن] پندار [واهی] کافران است، پس وای بر کافران از آتش [دوزخ]!",
            "28": " آیا مؤمنانی را که کارهای شایسته انجام داده اند، مانند تبهکارانِ فتنه انگیز در زمین قرار می دهیم؟ یا پرهیزکاران را چون بدکاران به حساب می آوریم؟",
            "29": " این کتابِ خجسته و پُرخیری است که آن را بر تو نازل کرده ایم تا در آیاتش به نیکی اندیشه کنند، و خردمندان [در پرتوِ آن] متذکر [حقایق] شوند ",
            "30": " سلیمان را به داود بخشیدیم، نیکو بنده ای [بود]، به راستی بسیار بازگشت کننده [به خداوند] بود ",
            "31": " در پایان آن روز که اسب های چابک و تیزرو را بر او عرضه کردند ",
            "32": " گفت: من برای یاد خدا به شدت به اسب ها محبت می ورزم [؛ زیرا می خواهم در جهاد با دشمن برای اِعلای کلمۀ حق از آن ها استفاده کنم. و همواره تماشاگر آن ها بود] تا [از دیده اش] پنهان شدند ",
            "33": " [پس از مراسم تماشای اسب ها گفت:] آن ها را به من بازگردانید. و [برای نوازشِ آن ها] به دست کشیدن به ساق ها و گردن ها[یشان] پرداخت ",
            "34": "همانا سلیمان را [با فرزندش] آزمودیم، و [آزمون این بود که] جسدی [بی جان از فرزندش] را بر تختش انداختیم، او [در این حادثه با توجه و اخلاص به خداوند] روی آورد",
            "35": " گفت: پروردگارا! مرا بیامرز، و حکومتی به من ببخش که پس از من سزاوار هیچ کس نباشد، یقیناً تو بسیار بخشنده ای ",
            "36": " [با اجابتِ دعایش،] باد را برای او به کار گرفتیم که هرجا می خواست به فرمانش با ملایمت و آرامی جریان می یافت ",
            "37": " و هر بنّا و غواصی از شیاطین را [رامِ او ساختیم] ",
            "38": " و دیگر شیاطین متمرد را که در قید و بندها بسته بودند [مسخّر فرمانش کردیم تا به اهدافش خدمت کنند ]",
            "39": " [به او گفتیم:] این [حکومت بی نظیر] عطای ماست، [به هرکس می خواهی] بخشش کن! و [از هرکس لازم می دانی] دریغ ورز، که [در این زمینه] حسابی [بر تو] نیست ",
            "40": " او نزد ما دارای منزلتی ویژه و سرانجامی نیکوست ",
            "41": " بندۀ ما ایوب را به یاد آر، زمانی که پروردگارش را ندا داد که: شیطان به من رنج و شکنجه رسانده [و برای این که از رحمت و لطف تو دلسردم کند مرا وسوسه و ملامت می کند] .",
            "42": " [به او گفتیم:] پایت را [به زمین] بکوب [تا آبی پدید آید. چون پدید آمد گفتیم:] این آبی برای شست وشوست [و] سرد و نوشیدنی [است ]",
            "43": "\n \nخانواده اش و مانندشان را با آنان به او بخشیدیم [تا] رحمتی از سوی ما [به او] و تذکری برای خردمندان [باشد، که ما با هر صاحبِ ایمان و صبری این گونه رفتار می کنیم ]",
            "44": " [ایوب به خاطر کم صبری همسرش در برابر آزمایشِ حق، سوگند خورده بود او را تنبیه کند، خداوند برای عنایت به همسرش، خطاب کرد:] یک دسته ترکۀ چوب خشک و تر را با دستت بگیر و با آن [همسرت را به صورتی نرم و بدون آزار] بزن، و سوگندت را مشکن. همانا ما او را شکیبا یافتیم، نیکو بنده ای [بود]، به راستی بسیار بازگشت کننده [به خداوند] بود ",
            "45": " و بندگان ما ابراهیم، اسحاق و یعقوب را به یاد آر، که دارای قدرت و بینش بودند ",
            "46": " ما آنان را با خصلت آخرت اندیشی [از هر شائبه و عیبی] خالص ساختیم ",
            "47": " مسلّماً آنان در پیشگاه ما از برگزیدگان و نیکانند ",
            "48": " و اسماعیل و «الیسَع» و «ذوالکفل» را به یاد آر که همه از خوبانند ",
            "49": " این [سرگذشت ها] مایۀ تذکر و پند است، و بی تردید برای پرهیزگاران فرجامی نیک خواهد بود ",
            "50": " [آن فرجام نیک] بهشت های جاویدانی [است] که درهایش را به روی آنان گشوده اند ",
            "51": " درحالی که در آن ها [بر تخت ها] تکیه می زنند، و میوه های فراوان و نوشیدنی [دل خواهشان] را در آن [محلِ امن] خواهان می شوند ",
            "52": " کنارشان همسرانی هستند که فقط به شوهرانشان عشق می ورزند، و [با شوهرانشان] همسنّ و سال هستند ",
            "53": " [ای پرهیزگاران!] این است آنچه برای روز قیامت به شما وعده می دادند",
            "54": " [آری] این است عطای ما که پایانی برایش نیست ",
            "55": " این [پاداشِ پرهیزگاران است،] و قطعاً برای طغیان گران فرجامِ شوم و ناگواری است ",
            "56": " [و آن فرجامِ شوم] دوزخ [است] که در آن وارد می شوند، و بد بستری است ",
            "57": " این آب جوشان و خونابۀ چرکینِ متعفّن است که الزاماً باید آن را بچشند ",
            "58": " و انواع دیگری از همین گونه [عذاب برای آنان خواهد بود ]",
            "59": " [به طاغیان می گویند:] اینان گروهی [از پیروان شما] هستند که با فشار و سختی همراه شما وارد [دوزخ] می شوند، [طاغیان می گویند:] ایشان را خوش آمد مباد! مسلّماً در آتش خواهند سوخت ",
            "60": " [پیروان] می گویند: بلکه بر خودِ شما خوش آمد مباد! شما این [عذاب] را از پیش برای ما فراهم کردید، و بد قرارگاهی است ",
            "61": " [آن گاه] می گویند: پروردگارا! هرکس این [عذاب] را از پیش برای ما فراهم کرده عذابش را در آتش [دوزخ] دوچندان کن !",
            "62": "\n \nو می گویند: ما را چه شده که انسان هایی [مؤمن] را که از اشرار می شمردیم نمی بینیم؟!",
            "63": " آیا [به ناحق] تمسخرشان می کردیم [و اکنون در بهشتند]؟ یا [در دوزخ اند و] چشمان [ما] به آنان نمی افتد؟",
            "64": "همانا این جدال و مشاجرۀ دوزخیان [که خود نوعی عذاب روحی است] حتمی و واقع شدنی است ",
            "65": " بگو: من فقط هشداردهنده ام، و هیچ معبودی جز خدای یگانۀ قهار نیست ",
            "66": " [اوست] پروردگار آسمان ها و زمین و آنچه میان آن دوتاست، توانای شکست ناپذیر و بسیار آمرزنده است ",
            "67": " بگو: این [پیام توحیدی من] خبری بزرگ است ",
            "68": " که شما از آن روی می گردانید ",
            "69": " [بگو:] من از [فرشتگان] جهان بالا وقتی [دربارۀ آفرینش آدم] گفت وگو می کردند، [از راه های عادی] هیچ خبری نداشتم ",
            "70": " فقط به این سبب به من وحی می شود که من هشداردهنده ای روشنگرم ",
            "71": " [و اکنون ای پیامبر! به داستان آدم از طریق وحی توجه کن،] زمانی که پروردگارت به فرشتگان گفت: من بشری از گِل به وجود می آورم ",
            "72": " چون [اندام] او را معتدل [و متناسب] ساختم و از روح خود در او دمیدم برایش به سجده افتید ",
            "73": " فرشتگان همگی سجده کردند ",
            "74": " مگر ابلیس که [در برابر فرمان ما] تکبّر کرد، و از کافران شد ",
            "75": " [خداوند] فرمود: ای ابلیس! تو را چه چیز از سجده کردن بر موجودی که با دستان [قدرت] خودم آفریدم بازداشت؟ آیا دچار خودبزرگ بینی بودی، یا از عالی رتبگانی [که فرمان سجده بر آدم را در شأن خود ندیدی]!؟",
            "76": " گفت: من از او بهترم؛ [زیرا] مرا از آتش ویژه ای آفریدی و او را از گِل ساختی!",
            "77": " [خداوند] فرمود: از اینجا [که مقام فرشتگانِ مطیع است] بیرون رو، که تو رانده شده ای ",
            "78": " و تا قیامت لعنتم بر تو باد !",
            "79": "[ابلیس] گفت: پروردگارا! مرا تا روزی که [مردم] برانگیخته می شوند مهلت ده ",
            "80": " [خداوند] فرمود: تو از مهلت یافتگانی ",
            "81": " تا روز[ی که آن] وقتِ معلوم [که لحظۀ پایان این جهان است برسد ]",
            "82": " گفت: پس به عزتت سوگند که همۀ آدمیان را گمراه خواهم کرد",
            "83": " مگر آن گروه از بندگانِ خالص شده ات ",
            "84": "\n \n[خداوند] فرمود: سوگند به حق، و من فقط حق را می گویم ",
            "85": " که یقیناً دوزخ را از تو و همه کسانی از آنان که پیرو تواَند پُر خواهم کرد ",
            "86": " [ای پیامبر] بگو: من برای این [ابلاغ دین] هیچ پاداشی از شما نمی خواهم، و از کسانی نیستم که از پیشِ خود مطلبی را می سازند [و به عنوان حقیقتی آسمانی برعهده گرفته، تظاهر به مأموریت از جانب خدا می کنند] ",
            "87": " قرآن جز یادآور [حقایق] برای جهانیان نیست ",
            "88": " بی تردید پس از مدتی [درست بودن و عین واقعیت بودن] خبرهای آن را خواهید دانست ."
        }
    }
}