{
   "2": {
      "number": 2,
        "title": "سورة  الزمر",
       "bab": 4,
       "delay": 5,
       "arabic": {
         "6": " تَنْزِيلُ الْكِتَابِ مِنَ اللَّهِ الْعَزِيزِ الْحَكِيمِ",
            "7": "إِنَّا أَنْزَلْنَا إِلَيْكَ الْكِتَابَ بِالْحَقِّ فَاعْبُدِ اللَّهَ مُخْلِصًا لَهُ الدِّينَ",
            "8": "أَلَا لِلَّهِ الدِّينُ الْخَالِصُ ۚ وَالَّذِينَ اتَّخَذُوا مِنْ دُونِهِ أَوْلِيَاءَ مَا نَعْبُدُهُمْ إِلَّا لِيُقَرِّبُونَا إِلَى اللَّهِ زُلْفَىٰ إِنَّ اللَّهَ يَحْكُمُ بَيْنَهُمْ فِي مَا هُمْ فِيهِ يَخْتَلِفُونَ ۗ إِنَّ اللَّهَ لَا يَهْدِي مَنْ هُوَ كَاذِبٌ كَفَّارٌ",
            "9": "لَوْ أَرَادَ اللَّهُ أَنْ يَتَّخِذَ وَلَدًا لَاصْطَفَىٰ مِمَّا يَخْلُقُ مَا يَشَاءُ ۚ سُبْحَانَهُ ۖ هُوَ اللَّهُ الْوَاحِدُ الْقَهَّارُ",
            "10": "خَلَقَ السَّمَاوَاتِ وَالْأَرْضَ بِالْحَقِّ ۖ يُكَوِّرُ اللَّيْلَ عَلَى النَّهَارِ وَيُكَوِّرُ النَّهَارَ عَلَى اللَّيْلِ ۖ وَسَخَّرَ الشَّمْسَ وَالْقَمَرَ ۖ كُلٌّ يَجْرِي لِأَجَلٍ مُسَمًّى ۗ أَلَا هُوَ الْعَزِيزُ الْغَفَّارُ",
            "11": "خَلَقَكُمْ مِنْ نَفْسٍ وَاحِدَةٍ ثُمَّ جَعَلَ مِنْهَا زَوْجَهَا وَأَنْزَلَ لَكُمْ مِنَ الْأَنْعَامِ ثَمَانِيَةَ أَزْوَاجٍ ۚ يَخْلُقُكُمْ فِي بُطُونِ أُمَّهَاتِكُمْ خَلْقًا مِنْ بَعْدِ خَلْقٍ فِي ظُلُمَاتٍ ثَلَاثٍ ۚ ذَٰلِكُمُ اللَّهُ رَبُّكُمْ لَهُ الْمُلْكُ ۖ لَا إِلَٰهَ إِلَّا هُوَ ۖ فَأَنَّىٰ تُصْرَفُونَ",
            "12": "إِنْ تَكْفُرُوا فَإِنَّ اللَّهَ غَنِيٌّ عَنْكُمْ ۖ وَلَا يَرْضَىٰ لِعِبَادِهِ الْكُفْرَ ۖ وَإِنْ تَشْكُرُوا يَرْضَهُ لَكُمْ ۗ وَلَا تَزِرُ وَازِرَةٌ وِزْرَ أُخْرَىٰ ۗ ثُمَّ إِلَىٰ رَبِّكُمْ مَرْجِعُكُمْ فَيُنَبِّئُكُمْ بِمَا كُنْتُمْ تَعْمَلُونَ ۚ إِنَّهُ عَلِيمٌ بِذَاتِ الصُّدُورِ",
            "13": "وَإِذَا مَسَّ الْإِنْسَانَ ضُرٌّ دَعَا رَبَّهُ مُنِيبًا إِلَيْهِ ثُمَّ إِذَا خَوَّلَهُ نِعْمَةً مِنْهُ نَسِيَ مَا كَانَ يَدْعُو إِلَيْهِ مِنْ قَبْلُ وَجَعَلَ لِلَّهِ أَنْدَادًا لِيُضِلَّ عَنْ سَبِيلِهِ ۚ قُلْ تَمَتَّعْ بِكُفْرِكَ قَلِيلًا ۖ إِنَّكَ مِنْ أَصْحَابِ النَّارِ",
            "14": "أَمَّنْ هُوَ قَانِتٌ آنَاءَ اللَّيْلِ سَاجِدًا وَقَائِمًا يَحْذَرُ الْآخِرَةَ وَيَرْجُو رَحْمَةَ رَبِّهِ ۗ قُلْ هَلْ يَسْتَوِي الَّذِينَ يَعْلَمُونَ وَالَّذِينَ لَا يَعْلَمُونَ ۗ إِنَّمَا يَتَذَكَّرُ أُولُو الْأَلْبَابِ",
            "15": "قُلْ يَا عِبَادِ الَّذِينَ آمَنُوا اتَّقُوا رَبَّكُمْ ۚ لِلَّذِينَ أَحْسَنُوا فِي هَٰذِهِ الدُّنْيَا حَسَنَةٌ ۗ وَأَرْضُ اللَّهِ وَاسِعَةٌ ۗ إِنَّمَا يُوَفَّى الصَّابِرُونَ أَجْرَهُمْ بِغَيْرِ حِسَابٍ",
            "16": "قُلْ إِنِّي أُمِرْتُ أَنْ أَعْبُدَ اللَّهَ مُخْلِصًا لَهُ الدِّينَ",
            "17": "وَأُمِرْتُ لِأَنْ أَكُونَ أَوَّلَ الْمُسْلِمِينَ",
            "18": "قُلْ إِنِّي أَخَافُ إِنْ عَصَيْتُ رَبِّي عَذَابَ يَوْمٍ عَظِيمٍ",
            "19": "قُلِ اللَّهَ أَعْبُدُ مُخْلِصًا لَهُ دِينِي",
            "20": "فَاعْبُدُوا مَا شِئْتُمْ مِنْ دُونِهِ ۗ قُلْ إِنَّ الْخَاسِرِينَ الَّذِينَ خَسِرُوا أَنْفُسَهُمْ وَأَهْلِيهِمْ يَوْمَ الْقِيَامَةِ ۗ أَلَا ذَٰلِكَ هُوَ الْخُسْرَانُ الْمُبِينُ",
            "21": "لَهُمْ مِنْ فَوْقِهِمْ ظُلَلٌ مِنَ النَّارِ وَمِنْ تَحْتِهِمْ ظُلَلٌ ۚ ذَٰلِكَ يُخَوِّفُ اللَّهُ بِهِ عِبَادَهُ ۚ يَا عِبَادِ فَاتَّقُونِ",
            "22": "وَالَّذِينَ اجْتَنَبُوا الطَّاغُوتَ أَنْ يَعْبُدُوهَا وَأَنَابُوا إِلَى اللَّهِ لَهُمُ الْبُشْرَىٰ ۚ فَبَشِّرْ عِبَادِ",
            "23": "الَّذِينَ يَسْتَمِعُونَ الْقَوْلَ فَيَتَّبِعُونَ أَحْسَنَهُ ۚ أُولَٰئِكَ الَّذِينَ هَدَاهُمُ اللَّهُ ۖ وَأُولَٰئِكَ هُمْ أُولُو الْأَلْبَابِ",
            "24": "أَفَمَنْ حَقَّ عَلَيْهِ كَلِمَةُ الْعَذَابِ أَفَأَنْتَ تُنْقِذُ مَنْ فِي النَّارِ",
            "25": "لَٰكِنِ الَّذِينَ اتَّقَوْا رَبَّهُمْ لَهُمْ غُرَفٌ مِنْ فَوْقِهَا غُرَفٌ مَبْنِيَّةٌ تَجْرِي مِنْ تَحْتِهَا الْأَنْهَارُ ۖ وَعْدَ اللَّهِ ۖ لَا يُخْلِفُ اللَّهُ الْمِيعَادَ",
            "26": "أَلَمْ تَرَ أَنَّ اللَّهَ أَنْزَلَ مِنَ السَّمَاءِ مَاءً فَسَلَكَهُ يَنَابِيعَ فِي الْأَرْضِ ثُمَّ يُخْرِجُ بِهِ زَرْعًا مُخْتَلِفًا أَلْوَانُهُ ثُمَّ يَهِيجُ فَتَرَاهُ مُصْفَرًّا ثُمَّ يَجْعَلُهُ حُطَامًا ۚ إِنَّ فِي ذَٰلِكَ لَذِكْرَىٰ لِأُولِي الْأَلْبَابِ",
            "27": "أَفَمَنْ شَرَحَ اللَّهُ صَدْرَهُ لِلْإِسْلَامِ فَهُوَ عَلَىٰ نُورٍ مِنْ رَبِّهِ ۚ فَوَيْلٌ لِلْقَاسِيَةِ قُلُوبُهُمْ مِنْ ذِكْرِ اللَّهِ ۚ أُولَٰئِكَ فِي ضَلَالٍ مُبِينٍ",
            "28": "اللَّهُ نَزَّلَ أَحْسَنَ الْحَدِيثِ كِتَابًا مُتَشَابِهًا مَثَانِيَ تَقْشَعِرُّ مِنْهُ جُلُودُ الَّذِينَ يَخْشَوْنَ رَبَّهُمْ ثُمَّ تَلِينُ جُلُودُهُمْ وَقُلُوبُهُمْ إِلَىٰ ذِكْرِ اللَّهِ ۚ ذَٰلِكَ هُدَى اللَّهِ يَهْدِي بِهِ مَنْ يَشَاءُ ۚ وَمَنْ يُضْلِلِ اللَّهُ فَمَا لَهُ مِنْ هَادٍ",
            "29": "أَفَمَنْ يَتَّقِي بِوَجْهِهِ سُوءَ الْعَذَابِ يَوْمَ الْقِيَامَةِ ۚ وَقِيلَ لِلظَّالِمِينَ ذُوقُوا مَا كُنْتُمْ تَكْسِبُونَ",
            "30": "كَذَّبَ الَّذِينَ مِنْ قَبْلِهِمْ فَأَتَاهُمُ الْعَذَابُ مِنْ حَيْثُ لَا يَشْعُرُونَ",
            "31": "فَأَذَاقَهُمُ اللَّهُ الْخِزْيَ فِي الْحَيَاةِ الدُّنْيَا ۖ وَلَعَذَابُ الْآخِرَةِ أَكْبَرُ ۚ لَوْ كَانُوا يَعْلَمُونَ",
            "32": "وَلَقَدْ ضَرَبْنَا لِلنَّاسِ فِي هَٰذَا الْقُرْآنِ مِنْ كُلِّ مَثَلٍ لَعَلَّهُمْ يَتَذَكَّرُونَ",
            "33": "قُرْآنًا عَرَبِيًّا غَيْرَ ذِي عِوَجٍ لَعَلَّهُمْ يَتَّقُونَ",
            "34": "ضَرَبَ اللَّهُ مَثَلًا رَجُلًا فِيهِ شُرَكَاءُ مُتَشَاكِسُونَ وَرَجُلًا سَلَمًا لِرَجُلٍ هَلْ يَسْتَوِيَانِ مَثَلًا ۚ الْحَمْدُ لِلَّهِ ۚ بَلْ أَكْثَرُهُمْ لَا يَعْلَمُونَ",
            "35": "إِنَّكَ مَيِّتٌ وَإِنَّهُمْ مَيِّتُونَ",
            "36": "ثُمَّ إِنَّكُمْ يَوْمَ الْقِيَامَةِ عِنْدَ رَبِّكُمْ تَخْتَصِمُونَ",
            "37": "فَمَنْ أَظْلَمُ مِمَّنْ كَذَبَ عَلَى اللَّهِ وَكَذَّبَ بِالصِّدْقِ إِذْ جَاءَهُ ۚ أَلَيْسَ فِي جَهَنَّمَ مَثْوًى لِلْكَافِرِينَ",
            "38": "وَالَّذِي جَاءَ بِالصِّدْقِ وَصَدَّقَ بِهِ ۙ أُولَٰئِكَ هُمُ الْمُتَّقُونَ",
            "39": "لَهُمْ مَا يَشَاءُونَ عِنْدَ رَبِّهِمْ ۚ ذَٰلِكَ جَزَاءُ الْمُحْسِنِينَ",
            "40": "لِيُكَفِّرَ اللَّهُ عَنْهُمْ أَسْوَأَ الَّذِي عَمِلُوا وَيَجْزِيَهُمْ أَجْرَهُمْ بِأَحْسَنِ الَّذِي كَانُوا يَعْمَلُونَ",
            "41": "أَلَيْسَ اللَّهُ بِكَافٍ عَبْدَهُ ۖ وَيُخَوِّفُونَكَ بِالَّذِينَ مِنْ دُونِهِ ۚ وَمَنْ يُضْلِلِ اللَّهُ فَمَا لَهُ مِنْ هَادٍ",
            "42": "وَمَنْ يَهْدِ اللَّهُ فَمَا لَهُ مِنْ مُضِلٍّ ۗ أَلَيْسَ اللَّهُ بِعَزِيزٍ ذِي انْتِقَامٍ",
            "43": "وَلَئِنْ سَأَلْتَهُمْ مَنْ خَلَقَ السَّمَاوَاتِ وَالْأَرْضَ لَيَقُولُنَّ اللَّهُ ۚ قُلْ أَفَرَأَيْتُمْ مَا تَدْعُونَ مِنْ دُونِ اللَّهِ إِنْ أَرَادَنِيَ اللَّهُ بِضُرٍّ هَلْ هُنَّ كَاشِفَاتُ ضُرِّهِ أَوْ أَرَادَنِي بِرَحْمَةٍ هَلْ هُنَّ مُمْسِكَاتُ رَحْمَتِهِ ۚ قُلْ حَسْبِيَ اللَّهُ ۖ عَلَيْهِ يَتَوَكَّلُ الْمُتَوَكِّلُونَ",
            "44": "قُلْ يَا قَوْمِ اعْمَلُوا عَلَىٰ مَكَانَتِكُمْ إِنِّي عَامِلٌ ۖ فَسَوْفَ تَعْلَمُونَ",
            "45": "مَنْ يَأْتِيهِ عَذَابٌ يُخْزِيهِ وَيَحِلُّ عَلَيْهِ عَذَابٌ مُقِيمٌ",
            "46": "إِنَّا أَنْزَلْنَا عَلَيْكَ الْكِتَابَ لِلنَّاسِ بِالْحَقِّ ۖ فَمَنِ اهْتَدَىٰ فَلِنَفْسِهِ ۖ وَمَنْ ضَلَّ فَإِنَّمَا يَضِلُّ عَلَيْهَا ۖ وَمَا أَنْتَ عَلَيْهِمْ بِوَكِيلٍ",
            "47": "اللَّهُ يَتَوَفَّى الْأَنْفُسَ حِينَ مَوْتِهَا وَالَّتِي لَمْ تَمُتْ فِي مَنَامِهَا ۖ فَيُمْسِكُ الَّتِي قَضَىٰ عَلَيْهَا الْمَوْتَ وَيُرْسِلُ الْأُخْرَىٰ إِلَىٰ أَجَلٍ مُسَمًّى ۚ إِنَّ فِي ذَٰلِكَ لَآيَاتٍ لِقَوْمٍ يَتَفَكَّرُونَ",
            "48": "أَمِ اتَّخَذُوا مِنْ دُونِ اللَّهِ شُفَعَاءَ ۚ قُلْ أَوَلَوْ كَانُوا لَا يَمْلِكُونَ شَيْئًا وَلَا يَعْقِلُونَ",
            "49": "قُلْ لِلَّهِ الشَّفَاعَةُ جَمِيعًا ۖ لَهُ مُلْكُ السَّمَاوَاتِ وَالْأَرْضِ ۖ ثُمَّ إِلَيْهِ تُرْجَعُونَ",
            "50": "وَإِذَا ذُكِرَ اللَّهُ وَحْدَهُ اشْمَأَزَّتْ قُلُوبُ الَّذِينَ لَا يُؤْمِنُونَ بِالْآخِرَةِ ۖ وَإِذَا ذُكِرَ الَّذِينَ مِنْ دُونِهِ إِذَا هُمْ يَسْتَبْشِرُونَ",
            "51": "قُلِ اللَّهُمَّ فَاطِرَ السَّمَاوَاتِ وَالْأَرْضِ عَالِمَ الْغَيْبِ وَالشَّهَادَةِ أَنْتَ تَحْكُمُ بَيْنَ عِبَادِكَ فِي مَا كَانُوا فِيهِ يَخْتَلِفُونَ",
            "52": "وَلَوْ أَنَّ لِلَّذِينَ ظَلَمُوا مَا فِي الْأَرْضِ جَمِيعًا وَمِثْلَهُ مَعَهُ لَافْتَدَوْا بِهِ مِنْ سُوءِ الْعَذَابِ يَوْمَ الْقِيَامَةِ ۚ وَبَدَا لَهُمْ مِنَ اللَّهِ مَا لَمْ يَكُونُوا يَحْتَسِبُونَ",
            "53": "وَبَدَا لَهُمْ سَيِّئَاتُ مَا كَسَبُوا وَحَاقَ بِهِمْ مَا كَانُوا بِهِ يَسْتَهْزِئُونَ",
            "54": "فَإِذَا مَسَّ الْإِنْسَانَ ضُرٌّ دَعَانَا ثُمَّ إِذَا خَوَّلْنَاهُ نِعْمَةً مِنَّا قَالَ إِنَّمَا أُوتِيتُهُ عَلَىٰ عِلْمٍ ۚ بَلْ هِيَ فِتْنَةٌ وَلَٰكِنَّ أَكْثَرَهُمْ لَا يَعْلَمُونَ",
            "55": "قَدْ قَالَهَا الَّذِينَ مِنْ قَبْلِهِمْ فَمَا أَغْنَىٰ عَنْهُمْ مَا كَانُوا يَكْسِبُونَ",
            "56": "فَأَصَابَهُمْ سَيِّئَاتُ مَا كَسَبُوا ۚ وَالَّذِينَ ظَلَمُوا مِنْ هَٰؤُلَاءِ سَيُصِيبُهُمْ سَيِّئَاتُ مَا كَسَبُوا وَمَا هُمْ بِمُعْجِزِينَ",
            "57": "أَوَلَمْ يَعْلَمُوا أَنَّ اللَّهَ يَبْسُطُ الرِّزْقَ لِمَنْ يَشَاءُ وَيَقْدِرُ ۚ إِنَّ فِي ذَٰلِكَ لَآيَاتٍ لِقَوْمٍ يُؤْمِنُونَ",
            "58": "قُلْ يَا عِبَادِيَ الَّذِينَ أَسْرَفُوا عَلَىٰ أَنْفُسِهِمْ لَا تَقْنَطُوا مِنْ رَحْمَةِ اللَّهِ ۚ إِنَّ اللَّهَ يَغْفِرُ الذُّنُوبَ جَمِيعًا ۚ إِنَّهُ هُوَ الْغَفُورُ الرَّحِيمُ",
            "59": "وَأَنِيبُوا إِلَىٰ رَبِّكُمْ وَأَسْلِمُوا لَهُ مِنْ قَبْلِ أَنْ يَأْتِيَكُمُ الْعَذَابُ ثُمَّ لَا تُنْصَرُونَ",
            "60": "وَاتَّبِعُوا أَحْسَنَ مَا أُنْزِلَ إِلَيْكُمْ مِنْ رَبِّكُمْ مِنْ قَبْلِ أَنْ يَأْتِيَكُمُ الْعَذَابُ بَغْتَةً وَأَنْتُمْ لَا تَشْعُرُونَ",
            "61": "أَنْ تَقُولَ نَفْسٌ يَا حَسْرَتَا عَلَىٰ مَا فَرَّطْتُ فِي جَنْبِ اللَّهِ وَإِنْ كُنْتُ لَمِنَ السَّاخِرِينَ",
            "62": "أَوْ تَقُولَ لَوْ أَنَّ اللَّهَ هَدَانِي لَكُنْتُ مِنَ الْمُتَّقِينَ",
            "63": "أَوْ تَقُولَ حِينَ تَرَى الْعَذَابَ لَوْ أَنَّ لِي كَرَّةً فَأَكُونَ مِنَ الْمُحْسِنِينَ",
            "64": "بَلَىٰ قَدْ جَاءَتْكَ آيَاتِي فَكَذَّبْتَ بِهَا وَاسْتَكْبَرْتَ وَكُنْتَ مِنَ الْكَافِرِينَ",
            "65": "وَيَوْمَ الْقِيَامَةِ تَرَى الَّذِينَ كَذَبُوا عَلَى اللَّهِ وُجُوهُهُمْ مُسْوَدَّةٌ ۚ أَلَيْسَ فِي جَهَنَّمَ مَثْوًى لِلْمُتَكَبِّرِينَ",
            "66": "وَيُنَجِّي اللَّهُ الَّذِينَ اتَّقَوْا بِمَفَازَتِهِمْ لَا يَمَسُّهُمُ السُّوءُ وَلَا هُمْ يَحْزَنُونَ",
            "67": "اللَّهُ خَالِقُ كُلِّ شَيْءٍ ۖ وَهُوَ عَلَىٰ كُلِّ شَيْءٍ وَكِيلٌ",
            "68": "لَهُ مَقَالِيدُ السَّمَاوَاتِ وَالْأَرْضِ ۗ وَالَّذِينَ كَفَرُوا بِآيَاتِ اللَّهِ أُولَٰئِكَ هُمُ الْخَاسِرُونَ",
            "69": "قُلْ أَفَغَيْرَ اللَّهِ تَأْمُرُونِّي أَعْبُدُ أَيُّهَا الْجَاهِلُونَ",
            "70": "وَلَقَدْ أُوحِيَ إِلَيْكَ وَإِلَى الَّذِينَ مِنْ قَبْلِكَ لَئِنْ أَشْرَكْتَ لَيَحْبَطَنَّ عَمَلُكَ وَلَتَكُونَنَّ مِنَ الْخَاسِرِينَ",
            "71": "بَلِ اللَّهَ فَاعْبُدْ وَكُنْ مِنَ الشَّاكِرِينَ",
            "72": "وَمَا قَدَرُوا اللَّهَ حَقَّ قَدْرِهِ وَالْأَرْضُ جَمِيعًا قَبْضَتُهُ يَوْمَ الْقِيَامَةِ وَالسَّمَاوَاتُ مَطْوِيَّاتٌ بِيَمِينِهِ ۚ سُبْحَانَهُ وَتَعَالَىٰ عَمَّا يُشْرِكُونَ",
            "73": "وَنُفِخَ فِي الصُّورِ فَصَعِقَ مَنْ فِي السَّمَاوَاتِ وَمَنْ فِي الْأَرْضِ إِلَّا مَنْ شَاءَ اللَّهُ ۖ ثُمَّ نُفِخَ فِيهِ أُخْرَىٰ فَإِذَا هُمْ قِيَامٌ يَنْظُرُونَ",
            "74": "وَأَشْرَقَتِ الْأَرْضُ بِنُورِ رَبِّهَا وَوُضِعَ الْكِتَابُ وَجِيءَ بِالنَّبِيِّينَ وَالشُّهَدَاءِ وَقُضِيَ بَيْنَهُمْ بِالْحَقِّ وَهُمْ لَا يُظْلَمُونَ",
            "75": "وَوُفِّيَتْ كُلُّ نَفْسٍ مَا عَمِلَتْ وَهُوَ أَعْلَمُ بِمَا يَفْعَلُونَ",
            "76": "وَسِيقَ الَّذِينَ كَفَرُوا إِلَىٰ جَهَنَّمَ زُمَرًا ۖ حَتَّىٰ إِذَا جَاءُوهَا فُتِحَتْ أَبْوَابُهَا وَقَالَ لَهُمْ خَزَنَتُهَا أَلَمْ يَأْتِكُمْ رُسُلٌ مِنْكُمْ يَتْلُونَ عَلَيْكُمْ آيَاتِ رَبِّكُمْ وَيُنْذِرُونَكُمْ لِقَاءَ يَوْمِكُمْ هَٰذَا ۚ قَالُوا بَلَىٰ وَلَٰكِنْ حَقَّتْ كَلِمَةُ الْعَذَابِ عَلَى الْكَافِرِينَ",
            "77": "قِيلَ ادْخُلُوا أَبْوَابَ جَهَنَّمَ خَالِدِينَ فِيهَا ۖ فَبِئْسَ مَثْوَى الْمُتَكَبِّرِينَ",
            "78": "وَسِيقَ الَّذِينَ اتَّقَوْا رَبَّهُمْ إِلَى الْجَنَّةِ زُمَرًا ۖ حَتَّىٰ إِذَا جَاءُوهَا وَفُتِحَتْ أَبْوَابُهَا وَقَالَ لَهُمْ خَزَنَتُهَا سَلَامٌ عَلَيْكُمْ طِبْتُمْ فَادْخُلُوهَا خَالِدِينَ",
            "79": "وَقَالُوا الْحَمْدُ لِلَّهِ الَّذِي صَدَقَنَا وَعْدَهُ وَأَوْرَثَنَا الْأَرْضَ نَتَبَوَّأُ مِنَ الْجَنَّةِ حَيْثُ نَشَاءُ ۖ فَنِعْمَ أَجْرُ الْعَامِلِينَ",
            "80": "وَتَرَى الْمَلَائِكَةَ حَافِّينَ مِنْ حَوْلِ الْعَرْشِ يُسَبِّحُونَ بِحَمْدِ رَبِّهِمْ ۖ وَقُضِيَ بَيْنَهُمْ بِالْحَقِّ وَقِيلَ الْحَمْدُ لِلَّهِ رَبِّ الْعَالَمِينَ"
        },
        "farsi": {
         "6": "\n[این] کتابی است که از سوی خداوند توانای شکست ناپذیر و حکیم نازل شده است ",
            "7": "بی تردید ما این کتاب را به حق بر تو نازل کردیم، خدا را در حالی بپرست که اعتقاد و عبادت را برای او [از هرگونه شرکی] خالص می کنی",
            "8": " آگاه باشید! که عبادتِ خالص فقط برای خداست [و غیر خالص به پیشگاهش راه ندارد]، و کسانی که به جای خداوند معبودانی انتخاب کرده اند [ادعایشان این است که:] ما آن ها را نمی پرستیم جز برای این که ما را آن گونه که شایسته است به خدا نزدیک کنند. مسلّماً خداوند بین بُت پرستان و خداپرستان در روشی که در آن اختلاف دارند داوری خواهد کرد، بی تردید خداوند کسی را که دروغ گو و بسیار ناسپاس است هدایت نمی کند ",
            "9": " اگر [بر فرض محال] خداوند می خواست فرزندی انتخاب کند، آنچه را خودش می خواست از بین آفریده هایش انتخاب می کرد، ولی او [از این که فرزندی برایش باشد] منزّه است [؛ زیرا الوهیت و ربوبیتش از داشتن فرزند امتناع دارد،] او خداوند یگانه و قهار است، [و در تدبیر امور به اَحدی نیاز ندارد ]",
            "10": " آسمان ها و زمین را به حق آفرید، شب را به روز می پیچد، و روز را به شب می پیچاند، خورشید و ماه را [جهت سودرسانی به انسان و دیگر موجودات] به کار گرفت، هرکدام تا زمانی معین در حرکتند، آگاه باشید! او توانای شکست ناپذیر و بسیار آمرزنده است ",
            "11": "\n \nشما را از یک تَن آفرید، پس از آن همسرش را از همان [جنس] به وجود آورد، و به سود شما از چهارپایان [شتر و گاو و گوسفند و بُز] هشت زوج پدید آورد، شما [انسان ها] را در شکم مادرانتان آفرینشی پس از آفرینشی در میان تاریکی های سه گانۀ [شکم، رحِم و بچه دان] می آفریند، این است خدا که مالک و مدبّر [امور] شماست، فرمانروایی مطلق [بر همۀ هستی] ویژۀ اوست، هیچ معبودی جز او نیست، پس چگونه [از راه حق] منحرفتان می کنند؟",
            "12": " اگر [نعمت آفرینشِ خود و همۀ نعمت ها را] ناسپاسی کنید [زیانی به خدا نمی رسد؛ زیرا] خدا از [همۀ] شما بی نیاز است، او ناسپاسی را برای بندگانش رضایت نمی دهد، چنانچه سپاس گزار باشید به سود شما به آن رضایت می دهد، هیچ گنه کاری بارِ [گناه] دیگری را به دوش نمی کشد، پس [از سپری شدن زندگیتان در دنیا،] بازگشتتان به سوی پروردگارتان خواهد بود، و شما را به آنچه همواره انجام می دادید آگاه می کند؛ زیرا او به اسرار و نیات باطن ها آگاه است",
            "13": " چون به انسان آسیبی رسد پروردگارش را درحالی که [با توجه و اخلاص] به او روی می آورد، [برای برطرف شدن آسیبش] می خواند، سپس وقتی [خداوند] از جانب خود به او نعمتِ [آسودگی و رفع مشکلات] عطا می کند، آن آسیب را که قبلاً برای [برطرف شدن] آن دعا می کرد به فراموشی می سپارد، و دیگر بار برای خداوندِ یکتا همتایانی قرار می دهد تا [به وسیلۀ فرهنگ شرک، مردم را] از راه خدا منحرف کند، بگو: [ای انسان!] اندک زمانی از کفر و ناسپاسی ات برخوردار باش، که تو اهل آتش [دوزخ] هستی !",
            "14": " [آیا چنین کفران کنندۀ ناسپاسی بهتر است] یا کسی که در ساعت های شب، در حال سجده و قیام به عبادت [خالصانه] مشغول است، و از آخرت بیمناک است، و به رحمت پروردگارش امید دارد؟ بگو: آیا کسانی که معرفت [به حقایق] دارند با کسانی که تهی از معرفتند یکسانند؟ فقط خردمندانِ [حق جو] پند پذیرند ",
            "15": " بگو: ای بندگان مؤمنم! از پروردگارتان [اطاعت کنید، و از محرّماتش] بپرهیزید، برای آنان که در این دنیا نیکی کرده اند پاداش نیکی است، [اگر برای نیکی کردن به هر دلیلی در تنگنا و مضیقه بودید به سرزمینی دیگر مهاجرت کنید؛ زیرا] زمینِ خدا گسترده و پهناور است، جز این نیست که پاداشِ شکیبایان را کامل و بی حساب خواهند داد ",
            "16": "\n \nبگو: من مأمورم که خداوند را با اعتقادی خالص و پاک بپرستم ",
            "17": " و مأمورم که [در این آیین] نخستین بنده تسلیم [به خداوند] باشم ",
            "18": " بگو: چنانچه پروردگارم را نافرمانی کنم از [نتیجۀ شومِ آن، که] عذاب روزی بزرگ [است] می ترسم ",
            "19": " بگو: فقط و فقط خداوند را درحالی که اعتقاد و عبادتم را برای او خالص کرده ام می پرستم ",
            "20": " پس شما هرچه را می خواهید به جای او بپرستید. بگو: بی تردید زیان کارانِ [واقعی] کسانی هستند که در قیامت [ببینند سرمایه های وجودی] خود و اهلشان را [به سبب پرستش غیر خدا] تباه کرده اند، آگاه باشید زیانِ آشکار همین است !",
            "21": " برای آنان از بالای سرشان و از زیر پایشان طبقاتی از آتش است، این [عذابی] است که خداوند [همه] بندگانش را از آن می ترساند، ای بندگانم! خود را [از این که نسبت به من نافرمان باشید] حفظ کنید ",
            "22": " کسانی که از پرستش [و اطاعت] طاغوت [یعنی سردمداران کفر و شرک، سرکشان زورگو، استعمارگران خائن و خواسته های نامشروع خود، با همۀ وجود] دوری کردند و به درگاه خدا بازگشتند بر آنان [به بهشت] مژده باد، پس بندگانم را مژده ده !",
            "23": " هم آنان که سخن را می شنوند، و از بهترینش [که آنان را در سایۀ عملِ به آن به حق می رساند] پیروی می کنند، اینانند که خداوند هدایتشان کرده، و اینان صاحبان خِردند ",
            "24": " آیا کسی که [بر اثر تعصبش به کفر و شرک،] وعدۀ عذاب بر او حتمی و ثابت شده می توانی [هدایت کنی؟ و] از آتش [دوزخ که خود بر اثر گناهانش برای خود فراهم آورده] نجاتش دهی؟",
            "25": " ولی برای کسانی که از پروردگارشان [اطاعت کرده، و از محرّماتش] پرهیز داشتند غرفه هایی در بهشت است که بر فراز آن ها غرفه های دیگر بنا شده، درحالی که از زیر آن ها نهرها جاری است، [به] وعدۀ خدا [یقین داشته باش]، خدا از وعدۀ [خود] تخلّف نمی کند",
            "26": " آیا ندانسته ای که خداوند از آسمان، آبی فرستاد و آن را به صورت چشمه هایی در زمین نفوذ داد، سپس به وسیلۀ آن زراعتی پدید می آورد که رنگ هایش متنوع است، سپس [آن زراعت پس از مدتی] خشک می شود نهایتاً آن را زردشده می بینی، سپس خاشاکش می کند، مسلّماً در این [دگرگونی ها] برای خردمندانِ [حق جو] مایۀ بیداری [در مورد ربوبیت، و قدرت و رحمت خداوند] است ",
            "27": "\n \nآیا کسی که خداوند سینه اش را برای تسلیم [در برابر قرآن، حلال و حرام و معارف دینی] گنجایش داده، و از سوی پروردگارش برخوردار از نور [ایمان و معرفت] است، [مانند کسی است که دچار سنگدلی است، و به این خاطر از قبول اسلام امتناع می ورزد؟] پس وای بر سنگدلان از ذکر خدا [که قلبشان متنفر می شود]، اینانند که در گمراهی آشکاری هستند !",
            "28": " خداوند نیکوترین سخن را [برای هدایت مردم] فرستاده، کتابی که [آیاتش در نظم و محتوا و فصاحت و بلاغت] شبیه [یکدیگر] است، و [بسیاری از اوامر و نواهی، داستان های پند آموز و مطالب استوارش به مناسبت های گوناگون] تکرار شده، پوست [بدنِ] کسانی که از پروردگارشان می هراسند از [شنیدن و اثرپذیری از آیات] آن به لرزه می افتد، سپس پوست و دلشان در پرتوِ یاد خداوند آرامش می یابد، این [قرآن] هدایت خداست که هرکه را بخواهد به وسیلۀ آن هدایت می کند، و هرکه را خداوند [به کیفر لجاجت و عنادش] گمراه کند هیچ هدایت کننده ای برای او نخواهد بود ",
            "29": " آیا کسی که روز قیامت [به علت اوج ناتوانی و بسته بودنِ دست هایش] می خواهد با [سپر قراردادنِ] صورتش آسیب عذاب را [از خود] دفع کند، [مانند کسی است که از عذاب ایمن است؟] به ستمکارانِ [به آیات حق] گفته می شود: آن اعمال [بدی] را که همواره مرتکب می شدید [و اکنون به صورت عذاب رخ نشان می دهد] بچشید! ",
            "30": " کسانی که پیش از اینان بودند [و همین گونه آیات خدا را] منکر شدند از جایی که گمان نمی کردند عذاب به سویشان آمد ",
            "31": " پس خداوند [عذاب] خواری را در دنیا به آنان چشانید، و قطعاً عذاب آخرت دردناک تر و سخت تر است، اگر می فهمیدند ",
            "32": " ما در این قرآن [برای هدایت مردم] هرگونه مَثَلی زده ایم که [از خواب غفلت] بیدار شوند ",
            "33": " قرآنی است گویا و رسا، و بدون هرگونه کژی و انحراف، برای این که همگان [در سایۀ تعالیمش، از شرک و عصیان و تبهکاری و فساد] بپرهیزند ",
            "34": " خداوند [برای فهماندن وضع موحّدان و مشرکان] مَثَلی زده است؛ مردی که اربابانی ناسازگار و سخت گیر در [مالکیت] او شریک باشند [و فرمان های مختلف و طاقت فرسا به او دهند]، و مردی که [فقط] مملوک یک نفر است [و تنها از او فرمان بگیرد]، آیا این دو نفر [در خصوصیات و حالات زندگی] یکسانند؟ همۀ ستایش ها ویژۀ خداست [که تنها فرمانروای هستی است، و موحّدان فقط از او دستور می گیرند،] ولی بیشتر مردم [به آثار و منافع بندگی خدای یگانه] ناآگاهند ",
            "35": " بی تردید تو [پس از پایان یافتنِ مهلت معینت] می میری، و آنان [که کافر و مشرکند] نیز می میرند ",
            "36": " سپس همۀ شما روز قیامت در پیشگاه پروردگارتان، بحث و گفتگو خواهید کرد ",
            "37": "\n \nستمکارتر از کسی که بر خداوند دروغ بست، و این سخنِ راست و درست [یعنی قرآن] را چون به سویش آمد انکار کرد کیست؟ آیا برای کافران جایگاهی در دوزخ نیست؟",
            "38": " کسانی [چون پیامبران] که سخن راست و درست را از جانب خداوند آورده اند، و [آنان که حقانیت آن را] تصدیق کرده اند [همۀ] آنان تقواپیشگانند ",
            "39": " برای آن تقواپیشگان نزد پروردگارشان هرچه بخواهند فراهم است، این است پاداش نیکوکاران ",
            "40": " [چنین پاداشی را به آنان وعدۀ حتمی داده] تا خداوند [از برکت این وعده،] زشت ترین اعمالی را که انجام داده اند [از پروندۀ آنان] محو کند، و بر پایۀ بهترین عملی که همواره انجام می دادند پاداششان دهد ",
            "41": " آیا خداوند برای بنده اش [در همۀ امور] بس نیست؟ ولی [مخالفانت بی توجه به ایمان و پایداری ات] در مقام ترساندنت از غیر خدا هستند، [اینان در چه گمراهی و خیال باطلی غرقند!] خداوند هرکه را [به کیفر عناد و کفرش] در گمراهی وانهد هیچ هدایت کننده ای برای او نخواهد بود ",
            "42": " و هرکه را خداوند هدایت کند هیچ گمراه کننده ای برای او وجود نخواهد داشت، آیا خداوند توانای شکست ناپذیر و انتقام گیرنده نیست؟",
            "43": " اگر از آنان بپرسی آسمان ها و زمین را چه کسی آفریده؟ قاطعانه می گویند: خداوند. بگو: دربارۀ معبودانی غیر خداوند که [برای حل مشکلاتتان و رواشدن حاجاتتان] از آنان کمک می خواهید به من خبر دهید، که اگر خداوند گزند و آسیبی برای من بخواهد آیا آنان برطرف کنندۀ گزند و آسیب او از من هستند؟ یا اگر نعمت و رفاهی برای من بخواهد آیا بازدارندۀ نعمت و رفاهش از من هستند؟ بگو: خداوند [در همۀ امور] مرا بس است، و توکل کنندگان فقط بر او توکل می کنند ",
            "44": " بگو: ای قومِ من! شما براساس آنچه [از قدرت و نیرویی] که دارید بکوشید، من هم [بر پایه ایمان و اخلاصم] می کوشم، به زودی خواهید دانست ",
            "45": " چه کسی را [در دنیا] عذابی می رسد که خوار و رسوایش کند، و [در آخرت] عذابی جاودانه بر او فرود می آید",
            "46": "\n \nما این کتاب را برای [هدایت] مردم به درستی و راستی به سوی تو فرستادیم، پس هرکه [به وسیلۀ آن] هدایت یافت به سود خود [هدایت یافته]، و هرکه [با رویگردانی از آن] گمراه شد فقط به زیان خود گمراه می شود، و تو کارگزار آنان نیستی [که بتوانی به اجبار هدایتشان کنی] ",
            "47": " [فقط] خداوند است که جان مردم را به هنگام مرگشان می گیرد، و [جان] آنان را که نمرده اند به هنگام خوابشان [قبض می کند]، پس [جانِ] کسانی که مرگ را بر آنان قطعی کرده نگه می دارد [و به بدن بازنمی گرداند]، و ارواح دیگر را تا مهلت معینی [که از عمرشان باقی است به بدنشان] می فرستد، به یقین برای اندیشمندان در این [مرگ و حیات، و خواب و بیداری] نشانه هایی [از قدرت خدا] است ",
            "48": " [مشرکان نه تنها دربارۀ قدرت خداوند اندیشه نمی کنند،] بلکه به جای خداوند شفیعانی [از بُت ها برای خود] انتخاب کرده اند! بگو: [واقعاً از آنان امید شفاعت دارید] هرچند اختیار چیزی را [در این جهان] نداشته باشند، و [چیزی را] نفهمند[تاجایی که اَحدی از شما را که به آنان دل بسته اید نشناسند]؟!",
            "49": " بگو: همۀ شفاعت [به هر اندازه و به هر کیفیت] در اختیار خداست، مالکیت و فرمانروایی آسمان ها و زمین در سیطرۀ اوست، همۀ شما را [پس از مرگتان] به سوی او بازمی گردانند ",
            "50": " هنگامی که خداوند به تنهایی یاد شود، دل های کسانی که به آخرت ایمان ندارند متنفر می شود، ولی چون از معبودانی غیر خداوند یادی به میان آید بی درنگ خوش حال می گردند!",
            "51": " [چون از ایمان آوردنشان ناامید شوی روی به پیشگاه خداوند کن و] بگو: خداوندا! ای آفرینندۀ آسمان ها و زمین! ای دانای نهان و آشکار! تویی که در بین بندگانت بر سر آنچه [از توحید و شرک] همواره در اختلافند داوری خواهی کرد ",
            "52": " اگر ستمگرانِ [به توحید و به آیات خداوند،] همۀ آنچه را در زمین است و مانندش را توأم با آن مالک باشند، [آماده اند] آن را در برابر [رهایی خود از] عذابِ سختِ روز قیامت بپردازند، ولی از جانب خداوند آنچه را [از عذاب و نتیجۀ اعمال زشتشان] گمان نمی کردند برای آنان آشکار می شود ",
            "53": "\n \n[آن روز همۀ] بدی هایی که [در دنیا] مرتکب شدند [در برابر چشمانشان] پدیدار می شود، و عذابی که همواره به مسخره می گرفتند همۀ وجودشان را احاطه خواهد کرد ",
            "54": " چون به انسان مصیبت و گزندی رسد ما را [برای برطرف شدنش به کمک] می طلبد، و هنگامی که از جانب خود نعمت [و مایۀ آسایشی] به او عنایت کنیم، می گوید: جز این نیست که آن را بر پایۀ دانش [و کاردانی ام] به دست آورده ام! [چنین نیست که می گوید،] بلکه این [آسیب ها و نعمت ها] وسیلۀ آزمایش است [تا سپاس گزاران از ناسپاسان مشخص شوند]، ولی بیشتر مردم [به این حقیقت] معرفت ندارند ",
            "55": " همین [سخن باطل] را کسانی که پیش از اینان بودند گفتند، [و توجه نکردند که هر کاری به ارادۀ حق انجام می گیرد،] نهایتاً آنچه [این یاوه گویان از ثروت و دیگر امکانات] به دست می آوردند هیچ چیزی [از عذاب و آسیب] را از آنان برطرف نساخت ",
            "56": " در نتیجه، کیفر اعمال زشتی که مرتکب شده بودند به آنان رسید، و کسانی از این مردم که [به آیات حق] ستمکارند به زودی عذابِ اعمال بدی که انجام دادند به آنان می رسد، و عاجزکنندۀ [خدا] نیستند [تا بتوانند از دسترس قدرتش بیرون روند]",
            "57": " آیا [مردم] ندانسته اند که خداوند رزق و روزی را برای هرکه بخواهد وسعت می دهد و [یا] تنگ می گیرد، بی تردید در این [اندازه گیری روزی] برای مردمی که ایمان دارند نشانه هایی [از بصیرت و حکمت و مصلحت خواهی خداوند] است ",
            "58": " بگو: ای بندگانم که به زیان خود [در ارتکاب گناه] زیاده روی کرده اید! از رحمت خدا ناامید نشوید، همانا خداوند همۀ گناهان [شما] را می آمرزد؛ زیرا او بسیار آمرزنده و مهربان است ",
            "59": " [مشروط بر این که با توبه و اخلاص] به سوی پروردگارتان بازگردید و تسلیم او شوید، پیش از آنکه عذاب به سراغتان آید و [در برابرش] یاری نشوید ",
            "60": " و از [قرآن،] بهترین کتابی که از جانب پروردگارتان [برای تأمین خیر دنیاو آخرتتان] به سوی شما فرستاده شده پیروی کنید، پیش از آن که ناگهان و درحالی که در بی خبری به سرمی برید عذاب به شما برسد ",
            "61": " تا [مبادا] کسی [به هنگام محاصره شدن در عذاب] بگوید: افسوس که در حق خداوند [و اطاعت از او] کوتاهی و تقصیر کردم، و همانا از مسخره کنندگان [آیاتش] بودم!",
            "62": "\n \nیا بگوید: اگر خداوند هدایتم می کرد یقیناً از پرهیزگاران بودم ",
            "63": " یا چون عذاب را ببیند بگوید: ای کاش برایم راه بازگشتی [به دنیا] بود تا از نیکوکاران می شدم !",
            "64": " [به او گفته می شود: آری [این سخنان تو مردود است؛ زیرا] آیات و معجزاتم [زمانی که در دنیا بودی] به سویت آمد، ولی منکر [همۀ] آن ها شدی، و [از پذیرفتنش] تکبّر کرده و [در مورد آن ها] از کافران گشتی ",
            "65": " در قیامت چهرۀ کسانی را که بر خدا دروغ بستند [که قرآن وحی خدا نیست] سیاه می بینی، آیا برای متکبّران [در برابر وحی] جایگاهی در دوزخ نیست؟",
            "66": " خداوند تقواپیشگان را با دست یافتنشان [به هدف که ایمان و عمل صالح است] نجات می دهد، نه عذابی به آنان می رسد، و نه غمگین می شوند ",
            "67": "خدای یگانه آفریننده و نگهبان هرچیزی است ",
            "68": " کلیدهای آسمان ها و زمین [که در حقیقت تسلط و تدبیرش بر همۀ آن هاست] فقط در دست [قدرت] اوست، و کافران به آیات خداوند همان زیان کاران [واقعی] هستند ",
            "69": " بگو: ای جاهلان! آیا به من فرمان می دهید که غیر خدا را [که همه کارۀ جهان هستی است] بپرستم؟!",
            "70": "مسلّماً به تو و کسانی [از پیامبران] که پیش از تو بودند وحی شده که: چنانچه [برای خدا] شریک قائل شوی یقیناً همۀ اعمالت تباه و بی اثر می شود، و از زیان کاران خواهی بود ",
            "71": "[هرگز شرک نورز،] بلکه فقط خداوند یگانه را بپرست! و [در مورد نعمت های معنوی و مادّی و به ویژه نعمت پرستش خدای یکتا] از سپاس گزاران باش !",
            "72": " خداوند را آ ن گونه که شایستۀ قدرشناسی اوست قدرشناسی نکردند [تا معتقد به یکتایی و قدرت بی نهایت او شوند، و بدانند که] زمین در قیامت یکسره در قبضۀ قدرت اوست، و [همۀ] آسمان ها درهم پیچیده در دست [ارادۀ] اوست، منزّه و برتر است از معبودانی [باطل و پوچ] که شریک او قرار می دهند ",
            "73": "\n \nدر صور دمیده می شود، پس هرکس در آسمان ها و زمین است می میرد مگر کسی که خدا بخواهد [زنده بماند]، سپس بارِ دیگر در صور دمیده می شود ناگاه همه به پامی خیزند و [مات و مبهوت] انتظار می کشند [که سرانجامِ کارشان چه خواهد شد]",
            "74": " زمین به نور پروردگارش روشن می شود، و کتاب [اعمال همۀ انسان ها] را [به دست آنان] می دهند، و پیامبران و گواهان را [برای شهادت دادن دربارۀ اعمال امت ها به عرصۀ محشر] می آورند، و بین مردم براساس قسط و عدل داوری می شود و مورد ستم قرار نمی گیرند ",
            "75": " و به هرکس آنچه را انجام داده به طورکامل [به صورت بهشت یا دوزخ] می دهند، خداوند به اعمالی که انجام می دهند داناتر است [که چگونه در حقشان داوری شود، و چه پاداش یا کیفری دریافت کنند] ",
            "76": " کافران را گروه گروه به سوی دوزخ می رانند، چون به دوزخ رسند درهایش گشوده می شود و نگهبانانش به آنان می گویند: آیا پیامبرانی از [جنس] خودتان به سویتان نیامدند که آیات پروردگارتان را بر شما بخوانند، و شما را از دیدن امروزتان هشدار دهند؟ گویند: آری [آمدند]، ولی [فعلاً چه کنیم که] وعدۀ عذاب بر کافران حتمی و ثابت شده است ؟",
            "77": " [به آنان] گویند: از درهای دوزخ وارد شوید که در آن جاودانه خواهید بود، پس بد جایگاهی است جایگاه آنان که [در برابر حق و آیاتش] متکبّرند، [و در برابر پیامبران خودبزرگ بینند!]",
            "78": " ولی آنان که از پروردگارشان [اطاعت کرده، و از محرّماتش] پرهیز داشتند [همه] را گروه گروه به بهشت می برند، تا چون به آن رسند درحالی که درهایش [از پیش] گشوده شده، نگهبانانش به آنان گویند: سلام [و امنیتِ همه جانبه] بر شما باد! [ای پاک سیرتانِ پاکیزه وجود! این بهشت های پُرنعمت الهی] بر شما گوارا باد! پس وارد آن شوید که در آن جاودانه اید ",
            "79": "و [چون آنان وارد بهشت شوند] می گویند: همۀ ستایش ها ویژۀ خداوند است که به وعده اش دربارۀ ما وفا کرد، و این سرزمین [جاویدانِ] بهشت را به ما میراث داد که در هرکجای آن بخواهیم منزل می گیریم، [آری] پاداش عمل کنندگان نیکوست !",
            "80": "\n \nدر آن روز فرشتگان را می بینی که پیرامون عرش حلقه زده اند درحالی که پروردگارشان را همراه ستایش، [با تسبیح گفتن از هر عیب و نقصی] پاک و مبرّا می دارند، در بین اهل محشر به حق و عدالت داوری می شود، و گفته می شود: همۀ ستایش ها ویژۀ خداوند پروردگار جهانیان است "
        }
    }
}