{
    "2": {
        "number": 2,
        "title": "سورة غافر",
        "bab": 4,
        "delay": 1,
        "arabic": {
            "2": "حم",
            "3": "تَنْزِيلُ الْكِتَابِ مِنَ اللَّهِ الْعَزِيزِ الْعَلِيمِ",
            "4": "غَافِرِ الذَّنْبِ وَقَابِلِ التَّوْبِ شَدِيدِ الْعِقَابِ ذِي الطَّوْلِ ۖ لَا إِلَٰهَ إِلَّا هُوَ ۖ إِلَيْهِ الْمَصِيرُ",
            "5": "مَا يُجَادِلُ فِي آيَاتِ اللَّهِ إِلَّا الَّذِينَ كَفَرُوا فَلَا يَغْرُرْكَ تَقَلُّبُهُمْ فِي الْبِلَادِ",
            "6": "كَذَّبَتْ قَبْلَهُمْ قَوْمُ نُوحٍ وَالْأَحْزَابُ مِنْ بَعْدِهِمْ ۖ وَهَمَّتْ كُلُّ أُمَّةٍ بِرَسُولِهِمْ لِيَأْخُذُوهُ ۖ وَجَادَلُوا بِالْبَاطِلِ لِيُدْحِضُوا بِهِ الْحَقَّ فَأَخَذْتُهُمْ ۖ فَكَيْفَ كَانَ عِقَابِ",
            "7": "وَكَذَٰلِكَ حَقَّتْ كَلِمَتُ رَبِّكَ عَلَى الَّذِينَ كَفَرُوا أَنَّهُمْ أَصْحَابُ النَّارِ",
            "8": "الَّذِينَ يَحْمِلُونَ الْعَرْشَ وَمَنْ حَوْلَهُ يُسَبِّحُونَ بِحَمْدِ رَبِّهِمْ وَيُؤْمِنُونَ بِهِ وَيَسْتَغْفِرُونَ لِلَّذِينَ آمَنُوا رَبَّنَا وَسِعْتَ كُلَّ شَيْءٍ رَحْمَةً وَعِلْمًا فَاغْفِرْ لِلَّذِينَ تَابُوا وَاتَّبَعُوا سَبِيلَكَ وَقِهِمْ عَذَابَ الْجَحِيمِ",
            "9": "رَبَّنَا وَأَدْخِلْهُمْ جَنَّاتِ عَدْنٍ الَّتِي وَعَدْتَهُمْ وَمَنْ صَلَحَ مِنْ آبَائِهِمْ وَأَزْوَاجِهِمْ وَذُرِّيَّاتِهِمْ ۚ إِنَّكَ أَنْتَ الْعَزِيزُ الْحَكِيمُ",
            "10": "وَقِهِمُ السَّيِّئَاتِ ۚ وَمَنْ تَقِ السَّيِّئَاتِ يَوْمَئِذٍ فَقَدْ رَحِمْتَهُ ۚ وَذَٰلِكَ هُوَ الْفَوْزُ الْعَظِيمُ",
            "11": "إِنَّ الَّذِينَ كَفَرُوا يُنَادَوْنَ لَمَقْتُ اللَّهِ أَكْبَرُ مِنْ مَقْتِكُمْ أَنْفُسَكُمْ إِذْ تُدْعَوْنَ إِلَى الْإِيمَانِ فَتَكْفُرُونَ",
            "12": "قَالُوا رَبَّنَا أَمَتَّنَا اثْنَتَيْنِ وَأَحْيَيْتَنَا اثْنَتَيْنِ فَاعْتَرَفْنَا بِذُنُوبِنَا فَهَلْ إِلَىٰ خُرُوجٍ مِنْ سَبِيلٍ",
            "13": "ذَٰلِكُمْ بِأَنَّهُ إِذَا دُعِيَ اللَّهُ وَحْدَهُ كَفَرْتُمْ ۖ وَإِنْ يُشْرَكْ بِهِ تُؤْمِنُوا ۚ فَالْحُكْمُ لِلَّهِ الْعَلِيِّ الْكَبِيرِ",
            "14": "هُوَ الَّذِي يُرِيكُمْ آيَاتِهِ وَيُنَزِّلُ لَكُمْ مِنَ السَّمَاءِ رِزْقًا ۚ وَمَا يَتَذَكَّرُ إِلَّا مَنْ يُنِيبُ",
            "15": "فَادْعُوا اللَّهَ مُخْلِصِينَ لَهُ الدِّينَ وَلَوْ كَرِهَ الْكَافِرُونَ",
            "16": "رَفِيعُ الدَّرَجَاتِ ذُو الْعَرْشِ يُلْقِي الرُّوحَ مِنْ أَمْرِهِ عَلَىٰ مَنْ يَشَاءُ مِنْ عِبَادِهِ لِيُنْذِرَ يَوْمَ التَّلَاقِ",
            "17": "يَوْمَ هُمْ بَارِزُونَ ۖ لَا يَخْفَىٰ عَلَى اللَّهِ مِنْهُمْ شَيْءٌ ۚ لِمَنِ الْمُلْكُ الْيَوْمَ ۖ لِلَّهِ الْوَاحِدِ الْقَهَّارِ",
            "18": "الْيَوْمَ تُجْزَىٰ كُلُّ نَفْسٍ بِمَا كَسَبَتْ ۚ لَا ظُلْمَ الْيَوْمَ ۚ إِنَّ اللَّهَ سَرِيعُ الْحِسَابِ",
            "19": "وَأَنْذِرْهُمْ يَوْمَ الْآزِفَةِ إِذِ الْقُلُوبُ لَدَى الْحَنَاجِرِ كَاظِمِينَ ۚ مَا لِلظَّالِمِينَ مِنْ حَمِيمٍ وَلَا شَفِيعٍ يُطَاعُ",
            "20": "يَعْلَمُ خَائِنَةَ الْأَعْيُنِ وَمَا تُخْفِي الصُّدُورُ",
            "21": "وَاللَّهُ يَقْضِي بِالْحَقِّ ۖ وَالَّذِينَ يَدْعُونَ مِنْ دُونِهِ لَا يَقْضُونَ بِشَيْءٍ ۗ إِنَّ اللَّهَ هُوَ السَّمِيعُ الْبَصِيرُ",
            "22": "أَوَلَمْ يَسِيرُوا فِي الْأَرْضِ فَيَنْظُرُوا كَيْفَ كَانَ عَاقِبَةُ الَّذِينَ كَانُوا مِنْ قَبْلِهِمْ ۚ كَانُوا هُمْ أَشَدَّ مِنْهُمْ قُوَّةً وَآثَارًا فِي الْأَرْضِ فَأَخَذَهُمُ اللَّهُ بِذُنُوبِهِمْ وَمَا كَانَ لَهُمْ مِنَ اللَّهِ مِنْ وَاقٍ",
            "23": "ذَٰلِكَ بِأَنَّهُمْ كَانَتْ تَأْتِيهِمْ رُسُلُهُمْ بِالْبَيِّنَاتِ فَكَفَرُوا فَأَخَذَهُمُ اللَّهُ ۚ إِنَّهُ قَوِيٌّ شَدِيدُ الْعِقَابِ",
            "24": "وَلَقَدْ أَرْسَلْنَا مُوسَىٰ بِآيَاتِنَا وَسُلْطَانٍ مُبِينٍ",
            "25": "إِلَىٰ فِرْعَوْنَ وَهَامَانَ وَقَارُونَ فَقَالُوا سَاحِرٌ كَذَّابٌ",
            "26": "فَلَمَّا جَاءَهُمْ بِالْحَقِّ مِنْ عِنْدِنَا قَالُوا اقْتُلُوا أَبْنَاءَ الَّذِينَ آمَنُوا مَعَهُ وَاسْتَحْيُوا نِسَاءَهُمْ ۚ وَمَا كَيْدُ الْكَافِرِينَ إِلَّا فِي ضَلَالٍ",
            "27": "وَقَالَ فِرْعَوْنُ ذَرُونِي أَقْتُلْ مُوسَىٰ وَلْيَدْعُ رَبَّهُ ۖ إِنِّي أَخَافُ أَنْ يُبَدِّلَ دِينَكُمْ أَوْ أَنْ يُظْهِرَ فِي الْأَرْضِ الْفَسَادَ",
            "28": "وَقَالَ مُوسَىٰ إِنِّي عُذْتُ بِرَبِّي وَرَبِّكُمْ مِنْ كُلِّ مُتَكَبِّرٍ لَا يُؤْمِنُ بِيَوْمِ الْحِسَابِ",
            "29": "وَقَالَ رَجُلٌ مُؤْمِنٌ مِنْ آلِ فِرْعَوْنَ يَكْتُمُ إِيمَانَهُ أَتَقْتُلُونَ رَجُلًا أَنْ يَقُولَ رَبِّيَ اللَّهُ وَقَدْ جَاءَكُمْ بِالْبَيِّنَاتِ مِنْ رَبِّكُمْ ۖ وَإِنْ يَكُ كَاذِبًا فَعَلَيْهِ كَذِبُهُ ۖ وَإِنْ يَكُ صَادِقًا يُصِبْكُمْ بَعْضُ الَّذِي يَعِدُكُمْ ۖ إِنَّ اللَّهَ لَا يَهْدِي مَنْ هُوَ مُسْرِفٌ كَذَّابٌ",
            "30": "يَا قَوْمِ لَكُمُ الْمُلْكُ الْيَوْمَ ظَاهِرِينَ فِي الْأَرْضِ فَمَنْ يَنْصُرُنَا مِنْ بَأْسِ اللَّهِ إِنْ جَاءَنَا ۚ قَالَ فِرْعَوْنُ مَا أُرِيكُمْ إِلَّا مَا أَرَىٰ وَمَا أَهْدِيكُمْ إِلَّا سَبِيلَ الرَّشَادِ",
            "31": "وَقَالَ الَّذِي آمَنَ يَا قَوْمِ إِنِّي أَخَافُ عَلَيْكُمْ مِثْلَ يَوْمِ الْأَحْزَابِ",
            "32": "مِثْلَ دَأْبِ قَوْمِ نُوحٍ وَعَادٍ وَثَمُودَ وَالَّذِينَ مِنْ بَعْدِهِمْ ۚ وَمَا اللَّهُ يُرِيدُ ظُلْمًا لِلْعِبَادِ",
            "33": "وَيَا قَوْمِ إِنِّي أَخَافُ عَلَيْكُمْ يَوْمَ التَّنَادِ",
            "34": "يَوْمَ تُوَلُّونَ مُدْبِرِينَ مَا لَكُمْ مِنَ اللَّهِ مِنْ عَاصِمٍ ۗ وَمَنْ يُضْلِلِ اللَّهُ فَمَا لَهُ مِنْ هَادٍ",
            "35": "وَلَقَدْ جَاءَكُمْ يُوسُفُ مِنْ قَبْلُ بِالْبَيِّنَاتِ فَمَا زِلْتُمْ فِي شَكٍّ مِمَّا جَاءَكُمْ بِهِ ۖ حَتَّىٰ إِذَا هَلَكَ قُلْتُمْ لَنْ يَبْعَثَ اللَّهُ مِنْ بَعْدِهِ رَسُولًا ۚ كَذَٰلِكَ يُضِلُّ اللَّهُ مَنْ هُوَ مُسْرِفٌ مُرْتَابٌ",
            "36": "الَّذِينَ يُجَادِلُونَ فِي آيَاتِ اللَّهِ بِغَيْرِ سُلْطَانٍ أَتَاهُمْ ۖ كَبُرَ مَقْتًا عِنْدَ اللَّهِ وَعِنْدَ الَّذِينَ آمَنُوا ۚ كَذَٰلِكَ يَطْبَعُ اللَّهُ عَلَىٰ كُلِّ قَلْبِ مُتَكَبِّرٍ جَبَّارٍ",
            "37": "وَقَالَ فِرْعَوْنُ يَا هَامَانُ ابْنِ لِي صَرْحًا لَعَلِّي أَبْلُغُ الْأَسْبَابَ",
            "38": "أَسْبَابَ السَّمَاوَاتِ فَأَطَّلِعَ إِلَىٰ إِلَٰهِ مُوسَىٰ وَإِنِّي لَأَظُنُّهُ كَاذِبًا ۚ وَكَذَٰلِكَ زُيِّنَ لِفِرْعَوْنَ سُوءُ عَمَلِهِ وَصُدَّ عَنِ السَّبِيلِ ۚ وَمَا كَيْدُ فِرْعَوْنَ إِلَّا فِي تَبَابٍ",
            "39": "وَقَالَ الَّذِي آمَنَ يَا قَوْمِ اتَّبِعُونِ أَهْدِكُمْ سَبِيلَ الرَّشَادِ",
            "40": "يَا قَوْمِ إِنَّمَا هَٰذِهِ الْحَيَاةُ الدُّنْيَا مَتَاعٌ وَإِنَّ الْآخِرَةَ هِيَ دَارُ الْقَرَارِ",
            "41": "مَنْ عَمِلَ سَيِّئَةً فَلَا يُجْزَىٰ إِلَّا مِثْلَهَا ۖ وَمَنْ عَمِلَ صَالِحًا مِنْ ذَكَرٍ أَوْ أُنْثَىٰ وَهُوَ مُؤْمِنٌ فَأُولَٰئِكَ يَدْخُلُونَ الْجَنَّةَ يُرْزَقُونَ فِيهَا بِغَيْرِ حِسَابٍ",
            "42": "وَيَا قَوْمِ مَا لِي أَدْعُوكُمْ إِلَى النَّجَاةِ وَتَدْعُونَنِي إِلَى النَّارِ",
            "43": "تَدْعُونَنِي لِأَكْفُرَ بِاللَّهِ وَأُشْرِكَ بِهِ مَا لَيْسَ لِي بِهِ عِلْمٌ وَأَنَا أَدْعُوكُمْ إِلَى الْعَزِيزِ الْغَفَّارِ",
            "44": "لَا جَرَمَ أَنَّمَا تَدْعُونَنِي إِلَيْهِ لَيْسَ لَهُ دَعْوَةٌ فِي الدُّنْيَا وَلَا فِي الْآخِرَةِ وَأَنَّ مَرَدَّنَا إِلَى اللَّهِ وَأَنَّ الْمُسْرِفِينَ هُمْ أَصْحَابُ النَّارِ",
            "45": "فَسَتَذْكُرُونَ مَا أَقُولُ لَكُمْ ۚ وَأُفَوِّضُ أَمْرِي إِلَى اللَّهِ ۚ إِنَّ اللَّهَ بَصِيرٌ بِالْعِبَادِ",
            "46": "فَوَقَاهُ اللَّهُ سَيِّئَاتِ مَا مَكَرُوا ۖ وَحَاقَ بِآلِ فِرْعَوْنَ سُوءُ الْعَذَابِ",
            "47": "النَّارُ يُعْرَضُونَ عَلَيْهَا غُدُوًّا وَعَشِيًّا ۖ وَيَوْمَ تَقُومُ السَّاعَةُ أَدْخِلُوا آلَ فِرْعَوْنَ أَشَدَّ الْعَذَابِ",
            "48": "وَإِذْ يَتَحَاجُّونَ فِي النَّارِ فَيَقُولُ الضُّعَفَاءُ لِلَّذِينَ اسْتَكْبَرُوا إِنَّا كُنَّا لَكُمْ تَبَعًا فَهَلْ أَنْتُمْ مُغْنُونَ عَنَّا نَصِيبًا مِنَ النَّارِ",
            "49": "قَالَ الَّذِينَ اسْتَكْبَرُوا إِنَّا كُلٌّ فِيهَا إِنَّ اللَّهَ قَدْ حَكَمَ بَيْنَ الْعِبَادِ",
            "50": "وَقَالَ الَّذِينَ فِي النَّارِ لِخَزَنَةِ جَهَنَّمَ ادْعُوا رَبَّكُمْ يُخَفِّفْ عَنَّا يَوْمًا مِنَ الْعَذَابِ",
            "51": "قَالُوا أَوَلَمْ تَكُ تَأْتِيكُمْ رُسُلُكُمْ بِالْبَيِّنَاتِ ۖ قَالُوا بَلَىٰ ۚ قَالُوا فَادْعُوا ۗ وَمَا دُعَاءُ الْكَافِرِينَ إِلَّا فِي ضَلَالٍ",
            "52": "إِنَّا لَنَنْصُرُ رُسُلَنَا وَالَّذِينَ آمَنُوا فِي الْحَيَاةِ الدُّنْيَا وَيَوْمَ يَقُومُ الْأَشْهَادُ",
            "53": "يَوْمَ لَا يَنْفَعُ الظَّالِمِينَ مَعْذِرَتُهُمْ ۖ وَلَهُمُ اللَّعْنَةُ وَلَهُمْ سُوءُ الدَّارِ",
            "54": "وَلَقَدْ آتَيْنَا مُوسَى الْهُدَىٰ وَأَوْرَثْنَا بَنِي إِسْرَائِيلَ الْكِتَابَ",
            "55": "هُدًى وَذِكْرَىٰ لِأُولِي الْأَلْبَابِ",
            "56": "فَاصْبِرْ إِنَّ وَعْدَ اللَّهِ حَقٌّ وَاسْتَغْفِرْ لِذَنْبِكَ وَسَبِّحْ بِحَمْدِ رَبِّكَ بِالْعَشِيِّ وَالْإِبْكَارِ",
            "57": "إِنَّ الَّذِينَ يُجَادِلُونَ فِي آيَاتِ اللَّهِ بِغَيْرِ سُلْطَانٍ أَتَاهُمْ ۙ إِنْ فِي صُدُورِهِمْ إِلَّا كِبْرٌ مَا هُمْ بِبَالِغِيهِ ۚ فَاسْتَعِذْ بِاللَّهِ ۖ إِنَّهُ هُوَ السَّمِيعُ الْبَصِيرُ",
            "58": "لَخَلْقُ السَّمَاوَاتِ وَالْأَرْضِ أَكْبَرُ مِنْ خَلْقِ النَّاسِ وَلَٰكِنَّ أَكْثَرَ النَّاسِ لَا يَعْلَمُونَ",
            "59": "وَمَا يَسْتَوِي الْأَعْمَىٰ وَالْبَصِيرُ وَالَّذِينَ آمَنُوا وَعَمِلُوا الصَّالِحَاتِ وَلَا الْمُسِيءُ ۚ قَلِيلًا مَا تَتَذَكَّرُونَ",
            "60": "إِنَّ السَّاعَةَ لَآتِيَةٌ لَا رَيْبَ فِيهَا وَلَٰكِنَّ أَكْثَرَ النَّاسِ لَا يُؤْمِنُونَ",
            "61": "وَقَالَ رَبُّكُمُ ادْعُونِي أَسْتَجِبْ لَكُمْ ۚ إِنَّ الَّذِينَ يَسْتَكْبِرُونَ عَنْ عِبَادَتِي سَيَدْخُلُونَ جَهَنَّمَ دَاخِرِينَ",
            "62": "اللَّهُ الَّذِي جَعَلَ لَكُمُ اللَّيْلَ لِتَسْكُنُوا فِيهِ وَالنَّهَارَ مُبْصِرًا ۚ إِنَّ اللَّهَ لَذُو فَضْلٍ عَلَى النَّاسِ وَلَٰكِنَّ أَكْثَرَ النَّاسِ لَا يَشْكُرُونَ",
            "63": "ذَٰلِكُمُ اللَّهُ رَبُّكُمْ خَالِقُ كُلِّ شَيْءٍ لَا إِلَٰهَ إِلَّا هُوَ ۖ فَأَنَّىٰ تُؤْفَكُونَ",
            "64": "كَذَٰلِكَ يُؤْفَكُ الَّذِينَ كَانُوا بِآيَاتِ اللَّهِ يَجْحَدُونَ",
            "65": "اللَّهُ الَّذِي جَعَلَ لَكُمُ الْأَرْضَ قَرَارًا وَالسَّمَاءَ بِنَاءً وَصَوَّرَكُمْ فَأَحْسَنَ صُوَرَكُمْ وَرَزَقَكُمْ مِنَ الطَّيِّبَاتِ ۚ ذَٰلِكُمُ اللَّهُ رَبُّكُمْ ۖ فَتَبَارَكَ اللَّهُ رَبُّ الْعَالَمِينَ",
            "66": "هُوَ الْحَيُّ لَا إِلَٰهَ إِلَّا هُوَ فَادْعُوهُ مُخْلِصِينَ لَهُ الدِّينَ ۗ الْحَمْدُ لِلَّهِ رَبِّ الْعَالَمِينَ",
            "67": "قُلْ إِنِّي نُهِيتُ أَنْ أَعْبُدَ الَّذِينَ تَدْعُونَ مِنْ دُونِ اللَّهِ لَمَّا جَاءَنِيَ الْبَيِّنَاتُ مِنْ رَبِّي وَأُمِرْتُ أَنْ أُسْلِمَ لِرَبِّ الْعَالَمِينَ",
            "68": "هُوَ الَّذِي خَلَقَكُمْ مِنْ تُرَابٍ ثُمَّ مِنْ نُطْفَةٍ ثُمَّ مِنْ عَلَقَةٍ ثُمَّ يُخْرِجُكُمْ طِفْلًا ثُمَّ لِتَبْلُغُوا أَشُدَّكُمْ ثُمَّ لِتَكُونُوا شُيُوخًا ۚ وَمِنْكُمْ مَنْ يُتَوَفَّىٰ مِنْ قَبْلُ ۖ وَلِتَبْلُغُوا أَجَلًا مُسَمًّى وَلَعَلَّكُمْ تَعْقِلُونَ",
            "69": "هُوَ الَّذِي يُحْيِي وَيُمِيتُ ۖ فَإِذَا قَضَىٰ أَمْرًا فَإِنَّمَا يَقُولُ لَهُ كُنْ فَيَكُونُ",
            "70": "أَلَمْ تَرَ إِلَى الَّذِينَ يُجَادِلُونَ فِي آيَاتِ اللَّهِ أَنَّىٰ يُصْرَفُونَ",
            "71": "الَّذِينَ كَذَّبُوا بِالْكِتَابِ وَبِمَا أَرْسَلْنَا بِهِ رُسُلَنَا ۖ فَسَوْفَ يَعْلَمُونَ",
            "72": "إِذِ الْأَغْلَالُ فِي أَعْنَاقِهِمْ وَالسَّلَاسِلُ يُسْحَبُونَ",
            "73": "فِي الْحَمِيمِ ثُمَّ فِي النَّارِ يُسْجَرُونَ",
            "74": "ثُمَّ قِيلَ لَهُمْ أَيْنَ مَا كُنْتُمْ تُشْرِكُونَ",
            "75": "مِنْ دُونِ اللَّهِ ۖ قَالُوا ضَلُّوا عَنَّا بَلْ لَمْ نَكُنْ نَدْعُو مِنْ قَبْلُ شَيْئًا ۚ كَذَٰلِكَ يُضِلُّ اللَّهُ الْكَافِرِينَ",
            "76": "ذَٰلِكُمْ بِمَا كُنْتُمْ تَفْرَحُونَ فِي الْأَرْضِ بِغَيْرِ الْحَقِّ وَبِمَا كُنْتُمْ تَمْرَحُونَ",
            "77": "ادْخُلُوا أَبْوَابَ جَهَنَّمَ خَالِدِينَ فِيهَا ۖ فَبِئْسَ مَثْوَى الْمُتَكَبِّرِينَ",
            "78": "فَاصْبِرْ إِنَّ وَعْدَ اللَّهِ حَقٌّ ۚ فَإِمَّا نُرِيَنَّكَ بَعْضَ الَّذِي نَعِدُهُمْ أَوْ نَتَوَفَّيَنَّكَ فَإِلَيْنَا يُرْجَعُونَ",
            "79": "وَلَقَدْ أَرْسَلْنَا رُسُلًا مِنْ قَبْلِكَ مِنْهُمْ مَنْ قَصَصْنَا عَلَيْكَ وَمِنْهُمْ مَنْ لَمْ نَقْصُصْ عَلَيْكَ ۗ وَمَا كَانَ لِرَسُولٍ أَنْ يَأْتِيَ بِآيَةٍ إِلَّا بِإِذْنِ اللَّهِ ۚ فَإِذَا جَاءَ أَمْرُ اللَّهِ قُضِيَ بِالْحَقِّ وَخَسِرَ هُنَالِكَ الْمُبْطِلُونَ",
            "80": "اللَّهُ الَّذِي جَعَلَ لَكُمُ الْأَنْعَامَ لِتَرْكَبُوا مِنْهَا وَمِنْهَا تَأْكُلُونَ",
            "81": "وَلَكُمْ فِيهَا مَنَافِعُ وَلِتَبْلُغُوا عَلَيْهَا حَاجَةً فِي صُدُورِكُمْ وَعَلَيْهَا وَعَلَى الْفُلْكِ تُحْمَلُونَ",
            "82": "وَيُرِيكُمْ آيَاتِهِ فَأَيَّ آيَاتِ اللَّهِ تُنْكِرُونَ",
            "83": "أَفَلَمْ يَسِيرُوا فِي الْأَرْضِ فَيَنْظُرُوا كَيْفَ كَانَ عَاقِبَةُ الَّذِينَ مِنْ قَبْلِهِمْ ۚ كَانُوا أَكْثَرَ مِنْهُمْ وَأَشَدَّ قُوَّةً وَآثَارًا فِي الْأَرْضِ فَمَا أَغْنَىٰ عَنْهُمْ مَا كَانُوا يَكْسِبُونَ",
            "84": "فَلَمَّا جَاءَتْهُمْ رُسُلُهُمْ بِالْبَيِّنَاتِ فَرِحُوا بِمَا عِنْدَهُمْ مِنَ الْعِلْمِ وَحَاقَ بِهِمْ مَا كَانُوا بِهِ يَسْتَهْزِئُونَ",
            "85": "فَلَمَّا رَأَوْا بَأْسَنَا قَالُوا آمَنَّا بِاللَّهِ وَحْدَهُ وَكَفَرْنَا بِمَا كُنَّا بِهِ مُشْرِكِينَ",
            "86": "فَلَمْ يَكُ يَنْفَعُهُمْ إِيمَانُهُمْ لَمَّا رَأَوْا بَأْسَنَا ۖ سُنَّتَ اللَّهِ الَّتِي قَدْ خَلَتْ فِي عِبَادِهِ ۖ وَخَسِرَ هُنَالِكَ الْكَافِرُونَ"
        },
        "farsi": {
            "2": "\nحاء، میم",
            "3": " [این] کتابی است که از سوی خداوند توانای شکست ناپذیر و دانا نازل شده است ",
            "4": " که آمرزندۀ گناه، پذیرنده توبه، سخت کیفر و دارای عطایای فراوان است، هیچ معبودی جز او نیست، بازگشتِ همه فقط به سوی اوست ",
            "5": " جز کافران کسی دربارۀ آیات خداوند گفت وگوی نادرست و بی دلیل نمی کند، [اینان را هیچ ارزش و شأنی نیست،] بنابراین رفت و آمدشان در شهرها [برای امور اقتصادی، و قدرت نمایی] تو را نفریبد [که در تبلیغ پیام های حق سستی کنی ]",
            "6": " پیش از اینان، قوم نوح و [دیگر] گروه هایی [که] بعد از آنان [بودند پیامبرانشان را] انکار کردند، و هر امتی به قصد دستگیرکردن [و کشتنِ] پیامبرشان به حرکت آمدند، و با [توسل به حربۀ] باطل گویی [و فرهنگِ ابلیسی] برای نابودکردن حق به گفت وگوی نادرست و بی دلیل برخاستند، [همۀ] آنان را [به عقوبتی سخت و کیفری بیچاره کننده] گرفتار کردم، پس [بنگر که] عذاب من چگونه بود؟!",
            "7": " همان گونه [که گروه های کافرِ گذشته دچار عقوبت شدند،] وعدۀ عذاب پروردگارت دربارۀ [همۀ] کافران [لجوج و ضد دین]، حتمی و ثابت شد که آنان اهل دوزخ اند ",
            "8": " فرشتگانی که حمل کنندۀ عرشند و فرشتگان پیرامون آن، پروردگارشان را همراه با ستایش، تسبیح می گویند و به او ایمان دارند، و برای مؤمنان درخواست آمرزش می کنند [و می گویند:] پروردگارا! رحمت و دانشت همه چیز را فراگرفته، پس آنان را که توبه کرده اند، و راه تو را [که اسلام است] دنبال کردند بیامرز! و از عذاب دوزخ نگاهشان دار!",
            "9": "\n \nپروردگارا! آنان را و هرکس از پدران و همسران و فرزندانشان که درست کارند به بهشت های جاویدانی که وعده شان داده ای درآور؛ زیرا تو توانای شکست ناپذیر و حکیمی ",
            "10": " [همۀ] آنان را از سختی ها [و ناراحتی های روز قیامت] حفظ کن! که هرکس را در آن روز از سختی ها [و ناراحتی ها] حفظ کنی مسلّماً او را مورد رحمت قرار داده ای، و این همان کامیابی بزرگ است! ",
            "11": " کافران را [در قیامت] ندا می دهند: بی تردید دشمنی و خشم خداوند به شما از دشمنی و خشم خودتان دربارۀ خودتان بیشتر است؛ زیرا به ایمان دعوت می شدید ولی کفر می ورزیدید، [و این کفرورزی دشمنی با خودتان بود ]",
            "12": " می گویند: پروردگارا! دوبار ما را میراندی، و دوبار ما را حیات بخشیدی، اکنون به گناهانمان اقرار داریم، آیا [بعد از این اقرار] راهی برای بیرون آمدن [از دوزخ] هست؟",
            "13": " [به آنان گویند:] این [عذابِ دوزخ] به سبب این است که چون خدا را به یگانه بودن می خواندند شما [یگانه بودنش را] منکر می شدید، و اگر برای او شریک قرار می دادند باور می کردید، [اکنون] داوری [در عرصۀ قیامت] ویژه خداوند والامرتبۀ بزرگ است ",
            "14": " اوست که [همواره] نشانه های خود را [برای آن که او را بشناسید] به شما نشان می دهد، و از آسمان به سود شما رزقی [با ارزش و مناسب] می فرستد، ولی جز کسی که [با توجه و اخلاص به خدا] بازمی گردد هشیار نمی شود ",
            "15": " پس خداوند را درحالی که ایمان به او را [از شرک] خالص کرده اید بپرستید، هرچند خوشایند کافران نباشد ",
            "16": " [خدایی که] بالابرندۀ درجات، و دارای سیطرۀ کامل [بر جهان هستی و فرمانروای مطلق است]، وحی را به مشیتش به هرکس از بندگانش بخواهد می فرستد، تا [مردم را به وسیلۀ آن] از روز قیامت هشدار دهد ",
            "17": " روزی که همۀ انسان ها حاضر می شوند [و اعمال و اَسرارشان آشکار می گردد]، چیزی از آنان بر خدا پوشیده نمی ماند، [و ندا آید:] امروز فرمانروایی مطلق ویژۀ کیست؟ ویژۀ خداوند یگانۀ قاهر [و چیره بر همۀ امور] است ",
            "18": "\n \nامروز هرکس را در برابر آنچه انجام داده است پاداش می دهند، امروز هیچ ستمی وجود ندارد، همانا خداوند حسابرسی سریع است ",
            "19": " آنان را از روز نزدیک [روز قیامت] هشدار ده! آن گاه که جان ها [از شدت ترس] به لب می رسد، درحالی که همه وجودشان پر از اندوه است، برای ستمکاران [به آیات خدا و پیامبران]، نه دوستِ مهربانی خواهد بود و نه شفیعی که شفاعتش پذیرفته شود!",
            "20": " خداوند خیانت چشم ها، و آنچه را سینه ها پنهان می دارند می داند ",
            "21": " خداوند به حق و عدالت داوری می کند، و معبودانی که [مشرکان برای حل مشکلاتشان و رواشدن حاجاتشان] به جای خدا می خوانند هیچ گونه داوری نمی کنند، همانا خداوند است که شنوا[ی دعا] و بینا[ی به همۀ امور] است ",
            "22": " آیا در زمین گردش نکردند تا بادقت بنگرند که سرانجامِ کسانی که پیش از اینان بودند چگونه بود؟ آنان که از ایشان نیرومندتر بودند، و در سرزمینشان آثاری برتر [از ایشان چون قلعه ها، خانه های استوار، کاخ های سربه فلک کشیده، و ابزار و آلات صنعتی] داشتند، ولی خداوند آنان را به کیفر گناهانشان به عذابی سخت دچار کرد، و در برابر خداوند هیچ حمایتگری نداشتند ",
            "23": " این [کیفر دردناک] برای این بود که پیامبرانشان همواره برای [هدایت] آنان دلایل روشن می آوردند، و آنان [از روی کبر و عناد] انکار می کردند، خداوند هم آنان را [به عذابی سخت] گرفتار کرد؛ زیرا او توانا و سخت کیفر است ",
            "24": "همانا موسی را با معجزات خود و دلیلی روشنگر فرستادیم ",
            "25": " به سوی فرعون و هامان و قارون، ولی [آنان] گفتند: [وی] جادوگری بسیار دروغ گوست!",
            "26": " چون از جانب ما حق را [که معجزات و پیام های ما بود] برای آنان آورد، گفتند: پسرانِ کسانی را که به او ایمان آورده اند بکشید، و زنانشان را [برای بیگاری و خدمت] زنده بگذارید، ولی نقشۀ کافران جز در تباهی و پوچی نیست، [و مسلّماً به فرجام نمی رسد ]",
            "27": "\n \nفرعون گفت: بگذارید تا من موسی را بکشم، و او از پروردگارش بخواهد [تا از کشته شدن حفظش کند]! من می ترسم آیین شما را تغییر دهد، یا در [سراسر این] سرزمین تبهکاری و فتنه انگیزی کند [و نظم عمومی را مختل سازد ]",
            "28": " موسی گفت: من از هر متکبّر سرکشی که ایمان به روز حسابرسی ندارد به پروردگارم و پروردگار شما [که اراده اش در مورد من و شما نافذ است] پناه می برم",
            "29": " مردی مؤمن از خاندان فرعون که ایمانش را پنهان می داشت گفت: آیا تصمیم دارید مردی را برای این که می گوید پروردگار من اللّه است بکشید؟ درحالی که او از سوی پروردگارتان برای شما دلایل روشنی [بر اثبات توحید و نبوتش] آورده، چنانچه دروغ گو باشد دروغش به زیان خود اوست، و اگر راست بگوید برخی از عذاب هایی که به شما وعده می دهد دامن گیرتان خواهد شد، به راستی خداوند اسراف کنندۀ بسیار دروغ گو را هدایت نمی کند ",
            "30": " ای قومِ من! امروز حکومت و فرمانروایی فقط در دست شماست، و بر این کشور مسلط هستید، چنانچه عذاب خداوند به سوی ما آید چه کسی ما را [برای برطرف کردنش] یاری خواهد داد؟ فرعون گفت: من جز آنچه را [با فکر و اندیشه ام] تشخیص می دهم به شما ارائه نمی دهم، و جز به راه راست هدایتتان نمی کنم!",
            "31": " آن [مرد] مؤمن گفت: ای قومِ من! بی تردید من از روزی همچون روز [دچارشدنِ] گروه ها [به عذاب الهی] بر شما می ترسم ",
            "32": "مانند روش قوم نوح، عاد، ثمود و کسانی که بعد از آنان بودند [که پافشاری بر کفر و تکذیب حقایق، داشتند و نهایتاً دچار عذاب شدند] خداوند خواهان هیچ ستمی بر بندگان نیست ",
            "33": " ای قومِ من! بی گمان من از روزی که مردم یکدیگر را [برای رهایی از عذاب] صدا می زنند بر شما بیمناکم ",
            "34": " روزی که پشت کنان درحالی که روی [از عذاب] برمی گردانید، [به این سو و آن سو] فرار می کنید، [ولی] برای شما در برابر خدا هیچ نگهدارنده ای [از عذاب] نیست، و هرکه را خداوند [به کیفر تکبّرش] در گمراهی وانهد، هیچ هدایت کننده ای برایش نخواهد بود ",
            "35": "\n \n یوسف نیز پیش از این، دلایل روشنی برای شما آورد، ولی شما همواره در مورد دلایلی که آورده بود در تردید بودید تا زمانی که درگذشت، [پس از مرگِ او] گفتید: خداوند هرگز بعد از او پیامبری را مبعوث نخواهد کرد! اینگونه، خداوند هر اسراف کار شکاکی را در گمراهی وامی نهد",
            "36": " کسانی که دربارۀ آیات خدا بدون آن که دلیلی برای آنان آمده باشد گفت وگوی نادرست و بی دلیل می کنند، [این کار زشتشان] نزد خداوند و مؤمنان موجب خشم بسیار است، این گونه، خداوند بر دلِ هر گردن کش زورگویی مُهر [عدم فهم حقایق] می زند .",
            "37": " [پس از این مطالب حکیمانۀ مؤمنِ آل فرعون که حجتی بر آنان بود،] فرعونِ [متکبّر و مغرور] گفت: ای هامان! برای من برجی بسیار بلند بساز شاید به راه ها [یی که مقصد و هدفم را تأمین کند] برسم ",
            "38": "راه های [بالارفتن به] آسمان ها، تا از معبود موسی آگاه شوم [که کیست و در کجای آسمان هاست؟] هرچند موسی را [در گفتارش دربارۀ خدا] دروغ گو می دانم. این گونه برای فرعون زشتی کارش را جلوه دادند، و [این مسئله] او را از راه هدایت بازداشت، و نقشۀ فرعون جز در [راه] خسران و هلاکت [او و پیروانش] نبود ",
            "39": " آن [مرد] مؤمن گفت: ای قومِ من! از من پیروی کنید تا شما را به راه راست هدایت کنم ",
            "40": " ای قومِ من! این زندگی دنیا فقط متاعی [اندک و زودگذر] است، یقیناً آخرت سرای پایدار است ",
            "41": " هرکه بدی کند جز به مانند آن کیفر نیابد، و از مردان و زنان کسانی که مؤمن باشند و کار شایسته انجام دهند در بهشت درآیند، و در آن، روزی و نعمت بی حسابشان دهند ",
            "42": "\n \nای قومِ من! چه شده که من شما را به سوی نجات [از خسران دنیا و آخرت] می خوانم، اما شما مرا به آتش دوزخ [که محصول کفر و شرک است] می خوانید؟!",
            "43": " مرا می خوانید که به خداوند یکتا کافر شوم، و چیزی را که هیچ علم و دلیلی بر [حقانیت] آن ندارم شریک او قرار دهم، درحالی که من شما را به سوی توانای شکست ناپذیر و بسیار آمرزنده دعوت می کنم ",
            "44": " بی گمان آن معبودی که [به عنوان شریک خدا] مرا به سویش می خوانید در دنیا و آخرت هیچ دعوتی [به سوی حقایق و سعادت و نجات] ندارد، یقیناً بازگشت [همۀ] ما به سوی خداست [که مستجاب کنندۀ دعا در دنیا و آخرت است،] مسلّماً اسراف کاران اهل آتشند ",
            "45": " پس به زودی [درستی] آنچه را [امروز دربارۀ عذاب اسراف کاران] به شما می گویم [و شما باور نمی کنید] متوجه خواهید شد، من کارم را به خداوند وامی گذارم؛ زیرا خداوند به بندگان بیناست ",
            "46": " پس [در نتیجۀ واگذاری کارش به خداوند] خداوند او را از نقشه های شوم آنان [که می خواستند بر ضد وی به کار گیرند] حفظ کرد، و نهایتاً عذاب سختی فرعونیان را احاطه کرد ",
            "47": " [غذابشان] آتشی [است] که ایشان را صبح و شام [برزخ] در معرض آن قرار می دهند، و روزی که قیامت برپا شود، [ندا آید:] فرعونیان را در سخت ترین عذاب درآورید ",
            "48": " در آتش با یکدیگر به بحث و گفت وگو می پردازند، پس ضعیفان به مستکبران می گویند: ما [در دنیا] پیروِ شما بودیم، آیا می توانید بخشی از این آتش را از ما برطرف کنید؟!",
            "49": " مستکبران می گویند: هم اکنون همۀ ما در آتش هستیم، بی تردید خداوند بین بندگانش [به عدالت] داوری کرده است ",
            "50": " کسانی که در آتشند به نگهبانان دوزخ می گویند: از پروردگارتان بخواهید [فقط] یک روز از عذاب ما را تخفیف دهد ",
            "51": "\n \n[نگهبانان] می گویند: آیا پیامبرانتان دلایلی روشن برای شما نیاوردند؟ می گویند: چرا [آوردند]. می گویند: پس [حجت بر شما تمام بوده، اکنون هر اندازه که می خواهید خدا را برای نجاتتان] بخوانید، ولی درخواست کافران جز درخواستی بی فایده و تباه نیست ",
            "52": "مسلّماً ما پیامبرانِ خود و مؤمنان را در زندگی دنیا، و نیز روزی که شاهدان [برای شهادت دادن] به پا خیزند یاری می دهیم ",
            "53": " همان روزی که عذرخواهی ستمکاران هیچ سودی به حالشان ندارد، و برای آنان لعنت و سرای بدی [چون دوزخ] است ",
            "54": "همانا ما به موسی هدایت را [که همۀ وسایل سعادت ساز در آن بود] عطا کردیم، و به بنی اسرائیل کتاب [تورات] را به میراث دادیم ",
            "55": " [کتابی] که [آیاتش] برای خردمندان مایۀ هدایت و و یادآور [حقایق] بود ",
            "56": " پس [ای پیامبر! در مسیر تبلیغ دین] شکیبا باش که بی تردید وعدۀ خداوند [مبنی بر یاری پیامبران و مؤمنان] حق است، و از بین رفتنِ آنچه [از مشکلات و توطئه های دشمنان] که دنباله [رسالت] تو پیش آمده را [از خداوند] بخواه! و پروردگارت را شب و صبح همراه با ستایش، با تسبیح گفتن [از هر عیب و نقصی] پاک و مبرّا بدار! ",
            "57": " بی تردید کسانی که دربارۀ آیات خداوند بی آن که بُرهانی به آنان رسیده باشد بحث و گفت وگو می کنند، و در سینه هایشان جز [صفت ناپسندِ] خودبزرگ بینی نیست، به آن [عزت و ریاستی که آرزو دارند] نخواهند رسید، پس به خداوند پناه ببر، که او شنوا و بیناست ",
            "58": " به یقین آفرینش آسمان ها و زمین از آفرینش انسان باعظمت تر [و مهم تر] است، [پس دوباره حیات بخشیدن به انسان پس از مرگش برای خداوند دشوار و سخت نیست،] ولی بیشتر مردم [حقایق را] نمی دانند ",
            "59": "[انسان] کور[دل] و بابصیرت یکسان نبوده، و مؤمنانی که کارهای شایسته انجام داده اند با مردمِ بدکار برابر نیستند، اندکی پند و عبرت می گیرید! ",
            "60": "\n \nبه راستی قیامت که هیچ تردیدی در آن نیست آمدنی است، ولی بیشتر مردم [با وجود دلایل و شواهد استوار] باور ندارند ",
            "61": " پروردگارتان سفارش کرده که: مرا بخوانید تا [خواستۀ] شما را اجابت کنم، کسانی که از عبادتِ من [که یک بخش آن دعاست] تکبّر کنند به زودی با خواری و رسوایی وارد دوزخ می شوند ",
            "62": " خداوند است که شب را به سود شما پدید آورد تا در آن بیارامید، و روز را روشنی بخش قرار داد [تا در آن به تلاش و کار بپردازید،] یقیناً خداوند به مردم احسان دارد، ولی بیشتر مردم شکر [نعمت های او را] به جا نمی آورند ",
            "63": " این است خداوند، پروردگار شما که آفرینندۀ هرچیزی است، هیچ معبودی جز او نیست، پس چگونه [از پرستش او که کارگزار همۀ هستی و شماست] منحرفتان می کنند ؟",
            "64": " نظیر اینان، به انحراف کشیده شدنِ کسانی [از امت های گذشته] است که [بر اثر کبر و لجاجت] همواره آیات خدا را [در عین وضوح و روشنی] انکار می کردند ",
            "65": " خداوند است که زمین را برای شما جایگاهی امن و قابل سکونت آفرید، و آسمان را [چون قُبّه ای] برافراشته [بالای سرتان قرار داد]، و شما را صورتگری کرد و صورت هایتان را نیکو ساخت، و شما را از نعمت های پاک و دلپذیر روزی داد، این است خداوند پروردگار شما، خجسته و پُرخیر است خداوند که پروردگار جهانیان است ",
            "66": " زندۀ [بی زوال] اوست، هیچ معبودی جز او نیست، پس او را درحالی که ایمان به او را [از شرک] خالص کرده اید بپرستید، همۀ ستایش ها ویژۀ خداوند پروردگار جهانیان است ",
            "67": " بگو: با وجود دلایل روشنی که [بر حقانیت توحید] از سوی پروردگارم به من رسیده از پرستش معبودانی که شما به جای خدا می پرستید [مؤکداً] نهی شده ام، من مأمورم که [فقط] تسلیم پروردگار جهانیان باشم ",
            "68": "\n \nاوست آن که شما را از خاک، بعد [از آن] از نطفه، سپس از عَلَقه آفرید، آن گاه به صورت طفلی [از رحِم مادران] بیرون می آورَد، سپس [در راه رشد قرارتان می دهد] تا به اوج نیروی [جسمانی و عقلانی] خود برسید، آن گاه [زندگی و حیاتتان را تداوم می بخشد] تا سالمند شوید، برخی از شما پیش تر [از رسیدن به مرحلۀ سالمندی] قبض روح می گردید، و [برخی زنده می مانید] تا به مدتی که مقرر است برسید، [این تحولات و تطوراتِ وجودی شما که در برابر دیدگانتان قرار دارد] برای این [است] که [دربارۀ مبدأ و معاد] اندیشه کنید ",
            "69": " اوست که حیات عطا می کند و می میراند، زمانی که [به وجود آمدنِ] چیزی را اراده کند، فقط به آن می گوید: باش! پس بی درنگ موجود می شود ",
            "70": " آیا کسانی که دربارۀ آیات خدا بحث و گفت وگوی بی دلیل می کنند ندیده اید، که چگونه [آنان را از پرستش خدا به سوی پرستش معبودان باطل] منحرفشان می کنند ؟",
            "71": " هم آنان که قرآن و آنچه پیامبرانِ خود را با آن فرستادیم انکار کردند، پس به زودی [به نتیجۀ انکارشان] پی خواهند برد ",
            "72": " [و آن] زمانی [است] که غُل ها و زنجیرها[ی آتشین] در گردن هایشان قرار دارد، درحالی که [به خواری و ذلت] می کشندشان",
            "73": " [آن هم] در میان آب بسیار جوشان، سپس در آتشِ [افروخته] می سوزانندشان",
            "74": " آن گاه به آنان گویند: معبودانی که [در الوهیت و ربوبیت] شریک [خدا] قرار داده بودید، [و آنان را مُنجی خود می دانستید] کجایند؟!",
            "75": " [همان معبودانی که] به جای خدا [می پرستیدید و از آن ها درخواست حاجت می کردید]. می گویند: از [نظر] ما ناپدید و گم شدند، ولی [چنان که به یاد داریم] ما پیش از این چیزی را [به جای خداوند] پرستش نمی کردیم! خداوند کافرانِ [دروغ پرداز] را این گونه در گمراهی وا می گذارد",
            "76": " این [عذاب ها] برای آن است که شما ظالمانه در زمین شادمانی و سرمستی داشتید، و مغرورانه به پایکوبی و خوش حالی می پرداختید ",
            "77": " از درهای دوزخ وارد شوید که در آن جاودانه اید، بد است اقامتگاه متکبّران! ",
            "78": " نهایتاً [بر آزار این قومِ کافر] شکیبا باش! بی تردید وعدۀ خداوند [در مورد یاری پیامبران و مؤمنان] حق و حتمی است، پس اگر بخشی از عذاب هایی که همواره به آن تهدیدشان می کنیم به تو نشان دهیم، یا تو را [پیش از عملی شدنِ تهدیدمان] از دنیا ببریم [تفاوتی ندارد، در هر دو صورت] آنان را [برای چشیدن عذاب] به سوی ما بازمی گردانند ",
            "79": "\n \nهمانا پیش از تو پیامبرانی فرستادیم که سرگذشت بعضی از آنان را بر تو خوانده ایم، و سرگذشت برخی را برایت نگفته ایم، شایستۀ هیچ پیامبری نیست که جز به اِذن خداوند معجزه ای بیاورد؛ [بنابراین آوردن عذاب به صورت مستقل کار تو نیست،] اما زمانی که فرمان خدا [جهت عذاب کافران] صادر شود براساس حق و عدالت داوری خواهد شد، آن جاست که باطل گرایان زیان خواهند دید ",
            "80": " خداوند است که چهارپایان را برای شما آفرید تا بر بعضی از آن ها سوار شوید، و از [گوشت و فرآورده های شیری] برخی از آن ها تغذیه کنید ",
            "81": " و به نفع شما در آن ها سودهایی [چون پشم و کرک و پوست] است، و برای این که [با سوارشدن] بر آن ها [و حمل بار هایتان] به مقصدی که در دل های شماست برسید، و بر آن ها و بر کشتی ها حمل و نقل می شوید ",
            "82": " و [همواره] نشانه های [ربوبیت و قدرت] خود را به شما نشان می دهد، پس کدام نشانه های خدا را انکار می کنید؟",
            "83": " آیا در زمین گردش نکردند تا بادقت بنگرند که سرانجامِ کسانی که پیش از آنان بودند [و سرکشی و تکبّر داشتند] چگونه بود؟ آنان [نفراتشان] از اینان بیشتر، و قدرت و آثارشان در زمین [چون قلعه ها، خانه های استوار، کاخ های سر به فلک کشیده و ابزار و آلات صنعتی] برتر بود، ولی آنچه را همواره به دست می آوردند چیزی [از عذاب خدا را] از آنان برطرف نکرد ",
            "84": " چون پیامبرانشان دلایلی روشن به سویشان آوردند به اندک دانشی که نزدشان بود مغرورانه خوش حالی می کردند، [و فرهنگ الهی پیامبران را به حساب نمی آوردند،] و نهایتاً عذابی که همواره به مسخره می گرفتند آنان را احاطه کرد ",
            "85": " چون عذابِ ما را دیدند گفتند: به خداوندِ یکتا ایمان آوردیم، و به معبودانی که شریک او قرار می دادیم کافر شدیم ",
            "86": " ولی هنگامی که عذاب ما را دیدند ایمانشان سودی به آنان نداد، [این] سنّت [تغییرناپذیر] خداوند [است] که از دیرباز در بین بندگانش جاری شده است، آن جاست که کافران زیان دیدند "
        }
    }
}