{
    "2": {
        "number": 2,
        "title": "سورة فصلت",
        "bab": 4,
        "delay": 0,
        "arabic": {
            "1": "حم",
            "2": "تَنْزِيلٌ مِنَ الرَّحْمَٰنِ الرَّحِيمِ",
            "3": "كِتَابٌ فُصِّلَتْ آيَاتُهُ قُرْآنًا عَرَبِيًّا لِقَوْمٍ يَعْلَمُونَ",
            "4": "بَشِيرًا وَنَذِيرًا فَأَعْرَضَ أَكْثَرُهُمْ فَهُمْ لَا يَسْمَعُونَ",
            "5": "وَقَالُوا قُلُوبُنَا فِي أَكِنَّةٍ مِمَّا تَدْعُونَا إِلَيْهِ وَفِي آذَانِنَا وَقْرٌ وَمِنْ بَيْنِنَا وَبَيْنِكَ حِجَابٌ فَاعْمَلْ إِنَّنَا عَامِلُونَ",
            "6": "قُلْ إِنَّمَا أَنَا بَشَرٌ مِثْلُكُمْ يُوحَىٰ إِلَيَّ أَنَّمَا إِلَٰهُكُمْ إِلَٰهٌ وَاحِدٌ فَاسْتَقِيمُوا إِلَيْهِ وَاسْتَغْفِرُوهُ ۗ وَوَيْلٌ لِلْمُشْرِكِينَ",
            "7": "الَّذِينَ لَا يُؤْتُونَ الزَّكَاةَ وَهُمْ بِالْآخِرَةِ هُمْ كَافِرُونَ",
            "8": "إِنَّ الَّذِينَ آمَنُوا وَعَمِلُوا الصَّالِحَاتِ لَهُمْ أَجْرٌ غَيْرُ مَمْنُونٍ",
            "9": "قُلْ أَئِنَّكُمْ لَتَكْفُرُونَ بِالَّذِي خَلَقَ الْأَرْضَ فِي يَوْمَيْنِ وَتَجْعَلُونَ لَهُ أَنْدَادًا ۚ ذَٰلِكَ رَبُّ الْعَالَمِينَ",
            "10": "وَجَعَلَ فِيهَا رَوَاسِيَ مِنْ فَوْقِهَا وَبَارَكَ فِيهَا وَقَدَّرَ فِيهَا أَقْوَاتَهَا فِي أَرْبَعَةِ أَيَّامٍ سَوَاءً لِلسَّائِلِينَ",
            "11": "ثُمَّ اسْتَوَىٰ إِلَى السَّمَاءِ وَهِيَ دُخَانٌ فَقَالَ لَهَا وَلِلْأَرْضِ ائْتِيَا طَوْعًا أَوْ كَرْهًا قَالَتَا أَتَيْنَا طَائِعِينَ",
            "12": "فَقَضَاهُنَّ سَبْعَ سَمَاوَاتٍ فِي يَوْمَيْنِ وَأَوْحَىٰ فِي كُلِّ سَمَاءٍ أَمْرَهَا ۚ وَزَيَّنَّا السَّمَاءَ الدُّنْيَا بِمَصَابِيحَ وَحِفْظًا ۚ ذَٰلِكَ تَقْدِيرُ الْعَزِيزِ الْعَلِيمِ",
            "13": "فَإِنْ أَعْرَضُوا فَقُلْ أَنْذَرْتُكُمْ صَاعِقَةً مِثْلَ صَاعِقَةِ عَادٍ وَثَمُودَ",
            "14": "إِذْ جَاءَتْهُمُ الرُّسُلُ مِنْ بَيْنِ أَيْدِيهِمْ وَمِنْ خَلْفِهِمْ أَلَّا تَعْبُدُوا إِلَّا اللَّهَ ۖ قَالُوا لَوْ شَاءَ رَبُّنَا لَأَنْزَلَ مَلَائِكَةً فَإِنَّا بِمَا أُرْسِلْتُمْ بِهِ كَافِرُونَ",
            "15": "فَأَمَّا عَادٌ فَاسْتَكْبَرُوا فِي الْأَرْضِ بِغَيْرِ الْحَقِّ وَقَالُوا مَنْ أَشَدُّ مِنَّا قُوَّةً ۖ أَوَلَمْ يَرَوْا أَنَّ اللَّهَ الَّذِي خَلَقَهُمْ هُوَ أَشَدُّ مِنْهُمْ قُوَّةً ۖ وَكَانُوا بِآيَاتِنَا يَجْحَدُونَ",
            "16": "فَأَرْسَلْنَا عَلَيْهِمْ رِيحًا صَرْصَرًا فِي أَيَّامٍ نَحِسَاتٍ لِنُذِيقَهُمْ عَذَابَ الْخِزْيِ فِي الْحَيَاةِ الدُّنْيَا ۖ وَلَعَذَابُ الْآخِرَةِ أَخْزَىٰ ۖ وَهُمْ لَا يُنْصَرُونَ",
            "17": "وَأَمَّا ثَمُودُ فَهَدَيْنَاهُمْ فَاسْتَحَبُّوا الْعَمَىٰ عَلَى الْهُدَىٰ فَأَخَذَتْهُمْ صَاعِقَةُ الْعَذَابِ الْهُونِ بِمَا كَانُوا يَكْسِبُونَ",
            "18": "وَنَجَّيْنَا الَّذِينَ آمَنُوا وَكَانُوا يَتَّقُونَ",
            "19": "وَيَوْمَ يُحْشَرُ أَعْدَاءُ اللَّهِ إِلَى النَّارِ فَهُمْ يُوزَعُونَ",
            "20": "حَتَّىٰ إِذَا مَا جَاءُوهَا شَهِدَ عَلَيْهِمْ سَمْعُهُمْ وَأَبْصَارُهُمْ وَجُلُودُهُمْ بِمَا كَانُوا يَعْمَلُونَ",
            "21": "وَقَالُوا لِجُلُودِهِمْ لِمَ شَهِدْتُمْ عَلَيْنَا ۖ قَالُوا أَنْطَقَنَا اللَّهُ الَّذِي أَنْطَقَ كُلَّ شَيْءٍ وَهُوَ خَلَقَكُمْ أَوَّلَ مَرَّةٍ وَإِلَيْهِ تُرْجَعُونَ",
            "22": "وَمَا كُنْتُمْ تَسْتَتِرُونَ أَنْ يَشْهَدَ عَلَيْكُمْ سَمْعُكُمْ وَلَا أَبْصَارُكُمْ وَلَا جُلُودُكُمْ وَلَٰكِنْ ظَنَنْتُمْ أَنَّ اللَّهَ لَا يَعْلَمُ كَثِيرًا مِمَّا تَعْمَلُونَ",
            "23": "وَذَٰلِكُمْ ظَنُّكُمُ الَّذِي ظَنَنْتُمْ بِرَبِّكُمْ أَرْدَاكُمْ فَأَصْبَحْتُمْ مِنَ الْخَاسِرِينَ",
            "24": "فَإِنْ يَصْبِرُوا فَالنَّارُ مَثْوًى لَهُمْ ۖ وَإِنْ يَسْتَعْتِبُوا فَمَا هُمْ مِنَ الْمُعْتَبِينَ",
            "25": "وَقَيَّضْنَا لَهُمْ قُرَنَاءَ فَزَيَّنُوا لَهُمْ مَا بَيْنَ أَيْدِيهِمْ وَمَا خَلْفَهُمْ وَحَقَّ عَلَيْهِمُ الْقَوْلُ فِي أُمَمٍ قَدْ خَلَتْ مِنْ قَبْلِهِمْ مِنَ الْجِنِّ وَالْإِنْسِ ۖ إِنَّهُمْ كَانُوا خَاسِرِينَ",
            "26": "وَقَالَ الَّذِينَ كَفَرُوا لَا تَسْمَعُوا لِهَٰذَا الْقُرْآنِ وَالْغَوْا فِيهِ لَعَلَّكُمْ تَغْلِبُونَ",
            "27": "فَلَنُذِيقَنَّ الَّذِينَ كَفَرُوا عَذَابًا شَدِيدًا وَلَنَجْزِيَنَّهُمْ أَسْوَأَ الَّذِي كَانُوا يَعْمَلُونَ",
            "28": "ذَٰلِكَ جَزَاءُ أَعْدَاءِ اللَّهِ النَّارُ ۖ لَهُمْ فِيهَا دَارُ الْخُلْدِ ۖ جَزَاءً بِمَا كَانُوا بِآيَاتِنَا يَجْحَدُونَ",
            "29": "وَقَالَ الَّذِينَ كَفَرُوا رَبَّنَا أَرِنَا اللَّذَيْنِ أَضَلَّانَا مِنَ الْجِنِّ وَالْإِنْسِ نَجْعَلْهُمَا تَحْتَ أَقْدَامِنَا لِيَكُونَا مِنَ الْأَسْفَلِينَ",
            "30": "إِنَّ الَّذِينَ قَالُوا رَبُّنَا اللَّهُ ثُمَّ اسْتَقَامُوا تَتَنَزَّلُ عَلَيْهِمُ الْمَلَائِكَةُ أَلَّا تَخَافُوا وَلَا تَحْزَنُوا وَأَبْشِرُوا بِالْجَنَّةِ الَّتِي كُنْتُمْ تُوعَدُونَ",
            "31": "نَحْنُ أَوْلِيَاؤُكُمْ فِي الْحَيَاةِ الدُّنْيَا وَفِي الْآخِرَةِ ۖ وَلَكُمْ فِيهَا مَا تَشْتَهِي أَنْفُسُكُمْ وَلَكُمْ فِيهَا مَا تَدَّعُونَ",
            "32": "نُزُلًا مِنْ غَفُورٍ رَحِيمٍ",
            "33": "وَمَنْ أَحْسَنُ قَوْلًا مِمَّنْ دَعَا إِلَى اللَّهِ وَعَمِلَ صَالِحًا وَقَالَ إِنَّنِي مِنَ الْمُسْلِمِينَ",
            "34": "وَلَا تَسْتَوِي الْحَسَنَةُ وَلَا السَّيِّئَةُ ۚ ادْفَعْ بِالَّتِي هِيَ أَحْسَنُ فَإِذَا الَّذِي بَيْنَكَ وَبَيْنَهُ عَدَاوَةٌ كَأَنَّهُ وَلِيٌّ حَمِيمٌ",
            "35": "وَمَا يُلَقَّاهَا إِلَّا الَّذِينَ صَبَرُوا وَمَا يُلَقَّاهَا إِلَّا ذُو حَظٍّ عَظِيمٍ",
            "36": "وَإِمَّا يَنْزَغَنَّكَ مِنَ الشَّيْطَانِ نَزْغٌ فَاسْتَعِذْ بِاللَّهِ ۖ إِنَّهُ هُوَ السَّمِيعُ الْعَلِيمُ",
            "37": "وَمِنْ آيَاتِهِ اللَّيْلُ وَالنَّهَارُ وَالشَّمْسُ وَالْقَمَرُ ۚ لَا تَسْجُدُوا لِلشَّمْسِ وَلَا لِلْقَمَرِ وَاسْجُدُوا لِلَّهِ الَّذِي خَلَقَهُنَّ إِنْ كُنْتُمْ إِيَّاهُ تَعْبُدُونَ",
            "38": "فَإِنِ اسْتَكْبَرُوا فَالَّذِينَ عِنْدَ رَبِّكَ يُسَبِّحُونَ لَهُ بِاللَّيْلِ وَالنَّهَارِ وَهُمْ لَا يَسْأَمُونَ ۩",
            "39": "وَمِنْ آيَاتِهِ أَنَّكَ تَرَى الْأَرْضَ خَاشِعَةً فَإِذَا أَنْزَلْنَا عَلَيْهَا الْمَاءَ اهْتَزَّتْ وَرَبَتْ ۚ إِنَّ الَّذِي أَحْيَاهَا لَمُحْيِي الْمَوْتَىٰ ۚ إِنَّهُ عَلَىٰ كُلِّ شَيْءٍ قَدِيرٌ",
            "40": "إِنَّ الَّذِينَ يُلْحِدُونَ فِي آيَاتِنَا لَا يَخْفَوْنَ عَلَيْنَا ۗ أَفَمَنْ يُلْقَىٰ فِي النَّارِ خَيْرٌ أَمْ مَنْ يَأْتِي آمِنًا يَوْمَ الْقِيَامَةِ ۚ اعْمَلُوا مَا شِئْتُمْ ۖ إِنَّهُ بِمَا تَعْمَلُونَ بَصِيرٌ",
            "41": "إِنَّ الَّذِينَ كَفَرُوا بِالذِّكْرِ لَمَّا جَاءَهُمْ ۖ وَإِنَّهُ لَكِتَابٌ عَزِيزٌ",
            "42": "لَا يَأْتِيهِ الْبَاطِلُ مِنْ بَيْنِ يَدَيْهِ وَلَا مِنْ خَلْفِهِ ۖ تَنْزِيلٌ مِنْ حَكِيمٍ حَمِيدٍ",
            "43": "مَا يُقَالُ لَكَ إِلَّا مَا قَدْ قِيلَ لِلرُّسُلِ مِنْ قَبْلِكَ ۚ إِنَّ رَبَّكَ لَذُو مَغْفِرَةٍ وَذُو عِقَابٍ أَلِيمٍ",
            "44": "وَلَوْ جَعَلْنَاهُ قُرْآنًا أَعْجَمِيًّا لَقَالُوا لَوْلَا فُصِّلَتْ آيَاتُهُ ۖ أَأَعْجَمِيٌّ وَعَرَبِيٌّ ۗ قُلْ هُوَ لِلَّذِينَ آمَنُوا هُدًى وَشِفَاءٌ ۖ وَالَّذِينَ لَا يُؤْمِنُونَ فِي آذَانِهِمْ وَقْرٌ وَهُوَ عَلَيْهِمْ عَمًى ۚ أُولَٰئِكَ يُنَادَوْنَ مِنْ مَكَانٍ بَعِيدٍ",
            "45": "وَلَقَدْ آتَيْنَا مُوسَى الْكِتَابَ فَاخْتُلِفَ فِيهِ ۗ وَلَوْلَا كَلِمَةٌ سَبَقَتْ مِنْ رَبِّكَ لَقُضِيَ بَيْنَهُمْ ۚ وَإِنَّهُمْ لَفِي شَكٍّ مِنْهُ مُرِيبٍ",
            "46": "مَنْ عَمِلَ صَالِحًا فَلِنَفْسِهِ ۖ وَمَنْ أَسَاءَ فَعَلَيْهَا ۗ وَمَا رَبُّكَ بِظَلَّامٍ لِلْعَبِيدِ",
            "47": "إِلَيْهِ يُرَدُّ عِلْمُ السَّاعَةِ ۚ وَمَا تَخْرُجُ مِنْ ثَمَرَاتٍ مِنْ أَكْمَامِهَا وَمَا تَحْمِلُ مِنْ أُنْثَىٰ وَلَا تَضَعُ إِلَّا بِعِلْمِهِ ۚ وَيَوْمَ يُنَادِيهِمْ أَيْنَ شُرَكَائِي قَالُوا آذَنَّاكَ مَا مِنَّا مِنْ شَهِيدٍ",
            "48": "وَضَلَّ عَنْهُمْ مَا كَانُوا يَدْعُونَ مِنْ قَبْلُ ۖ وَظَنُّوا مَا لَهُمْ مِنْ مَحِيصٍ",
            "49": "لَا يَسْأَمُ الْإِنْسَانُ مِنْ دُعَاءِ الْخَيْرِ وَإِنْ مَسَّهُ الشَّرُّ فَيَئُوسٌ قَنُوطٌ",
            "50": "وَلَئِنْ أَذَقْنَاهُ رَحْمَةً مِنَّا مِنْ بَعْدِ ضَرَّاءَ مَسَّتْهُ لَيَقُولَنَّ هَٰذَا لِي وَمَا أَظُنُّ السَّاعَةَ قَائِمَةً وَلَئِنْ رُجِعْتُ إِلَىٰ رَبِّي إِنَّ لِي عِنْدَهُ لَلْحُسْنَىٰ ۚ فَلَنُنَبِّئَنَّ الَّذِينَ كَفَرُوا بِمَا عَمِلُوا وَلَنُذِيقَنَّهُمْ مِنْ عَذَابٍ غَلِيظٍ",
            "51": "وَإِذَا أَنْعَمْنَا عَلَى الْإِنْسَانِ أَعْرَضَ وَنَأَىٰ بِجَانِبِهِ وَإِذَا مَسَّهُ الشَّرُّ فَذُو دُعَاءٍ عَرِيضٍ",
            "52": "قُلْ أَرَأَيْتُمْ إِنْ كَانَ مِنْ عِنْدِ اللَّهِ ثُمَّ كَفَرْتُمْ بِهِ مَنْ أَضَلُّ مِمَّنْ هُوَ فِي شِقَاقٍ بَعِيدٍ",
            "53": "سَنُرِيهِمْ آيَاتِنَا فِي الْآفَاقِ وَفِي أَنْفُسِهِمْ حَتَّىٰ يَتَبَيَّنَ لَهُمْ أَنَّهُ الْحَقُّ ۗ أَوَلَمْ يَكْفِ بِرَبِّكَ أَنَّهُ عَلَىٰ كُلِّ شَيْءٍ شَهِيدٌ",
            "54": "أَلَا إِنَّهُمْ فِي مِرْيَةٍ مِنْ لِقَاءِ رَبِّهِمْ ۗ أَلَا إِنَّهُ بِكُلِّ شَيْءٍ مُحِيطٌ"
        },
        "farsi": {
            "1": "\nحاء، میم",
            "2": " [این کتابی است که] از سوی خداوند رحمان و رحیم فرستاده شده [است] ",
            "3": "کتابی است که آیاتش به روشنی بیان شده، و برای مردمی که دانایند به زبانی گویا و روشن است ",
            "4": " درحالی که بشارت رسان و هشداردهنده است، ولی بیشتر مردم [که در غفلت اند از این دریای معارف] رویگردانند، و [از این رو با گوشِ قبول] نمی شنوند ",
            "5": "گفتند: دل های ما از [درک] حقایقی که ما را به آن دعوت می کنی در حجاب های سختی است، و در گوش هایمان سنگینی است، و میان ما و تو حائلی در کار است، پس تو به کار خود بپرداز، ما هم به کار خود می پردازیم [تا معلوم شود پیروزی نصیب کیست]!",
            "6": " بگو: من [از نظر ظاهرِ آفرینش] بشری مانند شمایم، [نه از جنسِ دیگر که آیاتِ کتابم و سخنم را درک نکنید،] به من وحی می شود که: معبود شما فقط خداوندِ یکتاست، پس مستقیم [و بدون انحراف] به سوی او روی آورید! و از وی آمرزش بخواهید! وای بر مشرکان [از عذاب دنیا و آخرت] !",
            "7": " هم آنان که [به نیازمندان و بیچارگان] زکات نمی دهند، و منکر آخرتند ",
            "8": " یقیناً مؤمنانی که کارهای شایسته انجام داده اند، برای آنان پاداشی پایان ناپذیر است ",
            "9": " بگو: آیا شما به کسی که زمین را در دو روز آفرید کفر می ورزید، و برای او همتایانی [که اختیار چیزی را ندارند] قرار می دهید؟! [فقط] پروردگار جهانیان [آفرینندۀ زمین] است ",
            "10": " روی زمین کوه هایی استوار [و لنگرآسا] پدید آورد و در آن خیر فراوانی قرار داد، و مواد خوراکی آن را [برای روزی خوارانش] به مدت چهار فصل اندازه گیری کرد که برای [همۀ] خواهندگان [برابر با نیازشان] یکسان است ",
            "11": " آن گاه به [آفریدن] آسمان پرداخت درحالی که [مادّۀ اولیه اش] به صورت [توده هایی از] دود بود، پس به آن و به زمین فرمان داد: خواه یا ناخواه [به وجود] آیید! آن دو گفتند: مطیعانه [به سوی عرصۀ وجود] آمدیم ",
            "12": "\n \nپس آن ها را در دو دوره به صورت هفت آسمان به انجام رسانید، و به هر آسمانی نظام مربوط به آن را وحی کرد، و نزدیک ترین آسمان [به زمین] را با چراغ هایی [چون ستارگان] آراستیم، و [از هر نوع آسیبی] محفوظ داشتیم، این [نظام شگفت انگیزِ آفرینش] اندازه گیری خداوند توانای شکست ناپذیر و داناست ",
            "13": " پس اگر [از نشانه های توحید و ربوبیت و آیات روشن] رویگردان شدند، بگو: من شما را از صاعقه ای [مرگبار] مانند صاعقۀ [درهم کوبندۀ] عاد و ثمود هشدار می دهم ",
            "14": " چون پیامبران از هر سو با این پیام به سویشان آمدند که: جز خدا را نپرستید. گفتند: اگر پروردگارمان اراده داشت [که ما هدایت شویم] فرشتگانی را می فرستاد [نه کسی از جنس خودمان]؛ بنابراین ما به آنچه شما را به آن فرستاده اند کافریم!",
            "15": " اما [قوم] عاد ظالمانه در آن سرزمین [که بودند] تکبّر کرده، گفتند: نیرومندتر از ما کیست؟ آیا ندانستند خداوندی که آنان را آفرید از آنان نیرومندتر است؟ [آن قوم] همواره آیات ما را انکار می کردند",
            "16": " سرانجام تندبادی سخت و سرد در روزهایی نامیمون بر آنان فرستادیم تا در زندگی دنیا عذاب خوارکننده را به آنان بچشانیم، و مسلّماً عذاب آخرت خوارکننده تر است، و [در آن روز] یاری نخواهند شد ",
            "17": " و اما ثمودیان را هدایت کردیم، ولی آنان کوردلی را بر هدایت ترجیح دادند، نهایتاً به کیفر آنچه همواره مرتکب می شدند فریاد [مرگبارِ] عذابِ خفّت بار آنان را فروگرفت ",
            "18": " و مؤمنانی را که همواره [از خداوند اطاعت داشته، و از محرّماتش] پرهیز کردند نجات دادیم ",
            "19": " روزی [می رسد] که دشمنان خدا را [در هرکجا و هر زمانی باشند] به سوی آتش جمع می کنند، و [از پراکنده شدن و فرارکردن] بازشان می دارند",
            "20": " تا چون به [کنارۀ] دوزخ رسند، گوش و چشم ها و پوست هایشان به آنچه همواره انجام می دادند بر ضدشان شهادت دهند ",
            "21": "\n \nبه پوستشان می گویند: چرا بر ضد ما شهادت دادید؟ می گویند: همان خداوندی که هرچیزی را گویا نمود ما را به سخن واداشت! او نخستین بار شما را آفرید، و [فقط] به سوی او بازتان می گردانند ",
            "22": " پنهان شدنِ شما [هنگام گناه]، از [ترس] این نبود که مبادا گوش و چشم ها و پوست هایتان بر ضد شما گواهی دهند، بلکه گمان می کردید که خداوند بسیاری از اعمالی که [در خلوت] مرتکب می شدید خبر ندارد! [و غافل از این حقیقت بودید که خداوند و اعضایتان ناظر بر اعمال خلوت و جلوت شمایند]",
            "23": " این بود گمان [باطلی] که به پروردگارتان داشتید، و [همان] شما را به هلاکت انداخت، در نتیجه از کسانی شدید که [همۀ سرمایه های وجودی خود را] تباه کردند ",
            "24": " اگر [در این عرصه گاهِ قیامت برای نجات از دوزخ] شکیبایی به خرج دهند [یا ندهند بی اثر است؛ زیرا] جایگاهشان به طور حتم دوزخ است، و اگر [برای جلب خشنودی حق] عذرخواهی کنند عذرشان مورد پذیرش نخواهد بود ",
            "25": " [به علت عناد و کبرشان نسبت به حق،] بر آنان همنشینانی [مفسد و تبهکار و شیطان سیرت] گماشتیم که از هر سو همۀ زشتی ها را در نظرشان [با وسوسه و ترفند] زیبا جلوه دادند، [تا انجامش برای آنان آسان شود] و وعدۀ [عذاب] بر آنان [نیز] همچون گروه هایی [کافر] از جنّ و انس که پیش از آنان درگذشتند حتمی و ثابت شد، آنان بدون شک [همۀ سرمایه های وجودی خود را] تباه کردند ",
            "26": " کافران [به مردم] گفتند: به این قرآن گوش ندهید، و [هنگام قرائتش به وسیلۀ پیامبر و مؤمنان،] سخنان بیهوده [و صداهای بی معنی و جنجال آفرین] در آن بیندازید تا [بر او و یارانش] پیروز شوید!",
            "27": "همانا به کافران عذابی سخت می چشانیم، و یقیناً آنان را با [معیارگرفتنِ] بدترین عملی که همواره مرتکب می شدند کیفر می دهیم ",
            "28": " این است کیفر دشمنان خدا، [همان] آتشی که در آن جایگاهی جاودان خواهند داشت، کیفری [سخت است] برای این که همواره آیات ما را انکار می کردند ",
            "29": " کافران [در دوزخ] می گویند: پروردگارا! از [دو گروه] جنّ و انس آنان که ما را گمراه کردند به ما نشان بده تا آن ها را زیر قدم هایمان اندازیم که از پَست ترین ها گردند ",
            "30": "\n \nیقیناً آنان که گفتند: پروردگارِ ما فقط اللّه است، سپس [در میدان تبلیغ توحید و عمل به خواسته های خداوند] ایستادگی کردند [و هر حادثه و رنجی را در این راه به جان خریدند]، فرشتگان [هنگام مرگشان] بر آنان نازل می شوند [و می گویند] که [از سرنوشت آیندۀ خود] نترسید و اندوهگین نباشید، شما را بشارت باد به بهشتی که همواره به شما وعده می دادند!",
            "31": " ما در زندگی دنیا یاران و دوستان شما بودیم، و در آخرت [هم هستیم]، آنچه در بهشت دلخواهتان باشد برایتان [آماده] است، بلکه هرچه را در آن جا درخواست کنید برای شما خواهد بود ",
            "32": " درحالی که پیش کشی [آماده] از سوی خداوندِ آمرزندۀ مهربان است ",
            "33": " کیست نکوگفتارتر از کسی که به سوی خداوند دعوت کند، و کار شایسته انجام دهد، و بگوید من از تسلیم شدگانم؟",
            "34": " نیکی و بدی یکسان نیستند، [بدی را] با بهترین شیوه [که نیک رفتاری است] دفع کن! که ناگاه کسی که بین تو و او دشمنی است چنان شود که گویی دوست صمیمی است ",
            "35": " این [شیوه] را جز کسانی که [در زمینۀ خودسازی و آراستن خویش به ارزش های اخلاقی] پایداری کردند دریافت نمی کنند، و جز کسانی که بهرۀ بزرگی [از تقوا و کمالات روحی] دارند نمی پذیرند ",
            "36": " اگر وسوسه ای از سوی شیطان تحریکت کند [که به این شیوه روی نیاوری] به خداوند پناه ببر! مسلّماً او شنوا[ی هر دعا] و دانا[ی به همۀ امور] است ",
            "37": " از نشانه های [ربوبیت و قدرت] او شب و روز و خورشید و ماه است، نه برای خورشید به سجده افتید، نه برای ماه، بلکه برای خداوندی که آن ها را آفریده سجده کنید اگر خواهان پرستش او هستید ",
            "38": " اگر [از قبول این فرمان] تکبّر کردند [چه باک!] کسانی [از فرشتگانِ بی شماری] که در پیشگاه پروردگارت هستند او را در شبانه روز همواره با تسبیح گفتن، [از هر عیب و نقصی] منزه و پاک میدارند، و [از این عبادتِ ویژه] خسته نمی شوند ",
            "39": "\n \nو از نشانه های [ربوبیت و قدرت] او این است که زمین را خشک و بی گیاه می بینی، چون باران بر آن بباریم به جنبش آید و رشد کند، یقیناً کسی که زمین [مرده] را حیات می دهد مردگان را نیز زنده می کند؛ زیرا او بر هر کاری تواناست ",
            "40": " بی تردید کسانی که در آیات ما وسوسه می اندازند، [و به تحریف مفاهیم آن ها اقدام می کنند تا مردم را از خداوند و قرآنش غافل کنند] بر ما پوشیده نیستند، آیا کسی که [به سبب خیانتش به نشانه ها و آیات ما] در آتش [دوزخ] افکنده می شود بهتر است، یا کسی که روز قیامت ایمن [از عذاب] می آید؟ [شما ای ملحدان و تحریف گران!] هرچه می خواهید انجام دهید، بدون شک او به آنچه انجام می دهید بیناست ",
            "41": " یقیناً کسانی که به این قرآن، وقتی به سویشان آمد کافر شدند [دچار عذاب سختی خواهند شد]، قرآن به طور یقین کتابی است شکست ناپذیر ",
            "42": " که هیچ باطلی از هیچ سو [و به هیچ صورت برای تحریف آیاتش] به سویش نخواهد آمد، از سوی [خداوند] حکیمِ ستوده خصال نازل شده است، [و تا اَبد در پناه حفظ اوست] ",
            "43": " به تو جز آنچه [از سخنان ناروا چون ساحر، مجنون و دروغ گو] به پیامبران پیش از تو گفته اند نمی گویند، پروردگارت صاحب آمرزش [برای حق گرایان] و دارندۀ عذابی دردناک [برای دشمنان حق] است ",
            "44": " چنانچه آن را قرآنی غیرعربی قرار می دادیم هرآینه [این مشرکانِ لجوجِ عناد پیشه] می گفتند: چرا آیاتش به روشنی بیان نشده؟ آیا [قرآنی] غیرعربی ولی [مخاطبانش] عرب زبان؟! بگو: این [کتاب] برای مؤمنان [به خدا و قیامت سراسر آیاتش] هدایت و درمان کننده است، کسانی که [هرگز] ایمان نمی آورند در گوششان سنگینی است، و برای آنان [مایه] کوردلی است، [گویی] اینان را از جایی دور ندا می کنند [که ندا را نمی شنوند، و از یافتن حقیقت محرومند] ",
            "45": " یقیناً ما به موسی کتاب عطا کردیم، پس دربارۀ [پذیرش و ردّ] آن، [و وحی بودنش] اختلاف شد، چنانچه از سوی پروردگارت فرمانی [بر مهلت یافتنشان] صادر نشده بود بی تردید بینشان حکم [به هلاکت] می شد، اینان [نیز چون قوم موسی] دربارۀ قرآن [که آیا وحی است یا نه] در تردیدی سخت هستند",
            "46": " کسی که کار شایسته انجام دهد به سود خود اوست، و آن که [خود را به هر] کار زشتی [آلوده] کند به زیان خود اوست، پروردگارت به بندگان ستمکار نیست ",
            "47": "\n \nعلمِ به قیامت را [که چه زمانی برپا می شود و چه خواهد شد] فقط باید به خداوند ارجاع داد [؛ زیرا کسی برای زمان برپایی اش و کیفیت امورش پاسخی ندارد،] هیچ یک از میوه ها از غلاف هایشان بیرون نمی آیند، و هیچ ماده ای حامله نمی شود و حملش را به زمین نمی گذارد مگر به دانش او، [مشرکانی که منکر قیامتند] روزی [که قیامت برپا شود از سوی خداوند] به آنان ندا می رسد: [آن] شریکان [که برای] من [ساخته بودید] کجایند؟ می گویند: به یقین اِعلام می کنیم هیچ کدام از ما [بر شریک داشتنت] گواهی نمی دهد ",
            "48": " البته آنچه را قبلاً [معبودان خود] می خواندند از نظرشان ناپدید می شود، و باور می کنند که هیچ راه گریزی برای آنان [از عذاب] نیست ",
            "49": " انسان از درخواست نعمت و رفاه خسته نمی شود، و چون آسیب و بلایی به او رسد به شدت مأیوس و ناامید می گردد ",
            "50": " هرگاه پس از آسیب و بلایی که به او رسیده، نعمت و رفاهی از سوی خود به او بچشانیم قطعاً می گوید: این [فقط] به خاطر [لیاقت] خودم بوده، و گمان نمی کنم قیامتی در کار باشد، [به فرضِ بودن قیامت] اگر به سوی پروردگارم بازم گردانند برایم نزد او پاداش های نیکوتری است! ما کافران را به اعمالی که [بر پایۀ اندیشه های نادرستشان] انجام داده اند آگاه خواهیم کرد، و یقیناً از عذابی سخت به آنان می چشانیم ",
            "51": " چون به انسان نعمت عطا کنیم [از ما به علت غرور و مستی] روی می گرداند، و [متکبّرانه] دور می شود، و هنگامی که آسیب و بلایی به او برسد [برای برطرف شدنش] به دعای پی درپی روی می آورد ",
            "52": " بگو: به من خبر دهید اگر [قرآن] از سوی خدا باشد، آن گاه شما منکر آن شوید چه کسی گمراه تر از کسی خواهد بود که در مخالفت و ستیزی شدید قرار دارد؟",
            "53": " به زودی نشانه های [قدرت و ربوبیت] خود را در کرانه ها [ی جهان هستی]، و در وجود خودشان به آن ها نشان خواهیم داد تا برای آنان روشن شود که بی تردید خداوند حق است، آیا بس نیست که پروردگارت [از جهت وجود و ربوبیت و قدرتش] برای هرچیزی مشهود است؟ [هرچند گروهی بی خبر، مشهودبودنش را درک نکنند و از شناختنش در غفلت بمانند ]",
            "54": " آگاه باش! که آنان در مورد ملاقات پروردگارشان دچار تردیدی سختند، و آگاه باش! که یقیناً او به هرچیزی [با دانش بی نهایت و قدرت مطلقه اش] احاطه دارد "
        }
    }
}