{
    "2": {
        "number": 2,
        "title": "سورة الشورى",
        "bab": 4,
        "delay": 0,
        "arabic": {
            "1": "حم",
            "2": "عسق",
            "3": "كَذَٰلِكَ يُوحِي إِلَيْكَ وَإِلَى الَّذِينَ مِنْ قَبْلِكَ اللَّهُ الْعَزِيزُ الْحَكِيمُ",
            "4": "لَهُ مَا فِي السَّمَاوَاتِ وَمَا فِي الْأَرْضِ ۖ وَهُوَ الْعَلِيُّ الْعَظِيمُ",
            "5": "تَكَادُ السَّمَاوَاتُ يَتَفَطَّرْنَ مِنْ فَوْقِهِنَّ ۚ وَالْمَلَائِكَةُ يُسَبِّحُونَ بِحَمْدِ رَبِّهِمْ وَيَسْتَغْفِرُونَ لِمَنْ فِي الْأَرْضِ ۗ أَلَا إِنَّ اللَّهَ هُوَ الْغَفُورُ الرَّحِيمُ",
            "6": "وَالَّذِينَ اتَّخَذُوا مِنْ دُونِهِ أَوْلِيَاءَ اللَّهُ حَفِيظٌ عَلَيْهِمْ وَمَا أَنْتَ عَلَيْهِمْ بِوَكِيلٍ",
            "7": "وَكَذَٰلِكَ أَوْحَيْنَا إِلَيْكَ قُرْآنًا عَرَبِيًّا لِتُنْذِرَ أُمَّ الْقُرَىٰ وَمَنْ حَوْلَهَا وَتُنْذِرَ يَوْمَ الْجَمْعِ لَا رَيْبَ فِيهِ ۚ فَرِيقٌ فِي الْجَنَّةِ وَفَرِيقٌ فِي السَّعِيرِ",
            "8": "وَلَوْ شَاءَ اللَّهُ لَجَعَلَهُمْ أُمَّةً وَاحِدَةً وَلَٰكِنْ يُدْخِلُ مَنْ يَشَاءُ فِي رَحْمَتِهِ ۚ وَالظَّالِمُونَ مَا لَهُمْ مِنْ وَلِيٍّ وَلَا نَصِيرٍ",
            "9": "أَمِ اتَّخَذُوا مِنْ دُونِهِ أَوْلِيَاءَ ۖ فَاللَّهُ هُوَ الْوَلِيُّ وَهُوَ يُحْيِي الْمَوْتَىٰ وَهُوَ عَلَىٰ كُلِّ شَيْءٍ قَدِيرٌ",
            "10": "وَمَا اخْتَلَفْتُمْ فِيهِ مِنْ شَيْءٍ فَحُكْمُهُ إِلَى اللَّهِ ۚ ذَٰلِكُمُ اللَّهُ رَبِّي عَلَيْهِ تَوَكَّلْتُ وَإِلَيْهِ أُنِيبُ",
            "11": "فَاطِرُ السَّمَاوَاتِ وَالْأَرْضِ ۚ جَعَلَ لَكُمْ مِنْ أَنْفُسِكُمْ أَزْوَاجًا وَمِنَ الْأَنْعَامِ أَزْوَاجًا ۖ يَذْرَؤُكُمْ فِيهِ ۚ لَيْسَ كَمِثْلِهِ شَيْءٌ ۖ وَهُوَ السَّمِيعُ الْبَصِيرُ",
            "12": "لَهُ مَقَالِيدُ السَّمَاوَاتِ وَالْأَرْضِ ۖ يَبْسُطُ الرِّزْقَ لِمَنْ يَشَاءُ وَيَقْدِرُ ۚ إِنَّهُ بِكُلِّ شَيْءٍ عَلِيمٌ",
            "13": "شَرَعَ لَكُمْ مِنَ الدِّينِ مَا وَصَّىٰ بِهِ نُوحًا وَالَّذِي أَوْحَيْنَا إِلَيْكَ وَمَا وَصَّيْنَا بِهِ إِبْرَاهِيمَ وَمُوسَىٰ وَعِيسَىٰ ۖ أَنْ أَقِيمُوا الدِّينَ وَلَا تَتَفَرَّقُوا فِيهِ ۚ كَبُرَ عَلَى الْمُشْرِكِينَ مَا تَدْعُوهُمْ إِلَيْهِ ۚ اللَّهُ يَجْتَبِي إِلَيْهِ مَنْ يَشَاءُ وَيَهْدِي إِلَيْهِ مَنْ يُنِيبُ",
            "14": "وَمَا تَفَرَّقُوا إِلَّا مِنْ بَعْدِ مَا جَاءَهُمُ الْعِلْمُ بَغْيًا بَيْنَهُمْ ۚ وَلَوْلَا كَلِمَةٌ سَبَقَتْ مِنْ رَبِّكَ إِلَىٰ أَجَلٍ مُسَمًّى لَقُضِيَ بَيْنَهُمْ ۚ وَإِنَّ الَّذِينَ أُورِثُوا الْكِتَابَ مِنْ بَعْدِهِمْ لَفِي شَكٍّ مِنْهُ مُرِيبٍ",
            "15": "فَلِذَٰلِكَ فَادْعُ ۖ وَاسْتَقِمْ كَمَا أُمِرْتَ ۖ وَلَا تَتَّبِعْ أَهْوَاءَهُمْ ۖ وَقُلْ آمَنْتُ بِمَا أَنْزَلَ اللَّهُ مِنْ كِتَابٍ ۖ وَأُمِرْتُ لِأَعْدِلَ بَيْنَكُمُ ۖ اللَّهُ رَبُّنَا وَرَبُّكُمْ ۖ لَنَا أَعْمَالُنَا وَلَكُمْ أَعْمَالُكُمْ ۖ لَا حُجَّةَ بَيْنَنَا وَبَيْنَكُمُ ۖ اللَّهُ يَجْمَعُ بَيْنَنَا ۖ وَإِلَيْهِ الْمَصِيرُ",
            "16": "وَالَّذِينَ يُحَاجُّونَ فِي اللَّهِ مِنْ بَعْدِ مَا اسْتُجِيبَ لَهُ حُجَّتُهُمْ دَاحِضَةٌ عِنْدَ رَبِّهِمْ وَعَلَيْهِمْ غَضَبٌ وَلَهُمْ عَذَابٌ شَدِيدٌ",
            "17": "اللَّهُ الَّذِي أَنْزَلَ الْكِتَابَ بِالْحَقِّ وَالْمِيزَانَ ۗ وَمَا يُدْرِيكَ لَعَلَّ السَّاعَةَ قَرِيبٌ",
            "18": "يَسْتَعْجِلُ بِهَا الَّذِينَ لَا يُؤْمِنُونَ بِهَا ۖ وَالَّذِينَ آمَنُوا مُشْفِقُونَ مِنْهَا وَيَعْلَمُونَ أَنَّهَا الْحَقُّ ۗ أَلَا إِنَّ الَّذِينَ يُمَارُونَ فِي السَّاعَةِ لَفِي ضَلَالٍ بَعِيدٍ",
            "19": "اللَّهُ لَطِيفٌ بِعِبَادِهِ يَرْزُقُ مَنْ يَشَاءُ ۖ وَهُوَ الْقَوِيُّ الْعَزِيزُ",
            "20": "مَنْ كَانَ يُرِيدُ حَرْثَ الْآخِرَةِ نَزِدْ لَهُ فِي حَرْثِهِ ۖ وَمَنْ كَانَ يُرِيدُ حَرْثَ الدُّنْيَا نُؤْتِهِ مِنْهَا وَمَا لَهُ فِي الْآخِرَةِ مِنْ نَصِيبٍ",
            "21": "أَمْ لَهُمْ شُرَكَاءُ شَرَعُوا لَهُمْ مِنَ الدِّينِ مَا لَمْ يَأْذَنْ بِهِ اللَّهُ ۚ وَلَوْلَا كَلِمَةُ الْفَصْلِ لَقُضِيَ بَيْنَهُمْ ۗ وَإِنَّ الظَّالِمِينَ لَهُمْ عَذَابٌ أَلِيمٌ",
            "22": "تَرَى الظَّالِمِينَ مُشْفِقِينَ مِمَّا كَسَبُوا وَهُوَ وَاقِعٌ بِهِمْ ۗ وَالَّذِينَ آمَنُوا وَعَمِلُوا الصَّالِحَاتِ فِي رَوْضَاتِ الْجَنَّاتِ ۖ لَهُمْ مَا يَشَاءُونَ عِنْدَ رَبِّهِمْ ۚ ذَٰلِكَ هُوَ الْفَضْلُ الْكَبِيرُ",
            "23": "ذَٰلِكَ الَّذِي يُبَشِّرُ اللَّهُ عِبَادَهُ الَّذِينَ آمَنُوا وَعَمِلُوا الصَّالِحَاتِ ۗ قُلْ لَا أَسْأَلُكُمْ عَلَيْهِ أَجْرًا إِلَّا الْمَوَدَّةَ فِي الْقُرْبَىٰ ۗ وَمَنْ يَقْتَرِفْ حَسَنَةً نَزِدْ لَهُ فِيهَا حُسْنًا ۚ إِنَّ اللَّهَ غَفُورٌ شَكُورٌ",
            "24": "أَمْ يَقُولُونَ افْتَرَىٰ عَلَى اللَّهِ كَذِبًا ۖ فَإِنْ يَشَإِ اللَّهُ يَخْتِمْ عَلَىٰ قَلْبِكَ ۗ وَيَمْحُ اللَّهُ الْبَاطِلَ وَيُحِقُّ الْحَقَّ بِكَلِمَاتِهِ ۚ إِنَّهُ عَلِيمٌ بِذَاتِ الصُّدُورِ",
            "25": "وَهُوَ الَّذِي يَقْبَلُ التَّوْبَةَ عَنْ عِبَادِهِ وَيَعْفُو عَنِ السَّيِّئَاتِ وَيَعْلَمُ مَا تَفْعَلُونَ",
            "26": "وَيَسْتَجِيبُ الَّذِينَ آمَنُوا وَعَمِلُوا الصَّالِحَاتِ وَيَزِيدُهُمْ مِنْ فَضْلِهِ ۚ وَالْكَافِرُونَ لَهُمْ عَذَابٌ شَدِيدٌ",
            "27": "وَلَوْ بَسَطَ اللَّهُ الرِّزْقَ لِعِبَادِهِ لَبَغَوْا فِي الْأَرْضِ وَلَٰكِنْ يُنَزِّلُ بِقَدَرٍ مَا يَشَاءُ ۚ إِنَّهُ بِعِبَادِهِ خَبِيرٌ بَصِيرٌ",
            "28": "وَهُوَ الَّذِي يُنَزِّلُ الْغَيْثَ مِنْ بَعْدِ مَا قَنَطُوا وَيَنْشُرُ رَحْمَتَهُ ۚ وَهُوَ الْوَلِيُّ الْحَمِيدُ",
            "29": "وَمِنْ آيَاتِهِ خَلْقُ السَّمَاوَاتِ وَالْأَرْضِ وَمَا بَثَّ فِيهِمَا مِنْ دَابَّةٍ ۚ وَهُوَ عَلَىٰ جَمْعِهِمْ إِذَا يَشَاءُ قَدِيرٌ",
            "30": "وَمَا أَصَابَكُمْ مِنْ مُصِيبَةٍ فَبِمَا كَسَبَتْ أَيْدِيكُمْ وَيَعْفُو عَنْ كَثِيرٍ",
            "31": "وَمَا أَنْتُمْ بِمُعْجِزِينَ فِي الْأَرْضِ ۖ وَمَا لَكُمْ مِنْ دُونِ اللَّهِ مِنْ وَلِيٍّ وَلَا نَصِيرٍ",
            "32": "وَمِنْ آيَاتِهِ الْجَوَارِ فِي الْبَحْرِ كَالْأَعْلَامِ",
            "33": "إِنْ يَشَأْ يُسْكِنِ الرِّيحَ فَيَظْلَلْنَ رَوَاكِدَ عَلَىٰ ظَهْرِهِ ۚ إِنَّ فِي ذَٰلِكَ لَآيَاتٍ لِكُلِّ صَبَّارٍ شَكُورٍ",
            "34": "أَوْ يُوبِقْهُنَّ بِمَا كَسَبُوا وَيَعْفُ عَنْ كَثِيرٍ",
            "35": "وَيَعْلَمَ الَّذِينَ يُجَادِلُونَ فِي آيَاتِنَا مَا لَهُمْ مِنْ مَحِيصٍ",
            "36": "فَمَا أُوتِيتُمْ مِنْ شَيْءٍ فَمَتَاعُ الْحَيَاةِ الدُّنْيَا ۖ وَمَا عِنْدَ اللَّهِ خَيْرٌ وَأَبْقَىٰ لِلَّذِينَ آمَنُوا وَعَلَىٰ رَبِّهِمْ يَتَوَكَّلُونَ",
            "37": "وَالَّذِينَ يَجْتَنِبُونَ كَبَائِرَ الْإِثْمِ وَالْفَوَاحِشَ وَإِذَا مَا غَضِبُوا هُمْ يَغْفِرُونَ",
            "38": "وَالَّذِينَ اسْتَجَابُوا لِرَبِّهِمْ وَأَقَامُوا الصَّلَاةَ وَأَمْرُهُمْ شُورَىٰ بَيْنَهُمْ وَمِمَّا رَزَقْنَاهُمْ يُنْفِقُونَ",
            "39": "وَالَّذِينَ إِذَا أَصَابَهُمُ الْبَغْيُ هُمْ يَنْتَصِرُونَ",
            "40": "وَجَزَاءُ سَيِّئَةٍ سَيِّئَةٌ مِثْلُهَا ۖ فَمَنْ عَفَا وَأَصْلَحَ فَأَجْرُهُ عَلَى اللَّهِ ۚ إِنَّهُ لَا يُحِبُّ الظَّالِمِينَ",
            "41": "وَلَمَنِ انْتَصَرَ بَعْدَ ظُلْمِهِ فَأُولَٰئِكَ مَا عَلَيْهِمْ مِنْ سَبِيلٍ",
            "42": "إِنَّمَا السَّبِيلُ عَلَى الَّذِينَ يَظْلِمُونَ النَّاسَ وَيَبْغُونَ فِي الْأَرْضِ بِغَيْرِ الْحَقِّ ۚ أُولَٰئِكَ لَهُمْ عَذَابٌ أَلِيمٌ",
            "43": "وَلَمَنْ صَبَرَ وَغَفَرَ إِنَّ ذَٰلِكَ لَمِنْ عَزْمِ الْأُمُورِ",
            "44": "وَمَنْ يُضْلِلِ اللَّهُ فَمَا لَهُ مِنْ وَلِيٍّ مِنْ بَعْدِهِ ۗ وَتَرَى الظَّالِمِينَ لَمَّا رَأَوُا الْعَذَابَ يَقُولُونَ هَلْ إِلَىٰ مَرَدٍّ مِنْ سَبِيلٍ",
            "45": "وَتَرَاهُمْ يُعْرَضُونَ عَلَيْهَا خَاشِعِينَ مِنَ الذُّلِّ يَنْظُرُونَ مِنْ طَرْفٍ خَفِيٍّ ۗ وَقَالَ الَّذِينَ آمَنُوا إِنَّ الْخَاسِرِينَ الَّذِينَ خَسِرُوا أَنْفُسَهُمْ وَأَهْلِيهِمْ يَوْمَ الْقِيَامَةِ ۗ أَلَا إِنَّ الظَّالِمِينَ فِي عَذَابٍ مُقِيمٍ",
            "46": "وَمَا كَانَ لَهُمْ مِنْ أَوْلِيَاءَ يَنْصُرُونَهُمْ مِنْ دُونِ اللَّهِ ۗ وَمَنْ يُضْلِلِ اللَّهُ فَمَا لَهُ مِنْ سَبِيلٍ",
            "47": "اسْتَجِيبُوا لِرَبِّكُمْ مِنْ قَبْلِ أَنْ يَأْتِيَ يَوْمٌ لَا مَرَدَّ لَهُ مِنَ اللَّهِ ۚ مَا لَكُمْ مِنْ مَلْجَإٍ يَوْمَئِذٍ وَمَا لَكُمْ مِنْ نَكِيرٍ",
            "48": "فَإِنْ أَعْرَضُوا فَمَا أَرْسَلْنَاكَ عَلَيْهِمْ حَفِيظًا ۖ إِنْ عَلَيْكَ إِلَّا الْبَلَاغُ ۗ وَإِنَّا إِذَا أَذَقْنَا الْإِنْسَانَ مِنَّا رَحْمَةً فَرِحَ بِهَا ۖ وَإِنْ تُصِبْهُمْ سَيِّئَةٌ بِمَا قَدَّمَتْ أَيْدِيهِمْ فَإِنَّ الْإِنْسَانَ كَفُورٌ",
            "49": "لِلَّهِ مُلْكُ السَّمَاوَاتِ وَالْأَرْضِ ۚ يَخْلُقُ مَا يَشَاءُ ۚ يَهَبُ لِمَنْ يَشَاءُ إِنَاثًا وَيَهَبُ لِمَنْ يَشَاءُ الذُّكُورَ",
            "50": "أَوْ يُزَوِّجُهُمْ ذُكْرَانًا وَإِنَاثًا ۖ وَيَجْعَلُ مَنْ يَشَاءُ عَقِيمًا ۚ إِنَّهُ عَلِيمٌ قَدِيرٌ",
            "51": "وَمَا كَانَ لِبَشَرٍ أَنْ يُكَلِّمَهُ اللَّهُ إِلَّا وَحْيًا أَوْ مِنْ وَرَاءِ حِجَابٍ أَوْ يُرْسِلَ رَسُولًا فَيُوحِيَ بِإِذْنِهِ مَا يَشَاءُ ۚ إِنَّهُ عَلِيٌّ حَكِيمٌ",
            "52": "وَكَذَٰلِكَ أَوْحَيْنَا إِلَيْكَ رُوحًا مِنْ أَمْرِنَا ۚ مَا كُنْتَ تَدْرِي مَا الْكِتَابُ وَلَا الْإِيمَانُ وَلَٰكِنْ جَعَلْنَاهُ نُورًا نَهْدِي بِهِ مَنْ نَشَاءُ مِنْ عِبَادِنَا ۚ وَإِنَّكَ لَتَهْدِي إِلَىٰ صِرَاطٍ مُسْتَقِيمٍ",
            "53": "صِرَاطِ اللَّهِ الَّذِي لَهُ مَا فِي السَّمَاوَاتِ وَمَا فِي الْأَرْضِ ۗ أَلَا إِلَى اللَّهِ تَصِيرُ الْأُمُورُ"
        },
        "farsi": {
            "1": "\nحاء، میم ",
            "2": " عَین، سین، قاف ",
            "3": " [وحی سنّت دیرینۀ حق برای هدایت انسان هاست،] این گونه خداوندِ توانای شکست ناپذیرِ حکیم به سوی تو و پیامبرانی که پیش از تو بودند وحی می کند ",
            "4": " آنچه در آسمان ها و زمین است فقط در سیطرۀ مالکیت و فرمانروایی اوست، و او بلندمرتبه و بزرگ است ",
            "5": " نزدیک است آسمان ها از فرازشان [به سبب عظمت وحی و اثر شگفت انگیزش] بشکافند، فرشتگان [با توجه به وحی و آثارش در نظام هستی و زندگی انسان ها همواره] پروردگارشان را همراه با ستایش [با تسبیح گفتن از هر عیب و نقصی] منزه و پاک می دارند، و برای کسانی که در زمین هستند [و با تکیه به وحی زندگی خود را سامان می دهند] طلب آمرزش می کنند، آگاه باشید! که یقیناً خداوند بسیار آمرزنده و مهربان است ",
            "6": " [ولایت و سرپرستی بر همۀ هستی و همۀ انسان ها فقط و فقط مخصوص خداست،] کسانی که به جای خداوند، معبودان [باطل] را [به عنوان] سرپرستان خود انتخاب کرده اند، خداوند مراقب [همۀ نیات و عقاید و اعمال] آنان است [تا به حسابشان برسد]، و تو کارگزارشان نیستی [که بتوانی آنان را مجبور به قبول هدایت کنی، وظیفه ات رساندن پیام خدا به مردم است] ",
            "7": " به این صورت [که می بینی] قرآنی شیوا و رسا به تو وحی کردیم تا [در این ابتدای کار، مردم] مکه و کسانی را که پیرامونش هستند هشدار دهی، و [آنان را] از روز اجتماع [همۀ انسان ها در صحرای محشر] که در [وقوع] آن هیچ تردیدی نیست بترسانی، [روزی که] گروهی در بهشتند و گروهی در آتش سوزان ",
            "8": " اگر خداوند می خواست [همۀ] انسان ها را [از روی جبر بر محور دین] امت واحدی قرار می داد، ولی [هدایت اجباری فاقد ارزش است،] هرکه را که بخواهد [و به آیات حق ستم نکرده باشد] در رحمت خود درآورد، و ستمکاران را هیچ دوست و مددکاری [که از عذاب نجاتشان دهد] نیست ",
            "9": " آیا به جای او اولیا و سرپرستانی [برای خود] انتخاب کرده اند؟ درحالی که ولی و سرپرست [واقعی] فقط خداست، و تنها اوست که مردگان را زنده می کند، و فقط اوست که بر هر کاری تواناست ",
            "10": " هر آنچه [از موضوعات و مسائل] که در آن دچار اختلاف شدید داوری اش [برای رفع اختلاف] با خداست [؛ خدایی که بر شما ولایت دارد، ای پیامبر! به مردم اِعلام کن:] این است خداوند، مالک و مدبّرِ امور من، بر او توکل کردم، و [با توجه و اخلاص] به او روی می آورم ",
            "11": "\n \nآفرینندۀ آسمان ها و زمین بدون سابقه و الگوست، جفت هایی از جنس خودتان برایتان آفرید، و از چهارپایان [نیز] جفت هایی [پدید آورد]، شما را از طریق جفت بودن تکثیر می کند، چیزی مانند او نیست، و او شنوا و بیناست ",
            "12": "کلیدهای آسمان ها و زمین فقط در اختیار اوست، برای هرکس که بخواهد رزق و روزی را وسعت می دهد و [یا] تنگ می گیرد، او به همه چیز داناست ",
            "13": " آیینی را به سود شما وضع کرد که نوح را نسبت به آن توصیه داشت، و آنچه را به سوی تو وحی کردیم و به ابراهیم و موسی و عیسی سفارش کردیم این است که دین [انتخاب شده خدا] را برپا دارید، [و به همۀ احکامش پای بند باشید،] و از بخش بخش کردنِ آن، [که بخشی را براساس دلخواهتان بپذیرید و بخشی را واگذارید] بپرهیزید، دینی که مشرکان را به آن دعوت می کنی بر آنان سنگین [و دشوار] است، خداوند هرکه را بخواهد [در صورت داشتن لیاقت]، برای [قبول] دین برمی گزیند، و هرکه را [با توجه و اخلاص به جانب خدا] بازگردد به سوی آن هدایت می کند ",
            "14": " [جوامع دینی در طول تاریخ] گروه گروه نشدند مگر پس از [تحصیل] آگاهی [به حقانیت همۀ معارف و احکام دین، این گروه گرایی] به سبب حسد و خوی تجاوزگری بین آنان [بود]، اگر از سوی پروردگارت فرمانی [بر مهلت یافتنشان] تا زمانی معین صادر نشده بود بی تردید بینشان حکم [به هلاکت] می شد، کسانی که پس از آنان، کتاب [آسمانی] را به ارث بردند [به سبب تأثیر سوء گروه گرایی گذشتگانشان،]نسبت به آن در تردیدی سخت هستند ",
            "15": " پس بدین جهت [آنان را به سوی آیینی که به تو وحی شده و حقانیتش متّکی به دلایل استوار است] دعوت کن! و چنان که مأموری [بر این دعوت] شکیبایی کن! و از خواسته های [نامشروعِ] گروه گرایانِ اهل کتاب پیروی نکن! بگو: به [هر] کتابی که خداوند فرستاده ایمان دارم، و فرمانم داده اند که در بین شما مجری عدالت باشم، خداوند پروردگار ما و شماست، اعمال ما برای ما و اعمال شما برای شماست، بین ما و شما جای هیچ گفتگو و جدالی نیست، خداوند است که ما و شما را [در عرصۀ محشر] جمع می کند، بازگشتِ همه فقط به سوی اوست ",
            "16": "\n \nکسانی که دربارۀ خداوند [به ویژه یگانه بودنش،] پس از آن که دعوتش [از سوی خِردورزان با تکیه بر فطرت و بصیرت] پذیرفته شد، گفت وگوی نادرست و بی دلیل می کنند، چون و چرایشان نزد پروردگارشان [که آیینش استوار بر دلایل مُحکم است] باطل و زایل شدنی است، بر آنان خشمی سخت، و عذابی شدید است",
            "17": " خداست که کتاب و میزانِ [سنجش حق از باطل] را نازل کرد [؛ میزانی که همۀ انسان ها در قیامت با آن سنجیده می شوند]، تو از [زمان وقوع] قیامت چه می دانی؟ امید است نزدیک باشد ",
            "18": " کسانی که به آن ایمان ندارند [از روی تمسخر] شتاب در آمدنش را خواهانند، و باورکنندگان آن از آن در هراسند، و می دانند که قیامت [حادثه ای] حق و حتمی است، آگاه باشید! کسانی که همواره دربارۀ قیامت گفتاری تردید آور دارند در گمراهی دوری هستند [که هرگز در آن دسترسی به هدایت ندارند]",
            "19": " خداوند به [همۀ امور] بندگانش دقیق است، هرکه را بخواهد روزی عطا می کند، او نیرومند و توانای شکست ناپذیر است ",
            "20": " کسی که خواهان محصولات آخرتی است بر محصولاتش می افزاییم، و آن که طالب محصولات دنیایی است بخشی از آن را به او می بخشیم، ولی در آخرت برای او هیچ بهره ای نخواهد بود ",
            "21": "آیا غیر مؤمنانِ [از هر طایفه و ملت]، معبودانی دارند که بی اِذن خداوند آیینی را برای آنان پایه گذاری کرده اند؟ [درحالی که کلیددار هستی خداست، و حق تشریع و ارائۀ دین فقط ویژۀ اوست،] اگر فرمان خداوند [بر مهلتشان تا سرآمدنِ اجل معینشان] نبود، بینشان حکم [به هلاکت و نابودی] می شد، یقیناً برای ستمکاران عذاب دردناکی خواهد بود ",
            "22": " [در قیامت] ستمکاران را می بینی که از آنچه انجام داده اند در هراسند، و همان [را که مرتکب شده اند به صورت عذاب] گریبانگیرشان خواهد شد، و مؤمنانی که کارهای شایسته انجام داده اند در باغ های بهشتند، برای آنان هرچه بخواهند نزد پروردگارشان [فراهم] است، این همان احسان بزرگ است !",
            "23": "\n \nاین پاداشی است که خداوند بندگانش را که برخوردار از ایمانند و کارهای شایسته انجام داده اند به آن مژده می دهد، بگو: از شما در برابر رسالتم هیچ پاداشی جز مودّت به نزدیکانم [که بنابر روایات فراوان و صحیحِ سُنّی و شیعه، اهل بیتِ پیامبر علیهم السلام هستند] درخواست ندارم، هرکس کار نیکی [که عشق ورزی به اهل بیت علیهم السلام و پیروی از آنان است] انجام دهد بر نیکی اش می افزاییم، به راستی خداوند بسیار آمرزنده، و عطاکنندۀ پاداشِ فراوان در برابر عملِ اندک است ",
            "24": " [نه این که ایمان نمی آورند] بلکه می گویند: [این قرآن وحی نیست، کتابی است که] بر خدا دروغ بسته. چنانچه خداوند بخواهد [در صورت کمترین دروغ بستن به خدا] قلبت را مهر [زده و از دریافت وحی محروم] می کند، [تو اهل دروغ بستن نیستی، این تهمتی است که کوردلان به تو می زنند،] خداوند باطل را محو می کند، و حق را با آیاتش استوار می سازد، بی تردید او به اَسرار و نیات باطن ها آگاه است",
            "25": " اوست که توبۀ بندگانش را می پذیرد، و از بدی ها گذشت می کند، و هر عملی را که انجام می دهید می داند ",
            "26": " و دعای مؤمنانی را که کارهای شایسته انجام داده اند مستجاب می کند و از احسانش بر آنان می افزاید، و برای کافران عذاب سختی خواهد بود ",
            "27": " اگر خداوند رزق را بر بندگانش وسعت دهد هرآینه در زمین به طغیان و فساد روی می آورند، ولی آنچه را بخواهد به اندازه نازل می کند، قطعاً او به بندگانش [و همۀ امورشان] آگاه و بیناست ",
            "28": " اوست که باران [سودمند] را پس از آن که [مردم از آمدنش] ناامید شدند نازل می کند، و رحمتش را می گستراند، و او سرپرست [واقعی] و ستوده خصال است ",
            "29": " از نشانه های [ربوبیت و قدرت] او آفرینش آسمان ها و زمین و جنبندگانی است که بین آن ها پراکنده ساخته، و او بر جمع کردنشان هرگاه بخواهد تواناست ",
            "30": " هر مشکل و آسیبی به شما برسد به سبب اعمالی است که مرتکب شده اید، و [خداوند] از بسیاری [از بدی هایتان هم] گذشت می کند ",
            "31": " شما در زمین عاجزکنندۀ [خدا] نیستید [تا بتوانید از دسترس قدرتش بیرون روید]، و [برای حل مشکلات و برطرف کردن آسیب ها] جز خداوند هیچ سرپرست و یاوری برای شما وجود ندارد ",
            "32": "\n \nاز نشانه های [قدرت و ربوبیت] او کشتی های کوه پیکری است که در دریا [به کمک باد] در حرکتند",
            "33": " اگر بخواهد باد را ساکن می کند، در نتیجه کشتی ها روی آب بی حرکت می مانند، در این [مسئله] برای هر شکیبای سپاس گزاری نشانه هایی [از ربوبیت و قدرت خدا] است ",
            "34": " یا [اگر بخواهد] کشتی ها را [با سرنشینانش] به کیفر گناهانی که مرتکب شده اند غرق می کند، و [یا] از بسیاری [از گناهانشان] چشم پوشی می کند [و آن ها را نجات می دهد ]",
            "35": " تا [با قدرت نمایی خداوند] کسانی که دربارۀ آیات ما سخن نادرست و بی دلیل به میان می آورند، بدانند که برای آنان هیچ گریزگاهی [از عرصۀ قدرت ما] نیست ",
            "36": " در نهایت آنچه [از کالا و وسایل و ابزار مادّی] به شما داده اند مایۀ بهره وری [اندک و زودگذرِ] زندگی دنیاست، و آنچه [از بهره و پاداش] نزد خداست برای مؤمنانی که [در همۀ حوادث و امور] بر خدا توکل می کنند بهتر و پایدارتر است ",
            "37": " هم آنان که از گناهان بزرگ و از کارهای بسیار زشت دوری می کنند، و چون به خشم آیند [چشم پوشی و] گذشت را به کار می گیرند ",
            "38": "و آنان که دعوت پروردگارشان را [به انجام تکالیف، مشتاقانه] اجابت کرده، نماز را [با شرایط ویژه اش] خواندند، و کارشان در بین خودشان برپایۀ مشورت است، و همواره از آنچه روزی آنان کرده ایم انفاق می کنند ",
            "39": " و آنان که هرگاه مورد ستم قرار می گیرند [از ستمکار بر خود] انتقام می گیرند",
            "40": " پاداشِ بدی، [چون قتل و زخم زدن و اتلاف مال،] مانند همان بدی است، [که زیاده روی خروج از حد عدالت است،] ولی هرکس [از بدی طرف مقابلش] بگذرد، و [زشت کاری او را با نیکی و امر به معروف] اصلاح کند پاداشش بر عهدۀ خداست، یقیناً خدا متجاوزان [از عدالت] را دوست ندارد ",
            "41": " کسانی که پس از ستم دیدنشان [از ستمکارِ به خود] انتقام می گیرند هیچ اعتراضی بر آنان نیست ",
            "42": " اعتراض فقط متوجه کسانی است که به مردم ستم روا می دارند، و ظالمانه در زمین سرکشی و طغیان می کنندکه بی گمان برای آنان عذاب دردناکی خواهد بود ",
            "43": " کسی که [با داشتن قدرت بر انتقام جویی،] شکیبایی ورزد و [از خطای طرفِ مقابلش] گذشت کند به راستی این [کارها] از کارهای استوار است ",
            "44": " هرکه را خداوند [به کیفر ستمکاری اش] در گمراهی وانهد، بعد از خدا هیچ سرپرست و یاوری نخواهد داشت، ستمکاران را [در قیامت] خواهی دید که چون عذاب را ببینند می گویند: آیا راه بازگشتی [برای ما به دنیا] وجود دارد؟",
            "45": "\n \nآنان را مشاهده می کنی که در معرض آتش قرارشان می دهند، درحالی که از شدت خواری سرافکنده اند، و زیرچشمی نگاهی [ترس آلود] می کنند، در آن حال مؤمنان می گویند: همانا زیان کاران کسانی هستند که [همۀ سرمایه های وجودی] خود و کسانشان را در قیامت تباه کرده اند، آگاه باشید! مسلّماً ستمکاران در عذابی پایدار خواهند بود ",
            "46": " و دوستان و یاورانی نخواهند داشت که آنان را در برابر خداوند [و انتقام او] یاری دهند، و هرکس را خداوند [به کیفر ستمکاری اش] در گمراهی وانهد برای او هیچ راهی [به سوی هدایت و سعادت] نیست ",
            "47": " دعوت پروردگارتان را بپذیرید پیش از آن که روزی فرارسد که خداوند هیچ [راه] بازگشتی برای آن [به سوی دنیا] قرار نداده، آن روز برای شما هیچ پناه گاهی وجود ندارد، و برای شما هیچ راهِ انکاری [نسبت به زشتی هایی که مرتکب شده اید] نخواهد بود ",
            "48": " چنانچه [از دعوتت] رویگردان شدند [اندوه مخور!] ما تو را مراقب آنان نفرستاده ایم [که به اجبار هدایتشان کنی]، برعهدۀ تو جز رساندن [پیام وحی] نیست، هنگامی که ما از سوی خود رحمتی [چون سلامت، امنیت، ثروت] به انسان بچشانیم مغرورانه به آن شاد می شود، و اگر به کیفر گناهانی که مرتکب شده اند آسیب و مصیبتی به آنان برسد [به جزع و فزع روی می آورند]، مسلّماً انسان بسیار ناسپاس است ",
            "49": " مالکیت و فرمانروایی آسمان ها و زمین فقط در سیطرۀ خداست، هرچه را بخواهد می آفریند، به هرکس بخواهد دختر عطا می کند، و به هرکه بخواهد پسر می بخشد ",
            "50": " یا پسران و دخترانی با هم به آنان عنایت می کند، و هرکه را بخواهد نازا قرار می هد، به راستی او دانا و تواناست ",
            "51": " شایستۀ هیچ بشری نیست که خداوند با او سخن گوید جز از راه وحی، یا از پشت حجاب، یا فرستادن فرشته ، پس فرشته به اِذن خداوند هرچه را خدا خواسته وحی می کند، همانا او بلندمرتبه و حکیم است ",
            "52": "\n \nآن گونه [که به پیامبرانِ پیشین وحی کردیم به همان صورت،] روح [که قرآنِ حیات بخش است] را از امر خود به تو وحی کردیم، درحالی که [پیش از وحی] نمی دانستی قرآن و ایمان چیست؟ ولی قرآن را نوری قرار دادیم که هرکس از بندگانمان را بخواهیم به وسیلۀ آن هدایت می کنیم، تو یقیناً [مردم را] به راهی راست هدایت می کنی",
            "53": " به راه خداوندی که آنچه در آسمان ها و زمین است فقط در سیطرۀ مالکیت و فرمانروایی اوست، آگاه باشید! [همۀ] امور به سوی خداوند بازمی گردد "
        }
    }
}