{
 "2": {
  "number": 2,
        "title": "سورة الزخرف",
     "bab": 4,
     "delay": 2,
     "arabic": {
           "3": "حم",
            "4": "وَالْكِتَابِ الْمُبِينِ",
            "5": "إِنَّا جَعَلْنَاهُ قُرْآنًا عَرَبِيًّا لَعَلَّكُمْ تَعْقِلُونَ",
            "6": "وَإِنَّهُ فِي أُمِّ الْكِتَابِ لَدَيْنَا لَعَلِيٌّ حَكِيمٌ",
            "7": "أَفَنَضْرِبُ عَنْكُمُ الذِّكْرَ صَفْحًا أَنْ كُنْتُمْ قَوْمًا مُسْرِفِينَ",
            "8": "وَكَمْ أَرْسَلْنَا مِنْ نَبِيٍّ فِي الْأَوَّلِينَ",
            "9": "وَمَا يَأْتِيهِمْ مِنْ نَبِيٍّ إِلَّا كَانُوا بِهِ يَسْتَهْزِئُونَ",
            "10": "فَأَهْلَكْنَا أَشَدَّ مِنْهُمْ بَطْشًا وَمَضَىٰ مَثَلُ الْأَوَّلِينَ",
            "11": "وَلَئِنْ سَأَلْتَهُمْ مَنْ خَلَقَ السَّمَاوَاتِ وَالْأَرْضَ لَيَقُولُنَّ خَلَقَهُنَّ الْعَزِيزُ الْعَلِيمُ",
            "12": "الَّذِي جَعَلَ لَكُمُ الْأَرْضَ مَهْدًا وَجَعَلَ لَكُمْ فِيهَا سُبُلًا لَعَلَّكُمْ تَهْتَدُونَ",
            "13": "وَالَّذِي نَزَّلَ مِنَ السَّمَاءِ مَاءً بِقَدَرٍ فَأَنْشَرْنَا بِهِ بَلْدَةً مَيْتًا ۚ كَذَٰلِكَ تُخْرَجُونَ",
            "14": "وَالَّذِي خَلَقَ الْأَزْوَاجَ كُلَّهَا وَجَعَلَ لَكُمْ مِنَ الْفُلْكِ وَالْأَنْعَامِ مَا تَرْكَبُونَ",
            "15": "لِتَسْتَوُوا عَلَىٰ ظُهُورِهِ ثُمَّ تَذْكُرُوا نِعْمَةَ رَبِّكُمْ إِذَا اسْتَوَيْتُمْ عَلَيْهِ وَتَقُولُوا سُبْحَانَ الَّذِي سَخَّرَ لَنَا هَٰذَا وَمَا كُنَّا لَهُ مُقْرِنِينَ",
            "16": "وَإِنَّا إِلَىٰ رَبِّنَا لَمُنْقَلِبُونَ",
            "17": "وَجَعَلُوا لَهُ مِنْ عِبَادِهِ جُزْءًا ۚ إِنَّ الْإِنْسَانَ لَكَفُورٌ مُبِينٌ",
            "18": "أَمِ اتَّخَذَ مِمَّا يَخْلُقُ بَنَاتٍ وَأَصْفَاكُمْ بِالْبَنِينَ",
            "19": "وَإِذَا بُشِّرَ أَحَدُهُمْ بِمَا ضَرَبَ لِلرَّحْمَٰنِ مَثَلًا ظَلَّ وَجْهُهُ مُسْوَدًّا وَهُوَ كَظِيمٌ",
            "20": "أَوَمَنْ يُنَشَّأُ فِي الْحِلْيَةِ وَهُوَ فِي الْخِصَامِ غَيْرُ مُبِينٍ",
            "21": "وَجَعَلُوا الْمَلَائِكَةَ الَّذِينَ هُمْ عِبَادُ الرَّحْمَٰنِ إِنَاثًا ۚ أَشَهِدُوا خَلْقَهُمْ ۚ سَتُكْتَبُ شَهَادَتُهُمْ وَيُسْأَلُونَ",
            "22": "وَقَالُوا لَوْ شَاءَ الرَّحْمَٰنُ مَا عَبَدْنَاهُمْ ۗ مَا لَهُمْ بِذَٰلِكَ مِنْ عِلْمٍ ۖ إِنْ هُمْ إِلَّا يَخْرُصُونَ",
            "23": "أَمْ آتَيْنَاهُمْ كِتَابًا مِنْ قَبْلِهِ فَهُمْ بِهِ مُسْتَمْسِكُونَ",
            "24": "بَلْ قَالُوا إِنَّا وَجَدْنَا آبَاءَنَا عَلَىٰ أُمَّةٍ وَإِنَّا عَلَىٰ آثَارِهِمْ مُهْتَدُونَ",
            "25": "وَكَذَٰلِكَ مَا أَرْسَلْنَا مِنْ قَبْلِكَ فِي قَرْيَةٍ مِنْ نَذِيرٍ إِلَّا قَالَ مُتْرَفُوهَا إِنَّا وَجَدْنَا آبَاءَنَا عَلَىٰ أُمَّةٍ وَإِنَّا عَلَىٰ آثَارِهِمْ مُقْتَدُونَ",
            "26": "قَالَ أَوَلَوْ جِئْتُكُمْ بِأَهْدَىٰ مِمَّا وَجَدْتُمْ عَلَيْهِ آبَاءَكُمْ ۖ قَالُوا إِنَّا بِمَا أُرْسِلْتُمْ بِهِ كَافِرُونَ",
            "27": "فَانْتَقَمْنَا مِنْهُمْ ۖ فَانْظُرْ كَيْفَ كَانَ عَاقِبَةُ الْمُكَذِّبِينَ",
            "28": "وَإِذْ قَالَ إِبْرَاهِيمُ لِأَبِيهِ وَقَوْمِهِ إِنَّنِي بَرَاءٌ مِمَّا تَعْبُدُونَ",
            "29": "إِلَّا الَّذِي فَطَرَنِي فَإِنَّهُ سَيَهْدِينِ",
            "30": "وَجَعَلَهَا كَلِمَةً بَاقِيَةً فِي عَقِبِهِ لَعَلَّهُمْ يَرْجِعُونَ",
            "31": "بَلْ مَتَّعْتُ هَٰؤُلَاءِ وَآبَاءَهُمْ حَتَّىٰ جَاءَهُمُ الْحَقُّ وَرَسُولٌ مُبِينٌ",
            "32": "وَلَمَّا جَاءَهُمُ الْحَقُّ قَالُوا هَٰذَا سِحْرٌ وَإِنَّا بِهِ كَافِرُونَ",
            "33": "وَقَالُوا لَوْلَا نُزِّلَ هَٰذَا الْقُرْآنُ عَلَىٰ رَجُلٍ مِنَ الْقَرْيَتَيْنِ عَظِيمٍ",
            "34": "أَهُمْ يَقْسِمُونَ رَحْمَتَ رَبِّكَ ۚ نَحْنُ قَسَمْنَا بَيْنَهُمْ مَعِيشَتَهُمْ فِي الْحَيَاةِ الدُّنْيَا ۚ وَرَفَعْنَا بَعْضَهُمْ فَوْقَ بَعْضٍ دَرَجَاتٍ لِيَتَّخِذَ بَعْضُهُمْ بَعْضًا سُخْرِيًّا ۗ وَرَحْمَتُ رَبِّكَ خَيْرٌ مِمَّا يَجْمَعُونَ",
            "35": "وَلَوْلَا أَنْ يَكُونَ النَّاسُ أُمَّةً وَاحِدَةً لَجَعَلْنَا لِمَنْ يَكْفُرُ بِالرَّحْمَٰنِ لِبُيُوتِهِمْ سُقُفًا مِنْ فِضَّةٍ وَمَعَارِجَ عَلَيْهَا يَظْهَرُونَ",
            "36": "وَلِبُيُوتِهِمْ أَبْوَابًا وَسُرُرًا عَلَيْهَا يَتَّكِئُونَ",
            "37": "وَزُخْرُفًا ۚ وَإِنْ كُلُّ ذَٰلِكَ لَمَّا مَتَاعُ الْحَيَاةِ الدُّنْيَا ۚ وَالْآخِرَةُ عِنْدَ رَبِّكَ لِلْمُتَّقِينَ",
            "38": "وَمَنْ يَعْشُ عَنْ ذِكْرِ الرَّحْمَٰنِ نُقَيِّضْ لَهُ شَيْطَانًا فَهُوَ لَهُ قَرِينٌ",
            "39": "وَإِنَّهُمْ لَيَصُدُّونَهُمْ عَنِ السَّبِيلِ وَيَحْسَبُونَ أَنَّهُمْ مُهْتَدُونَ",
            "40": "حَتَّىٰ إِذَا جَاءَنَا قَالَ يَا لَيْتَ بَيْنِي وَبَيْنَكَ بُعْدَ الْمَشْرِقَيْنِ فَبِئْسَ الْقَرِينُ",
            "41": "وَلَنْ يَنْفَعَكُمُ الْيَوْمَ إِذْ ظَلَمْتُمْ أَنَّكُمْ فِي الْعَذَابِ مُشْتَرِكُونَ",
            "42": "أَفَأَنْتَ تُسْمِعُ الصُّمَّ أَوْ تَهْدِي الْعُمْيَ وَمَنْ كَانَ فِي ضَلَالٍ مُبِينٍ",
            "43": "فَإِمَّا نَذْهَبَنَّ بِكَ فَإِنَّا مِنْهُمْ مُنْتَقِمُونَ",
            "44": "أَوْ نُرِيَنَّكَ الَّذِي وَعَدْنَاهُمْ فَإِنَّا عَلَيْهِمْ مُقْتَدِرُونَ",
            "45": "فَاسْتَمْسِكْ بِالَّذِي أُوحِيَ إِلَيْكَ ۖ إِنَّكَ عَلَىٰ صِرَاطٍ مُسْتَقِيمٍ",
            "46": "وَإِنَّهُ لَذِكْرٌ لَكَ وَلِقَوْمِكَ ۖ وَسَوْفَ تُسْأَلُونَ",
            "47": "وَاسْأَلْ مَنْ أَرْسَلْنَا مِنْ قَبْلِكَ مِنْ رُسُلِنَا أَجَعَلْنَا مِنْ دُونِ الرَّحْمَٰنِ آلِهَةً يُعْبَدُونَ",
            "48": "وَلَقَدْ أَرْسَلْنَا مُوسَىٰ بِآيَاتِنَا إِلَىٰ فِرْعَوْنَ وَمَلَئِهِ فَقَالَ إِنِّي رَسُولُ رَبِّ الْعَالَمِينَ",
            "49": "فَلَمَّا جَاءَهُمْ بِآيَاتِنَا إِذَا هُمْ مِنْهَا يَضْحَكُونَ",
            "50": "وَمَا نُرِيهِمْ مِنْ آيَةٍ إِلَّا هِيَ أَكْبَرُ مِنْ أُخْتِهَا ۖ وَأَخَذْنَاهُمْ بِالْعَذَابِ لَعَلَّهُمْ يَرْجِعُونَ",
            "51": "وَقَالُوا يَا أَيُّهَ السَّاحِرُ ادْعُ لَنَا رَبَّكَ بِمَا عَهِدَ عِنْدَكَ إِنَّنَا لَمُهْتَدُونَ",
            "52": "فَلَمَّا كَشَفْنَا عَنْهُمُ الْعَذَابَ إِذَا هُمْ يَنْكُثُونَ",
            "53": "وَنَادَىٰ فِرْعَوْنُ فِي قَوْمِهِ قَالَ يَا قَوْمِ أَلَيْسَ لِي مُلْكُ مِصْرَ وَهَٰذِهِ الْأَنْهَارُ تَجْرِي مِنْ تَحْتِي ۖ أَفَلَا تُبْصِرُونَ",
            "54": "أَمْ أَنَا خَيْرٌ مِنْ هَٰذَا الَّذِي هُوَ مَهِينٌ وَلَا يَكَادُ يُبِينُ",
            "55": "فَلَوْلَا أُلْقِيَ عَلَيْهِ أَسْوِرَةٌ مِنْ ذَهَبٍ أَوْ جَاءَ مَعَهُ الْمَلَائِكَةُ مُقْتَرِنِينَ",
            "56": "فَاسْتَخَفَّ قَوْمَهُ فَأَطَاعُوهُ ۚ إِنَّهُمْ كَانُوا قَوْمًا فَاسِقِينَ",
            "57": "فَلَمَّا آسَفُونَا انْتَقَمْنَا مِنْهُمْ فَأَغْرَقْنَاهُمْ أَجْمَعِينَ",
            "58": "فَجَعَلْنَاهُمْ سَلَفًا وَمَثَلًا لِلْآخِرِينَ",
            "59": "وَلَمَّا ضُرِبَ ابْنُ مَرْيَمَ مَثَلًا إِذَا قَوْمُكَ مِنْهُ يَصِدُّونَ",
            "60": "وَقَالُوا أَآلِهَتُنَا خَيْرٌ أَمْ هُوَ ۚ مَا ضَرَبُوهُ لَكَ إِلَّا جَدَلًا ۚ بَلْ هُمْ قَوْمٌ خَصِمُونَ",
            "61": "إِنْ هُوَ إِلَّا عَبْدٌ أَنْعَمْنَا عَلَيْهِ وَجَعَلْنَاهُ مَثَلًا لِبَنِي إِسْرَائِيلَ",
            "62": "وَلَوْ نَشَاءُ لَجَعَلْنَا مِنْكُمْ مَلَائِكَةً فِي الْأَرْضِ يَخْلُفُونَ",
            "63": "وَإِنَّهُ لَعِلْمٌ لِلسَّاعَةِ فَلَا تَمْتَرُنَّ بِهَا وَاتَّبِعُونِ ۚ هَٰذَا صِرَاطٌ مُسْتَقِيمٌ",
            "64": "وَلَا يَصُدَّنَّكُمُ الشَّيْطَانُ ۖ إِنَّهُ لَكُمْ عَدُوٌّ مُبِينٌ",
            "65": "وَلَمَّا جَاءَ عِيسَىٰ بِالْبَيِّنَاتِ قَالَ قَدْ جِئْتُكُمْ بِالْحِكْمَةِ وَلِأُبَيِّنَ لَكُمْ بَعْضَ الَّذِي تَخْتَلِفُونَ فِيهِ ۖ فَاتَّقُوا اللَّهَ وَأَطِيعُونِ",
            "66": "إِنَّ اللَّهَ هُوَ رَبِّي وَرَبُّكُمْ فَاعْبُدُوهُ ۚ هَٰذَا صِرَاطٌ مُسْتَقِيمٌ",
            "67": "فَاخْتَلَفَ الْأَحْزَابُ مِنْ بَيْنِهِمْ ۖ فَوَيْلٌ لِلَّذِينَ ظَلَمُوا مِنْ عَذَابِ يَوْمٍ أَلِيمٍ",
            "68": "هَلْ يَنْظُرُونَ إِلَّا السَّاعَةَ أَنْ تَأْتِيَهُمْ بَغْتَةً وَهُمْ لَا يَشْعُرُونَ",
            "69": "الْأَخِلَّاءُ يَوْمَئِذٍ بَعْضُهُمْ لِبَعْضٍ عَدُوٌّ إِلَّا الْمُتَّقِينَ",
            "70": "يَا عِبَادِ لَا خَوْفٌ عَلَيْكُمُ الْيَوْمَ وَلَا أَنْتُمْ تَحْزَنُونَ",
            "71": "الَّذِينَ آمَنُوا بِآيَاتِنَا وَكَانُوا مُسْلِمِينَ",
            "72": "ادْخُلُوا الْجَنَّةَ أَنْتُمْ وَأَزْوَاجُكُمْ تُحْبَرُونَ",
            "73": "يُطَافُ عَلَيْهِمْ بِصِحَافٍ مِنْ ذَهَبٍ وَأَكْوَابٍ ۖ وَفِيهَا مَا تَشْتَهِيهِ الْأَنْفُسُ وَتَلَذُّ الْأَعْيُنُ ۖ وَأَنْتُمْ فِيهَا خَالِدُونَ",
            "74": "وَتِلْكَ الْجَنَّةُ الَّتِي أُورِثْتُمُوهَا بِمَا كُنْتُمْ تَعْمَلُونَ",
            "75": "لَكُمْ فِيهَا فَاكِهَةٌ كَثِيرَةٌ مِنْهَا تَأْكُلُونَ",
            "76": "إِنَّ الْمُجْرِمِينَ فِي عَذَابِ جَهَنَّمَ خَالِدُونَ",
            "77": "لَا يُفَتَّرُ عَنْهُمْ وَهُمْ فِيهِ مُبْلِسُونَ",
            "78": "وَمَا ظَلَمْنَاهُمْ وَلَٰكِنْ كَانُوا هُمُ الظَّالِمِينَ",
            "79": "وَنَادَوْا يَا مَالِكُ لِيَقْضِ عَلَيْنَا رَبُّكَ ۖ قَالَ إِنَّكُمْ مَاكِثُونَ",
            "80": "لَقَدْ جِئْنَاكُمْ بِالْحَقِّ وَلَٰكِنَّ أَكْثَرَكُمْ لِلْحَقِّ كَارِهُونَ",
            "81": "أَمْ أَبْرَمُوا أَمْرًا فَإِنَّا مُبْرِمُونَ",
            "82": "أَمْ يَحْسَبُونَ أَنَّا لَا نَسْمَعُ سِرَّهُمْ وَنَجْوَاهُمْ ۚ بَلَىٰ وَرُسُلُنَا لَدَيْهِمْ يَكْتُبُونَ",
            "83": "قُلْ إِنْ كَانَ لِلرَّحْمَٰنِ وَلَدٌ فَأَنَا أَوَّلُ الْعَابِدِينَ",
            "84": "سُبْحَانَ رَبِّ السَّمَاوَاتِ وَالْأَرْضِ رَبِّ الْعَرْشِ عَمَّا يَصِفُونَ",
            "85": "فَذَرْهُمْ يَخُوضُوا وَيَلْعَبُوا حَتَّىٰ يُلَاقُوا يَوْمَهُمُ الَّذِي يُوعَدُونَ",
            "86": "وَهُوَ الَّذِي فِي السَّمَاءِ إِلَٰهٌ وَفِي الْأَرْضِ إِلَٰهٌ ۚ وَهُوَ الْحَكِيمُ الْعَلِيمُ",
            "87": "وَتَبَارَكَ الَّذِي لَهُ مُلْكُ السَّمَاوَاتِ وَالْأَرْضِ وَمَا بَيْنَهُمَا وَعِنْدَهُ عِلْمُ السَّاعَةِ وَإِلَيْهِ تُرْجَعُونَ",
            "88": "وَلَا يَمْلِكُ الَّذِينَ يَدْعُونَ مِنْ دُونِهِ الشَّفَاعَةَ إِلَّا مَنْ شَهِدَ بِالْحَقِّ وَهُمْ يَعْلَمُونَ",
            "89": "وَلَئِنْ سَأَلْتَهُمْ مَنْ خَلَقَهُمْ لَيَقُولُنَّ اللَّهُ ۖ فَأَنَّىٰ يُؤْفَكُونَ",
            "90": "وَقِيلِهِ يَا رَبِّ إِنَّ هَٰؤُلَاءِ قَوْمٌ لَا يُؤْمِنُونَ",
            "91": "فَاصْفَحْ عَنْهُمْ وَقُلْ سَلَامٌ ۚ فَسَوْفَ يَعْلَمُونَ"
        },
        "farsi": {
           "3": "\nحاء، میم ",
            "4": " سوگند به [این] کتابِ روشنگر ",
            "5": " که ما آن را فصیح و شیوا [و بدون ابهام] قرار دادیم تا شما [در آن] اندیشه کنید ",
            "6": "به راستی این [قرآنِ روشنگر] در «اُمُّ الکتاب» [که لوح محفوظ است] نزد ما بلندمرتبه و حکیم است ",
            "7": " آیا به سبب این که شما [در مخالفت با وحی،] در اوج زیاده روی [در یاوه گویی] هستید این [منبع] بیدارکننده را از شما بازمی گیریم؟ [نه، رحمت ما چنین اقتضایی ندارد] ",
            "8": "چه بسیار پیامبرانی را که برای [هدایت] پیشینیان فرستادیم، [و به سبب زیاده روی در مخالفتشان از ارسال پیامبر دریغ نکردیم ]",
            "9": " هیچ پیامبری به سویشان نیامد مگر این که او را همواره مسخره می کردند !",
            "10": " ما نیرومندتر از مخالفانِ زمان تو را هلاک کردیم، و سرگذشت پیشینیان [در سوره های قبل] گذشت ",
            "11": " اگر از این مشرکان بپرسی آفرینندۀ آسمان ها و زمین کیست؟ البته خواهند گفت: آن ها را توانای شکست ناپذیرِ دانا آفریده است ",
            "12": " همان کسی که زمین را بستر [آرامشِ] شما قرار داد، و راه هایی به سودتان در آن پدید آورد تا [به مناطق مختلف] راه یابید ",
            "13": "\n \nو آن که از آسمان، آبی به اندازه فرستاد، در نتیجه سرزمینی مرده را به وسیلۀ آن زنده کردیم، و همین گونه شما را [زنده از قبرها] بیرون می آورند ",
            "14": " و آن که همۀ جفت ها را به وجود آورد، و به سود شما از کشتی ها و چهارپایان مَرکب هایی قرار داد که سوارش می شوید ",
            "15": " تا [به راحتی] بر پشت آن ها قرار گیرید، سپس زمانی که بر آن ها [با خیالی آسوده] سوار می شوید نعمت پروردگارتان را [قلباً] مورد توجه قرار دهید و بگویید: [از هر عیب و نقصی] پاک و منزّه است کسی که این وسایلِ سواری را برای ما به کار گرفت، درحالی که ما قدرت رام کردن آن ها را نداشتیم ",
            "16": " و هرآینه ما به سوی پروردگارمان بازمی گردیم ",
            "17": " [مشرکان] برای او از میان بندگانِ [آسمانی ]اش [فرشتگان را فرزندانی به عنوان] بخشی [از وجود او که از وی جدا شده] قرار دادند! به راستی که انسان، کفران پیشۀ آشکاری است ",
            "18": " آیا خداوند از آنچه [چون فرشتگان] می آفریند، [به گمان شما] دخترانی [برای خود] انتخاب کرده، و پسران را به شما اختصاص داده است؟",
            "19": " [این جاهلانِ خیال باف در انتخاب پسر، خود را بر خداوند مقدم دانسته اند، و جنس دختر را پَست می دانند چون] وقتی یکی از آنان را به [ولادت] دختر خبر می دادند [با اینکه آن دختر را برای خدا شبیه و هم جنس می دانست] صورتش [از شدت خشم] سیاه می گشت، و دلش پر از خشم و اندوه می شد، [با این وصف در تقسیم پسر و دختر می گویند: دختر ویژۀ خدا و پسر مخصوص ماست!]",
            "20": " آیا [پسر سهم آنان است و] دختر که در زیور و آرایش پرورش می یابد، و در [عرصۀ] جدال و ستیز بیان روشنی [برای به کرسی نشاندنِ مقصود خود] ندارد [سهم خداوند است]؟!",
            "21": " [شگفتا!] فرشتگان را که بندگان [و مملوک] خداوندِ رحمانند دختر پنداشته اند، آیا شاهد آفرینش آنان بودند [که این گونه نظر می دهند]؟ بی گمان ادعای [نادرست] آنان [در نامۀ اعمالشان] ثبت می شود و [در مورد آن] مورد بازپرسی قرار می گیرند ،",
            "22": " [اینان برخلاف فطرت و عقل سلیم، فرشتگان و بُت ها را می پرستند] و [ادعایشان این است که] می گویند: اگر خداوند رحمان می خواست [که آنان را نپرستیم] آنان را نمی پرستیدیم. ادعایشان متّکی بر هیچ دانش [و دلیلی] نیست، فقط حدس می زنند و دروغ می بافند!",
            "23": " یا ما پیش از قرآن کتابی به آنان داده ایم که [برای اثبات ادعایشان] به آن تمسک می جویند؟",
            "24": " [نه، هیچ دلیلی بر ادعایشان ندارند،] بلکه [تنها دلیلشان که پوچ و باطل است این است که] می گویند: ما پدرانمان را بر آیینی [غیر از آئینی که محمد صلی الله علیه وآله آورده] یافتیم، و همانا ما با پیروی از آثار [فکری و اعتقادی] آنان هدایت یافتگانیم ",
            "25": "\n \n[پیروی کورکورانه ویژۀ اینان نیست،] به همین گونه پیش از تو در هیچ شهری هشداردهنده ای نفرستادیم مگر آن که خوش گذرانانِ غرق در ناز و نعمتش گفتند: ما پدرانمان را بر آیینی یافتیم که حتماً به آثار [فکری و اعتقادی] آنان اقتدا می کنیم!",
            "26": " [هشداردهنده] گفت: آیا هرچند من آیینی هدایت کننده تر از آیینی که پدرانتان را بر آن یافته اید برایتان آورده باشم؟ گفتند: ما منکر آیینی هستیم که [همه] شما [مدعیان نبوت] را بر آن فرستاده اند!",
            "27": " در نهایت از آنان انتقام گرفتیم، پس بادقت بنگر سرانجامِ منکران [آیات و نبوت] چگونه بود؟",
            "28": " [یاد کن] هنگامی که ابراهیم به پدر[خوانده اش] و قومش گفت: همانا من از آنچه می پرستید بیزارم ",
            "29": " فقط کسی [را می پرستم] که مرا پدید آورده، بی تردید او مرا هدایت می کند ",
            "30": " ابراهیم یکتاپرستی را در نسل های پس از خود حقیقتی ماندگار قرار داد تا آنان [از شرک به توحیدِ خالص] بازگردند",
            "31": " [اهل مکه بی بهره از نعمت های من نبودند] بلکه ایشان و پدرانشان را [از انواع نعمت ها] بهره مند ساختم، تا آن که قرآنی که سراسر حق است و فرستاده ای روشنگر [محمّد صلی الله علیه وآله] به سویشان آمد ",
            "32": " چون قرآن به سویشان آمد گفتند: این سِحر است، و ما منکر آن هستیم ",
            "33": " و گفتند: چرا این قرآن را بر مردی بزرگ از این دو شهر [مکه و طائف] فرستاد نشد؟!",
            "34": " آیا آنان هستند که رحمت پروردگارت [چون قرآن و نبوتت] را تقسیم می کنند [تا وحی و نبوت را به هرکه بخواهند ببخشند]؟! ما معیشت آنان را در زندگی دنیا [که هرگز مایۀ امتیاز نیست] بین آنان تقسیم کرده ایم، و برخی را از جهت درجات [مادّی] بر برخی برتری داده ایم تا یکدیگر را [برای امور معیشت] به کار گیرند [و بین خود تعاون ایجاد کنند،] و رحمت پروردگارت [که مقام نبوت و وحی است] از آنچه آنان جمع می کنند [برای تو] بهتر است ",
            "35": " اگر [بهره مندی کافران از انواع نعمت ها] سبب نمی شد که همۀ مردم [به طمع ثروتِ انبوه بر محور کفر] امتی واحد شوند، ما برای کافران به خداوندِ رحمان سقف هایی از نقرۀ [کامل به جای چوب و گِل قرار می دادیم]، و نردبان هایی که [به وسیلۀ آن] بر [طبقات] قصرها[ی دارای سقف نقره ای] بالا روند ",
            "36": "\n \nو [نیز] برای خانه هایشان درها و تخت هایی [از نقره فراهم می آوردیم] که بر آن ها تکیه زنند ",
            "37": " و [انواع] زر و زینت [را در اختیارشان می گذاشتیم که غرق در تجمّلات مادّی شوند]، ولی همۀ این ها جز کالای [اندک] زندگی دنیای [زودگذر، و جز امور از دست رفتنی] نیست، و آخرت در پیشگاه پروردگارت ویژۀ کسانی است که [از خدا اطاعت کرده، و از محرّماتش] پرهیز داشتند",
            "38": " هرکس از یاد خداوند رحمان رویگردان شود برای او شیطانی قرار می دهیم که همواره همدمش باشد ",
            "39": " بی تردید شیطان ها اینان را از راه [مستقیم و یاد خدا] منحرف می کنند، درحالی که [با آلوده بودن به انحراف] گمان می کنند در مسیر هدایت قدم برمی دارند ",
            "40": " تا زمانی که [در قیامت] نزد ما آیند، [هرکس به شیطان خود] می گوید: ای کاش بین من و تو [به اندازۀ] دوری مشرق و مغرب بود، پس بدهمنشینی بودی !",
            "41": " [به آنان گویند:] امروز [آرزوی دوری از شیطان چون فاصلۀ مشرق و مغرب] سودی برای شما ندارد؛ زیرا [در دنیا به وحی و نبوت] ستم کردید، و اکنون [با هم] در عذاب شریک هستید ",
            "42": " آیا تو می توانی [دعوتت را] به کران بشنوانی، یا کوردلان و کسانی را که در گمراهی آشکارند هدایت کنی؟!",
            "43": " چون تو را [از دنیا] ببریم، به یقین از اینان [با عذابِ بیچاره کننده ای] انتقام خواهیم گرفت ",
            "44": " یا [اگر از دنیا نبریم،] آنچه [از عذاب] به آنان وعده داده ایم به تو نشان خواهیم داد، چون ما بر [هلاک کردن] آنان قدرت داریم ",
            "45": " پس به آنچه به تو وحی شده چنگ زن! به راستی تو بر راه مستقیمی قرار داری ",
            "46": "مسلّماً این [قرآن] برای تو و امتت مایۀ سربلندی و عزت است، و به زودی، [تو برای وظیفه داشتن در ابلاغش، و امت برای مسئولیتش در برابر آن] بازخواست خواهید شد",
            "47": " از پیامبرانمان که پیش از تو فرستاده ایم بپرس، آیا به جای خداوندِ رحمان معبودانی که مورد پرستش واقع شوند قرار داده ایم؟!",
            "48": " همانا ما موسی را با معجزات خود به سوی فرعون و سرانِ [متکبّر] قومش فرستادیم، [با روبه روشدن با آنان] گفت: بی تردید من فرستادۀ پروردگار جهانیانم ",
            "49": " چون معجزات ما را برایشان آورد، بی درنگ [از روی تمسخر] به [همۀ] آن ها خندیدند ",
            "50": "\n \nما هیچ معجزه ای را به آنان ارائه نمی کردیم مگر این که از مشابهش مهم تر و کوبنده تر [و برای اثبات رسالت موسی حقیقتی مستقل] بود، آنان را [به علت انکار معجزات و تمسخرِ آن ها] دچار عذاب [قحطی و خشک سالی و مصائب دیگر] کردیم، برای این که [از باطل به حق] بازگردند ",
            "51": " [چون گرفتار بلا شدند] گفتند: ای جادوگر! در پیشگاه پروردگارت براساس پیمانی که با تو دارد [که اگر مؤمن شویم عذاب را از ما برمی دارد] برای ما دعا کن، که ما راه یافته شویم",
            "52": " چون عذاب را از آنان برطرف می کردیم ناگاه پیمان شکنی می کردند ",
            "53": " فرعون [برای نظرخواهی از قومِ ستمگرش] بین قومش ندا کرد: ای ملت من! آیا حکومت مصر ویژۀ من نیست، و این نهرها [به فرمان من] از زیر [کاخ های] من روان نیستند، آیا [عظمت و جاه و جلال مرا] نمی بینید؟!",
            "54": " مگر نه این است که من از این شخصی که خوار و بی مقدار است، و زبان گویایی برای بیان [مقصودش] ندارد بهترم؟",
            "55": " [اگر او عزت و شخصیت داشت] پس چرا دستبند های طلا و زرّین بر او آویخته نشده است، یا چرا فرشتگانی همراه او نیامده اند؟ [زیرا رسم آمدنِ پیک نزد پادشاهان با جمعی از همراهان است!]",
            "56": " [فرعون] ملتش را [با نیرنگ و تبلیغات ناروا] به سبُک مغزی و حماقت کشاند، آنان هم [با باورکردن مطالبش] از او اطاعت کردند؛ زیرا ملتی منحرف و نافرمان بودند ",
            "57": " چون [زمینۀ] خشم ما را [بر ضد خود] فراهم آوردند از آنان انتقام گرفتیم، و نهایتاً همه را [در آب خروشانِ دریا] غرق کردیم ",
            "58": " و آنان را پیشگامانِ [ورود در عذاب]، و عبرتی [آموزنده] برای آیندگان قرار دادیم ",
            "59": " چون [در این قرآن] به [عیسی] فرزند مریم [از جهت عبادات و اوصاف بندگی خالص] مَثَل زده شد، ناگهان قوم تو به دنبال آن [از روی تمسخر] به [خندیدن و] هیاهو پرداختند [که: اگر عیسی که نصاری او را معبود می دانند همه پرستندگانش به دوزخ می روند، پس بگذار ما هم با معبودانمان به دوزخ برویم!] ",
            "60": " و گفتند: آیا معبودان ما [که فرشتگانِ رَبُّ النّوعِ بُت های ما هستند] بهترند یا پسر مریم [که موجودی زمینی است و معبود نصاری]؟! آنان این [مقایسۀ بین معبودان خود و پسر مریم] را برای تو مَثَل نزدند جز از روی بحث بی دلیل و ستیزه جویی، بلکه اینان گروهی لجوج در خصومت  اند ",
            "61": " پسر مریم جز بنده ای که به او نعمت [عبادت و نبوت و معجزات را] عطا کردیم نبود، و او را سرمشقی [بزرگ] برای بنی اسرائیل قرار دادیم [تا به وسیلۀ او حقایق را بفهمند ]",
            "62": " ما اگر بخواهیم به جای شما [متکبّرانِ وحی ستیز]، فرشتگانی [وحی پذیر] در روی زمین قرار می دهیم [تا مشتاقانه ما را عبادت کنند] ",
            "63": "\n \nبه راستی فرزند مریم [که ولادتش معجزه  ای عظیم از قدرت نمایی خدا بود،] سبب آگاهی [و یقین] به قیامت است؛ بنابراین در [وقوع] آن تردید نکنید! و پیرو من باشید که این راهِ مستقیم است ",
            "64": " شیطان شما را [با وسوسه هایش از پذیرفتن حقایق] باز ندارد، مسلّماً او دشمن آشکار شما است ",
            "65": " هنگامی که عیسی [معجزات و] دلایل روشن آورد گفت: همانا من برای شما معارف استوار و سودمند آورده ام تا برخی از امور [دینی و غیر دینی] را که در آن اختلاف دارید برای شما توضیح دهم [تا رفع اختلاف شود؛] بنابراین از خداوند پروا کنید و پیرو من باشید !",
            "66": "بی تردید اللّه پروردگار من و پروردگار شماست، پس او را بپرستید که این راه مستقیم است ",
            "67": " از میان امت عیسی گروه هایی [در مورد او و آیینش] دچار اختلاف شدند [و به گمراهی افتادند]، پس وای بر ستمکاران [به دین حق] از عذاب روزی دردناک!",
            "68": " آیا جز قیامت را انتظار می کشند که ناگهان درحالی که نمی فهمند به سراغشان آید؟!",
            "69": " در آن روز دوستان، [که دوستی شان بر محور مادّیات بود،] دشمن یکدیگرند، مگر آنان که [از خداوند اطاعت می کردند، و از محرّماتش] پرهیز داشتند ",
            "70": " [خداوند در آن روز به آنان خطاب می کند:] ای بندگانم! امروز نه بیمی بر شماست، و نه اندوهگین خواهید شد ",
            "71": " هم آنان که به آیات ما ایمان داشتند، و تسلیم [ما] بودند ",
            "72": " [به آنان گفته می شود:] شما و همسرانتان [که آراسته به تقوا بودید] درحالی که [با الطاف و فضل خداوند] شادمانتان می کنند به بهشت وارد شوید ",
            "73": " ظرف هایی از طلا [پُر از خوردنی] و جام هایی [زرّین پُر از شرابِ طَهور] گرداگردشان می گردانند، در آن جا آنچه دلخواهشان باشد و چشم هایشان از آن غرق لذت شود برای آنان فراهم است، شما [ای اهل تقوا!] در آن جاودانه اید ",
            "74": " این بهشتی است که در برابر اعمالی که همواره برای خدا انجام می دادید میراثتان داده اند ",
            "75": " در این جا میوه های فراوانی برای شماست که از آن ها می خورید ",
            "76": "\n \nگناه پیشگانِ [کافر و مشرک] در عذاب دوزخ جاودانه اند ",
            "77": " [عذاب را] از آنان سبُک و کم نمی کنند، و در آن جا [به شدت غمناک و از نجات خود] ناامیدند",
            "78": " ما به آنان [در معذب شدنشان] ستم نکردیم، بلکه خودشان به خود ستم ورزیدند ",
            "79": " [ملتمسانه] فریاد می زنند: ای مالک [ای نگهبان دوزخ]! [به] پروردگارت [بگو] جان ما را بگیرد [تا از این عذاب آسوده شویم]. می گوید: بی تردید شما [برای همیشه] ماندنی هستید ",
            "80": "همانا ما حق را [در دنیا] برای شما آوردیم، ولی بیشترتان حق را خوش نداشتید ",
            "81": "بلکه کار [توطئه و نیرنگ خود] را [بر ضد حق] محکم کردند، پس ما هم [نقشۀ مجازات و عذابشان را[ محکم می کنیم ",
            "82": " یا گمان می کنند ما [از توطئه های] سرّ[ی] آنان [بی خبریم] و سخنان مخفیانۀ آنان را نمی شنویم، چرا، [از توطئه هایشان آگاهیم و شنوای سخنان مخفیانۀ آن هاییم،] فرستادگان ما [که فرشتگان نویسندۀ اعمالند] نزد آنان [حاضرند و توطئه ها و سخنان مخفیانۀ آنان را] می نویسند ",
            "83": " [به مشرکان] بگو: اگر برای خداوند رحمان فرزندی بود من [در این زمان] نخستین کسی بودم که [از او] اطاعت می کردم، [و او را گرامی می داشتم ]",
            "84": " پروردگار آسمان ها و زمین که صاحب حکومت [و تدبیر بر همۀ جهان هستی] است از آنچه [او را به آن] وصف می کنند پاک و منزّه است ",
            "85": " [اکنون که حق را نمی پذیرند] آنان را رها کن تا [در یاوه گویی] فروروند، و سرگرم بازیگری باشند تا قیامتشان را که به آن تهدید می شوند دیدار کنند ",
            "86": " اوست که در آسمان ها و زمین معبود واقعی است، و او حکیم و داناست ",
            "87": " [همیشه] خجسته و پُرخیر است کسی که مالکیت و فرمانروایی آسمان ها و زمین و آنچه بین آن دوتاست فقط در سیطرۀ اوست، و آگاهی از [وقوع] قیامت فقط نزد اوست، و شما را به سوی او بازمی گردانند ",
            "88": " کسانی را که به جای خدا [برای حل مشکلاتشان] می خوانند، اختیاردارِ شفاعت نیستند، [اختیار شفاعت نیست] مگر [با] کسانی که به حق و حقیقت اعتراف داشتند، و می دانند [چه کسانی استحقاق شفاعت شدن دارند] ",
            "89": " اگر از مشرکان بپرسی چه کسی آنان را آفریده، البته می گویند: اللّه. پس چگونه [از حق به سوی باطل] منحرفشان می کنند؟!",
            "90": " [خداوند از سخن پیامبر کاملاً آگاه است که] می گوید: پروردگارا! اینان گروهی هستند که ایمان نمی آورند",
            "91": " [اکنون که از هدایتشان مأیوسی] از آنان روی برتاب، و بگو: [بین ما و شما] جدایی [است]. به زودی [از نتیجۀ شقاوت و عنادشان با حق] آگاه می شوند "
        }
    }
}