{
    "44": {
        "number": 44,"bab": 4,
        "title": "سوره دخان", "delay": 0,
        "arabic": {
            "1": "حم",
            "2": "وَالْكِتَابِ الْمُبِينِ",
            "3": "إِنَّا أَنْزَلْنَاهُ فِي لَيْلَةٍ مُبَارَكَةٍ ۚ إِنَّا كُنَّا مُنْذِرِينَ",
            "4": "فِيهَا يُفْرَقُ كُلُّ أَمْرٍ حَكِيمٍ",
            "5": "أَمْرًا مِنْ عِنْدِنَا ۚ إِنَّا كُنَّا مُرْسِلِينَ",
            "6": "رَحْمَةً مِنْ رَبِّكَ ۚ إِنَّهُ هُوَ السَّمِيعُ الْعَلِيمُ",
            "7": "رَبِّ السَّمَاوَاتِ وَالْأَرْضِ وَمَا بَيْنَهُمَا ۖ إِنْ كُنْتُمْ مُوقِنِينَ",
            "8": "لَا إِلَٰهَ إِلَّا هُوَ يُحْيِي وَيُمِيتُ ۖ رَبُّكُمْ وَرَبُّ آبَائِكُمُ الْأَوَّلِينَ",
            "9": "بَلْ هُمْ فِي شَكٍّ يَلْعَبُونَ",
            "10": "فَارْتَقِبْ يَوْمَ تَأْتِي السَّمَاءُ بِدُخَانٍ مُبِينٍ",
            "11": "يَغْشَى النَّاسَ ۖ هَٰذَا عَذَابٌ أَلِيمٌ",
            "12": "رَبَّنَا اكْشِفْ عَنَّا الْعَذَابَ إِنَّا مُؤْمِنُونَ",
            "13": "أَنَّىٰ لَهُمُ الذِّكْرَىٰ وَقَدْ جَاءَهُمْ رَسُولٌ مُبِينٌ",
            "14": "ثُمَّ تَوَلَّوْا عَنْهُ وَقَالُوا مُعَلَّمٌ مَجْنُونٌ",
            "15": "إِنَّا كَاشِفُو الْعَذَابِ قَلِيلًا ۚ إِنَّكُمْ عَائِدُونَ",
            "16": "يَوْمَ نَبْطِشُ الْبَطْشَةَ الْكُبْرَىٰ إِنَّا مُنْتَقِمُونَ",
            "17": "وَلَقَدْ فَتَنَّا قَبْلَهُمْ قَوْمَ فِرْعَوْنَ وَجَاءَهُمْ رَسُولٌ كَرِيمٌ",
            "18": "أَنْ أَدُّوا إِلَيَّ عِبَادَ اللَّهِ ۖ إِنِّي لَكُمْ رَسُولٌ أَمِينٌ",
            "19": "وَأَنْ لَا تَعْلُوا عَلَى اللَّهِ ۖ إِنِّي آتِيكُمْ بِسُلْطَانٍ مُبِينٍ",
            "20": "وَإِنِّي عُذْتُ بِرَبِّي وَرَبِّكُمْ أَنْ تَرْجُمُونِ",
            "21": "وَإِنْ لَمْ تُؤْمِنُوا لِي فَاعْتَزِلُونِ",
            "22": "فَدَعَا رَبَّهُ أَنَّ هَٰؤُلَاءِ قَوْمٌ مُجْرِمُونَ",
            "23": "فَأَسْرِ بِعِبَادِي لَيْلًا إِنَّكُمْ مُتَّبَعُونَ",
            "24": "وَاتْرُكِ الْبَحْرَ رَهْوًا ۖ إِنَّهُمْ جُنْدٌ مُغْرَقُونَ",
            "25": "كَمْ تَرَكُوا مِنْ جَنَّاتٍ وَعُيُونٍ",
            "26": "وَزُرُوعٍ وَمَقَامٍ كَرِيمٍ",
            "27": "وَنَعْمَةٍ كَانُوا فِيهَا فَاكِهِينَ",
            "28": "كَذَٰلِكَ ۖ وَأَوْرَثْنَاهَا قَوْمًا آخَرِينَ",
            "29": "فَمَا بَكَتْ عَلَيْهِمُ السَّمَاءُ وَالْأَرْضُ وَمَا كَانُوا مُنْظَرِينَ",
            "30": "وَلَقَدْ نَجَّيْنَا بَنِي إِسْرَائِيلَ مِنَ الْعَذَابِ الْمُهِينِ",
            "31": "مِنْ فِرْعَوْنَ ۚ إِنَّهُ كَانَ عَالِيًا مِنَ الْمُسْرِفِينَ",
            "32": "وَلَقَدِ اخْتَرْنَاهُمْ عَلَىٰ عِلْمٍ عَلَى الْعَالَمِينَ",
            "33": "وَآتَيْنَاهُمْ مِنَ الْآيَاتِ مَا فِيهِ بَلَاءٌ مُبِينٌ",
            "34": "إِنَّ هَٰؤُلَاءِ لَيَقُولُونَ",
            "35": "إِنْ هِيَ إِلَّا مَوْتَتُنَا الْأُولَىٰ وَمَا نَحْنُ بِمُنْشَرِينَ",
            "36": "فَأْتُوا بِآبَائِنَا إِنْ كُنْتُمْ صَادِقِينَ",
            "37": "أَهُمْ خَيْرٌ أَمْ قَوْمُ تُبَّعٍ وَالَّذِينَ مِنْ قَبْلِهِمْ ۚ أَهْلَكْنَاهُمْ ۖ إِنَّهُمْ كَانُوا مُجْرِمِينَ",
            "38": "وَمَا خَلَقْنَا السَّمَاوَاتِ وَالْأَرْضَ وَمَا بَيْنَهُمَا لَاعِبِينَ",
            "39": "مَا خَلَقْنَاهُمَا إِلَّا بِالْحَقِّ وَلَٰكِنَّ أَكْثَرَهُمْ لَا يَعْلَمُونَ",
            "40": "إِنَّ يَوْمَ الْفَصْلِ مِيقَاتُهُمْ أَجْمَعِينَ",
            "41": "يَوْمَ لَا يُغْنِي مَوْلًى عَنْ مَوْلًى شَيْئًا وَلَا هُمْ يُنْصَرُونَ",
            "42": "إِلَّا مَنْ رَحِمَ اللَّهُ ۚ إِنَّهُ هُوَ الْعَزِيزُ الرَّحِيمُ",
            "43": "إِنَّ شَجَرَتَ الزَّقُّومِ",
            "44": "طَعَامُ الْأَثِيمِ",
            "45": "كَالْمُهْلِ يَغْلِي فِي الْبُطُونِ",
            "46": "كَغَلْيِ الْحَمِيمِ",
            "47": "خُذُوهُ فَاعْتِلُوهُ إِلَىٰ سَوَاءِ الْجَحِيمِ",
            "48": "ثُمَّ صُبُّوا فَوْقَ رَأْسِهِ مِنْ عَذَابِ الْحَمِيمِ",
            "49": "ذُقْ إِنَّكَ أَنْتَ الْعَزِيزُ الْكَرِيمُ",
            "50": "إِنَّ هَٰذَا مَا كُنْتُمْ بِهِ تَمْتَرُونَ",
            "51": "إِنَّ الْمُتَّقِينَ فِي مَقَامٍ أَمِينٍ",
            "52": "فِي جَنَّاتٍ وَعُيُونٍ",
            "53": "يَلْبَسُونَ مِنْ سُنْدُسٍ وَإِسْتَبْرَقٍ مُتَقَابِلِينَ",
            "54": "كَذَٰلِكَ وَزَوَّجْنَاهُمْ بِحُورٍ عِينٍ",
            "55": "يَدْعُونَ فِيهَا بِكُلِّ فَاكِهَةٍ آمِنِينَ",
            "56": "لَا يَذُوقُونَ فِيهَا الْمَوْتَ إِلَّا الْمَوْتَةَ الْأُولَىٰ ۖ وَوَقَاهُمْ عَذَابَ الْجَحِيمِ",
            "57": "فَضْلًا مِنْ رَبِّكَ ۚ ذَٰلِكَ هُوَ الْفَوْزُ الْعَظِيمُ",
            "58": "فَإِنَّمَا يَسَّرْنَاهُ بِلِسَانِكَ لَعَلَّهُمْ يَتَذَكَّرُونَ",
            "59": "فَارْتَقِبْ إِنَّهُمْ مُرْتَقِبُونَ"
        },
        "farsi": {
            "1": "حاء، میم ",
            "2": " سوگند به [این] کتابِ روشنگر ",
            "3": "[که] آن را در شبی خجسته و پُرخیر نازل کردیم؛ زیرا همواره هشداردهنده بودیم ",
            "4": " در آن شب هر امر استواری مشخص و متمایز می شود ",
            "5": " [نزول قرآن] کاری است [که] از نزد ما [صورت پذیرفته]، مسلّماً ما همواره فرستندۀ [وحی و ارسال کنندۀ پیامبران] بوده ایم ",
            "6": " [همۀ این امور] به سبب رحمتی از جانب پروردگار تو است، به راستی او شنوا و داناست ",
            "7": "همان پروردگار آسمان ها و زمین و آنچه بین آن دوتاست، اگر اهل یقین باشید",
            "8": " هیچ معبودی جز او نیست، حیات می بخشد و می میراند، پروردگار شما و پدران پیشین شما [است]",
            "9": " [نه این که یقین ندارند،] بلکه درحالی که بازیگرند [و واقعیات هستی را جدی نمی گیرند] در تردیدی سختند ",
            "10": " پس منتظر روزی باش که آسمان دودی آشکار بیاورد ،",
            "11": " [دودی که همۀ] مردمِ [کافر و مشرک] را [از هر طرف] احاطه می کند، این [دود]، عذابی دردناک است ",
            "12": " [می گویند:] پروردگارا! [این] عذاب را از ما برطرف کن که [هم اکنون به همۀ حقایق و معارف] ایمان می آوریم ",
            "13": " هشیارشدن [و از پی آن ایمان آوردن] چگونه برای آنان سودمند است درحالی که [پیش از این عذاب] پیامبری روشنگر به سویشان آمد ؟",
            "14": " آنگاه [نه این که ایمان نیاوردند، بلکه] از او روی گرداندند و گفتند: تعلیم یافته ای دیوانه است!",
            "15": " ما [بر فرض] مدتی اندک [آن] عذاب را برطرف کنیم یقیناً شما [به همان عقاید بی پایه و اعمال زشتتان] بازمی گردید ",
            "16": " [قیامت] روزی [است] که [گنه پیشگان را] با قدرتی بسیار شدید [به انتقامی مهیب] دچار کنیم؛ زیرا ما انتقام گیرنده ایم ",
            "17": " به راستی پیش از اینان فرعونیان را آزمودیم، و پیامبر بزرگواری برای آنان آمد ",
            "18": " [به آنان گفت] که بندگان خدا را [که مورد شکنجۀ شما هستند] به من بسپارید، من برای شما پیامبری امینم ",
            "19": " در برابر خداوند برتری جویی و سرکشی نکنید، من برای شما [جهت باورکردن نبوتم] معجزه ای روشن آورده ام ",
            "20": " من از اینکه طردم کنید به پروردگارم و پروردگار شما پناه می برم ",
            "21": " اگر [به من] ایمان نمی آورید از من کناره گیری کنید [و رهایم سازید تا آزادانه پیام وحی را به مردم برسانم] ",
            "22": " [از آزار و محدود کردنش دست برنداشتند، او هم] به پیشگاه پروردگارش عرضه داشت: اینان مردمی گناه پیشه اند ",
            "23": " [ما دعایش را اجابت کرده، گفتیم:] بندگانم را شبانه کوچ ده!که حتماً مورد تعقیب [فرعونیان] قرار خواهید گرفت ",
            "24": " دریا را [پس از بیرون آمدنتان] آرام واگذار [تا فرعونیان در آن وارد شوند،] زیرا سپاهی غرق شدنی هستند ",
            "25": " چه بسیار باغ ها و چشمه سارهایی که [پس از نابودشدنشان] برجای گذاشتند ",
            "26": " و نیز کشتزارها و جایگاهی با ارزش ",
            "27": " و نعمت هایی که در آن ها عیاشی و خوش گذرانی می کردند",
            "28": " [آری عاقبتشان] چنین [بود]، و ما همه [آنچه در اختیار داشتند] را به قومی دیگر انتقال دادیم ",
            "29": " [پس از غرق شدنِ فرعونیان] نه آسمان بر آنان گریست و نه زمین، و نه [برای جبران جنایاتشان] مهلت یافتند ",
            "30": "همانا بنی اسرائیل را از آن شکنجۀ خفّت بار نجات دادیم ",
            "31": " از چنگ فرعون که فردی گردن کش از زمرۀ اسراف کاران [در ظلم و جنایت] بود ",
            "32": "و بنی اسرائیل را بر پایۀ آگاهی و علمی [که به استحقاقشان داشتیم] بر جهانیانِ [روزگار خودشان] برتری دادیم ",
            "33": " و از معجزات آنچه را که در آن آزمایشی آشکار بود عطایشان کردیم ",
            "34": " این مشرکان [لجوج با این که دلایل استواری به آنان ارائه شده، به پیامبر و مؤمنان] می گویند:",
            "35": " پایان کار ما جز همان مرگ اولی [که با تمام شدنِ عمر به سراغمان می آید] نیست، و هرگز [بار دیگر] زنده نخواهیم شد ",
            "36": " اگر شما [در این زمینه] راستگو هستید پدران ما را [که مرده اند زنده کنید و نزد ما] بیاورید!",
            "37": " آیا اینان در قدرت و شوکت برترند یا قوم «تُبَّع» و کسانی [از مشرکان] که پیش از آنان بودند؟ ما [همۀ] آنان را [به کیفر انکار معاد] هلاک کردیم؛ زیرا [به علت عدم ایمان به قیامت] مردمی گناه پیشه بودند ",
            "38": " ما آسمان و زمین و آنچه را بین آن دوتاست به بازی نیافریده ایم ",
            "39": " ما آن دو را جز بر پایۀ حق و درستی به وجود نیاورده ایم، ولی بیشترشان [به حقایق] معرفت ندارند ",
            "40": "بی\u200Cتردید روز جداسازی [حق از باطل، و مؤمن از کافر] وعده\u200Cگاه مشرکان و کافران است\u200C",
            "41": " [همان] روزی که هیچ دوستی چیزی [از عذاب] را از دوستش برطرف نمی کند، و نیز یاری نخواهند شد ",
            "42": " جز کسی که خداوند [او را] مورد رحمت قرار دهد؛ زیرا او توانای شکست ناپذیر و مهربان است ",
            "43": "مسلّماً درخت «زَقّوم» ،",
            "44": " خوراک شخص گناه کار است [که تا پایان عمر بر گنه پیشگی اصرار داشت]",
            "45": " [زَقّوم] چون مسِ ذوب شده در شکم ها می جوشد ",
            "46": " مانند جوشیدنِ آب بسیار جوشان",
            "47": " [خطاب می شود:] این [گناه پیشه] را بگیرید و او را با قهر و خشونت به وسط دوزخ بکشانید ",
            "48": " سپس از آبِ جوشان که مایۀ عذابی سخت است بر سرش فروریزید ",
            "49": " [و او را به شدت تحقیر کرده، بگویید:] بچِش! که تو [به خیال خود] همان قدرتمند و بزرگواری !",
            "50": " این [قیامت و دوزخ] همان است که همواره در مورد آن تردید داشتید ",
            "51": "یقیناً آنان که [از خداوند اطاعت می کردند، و از محرّماتش] پرهیز داشتند در جایگاه امنی خواهند بود ",
            "52": " در بوستان ها و چشمه سارها ",
            "53": " [لباس هایی] از ابریشم نازک و ستبر می پوشند، [و] در برابر یکدیگر [می نشینند]  ",
            "54": " [موقعیت عالی بهشتیان] چنین است، و [علاوه بر آن نعمت ها] حوری درشت چشم را به همسری آنان درآوریم ",
            "55":"در آن\u200Cجا هرگونه میوه\u200Cای بخواهند در کمال آسودگی خاطر می\u200Cطلبند [و از آن می\u200Cخورند]، ",
            "56": " در آن جا هرگونه میوه ای بخواهند در کمال آسودگی خاطر می طلبند [و از آن می خورند]،(55) در آن [بوستان ها] مرگ را نمی چشند، [مرگی برایشان نیست] مگر [همان] مرگ نخستین [که در پایان عمرشان در دنیا چشیدند]، خداوند آنان را از عذاب دوزخ نگه میدارد",
            "57": " [این] احسانی است از سوی پروردگارت، این همان کامیابی بزرگ است !",
            "58": " جز این نیست که ما [فهم] قرآن را با زبان تو [که بسیار فصیح و گویاست] آسان ساختیم تا آنان هشیار و پندپذیر شوند ",
            "59": " پس [چنانچه هشیاری و پندپذیری را نخواستند، برای تغییر اوضاع] به انتظار [نصرت خداوند] باش، که آنان هم منتظرِ [به کرسی نشستن خیالات خود] هستند !"
        },
        "tozih": {
            "1": ""
        }
    }
}