{
    "2": {
        "number": 2,
        "title": "سورة الجاثية",
        "bab": 4,
        "delay": 0,
        "arabic": {
            "1": " حم",
            "2": "تَنْزِيلُ الْكِتَابِ مِنَ اللَّهِ الْعَزِيزِ الْحَكِيمِ",
            "3": "إِنَّ فِي السَّمَاوَاتِ وَالْأَرْضِ لَآيَاتٍ لِلْمُؤْمِنِينَ",
            "4": "وَفِي خَلْقِكُمْ وَمَا يَبُثُّ مِنْ دَابَّةٍ آيَاتٌ لِقَوْمٍ يُوقِنُونَ",
            "5": "وَاخْتِلَافِ اللَّيْلِ وَالنَّهَارِ وَمَا أَنْزَلَ اللَّهُ مِنَ السَّمَاءِ مِنْ رِزْقٍ فَأَحْيَا بِهِ الْأَرْضَ بَعْدَ مَوْتِهَا وَتَصْرِيفِ الرِّيَاحِ آيَاتٌ لِقَوْمٍ يَعْقِلُونَ",
            "6": "تِلْكَ آيَاتُ اللَّهِ نَتْلُوهَا عَلَيْكَ بِالْحَقِّ ۖ فَبِأَيِّ حَدِيثٍ بَعْدَ اللَّهِ وَآيَاتِهِ يُؤْمِنُونَ",
            "7": "وَيْلٌ لِكُلِّ أَفَّاكٍ أَثِيمٍ",
            "8": "يَسْمَعُ آيَاتِ اللَّهِ تُتْلَىٰ عَلَيْهِ ثُمَّ يُصِرُّ مُسْتَكْبِرًا كَأَنْ لَمْ يَسْمَعْهَا ۖ فَبَشِّرْهُ بِعَذَابٍ أَلِيمٍ",
            "9": "وَإِذَا عَلِمَ مِنْ آيَاتِنَا شَيْئًا اتَّخَذَهَا هُزُوًا ۚ أُولَٰئِكَ لَهُمْ عَذَابٌ مُهِينٌ",
            "10": "مِنْ وَرَائِهِمْ جَهَنَّمُ ۖ وَلَا يُغْنِي عَنْهُمْ مَا كَسَبُوا شَيْئًا وَلَا مَا اتَّخَذُوا مِنْ دُونِ اللَّهِ أَوْلِيَاءَ ۖ وَلَهُمْ عَذَابٌ عَظِيمٌ",
            "11": "هَٰذَا هُدًى ۖ وَالَّذِينَ كَفَرُوا بِآيَاتِ رَبِّهِمْ لَهُمْ عَذَابٌ مِنْ رِجْزٍ أَلِيمٌ",
            "12": "اللَّهُ الَّذِي سَخَّرَ لَكُمُ الْبَحْرَ لِتَجْرِيَ الْفُلْكُ فِيهِ بِأَمْرِهِ وَلِتَبْتَغُوا مِنْ فَضْلِهِ وَلَعَلَّكُمْ تَشْكُرُونَ",
            "13": "وَسَخَّرَ لَكُمْ مَا فِي السَّمَاوَاتِ وَمَا فِي الْأَرْضِ جَمِيعًا مِنْهُ ۚ إِنَّ فِي ذَٰلِكَ لَآيَاتٍ لِقَوْمٍ يَتَفَكَّرُونَ",
            "14": "قُلْ لِلَّذِينَ آمَنُوا يَغْفِرُوا لِلَّذِينَ لَا يَرْجُونَ أَيَّامَ اللَّهِ لِيَجْزِيَ قَوْمًا بِمَا كَانُوا يَكْسِبُونَ",
            "15": "مَنْ عَمِلَ صَالِحًا فَلِنَفْسِهِ ۖ وَمَنْ أَسَاءَ فَعَلَيْهَا ۖ ثُمَّ إِلَىٰ رَبِّكُمْ تُرْجَعُونَ",
            "16": "وَلَقَدْ آتَيْنَا بَنِي إِسْرَائِيلَ الْكِتَابَ وَالْحُكْمَ وَالنُّبُوَّةَ وَرَزَقْنَاهُمْ مِنَ الطَّيِّبَاتِ وَفَضَّلْنَاهُمْ عَلَى الْعَالَمِينَ",
            "17": "وَآتَيْنَاهُمْ بَيِّنَاتٍ مِنَ الْأَمْرِ ۖ فَمَا اخْتَلَفُوا إِلَّا مِنْ بَعْدِ مَا جَاءَهُمُ الْعِلْمُ بَغْيًا بَيْنَهُمْ ۚ إِنَّ رَبَّكَ يَقْضِي بَيْنَهُمْ يَوْمَ الْقِيَامَةِ فِيمَا كَانُوا فِيهِ يَخْتَلِفُونَ",
            "18": "ثُمَّ جَعَلْنَاكَ عَلَىٰ شَرِيعَةٍ مِنَ الْأَمْرِ فَاتَّبِعْهَا وَلَا تَتَّبِعْ أَهْوَاءَ الَّذِينَ لَا يَعْلَمُونَ",
            "19": "إِنَّهُمْ لَنْ يُغْنُوا عَنْكَ مِنَ اللَّهِ شَيْئًا ۚ وَإِنَّ الظَّالِمِينَ بَعْضُهُمْ أَوْلِيَاءُ بَعْضٍ ۖ وَاللَّهُ وَلِيُّ الْمُتَّقِينَ",
            "20": "هَٰذَا بَصَائِرُ لِلنَّاسِ وَهُدًى وَرَحْمَةٌ لِقَوْمٍ يُوقِنُونَ",
            "21": "أَمْ حَسِبَ الَّذِينَ اجْتَرَحُوا السَّيِّئَاتِ أَنْ نَجْعَلَهُمْ كَالَّذِينَ آمَنُوا وَعَمِلُوا الصَّالِحَاتِ سَوَاءً مَحْيَاهُمْ وَمَمَاتُهُمْ ۚ سَاءَ مَا يَحْكُمُونَ",
            "22": "وَخَلَقَ اللَّهُ السَّمَاوَاتِ وَالْأَرْضَ بِالْحَقِّ وَلِتُجْزَىٰ كُلُّ نَفْسٍ بِمَا كَسَبَتْ وَهُمْ لَا يُظْلَمُونَ",
            "23": "أَفَرَأَيْتَ مَنِ اتَّخَذَ إِلَٰهَهُ هَوَاهُ وَأَضَلَّهُ اللَّهُ عَلَىٰ عِلْمٍ وَخَتَمَ عَلَىٰ سَمْعِهِ وَقَلْبِهِ وَجَعَلَ عَلَىٰ بَصَرِهِ غِشَاوَةً فَمَنْ يَهْدِيهِ مِنْ بَعْدِ اللَّهِ ۚ أَفَلَا تَذَكَّرُونَ",
            "24": "وَقَالُوا مَا هِيَ إِلَّا حَيَاتُنَا الدُّنْيَا نَمُوتُ وَنَحْيَا وَمَا يُهْلِكُنَا إِلَّا الدَّهْرُ ۚ وَمَا لَهُمْ بِذَٰلِكَ مِنْ عِلْمٍ ۖ إِنْ هُمْ إِلَّا يَظُنُّونَ",
            "25": "وَإِذَا تُتْلَىٰ عَلَيْهِمْ آيَاتُنَا بَيِّنَاتٍ مَا كَانَ حُجَّتَهُمْ إِلَّا أَنْ قَالُوا ائْتُوا بِآبَائِنَا إِنْ كُنْتُمْ صَادِقِينَ",
            "26": "قُلِ اللَّهُ يُحْيِيكُمْ ثُمَّ يُمِيتُكُمْ ثُمَّ يَجْمَعُكُمْ إِلَىٰ يَوْمِ الْقِيَامَةِ لَا رَيْبَ فِيهِ وَلَٰكِنَّ أَكْثَرَ النَّاسِ لَا يَعْلَمُونَ",
            "27": "وَلِلَّهِ مُلْكُ السَّمَاوَاتِ وَالْأَرْضِ ۚ وَيَوْمَ تَقُومُ السَّاعَةُ يَوْمَئِذٍ يَخْسَرُ الْمُبْطِلُونَ",
            "28": "وَتَرَىٰ كُلَّ أُمَّةٍ جَاثِيَةً ۚ كُلُّ أُمَّةٍ تُدْعَىٰ إِلَىٰ كِتَابِهَا الْيَوْمَ تُجْزَوْنَ مَا كُنْتُمْ تَعْمَلُونَ",
            "29": "هَٰذَا كِتَابُنَا يَنْطِقُ عَلَيْكُمْ بِالْحَقِّ ۚ إِنَّا كُنَّا نَسْتَنْسِخُ مَا كُنْتُمْ تَعْمَلُونَ",
            "30": "فَأَمَّا الَّذِينَ آمَنُوا وَعَمِلُوا الصَّالِحَاتِ فَيُدْخِلُهُمْ رَبُّهُمْ فِي رَحْمَتِهِ ۚ ذَٰلِكَ هُوَ الْفَوْزُ الْمُبِينُ",
            "31": "وَأَمَّا الَّذِينَ كَفَرُوا أَفَلَمْ تَكُنْ آيَاتِي تُتْلَىٰ عَلَيْكُمْ فَاسْتَكْبَرْتُمْ وَكُنْتُمْ قَوْمًا مُجْرِمِينَ",
            "32": "وَإِذَا قِيلَ إِنَّ وَعْدَ اللَّهِ حَقٌّ وَالسَّاعَةُ لَا رَيْبَ فِيهَا قُلْتُمْ مَا نَدْرِي مَا السَّاعَةُ إِنْ نَظُنُّ إِلَّا ظَنًّا وَمَا نَحْنُ بِمُسْتَيْقِنِينَ",
            "33": "وَبَدَا لَهُمْ سَيِّئَاتُ مَا عَمِلُوا وَحَاقَ بِهِمْ مَا كَانُوا بِهِ يَسْتَهْزِئُونَ",
            "34": "وَقِيلَ الْيَوْمَ نَنْسَاكُمْ كَمَا نَسِيتُمْ لِقَاءَ يَوْمِكُمْ هَٰذَا وَمَأْوَاكُمُ النَّارُ وَمَا لَكُمْ مِنْ نَاصِرِينَ",
            "35": "ذَٰلِكُمْ بِأَنَّكُمُ اتَّخَذْتُمْ آيَاتِ اللَّهِ هُزُوًا وَغَرَّتْكُمُ الْحَيَاةُ الدُّنْيَا ۚ فَالْيَوْمَ لَا يُخْرَجُونَ مِنْهَا وَلَا هُمْ يُسْتَعْتَبُونَ",
            "36": "فَلِلَّهِ الْحَمْدُ رَبِّ السَّمَاوَاتِ وَرَبِّ الْأَرْضِ رَبِّ الْعَالَمِينَ",
            "37": "وَلَهُ الْكِبْرِيَاءُ فِي السَّمَاوَاتِ وَالْأَرْضِ ۖ وَهُوَ الْعَزِيزُ الْحَكِيمُ"
        },
        "farsi": {
            "1": "\nحاء، میم ",
            "2": " [این] کتابی است که از سوی خداوند توانای شکست ناپذیر و حکیم نازل شده است ",
            "3": " یقیناً در آسمان ها و زمین برای مؤمنان نشانه هایی [بر قدرت، ربوبیت و حکمت خدا] است ",
            "4": " و در آفرینش شما و همۀ جنبندگانی که پراکنده می کند [نیز] نشانه هایی برای اهل یقین است ",
            "5": " و در رفت وآمد شب و روز، و آنچه خداوند از رزق [چون باران و برف] از آسمان فرستاده و به وسیلۀ آن زمین را پس از مردنش زنده ساخته، و در تغییر بادها [از سویی به سوی دیگر]، برای مردمی که [در حقایق] اندیشه می کنند نشانه هایی است ",
            "6": "این ها آیات خداست، [آیاتی که بیانگر نشانه های قدرت و ربوبیت و یگانگی او در جهان هستی است،] که بر پایۀ حق و درستی [و به دور از هر باطلی] بر تو می خوانیم، پس [اگر به این آیات و مصادیق و مفاهیمش ایمان نیاورند] به کدام سخن بعد از [سخن] خدا و نشانه هایش [که در این آیات مطرح است] ایمان می آورند؟!",
            "7": " وای بر هر دروغ گوی گناه پیشه !",
            "8": " که آیات خدا را چون بر او می خوانند می شنود، آن گاه متکبّرانه [بر کفر و عنادش] پافشاری می کند که گویی هرگز آن ها را نشنیده است، پس او را به عذابی دردناک خبر ده ",
            "9": " چون به اندکی از آیات ما آگاه می شود آن را به مسخره می گیرد، یقیناً برای آنان عذابی خوارکننده خواهد بود ",
            "10": " پیش رویشان دوزخ است، و آنچه [از ثروت و مقام و یاور] به دست آورده اند، و آنچه را به جای خداوند به عنوان [معبود و] سرپرست خود انتخاب کرده اند چیزی [از عذاب را] از آنان برطرف نمی کند، مسلّماً برای آنان عذابی بزرگ است ",
            "11": " [سراسر آیات] این [قرآن] هدایت گر است، و برای منکران به آیات پروردگارشان عذابی است از نوع عذابی بسیار سخت و دردناک",
            "12": " خداوند است که دریا را به سود شما به کار گرفت تا کشتی ها به فرمانش در پهنۀ آن حرکت کنند، برای اینکه جویای احسان و روزی او شوید و شکرِ [نعمت هایش را] به جا آورید ",
            "13": " [همۀ] آنچه را در آسمان ها و زمین است از جانب خودش به سود شما به کار گرفته است، بی تردید در این [امور] برای مردمی که اندیشه می کنند نشانه هایی [بر قدرت و ربوبیت و لطف خدا] است ",
            "14": "\n \nبه مؤمنان بگو: از کسانی که [تحقق] روزهای [انتقام و مجازات] خداوند را انتظار نمی برند، [به علت آماده نبودن شرایطِ جهاد، با تکیه بر صبر و تحمّل] گذشت کنند تا [خداوند] هر قومی را [چه مؤمن چه کافر] در برابر آنچه انجام داده اند جزا دهد ",
            "15": " هرکس کار شایسته کند به سود خود اوست، و هرکس مرتکب زشتی شود به زیان خود اوست، سپس به سوی پروردگارتان بازگردانده می شوید ",
            "16": " ما به بنی اسرائیل کتاب و حکومت و نبوت عطا کردیم، و از روزی های دلپذیر به آنان بخشیدیم، و آنان را بر جهانیانِ [روزگار خودشان] برتری دادیم ",
            "17": " و دلایل روشنی از امر [نبوت و دین] در اختیارشان قرار دادیم، پس [دربارۀ دین] اختلاف نکردند مگر بعد از آن که [به حقیقت] آگاه شده بودند، [اختلافشان] به سبب روحیۀ تجاوزگری و حسد بین خودشان [بود]، یقیناً پروردگارت روز قیامت دربارۀ آنچه همواره در آن اختلاف می کردند داوری خواهد کرد، [تا آنان که باید مجازات اختلاف را بچشند به دوزخ روند ]",
            "18": " سپس تو را بر راهی [ویژه] از امر [دین] قرار دادیم؛ بنابراین سالک آن [راه] باش! و از خواسته های [نامشروعِ] بی دانشان پیروی مکن !",
            "19": " [درصورتی که به آیینشان روی آوری] آنان نمی توانند در برابر [ارادۀ] خداوند چیزی [از بلاها و گرفتاری های دنیا و آخرت] را از تو برطرف کنند، همانا ستمکاران یار و یاور یکدیگرند، و خداوند سرپرست و یاور پرهیزگاران است ",
            "20": " این [قرآن] برای مردم مایۀ بینش و روشنگری است، و [سراسر آیاتش] هدایت و رحمت برای اهل یقین [است ]",
            "21": " آیا کسانی که مرتکب گناهان شده اند، گمانشان این است که ما آنان را مانند مؤمنانی که کارهای شایسته انجام داده اند قرار می دهیم که زندگی و مرگشان برابر باشد؟ بد داوری می کنند! ",
            "22": " خداوند آسمان ها و زمین را به راستی و درستی آفرید تا هرکس [بر پایۀ عدالتی که در همۀ نظام آفرینش حاکم است] در برابر آنچه انجام داده پاداش یابد، و انسان ها [در مورد پاداششان] مورد ستم قرار نمی گیرند ",
            "23": "\n \nبه من خبر ده، آیا کسی که [در عین آگاهی به این که معبود حقیقی خداوند است] خواسته های [نامشروع] خود را معبود خویش قرار داده، و خداوند [به کیفر این کار ظالمانه ] او را از روی علم و آگاهی [خود که می داند هدایت نمی شود] در گمراهی واگذاشته، و بر گوش و دلش مُهر [عدم درک حقایق] نهاده، و بر چشم [بصیرت] او پرده ای قرار داده است، بعد از خدا چه کسی او را هدایت می کند؟ آیا هشیار و متذکر نمی شوید؟!",
            "24": " [گمراهان] گفتند: زندگی جز همین زندگی دنیای ما نیست، [گروهی] می میریم و [گروهی] زندگی می یابیم، سبب هلاکت ما فقط [همین طبیعت و] روزگار است. آنان را در مورد این [گفتارشان] هیچ دانش [و دلیلی] نیست، اینان جز خیال پردازنی [سبک سر] نیستند",
            "25": " چون آیات روشن ما را [دربارۀ معاد و زنده شدنِ مردگان] بر آنان می خوانند دلیلی جز این ندارند که می گویند: اگر [در زمینۀ زنده شدنِ مردگان] راستگو هستید پدران ما را [که مرده اند زنده نزد ما] حاضر کنید!",
            "26": " بگو: خداوند شما را [از لابه لای عناصر مرده، برای زندگی در دنیا] حیات می دهد، سپس می میراند، آن گاه همۀ شما را در روز قیامت که هیچ تردیدی در آن نیست جمع می کند، ولی بیشتر مردم [به این حقایق] نادانند",
            "27": " مالکیت و فرمانروایی آسمان ها و زمین فقط در سیطرۀ خداوند است، و روزی که قیامت برپا شود آن روز باطل گرایان زیان خواهند دید ",
            "28": " [در آن روز] هر امتی را به زانو درافتاده می بینی، [و در آن عرصۀ عظیم] هر امتی را به سوی نامۀ اعمالشان می خوانند [و به آنان می گویند:] امروز [همۀ] آنچه را که همواره انجام می دادید به شما پاداش می دهند ",
            "29": " این نوشتۀ [منظم و دقیق] ماست که براساس حق و درستی بر ضد شما سخن می گوید، ما آنچه را شما همواره [در دنیا] انجام می دادید می نوشتیم",
            "30": " پس کسانی که مؤمن بودند و کارهای شایسته انجام دادند پروردگارشان آنان را در رحمت خود درآورَد، این همان کامیابی آشکار است !",
            "31": " اما [خداوند به] کافران [می گوید:] مگر آیاتم را همواره بر شما نمی خواندند؟ ولی شما [از پذیرش آن] تکبّر می کردید، و مردمی گناه پیشه بودید ",
            "32": " چون [به شما] می گفتند: به یقین وعدۀ خداوند حق است، و در [وقوع] قیامت هیچ تردیدی نیست، می گفتید: ما نمی فهمیم قیامت چیست، و [وقوعش را] گمان نمی بریم جز گمانی [ضعیف و غیرقابل اعتماد]، و [به آن] یقین نداریم ",
            "33": "\n \n[آن روز همۀ] اعمال زشتی که مرتکب شده اند برای آنان آشکار می شود، و عذابی که همواره به مسخره می گرفتند [وجود] آنان را احاطه می کند ",
            "34": " و گفته می شود: امروز به شما توجه نمی کنیم چنان که شما به دیدار امروزتان بی توجه بودید، جایگاهتان آتش است و برایتان هیچ یاوری نخواهد بود ",
            "35": " این [عذاب] برای آن است که شما آیات خدا را به مسخره گرفتید، و زندگی دنیا [و دلبستگی به آن] شما را فریفت. پس امروز نه از آتش بیرونشان می آورند، و نه از آنان می خواهند [برای جلب رضایت خداوند] عذرخواهی کنند ",
            "36": " پس همۀ ستایش ها ویژۀ خداست که پروردگار آسمان ها و زمین [و] پروردگار جهانیان است،",
            "37": " و کبریایی [و بزرگی] در آسمان ها و زمین مخصوص اوست، و او توانای شکست ناپذیر و حکیم است "
        }
    }
}