{
  "2": {
    "number": 2,
        "title": "سورة الاحقاف",
      "bab": 4,
      "delay": 5,
      "arabic": {
           "6": "حم",
            "7": "تَنْزِيلُ الْكِتَابِ مِنَ اللَّهِ الْعَزِيزِ الْحَكِيمِ",
            "8": "مَا خَلَقْنَا السَّمَاوَاتِ وَالْأَرْضَ وَمَا بَيْنَهُمَا إِلَّا بِالْحَقِّ وَأَجَلٍ مُسَمًّى ۚ وَالَّذِينَ كَفَرُوا عَمَّا أُنْذِرُوا مُعْرِضُونَ",
            "9": "قُلْ أَرَأَيْتُمْ مَا تَدْعُونَ مِنْ دُونِ اللَّهِ أَرُونِي مَاذَا خَلَقُوا مِنَ الْأَرْضِ أَمْ لَهُمْ شِرْكٌ فِي السَّمَاوَاتِ ۖ ائْتُونِي بِكِتَابٍ مِنْ قَبْلِ هَٰذَا أَوْ أَثَارَةٍ مِنْ عِلْمٍ إِنْ كُنْتُمْ صَادِقِينَ",
            "10": "وَمَنْ أَضَلُّ مِمَّنْ يَدْعُو مِنْ دُونِ اللَّهِ مَنْ لَا يَسْتَجِيبُ لَهُ إِلَىٰ يَوْمِ الْقِيَامَةِ وَهُمْ عَنْ دُعَائِهِمْ غَافِلُونَ",
            "11": "وَإِذَا حُشِرَ النَّاسُ كَانُوا لَهُمْ أَعْدَاءً وَكَانُوا بِعِبَادَتِهِمْ كَافِرِينَ",
            "12": "وَإِذَا تُتْلَىٰ عَلَيْهِمْ آيَاتُنَا بَيِّنَاتٍ قَالَ الَّذِينَ كَفَرُوا لِلْحَقِّ لَمَّا جَاءَهُمْ هَٰذَا سِحْرٌ مُبِينٌ",
            "13": "أَمْ يَقُولُونَ افْتَرَاهُ ۖ قُلْ إِنِ افْتَرَيْتُهُ فَلَا تَمْلِكُونَ لِي مِنَ اللَّهِ شَيْئًا ۖ هُوَ أَعْلَمُ بِمَا تُفِيضُونَ فِيهِ ۖ كَفَىٰ بِهِ شَهِيدًا بَيْنِي وَبَيْنَكُمْ ۖ وَهُوَ الْغَفُورُ الرَّحِيمُ",
            "14": "قُلْ مَا كُنْتُ بِدْعًا مِنَ الرُّسُلِ وَمَا أَدْرِي مَا يُفْعَلُ بِي وَلَا بِكُمْ ۖ إِنْ أَتَّبِعُ إِلَّا مَا يُوحَىٰ إِلَيَّ وَمَا أَنَا إِلَّا نَذِيرٌ مُبِينٌ",
            "15": "قُلْ أَرَأَيْتُمْ إِنْ كَانَ مِنْ عِنْدِ اللَّهِ وَكَفَرْتُمْ بِهِ وَشَهِدَ شَاهِدٌ مِنْ بَنِي إِسْرَائِيلَ عَلَىٰ مِثْلِهِ فَآمَنَ وَاسْتَكْبَرْتُمْ ۖ إِنَّ اللَّهَ لَا يَهْدِي الْقَوْمَ الظَّالِمِينَ",
            "16": "وَقَالَ الَّذِينَ كَفَرُوا لِلَّذِينَ آمَنُوا لَوْ كَانَ خَيْرًا مَا سَبَقُونَا إِلَيْهِ ۚ وَإِذْ لَمْ يَهْتَدُوا بِهِ فَسَيَقُولُونَ هَٰذَا إِفْكٌ قَدِيمٌ",
            "17": "وَمِنْ قَبْلِهِ كِتَابُ مُوسَىٰ إِمَامًا وَرَحْمَةً ۚ وَهَٰذَا كِتَابٌ مُصَدِّقٌ لِسَانًا عَرَبِيًّا لِيُنْذِرَ الَّذِينَ ظَلَمُوا وَبُشْرَىٰ لِلْمُحْسِنِينَ",
            "18": "إِنَّ الَّذِينَ قَالُوا رَبُّنَا اللَّهُ ثُمَّ اسْتَقَامُوا فَلَا خَوْفٌ عَلَيْهِمْ وَلَا هُمْ يَحْزَنُونَ",
            "19": "أُولَٰئِكَ أَصْحَابُ الْجَنَّةِ خَالِدِينَ فِيهَا جَزَاءً بِمَا كَانُوا يَعْمَلُونَ",
            "20": "وَوَصَّيْنَا الْإِنْسَانَ بِوَالِدَيْهِ إِحْسَانًا ۖ حَمَلَتْهُ أُمُّهُ كُرْهًا وَوَضَعَتْهُ كُرْهًا ۖ وَحَمْلُهُ وَفِصَالُهُ ثَلَاثُونَ شَهْرًا ۚ حَتَّىٰ إِذَا بَلَغَ أَشُدَّهُ وَبَلَغَ أَرْبَعِينَ سَنَةً قَالَ رَبِّ أَوْزِعْنِي أَنْ أَشْكُرَ نِعْمَتَكَ الَّتِي أَنْعَمْتَ عَلَيَّ وَعَلَىٰ وَالِدَيَّ وَأَنْ أَعْمَلَ صَالِحًا تَرْضَاهُ وَأَصْلِحْ لِي فِي ذُرِّيَّتِي ۖ إِنِّي تُبْتُ إِلَيْكَ وَإِنِّي مِنَ الْمُسْلِمِينَ",
            "21": "أُولَٰئِكَ الَّذِينَ نَتَقَبَّلُ عَنْهُمْ أَحْسَنَ مَا عَمِلُوا وَنَتَجَاوَزُ عَنْ سَيِّئَاتِهِمْ فِي أَصْحَابِ الْجَنَّةِ ۖ وَعْدَ الصِّدْقِ الَّذِي كَانُوا يُوعَدُونَ",
            "22": "وَالَّذِي قَالَ لِوَالِدَيْهِ أُفٍّ لَكُمَا أَتَعِدَانِنِي أَنْ أُخْرَجَ وَقَدْ خَلَتِ الْقُرُونُ مِنْ قَبْلِي وَهُمَا يَسْتَغِيثَانِ اللَّهَ وَيْلَكَ آمِنْ إِنَّ وَعْدَ اللَّهِ حَقٌّ فَيَقُولُ مَا هَٰذَا إِلَّا أَسَاطِيرُ الْأَوَّلِينَ",
            "23": "أُولَٰئِكَ الَّذِينَ حَقَّ عَلَيْهِمُ الْقَوْلُ فِي أُمَمٍ قَدْ خَلَتْ مِنْ قَبْلِهِمْ مِنَ الْجِنِّ وَالْإِنْسِ ۖ إِنَّهُمْ كَانُوا خَاسِرِينَ",
            "24": "وَلِكُلٍّ دَرَجَاتٌ مِمَّا عَمِلُوا ۖ وَلِيُوَفِّيَهُمْ أَعْمَالَهُمْ وَهُمْ لَا يُظْلَمُونَ",
            "25": "وَيَوْمَ يُعْرَضُ الَّذِينَ كَفَرُوا عَلَى النَّارِ أَذْهَبْتُمْ طَيِّبَاتِكُمْ فِي حَيَاتِكُمُ الدُّنْيَا وَاسْتَمْتَعْتُمْ بِهَا فَالْيَوْمَ تُجْزَوْنَ عَذَابَ الْهُونِ بِمَا كُنْتُمْ تَسْتَكْبِرُونَ فِي الْأَرْضِ بِغَيْرِ الْحَقِّ وَبِمَا كُنْتُمْ تَفْسُقُونَ",
            "26": "وَاذْكُرْ أَخَا عَادٍ إِذْ أَنْذَرَ قَوْمَهُ بِالْأَحْقَافِ وَقَدْ خَلَتِ النُّذُرُ مِنْ بَيْنِ يَدَيْهِ وَمِنْ خَلْفِهِ أَلَّا تَعْبُدُوا إِلَّا اللَّهَ إِنِّي أَخَافُ عَلَيْكُمْ عَذَابَ يَوْمٍ عَظِيمٍ",
            "27": "قَالُوا أَجِئْتَنَا لِتَأْفِكَنَا عَنْ آلِهَتِنَا فَأْتِنَا بِمَا تَعِدُنَا إِنْ كُنْتَ مِنَ الصَّادِقِينَ",
            "28": "قَالَ إِنَّمَا الْعِلْمُ عِنْدَ اللَّهِ وَأُبَلِّغُكُمْ مَا أُرْسِلْتُ بِهِ وَلَٰكِنِّي أَرَاكُمْ قَوْمًا تَجْهَلُونَ",
            "29": "فَلَمَّا رَأَوْهُ عَارِضًا مُسْتَقْبِلَ أَوْدِيَتِهِمْ قَالُوا هَٰذَا عَارِضٌ مُمْطِرُنَا ۚ بَلْ هُوَ مَا اسْتَعْجَلْتُمْ بِهِ ۖ رِيحٌ فِيهَا عَذَابٌ أَلِيمٌ",
            "30": "تُدَمِّرُ كُلَّ شَيْءٍ بِأَمْرِ رَبِّهَا فَأَصْبَحُوا لَا يُرَىٰ إِلَّا مَسَاكِنُهُمْ ۚ كَذَٰلِكَ نَجْزِي الْقَوْمَ الْمُجْرِمِينَ",
            "31": "وَلَقَدْ مَكَّنَّاهُمْ فِيمَا إِنْ مَكَّنَّاكُمْ فِيهِ وَجَعَلْنَا لَهُمْ سَمْعًا وَأَبْصَارًا وَأَفْئِدَةً فَمَا أَغْنَىٰ عَنْهُمْ سَمْعُهُمْ وَلَا أَبْصَارُهُمْ وَلَا أَفْئِدَتُهُمْ مِنْ شَيْءٍ إِذْ كَانُوا يَجْحَدُونَ بِآيَاتِ اللَّهِ وَحَاقَ بِهِمْ مَا كَانُوا بِهِ يَسْتَهْزِئُونَ",
            "32": "وَلَقَدْ أَهْلَكْنَا مَا حَوْلَكُمْ مِنَ الْقُرَىٰ وَصَرَّفْنَا الْآيَاتِ لَعَلَّهُمْ يَرْجِعُونَ",
            "33": "فَلَوْلَا نَصَرَهُمُ الَّذِينَ اتَّخَذُوا مِنْ دُونِ اللَّهِ قُرْبَانًا آلِهَةً ۖ بَلْ ضَلُّوا عَنْهُمْ ۚ وَذَٰلِكَ إِفْكُهُمْ وَمَا كَانُوا يَفْتَرُونَ",
            "34": "وَإِذْ صَرَفْنَا إِلَيْكَ نَفَرًا مِنَ الْجِنِّ يَسْتَمِعُونَ الْقُرْآنَ فَلَمَّا حَضَرُوهُ قَالُوا أَنْصِتُوا ۖ فَلَمَّا قُضِيَ وَلَّوْا إِلَىٰ قَوْمِهِمْ مُنْذِرِينَ",
            "35": "قَالُوا يَا قَوْمَنَا إِنَّا سَمِعْنَا كِتَابًا أُنْزِلَ مِنْ بَعْدِ مُوسَىٰ مُصَدِّقًا لِمَا بَيْنَ يَدَيْهِ يَهْدِي إِلَى الْحَقِّ وَإِلَىٰ طَرِيقٍ مُسْتَقِيمٍ",
            "36": "يَا قَوْمَنَا أَجِيبُوا دَاعِيَ اللَّهِ وَآمِنُوا بِهِ يَغْفِرْ لَكُمْ مِنْ ذُنُوبِكُمْ وَيُجِرْكُمْ مِنْ عَذَابٍ أَلِيمٍ",
            "37": "وَمَنْ لَا يُجِبْ دَاعِيَ اللَّهِ فَلَيْسَ بِمُعْجِزٍ فِي الْأَرْضِ وَلَيْسَ لَهُ مِنْ دُونِهِ أَوْلِيَاءُ ۚ أُولَٰئِكَ فِي ضَلَالٍ مُبِينٍ",
            "38": "أَوَلَمْ يَرَوْا أَنَّ اللَّهَ الَّذِي خَلَقَ السَّمَاوَاتِ وَالْأَرْضَ وَلَمْ يَعْيَ بِخَلْقِهِنَّ بِقَادِرٍ عَلَىٰ أَنْ يُحْيِيَ الْمَوْتَىٰ ۚ بَلَىٰ إِنَّهُ عَلَىٰ كُلِّ شَيْءٍ قَدِيرٌ",
            "39": "وَيَوْمَ يُعْرَضُ الَّذِينَ كَفَرُوا عَلَى النَّارِ أَلَيْسَ هَٰذَا بِالْحَقِّ ۖ قَالُوا بَلَىٰ وَرَبِّنَا ۚ قَالَ فَذُوقُوا الْعَذَابَ بِمَا كُنْتُمْ تَكْفُرُونَ",
            "40": "فَاصْبِرْ كَمَا صَبَرَ أُولُو الْعَزْمِ مِنَ الرُّسُلِ وَلَا تَسْتَعْجِلْ لَهُمْ ۚ كَأَنَّهُمْ يَوْمَ يَرَوْنَ مَا يُوعَدُونَ لَمْ يَلْبَثُوا إِلَّا سَاعَةً مِنْ نَهَارٍ ۚ بَلَاغٌ ۚ فَهَلْ يُهْلَكُ إِلَّا الْقَوْمُ الْفَاسِقُونَ"
        },
        "farsi": {
         "6": "\nحاء، میم ",
            "7": " [این] کتابی است که از سوی خداوند توانای شکست ناپذیر و حکیم نازل شده است ",
            "8": " ما آسمان ها و زمین و آنچه را میان آن دوتا است جز به حق و درستی، و تا سرآمدی معین نیافریدیم، ولی کافران از آنچه به آن هشدارشان داده اند رویگردانند ",
            "9": " [به آنان] بگو: مرا خبر دهید معبودانی که به جای خداوند [برای امورتان] می خوانید [و متوسل به آن ها هستید] نشانم دهید چه چیزی را از زمین آفریده اند؟ یا [مگر] آن ها را در [آفرینش] آسمان ها مشارکتی است؟ اگر راستگو هستید [که معبودانتان کارسازند] کتابی پیش از این [قرآن]، یا دلیل علمی استواری [که ادعایتان را تصدیق کند] برای من بیاورید ",
            "10": " گمراه تر از کسانی که به جای خداوند معبودانی را می خوانند که تا روز قیامت پاسخشان را نمی دهند، و از خوانده شدنشان هم بی خبرند چه کسانی هستند؟!",
            "11": "\n \nچون مردم را [در قیامت] جمع کنند معبودانشان دشمن آنانند، و عبادتشان را انکار می کنند ",
            "12": " زمانی که آیات روشن ما را بر آنان بخوانند کافران دربارۀ حقی که به سویشان آمده می گویند: این جادویی است آشکار !",
            "13": " بلکه می گویند: [دروغی] ساختگی است که [آن را] به خدا نسبت داده. بگو: اگر آن را ساخته و به خدا نسبت داده باشم [دچار عذابی سخت خواهم بود،] و شما نمی توانید چیزی از [عذاب] خدا را [اگر بنا باشد به من برسد] از من دفع کنید، خداوند به سخنان باطلی که [دربارۀ حقی که آمده قرآن] می گویید داناتر است، خدا بس است که بین من و شما گواه باشد، او بسیار آمرزنده و مهربان است ",
            "14": " بگو: من از بین فرستادگانِ [خداوند، پدیده ای] نوظهور نیستم، [این که سرنوشت همه چیز را از من می خواهید در حیطۀ رسالتم نیست،] نمی دانم با من و شما [در آینده] چه خواهند کرد، من تنها از قرآنی که به سویم وحی شده پیروی می کنم، و جز هشدار دهنده ای آشکار نیستم ",
            "15": " بگو: به من خبر دهید چنانچه [این قرآن] از نزد خدا باشد و شما آن را انکار کنید درحالی که شاهدی از بنی اسرائیل به مثل آن، [که تورات است،] شهادت داده باشد [که؛ تورات وحی خداست پس قرآن هم وحی خداست.] در نتیجه [به قرآن] ایمان آورده باشد و شما [از مؤمن شدن به آن] تکبّر کنید [آیا ستمکار نیستید]؟ یقیناً خداوند مردم ستمکار را هدایت نمی کند ",
            "16": " کافران دربارۀ مؤمنان گفتند: اگر [آیین محمّد صلی الله علیه وآله طریقه ای] خوب بود [این محرومانِ پابرهنه در شتافتن] به سوی آن [و پذیرفتنش] بر ما پیشی نمی گرفتند! [اندیشۀ باطلشان این است که ردکردن و پذیرفتنِ آنان مِلاک حقانیت است،] اینان چون [به سبب عناد و تکبّرشان] به وسیلۀ قرآن هدایت نیافته اند پیوسته می گویند: این دروغی قدیمی است [که نمونه اش در همۀ امت ها بوده]!",
            "17": " [چگونه آن را دروغ می پندارید؟] درحالی که پیش از این کتاب موسی پیشوا و رحمت بود، و این [قرآن نیز] کتابی است تصدیق کنندۀ [حقانیت] آن به زبانی روشن و گویا تا ستمکاران را [از عواقب کارشان] هشدار دهد، و برای نیکوکاران مژده باشد ",
            "18": "به راستی کسانی که گفتند پروردگارِ ما اللّه است، سپس [در میدان اعتقاد و عمل بر آن] استقامت کردند، نه بیمی بر آنان است و نه اندوهگین می شوند ",
            "19": " اینان اهل بهشتند، و در آن به سبب اعمال شایسته ای که همواره انجام می دادند جاودانه اند ",
            "20": "\n \nانسان را دربارۀ پدر و مادرش به نیکی کردن سفارش کردیم، مادرش او را با [تحمّل] سختی باردار شد، و با مشقّت او را زایید، [دوران] بارداری و بازگرفتنش [از شیر] سی ماه است، تا زمانی که به رشد [فکری و جسمی] خود دست یابد و به چهل سالگی برسد می گوید: پروردگارا! توفیق شکر نعمتت را که به من و پدر و مادرم ارزانی داشتی عطایم کن، و این که کار شایسته ای که مورد پسند توست انجام دهم، و نسلم را برایم شایسته گردان، من به سویت بازگشتم، و از تسلیم شدگان هستم ",
            "21": " اینانند که در بین بهشتیان نیکوترین اعمالشان را [به عنوان معیار پاداشِ همۀ اعمالشان] می پذیریم، و از گناهانشان گذشت می کنیم، [این] وعدۀ تخلّف ناپذیری [است] که همواره آنان را [به آن] وعده می دادند ",
            "22": " [در برابر آن انسان والا] آن [فرزندی است] که به پدر و مادرش می گوید: اُف بر شما! آیا وعده ام می دهید که [پس از مرگ زنده شده و از قبر] خارج خواهم شد درحالی که پیش از من اقوام بسیاری از دنیا رفتند [و هیچ کدامشان زنده نشدند]. آن دو [از عمق جان] به درگاه خداوند استغاثه می کنند [و به فرزندشان از روی نگرانی و دلسوزی می گویند: وای بر تو! [به معاد] ایمان بیاور! مسلّماً وعدۀ خداوند [دربارۀ وقوع معاد] حق [و حتمی] است. ولی [آن بی ادب] می گوید: این [وعده ها] جز افسانه های پیشینیان نیست!",
            "23": " اینان کسانی هستند که در زمرۀ گروه هایی [کافر] از جنّ و انس که پیش از آنان درگذشتند وعدۀ [عذاب] بر آنان حتمی و ثابت شد، آنان بدون شک تباه کنندگان [همۀ سرمایه های وجودی خود] هستند ",
            "24": " برای هریک [از دو گروه مؤمن و کافر] بر پایۀ اعمالی که انجام داده اند درجاتی است [که به آن می رسند]، تا [خداوند] اعمالشان را به طورکامل [به صورت بهشت یا دوزخ] به آنان بدهد، و مورد ستم قرار نخواهند گرفت ",
            "25": " روزی که کافران را در معرض آتش قرار دهند [به آنان گفته می شود:] نعمت های دلپذیر خود را [که می توانست سبب آبادی آخرتتان گردد] در زندگی دنیایی خود مصرف کرده، از آن بهره مند شدید، بنابراین امروز به علت این که ظالمانه در زمین [نسبت به حق] تکبّر کردید، و [نیز] به سبب این که همواره به انحراف و نافرمانی روی آوردید با عذاب ذلّت بار کیفر می شوید ",
            "26": "\n \n[هود،] برادرِ عادیان را به یاد آر، زمانی که قومش را در [سرزمین] «اَحقاف» [از عاقبت شرک و گناهانشان] هشدار داد، یقیناً که هشداردهندگانی پیش از او و پس از او آمده بودند، [هشدارش این بود] که جز خدا را نبپرستید [؛ زیرا] من بر شما از عذاب روزی بزرگ می ترسم ",
            "27": " گفتند: آیا آمده ای تا ما را از معبودانمان منحرف [ساخته، و از آن ها جدایمان] کنی؟ اگر راستگویی عذابی که ما را به آن تهدید می کنی بیاور ",
            "28": " [هود] گفت: آگاهی [به زمان نزولِ عذاب] فقط نزد خداست، من آیینی را که برای آن فرستاده شده ام به شما ابلاغ می کنم، ولی من شما را [با روی برتافتن از حقایق،] مردمی جهالت پیشه می بینم ",
            "29": " چون عذاب را به صورت ابری گسترده دیدند که به سوی درّه ها و آبگیرهایشان روی آورده [به خیال خامشان] گفتند: این ابری است باران زا برای ما [که به دنبال اینهمه چشم انتظاری برای برطرف شدن خشک سالی به ما باران خواهد داد. هود گفت: نه،] بلکه این همان چیزی است که شتاب در آمدنش را می خواستید، بادی است که در آن عذابی دردناک است ",
            "30": " [این بادِ ویرانگری است که] همه چیز را به فرمان پروردگارش درهم می کوبد [و نابود می سازد]. پس چنان شدند که جز خانه هایشان دیده نمی شد، ما بدین گونه مردمِ گناه پیشه را کیفر می دهیم ",
            "31": " بی تردید ما به آنان در اموری قدرت داده بودیم که شما را در آن امور چنان قدرتی نداده ایم، برای آنان گوش و چشم و دل قرار داده بودیم، ولی گوش و چشم و دلشان [که ابزار معرفت و تشخیص بود، و آنان در راه خدا به کار نگرفتند] چیزی [از آن عذاب] را از آنان برطرف نکرد؛ زیرا همواره آیات خدا را انکار می کردند، و [سرانجام] عذابی که پیوسته به مسخره می گرفتند آنان را احاطه کرد ",
            "32": " مسلّماً ما [اهل] آبادی هایی را که پیرامون شما [مردم مکه] بودند [به کیفر طغیانشان] هلاک کردیم، [البته] آیات [خود] را به صورت های گوناگون [برای آنان] توضیح دادیم که [از طغیانشان دست برداشته، به حق] برگردند، [ولی آن آیات را نپذیرفتند] ",
            "33": " پس چرا معبودانی که به جای خدا انتخاب کردند [به گمان این] که آنان را [به خدا] نزدیک می کنند [هنگام نزول عذاب] کمکشان نکردند؟ بلکه از دستشان رفت و گم شدند، این بود [عاقبت] شرکشان و آنچه که همواره بر پایۀ دروغ به خداوند نسبت می دادند ",
            "34": "\n \n[به یاد آر] هنگامی که گروهی از جنّ را به سویت روانه کردیم تا قرآن را بشنوند، چون نزد [قرائت] آن حاضر شدند [به یکدیگر] گفتند: سکوت کنید [تا مفاهیمش را بهتر بفهمید]! هنگامی که [قرائت] پایان یافت، به سوی قومشان درحالی که هشداردهنده بودند بازگشتند ",
            "35": " گفتند: ای قومِ ما! به راستی کتابی را شنیدیم که پس از موسی فرستاده شده، تصدیق کننده [حقایق] کتاب های پیش از خود است، هدایت کننده به سوی حق و راه مستقیم است ",
            "36": " ای قومِ ما! دعوت کنندۀ به سوی خدا را [که پیامبر اسلام است] اجابت کنید، و به او ایمان آورید تا خداوند بخشی از گناهانتان را بیامرزد، و از عذابی دردناک پناهتان دهد ",
            "37": " آنان که دعوت کنندۀ به سوی خدا را اجابت نکنند نمی توانند در زمین، عاجزکنندۀ [خدا] باشند [تا از دسترس قدرتش بیرون روند]، و در برابر خداوند یاورانی [برای دفع عذاب] نخواهند داشت، اینان در گمراهی آشکاری به سرمی برند ",
            "38": " آیا ندانسته اند خداوندی که آسمان ها و زمین را آفرید، و از آفریدن آن ها خسته و درمانده نشده، بر زنده کردن مردگان تواناست؟ آری، او یقیناً بر هر کاری تواناست ",
            "39": " روزی که کافران را در معرض آتش قرار می دهند [از آنان می پرسند:] آیا این حق [و درست] نیست؟ می گویند: آری، به پروردگارمان سوگند [که این حق و درست است]. [پرسش کننده] می گوید: پس [این] عذاب را به سبب این که همواره کفر می ورزیدید بچشید! ",
            "40": " [در برابر آزار مشرکان و کافران] پایداری کن! همان گونه که پیامبران اولوا العزم پایداری کردند، و برای آنان شتاب [در عذاب] را مخواه! [زیرا] روزی که آنچه را [از عذاب] به آن تهدید می شوند ببینند، [به نظرشان می رسد که] انگار [با وجود عمری شهوترانی و لذت گرایی] فقط ساعتی از یک روز را [در دنیا] درنگ داشتند! [این قرآن] پیامی بیدارکننده [است برای همگان]، پس آیا جز مردم منحرف و نافرمان هلاک می شوند؟!"
        }
    }
}