{
    "2": {
        "number": 2,
        "title": "سورة محمد",
        "bab": 4,
        "delay": 0,
        "arabic": {
            "1": "الَّذِينَ كَفَرُوا وَصَدُّوا عَنْ سَبِيلِ اللَّهِ أَضَلَّ أَعْمَالَهُمْ",
            "2": "وَالَّذِينَ آمَنُوا وَعَمِلُوا الصَّالِحَاتِ وَآمَنُوا بِمَا نُزِّلَ عَلَىٰ مُحَمَّدٍ وَهُوَ الْحَقُّ مِنْ رَبِّهِمْ ۙ كَفَّرَ عَنْهُمْ سَيِّئَاتِهِمْ وَأَصْلَحَ بَالَهُمْ",
            "3": "ذَٰلِكَ بِأَنَّ الَّذِينَ كَفَرُوا اتَّبَعُوا الْبَاطِلَ وَأَنَّ الَّذِينَ آمَنُوا اتَّبَعُوا الْحَقَّ مِنْ رَبِّهِمْ ۚ كَذَٰلِكَ يَضْرِبُ اللَّهُ لِلنَّاسِ أَمْثَالَهُمْ",
            "4": "فَإِذَا لَقِيتُمُ الَّذِينَ كَفَرُوا فَضَرْبَ الرِّقَابِ حَتَّىٰ إِذَا أَثْخَنْتُمُوهُمْ فَشُدُّوا الْوَثَاقَ فَإِمَّا مَنًّا بَعْدُ وَإِمَّا فِدَاءً حَتَّىٰ تَضَعَ الْحَرْبُ أَوْزَارَهَا ۚ ذَٰلِكَ وَلَوْ يَشَاءُ اللَّهُ لَانْتَصَرَ مِنْهُمْ وَلَٰكِنْ لِيَبْلُوَ بَعْضَكُمْ بِبَعْضٍ ۗ وَالَّذِينَ قُتِلُوا فِي سَبِيلِ اللَّهِ فَلَنْ يُضِلَّ أَعْمَالَهُمْ",
            "5": "سَيَهْدِيهِمْ وَيُصْلِحُ بَالَهُمْ",
            "6": "وَيُدْخِلُهُمُ الْجَنَّةَ عَرَّفَهَا لَهُمْ",
            "7": "يَا أَيُّهَا الَّذِينَ آمَنُوا إِنْ تَنْصُرُوا اللَّهَ يَنْصُرْكُمْ وَيُثَبِّتْ أَقْدَامَكُمْ",
            "8": "وَالَّذِينَ كَفَرُوا فَتَعْسًا لَهُمْ وَأَضَلَّ أَعْمَالَهُمْ",
            "9": "ذَٰلِكَ بِأَنَّهُمْ كَرِهُوا مَا أَنْزَلَ اللَّهُ فَأَحْبَطَ أَعْمَالَهُمْ",
            "10": "أَفَلَمْ يَسِيرُوا فِي الْأَرْضِ فَيَنْظُرُوا كَيْفَ كَانَ عَاقِبَةُ الَّذِينَ مِنْ قَبْلِهِمْ ۚ دَمَّرَ اللَّهُ عَلَيْهِمْ ۖ وَلِلْكَافِرِينَ أَمْثَالُهَا",
            "11": "ذَٰلِكَ بِأَنَّ اللَّهَ مَوْلَى الَّذِينَ آمَنُوا وَأَنَّ الْكَافِرِينَ لَا مَوْلَىٰ لَهُمْ",
            "12": "إِنَّ اللَّهَ يُدْخِلُ الَّذِينَ آمَنُوا وَعَمِلُوا الصَّالِحَاتِ جَنَّاتٍ تَجْرِي مِنْ تَحْتِهَا الْأَنْهَارُ ۖ وَالَّذِينَ كَفَرُوا يَتَمَتَّعُونَ وَيَأْكُلُونَ كَمَا تَأْكُلُ الْأَنْعَامُ وَالنَّارُ مَثْوًى لَهُمْ",
            "13": "وَكَأَيِّنْ مِنْ قَرْيَةٍ هِيَ أَشَدُّ قُوَّةً مِنْ قَرْيَتِكَ الَّتِي أَخْرَجَتْكَ أَهْلَكْنَاهُمْ فَلَا نَاصِرَ لَهُمْ",
            "14": "أَفَمَنْ كَانَ عَلَىٰ بَيِّنَةٍ مِنْ رَبِّهِ كَمَنْ زُيِّنَ لَهُ سُوءُ عَمَلِهِ وَاتَّبَعُوا أَهْوَاءَهُمْ",
            "15": "مَثَلُ الْجَنَّةِ الَّتِي وُعِدَ الْمُتَّقُونَ ۖ فِيهَا أَنْهَارٌ مِنْ مَاءٍ غَيْرِ آسِنٍ وَأَنْهَارٌ مِنْ لَبَنٍ لَمْ يَتَغَيَّرْ طَعْمُهُ وَأَنْهَارٌ مِنْ خَمْرٍ لَذَّةٍ لِلشَّارِبِينَ وَأَنْهَارٌ مِنْ عَسَلٍ مُصَفًّى ۖ وَلَهُمْ فِيهَا مِنْ كُلِّ الثَّمَرَاتِ وَمَغْفِرَةٌ مِنْ رَبِّهِمْ ۖ كَمَنْ هُوَ خَالِدٌ فِي النَّارِ وَسُقُوا مَاءً حَمِيمًا فَقَطَّعَ أَمْعَاءَهُمْ",
            "16": "وَمِنْهُمْ مَنْ يَسْتَمِعُ إِلَيْكَ حَتَّىٰ إِذَا خَرَجُوا مِنْ عِنْدِكَ قَالُوا لِلَّذِينَ أُوتُوا الْعِلْمَ مَاذَا قَالَ آنِفًا ۚ أُولَٰئِكَ الَّذِينَ طَبَعَ اللَّهُ عَلَىٰ قُلُوبِهِمْ وَاتَّبَعُوا أَهْوَاءَهُمْ",
            "17": "وَالَّذِينَ اهْتَدَوْا زَادَهُمْ هُدًى وَآتَاهُمْ تَقْوَاهُمْ",
            "18": "فَهَلْ يَنْظُرُونَ إِلَّا السَّاعَةَ أَنْ تَأْتِيَهُمْ بَغْتَةً ۖ فَقَدْ جَاءَ أَشْرَاطُهَا ۚ فَأَنَّىٰ لَهُمْ إِذَا جَاءَتْهُمْ ذِكْرَاهُمْ",
            "19": "فَاعْلَمْ أَنَّهُ لَا إِلَٰهَ إِلَّا اللَّهُ وَاسْتَغْفِرْ لِذَنْبِكَ وَلِلْمُؤْمِنِينَ وَالْمُؤْمِنَاتِ ۗ وَاللَّهُ يَعْلَمُ مُتَقَلَّبَكُمْ وَمَثْوَاكُمْ",
            "20": "وَيَقُولُ الَّذِينَ آمَنُوا لَوْلَا نُزِّلَتْ سُورَةٌ ۖ فَإِذَا أُنْزِلَتْ سُورَةٌ مُحْكَمَةٌ وَذُكِرَ فِيهَا الْقِتَالُ ۙ رَأَيْتَ الَّذِينَ فِي قُلُوبِهِمْ مَرَضٌ يَنْظُرُونَ إِلَيْكَ نَظَرَ الْمَغْشِيِّ عَلَيْهِ مِنَ الْمَوْتِ ۖ فَأَوْلَىٰ لَهُمْ",
            "21": "طَاعَةٌ وَقَوْلٌ مَعْرُوفٌ ۚ فَإِذَا عَزَمَ الْأَمْرُ فَلَوْ صَدَقُوا اللَّهَ لَكَانَ خَيْرًا لَهُمْ",
            "22": "فَهَلْ عَسَيْتُمْ إِنْ تَوَلَّيْتُمْ أَنْ تُفْسِدُوا فِي الْأَرْضِ وَتُقَطِّعُوا أَرْحَامَكُمْ",
            "23": "أُولَٰئِكَ الَّذِينَ لَعَنَهُمُ اللَّهُ فَأَصَمَّهُمْ وَأَعْمَىٰ أَبْصَارَهُمْ",
            "24": "أَفَلَا يَتَدَبَّرُونَ الْقُرْآنَ أَمْ عَلَىٰ قُلُوبٍ أَقْفَالُهَا",
            "25": "إِنَّ الَّذِينَ ارْتَدُّوا عَلَىٰ أَدْبَارِهِمْ مِنْ بَعْدِ مَا تَبَيَّنَ لَهُمُ الْهُدَى ۙ الشَّيْطَانُ سَوَّلَ لَهُمْ وَأَمْلَىٰ لَهُمْ",
            "26": "ذَٰلِكَ بِأَنَّهُمْ قَالُوا لِلَّذِينَ كَرِهُوا مَا نَزَّلَ اللَّهُ سَنُطِيعُكُمْ فِي بَعْضِ الْأَمْرِ ۖ وَاللَّهُ يَعْلَمُ إِسْرَارَهُمْ",
            "27": "فَكَيْفَ إِذَا تَوَفَّتْهُمُ الْمَلَائِكَةُ يَضْرِبُونَ وُجُوهَهُمْ وَأَدْبَارَهُمْ",
            "28": "ذَٰلِكَ بِأَنَّهُمُ اتَّبَعُوا مَا أَسْخَطَ اللَّهَ وَكَرِهُوا رِضْوَانَهُ فَأَحْبَطَ أَعْمَالَهُمْ",
            "29": "أَمْ حَسِبَ الَّذِينَ فِي قُلُوبِهِمْ مَرَضٌ أَنْ لَنْ يُخْرِجَ اللَّهُ أَضْغَانَهُمْ",
            "30": "وَلَوْ نَشَاءُ لَأَرَيْنَاكَهُمْ فَلَعَرَفْتَهُمْ بِسِيمَاهُمْ ۚ وَلَتَعْرِفَنَّهُمْ فِي لَحْنِ الْقَوْلِ ۚ وَاللَّهُ يَعْلَمُ أَعْمَالَكُمْ",
            "31": "وَلَنَبْلُوَنَّكُمْ حَتَّىٰ نَعْلَمَ الْمُجَاهِدِينَ مِنْكُمْ وَالصَّابِرِينَ وَنَبْلُوَ أَخْبَارَكُمْ",
            "32": "إِنَّ الَّذِينَ كَفَرُوا وَصَدُّوا عَنْ سَبِيلِ اللَّهِ وَشَاقُّوا الرَّسُولَ مِنْ بَعْدِ مَا تَبَيَّنَ لَهُمُ الْهُدَىٰ لَنْ يَضُرُّوا اللَّهَ شَيْئًا وَسَيُحْبِطُ أَعْمَالَهُمْ",
            "33": "يَا أَيُّهَا الَّذِينَ آمَنُوا أَطِيعُوا اللَّهَ وَأَطِيعُوا الرَّسُولَ وَلَا تُبْطِلُوا أَعْمَالَكُمْ",
            "34": "إِنَّ الَّذِينَ كَفَرُوا وَصَدُّوا عَنْ سَبِيلِ اللَّهِ ثُمَّ مَاتُوا وَهُمْ كُفَّارٌ فَلَنْ يَغْفِرَ اللَّهُ لَهُمْ",
            "35": "فَلَا تَهِنُوا وَتَدْعُوا إِلَى السَّلْمِ وَأَنْتُمُ الْأَعْلَوْنَ وَاللَّهُ مَعَكُمْ وَلَنْ يَتِرَكُمْ أَعْمَالَكُمْ",
            "36": "إِنَّمَا الْحَيَاةُ الدُّنْيَا لَعِبٌ وَلَهْوٌ ۚ وَإِنْ تُؤْمِنُوا وَتَتَّقُوا يُؤْتِكُمْ أُجُورَكُمْ وَلَا يَسْأَلْكُمْ أَمْوَالَكُمْ",
            "37": "إِنْ يَسْأَلْكُمُوهَا فَيُحْفِكُمْ تَبْخَلُوا وَيُخْرِجْ أَضْغَانَكُمْ",
            "38": "هَا أَنْتُمْ هَٰؤُلَاءِ تُدْعَوْنَ لِتُنْفِقُوا فِي سَبِيلِ اللَّهِ فَمِنْكُمْ مَنْ يَبْخَلُ ۖ وَمَنْ يَبْخَلْ فَإِنَّمَا يَبْخَلُ عَنْ نَفْسِهِ ۚ وَاللَّهُ الْغَنِيُّ وَأَنْتُمُ الْفُقَرَاءُ ۚ وَإِنْ تَتَوَلَّوْا يَسْتَبْدِلْ قَوْمًا غَيْرَكُمْ ثُمَّ لَا يَكُونُوا أَمْثَالَكُمْ"
        },
        "farsi": {
            "1": "\nآنان که انکار [حقایق را پیشۀ خود] نمودند، و [مردم را با وسوسه هایشان] از راه خدا بازداشتند، [خداوند] اعمالشان را [پیش از رسیدن به نتیجۀ مطلوب] تباه و بی اثر ساخت ",
            "2": " و کسانی که ایمان آورده و کارهای شایسته انجام داده اند و به آنچه بر محمّد صلی الله علیه وآله نازل شده، که از سوی پروردگارشان حق و درست است، [قلباً] مؤمن شده اند، [خداوند] گناهانشان را از آنان محو کرده، و حال و کارشان را [در دین و دنیا] اصلاح کرد",
            "3": " این [تباهی اعمال کافران، و ثمردهی کوشش مؤمنان] به سبب آن است که کافران از باطل پیروی کردند و مؤمنان پیرو حقی شدند که از سوی پروردگارشان آمده، خداوند این گونه، حالات مردم را برایشان توصیف می کند ",
            "4": " چون [در میدان جنگ] با کافران روبه رو شوید [با قاطعیت] گردن ها[یشان] را بزنید، [و فرصتشان ندهید] تا آن جا که [توان جنگ کردن را از دست بدهند و کاملاً] زمین  گیرشان کنید، پس [از آن اسیرشان کنید و] بندها [ی اسیران] را محکم ببندید، نهایتاً به آنان احسان کرده [آزادشان کنید]، یا [از آنان در برابر آزادکردنشان] عوض بگیرید، [و] تا جایی [کشتن و اسیرگرفتن را ادامه دهید] که شعله های جنگ خاموش شود، این است [فرمان خدا]، و اگر خدا می خواست [خود] از آنان انتقام می گرفت، ولی [فرمان او به جهاد] برای این است تا شما [مؤمنان] را به کافران بیازماید، آنان که در راه خدا کشته شدند [خداوند] هرگز اعمالشان را تباه نمی کند ",
            "5": "بی تردید [خداوند] آنان را [به سرمنزل کرامت و سعادت] راهنمایی کرده، و حال و کارشان را [در دین و دنیا] اصلاح می کند ",
            "6": " و آنان را در بهشتی که [به وسیلۀ وحی] به آنان شناسانده وارد می کند ",
            "7": " ای مؤمنان! اگر دین خدا را [با جهادِ خالصانه] یاری کنید [خدا هم] شما را یاری می کند، و گام هایتان را استوار می سازد ",
            "8": " هلاکت و نابودی بر کافران باد! [خداوند] اعمالشان را تباه و بی اثر ساخت ",
            "9": " این برای آن است که آنچه را خداوند نازل کرده خوشایندشان نبود، پس [خدا هم] اعمالشان را بی اثر کرد، [لذا در برابرش هیچ ثمری به دست نمی آورند ]",
            "10": " آیا در زمین گردش نکردند تا با دقت بنگرند که سرانجام کسانی که پیش از آنان بودند چگونه بود؟ خداوند آنان را درهم کوبید، و برای کافران نمونه های چنین کیفرهایی خواهد بود ",
            "11": " این [پیروزی مؤمنان و شکست و نابودی کافران] برای این است که خداوند سرپرست و یاور مؤمنان است، و کافران را هیچ سرپرست و یاوری نیست ",
            "12": "\n \nیقیناً خداوند مؤمنانی را که کارهای شایسته انجام داده اند در بهشت هایی که از زیر [درختان] آن نهرها جاری است وارد می کند، و کافران همواره [از لذت های مادّی و هوس رانی] بهره می برند، و می خورند همان گونه که چهارپایان می خورند، و [سرانجام] جایگاهشان آتش است",
            "13": " چه بسیار شهرهایی که [مردمش] از [مردم] شهر تو که از آن بیرونت کردند نیرومندتر بودند، ما آنان را هلاک کردیم، و هیچ یاوری [برای نجاتشان از عذاب] نداشتند ",
            "14": " آیا کسانی که متّکی بر دلیل روشنی از سوی پروردگارشان هستند مانند آنانند که عمل زشتشان برایشان آراسته شد، و از خواسته های [نامشروع] خود پیروی کردند؟",
            "15": " وصف بهشتی که به پرهیزگاران وعده داده اند [چنین است:] در آن نهرهایی است از جنس آبی که بدبوشدنی نیست، و نهرهایی از شیر که طعمش تغییر نکند، و نهرهایی از شراب که برای نوشندگان مایۀ لذت است، و نهرهایی از عسل خالص، و در آن از هرگونه میوه ای برای آنان مهیاست، و [از همه بهتر] آمرزشی از سوی پروردگارشان ویژۀ آنان است. آیا [بهشتیان] مانند کسانی هستند که در آتش جاودانه اند؟ و از آبی جوشان به آنان می نوشانند که روده هایشان را متلاشی می کند؟",
            "16": " گروهی از کافران [با آمدن به محضرت] به [وحی و سخنان] تو گوش می دهند، چون از نزد تو بیرون می روند [از روی مسخره] به کسانی که اهل دانشند می گویند: چند لحظه پیش چه گفت؟ [درحالی که وحی و سخنان پیامبر گویا و روشن است،] اینان کسانی هستند که خداوند [به کیفر عناد و کبرشان] بر دل هایشان مُهر [عدم درک حقایق] نهاده، در نتیجه از خواسته های [نامشروع] خود پیروی کرده اند،",
            "17": " و آنان که هدایت یافته اند خداوند بر هدایتشان افزوده، و روحیۀ اطاعت از حق و ترک محرّمات را [به تناسب هدایتشان] به آنان عطا کرده است ",
            "18": " پس آیا [کافران] جز این را انتظار می کشند که ناگهان قیامت بر آنان فرارسد، درحالی که نشانه هایش پدیدار گشته، چون قیامت به سویشان آید چگونه متذکرشدنشان به آنان سود دهد؟!",
            "19": " بنابراین بدان که هیچ معبودی جز خدا نیست، و از بین رفتنِ آنچه [از توطئه ها و موانع پیشرفت اسلام از طرف دشمنان] که بر تو و مردان و زنان مؤمن تحمیل شده [از خداوند] بخواه، خداوند جایگاه حرکت شما و قرارگاهتان را می داند ",
            "20": "\n \nمؤمنان می گویند: چرا سوره ای [در خصوص فرمان جهاد] نازل نمی شود؟ ولی هنگامی که سوره ای روشن و صریح نازل می شود که در آن از جنگ سخنی به میان آمده، بیماردلان را می بینی چون کسی که در بی هوشی مرگ افتاده به تو نگاه می کنند، [نگاهی پُر از ترس و وحشت،] پس [این حالت] برای آنان سزاوارتر است ",
            "21": " فرمانبرداری [از پیامبر]، و سخن نیک [و امیدبخش دربارۀ جهاد برای آنان شایسته تر است]، اگر هنگامی که فرمان [جهاد] قطعی شود از سر صِدق و راستی با خدا درآیند بی تردید برای آنان بهتر است ",
            "22": " اگر [از قرآن و پیامبر و جهاد در راه خدا] رویگردان شوید، آیا از شما جز این انتظار می رود که در زمین به تبهکاری و فتنه انگیزی برخیزید، و [با نابودشدنِ روحیۀ مِهر و عاطفه] رشتۀ خویشاوندی را [برای مال ومنال دنیا] قطع کنید ؟",
            "23": " اینان [بیماردلانِ روی گردان شده از جهاد،] کسانی هستند که خداوند [از رحمت خود] دورشان کرده، و نهایتاً [گوش] آنان را [از شنیدن حقایق] کر، و چشم [بصیرت] آنان را کور ساخته است ",
            "24": " آیا در قرآن اندیشه نمی کنند [تا در پرتو آن حقایق را درک کنند]؟ بلکه بر دل هایشان قفل ها[ی ویژه ای] است [که با کلیدی چون قرآن هم گشوده نمی شود]!",
            "25": " یقیناً کسانی که پس از آشکارشدن [راه] هدایت برای آنان، [از آن] روی برتافتند، شیطان [زشتی هایشان را] در نظرشان زیبا جلوه داد، و آنان را به آرزوهای دست نیافتنی دچار ساخت ",
            "26": " این بدان سبب است که آنان به کسانی که نزول وحی را خوش نداشتند گفتند: ما در برخی امور [که بر ضد پیامبر و مؤمنان است] از شما اطاعت خواهیم کرد. درحالی که خداوند پنهان کاری آنان را می داند ",
            "27": " پس [حال و وضعشان] آن زمان که فرشتگان جانشان را می گیرند، [آن هم] درحالی که بر صورت و پشتشان [تازیانۀ عذاب] می زنند چگونه خواهد بود؟!",
            "28": " این [عذاب] برای آن است که آنان از آنچه خدا را به خشم آورده پیروی کردند، و خشنودی او را خوش نداشتند، در نتیجه اعمالشان را تباه و بی اثر کرد ",
            "29": " آیا کسانی که در دل هایشان بیماری [نفاق] است گمان کردند خداوند کینه های شدیدشان را [به پیامبر و مؤمنان] آشکار نخواهد کرد؟",
            "30": "\n \nاگر بخواهیم البته آنان را به تو نشان می دهیم، تا آنان را با نشانه هایشان بشناسی، بی تردید آنان را از شیوۀ سخن گفتنشان [که پُر از نیش وکنایه به دین و نبوت و مؤمنان است] می شناسی، خداوند [ریشه ها و اَسرار و باطن] کارهای شما را می داند ",
            "31": "یقیناً شما را آزمایش می کنیم تا مجاهدان و شکیبایانِ از شما را مشخص سازیم، و اخبار شما را [که اَسرار و اعمالتان می باشد نیز] آزمایش می کنیم [تا خالص و صالحش را از مغشوش و فاسدش معلوم بداریم] ",
            "32": " بی گمان کسانی که پس از روشن شدن [راه] هدایت بر آنان به کفر گراییدند و [مردم را با اعمال زشت و وسوسه های خود] از راه خدا بازداشتند، و با پیامبر به شدت دشمنی کردند هرگز هیچ زیانی به خدا نمی رسانند، مسلّماً [خداوند] اعمالشان را تباه و بی اثر خواهد ساخت ",
            "33": " ای مؤمنان! از خدا و پیامبر اطاعت کنید، و اعمالتان را [با تخلّف از فرمان خدا و رسول، و نفاق و شرک] باطل نکنید ",
            "34": " بی تردید آنان که کفر ورزیدند و [مردم را با اعمال زشت و وسوسه هایشان] از راه خدا منحرف کردند، آن گاه در حال کفر از دنیا رفتند خداوند هرگز آنان را نمی آمرزد ",
            "35": " بنابراین [از نبرد با دشمن] سست نشوید و [با خفّت ، دشمنان را] به سازش دعوت نکنید؛ زیرا شما [از هر جهت] برترید و خداوند با شماست، و او هرگز از [پاداش] اعمالتان نمی کاهد ",
            "36": " جز این نیست که زندگی دنیا [بدون ارتباط با خداو عمل صالح] بازی و سرگرمی است، اگر ایمان بیاورید و [از خدا اطاعت کنید و از محرّماتش] بپرهیزید پاداش هایتان را به شما عطا می کند، و [در برابر آن] اموالتان را نمی طلبد ",
            "37": " چنانچه اموالتان را بطلبد و بر شما اصرار بورزد بخل می ورزید، و [این تحمیل و فشار] کینه هایتان را بیرون می ریزد، [در نتیجه به گمراهی و رویگردانی از خدا دچار می شوید ]",
            "38": " آگاه باشید! این شما هستید که برای انفاق در راه خدا دعوت می شوید، نهایتاً برخی از شما بخل می ورزید و هرکه بخل ورزد نسبت به [سعادت] خود بخل می ورزد، خداوند بی نیازِ مطلق است و شما [سراپا و با همۀ وجود] نیازمند هستید، هرگاه [از فرمان های خدا] سرپیچی کنید به جای شما گروه دیگری را جایگزین شما خواهد کرد، پس آنان مانند شما نخواهند بود "
        }
    }
}