{
    "2": {
        "number": 2,
        "title": "سورة الفتح",
        "bab": 4,
        "delay": 0,
        "arabic": {
            "1": "إِنَّا فَتَحْنَا لَكَ فَتْحًا مُبِينًا",
            "2": "لِيَغْفِرَ لَكَ اللَّهُ مَا تَقَدَّمَ مِنْ ذَنْبِكَ وَمَا تَأَخَّرَ وَيُتِمَّ نِعْمَتَهُ عَلَيْكَ وَيَهْدِيَكَ صِرَاطًا مُسْتَقِيمًا",
            "3": "وَيَنْصُرَكَ اللَّهُ نَصْرًا عَزِيزًا",
            "4": "هُوَ الَّذِي أَنْزَلَ السَّكِينَةَ فِي قُلُوبِ الْمُؤْمِنِينَ لِيَزْدَادُوا إِيمَانًا مَعَ إِيمَانِهِمْ ۗ وَلِلَّهِ جُنُودُ السَّمَاوَاتِ وَالْأَرْضِ ۚ وَكَانَ اللَّهُ عَلِيمًا حَكِيمًا",
            "5": "لِيُدْخِلَ الْمُؤْمِنِينَ وَالْمُؤْمِنَاتِ جَنَّاتٍ تَجْرِي مِنْ تَحْتِهَا الْأَنْهَارُ خَالِدِينَ فِيهَا وَيُكَفِّرَ عَنْهُمْ سَيِّئَاتِهِمْ ۚ وَكَانَ ذَٰلِكَ عِنْدَ اللَّهِ فَوْزًا عَظِيمًا",
            "6": "وَيُعَذِّبَ الْمُنَافِقِينَ وَالْمُنَافِقَاتِ وَالْمُشْرِكِينَ وَالْمُشْرِكَاتِ الظَّانِّينَ بِاللَّهِ ظَنَّ السَّوْءِ ۚ عَلَيْهِمْ دَائِرَةُ السَّوْءِ ۖ وَغَضِبَ اللَّهُ عَلَيْهِمْ وَلَعَنَهُمْ وَأَعَدَّ لَهُمْ جَهَنَّمَ ۖ وَسَاءَتْ مَصِيرًا",
            "7": "وَلِلَّهِ جُنُودُ السَّمَاوَاتِ وَالْأَرْضِ ۚ وَكَانَ اللَّهُ عَزِيزًا حَكِيمًا",
            "8": "إِنَّا أَرْسَلْنَاكَ شَاهِدًا وَمُبَشِّرًا وَنَذِيرًا",
            "9": "لِتُؤْمِنُوا بِاللَّهِ وَرَسُولِهِ وَتُعَزِّرُوهُ وَتُوَقِّرُوهُ وَتُسَبِّحُوهُ بُكْرَةً وَأَصِيلًا",
            "10": "إِنَّ الَّذِينَ يُبَايِعُونَكَ إِنَّمَا يُبَايِعُونَ اللَّهَ يَدُ اللَّهِ فَوْقَ أَيْدِيهِمْ ۚ فَمَنْ نَكَثَ فَإِنَّمَا يَنْكُثُ عَلَىٰ نَفْسِهِ ۖ وَمَنْ أَوْفَىٰ بِمَا عَاهَدَ عَلَيْهُ اللَّهَ فَسَيُؤْتِيهِ أَجْرًا عَظِيمًا",
            "11": "سَيَقُولُ لَكَ الْمُخَلَّفُونَ مِنَ الْأَعْرَابِ شَغَلَتْنَا أَمْوَالُنَا وَأَهْلُونَا فَاسْتَغْفِرْ لَنَا ۚ يَقُولُونَ بِأَلْسِنَتِهِمْ مَا لَيْسَ فِي قُلُوبِهِمْ ۚ قُلْ فَمَنْ يَمْلِكُ لَكُمْ مِنَ اللَّهِ شَيْئًا إِنْ أَرَادَ بِكُمْ ضَرًّا أَوْ أَرَادَ بِكُمْ نَفْعًا ۚ بَلْ كَانَ اللَّهُ بِمَا تَعْمَلُونَ خَبِيرًا",
            "12": "بَلْ ظَنَنْتُمْ أَنْ لَنْ يَنْقَلِبَ الرَّسُولُ وَالْمُؤْمِنُونَ إِلَىٰ أَهْلِيهِمْ أَبَدًا وَزُيِّنَ ذَٰلِكَ فِي قُلُوبِكُمْ وَظَنَنْتُمْ ظَنَّ السَّوْءِ وَكُنْتُمْ قَوْمًا بُورًا",
            "13": "وَمَنْ لَمْ يُؤْمِنْ بِاللَّهِ وَرَسُولِهِ فَإِنَّا أَعْتَدْنَا لِلْكَافِرِينَ سَعِيرًا",
            "14": "وَلِلَّهِ مُلْكُ السَّمَاوَاتِ وَالْأَرْضِ ۚ يَغْفِرُ لِمَنْ يَشَاءُ وَيُعَذِّبُ مَنْ يَشَاءُ ۚ وَكَانَ اللَّهُ غَفُورًا رَحِيمًا",
            "15": "سَيَقُولُ الْمُخَلَّفُونَ إِذَا انْطَلَقْتُمْ إِلَىٰ مَغَانِمَ لِتَأْخُذُوهَا ذَرُونَا نَتَّبِعْكُمْ ۖ يُرِيدُونَ أَنْ يُبَدِّلُوا كَلَامَ اللَّهِ ۚ قُلْ لَنْ تَتَّبِعُونَا كَذَٰلِكُمْ قَالَ اللَّهُ مِنْ قَبْلُ ۖ فَسَيَقُولُونَ بَلْ تَحْسُدُونَنَا ۚ بَلْ كَانُوا لَا يَفْقَهُونَ إِلَّا قَلِيلًا",
            "16": "قُلْ لِلْمُخَلَّفِينَ مِنَ الْأَعْرَابِ سَتُدْعَوْنَ إِلَىٰ قَوْمٍ أُولِي بَأْسٍ شَدِيدٍ تُقَاتِلُونَهُمْ أَوْ يُسْلِمُونَ ۖ فَإِنْ تُطِيعُوا يُؤْتِكُمُ اللَّهُ أَجْرًا حَسَنًا ۖ وَإِنْ تَتَوَلَّوْا كَمَا تَوَلَّيْتُمْ مِنْ قَبْلُ يُعَذِّبْكُمْ عَذَابًا أَلِيمًا",
            "17": "لَيْسَ عَلَى الْأَعْمَىٰ حَرَجٌ وَلَا عَلَى الْأَعْرَجِ حَرَجٌ وَلَا عَلَى الْمَرِيضِ حَرَجٌ ۗ وَمَنْ يُطِعِ اللَّهَ وَرَسُولَهُ يُدْخِلْهُ جَنَّاتٍ تَجْرِي مِنْ تَحْتِهَا الْأَنْهَارُ ۖ وَمَنْ يَتَوَلَّ يُعَذِّبْهُ عَذَابًا أَلِيمًا",
            "18": "لَقَدْ رَضِيَ اللَّهُ عَنِ الْمُؤْمِنِينَ إِذْ يُبَايِعُونَكَ تَحْتَ الشَّجَرَةِ فَعَلِمَ مَا فِي قُلُوبِهِمْ فَأَنْزَلَ السَّكِينَةَ عَلَيْهِمْ وَأَثَابَهُمْ فَتْحًا قَرِيبًا",
            "19": "وَمَغَانِمَ كَثِيرَةً يَأْخُذُونَهَا ۗ وَكَانَ اللَّهُ عَزِيزًا حَكِيمًا",
            "20": "وَعَدَكُمُ اللَّهُ مَغَانِمَ كَثِيرَةً تَأْخُذُونَهَا فَعَجَّلَ لَكُمْ هَٰذِهِ وَكَفَّ أَيْدِيَ النَّاسِ عَنْكُمْ وَلِتَكُونَ آيَةً لِلْمُؤْمِنِينَ وَيَهْدِيَكُمْ صِرَاطًا مُسْتَقِيمًا",
            "21": "وَأُخْرَىٰ لَمْ تَقْدِرُوا عَلَيْهَا قَدْ أَحَاطَ اللَّهُ بِهَا ۚ وَكَانَ اللَّهُ عَلَىٰ كُلِّ شَيْءٍ قَدِيرًا",
            "22": "وَلَوْ قَاتَلَكُمُ الَّذِينَ كَفَرُوا لَوَلَّوُا الْأَدْبَارَ ثُمَّ لَا يَجِدُونَ وَلِيًّا وَلَا نَصِيرًا",
            "23": "سُنَّةَ اللَّهِ الَّتِي قَدْ خَلَتْ مِنْ قَبْلُ ۖ وَلَنْ تَجِدَ لِسُنَّةِ اللَّهِ تَبْدِيلًا",
            "24": "وَهُوَ الَّذِي كَفَّ أَيْدِيَهُمْ عَنْكُمْ وَأَيْدِيَكُمْ عَنْهُمْ بِبَطْنِ مَكَّةَ مِنْ بَعْدِ أَنْ أَظْفَرَكُمْ عَلَيْهِمْ ۚ وَكَانَ اللَّهُ بِمَا تَعْمَلُونَ بَصِيرًا",
            "25": "هُمُ الَّذِينَ كَفَرُوا وَصَدُّوكُمْ عَنِ الْمَسْجِدِ الْحَرَامِ وَالْهَدْيَ مَعْكُوفًا أَنْ يَبْلُغَ مَحِلَّهُ ۚ وَلَوْلَا رِجَالٌ مُؤْمِنُونَ وَنِسَاءٌ مُؤْمِنَاتٌ لَمْ تَعْلَمُوهُمْ أَنْ تَطَئُوهُمْ فَتُصِيبَكُمْ مِنْهُمْ مَعَرَّةٌ بِغَيْرِ عِلْمٍ ۖ لِيُدْخِلَ اللَّهُ فِي رَحْمَتِهِ مَنْ يَشَاءُ ۚ لَوْ تَزَيَّلُوا لَعَذَّبْنَا الَّذِينَ كَفَرُوا مِنْهُمْ عَذَابًا أَلِيمًا",
            "26": "إِذْ جَعَلَ الَّذِينَ كَفَرُوا فِي قُلُوبِهِمُ الْحَمِيَّةَ حَمِيَّةَ الْجَاهِلِيَّةِ فَأَنْزَلَ اللَّهُ سَكِينَتَهُ عَلَىٰ رَسُولِهِ وَعَلَى الْمُؤْمِنِينَ وَأَلْزَمَهُمْ كَلِمَةَ التَّقْوَىٰ وَكَانُوا أَحَقَّ بِهَا وَأَهْلَهَا ۚ وَكَانَ اللَّهُ بِكُلِّ شَيْءٍ عَلِيمًا",
            "27": "لَقَدْ صَدَقَ اللَّهُ رَسُولَهُ الرُّؤْيَا بِالْحَقِّ ۖ لَتَدْخُلُنَّ الْمَسْجِدَ الْحَرَامَ إِنْ شَاءَ اللَّهُ آمِنِينَ مُحَلِّقِينَ رُءُوسَكُمْ وَمُقَصِّرِينَ لَا تَخَافُونَ ۖ فَعَلِمَ مَا لَمْ تَعْلَمُوا فَجَعَلَ مِنْ دُونِ ذَٰلِكَ فَتْحًا قَرِيبًا",
            "28": "هُوَ الَّذِي أَرْسَلَ رَسُولَهُ بِالْهُدَىٰ وَدِينِ الْحَقِّ لِيُظْهِرَهُ عَلَى الدِّينِ كُلِّهِ ۚ وَكَفَىٰ بِاللَّهِ شَهِيدًا",
            "29": "مُحَمَّدٌ رَسُولُ اللَّهِ ۚ وَالَّذِينَ مَعَهُ أَشِدَّاءُ عَلَى الْكُفَّارِ رُحَمَاءُ بَيْنَهُمْ ۖ تَرَاهُمْ رُكَّعًا سُجَّدًا يَبْتَغُونَ فَضْلًا مِنَ اللَّهِ وَرِضْوَانًا ۖ سِيمَاهُمْ فِي وُجُوهِهِمْ مِنْ أَثَرِ السُّجُودِ ۚ ذَٰلِكَ مَثَلُهُمْ فِي التَّوْرَاةِ ۚ وَمَثَلُهُمْ فِي الْإِنْجِيلِ كَزَرْعٍ أَخْرَجَ شَطْأَهُ فَآزَرَهُ فَاسْتَغْلَظَ فَاسْتَوَىٰ عَلَىٰ سُوقِهِ يُعْجِبُ الزُّرَّاعَ لِيَغِيظَ بِهِمُ الْكُفَّارَ ۗ وَعَدَ اللَّهُ الَّذِينَ آمَنُوا وَعَمِلُوا الصَّالِحَاتِ مِنْهُمْ مَغْفِرَةً وَأَجْرًا عَظِيمًا"
        },
        "farsi": {
            "1": "\nبه راستی ما برای تو پیروزی نمایانی فراهم آوردیم ",
            "2": " تا خداوند آنچه را برای تو [از توطئه ها و مشکلات در راه پیشرفت اسلام] در گذشته پیش آمده و در آینده پیش خواهد آمد از میان بردارد ، و نعمتش را بر تو تمام کند، و به راهی مستقیم راهنمایی ات کند",
            "3": " و به پیروزی مقتدرانه و شکست ناپذیری یاری ات دهد ",
            "4": " اوست که [در آن شرایط سخت] آرامش را در دل های مؤمنان نازل کرد تا ایمان بر ایمانشان بیفزاید، سپاهیان آسمان و زمین فقط در سیطرۀ مالکیت و فرمانروایی خداست، خداوند همواره دانا و حکیم است ",
            "5": "تا مردان و زنان مؤمن را جاودانه در بهشت هایی وارد کند که از زیر [درختان] آن نهرها جاری است، و گناهانشان را از آنان محو کند، این [فرجامِ نیک] نزد خداوند کامیابی بزرگی است !",
            "6": " و [نیز خدا خواست] مردان و زنان منافق و مردان و زنان مشرک را که بدگمان به خداوند بودند عذاب کند، پیش آمد[های] بدِ [زمانه] بر خودشان باد! خداوند بر آنان خشم گرفته، و [از رحمت خود] دورشان کرده، و دوزخ را برایشان آماده ساخته است، و [دوزخ] عاقبت بدی است ",
            "7": " سپاهیان آسمان و زمین فقط در سیطرۀ مالکیت و فرمانروایی خداست، و خداوند همواره توانای شکست ناپذیر و حکیم است ",
            "8": " ما تو را شاهد و ناظر [بر اعمال امت]، و مژده رسان و هشدار دهنده فرستادیم ",
            "9": " تا شما[مردم با توجه به این سه ویژگی] به خدا و پیامبرش مؤمن شوید و او را یاری دهید و بزرگش بشمارید، و خدا را بامدادان و شامگاهان به پاک بودن [از هر عیب و نقصی] ستایش کنید ",
            "10": "\n \nبی گمان آنان که با تو بیعت می کنند جز این نیست که با خداوند بیعت می کنند، دست [قدرت] خداوند فراتر از قدرت آن هاست، کسی که پیمان می شکند فقط به زیان خود می شکند، و آن که به پیمانی که با خدا بسته وفاداراست، به زودی [خداوند] پاداشی بزرگ به او می دهد ",
            "11": " به زودی بادیه نشینانِ متخلّف [از جهاد، از روی بهانه جویی] به تو می گویند: اموال و اهل بیتمان ما را [به خود] مشغول کردند [به این سبب از جنگ بازماندیم]، پس برای ما آمرزش بخواه. آنان چیزی را به زبان خود می گویند که در دل هایشان نیست، بگو: چه کسی در برابر خداوند برای شما اختیار چیزی را دارد [که] اگر خداوند زیانی را برای شما بخواهد [آن را دفع کند] یا اگر سودی را برایتان بخواهد [مانع از آن شود]؟ بلکه خداوند به آنچه انجام می دهید آگاه است ",
            "12": " [عذری که آوردید پوچ و واهی است،] چون پنداشتید که پیامبر و مؤمنان هرگز [از جبهه] به سوی کسان خود بازنمی گردند، و این [پندار واهی] را [برای آن که آن را باور کنید] در دل هایتان آراستند، و [به خداوند] گمان بد بردید [که او پیامبر و مؤمنان را یاری نمی دهد!] شما مردمی سزاوار هلاکت هستید ",
            "13": " آنان که به خدا و پیامبرش ایمان نمی آورند [زیانی به خدا و پیامبر نمی رسانند]، ما برای کافران آتشی سوزان آماده کرده ایم ",
            "14": " مالکیت و فرمانروایی آسمان ها و زمین فقط در سیطرۀ خداست، هرکه را بخواهد می آمرزد و هرکه را بخواهد عذاب می کند، خداوند همواره بسیار آمرزنده و مهربان است ",
            "15": " چون شما برای دست یافتن به غنایمی روانه [جنگ خیبر] شوید، متخلّفان [از سفر حُدیبیه] خواهند گفت: بگذارید ما هم به دنبال شما حرکت کنیم. [اینان] می خواهند فرمان خدا را [که قاطعانه از شرکتشان در جنگ خیبر نهی کرده] تغییر دهند، بگو: هرگز دنبال ما نخواهید آمد؛ زیرا خداوند از پیش [ممنوعیت حضور شما را] اِعلام کرده، ولی [این متخلّفانِ ابله] خواهند گفت: [علت، آن نیست که می گویید] بلکه شما به ما حسد می ورزید. [چنین نیست،] بلکه آنان جز اندکی درک نمی کنند،",
            "16": "\n \nبه متخلّفان بادیه نشین بگو: به زودی به سوی گروهی سرسخت و نیرومند دعوتتان می کنند که با آنان بجنگید یا آن که تسلیم [حق] شوند [و جنگی به میان نیاید]، اگر اطاعت [کرده، در جنگ شرکت] کنید خداوند پاداش نیکی به شما خواهد داد، و اگر سرپیچی کردید همان گونه که پیش از این سرپیچی کردید شما را به عذابی دردناک عذاب خواهد کرد ",
            "17": " بر نابینا و لَنگ و بیمار گناهی نیست [که در جنگ شرکت نکنند]، کسی که از خدا و پیامبرش اطاعت کند او را در بهشت هایی درآورد که از زیر [درختان] آن نهرها جاری است، و هر کس [از اطاعت خدا و پیامبر] روی برتابد او را به عذابی دردناک عذاب می کند ",
            "18": "به راستی خداوند از مؤمنان زمانی که زیر آن درخت [در منطقۀ حُدیبیه] با تو بیعت کردند خشنود شد، خداوند آنچه [از پاکی و خلوص نیت] در دل هایشان بود می دانست، پس آرامش را بر آنان نازل کرد و پیروزی نزدیکی را [که پیروزی خیبر بود] پاداششان داد",
            "19": " و [نیز] غنایم فراوانی که آن ها را [در آینده] به دست می آورند، خداوند همواره توانای شکست ناپذیر و حکیم است ",
            "20": " خداوند غنیمت های فراوانی را که [در آینده] به دست می آورید به شما وعده داده است، اما این [غنایمِ خیبر] را زودتر در اختیارتان گذاشت، و دست های دشمنان را از [ضربه زدن به] شما بازداشت تا برای مؤمنان نشانه ای [از حق بودنِ وعدۀ خدا] باشد، و [نیز] شما را به راه مستقیم هدایت کند ",
            "21": " و [غنیمت های] دیگری [هست] که هنوز به آن ها دست نیافته اید، خداوند بر آن ها احاطه دارد[و می تواند به آسانی در دسترستان قرار دهد،] خداوند همواره بر هر کاری تواناست ",
            "22": " اگر کافران با شما جنگیده بودند بی تردید [از برکت رهبری پیامبر و ایمانتان] عقبگرد کرده، می گریختند، سپس سرپرست و یاوری [که از آنان دفاع کند] نمی یافتند ",
            "23": " [این] روش همیشگی خدا [است مبنی بر پیروزی مؤمنان و شکست کافران] که در [تاریخ امت های] گذشته جاری بوده، و هرگز تغییری در روش و قانون خدا نخواهی یافت ",
            "24": "\n \nاوست آن که در درون شهر مکه پس از آن که شما را [بدون جنگ و خون ریزی] بر دشمن پیروز کرد دست های آنان را از [آسیب زدن به] شما، و دست های شما را از [گزندرساندن به] آن ها بازداشت، خداوند همواره به آنچه انجام می دهید بیناست ",
            "25": " آنانند که کفر ورزیدند و شما را از [ورود به] مسجد الحرام بازداشتند و نگذاشتند قربانی ها به محل قربانگاه برسد، و اگر مردان و زنان مؤمنی که شما آنان را نمی شناختید [در مکه] نبودند که امکان داشت [به سبب جنگ شما با اهل مکه، جان و حُرمت] آنان را پایمال کنید، و از این رو ندانسته عار و ننگی از جانب آنان به شما برسد [شما را از جنگ بازنمی داشتیم، ولی بازداشتیم] تا خداوند هرکه را بخواهد [چه از شما و چه از مؤمنانی که در مکه برای شما ناشناخته اند] در رحمتش درآورد، اگر [در این موقعیتِ خاص] مؤمنان و کافرانِ مکه [به صورت دو صف] جداگانه بودند به یقین کافرانشان را [با ابزار جنگی شما] به عذابی دردناک عذاب می کردیم ",
            "26": " [منع کردن شما از ورود به مسجدالحرام] وقتی [بود] که کافران خشمِ شدید جاهلی خود را در دل هایشان جای داده بودند، خداوند [برای این که جنگی پیش نیاید] آرامشش را بر پیامبرش و مؤمنان نازل کرد، و آنان را به روح تقوا [که حقیقت و مایۀ ایمان است] پای بند ساخت، و آنان به این [روحیه] سزاوارتر، و [به حق] شایستۀ آن بودند، خداوند همواره به هرچیزی داناست ",
            "27": "بی تردید خداوند رؤیای [حکیمانه و هدفدارِ] پیامبرش را تحقق داد [که:] شما ان شاء اللّه به طور مسلّم در امنیتی کامل، درحالی که سرهایتان را تراشیده یا کوتاه کرده اید و ترسی ندارید وارد مسجدالحرام خواهید شد، [خداوند] آنچه را که شما نمی دانستید [و آن حادثۀ بابرکتِ صلح حُدیبیه و تأخیر عمره بود] می دانست، و پیش از فتح مکه، پیروزی نزدیکی [که فتح خیبر است، برای شما] قرار داد ",
            "28": " اوست که پیامبرش را با [مشعل] هدایت، و دینی درست [و حکیمانه] فرستاد تا آن را بر همۀ ادیان پیروز کند، و بس است که خداوند شاهدِ [جلوه گرشدن این حقیقت] باشد ",
            "29": "\n \nمحمّد [صلی الله علیه وآله] فرستادۀ خداست، و کسانی که با اویند بر کافران سرسخت [و سازش ناپذیر]، و در بین خودشان [با یکدیگر] مهربانند، آنان را راکع و ساجد می بینی، پیوسته خواهان احسان و خشنودی خدایند، نشانۀ [روحیۀ عبادت و بندگی] آنان در چهره هایشان از اثر سجده پیداست، این است وصفشان در تورات، اما وصفشان در انجیل [این است که: وجودشان] چون زراعتی است که جوانه های خود را رویانده، پس تقویتش کرده تاجایی که پابرجا و استوار گشته، و بر ساقه های خود ایستاده اند، [به گونه ای که] کشاورزان را [از رشد و انبوهی خود] به شگفتی می اندازد، [خداوند مؤمنان را به این صورت تقویت می کند] تا به وسیلۀ آنان کافران را به خشم اندازد، خداوند به آنان که ایمان آورده، و کارهای شایسته انجام داده اند وعدۀ آمرزش و پاداشی بزرگ داده است "
        }
    }
}