{
    "2": {
        "number": 2,
        "title": "سورة الحجرات",
        "bab": 4,
        "delay": 1,
        "arabic": {
            "2": " يَا أَيُّهَا الَّذِينَ آمَنُوا لَا تُقَدِّمُوا بَيْنَ يَدَيِ اللَّهِ وَرَسُولِهِ ۖ وَاتَّقُوا اللَّهَ ۚ إِنَّ اللَّهَ سَمِيعٌ عَلِيمٌ",
            "3": "يَا أَيُّهَا الَّذِينَ آمَنُوا لَا تَرْفَعُوا أَصْوَاتَكُمْ فَوْقَ صَوْتِ النَّبِيِّ وَلَا تَجْهَرُوا لَهُ بِالْقَوْلِ كَجَهْرِ بَعْضِكُمْ لِبَعْضٍ أَنْ تَحْبَطَ أَعْمَالُكُمْ وَأَنْتُمْ لَا تَشْعُرُونَ",
            "4": "إِنَّ الَّذِينَ يَغُضُّونَ أَصْوَاتَهُمْ عِنْدَ رَسُولِ اللَّهِ أُولَٰئِكَ الَّذِينَ امْتَحَنَ اللَّهُ قُلُوبَهُمْ لِلتَّقْوَىٰ ۚ لَهُمْ مَغْفِرَةٌ وَأَجْرٌ عَظِيمٌ",
            "5": "إِنَّ الَّذِينَ يُنَادُونَكَ مِنْ وَرَاءِ الْحُجُرَاتِ أَكْثَرُهُمْ لَا يَعْقِلُونَ",
            "6": "وَلَوْ أَنَّهُمْ صَبَرُوا حَتَّىٰ تَخْرُجَ إِلَيْهِمْ لَكَانَ خَيْرًا لَهُمْ ۚ وَاللَّهُ غَفُورٌ رَحِيمٌ",
            "7": "يَا أَيُّهَا الَّذِينَ آمَنُوا إِنْ جَاءَكُمْ فَاسِقٌ بِنَبَإٍ فَتَبَيَّنُوا أَنْ تُصِيبُوا قَوْمًا بِجَهَالَةٍ فَتُصْبِحُوا عَلَىٰ مَا فَعَلْتُمْ نَادِمِينَ",
            "8": "وَاعْلَمُوا أَنَّ فِيكُمْ رَسُولَ اللَّهِ ۚ لَوْ يُطِيعُكُمْ فِي كَثِيرٍ مِنَ الْأَمْرِ لَعَنِتُّمْ وَلَٰكِنَّ اللَّهَ حَبَّبَ إِلَيْكُمُ الْإِيمَانَ وَزَيَّنَهُ فِي قُلُوبِكُمْ وَكَرَّهَ إِلَيْكُمُ الْكُفْرَ وَالْفُسُوقَ وَالْعِصْيَانَ ۚ أُولَٰئِكَ هُمُ الرَّاشِدُونَ",
            "9": "فَضْلًا مِنَ اللَّهِ وَنِعْمَةً ۚ وَاللَّهُ عَلِيمٌ حَكِيمٌ",
            "10": "وَإِنْ طَائِفَتَانِ مِنَ الْمُؤْمِنِينَ اقْتَتَلُوا فَأَصْلِحُوا بَيْنَهُمَا ۖ فَإِنْ بَغَتْ إِحْدَاهُمَا عَلَى الْأُخْرَىٰ فَقَاتِلُوا الَّتِي تَبْغِي حَتَّىٰ تَفِيءَ إِلَىٰ أَمْرِ اللَّهِ ۚ فَإِنْ فَاءَتْ فَأَصْلِحُوا بَيْنَهُمَا بِالْعَدْلِ وَأَقْسِطُوا ۖ إِنَّ اللَّهَ يُحِبُّ الْمُقْسِطِينَ",
            "11": "إِنَّمَا الْمُؤْمِنُونَ إِخْوَةٌ فَأَصْلِحُوا بَيْنَ أَخَوَيْكُمْ ۚ وَاتَّقُوا اللَّهَ لَعَلَّكُمْ تُرْحَمُونَ",
            "12": "يَا أَيُّهَا الَّذِينَ آمَنُوا لَا يَسْخَرْ قَوْمٌ مِنْ قَوْمٍ عَسَىٰ أَنْ يَكُونُوا خَيْرًا مِنْهُمْ وَلَا نِسَاءٌ مِنْ نِسَاءٍ عَسَىٰ أَنْ يَكُنَّ خَيْرًا مِنْهُنَّ ۖ وَلَا تَلْمِزُوا أَنْفُسَكُمْ وَلَا تَنَابَزُوا بِالْأَلْقَابِ ۖ بِئْسَ الِاسْمُ الْفُسُوقُ بَعْدَ الْإِيمَانِ ۚ وَمَنْ لَمْ يَتُبْ فَأُولَٰئِكَ هُمُ الظَّالِمُونَ",
            "13": "يَا أَيُّهَا الَّذِينَ آمَنُوا اجْتَنِبُوا كَثِيرًا مِنَ الظَّنِّ إِنَّ بَعْضَ الظَّنِّ إِثْمٌ ۖ وَلَا تَجَسَّسُوا وَلَا يَغْتَبْ بَعْضُكُمْ بَعْضًا ۚ أَيُحِبُّ أَحَدُكُمْ أَنْ يَأْكُلَ لَحْمَ أَخِيهِ مَيْتًا فَكَرِهْتُمُوهُ ۚ وَاتَّقُوا اللَّهَ ۚ إِنَّ اللَّهَ تَوَّابٌ رَحِيمٌ",
            "14": "يَا أَيُّهَا النَّاسُ إِنَّا خَلَقْنَاكُمْ مِنْ ذَكَرٍ وَأُنْثَىٰ وَجَعَلْنَاكُمْ شُعُوبًا وَقَبَائِلَ لِتَعَارَفُوا ۚ إِنَّ أَكْرَمَكُمْ عِنْدَ اللَّهِ أَتْقَاكُمْ ۚ إِنَّ اللَّهَ عَلِيمٌ خَبِيرٌ",
            "15": "قَالَتِ الْأَعْرَابُ آمَنَّا ۖ قُلْ لَمْ تُؤْمِنُوا وَلَٰكِنْ قُولُوا أَسْلَمْنَا وَلَمَّا يَدْخُلِ الْإِيمَانُ فِي قُلُوبِكُمْ ۖ وَإِنْ تُطِيعُوا اللَّهَ وَرَسُولَهُ لَا يَلِتْكُمْ مِنْ أَعْمَالِكُمْ شَيْئًا ۚ إِنَّ اللَّهَ غَفُورٌ رَحِيمٌ",
            "16": "إِنَّمَا الْمُؤْمِنُونَ الَّذِينَ آمَنُوا بِاللَّهِ وَرَسُولِهِ ثُمَّ لَمْ يَرْتَابُوا وَجَاهَدُوا بِأَمْوَالِهِمْ وَأَنْفُسِهِمْ فِي سَبِيلِ اللَّهِ ۚ أُولَٰئِكَ هُمُ الصَّادِقُونَ",
            "17": "قُلْ أَتُعَلِّمُونَ اللَّهَ بِدِينِكُمْ وَاللَّهُ يَعْلَمُ مَا فِي السَّمَاوَاتِ وَمَا فِي الْأَرْضِ ۚ وَاللَّهُ بِكُلِّ شَيْءٍ عَلِيمٌ",
            "18": "يَمُنُّونَ عَلَيْكَ أَنْ أَسْلَمُوا ۖ قُلْ لَا تَمُنُّوا عَلَيَّ إِسْلَامَكُمْ ۖ بَلِ اللَّهُ يَمُنُّ عَلَيْكُمْ أَنْ هَدَاكُمْ لِلْإِيمَانِ إِنْ كُنْتُمْ صَادِقِينَ",
            "19": "إِنَّ اللَّهَ يَعْلَمُ غَيْبَ السَّمَاوَاتِ وَالْأَرْضِ ۚ وَاللَّهُ بَصِيرٌ بِمَا تَعْمَلُونَ"
        },
        "farsi": {
            "2": "\nای مؤمنان! [در هیچ امری از امور دین و دنیا] از خدا و پیامبرش پیش نیفتید، و از خداوند [اطاعت کرده، از محرّماتش] بپرهیزید که خداوند شنوا و داناست ",
            "3": " ای مؤمنان! [هنگام سخن گفتن با پیامبر] صدایتان را بلندتر از صدای پیامبر نکنید، و آن گونه که در برابر یکدیگر فریاد می زنید در پیشگاه او فریاد نزنید، مباد آن که [بر اثر این بی ادبی] درحالی که آگاه نباشید اعمالتان تباه و بی اثر گردد ",
            "4": " بی تردید کسانی که در محضر رسول خدا صدایشان را پایین می آورند [و با نرمی سخن می گویند]، هم آنانند که خداوند دل هایشان را برای [دریافت روحیۀ] پرهیزگاری آزموده است، به راستی که آمرزش و پاداشی بزرگ ویژۀ آنان است ،",
            "5": " یقیناً کسانی که تو را [با لحنی بی ادبانه] از پشت اتاق ها صدا می کنند بیشترشان [به عظمت و حُرمتت] معرفت ندارند ",
            "6": "\n \nاگر صبر می کردند تا به سویشان بیرون روی برای آنان بهتر بود، و خداوند بسیار آمرزنده و مهربان است ",
            "7": " ای مؤمنان! اگر منحرف نافرمانی خبر مهمی برایتان آورد [دربارۀ آن] تحقیق کنید که مبادا از روی ناآگاهی به گروهی آسیب برسانید و از کار خود پشیمان شوید ",
            "8": "و بدانید که پیامبر خدا بین شماست [و بر شما واجب است از او اطاعت کنید،] اگر او در بسیاری از امور از شما پیروی کند یقیناً دچار زحمت و مشقّت می شوید، ولی خداوند ایمان را محبوب شما ساخت و آن را در دل هایتان آراست، و کفر و نافرمانی و گناه را مورد نفرت شما قرار داد، آنان [که دارای این خصوصیات هستند] رهیافتگان [به صراط مستقیم] هستند ",
            "9": " [این محبت و نفرتِ قلبی] عطیه و نعمتی از سوی خداست، و خداوند دانا و حکیم است ",
            "10": " چنانچه دو گروه از مؤمنان با یکدیگر وارد جنگ شدند بینشان آشتی ایجاد کنید، پس اگر یکی از آن دو گروه بر دیگری تجاوز کند، با گروه متجاوز بجنگید تا به فرمان [ های] خداوند گردن نهد، چون گردن نهاد بینشان براساس عدالت آشتی برقرار کنید، [ای مؤمنان! همواره] عدالت پیشه باشید که خداوند عدالت پیشگان را دوست دارد ",
            "11": " جز این نیست که همۀ مؤمنان با هم برادرند، پس بین برادرانتان [در وقوع نزاع هاو اختلافات] سازش و صلح ایجاد کنید، و از خداوند [اطاعت کرده، از محرّماتش] بپرهیزید تا مورد رحمت قرار گیرید ",
            "12": " ای مؤمنان! نباید گروهی از شما گروه دیگر را مسخره کند، چه بسا آنان [که مسخره می شوند] از مسخره کنندگان بهتر باشند، و نباید زنانی زنان دیگر را مورد تمسخر قرار دهند، امکان دارد آنان [که مسخره می شوند] از مسخره کنندگان بهتر باشند، به عیب جویی از یکدیگر نپردازید، و با لقب های بد و ناپسند یکدیگر را صدا نزنید، بد نشانه و علامتی است اینکه انسانی را پس از ایمان آوردنش، به گناهان نشانه گذاری کنید، آنان که [از این امورِ ناپسند و ضد ادب] توبه نکنند ستمکارند ",
            "13": "\n \nای مؤمنان! از بسیاری از گمان ها دوری کنید؛ زیرا برخی از گمان ها گناه است، و [در عیوب و نقایص درونی و اخلاقی مردم که برملاشدنش موجب بربادرفتن آبروی آنان است] تفحص و کنجکاوی نکنید، و از غیبت یکدیگر بپرهیزید، آیا یکی از شما دوست دارد که گوشت برادرِ مُردۀ خود را بخورد؟! بی تردید از این [کار] نفرت دارید، از خداوند [اطاعت کرده، از محرّماتش] بپرهیزید که خداوند بسیار توبه پذیر و مهربان است ",
            "14": " ای مردم! ما شما را از مرد و زنی [آدم و حوّا] آفریدیم، و ملت ها و قبیله ها قرارتان دادیم تا یکدیگر را بشناسید، به یقین، گرامی ترینِ شما در پیشگاه خداوند پرهیزگارترینِ شماست، به راستی خدا دانا و آگاه است ",
            "15": " بادیه نشینان گفتند: ما ایمان آورده ایم. بگو: ایمان نیاورده اید، بلکه بگویید اسلام آورده ایم؛ زیرا هنوز ایمان در دل هایتان وارد نشده است، اگر از خدا و پیامبرش اطاعت کنید چیزی از اعمالتان را [که سزاوار پاداش است] کم نمی کند؛ زیرا خداوند بسیار آمرزنده و مهربان است ",
            "16": " مؤمنان فقط کسانی هستند که [از عمق قلب] به خدا و پیامبرش ایمان آورده، سپس [در حقانیتِ آنچه به آن ایمان آورده اند] دچار تردید نشدند، و با اموال و جان هایشان در راه خدا به جهاد برخاستند، اینان [در ادعای مؤمن بودن] راستگویند ",
            "17": " [به مدعیان ایمان] بگو: آیا خدا را از ایمانتان [به خیال این که از باطنتان خبر ندارد] آگاه می کنید؟! درحالی که خداوند آنچه را در آسمان ها و زمین است می داند، خداوند به همه چیز داناست ",
            "18": " از اسلام آوردنشان بر تو منّت می گذارند! بگو: اگر راستگویید از اسلام آوردنتان بر من منّت نگذارید، بلکه خداوند بر شما منّت دارد که شما را به ایمان راهنمایی کرده است ",
            "19": " مسلماً خداوند، نهان آسمان ها و زمین را می داند و به آنچه انجام می دهید بیناست "
        }
    }
}