{
    "2": {
        "number": 2,
        "title": "سورة ق",
        "bab": 4,
        "delay": 0,
        "arabic": {
            "1": "ق ۚ وَالْقُرْآنِ الْمَجِيدِ",
            "2": "بَلْ عَجِبُوا أَنْ جَاءَهُمْ مُنْذِرٌ مِنْهُمْ فَقَالَ الْكَافِرُونَ هَٰذَا شَيْءٌ عَجِيبٌ",
            "3": "أَإِذَا مِتْنَا وَكُنَّا تُرَابًا ۖ ذَٰلِكَ رَجْعٌ بَعِيدٌ",
            "4": "قَدْ عَلِمْنَا مَا تَنْقُصُ الْأَرْضُ مِنْهُمْ ۖ وَعِنْدَنَا كِتَابٌ حَفِيظٌ",
            "5": "بَلْ كَذَّبُوا بِالْحَقِّ لَمَّا جَاءَهُمْ فَهُمْ فِي أَمْرٍ مَرِيجٍ",
            "6": "أَفَلَمْ يَنْظُرُوا إِلَى السَّمَاءِ فَوْقَهُمْ كَيْفَ بَنَيْنَاهَا وَزَيَّنَّاهَا وَمَا لَهَا مِنْ فُرُوجٍ",
            "7": "وَالْأَرْضَ مَدَدْنَاهَا وَأَلْقَيْنَا فِيهَا رَوَاسِيَ وَأَنْبَتْنَا فِيهَا مِنْ كُلِّ زَوْجٍ بَهِيجٍ",
            "8": "تَبْصِرَةً وَذِكْرَىٰ لِكُلِّ عَبْدٍ مُنِيبٍ",
            "9": "وَنَزَّلْنَا مِنَ السَّمَاءِ مَاءً مُبَارَكًا فَأَنْبَتْنَا بِهِ جَنَّاتٍ وَحَبَّ الْحَصِيدِ",
            "10": "وَالنَّخْلَ بَاسِقَاتٍ لَهَا طَلْعٌ نَضِيدٌ",
            "11": "رِزْقًا لِلْعِبَادِ ۖ وَأَحْيَيْنَا بِهِ بَلْدَةً مَيْتًا ۚ كَذَٰلِكَ الْخُرُوجُ",
            "12": "كَذَّبَتْ قَبْلَهُمْ قَوْمُ نُوحٍ وَأَصْحَابُ الرَّسِّ وَثَمُودُ",
            "13": "وَعَادٌ وَفِرْعَوْنُ وَإِخْوَانُ لُوطٍ",
            "14": "وَأَصْحَابُ الْأَيْكَةِ وَقَوْمُ تُبَّعٍ ۚ كُلٌّ كَذَّبَ الرُّسُلَ فَحَقَّ وَعِيدِ",
            "15": "أَفَعَيِينَا بِالْخَلْقِ الْأَوَّلِ ۚ بَلْ هُمْ فِي لَبْسٍ مِنْ خَلْقٍ جَدِيدٍ",
            "16": "وَلَقَدْ خَلَقْنَا الْإِنْسَانَ وَنَعْلَمُ مَا تُوَسْوِسُ بِهِ نَفْسُهُ ۖ وَنَحْنُ أَقْرَبُ إِلَيْهِ مِنْ حَبْلِ الْوَرِيدِ",
            "17": "إِذْ يَتَلَقَّى الْمُتَلَقِّيَانِ عَنِ الْيَمِينِ وَعَنِ الشِّمَالِ قَعِيدٌ",
            "18": "مَا يَلْفِظُ مِنْ قَوْلٍ إِلَّا لَدَيْهِ رَقِيبٌ عَتِيدٌ",
            "19": "وَجَاءَتْ سَكْرَةُ الْمَوْتِ بِالْحَقِّ ۖ ذَٰلِكَ مَا كُنْتَ مِنْهُ تَحِيدُ",
            "20": "وَنُفِخَ فِي الصُّورِ ۚ ذَٰلِكَ يَوْمُ الْوَعِيدِ",
            "21": "وَجَاءَتْ كُلُّ نَفْسٍ مَعَهَا سَائِقٌ وَشَهِيدٌ",
            "22": "لَقَدْ كُنْتَ فِي غَفْلَةٍ مِنْ هَٰذَا فَكَشَفْنَا عَنْكَ غِطَاءَكَ فَبَصَرُكَ الْيَوْمَ حَدِيدٌ",
            "23": "وَقَالَ قَرِينُهُ هَٰذَا مَا لَدَيَّ عَتِيدٌ",
            "24": "أَلْقِيَا فِي جَهَنَّمَ كُلَّ كَفَّارٍ عَنِيدٍ",
            "25": "مَنَّاعٍ لِلْخَيْرِ مُعْتَدٍ مُرِيبٍ",
            "26": "الَّذِي جَعَلَ مَعَ اللَّهِ إِلَٰهًا آخَرَ فَأَلْقِيَاهُ فِي الْعَذَابِ الشَّدِيدِ",
            "27": "قَالَ قَرِينُهُ رَبَّنَا مَا أَطْغَيْتُهُ وَلَٰكِنْ كَانَ فِي ضَلَالٍ بَعِيدٍ",
            "28": "قَالَ لَا تَخْتَصِمُوا لَدَيَّ وَقَدْ قَدَّمْتُ إِلَيْكُمْ بِالْوَعِيدِ",
            "29": "مَا يُبَدَّلُ الْقَوْلُ لَدَيَّ وَمَا أَنَا بِظَلَّامٍ لِلْعَبِيدِ",
            "30": "يَوْمَ نَقُولُ لِجَهَنَّمَ هَلِ امْتَلَأْتِ وَتَقُولُ هَلْ مِنْ مَزِيدٍ",
            "31": "وَأُزْلِفَتِ الْجَنَّةُ لِلْمُتَّقِينَ غَيْرَ بَعِيدٍ",
            "32": "هَٰذَا مَا تُوعَدُونَ لِكُلِّ أَوَّابٍ حَفِيظٍ",
            "33": "مَنْ خَشِيَ الرَّحْمَٰنَ بِالْغَيْبِ وَجَاءَ بِقَلْبٍ مُنِيبٍ",
            "34": "ادْخُلُوهَا بِسَلَامٍ ۖ ذَٰلِكَ يَوْمُ الْخُلُودِ",
            "35": "لَهُمْ مَا يَشَاءُونَ فِيهَا وَلَدَيْنَا مَزِيدٌ",
            "36": "وَكَمْ أَهْلَكْنَا قَبْلَهُمْ مِنْ قَرْنٍ هُمْ أَشَدُّ مِنْهُمْ بَطْشًا فَنَقَّبُوا فِي الْبِلَادِ هَلْ مِنْ مَحِيصٍ",
            "37": "إِنَّ فِي ذَٰلِكَ لَذِكْرَىٰ لِمَنْ كَانَ لَهُ قَلْبٌ أَوْ أَلْقَى السَّمْعَ وَهُوَ شَهِيدٌ",
            "38": "وَلَقَدْ خَلَقْنَا السَّمَاوَاتِ وَالْأَرْضَ وَمَا بَيْنَهُمَا فِي سِتَّةِ أَيَّامٍ وَمَا مَسَّنَا مِنْ لُغُوبٍ",
            "39": "فَاصْبِرْ عَلَىٰ مَا يَقُولُونَ وَسَبِّحْ بِحَمْدِ رَبِّكَ قَبْلَ طُلُوعِ الشَّمْسِ وَقَبْلَ الْغُرُوبِ",
            "40": "وَمِنَ اللَّيْلِ فَسَبِّحْهُ وَأَدْبَارَ السُّجُودِ",
            "41": "وَاسْتَمِعْ يَوْمَ يُنَادِ الْمُنَادِ مِنْ مَكَانٍ قَرِيبٍ",
            "42": "يَوْمَ يَسْمَعُونَ الصَّيْحَةَ بِالْحَقِّ ۚ ذَٰلِكَ يَوْمُ الْخُرُوجِ",
            "43": "إِنَّا نَحْنُ نُحْيِي وَنُمِيتُ وَإِلَيْنَا الْمَصِيرُ",
            "44": "يَوْمَ تَشَقَّقُ الْأَرْضُ عَنْهُمْ سِرَاعًا ۚ ذَٰلِكَ حَشْرٌ عَلَيْنَا يَسِيرٌ",
            "45": "نَحْنُ أَعْلَمُ بِمَا يَقُولُونَ ۖ وَمَا أَنْتَ عَلَيْهِمْ بِجَبَّارٍ ۖ فَذَكِّرْ بِالْقُرْآنِ مَنْ يَخَافُ وَعِيدِ"
        },
        "farsi": {
            "1": "\nقاف. سوگند به قرآنِ باشکوه! [که تو فرستادۀ مایی، و وقوع قیامت حتمی است] ",
            "2": " [نه این که به تو و معارفی که تبلیغ می کنی ایمان نیاوردند،] بلکه شگفت زده شده اند که هشداردهنده ای از خودشان به سوی آنان آمده، به این سبب کافران گفتند: این چیز عجیبی است ",
            "3": " [و با شنیدن مسئلۀ معاد گفتند:] آیا هنگامی که به کامِ مرگ افتادیم و خاک شدیم [به حیات دوباره بازمی گردیم]؟ [مسئله] این بازگشت دور [از عقل] است!",
            "4": " یقیناً ما آنچه که زمین از [اجساد] آنان می کاهد می دانیم، و نزد ما کتابی است که ضبط کنندۀ [همۀ اجزای آفرینش و جریانات هستی] است ",
            "5": " [انکار معاد به علت ناآگاهی آن ها از قدرت و توان مندی پروردگار نیست،] بلکه اینان حق را هنگامی که به سویشان آمد [به طور مطلق] منکر شدند، و [چون انکارشان متّکی بر دلیل استواری نیست] در حالتی آشفته و سردرگم قرار دارند ",
            "6": " [اینان اگر در نظام آفرینش اندیشه می کردند دچار انکار حق نمی شدند،] آیا با دقت به آسمان بالای سرشان نظر نکردند که چگونه آن را بنا کردیم؟ و آن را [به وسیلۀ ستارگان] زینت دادیم، و در آن هیچ رخنه و شکافی [که سبب ازهم پاشیدنِ آن شود] نیست ",
            "7": " و زمین را گسترش دادیم و در آن کوه هایی استوار افکندیم، و از هرگونه گیاهِ خوش منظر و دل انگیزی در آن رویاندیم ",
            "8": " تا برای هر بنده ای که [با اندیشه در این نظام حکیمانه، از روی توجه و اخلاص] به سوی خدا بازمی گردد مایۀ بینایی و تذکر باشد ",
            "9": " و از آسمان، آبی پُرخیرو سودمند فرستادیم، و به وسیلۀ آن باغ ها و دانه های دِروکردنی رویاندیم ",
            "10": " و درختان بلندقامتِ خرما که خوشه های روی هم چیده دارند [پروراندیم] ",
            "11": " [برای آن که] رزق مناسبی برای بندگان [باشد]، و [نیز] از [برکت] آن [آب]، زمین مرده را زنده کردیم، بیرون آمدن [از قبرها با حیاتی دوباره نیز] همین گونه است ",
            "12": " پیش از اینان [که نبوت و معاد را انکار می کنند] قوم نوح و اصحاب «رَسّ» و ثمودیان [پیامبرانشان را] انکار کردند ",
            "13": " [قوم] عاد و فرعون و برادرانِ لوط [نیز چنین بودند ]",
            "14": " و اصحابِ «اَیکه» و قومِ «تُبَّع» همه و همه پیامبران را انکار کردند، پس تهدیدم [به عذاب برای آنان] عملی شد ",
            "15": " آیا ما از آفرینش نخستین بار عاجز و درمانده بودیم [تا از آفرینش دوبارۀ انسان ناتوان و درمانده باشیم]؟ [نه،] بلکه آنانند که درآفرینشِ جدید [با وجود این همه دلیل بر قدرت خدا] غرق در تردیدند، [در حالی که آفرینشِ بار نخستین و بارِ دوم برای خدا یکسان است ]",
            "16": "\n \nهمانا انسان را آفریدیم و همواره آنچه را درونش [دربارۀ توحید و معاد و دیگر حقایق] به او وسوسه می کند می دانیم، و ما از رگِ گردن به او نزدیک تریم ",
            "17": " [توجه کنید به] دو فرشته ای که [همواره] از راست و چپ ملازم [انسان] هستند و [اعمالش را] دریافت [و ضبط] می کنند ",
            "18": " [انسان] هیچ سخنی را به زبان نمی آورد مگر این که حافظ و نگهبانی نزد آن حاضر است ",
            "19": " [چون هنگام جان کندن و] سختی مرگ که حقیقتی [حتمی] است فرارسد، [به محتضر می گویند:] این همان چیزی است که از آن گریزان بودی ",
            "20": "و در صور دمیده می شود، آن روز زمان [تحقق و ظهور] تهدیدها [ی خداوند به منکران] است ",
            "21": " هر انسانی [به عرصۀ محشر] می آید و همراه او کسی است که به پیش می راندش و کسی است که گواه اعمال اوست ",
            "22": " [به او می گویند:] تو از این [روز بزرگ و حقایقش] در غفلتی عمیق بودی، پس ما پردۀ [غفلت] تو را از تو برطرف کردیم، در نتیجه امروز دیده ات بسیار تیزبین است [تاجایی که قدرت دیدن همۀ حقایق قیامت را داری ]",
            "23": " [فرشتۀ] همنشینش می گوید: [خداوندا!] این است نامۀ اعمال او که ضبط شده و دقیق نزد من حاضر است ",
            "24": " [به دو فرشتۀ موکل بر اعمال خطاب می شود:] هر کافرِ معاندِ حق ستیز را به دوزخ اندازید ",
            "25": " [همان که] به شدت بازدارنده از خیر، متجاوز [به حقوق خدا و خلق]، و تردیدکننده [در حقایق]، [بلکه تردیدانداز در دل های مردم بود ]",
            "26": " همان که با خداوند معبودِ دیگری [به عنوان شریک در قدرت و ربوبیت] قرار داد، پس او را در عذابِ سخت افکنید ",
            "27": " [شیطانِ] همنشینش [چه انسی چه جنّی] می گوید: پروردگارا! من او را به طغیان نکشیدم، او [به اختیار خودش] در گمراهی عمیقی بود ",
            "28": " [خداوند] می گوید: در محضر من با یکدیگر جدال و ستیز نکنید، بی تردید من تهدید [به عذاب] را [در دنیا از طریق کتاب های آسمانی و پیامبران] به شما اِعلام کرده بودم ",
            "29": " آن تهدید نزد من تغییر نمی یابد، [شما به سبب عملکردتان مستحق این عذاب هستید؛ زیرا] من ستمکار به بندگان نیستم ",
            "30": " [به یاد آر] روزی را که به دوزخ می گوییم: آیا [از آنچه در تو ریخته ایم] پُر شده ای؟ [دوزخ که سیری ناپذیر است] می گوید: آیا افزون [بر این] هست؟!",
            "31": "و [در آن روز] بهشت را به پرهیزگاران بی آن که فاصله [از آنان] داشته باشد نزدیک می کنند ",
            "32": " [به آنان گویند:] این همان است که شما را [در دنیا] به آن وعده می دادند، [این جایگاهِ رفیع] برای هرکسی [است] که روی آورنده [به خدا]، و حافظ [حدود الهی در زندگی اش و بین مردم] بود ",
            "33": " [همان] کسی که در نهان و خلوت از خدای رحمان می ترسید، و دلی [دارای اخلاص و] بازگشت کننده [به حق به پیشگاه پروردگار] آورده است ",
            "34": " [گفته می شود:] در کمال امنیت وارد بهشت شوید، این است روز جاودانگی ",
            "35": " در آن جا هرچه بخواهند برای آنان [مهیا] است، و نزد ما افزون [بر آن] نیز وجود دارد ",
            "36": "\n \nچه بسیار اقوامی را که پیش از این حق ستیزان هلاک کردیم، اقوامی که از اینان نیرومندتر بودند و [با نیرویشان] شهرها را فتح کرده، [زیر سلطۀ خود کشیدند،] آیا [برای آنان هیچ] راه گریزی [از عذاب] وجود داشت؟!",
            "37": " به راستی در این [سرگذشت پیشینیان که دچار عذاب شدند] مایۀ پند و هشیاری برای کسی است که نیروی عقل و فهمش در کار است، یا با دقت و حضور قلب [به این سرگذشت ها] گوش می دهد ",
            "38": "همانا آسمان و زمین و آنچه را میان آن دوتاست در شش دوره آفریدیم، و هیچ رنج و خستگی به ما نرسید ",
            "39": " در برابر گفتار [ناروای] مخالفان شکیبا باش! و پیش از طلوع خورشید و قبل از غروبِ آن پروردگارت را همراه با ستایش با تسبیح گفتن [از هر عیب و نقصی] پاک و منزه بدار !",
            "40": " و [نیز] در پاره ای از شب، و پس از سجده ها خدا را تسبیح گوی!",
            "41": " و به انتظار روزی باش که ندادهنده از جایی نزدیک ندا می دهد ",
            "42": " روزی که [همگان] آن صیحۀ حتمی و حق را می شنوند، آن روز [بدون تردید] روز بیرون آمدن [از قبرها] است ",
            "43": "همانا ماییم که حیات می بخشیم و می میرانیم، و بازگشت همه به سوی ماست ",
            "44": " روزی که زمین از روی [اجساد] آنان بشکافد [و با حیاتی دوباره با سرعت به سوی زمینِ قیامت گردآیند]، این گردآوری برای ما [کاری بسیار] آسان است ",
            "45": " ما به آنچه [دشمنان لجوج بر ضد اسلام و تو] می گویند داناتریم، تو را بر آنان تسلطی نیست [که به قبول هدایت مجبورشان کنی]، پس به وسیلۀ قرآن کسانی را که از تهدید من [در مورد فرجام شومِ بی دینی] می ترسند تذکر ده! "
        }
    }
}