{
  "2": {
    "number": 2,
        "title": "سورة الذاريات",
      "bab": 4,
      "delay": 10,
      "arabic": {
          "11": "وَالذَّارِيَاتِ ذَرْوًا",
            "12": "فَالْحَامِلَاتِ وِقْرًا",
            "13": "فَالْجَارِيَاتِ يُسْرًا",
            "14": "فَالْمُقَسِّمَاتِ أَمْرًا",
            "15": "إِنَّمَا تُوعَدُونَ لَصَادِقٌ",
            "16": "وَإِنَّ الدِّينَ لَوَاقِعٌ",
            "17": "وَالسَّمَاءِ ذَاتِ الْحُبُكِ",
            "18": "إِنَّكُمْ لَفِي قَوْلٍ مُخْتَلِفٍ",
            "19": "يُؤْفَكُ عَنْهُ مَنْ أُفِكَ",
            "20": "قُتِلَ الْخَرَّاصُونَ",
            "21": "الَّذِينَ هُمْ فِي غَمْرَةٍ سَاهُونَ",
            "22": "يَسْأَلُونَ أَيَّانَ يَوْمُ الدِّينِ",
            "23": "يَوْمَ هُمْ عَلَى النَّارِ يُفْتَنُونَ",
            "24": "ذُوقُوا فِتْنَتَكُمْ هَٰذَا الَّذِي كُنْتُمْ بِهِ تَسْتَعْجِلُونَ",
            "25": "إِنَّ الْمُتَّقِينَ فِي جَنَّاتٍ وَعُيُونٍ",
            "26": "آخِذِينَ مَا آتَاهُمْ رَبُّهُمْ ۚ إِنَّهُمْ كَانُوا قَبْلَ ذَٰلِكَ مُحْسِنِينَ",
            "27": "كَانُوا قَلِيلًا مِنَ اللَّيْلِ مَا يَهْجَعُونَ",
            "28": "وَبِالْأَسْحَارِ هُمْ يَسْتَغْفِرُونَ",
            "29": "وَفِي أَمْوَالِهِمْ حَقٌّ لِلسَّائِلِ وَالْمَحْرُومِ",
            "30": "وَفِي الْأَرْضِ آيَاتٌ لِلْمُوقِنِينَ",
            "31": "وَفِي أَنْفُسِكُمْ ۚ أَفَلَا تُبْصِرُونَ",
            "32": "وَفِي السَّمَاءِ رِزْقُكُمْ وَمَا تُوعَدُونَ",
            "33": "فَوَرَبِّ السَّمَاءِ وَالْأَرْضِ إِنَّهُ لَحَقٌّ مِثْلَ مَا أَنَّكُمْ تَنْطِقُونَ",
            "34": "هَلْ أَتَاكَ حَدِيثُ ضَيْفِ إِبْرَاهِيمَ الْمُكْرَمِينَ",
            "35": "إِذْ دَخَلُوا عَلَيْهِ فَقَالُوا سَلَامًا ۖ قَالَ سَلَامٌ قَوْمٌ مُنْكَرُونَ",
            "36": "فَرَاغَ إِلَىٰ أَهْلِهِ فَجَاءَ بِعِجْلٍ سَمِينٍ",
            "37": "فَقَرَّبَهُ إِلَيْهِمْ قَالَ أَلَا تَأْكُلُونَ",
            "38": "فَأَوْجَسَ مِنْهُمْ خِيفَةً ۖ قَالُوا لَا تَخَفْ ۖ وَبَشَّرُوهُ بِغُلَامٍ عَلِيمٍ",
            "39": "فَأَقْبَلَتِ امْرَأَتُهُ فِي صَرَّةٍ فَصَكَّتْ وَجْهَهَا وَقَالَتْ عَجُوزٌ عَقِيمٌ",
            "40": "قَالُوا كَذَٰلِكِ قَالَ رَبُّكِ ۖ إِنَّهُ هُوَ الْحَكِيمُ الْعَلِيمُ",
            "41": "قَالَ فَمَا خَطْبُكُمْ أَيُّهَا الْمُرْسَلُونَ",
            "42": "قَالُوا إِنَّا أُرْسِلْنَا إِلَىٰ قَوْمٍ مُجْرِمِينَ",
            "43": "لِنُرْسِلَ عَلَيْهِمْ حِجَارَةً مِنْ طِينٍ",
            "44": "مُسَوَّمَةً عِنْدَ رَبِّكَ لِلْمُسْرِفِينَ",
            "45": "فَأَخْرَجْنَا مَنْ كَانَ فِيهَا مِنَ الْمُؤْمِنِينَ",
            "46": "فَمَا وَجَدْنَا فِيهَا غَيْرَ بَيْتٍ مِنَ الْمُسْلِمِينَ",
            "47": "وَتَرَكْنَا فِيهَا آيَةً لِلَّذِينَ يَخَافُونَ الْعَذَابَ الْأَلِيمَ",
            "48": "وَفِي مُوسَىٰ إِذْ أَرْسَلْنَاهُ إِلَىٰ فِرْعَوْنَ بِسُلْطَانٍ مُبِينٍ",
            "49": "فَتَوَلَّىٰ بِرُكْنِهِ وَقَالَ سَاحِرٌ أَوْ مَجْنُونٌ",
            "50": "فَأَخَذْنَاهُ وَجُنُودَهُ فَنَبَذْنَاهُمْ فِي الْيَمِّ وَهُوَ مُلِيمٌ",
            "51": "وَفِي عَادٍ إِذْ أَرْسَلْنَا عَلَيْهِمُ الرِّيحَ الْعَقِيمَ",
            "52": "مَا تَذَرُ مِنْ شَيْءٍ أَتَتْ عَلَيْهِ إِلَّا جَعَلَتْهُ كَالرَّمِيمِ",
            "53": "وَفِي ثَمُودَ إِذْ قِيلَ لَهُمْ تَمَتَّعُوا حَتَّىٰ حِينٍ",
            "54": "فَعَتَوْا عَنْ أَمْرِ رَبِّهِمْ فَأَخَذَتْهُمُ الصَّاعِقَةُ وَهُمْ يَنْظُرُونَ",
            "55": "فَمَا اسْتَطَاعُوا مِنْ قِيَامٍ وَمَا كَانُوا مُنْتَصِرِينَ",
            "56": "وَقَوْمَ نُوحٍ مِنْ قَبْلُ ۖ إِنَّهُمْ كَانُوا قَوْمًا فَاسِقِينَ",
            "57": "وَالسَّمَاءَ بَنَيْنَاهَا بِأَيْدٍ وَإِنَّا لَمُوسِعُونَ",
            "58": "وَالْأَرْضَ فَرَشْنَاهَا فَنِعْمَ الْمَاهِدُونَ",
            "59": "وَمِنْ كُلِّ شَيْءٍ خَلَقْنَا زَوْجَيْنِ لَعَلَّكُمْ تَذَكَّرُونَ",
            "60": "فَفِرُّوا إِلَى اللَّهِ ۖ إِنِّي لَكُمْ مِنْهُ نَذِيرٌ مُبِينٌ",
            "61": "وَلَا تَجْعَلُوا مَعَ اللَّهِ إِلَٰهًا آخَرَ ۖ إِنِّي لَكُمْ مِنْهُ نَذِيرٌ مُبِينٌ",
            "62": "كَذَٰلِكَ مَا أَتَى الَّذِينَ مِنْ قَبْلِهِمْ مِنْ رَسُولٍ إِلَّا قَالُوا سَاحِرٌ أَوْ مَجْنُونٌ",
            "63": "أَتَوَاصَوْا بِهِ ۚ بَلْ هُمْ قَوْمٌ طَاغُونَ",
            "64": "فَتَوَلَّ عَنْهُمْ فَمَا أَنْتَ بِمَلُومٍ",
            "65": "وَذَكِّرْ فَإِنَّ الذِّكْرَىٰ تَنْفَعُ الْمُؤْمِنِينَ",
            "66": "وَمَا خَلَقْتُ الْجِنَّ وَالْإِنْسَ إِلَّا لِيَعْبُدُونِ",
            "67": "مَا أُرِيدُ مِنْهُمْ مِنْ رِزْقٍ وَمَا أُرِيدُ أَنْ يُطْعِمُونِ",
            "68": "إِنَّ اللَّهَ هُوَ الرَّزَّاقُ ذُو الْقُوَّةِ الْمَتِينُ",
            "69": "فَإِنَّ لِلَّذِينَ ظَلَمُوا ذَنُوبًا مِثْلَ ذَنُوبِ أَصْحَابِهِمْ فَلَا يَسْتَعْجِلُونِ",
            "70": "فَوَيْلٌ لِلَّذِينَ كَفَرُوا مِنْ يَوْمِهِمُ الَّذِي يُوعَدُونَ"
        },
        "farsi": {
           "11": "\nسوگند به بادها که [ابرها و گرده های نرینه و مادینۀ گیاهان را] پراکنده می سازند !",
            "12": " و به ابرهایی که بار سنگین باران را [به نواحی مختلف] حمل می کنند !",
            "13": " و به کشتی هایی که به آسانی [در سطح دریاها] روانند !",
            "14": " و به فرشتگانی که [به فرمان خداوند] کارها را [برای اداره شدنِ امورِ هستی بین خود] تقسیم می کنند !",
            "15": " که آنچه به شما [دربارۀ قیامت و اوضاع آن] وعده می دهند راست و تخلّف ناپذیر است ",
            "16": "و یقیناً روز جزا تحقق می یابد ",
            "17": "\n \nو سوگند به آسمان که دارای راه های گوناگون [و آراسته به زیبایی] است !",
            "18": "که شما کافران [دربارۀ پیامبر و قرآن و قیامت] در گفتاری متناقض [و آشفته] هستید ",
            "19": " کسی را از [ایمان به] قیامت رویگردان می کنند که [با گفتارِ متناقض،] منحرفش کرده باشند ",
            "20": "از رحمت خدا دور باشند دروغگویان گمان پیشه !",
            "21": " هم آنان که در گردابی عمیق از جهالت فرورفته، [و از حقایق هستی و معارف الهی بی خبرند]",
            "22": " [همواره از روی تمسخر] می پرسند: روز جزا چه زمانی است؟",
            "23": " [آن] روزی [است] که آنان را در آتش [به شدت] عذاب خواهند کرد ",
            "24": " [و گفته می شود:] عذابتان را بچشید! این همان است که [از روی تمسخر] شتاب در آمدنش را می خواستید ",
            "25": "به راستی آنان که [از خدا اطاعت کرده و از محرّماتش] پرهیز داشتند در بهشت ها و چشمه سارهایند ",
            "26": " آنچه را پروردگارشان به آنان عطا کرده [با شوق و رغبت] می گیرند؛ زیرا همواره [در دنیا] نیکوکار بودند ",
            "27": " [نیکوکاری شان این بود که] اندکی از شب را می خوابیدند ",
            "28": "و سَحرگاهان به استغفار می پرداختند ",
            "29": " و در اموالشان حقی برای سائل و محروم بود [که با رعایت شرایط لازم می پرداختند] ",
            "30": " در زمین برای اهل یقین نشانه هایی [از قدرت و ربوبیت و حکمت خدا] است ",
            "31": " و [نیز] در وجود خودِ شما [نشانه هایی است]، آیا [با چشم بصیرت] نظر نمی کنید ؟",
            "32": " رزق شما و آنچه شما را به آن وعده داده اند در آسمان است ",
            "33": " پس سوگند به پروردگار آسمان و زمین! که این وعدۀ حق است، همان گونه که سخن گفتنِ شما حق است [و در آن تردیدی ندارید ]",
            "34": " آیا خبر مهمانان ارجمند ابراهیم به تو رسیده است؟",
            "35": " چون بر او وارد شدند سلام گفتند، گفت: سلام [علیکم]. [و زیر لب گفت: شما] مردمی ناشناسید!",
            "36": " پس [پنهان و بی درنگ] به سوی خانواده اش رفت و گوساله ای فربه [و بریان] آورد ",
            "37": " و آن را نزدیک آنان برد و گفت: چرا نمی خورید؟!",
            "38": " [چون دید نمی خورند] از آنان در دلش نوعی ترس احساس کرد، گفتند: نترس! و او را به [ولادت] پسربچه ای دانا مژده دادند ",
            "39": " همسرش [چون مژده را شنید، شگفت زده] فریادی کشید، و درحالی که [ضربه] به چهره اش زد [رو به جمع آورد و] گفت: پیر زنی نازا [و فرزند]!؟",
            "40": " گفتند: پروردگارت چنین مژده ای داده، او به همۀ امور حکیم و داناست ",
            "41": "\n \n[ابراهیم] گفت: ای فرستادگان از پی چه کار مهمی آمده اید؟",
            "42": " گفتند: ما را به سوی مردمی گناه پیشه فرستاده اند ",
            "43": " تا [بارانی] از گل سنگ بر سرشان فروریزیم ",
            "44": " که از جانب پروردگارت برای افراط کنندگان [در گناه]، نشانه گذاری شده است ",
            "45": " [ای پیامبر!] خواستیم مؤمنانی را که در آن [شهر] بودند [پیش از نزول عذاب] بیرون ببریم ",
            "46": " اما جز یک خانواده که تسلیم [خدا و دستورهای او] بودند در آن جا نیافتیم، [و آن خانوادۀ لوط بود غیر همسرش] ",
            "47": " در آن [منطقۀ مجازات شده] برای کسانی که از عذاب دردناک می ترسند نشانه ای [از قدرت و خشم خود] برجای گذاشتیم ",
            "48": " و در [سرگذشت] موسی [نیز نشانه ای از قدرت و خشم ماست]، زمانی که او را با معجزه ای روشنگر به سوی فرعون [که دارای همه نوع تجهیزات بود] فرستادیم ",
            "49": " فرعون با ارکان [حکومت] خود [از موسی و معجزۀ بی نظیرش] روی برتافت و گفت: [این مرد یا] جادوگر است یا دیوانه!",
            "50": " نهایتاً او و سپاهیانش را گرفتیم و به دریا افکندیم، البته او درخور سرزنش بود ",
            "51": " و [نیز] در [قوم] عاد [نشانه ای از قدرت و خشم ماست]، آن گاه که آن باد هلاک کننده را [که اثری جز تخریب و نابودی نداشت] به سویشان فرستادیم ",
            "52": " [باد] هیچ چیزی را وانمی گذاشت مگر آن که وقتی بدان می وزید آن را [سوزانده، و] به صورت استخوان پوسیده درمی آورد!",
            "53": " در [قوم] ثمود [هم نشانه ای از قدرت و خشم ماست]، چون [پس از پی کردنِ ناقه] به آنان گفته شد: زمانی اندک [از زندگی] برخوردار باشید، [که بعد از آن عذاب خواهد رسید] ",
            "54": " آنان از فرمان پروردگارشان سرپیچی کردند، در نتیجه صاعقۀ [مرگبار] درحالی که [با ترس] به آن می نگریستند [گریبان] آنان را گرفت ",
            "55": " [با آمدن عذاب و نبودن مهلت،] نه [برای فرار] توان برخاستن داشتند، و نه توانستند عذاب را از خود دفع کنند",
            "56": " قوم نوح را پیش تر [نابود کردیم]؛ زیرا همواره مردمی منحرف و نافرمان بودند ",
            "57": " آسمان را با قدرتی [غیرقابل توصیف] بنا کردیم، و همواره گسترش دهندۀ [آن] هستیم ",
            "58": " و زمین را گستردیم، و خوب گستراننده ای هستیم ",
            "59": " و از هرچیزی جفت آفریدیم برای این که [با مطالعه در حقایق آفرینش] متوجه [توحید] شوید ",
            "60": " پس [ای مردم!] به سوی خدا بگریزید، همانا من از سوی او هشداردهنده ای روشنگر برای شما هستم",
            "61": " با خداوند معبود دیگری قرار ندهید، به راستی من از جانب او هشدار دهنده ای آشکار برای شما هستم ",
            "62": "\n \nشیوۀ کفرپیشگان همیشه چنین بوده است که هیچ پیامبری برایشان نیامد مگر این که گفتند: جادوگر یا دیوانه است!",
            "63": " [شگفتا!] آیا [اقوام در طول تاریخ] یکدیگر را به این[ گونه داوری در حق پیامبران] سفارش کرده بودند؟ [نه،] بلکه [همۀ] آنان [در همۀ زمان ها] مردمی سرکش و یاغی بودند ",
            "64": " بنابراین از این متکبّرانِ یاغی روی برتاب که [در این زمینه] درخور سرزنش نیستی ",
            "65": " [همواره] پند ده؛ زیرا پند به مؤمنان سود می بخشد ",
            "66": " جنّ و انس را جز برای این که مرا عبادت کنند نیافریدم ",
            "67": " از آنان هیچ رزقی نمی خواهم، و نمی خواهم که به من طعام دهند؛[زیرا من هیچ نیازی به آنان و عبادتشان ندارم، سودِ عبادت فقط برای خود آنان است] ",
            "68": " یقیناً خدا بسیار روزی دهنده، و دارای قدرتی استوار است ",
            "69": "بی گمان برای کسانی [از قوم تو] که [به آیات و بندگان من] ستم کردند سهمی [از عذابِ شدید] مانند سهم هم مسلکانشان [از امت های پیشین] است، بنابراین شتاب در آمدنش را نخواهند ",
            "70": " پس وای بر کافران از آن روز [دردناک]شان که همواره به آن تهدید می شوند "
        }
    }
}