{
  "2": {
    "number": 2,
        "title": "سورة الطور",
      "bab": 4,
      "delay": 9,
      "arabic": {
          "10": "وَالطُّورِ",
            "11": "وَكِتَابٍ مَسْطُورٍ",
            "12": "فِي رَقٍّ مَنْشُورٍ",
            "13": "وَالْبَيْتِ الْمَعْمُورِ",
            "14": "وَالسَّقْفِ الْمَرْفُوعِ",
            "15": "وَالْبَحْرِ الْمَسْجُورِ",
            "16": "إِنَّ عَذَابَ رَبِّكَ لَوَاقِعٌ",
            "17": "مَا لَهُ مِنْ دَافِعٍ",
            "18": "يَوْمَ تَمُورُ السَّمَاءُ مَوْرًا",
            "19": "وَتَسِيرُ الْجِبَالُ سَيْرًا",
            "20": "فَوَيْلٌ يَوْمَئِذٍ لِلْمُكَذِّبِينَ",
            "21": "الَّذِينَ هُمْ فِي خَوْضٍ يَلْعَبُونَ",
            "22": "يَوْمَ يُدَعُّونَ إِلَىٰ نَارِ جَهَنَّمَ دَعًّا",
            "23": "هَٰذِهِ النَّارُ الَّتِي كُنْتُمْ بِهَا تُكَذِّبُونَ",
            "24": "أَفَسِحْرٌ هَٰذَا أَمْ أَنْتُمْ لَا تُبْصِرُونَ",
            "25": "اصْلَوْهَا فَاصْبِرُوا أَوْ لَا تَصْبِرُوا سَوَاءٌ عَلَيْكُمْ ۖ إِنَّمَا تُجْزَوْنَ مَا كُنْتُمْ تَعْمَلُونَ",
            "26": "إِنَّ الْمُتَّقِينَ فِي جَنَّاتٍ وَنَعِيمٍ",
            "27": "فَاكِهِينَ بِمَا آتَاهُمْ رَبُّهُمْ وَوَقَاهُمْ رَبُّهُمْ عَذَابَ الْجَحِيمِ",
            "28": "كُلُوا وَاشْرَبُوا هَنِيئًا بِمَا كُنْتُمْ تَعْمَلُونَ",
            "29": "مُتَّكِئِينَ عَلَىٰ سُرُرٍ مَصْفُوفَةٍ ۖ وَزَوَّجْنَاهُمْ بِحُورٍ عِينٍ",
            "30": "وَالَّذِينَ آمَنُوا وَاتَّبَعَتْهُمْ ذُرِّيَّتُهُمْ بِإِيمَانٍ أَلْحَقْنَا بِهِمْ ذُرِّيَّتَهُمْ وَمَا أَلَتْنَاهُمْ مِنْ عَمَلِهِمْ مِنْ شَيْءٍ ۚ كُلُّ امْرِئٍ بِمَا كَسَبَ رَهِينٌ",
            "31": "وَأَمْدَدْنَاهُمْ بِفَاكِهَةٍ وَلَحْمٍ مِمَّا يَشْتَهُونَ",
            "32": "يَتَنَازَعُونَ فِيهَا كَأْسًا لَا لَغْوٌ فِيهَا وَلَا تَأْثِيمٌ",
            "33": "وَيَطُوفُ عَلَيْهِمْ غِلْمَانٌ لَهُمْ كَأَنَّهُمْ لُؤْلُؤٌ مَكْنُونٌ",
            "34": "وَأَقْبَلَ بَعْضُهُمْ عَلَىٰ بَعْضٍ يَتَسَاءَلُونَ",
            "35": "قَالُوا إِنَّا كُنَّا قَبْلُ فِي أَهْلِنَا مُشْفِقِينَ",
            "36": "فَمَنَّ اللَّهُ عَلَيْنَا وَوَقَانَا عَذَابَ السَّمُومِ",
            "37": "إِنَّا كُنَّا مِنْ قَبْلُ نَدْعُوهُ ۖ إِنَّهُ هُوَ الْبَرُّ الرَّحِيمُ",
            "38": "فَذَكِّرْ فَمَا أَنْتَ بِنِعْمَتِ رَبِّكَ بِكَاهِنٍ وَلَا مَجْنُونٍ",
            "39": "أَمْ يَقُولُونَ شَاعِرٌ نَتَرَبَّصُ بِهِ رَيْبَ الْمَنُونِ",
            "40": "قُلْ تَرَبَّصُوا فَإِنِّي مَعَكُمْ مِنَ الْمُتَرَبِّصِينَ",
            "41": "أَمْ تَأْمُرُهُمْ أَحْلَامُهُمْ بِهَٰذَا ۚ أَمْ هُمْ قَوْمٌ طَاغُونَ",
            "42": "أَمْ يَقُولُونَ تَقَوَّلَهُ ۚ بَلْ لَا يُؤْمِنُونَ",
            "43": "فَلْيَأْتُوا بِحَدِيثٍ مِثْلِهِ إِنْ كَانُوا صَادِقِينَ",
            "44": "أَمْ خُلِقُوا مِنْ غَيْرِ شَيْءٍ أَمْ هُمُ الْخَالِقُونَ",
            "45": "أَمْ خَلَقُوا السَّمَاوَاتِ وَالْأَرْضَ ۚ بَلْ لَا يُوقِنُونَ",
            "46": "أَمْ عِنْدَهُمْ خَزَائِنُ رَبِّكَ أَمْ هُمُ الْمُصَيْطِرُونَ",
            "47": "أَمْ لَهُمْ سُلَّمٌ يَسْتَمِعُونَ فِيهِ ۖ فَلْيَأْتِ مُسْتَمِعُهُمْ بِسُلْطَانٍ مُبِينٍ",
            "48": "أَمْ لَهُ الْبَنَاتُ وَلَكُمُ الْبَنُونَ",
            "49": "أَمْ تَسْأَلُهُمْ أَجْرًا فَهُمْ مِنْ مَغْرَمٍ مُثْقَلُونَ",
            "50": "أَمْ عِنْدَهُمُ الْغَيْبُ فَهُمْ يَكْتُبُونَ",
            "51": "أَمْ يُرِيدُونَ كَيْدًا ۖ فَالَّذِينَ كَفَرُوا هُمُ الْمَكِيدُونَ",
            "52": "أَمْ لَهُمْ إِلَٰهٌ غَيْرُ اللَّهِ ۚ سُبْحَانَ اللَّهِ عَمَّا يُشْرِكُونَ",
            "53": "وَإِنْ يَرَوْا كِسْفًا مِنَ السَّمَاءِ سَاقِطًا يَقُولُوا سَحَابٌ مَرْكُومٌ",
            "54": "فَذَرْهُمْ حَتَّىٰ يُلَاقُوا يَوْمَهُمُ الَّذِي فِيهِ يُصْعَقُونَ",
            "55": "يَوْمَ لَا يُغْنِي عَنْهُمْ كَيْدُهُمْ شَيْئًا وَلَا هُمْ يُنْصَرُونَ",
            "56": "وَإِنَّ لِلَّذِينَ ظَلَمُوا عَذَابًا دُونَ ذَٰلِكَ وَلَٰكِنَّ أَكْثَرَهُمْ لَا يَعْلَمُونَ",
            "57": "وَاصْبِرْ لِحُكْمِ رَبِّكَ فَإِنَّكَ بِأَعْيُنِنَا ۖ وَسَبِّحْ بِحَمْدِ رَبِّكَ حِينَ تَقُومُ",
            "58": "وَمِنَ اللَّيْلِ فَسَبِّحْهُ وَإِدْبَارَ النُّجُومِ"
        },
        "farsi": {
        "10": "\nسوگند به [کوه] طور !",
            "11": " و به کتاب [باعظمتِ] نوشته شده ",
            "12": " در صفحه ای باز و گسترده! ",
            "13": " و سوگند به این خانۀ آباد [کعبۀ مکرّمه] !",
            "14": " و به آن سقف برافراشته شده !",
            "15": " و به آن دریای خروشان پُرآب !",
            "16": " که بی تردید عذاب پروردگارت تحقق [و ظهور]ش حتمی است ",
            "17": " برای آن هیچ بازدارنده ای نیست ",
            "18": " [و آن در] روزی [است] که آسمان به حرکتی پُرشتاب درآید ",
            "19": " و کوه ها به شدت روان شوند ",
            "20": " پس در آن روز وای بر انکار کنندگان !",
            "21": " هم آنان که با فرو رفتن [در باطل]، سرگرم بازیگری اند ",
            "22": " [رستاخیز] روزی [است] که [انکار کنندگان را] با شدت به سوی آتش دوزخ می رانند ",
            "23": " [و به آنان گفته می شود:] این [همان] آتشی است که همواره آن را انکار می کردید ",
            "24": "\n \nآیا این [آتش هم] سِحر است[آن گونه که پیامبران و کتاب های آسمانی را سِحر می پنداشتند،] یا [آن را] نمی بینید [به گونه ای که در دنیا حقایق را نمی دیدید]؟",
            "25": " این [آتش شعله ورِ سوزان] را بچشید! صبر کنید یا نکنید برایتان یکسان است، [در هر صورت باید بچشید،] جز این نیست که همان اعمالی را که همواره انجام می دادید جزایتان می دهند ",
            "26": "به راستی آنان که [از خداوند اطاعت کرده، و از محرّماتش] پرهیز داشتند در بهشت ها و نعمت فراوانند ",
            "27": " به آنچه پروردگارشان به آنان عطا کرده، و این که از عذاب دوزخ نگاهشان داشته شادمانند ",
            "28": " [گفته می شود:] به پاداش اعمالی که همواره انجام می دادید [از این نعمت فراوان] بخورید و بیاشامید که گوارایتان باد !",
            "29": " [این در حالی است که] بر تخت های چیده شدۀ کنار هم تکیه می زنند، و حوریانی زیباچشم را به همسری آنان درمی آوریم ",
            "30": " مؤمنانی که فرزندانشان در ایمان [به خدا و قیامت و قرآن و پیامبر] از آنان پیروی کرده اند آن فرزندان را به آنان ملحق می کنیم، و هیچ چیز از اعمالشان را نمی کاهیم، هرکسی در گروِ اعمال خویش است ",
            "31": " از هر نوع میوه و گوشتی که دلخواهشان باشد همواره در اختیارشان می گذاریم ",
            "32": " در آن جا جام [های پُر از شرابِ طَهور] را که پیامدش نه بیهوده گویی است نه گناه، از دست یکدیگر می کشند ",
            "33": " نوجوانانی مخصوص [پذیرایی از] آنان پیرامونشان می گردند که گویی مرواریدی نهفته [در صدف]ند ",
            "34": " [بهشتیان] با روی کردن به هم [درباره گذشته و چگونگی راه یافتنشان به بهشت] از یکدیگر می پرسند ",
            "35": " [و در جواب] می گویند: ما پیش تر [که در دنیا بودیم] در میان کسان خود [از عذاب امروز] می ترسیدیم ",
            "36": " ولی خداوند بر ما منّت نهاد، و ما را از عذاب باد آتشناک نگهداشت",
            "37": " ما از پیش به طور پیوسته به پیشگاهش دعا می کردیم، به راستی اوست که نیکوکار و مهربان است ",
            "38": " [کافران را] هشدارده! که تو به لطف پروردگارت نه کاهنی نه دیوانه ",
            "39": " بلکه [این سبُک مغزان        اند که] می گویند: [او] شاعری است که حوادث تلخ روزگار را برایش انتظار می کشیم ",
            "40": " بگو: [حوادث تلخ روزگار را بر ضد خود] به انتظار باشید؛ که من هم با شما از منتظرانم ",
            "41": "\n \nآیا این [تهمت ها و گفتنِ مطالب یاوه] را عقلشان به آنان فرمان می دهد، یا مردمی طغیانگرند؟",
            "42": " یا می گویند: قرآن را خود ساخته [و به خداوند نسبت می دهد. چنین نیست که می گویند]، بلکه [قرآن وحی الهی است ولی اینان] ایمان نمی آورند ",
            "43": " اگر [در ادعای خود در مورد قرآن] راست گویید سخنی مانند آن بیاورید !",
            "44": " آیا از هیچ آفریده شده اند، یا خود آفریننده [خود] هستند [که خود را ممتاز دانسته و چون دیگران نیازمند به وحی و پیامبر نمی دانند]؟!",
            "45": " یا آسمان و زمین را [آنان] به وجود آورده اند؟ [نه چنین نیست]، بلکه [به سبب کبر و لجاجتشان] یقین نمی کنند!",
            "46": " آیا خزانه های [علم و قدرت] پروردگارت نزد آنان است [که هرکس را بخواهند به مقام نبوت برگزینند،] یا بر [تدبیر امور جهان] مسلطند [که بتوانند این مقام را از تو بگیرند]؟!",
            "47": " آیا نردبانی دارند که از آن [بالا رفته، وحی را بر بلندای آن] بشنوند؟ [اگر چنین است] باید شنوندۀ آنان دلیلی روشن [بر ادعایش] بیاورد ",
            "48": " آیا سهم خدا دختران است و سهم شما پسران؟! [این اعتقادی است خرافی و واهی که چون سایر عقایدتان هیچ دلیلی بر آن ندارید ]",
            "49": " آیا از آنان [برای ابلاغ رسالتت] پاداشی می خواهی که از خسارتش سنگین بارند، [و به این علت ایمان نمی آورند]؟!",
            "50": " آیا [علمِ] غیب نزد آنان است که [ادعاهای خود را از روی آن] می نویسند ؟!",
            "51": " آیا می خواهند [بر ضد حق] نیرنگی [کارساز] به کار گیرند؟ ولی کافران [بدانند که خود] اسیر نیرنگ [و سزاوار کیفر آن]ند ",
            "52": " آیا برای آنان معبودی جز خدا هست؟ خداوند از آنچه شریک [او] قرار می دهند پاک و منزّه است ",
            "53": " [این خیال بافان] اگر پاره سنگی را در حال سقوط [بر سرشان] از آسمان ببینند می گویند: ابری متراکم و باران زاست!",
            "54": " اکنون [که با هیچ دلیلی هدایت را نمی پذیرند] رهایشان کن! تا روزی را ببینند که در آن [به وسیلۀ عذابی سخت] هلاک می شوند ",
            "55": " روزی که نیرنگشان چیزی [از عذاب] را از آنان برطرف نمی کند، و یاری هم نمی شوند ",
            "56": " بی شک برای آنان که [به آیات حق و به مردم]ستم کردند غیر از عذاب آخرت عذابی دیگر [در دنیا و برزخ] خواهد بود، ولی بیشترشان [این واقعیات را] نمی دانند ",
            "57": " در کار [ابلاغ پیام ها و] حکم پروردگارت شکیبا باش! یقیناً تو زیر نظر [و حفاظتِ] ما هستی، هنگامی که [برای تبلیغ] به پا می خیزی پروردگارت را همراه با ستایش با تسبیح گفتن [از هر عیب و نقصی] پاک و منزّه بدار !",
            "58": " و [نیز] پاره ای از شب، و هنگام پنهان شدنِ ستارگان [که نقطۀ طلوع فجر است] خدا را تسبیح گوی! "
        }
    }
}