{
    "2": {
        "number": 2,
        "title": "سورة النجم",
        "bab": 4,
        "delay": 0,
        "arabic": {
            "1": "وَالنَّجْمِ إِذَا هَوَىٰ",
            "2": "مَا ضَلَّ صَاحِبُكُمْ وَمَا غَوَىٰ",
            "3": "وَمَا يَنْطِقُ عَنِ الْهَوَىٰ",
            "4": "إِنْ هُوَ إِلَّا وَحْيٌ يُوحَىٰ",
            "5": "عَلَّمَهُ شَدِيدُ الْقُوَىٰ",
            "6": "ذُو مِرَّةٍ فَاسْتَوَىٰ",
            "7": "وَهُوَ بِالْأُفُقِ الْأَعْلَىٰ",
            "8": "ثُمَّ دَنَا فَتَدَلَّىٰ",
            "9": "فَكَانَ قَابَ قَوْسَيْنِ أَوْ أَدْنَىٰ",
            "10": "فَأَوْحَىٰ إِلَىٰ عَبْدِهِ مَا أَوْحَىٰ",
            "11": "مَا كَذَبَ الْفُؤَادُ مَا رَأَىٰ",
            "12": "أَفَتُمَارُونَهُ عَلَىٰ مَا يَرَىٰ",
            "13": "وَلَقَدْ رَآهُ نَزْلَةً أُخْرَىٰ",
            "14": "عِنْدَ سِدْرَةِ الْمُنْتَهَىٰ",
            "15": "عِنْدَهَا جَنَّةُ الْمَأْوَىٰ",
            "16": "إِذْ يَغْشَى السِّدْرَةَ مَا يَغْشَىٰ",
            "17": "مَا زَاغَ الْبَصَرُ وَمَا طَغَىٰ",
            "18": "لَقَدْ رَأَىٰ مِنْ آيَاتِ رَبِّهِ الْكُبْرَىٰ",
            "19": "أَفَرَأَيْتُمُ اللَّاتَ وَالْعُزَّىٰ",
            "20": "وَمَنَاةَ الثَّالِثَةَ الْأُخْرَىٰ",
            "21": "أَلَكُمُ الذَّكَرُ وَلَهُ الْأُنْثَىٰ",
            "22": "تِلْكَ إِذًا قِسْمَةٌ ضِيزَىٰ",
            "23": "إِنْ هِيَ إِلَّا أَسْمَاءٌ سَمَّيْتُمُوهَا أَنْتُمْ وَآبَاؤُكُمْ مَا أَنْزَلَ اللَّهُ بِهَا مِنْ سُلْطَانٍ ۚ إِنْ يَتَّبِعُونَ إِلَّا الظَّنَّ وَمَا تَهْوَى الْأَنْفُسُ ۖ وَلَقَدْ جَاءَهُمْ مِنْ رَبِّهِمُ الْهُدَىٰ",
            "24": "أَمْ لِلْإِنْسَانِ مَا تَمَنَّىٰ",
            "25": "فَلِلَّهِ الْآخِرَةُ وَالْأُولَىٰ",
            "26": "وَكَمْ مِنْ مَلَكٍ فِي السَّمَاوَاتِ لَا تُغْنِي شَفَاعَتُهُمْ شَيْئًا إِلَّا مِنْ بَعْدِ أَنْ يَأْذَنَ اللَّهُ لِمَنْ يَشَاءُ وَيَرْضَىٰ",
            "27": "إِنَّ الَّذِينَ لَا يُؤْمِنُونَ بِالْآخِرَةِ لَيُسَمُّونَ الْمَلَائِكَةَ تَسْمِيَةَ الْأُنْثَىٰ",
            "28": "وَمَا لَهُمْ بِهِ مِنْ عِلْمٍ ۖ إِنْ يَتَّبِعُونَ إِلَّا الظَّنَّ ۖ وَإِنَّ الظَّنَّ لَا يُغْنِي مِنَ الْحَقِّ شَيْئًا",
            "29": "فَأَعْرِضْ عَنْ مَنْ تَوَلَّىٰ عَنْ ذِكْرِنَا وَلَمْ يُرِدْ إِلَّا الْحَيَاةَ الدُّنْيَا",
            "30": "ذَٰلِكَ مَبْلَغُهُمْ مِنَ الْعِلْمِ ۚ إِنَّ رَبَّكَ هُوَ أَعْلَمُ بِمَنْ ضَلَّ عَنْ سَبِيلِهِ وَهُوَ أَعْلَمُ بِمَنِ اهْتَدَىٰ",
            "31": "وَلِلَّهِ مَا فِي السَّمَاوَاتِ وَمَا فِي الْأَرْضِ لِيَجْزِيَ الَّذِينَ أَسَاءُوا بِمَا عَمِلُوا وَيَجْزِيَ الَّذِينَ أَحْسَنُوا بِالْحُسْنَى",
            "32": "الَّذِينَ يَجْتَنِبُونَ كَبَائِرَ الْإِثْمِ وَالْفَوَاحِشَ إِلَّا اللَّمَمَ ۚ إِنَّ رَبَّكَ وَاسِعُ الْمَغْفِرَةِ ۚ هُوَ أَعْلَمُ بِكُمْ إِذْ أَنْشَأَكُمْ مِنَ الْأَرْضِ وَإِذْ أَنْتُمْ أَجِنَّةٌ فِي بُطُونِ أُمَّهَاتِكُمْ ۖ فَلَا تُزَكُّوا أَنْفُسَكُمْ ۖ هُوَ أَعْلَمُ بِمَنِ اتَّقَىٰ",
            "33": "أَفَرَأَيْتَ الَّذِي تَوَلَّىٰ",
            "34": "وَأَعْطَىٰ قَلِيلًا وَأَكْدَىٰ",
            "35": "أَعِنْدَهُ عِلْمُ الْغَيْبِ فَهُوَ يَرَىٰ",
            "36": "أَمْ لَمْ يُنَبَّأْ بِمَا فِي صُحُفِ مُوسَىٰ",
            "37": "وَإِبْرَاهِيمَ الَّذِي وَفَّىٰ",
            "38": "أَلَّا تَزِرُ وَازِرَةٌ وِزْرَ أُخْرَىٰ",
            "39": "وَأَنْ لَيْسَ لِلْإِنْسَانِ إِلَّا مَا سَعَىٰ",
            "40": "وَأَنَّ سَعْيَهُ سَوْفَ يُرَىٰ",
            "41": "ثُمَّ يُجْزَاهُ الْجَزَاءَ الْأَوْفَىٰ",
            "42": "وَأَنَّ إِلَىٰ رَبِّكَ الْمُنْتَهَىٰ",
            "43": "وَأَنَّهُ هُوَ أَضْحَكَ وَأَبْكَىٰ",
            "44": "وَأَنَّهُ هُوَ أَمَاتَ وَأَحْيَا",
            "45": "وَأَنَّهُ خَلَقَ الزَّوْجَيْنِ الذَّكَرَ وَالْأُنْثَىٰ",
            "46": "مِنْ نُطْفَةٍ إِذَا تُمْنَىٰ",
            "47": "وَأَنَّ عَلَيْهِ النَّشْأَةَ الْأُخْرَىٰ",
            "48": "وَأَنَّهُ هُوَ أَغْنَىٰ وَأَقْنَىٰ",
            "49": "وَأَنَّهُ هُوَ رَبُّ الشِّعْرَىٰ",
            "50": "وَأَنَّهُ أَهْلَكَ عَادًا الْأُولَىٰ",
            "51": "وَثَمُودَ فَمَا أَبْقَىٰ",
            "52": "وَقَوْمَ نُوحٍ مِنْ قَبْلُ ۖ إِنَّهُمْ كَانُوا هُمْ أَظْلَمَ وَأَطْغَىٰ",
            "53": "وَالْمُؤْتَفِكَةَ أَهْوَىٰ",
            "54": "فَغَشَّاهَا مَا غَشَّىٰ",
            "55": "فَبِأَيِّ آلَاءِ رَبِّكَ تَتَمَارَىٰ",
            "56": "هَٰذَا نَذِيرٌ مِنَ النُّذُرِ الْأُولَىٰ",
            "57": "أَزِفَتِ الْآزِفَةُ",
            "58": "لَيْسَ لَهَا مِنْ دُونِ اللَّهِ كَاشِفَةٌ",
            "59": "أَفَمِنْ هَٰذَا الْحَدِيثِ تَعْجَبُونَ",
            "60": "وَتَضْحَكُونَ وَلَا تَبْكُونَ",
            "61": "وَأَنْتُمْ سَامِدُونَ",
            "62": "فَاسْجُدُوا لِلَّهِ وَاعْبُدُوا ۩"
        },
        "farsi": {
            "1": "\nسوگند به ستارگان هنگامی که غروب می کنند !",
            "2": " که همنشینتان [محمّد صلی الله علیه وآله از آیینی که او را به اهداف عالی و مثبت می رساند] منحرف نشده، و [در اعتقادش به آن آیین] به خطا نرفته است ",
            "3": " از روی هوا و هوس سخن نمی گوید ",
            "4": " منطقش جز وحی که [به سویش] فرستاده می شود نیست ",
            "5": "[جبرئیلِ امین، آن فرشتۀ] بسیار نیرومند به او آموخته است ",
            "6": " [همان که] دارای درایت و [عقلی کامل، و بر دریافت وحی و انجام مأموریت] مسلط است ",
            "7": " [همان که] در برترین افقِ عالم بالاست، [افق معنویت و پیشگاه حق] ",
            "8": " سپس [از آن افق برای ابلاغ وحی به پیامبر] نزدیک و نزدیک تر شد ",
            "9": " تا این که [فاصله اش با پیامبر به اندازۀ] دو کمان یا نزدیک تر گشت ",
            "10": " آن گاه [خداوند به وسیلۀ فرشتۀ خود] آنچه را می بایست به بنده اش وحی کرد ",
            "11": " آنچه را دل [پیامبر از حقایق الهی و فرشتۀ وحی] دید اشتباه ندید ",
            "12": " پس آیا دربارۀ آنچه [صادقانه و درست] می بیند با او به گفت وگوی نادرست و بی دلیل می پردازید؟",
            "13": " بی تردید [پیامبر] او را در یک نزولِ دیگر نیز دیده است ",
            "14": " در کنار «سدرة المنتهی» ",
            "15": " که «جنّة المأوی» نزد آن است ",
            "16": " آن گاه که سدره را فروپوشاند آنچه فروپوشاند ",
            "17": " دیدۀ [دلش] نه منحرف شد و نه [از مرز حقیقت بینی] تجاوز کرد ",
            "18": "به راستی برخی از نشانه های بزرگ [قدرت و ربوبیت] پروردگارش را دید ",
            "19": " به من از [دو بُت خویش] «لات» و «عُزّی» خبر دهید ",
            "20": "و «مَنات»، سومین بُت دیگرتان، [که شما آن ها را تمثال فرشتگانی به عنوان دختران خدا می پندارید و می پرستید] ",
            "21": " آیا [به پندارتان] پسران ویژه شمایند و دختران ویژۀ خدا؟!",
            "22": " دراین صورت این تقسیمی غیرعادلانه است، [زیرا دختران را که مورد نفرت شمایند ویژۀ خدا قرار داده، و پسران را مخصوص به خود کرده اید!]",
            "23": " این [بُت] ها چیزی جز نام هایی [بی مسمّی و بی هویت و فاقد اثر] نیستند که شما و پدرانتان نام گذاری کرده اید، خداوند بر [حقانیت] آن ها هیچ دلیلی نازل نکرده است. [مشرکان] فقط از گمان و آنچه خواسته های [نامشروعِ] نفسانی آنان اقتضا دارد پیروی می کنند، با این که یقیناً از سوی پروردگارشان برای آنان هدایت آمده است ",
            "24": " مگر برای انسان هرچه را آرزو کند فراهم است؟ [نه، دلیلش این است که اینان هرچه را از بُت هایشان آرزو می کنند هرگز برایشان فراهم نمی شود]",
            "25": "[پس باید با همۀ وجود توجه کرد که] آخرت و دنیا فقط در سیطرۀ مالکیت و فرمانروایی خداست ",
            "26": " چه بسیار فرشتگانی در عوالم بالا که شفاعتشان هیچ سودی نمی بخشد مگر پس از آن که خداوند برای هرکه بخواهد و بپسندد اجازه دهد ",
            "27": "\n \nمسلّماً آنان که به آخرت ایمان ندارند فرشتگان را به نام دخترانِ [خدا] نام گذاری می کنند!",
            "28": " درحالی که در این زمینه متّکی به هیچ دانش و دلیلی نیستند و جز از گمانِ [بی پایه] پیروی نمی کنند، مسلّماً گمانِ [بی پایه] به هیچ صورت [انسان را] از یقین [علمی و دانشِ استوار] بی نیاز نمی کند ",
            "29": " بنابراین از کسانی که از یاد ما روی گردانده اند و جز زندگی دنیا را نخواسته اند روی برتاب ",
            "30": " این [دنیاخواهی]، نهایت مرز آگاهی و دانش آنان است، همانا پروردگارت به کسی که از راه او منحرف شده دانا تر است، و به کسی که هدایت یافته نیز آگاه تر است ",
            "31": " آنچه در آسمان ها و زمین است فقط در سیطرۀ مالکیت و فرمانروایی خداست، تا آنان که مرتکب گناه شده اند [همان] گناهانشان را به آنان کیفر دهد، و کسانی که کار نیک انجام داده اند [همان] کار نیک [شان را] به آنان پاداش بخشد ",
            "32": " [نیکوکاران همان] کسانی هستند که از گناهان کبیره و کارهای بسیار زشت به جز لغزش ها [یی که اتفاقی مرتکب می شوند] دوری می کنند، یقیناً آمرزشِ پروردگارت بسیار گسترده است، او از هنگامی که از زمین به وجودتان آورد و زمانی که در شکم مادرانتان جنین بودید به شما داناتر است، پس خود را [بی دلیل به پاکی و تقوا] نستایید، او به کسی که تقواپیشه بوده آگاه تر است ",
            "33": " به من خبر ده آیا کسی که [از انفاقِ مال در راه خدا] روی برتافت ",
            "34": " اندکی [مال] بخشید و [بعد از آن] بخل ورزید ",
            "35": " آیا علم غیب نزد اوست که می بیند [اگر به انفاقش ادامه دهد فرجامش چه می شود]؟",
            "36": " آیا او را به آنچه در صحیفه های موسی است خبر نداده اند؟",
            "37": " یا [به آنچه در صحیفه های] ابراهیم، همان کسی که [به پیمانش با خدا] وفا کرد [آگاه نکرده اند]؟",
            "38": " [مطالب پندآموزِ آن صحیفه ها این است] که: هیچ سنگین باری بارِ گناه دیگری را برنمی دارد؛ [پس نباید دلخوش باشد که انفاق سبب افتادنِ گناهِ انفاق کننده بر عهدۀ انفاق شونده است ]",
            "39": " و این که برای انسان جز آنچه تلاش کرده هیچ نصیبی نیست ",
            "40": " و تلاشش به زودی [در قیامت] دیده خواهد شد ",
            "41": " سپس پاداش تلاشش را به طورکامل خواهند داد ",
            "42": " و اینکه پایان [همۀ امور] به سوی پروردگار توست",
            "43": " و اوست که می خنداند و می گریاند ",
            "44": " و اوست که می میراند و حیات می بخشد ",
            "45": "\n \nو او دو نوع نر و ماده آفریده است ",
            "46": " از نطفه ای، که [در رحم] فروریخته می شود ",
            "47": " و [پدیدآوردنِ] جهانِ دیگر [نیز] بر عهدۀ اوست ",
            "48": " و اوست که شما را توانگر می کند و سرمایۀ ماندگار می بخشد ",
            "49": " و او مالک و مدبّر [ستارۀ] «شَعری» است ",
            "50": " و اوست که نخستین [نسل] عادیان را [به کیفر طغیانشان] هلاک کرد ",
            "51": " و [نیز قوم] ثمود را [آن گونه] که [اَحدی از آنان را] باقی نگذاشت ",
            "52": " و [نیز] قوم نوح را پیش تر از اینان [به نابودی کشید]، زیرا از آنان ستمکارتر و سرکش تر بودند ،",
            "53": " و شهرهای زیرورو شدۀ [اقوام دچارشده به عذاب، از آباد بودن] ساقط شدند را فرو کوبید ",
            "54": " پس بر آنان فروپوشانید آنچه را [از عذابِ سخت] فروپوشانید!",
            "55": " پس [ای انسان!] در کدامیک از نعمت های پروردگارت تردید می کنی؟!",
            "56": " این [پیامبر] هشدار دهنده ای از گروه هشداردهندگانِ پیشین است ",
            "57": " قیامت نزدیک شده است ",
            "58": " جز خداوند اَحدی برطرف کنندۀ [سختی ها و هول و هراس] آن نیست ",
            "59": " آیا از این سخن [که شما را به بیداری و سعادت می خواند] با شگفتی برخورد می کنید ؟",
            "60": " [و با چنین وضع خطرناکی که دارید هنوز از روی استهزا] می خندید، و گریه نمی کنید؟!",
            "61": " و همواره غرق در غرور و سرکشی هستید؟!",
            "62": " [حال که قیامت و عذاب های آن را پیش رو دارید برای محفوظ ماندنتان، خدا را] سجده کنید! و [او را] بپرستید! "
        }
    }
}