{
  "2": {
    "number": 2,
        "title": "سورة  القمر",
      "bab": 4,
      "delay": 18,
      "arabic": {
         "19": "اقْتَرَبَتِ السَّاعَةُ وَانْشَقَّ الْقَمَرُ",
            "20": "وَإِنْ يَرَوْا آيَةً يُعْرِضُوا وَيَقُولُوا سِحْرٌ مُسْتَمِرٌّ",
            "21": "وَكَذَّبُوا وَاتَّبَعُوا أَهْوَاءَهُمْ ۚ وَكُلُّ أَمْرٍ مُسْتَقِرٌّ",
            "22": "وَلَقَدْ جَاءَهُمْ مِنَ الْأَنْبَاءِ مَا فِيهِ مُزْدَجَرٌ",
            "23": "حِكْمَةٌ بَالِغَةٌ ۖ فَمَا تُغْنِ النُّذُرُ",
            "24": "فَتَوَلَّ عَنْهُمْ ۘ يَوْمَ يَدْعُ الدَّاعِ إِلَىٰ شَيْءٍ نُكُرٍ",
            "25": "خُشَّعًا أَبْصَارُهُمْ يَخْرُجُونَ مِنَ الْأَجْدَاثِ كَأَنَّهُمْ جَرَادٌ مُنْتَشِرٌ",
            "26": "مُهْطِعِينَ إِلَى الدَّاعِ ۖ يَقُولُ الْكَافِرُونَ هَٰذَا يَوْمٌ عَسِرٌ",
            "27": "كَذَّبَتْ قَبْلَهُمْ قَوْمُ نُوحٍ فَكَذَّبُوا عَبْدَنَا وَقَالُوا مَجْنُونٌ وَازْدُجِرَ",
            "28": "فَدَعَا رَبَّهُ أَنِّي مَغْلُوبٌ فَانْتَصِرْ",
            "29": "فَفَتَحْنَا أَبْوَابَ السَّمَاءِ بِمَاءٍ مُنْهَمِرٍ",
            "30": "وَفَجَّرْنَا الْأَرْضَ عُيُونًا فَالْتَقَى الْمَاءُ عَلَىٰ أَمْرٍ قَدْ قُدِرَ",
            "31": "وَحَمَلْنَاهُ عَلَىٰ ذَاتِ أَلْوَاحٍ وَدُسُرٍ",
            "32": "تَجْرِي بِأَعْيُنِنَا جَزَاءً لِمَنْ كَانَ كُفِرَ",
            "33": "وَلَقَدْ تَرَكْنَاهَا آيَةً فَهَلْ مِنْ مُدَّكِرٍ",
            "34": "فَكَيْفَ كَانَ عَذَابِي وَنُذُرِ",
            "35": "وَلَقَدْ يَسَّرْنَا الْقُرْآنَ لِلذِّكْرِ فَهَلْ مِنْ مُدَّكِرٍ",
            "36": "كَذَّبَتْ عَادٌ فَكَيْفَ كَانَ عَذَابِي وَنُذُرِ",
            "37": "إِنَّا أَرْسَلْنَا عَلَيْهِمْ رِيحًا صَرْصَرًا فِي يَوْمِ نَحْسٍ مُسْتَمِرٍّ",
            "38": "تَنْزِعُ النَّاسَ كَأَنَّهُمْ أَعْجَازُ نَخْلٍ مُنْقَعِرٍ",
            "39": "فَكَيْفَ كَانَ عَذَابِي وَنُذُرِ",
            "40": "وَلَقَدْ يَسَّرْنَا الْقُرْآنَ لِلذِّكْرِ فَهَلْ مِنْ مُدَّكِرٍ",
            "41": "كَذَّبَتْ ثَمُودُ بِالنُّذُرِ",
            "42": "فَقَالُوا أَبَشَرًا مِنَّا وَاحِدًا نَتَّبِعُهُ إِنَّا إِذًا لَفِي ضَلَالٍ وَسُعُرٍ",
            "43": "أَأُلْقِيَ الذِّكْرُ عَلَيْهِ مِنْ بَيْنِنَا بَلْ هُوَ كَذَّابٌ أَشِرٌ",
            "44": "سَيَعْلَمُونَ غَدًا مَنِ الْكَذَّابُ الْأَشِرُ",
            "45": "إِنَّا مُرْسِلُو النَّاقَةِ فِتْنَةً لَهُمْ فَارْتَقِبْهُمْ وَاصْطَبِرْ",
            "46": "وَنَبِّئْهُمْ أَنَّ الْمَاءَ قِسْمَةٌ بَيْنَهُمْ ۖ كُلُّ شِرْبٍ مُحْتَضَرٌ",
            "47": "فَنَادَوْا صَاحِبَهُمْ فَتَعَاطَىٰ فَعَقَرَ",
            "48": "فَكَيْفَ كَانَ عَذَابِي وَنُذُرِ",
            "49": "إِنَّا أَرْسَلْنَا عَلَيْهِمْ صَيْحَةً وَاحِدَةً فَكَانُوا كَهَشِيمِ الْمُحْتَظِرِ",
            "50": "وَلَقَدْ يَسَّرْنَا الْقُرْآنَ لِلذِّكْرِ فَهَلْ مِنْ مُدَّكِرٍ",
            "51": "كَذَّبَتْ قَوْمُ لُوطٍ بِالنُّذُرِ",
            "52": "إِنَّا أَرْسَلْنَا عَلَيْهِمْ حَاصِبًا إِلَّا آلَ لُوطٍ ۖ نَجَّيْنَاهُمْ بِسَحَرٍ",
            "53": "نِعْمَةً مِنْ عِنْدِنَا ۚ كَذَٰلِكَ نَجْزِي مَنْ شَكَرَ",
            "54": "وَلَقَدْ أَنْذَرَهُمْ بَطْشَتَنَا فَتَمَارَوْا بِالنُّذُرِ",
            "55": "وَلَقَدْ رَاوَدُوهُ عَنْ ضَيْفِهِ فَطَمَسْنَا أَعْيُنَهُمْ فَذُوقُوا عَذَابِي وَنُذُرِ",
            "56": "وَلَقَدْ صَبَّحَهُمْ بُكْرَةً عَذَابٌ مُسْتَقِرٌّ",
            "57": "فَذُوقُوا عَذَابِي وَنُذُرِ",
            "58": "وَلَقَدْ يَسَّرْنَا الْقُرْآنَ لِلذِّكْرِ فَهَلْ مِنْ مُدَّكِرٍ",
            "59": "وَلَقَدْ جَاءَ آلَ فِرْعَوْنَ النُّذُرُ",
            "60": "كَذَّبُوا بِآيَاتِنَا كُلِّهَا فَأَخَذْنَاهُمْ أَخْذَ عَزِيزٍ مُقْتَدِرٍ",
            "61": "أَكُفَّارُكُمْ خَيْرٌ مِنْ أُولَٰئِكُمْ أَمْ لَكُمْ بَرَاءَةٌ فِي الزُّبُرِ",
            "62": "أَمْ يَقُولُونَ نَحْنُ جَمِيعٌ مُنْتَصِرٌ",
            "63": "سَيُهْزَمُ الْجَمْعُ وَيُوَلُّونَ الدُّبُرَ",
            "64": "بَلِ السَّاعَةُ مَوْعِدُهُمْ وَالسَّاعَةُ أَدْهَىٰ وَأَمَرُّ",
            "65": "إِنَّ الْمُجْرِمِينَ فِي ضَلَالٍ وَسُعُرٍ",
            "66": "يَوْمَ يُسْحَبُونَ فِي النَّارِ عَلَىٰ وُجُوهِهِمْ ذُوقُوا مَسَّ سَقَرَ",
            "67": "إِنَّا كُلَّ شَيْءٍ خَلَقْنَاهُ بِقَدَرٍ",
            "68": "وَمَا أَمْرُنَا إِلَّا وَاحِدَةٌ كَلَمْحٍ بِالْبَصَرِ",
            "69": "وَلَقَدْ أَهْلَكْنَا أَشْيَاعَكُمْ فَهَلْ مِنْ مُدَّكِرٍ",
            "70": "وَكُلُّ شَيْءٍ فَعَلُوهُ فِي الزُّبُرِ",
            "71": "وَكُلُّ صَغِيرٍ وَكَبِيرٍ مُسْتَطَرٌ",
            "72": "إِنَّ الْمُتَّقِينَ فِي جَنَّاتٍ وَنَهَرٍ",
            "73": "فِي مَقْعَدِ صِدْقٍ عِنْدَ مَلِيكٍ مُقْتَدِرٍ"
        },
        "farsi": {
    "19": "\nقیامت بسیار نزدیک شد، و ماه [به عنوان معجزۀ پیامبر به اِذن خدا] شکافت ",
            "20": " [کافران] چون معجزه ای ببینند [متکبّرانه] روی برتابند و گویند: این جادویی همیشگی است !",
            "21": " به انکار [معجزات و آیات الهی] روی آوردند و از خواسته های [نامشروع] خود پیروی کردند، درحالی که هرکاری [چون پیروزی مؤمنان و شکست کافران، و پاداش نیکان و کیفر بدان]قرارگاه ویژه ای دارد",
            "22": " بی تردید از خبرهای مهم [گذشتگان] آنچه مایۀ بازداشتن [از کفر] است به آنان رسیده است ",
            "23": " [این اخبار و آیات الهی،]حکمتی کامل و رساست، [لیکن به علت اسیربودنشان در چنگال هوای نفس آن ها را نمی پذیرند،] از این رو [این] هشدارها سودی نمی دهد ",
            "24": " بنابراین از آنان روی برتاب! [و به] روزی [توجه کن] که آن دعوت کننده [آنان را] به فرجامی بس هولناک و ناخوشایند دعوت می کند ",
            "25": "\n \nآنان چون ملخ های پراکنده درحالی که چشمانشان [از سختی هراس قیامت] به زیر افتاده از قبرها بیرون می آیند ",
            "26": " با گردن های کشیده شتابان و سریع به سوی آن دعوت کننده می روند، کافران می گویند: امروز، روز بسیار سختی است !",
            "27": " پیش از اینان قوم نوح [پیامبران را] انکار کردند و [به دنبال آن] بندۀ ما [نوح] را [هم] انکار کردند و گفتند: [دیوانه و] مجنون است و او را [از تبلیغش] بازداشتند!",
            "28": " پس پروردگارش را خواند که: من مغلوب شده ام، بنابراین انتقام مرا [از این قوم بدکار] بگیر! ",
            "29": " [به دنبال نفرینش] درهای آسمان را با آبی سیل آسا و ریزان گشودیم ",
            "30": " و چشمه های زمین را جوشاندیم، در نتیجه آبِ [آسمان و زمین] بر پایۀ کاری که مقدّر شده بود به هم پیوستند ",
            "31": " او را بر [کشتی] ساخته شده از تخته ها و میخ ها سوار کردیم ",
            "32": " که زیرنظر [و حفاظت] ما حرکت می کرد، برای این که پاداشی باشد برای کسی که مورد انکار قرار گرفته بود ",
            "33": " بی تردید آن [حادثه] را مایۀ پندگرفتن به جای گذاشتیم، آیا پندگیرنده ای هست؟",
            "34": " پس عذابم و هشدارهایم چگونه بود؟",
            "35": " به راستی ما قرآن را برای پندگرفتنِ [همگان] آسان [و قابل فهم] قرار دادیم، آیا پندگیرنده ای هست؟",
            "36": " عادیان [پیامبرشان را] انکار کردند، پس عذابم و هشدارهایم چگونه بود؟",
            "37": " ما بادی بسیار شدید و سرد در مدتی [پی درپی] نحس بر آنان فرستادیم ",
            "38": " که مردم را [از جای] برمی کنْد، [و بعد از آن عذاب]، گویی تنه های نخلِ ریشه کن شده اند ،",
            "39": " پس عذابم و هشدارهایم چگونه بود؟",
            "40": "به راستی ما قرآن را برای پندگرفتنِ [همگان] آسان [و قابل فهم] قرار دادیم، آیا پندگیرنده ای هست؟",
            "41": " [قوم] ثمود هشدارها را انکار کردند ",
            "42": " گفتند: آیا بشری را از [جنس] خودمان که یکه و تنهاست، [و افراد و ابزارو ثروت و حکومتی در اختیارش نیست] پیروی کنیم؟! دراین صورت در گمراهی و دیوانگی خواهیم بود!",
            "43": " آیا از بین ما [که اشراف و اعیان قومیم] فقط وحی به او القا شده است؟ [نه چنین نیست،] بلکه او دروغگو و قدرت طلب است!",
            "44": " [این متکبّرانِ مغرور] در فردای نزدیک [که روز داوری بین حق و باطل است] خواهند دانست که دروغگوی شیاد و متکبّر سرکش کیست؟",
            "45": " [به صالح گفتیم:] ما ناقۀ [درخواستی] را که آزمایشی برای آنان است می فرستیم، پس به انتظار [واکنش] آنان باش، و [در برابر آزارشان] شکیبایی پیشه کن !",
            "46": "\n \nبه آنان خبر ده که آب [آشامیدنی] بین آنان [و ناقه] سهم بندی شده، بر سر هر سهم آب [سهام دارش] حاضر شود",
            "47": " ولی آنان [بی توجه به فرجام کارِ ظالمانۀ خود] رفیقشان را خواستند، و او هم سلاح برداشت و [بدون درنگ] ناقه را پی کرد",
            "48": " پس عذاب هایم و هشدارهایم چگونه بود؟",
            "49": " ما بر ضد آنان فریاد مرگباری فرستادیم، در نتیجه [همۀ آنان] چون علف خشکی که [در آغل چهارپایان] فراهم می آورند درآمدند!",
            "50": "به راستی ما قرآن را برای پندگرفتنِ [همگان] آسان [و قابل فهم] قرار دادیم، پس آیا پندگیرنده ای هست؟",
            "51": " قوم لوط هشدارها را انکار کردند!",
            "52": "ما توفانی از شن و سنگریزه بر سر آنان فروباریدیم [که همه را هلاک کرد]، جز خاندان لوط را که در سَحرگاهان نجاتشان دادیم ",
            "53": " [این نجات بخشی] نعمتی از سوی ما [بود]، این گونه هرکه را سپاس گزاری کرده باشد پاداش می دهیم ",
            "54": " همانا لوط آنان را به عقوبت سختِ ما هشدار داده بود، ولی آنان [با او] مصرّانه دربارۀ هشدارها به گفت وگوی نادرست و بی دلیل روی آوردند ",
            "55": " و از میهمانانش [که فرشتگان ما بودند] خواستار کام جویی شدند، در نتیجه چشمانشان را نابینا کردیم [و گفتیم:] عذاب و هشدارهای [محقق شده] مرا بچشید! ",
            "56": " نهایتاً صبحگاهان در لحظات اولِ روز عذابی پایدار به آنان رسید ",
            "57": " [گفتیم:] عذاب و هشدارهای [محقق شده ] مرا بچشید! ",
            "58": "به راستی ما قرآن را برای پندگرفتنِ [همگان] آسان [و قابل فهم] قرار دادیم، پس آیا پندگیرنده ای هست؟",
            "59": "همانا به فرعونیان هشدارها رسید ",
            "60": "ولی همۀ [معجزات و] آیات ما را انکار کردند، به این سبب آنان را [به عذابی سخت] گرفتیم، گرفتن توانای شکست ناپذیر و نیرومند،",
            "61": " آیا کافرانِ شما [اهل مکه] از پیشینیانتان [که هلاکشان کردیم] بهترند [که از عذاب مصون باشند]؟ یا برای شما در کتاب های آسمانی امان نامه ای [از عذاب] وجود دارد؟",
            "62": " یا می گویند: ما گروهی متحد [و قوی] و پیروزیم ",
            "63": " به زودی این گروه [در جنگ با مؤمنان] شکست می خورند، و پا به فرار می گذارند ",
            "64": " [پس از آن شکست کارشان تمام نمی شود] بلکه وعده گاهشان قیامت است، و قیامت هولناک تر و تلخ تر است!",
            "65": " یقیناً گناه پیشگان در گمراهی و در آتشِ افروخته اند ",
            "66": " روزی که به صورت در آتش کشانده می شوند، [به آنان گویند:] آنچه را دوزخ [با حرارت و عذاب هایش به شما] می رساند بچشید! ",
            "67": " به راستی ما هرچیزی را به اندازه آفریدیم ",
            "68": "\n \nفرمانِ ما [برای موجودشدنِ چیزی] جز یک [فرمان] نیست، [سرعت فرمان و تحققِ آن] چون یک چشم به هم زدن است ",
            "69": " ما هم مسلکانِ شما [کافرانِ مغرور] را [به علت طغیانشان بی  آن که مهلتی یابند] هلاک کردیم، آیا پندگیرنده ای هست ؟",
            "70": " هر عملی که انجام دادند در پرونده ها[یشان ثبت] است ",
            "71": " و هر کوچک و بزرگی از اعمالشان مکتوب است ",
            "72": "به راستی آنان که [از خدا اطاعت کرده، و از محرّماتش] پرهیز داشتند در بهشت ها و [کنار] نهرهایند ",
            "73": " در جایگاهی پسندیده و مورد رضایت، نزد فرمانروایی نیرومند "
        }
    }
}