{
    "55": {
        "number": 55,"bab": 4,
        "title": "سوره الرحمن", "delay": 6,
        "arabic": {
       "7": "الرَّحْمَٰنُ",
            "8": "عَلَّمَ الْقُرْآنَ",
            "9": "خَلَقَ الْإِنْسَانَ",
            "10": "عَلَّمَهُ الْبَيَانَ",
            "11": "الشَّمْسُ وَالْقَمَرُ بِحُسْبَانٍ",
            "12": "وَالنَّجْمُ وَالشَّجَرُ يَسْجُدَانِ",
            "13": "وَالسَّمَاءَ رَفَعَهَا وَوَضَعَ الْمِيزَانَ",
            "14": "أَلَّا تَطْغَوْا فِي الْمِيزَانِ",
            "15": "وَأَقِيمُوا الْوَزْنَ بِالْقِسْطِ وَلَا تُخْسِرُوا الْمِيزَانَ",
            "16": "وَالْأَرْضَ وَضَعَهَا لِلْأَنَامِ",
            "17": "فِيهَا فَاكِهَةٌ وَالنَّخْلُ ذَاتُ الْأَكْمَامِ",
            "18": "وَالْحَبُّ ذُو الْعَصْفِ وَالرَّيْحَانُ",
            "19": "فَبِأَيِّ آلَاءِ رَبِّكُمَا تُكَذِّبَانِ",
            "20": "خَلَقَ الْإِنْسَانَ مِنْ صَلْصَالٍ كَالْفَخَّارِ",
            "21": "وَخَلَقَ الْجَانَّ مِنْ مَارِجٍ مِنْ نَارٍ",
            "22": "فَبِأَيِّ آلَاءِ رَبِّكُمَا تُكَذِّبَانِ",
            "23": "رَبُّ الْمَشْرِقَيْنِ وَرَبُّ الْمَغْرِبَيْنِ",
            "24": "فَبِأَيِّ آلَاءِ رَبِّكُمَا تُكَذِّبَانِ",
            "25": "مَرَجَ الْبَحْرَيْنِ يَلْتَقِيَانِ",
            "26": "بَيْنَهُمَا بَرْزَخٌ لَا يَبْغِيَانِ",
            "27": "فَبِأَيِّ آلَاءِ رَبِّكُمَا تُكَذِّبَانِ",
            "28": "يَخْرُجُ مِنْهُمَا اللُّؤْلُؤُ وَالْمَرْجَانُ",
            "29": "فَبِأَيِّ آلَاءِ رَبِّكُمَا تُكَذِّبَانِ",
            "30": "وَلَهُ الْجَوَارِ الْمُنْشَآتُ فِي الْبَحْرِ كَالْأَعْلَامِ",
            "31": "فَبِأَيِّ آلَاءِ رَبِّكُمَا تُكَذِّبَانِ",
            "32": "كُلُّ مَنْ عَلَيْهَا فَانٍ",
            "33": "وَيَبْقَىٰ وَجْهُ رَبِّكَ ذُو الْجَلَالِ وَالْإِكْرَامِ",
            "34": "فَبِأَيِّ آلَاءِ رَبِّكُمَا تُكَذِّبَانِ",
            "35": "يَسْأَلُهُ مَنْ فِي السَّمَاوَاتِ وَالْأَرْضِ ۚ كُلَّ يَوْمٍ هُوَ فِي شَأْنٍ",
            "36": "فَبِأَيِّ آلَاءِ رَبِّكُمَا تُكَذِّبَانِ",
            "37": "سَنَفْرُغُ لَكُمْ أَيُّهَ الثَّقَلَانِ",
            "38": "فَبِأَيِّ آلَاءِ رَبِّكُمَا تُكَذِّبَانِ",
            "39": "يَا مَعْشَرَ الْجِنِّ وَالْإِنْسِ إِنِ اسْتَطَعْتُمْ أَنْ تَنْفُذُوا مِنْ أَقْطَارِ السَّمَاوَاتِ وَالْأَرْضِ فَانْفُذُوا ۚ لَا تَنْفُذُونَ إِلَّا بِسُلْطَانٍ",
            "40": "فَبِأَيِّ آلَاءِ رَبِّكُمَا تُكَذِّبَانِ",
            "41": "يُرْسَلُ عَلَيْكُمَا شُوَاظٌ مِنْ نَارٍ وَنُحَاسٌ فَلَا تَنْتَصِرَانِ",
            "42": "فَبِأَيِّ آلَاءِ رَبِّكُمَا تُكَذِّبَانِ",
            "43": "فَإِذَا انْشَقَّتِ السَّمَاءُ فَكَانَتْ وَرْدَةً كَالدِّهَانِ",
            "44": "فَبِأَيِّ آلَاءِ رَبِّكُمَا تُكَذِّبَانِ",
            "45": "فَيَوْمَئِذٍ لَا يُسْأَلُ عَنْ ذَنْبِهِ إِنْسٌ وَلَا جَانٌّ",
            "46": "فَبِأَيِّ آلَاءِ رَبِّكُمَا تُكَذِّبَانِ",
            "47": "يُعْرَفُ الْمُجْرِمُونَ بِسِيمَاهُمْ فَيُؤْخَذُ بِالنَّوَاصِي وَالْأَقْدَامِ",
            "48": "فَبِأَيِّ آلَاءِ رَبِّكُمَا تُكَذِّبَانِ",
            "49": "هَٰذِهِ جَهَنَّمُ الَّتِي يُكَذِّبُ بِهَا الْمُجْرِمُونَ",
            "50": "يَطُوفُونَ بَيْنَهَا وَبَيْنَ حَمِيمٍ آنٍ",
            "51": "فَبِأَيِّ آلَاءِ رَبِّكُمَا تُكَذِّبَانِ",
            "52": "وَلِمَنْ خَافَ مَقَامَ رَبِّهِ جَنَّتَانِ",
            "53": "فَبِأَيِّ آلَاءِ رَبِّكُمَا تُكَذِّبَانِ",
            "54": "ذَوَاتَا أَفْنَانٍ",
            "55": "فَبِأَيِّ آلَاءِ رَبِّكُمَا تُكَذِّبَانِ",
            "56": "فِيهِمَا عَيْنَانِ تَجْرِيَانِ",
            "57": "فَبِأَيِّ آلَاءِ رَبِّكُمَا تُكَذِّبَانِ",
            "58": "فِيهِمَا مِنْ كُلِّ فَاكِهَةٍ زَوْجَانِ",
            "59": "فَبِأَيِّ آلَاءِ رَبِّكُمَا تُكَذِّبَانِ",
            "60": "مُتَّكِئِينَ عَلَىٰ فُرُشٍ بَطَائِنُهَا مِنْ إِسْتَبْرَقٍ ۚ وَجَنَى الْجَنَّتَيْنِ دَانٍ",
            "61": "فَبِأَيِّ آلَاءِ رَبِّكُمَا تُكَذِّبَانِ",
            "62": "فِيهِنَّ قَاصِرَاتُ الطَّرْفِ لَمْ يَطْمِثْهُنَّ إِنْسٌ قَبْلَهُمْ وَلَا جَانٌّ",
            "63": "فَبِأَيِّ آلَاءِ رَبِّكُمَا تُكَذِّبَانِ",
            "64": "كَأَنَّهُنَّ الْيَاقُوتُ وَالْمَرْجَانُ",
            "65": "فَبِأَيِّ آلَاءِ رَبِّكُمَا تُكَذِّبَانِ",
            "66": "هَلْ جَزَاءُ الْإِحْسَانِ إِلَّا الْإِحْسَانُ",
            "67": "فَبِأَيِّ آلَاءِ رَبِّكُمَا تُكَذِّبَانِ",
            "68": "وَمِنْ دُونِهِمَا جَنَّتَانِ",
            "69": "فَبِأَيِّ آلَاءِ رَبِّكُمَا تُكَذِّبَانِ",
            "70": "مُدْهَامَّتَانِ",
            "71": "فَبِأَيِّ آلَاءِ رَبِّكُمَا تُكَذِّبَانِ",
            "72": "فِيهِمَا عَيْنَانِ نَضَّاخَتَانِ",
            "73": "فَبِأَيِّ آلَاءِ رَبِّكُمَا تُكَذِّبَانِ",
          "74": "فِيهِمَا فَاكِهَةٌ وَنَخْلٌ وَرُمَّانٌ",
          "75": "فَبِأَيِّ آلَاءِ رَبِّكُمَا تُكَذِّبَانِ",
          "76": "فِيهِنَّ خَيْرَاتٌ حِسَانٌ",
          "77": "فَبِأَيِّ آلَاءِ رَبِّكُمَا تُكَذِّبَانِ",
          "78": "حُورٌ مَقْصُورَاتٌ فِي الْخِيَامِ",
          "79": "فَبِأَيِّ آلَاءِ رَبِّكُمَا تُكَذِّبَانِ",
          "80": "لَمْ يَطْمِثْهُنَّ إِنْسٌ قَبْلَهُمْ وَلَا جَانٌّ",
          "81": "فَبِأَيِّ آلَاءِ رَبِّكُمَا تُكَذِّبَانِ",
          "82": "مُتَّكِئِينَ عَلَىٰ رَفْرَفٍ خُضْرٍ وَعَبْقَرِيٍّ حِسَانٍ",
          "83": "فَبِأَيِّ آلَاءِ رَبِّكُمَا تُكَذِّبَانِ",
          "84": "تَبَارَكَ اسْمُ رَبِّكَ ذِي الْجَلَالِ وَالْإِكْرَامِ"
        },
        "farsi": {
         "7": "خداوند رحمان ",
            "8": " قرآن را آموزش داد ",
            "9": " انسان را آفرید ",
            "10": " به او بیان آموخت ",
            "11": " خورشید و ماه براساس حسابی [دقیق] در جریانند ",
            "12": " گیاه و درخت همواره [به پیشگاه حق] سجده می کنند ",
            "13": " آسمان را برافراشت، و [برای همۀ امور مادّی و معنوی] میزانِ سنجش قرار داد ",
            "14": " برای اینکه در ترازو [از حد لازم] تجاوز نکنید ",
            "15": " [در سنجیدن اشیاء] عدالت را رعایت کنید و [در دادوستد] از میزان نکاهید",
            "16": " و زمین را برای [بهره مندی] مردمان نهاد",
            "17": " که در آن انواع میوه ها و نخل ها با خوشه های غلاف دار است ",
            "18": " و نیز در آن دانه های سبوس دار و گیاهان [رنگارنگِ] خوشبوست ",
            "19": " پس [ای جنّ و انس] کدامیک از نعمت های پروردگارتان را انکار می کنید؟",
            "20": " انسان را از گِلی خشکیده چون سفال آفرید ",
            "21": " و جنّ را از شعله های صاف و بدون دود آتش به وجود آورد ",
            "22": " پس کدامیک از نعمت های پروردگارتان را انکار می کنید؟",
            "23": "  پروردگار دو مشرق و پروردگار دو مغرب است ",
            "24": " پس کدامیک از نعمت های پروردگارتان را انکار می کنید؟",
            "25": " دو دریا [ی شیرین و شور] را به هم درآمیخت، درحالی که همواره به هم پیوسته و تلاقی دارند ",
            "26": "[ولی] میان آن دو حایلی است که [به هم] تجاوز نمی کنند [در نتیجه باهم مخلوط نمی شوند]!",
            "27": " پس کدامیک از نعمت های پروردگارتان را انکار می کنید؟",
            "28": " از آن دو [دریا] لؤلؤ و مرجان بیرون می آید ",
            "29": " پس کدامیک از نعمت های پروردگارتان را انکار می کنید؟",
            "30": " کشتی های کوه آسای بادبان برافراشته که در دریاهاست، در سیطرۀ اراده و مالکیت اوست ",
            "31": " پس کدامیک از نعمت های پروردگارتان را انکار می کنید ؟",
            "32": " همۀ زمینیان فانی شدنی اند ",
            "33": " و فقط ذات باشکوه و ارجمند پروردگارت باقی است",
            "34": " پس کدامیک از نعمت های پروردگارتان را انکار می کنید؟",
            "35": " هرکه در آسمان هاو زمین است [وسائل تأمین کننده نیازهایش را] از او درخواست می کند، و او هر روز در کاری است ",
            "36": " پس کدامیک از نعمت های پروردگارتان را انکار می کنید؟",
            "37": " ای انس و جنّ! یقیناً به [حساب] شما خواهیم پرداخت ",
            "38": " پس کدامیک از نعمت های پروردگارتان را انکار می کنید؟",
            "39": " ای گروه جنّ و انس! اگر می توانید از کرانه های آسمان و زمین بیرون روید پس بیرون روید، ولی جز با قدرتی ویژه نمی توانید بیرون روید ",
            "40": " پس کدامیک از نعمت های پروردگارتان را انکار می کنید؟",
            "41": " [در قیامت] بر شما شعله هایی بی دود از آتش، و دودِ آتش آلود فرستاده می شود، و نمی توانید یکدیگر را [برای دفع آن] یاری دهید ",
            "42": " پس کدامیک از نعمت های پروردگارتان را انکار می کنید؟",
            "43": " در آن هنگام آسمان بشکافد، و همانند چرمی گلگون گردد ",
            "44": " پس کدامیک از نعمت های پروردگارتان را انکار می کنید؟",
            "45": " در آن روز از گناه هیچ انس و جنّی [به سبب روشن بودنِ اوضاع و احوالش] پرسیده نمی شود ",
            "46": " پس کدامیک از نعمت های پروردگارتان را انکار می کنید؟",
            "47": " گناه پیشگان را از نشانه هایشان می شناسند، پس موهای جلوی سر و پاهایشان را می گیرند [و به دوزخشان می اندازند ]",
            "48": " پس کدامیک از نعمت های پروردگارتان را انکار می کنید؟",
            "49": " این دوزخی است که گناه پیشگان منکر آن بودند ",
            "50": " میان آتش و آبی بسیار داغ و سوزنده رفت وآمد می کنند!",
            "51": " پس کدامیک از نعمت های پروردگارتان را انکار می کنید؟",
            "52": " برای کسی که از ایستادن در پیشگاه پروردگارش [جهت حسابرسی] بترسد دو بهشت است ",
            "53": " پس کدامیک از نعمت های پروردگارتان را انکار می کنید؟",
            "54": " [دو بهشتی] که دارای درختانی پر شاخ و برگ و باطراوتند",
            "55": " پس کدامیک از نعمت های پروردگارتان را انکار می کنید؟",
            "56": " در آن دو [بهشت] همیشه دو چشمۀ پُرآب جاری است ",
            "57": " پس کدامیک از نعمت های پروردگارتان را انکار می کنید؟",
            "58": " در آن [دو بهشت] از هر میوه ای دو گونۀ متفاوت وجود دارد ",
            "59": " پس کدامیک از نعمت های پروردگارتان را انکار می کنید؟",
            "60": " [بهشتیان] بر بسترهایی که آستری آن ها از حریر درشت باف است تکیه می زنند، و میوه های رسیدۀ آن دو بهشت [به آسانی] در دسترس است ",
            "61": " پس کدامیک از نعمت های پروردگارتان را انکار می کنید؟",
            "62": " در آن ها زنانی هستند که فقط به شوهرانشان عشق می ورزند که پیش از آن شوهران، دست هیچ انس و جنّی به آنان نرسیده است ",
            "63": " پس کدامیک از نعمت های پروردگارتان را انکار می کنید؟",
            "64": " آن زنان [در زیبایی و جذابیت] گویی یاقوت و مرجانند ",
            "65": " پس کدامیک از نعمت های پروردگارتان را انکار می کنید؟",
            "66": " آیا پاداش نیکی جز نیکی است؟",
            "67": " پس کدامیک از نعمت های پروردگارتان را انکار می کنید؟",
            "68": "به جز آن [دو بهشت]، دو بهشتِ [دیگر نیز برای آنان فراهم] است ",
            "69": " پس کدامیک از نعمت های پروردگارتان را انکار می کنید؟",
            "70": " سرسبزی آن دو [بهشتِ دیگر و طراوت درختانش] به اوج زیبایی رسیده است ",
            "71": " پس کدام یک از نعمت های پروردگارتان را انکار می کنید؟",
            "72": " در آن دو [بهشت همیشه] دو چشمۀ جوشان [و در حال فوران] است ",
            "73": " پس کدام یک از نعمت های پروردگارتان را انکار می کنید؟",
          "74": " در آن دو بهشت [انواع] میوه ها و درخت خرما و انار است ",
          "75": " پس کدامیک از نعمت های پروردگارتان را انکار می کنید؟",
          "76": " در آن ها زنانی نیکوسیرت و زیباصورتند ",
          "77": " پس کدامیک از نعمت های پروردگارتان را انکار می کنید؟",
          "78": " حوریانی پرده نشین که در خیمه هایند",
          "79": " پس کدامیک از نعمت های پروردگارتان را انکار می کنید؟",
          "80": " پیش از شوهرانِ بهشتی خود، دست هیچ انس و جنّی به آنان نرسیده است ",
          "81": " پس کدامیک از نعمت های پروردگارتان را انکار می کنید؟",
          "82": " [بهشتیان] بر بالش های سبز و فرش های زیبا و فاخر تکیه می زنند ",
          "83": " پس کدامیک از نعمت های پروردگارتان را انکار می کنید؟",
          "84": " نام پروردگارِ پُرشکوه و ارجمندت [همیشه] خجسته و پُرخیر است"
        },
      "tozih": {
        "1": ""
      }
    }
}