{
    "56": {
        "number": 56,"bab": 4,
        "title": "سوره واقعه", "delay": 11,
        "arabic": {
        "12": "إِذَا وَقَعَتِ الْوَاقِعَةُ",
            "13": "لَيْسَ لِوَقْعَتِهَا كَاذِبَةٌ",
            "14": "خَافِضَةٌ رَافِعَةٌ",
            "15": "إِذَا رُجَّتِ الْأَرْضُ رَجًّا",
            "16": "وَبُسَّتِ الْجِبَالُ بَسًّا",
            "17": "فَكَانَتْ هَبَاءً مُنْبَثًّا",
            "18": "وَكُنْتُمْ أَزْوَاجًا ثَلَاثَةً",
            "19": "فَأَصْحَابُ الْمَيْمَنَةِ مَا أَصْحَابُ الْمَيْمَنَةِ",
            "20": "وَأَصْحَابُ الْمَشْأَمَةِ مَا أَصْحَابُ الْمَشْأَمَةِ",
            "21": "وَالسَّابِقُونَ السَّابِقُونَ",
            "22": "أُولَٰئِكَ الْمُقَرَّبُونَ",
            "23": "فِي جَنَّاتِ النَّعِيمِ",
            "24": "ثُلَّةٌ مِنَ الْأَوَّلِينَ",
            "25": "وَقَلِيلٌ مِنَ الْآخِرِينَ",
            "26": "عَلَىٰ سُرُرٍ مَوْضُونَةٍ",
            "27": "مُتَّكِئِينَ عَلَيْهَا مُتَقَابِلِينَ",
            "28": "يَطُوفُ عَلَيْهِمْ وِلْدَانٌ مُخَلَّدُونَ",
            "29": "بِأَكْوَابٍ وَأَبَارِيقَ وَكَأْسٍ مِنْ مَعِينٍ",
            "30": "لَا يُصَدَّعُونَ عَنْهَا وَلَا يُنْزِفُونَ",
            "31": "وَفَاكِهَةٍ مِمَّا يَتَخَيَّرُونَ",
            "32": "وَلَحْمِ طَيْرٍ مِمَّا يَشْتَهُونَ",
            "33": "وَحُورٌ عِينٌ",
            "34": "كَأَمْثَالِ اللُّؤْلُؤِ الْمَكْنُونِ",
            "35": "جَزَاءً بِمَا كَانُوا يَعْمَلُونَ",
            "36": "لَا يَسْمَعُونَ فِيهَا لَغْوًا وَلَا تَأْثِيمًا",
            "37": "إِلَّا قِيلًا سَلَامًا سَلَامًا",
            "38": "وَأَصْحَابُ الْيَمِينِ مَا أَصْحَابُ الْيَمِينِ",
            "39": "فِي سِدْرٍ مَخْضُودٍ",
            "40": "وَطَلْحٍ مَنْضُودٍ",
            "41": "وَظِلٍّ مَمْدُودٍ",
            "42": "وَمَاءٍ مَسْكُوبٍ",
            "43": "وَفَاكِهَةٍ كَثِيرَةٍ",
            "44": "لَا مَقْطُوعَةٍ وَلَا مَمْنُوعَةٍ",
            "45": "وَفُرُشٍ مَرْفُوعَةٍ",
            "46": "إِنَّا أَنْشَأْنَاهُنَّ إِنْشَاءً",
            "47": "فَجَعَلْنَاهُنَّ أَبْكَارًا",
            "48": "عُرُبًا أَتْرَابًا",
            "49": "لِأَصْحَابِ الْيَمِينِ",
            "50": "ثُلَّةٌ مِنَ الْأَوَّلِينَ",
            "51": "وَثُلَّةٌ مِنَ الْآخِرِينَ",
            "52": "وَأَصْحَابُ الشِّمَالِ مَا أَصْحَابُ الشِّمَالِ",
            "53": "فِي سَمُومٍ وَحَمِيمٍ",
            "54": "وَظِلٍّ مِنْ يَحْمُومٍ",
            "55": "لَا بَارِدٍ وَلَا كَرِيمٍ",
            "56": "إِنَّهُمْ كَانُوا قَبْلَ ذَٰلِكَ مُتْرَفِينَ",
            "57": "وَكَانُوا يُصِرُّونَ عَلَى الْحِنْثِ الْعَظِيمِ",
            "58": "وَكَانُوا يَقُولُونَ أَئِذَا مِتْنَا وَكُنَّا تُرَابًا وَعِظَامًا أَإِنَّا لَمَبْعُوثُونَ",
            "59": "أَوَآبَاؤُنَا الْأَوَّلُونَ",
            "60": "قُلْ إِنَّ الْأَوَّلِينَ وَالْآخِرِينَ",
            "61": "لَمَجْمُوعُونَ إِلَىٰ مِيقَاتِ يَوْمٍ مَعْلُومٍ",
            "62": "ثُمَّ إِنَّكُمْ أَيُّهَا الضَّالُّونَ الْمُكَذِّبُونَ",
            "63": "لَآكِلُونَ مِنْ شَجَرٍ مِنْ زَقُّومٍ",
            "64": "فَمَالِئُونَ مِنْهَا الْبُطُونَ",
            "65": "فَشَارِبُونَ عَلَيْهِ مِنَ الْحَمِيمِ",
            "66": "فَشَارِبُونَ شُرْبَ الْهِيمِ",
            "67": "هَٰذَا نُزُلُهُمْ يَوْمَ الدِّينِ",
            "68": "نَحْنُ خَلَقْنَاكُمْ فَلَوْلَا تُصَدِّقُونَ",
            "69": "أَفَرَأَيْتُمْ مَا تُمْنُونَ",
            "70": "أَأَنْتُمْ تَخْلُقُونَهُ أَمْ نَحْنُ الْخَالِقُونَ",
            "71": "نَحْنُ قَدَّرْنَا بَيْنَكُمُ الْمَوْتَ وَمَا نَحْنُ بِمَسْبُوقِينَ",
            "72": "عَلَىٰ أَنْ نُبَدِّلَ أَمْثَالَكُمْ وَنُنْشِئَكُمْ فِي مَا لَا تَعْلَمُونَ",
            "73": "وَلَقَدْ عَلِمْتُمُ النَّشْأَةَ الْأُولَىٰ فَلَوْلَا تَذَكَّرُونَ",
            "74": "أَفَرَأَيْتُمْ مَا تَحْرُثُونَ",
            "75": "أَأَنْتُمْ تَزْرَعُونَهُ أَمْ نَحْنُ الزَّارِعُونَ",
            "76": "لَوْ نَشَاءُ لَجَعَلْنَاهُ حُطَامًا فَظَلْتُمْ تَفَكَّهُونَ",
            "77": "إِنَّا لَمُغْرَمُونَ",
            "78": "بَلْ نَحْنُ مَحْرُومُونَ",
            "79": "أَفَرَأَيْتُمُ الْمَاءَ الَّذِي تَشْرَبُونَ",
            "80": "أَأَنْتُمْ أَنْزَلْتُمُوهُ مِنَ الْمُزْنِ أَمْ نَحْنُ الْمُنْزِلُونَ",
            "81": "لَوْ نَشَاءُ جَعَلْنَاهُ أُجَاجًا فَلَوْلَا تَشْكُرُونَ",
            "82": "أَفَرَأَيْتُمُ النَّارَ الَّتِي تُورُونَ",
            "83": "أَأَنْتُمْ أَنْشَأْتُمْ شَجَرَتَهَا أَمْ نَحْنُ الْمُنْشِئُونَ",
            "84": "نَحْنُ جَعَلْنَاهَا تَذْكِرَةً وَمَتَاعًا لِلْمُقْوِينَ",
            "85": "فَسَبِّحْ بِاسْمِ رَبِّكَ الْعَظِيمِ",
            "86": "فَلَا أُقْسِمُ بِمَوَاقِعِ النُّجُومِ",
            "87": "وَإِنَّهُ لَقَسَمٌ لَوْ تَعْلَمُونَ عَظِيمٌ",
            "88": "إِنَّهُ لَقُرْآنٌ كَرِيمٌ",
            "89": "فِي كِتَابٍ مَكْنُونٍ",
            "90": "لَا يَمَسُّهُ إِلَّا الْمُطَهَّرُونَ",
            "91": "تَنْزِيلٌ مِنْ رَبِّ الْعَالَمِينَ",
            "92": "أَفَبِهَٰذَا الْحَدِيثِ أَنْتُمْ مُدْهِنُونَ",
            "93": "وَتَجْعَلُونَ رِزْقَكُمْ أَنَّكُمْ تُكَذِّبُونَ",
            "94": "فَلَوْلَا إِذَا بَلَغَتِ الْحُلْقُومَ",
            "95": "وَأَنْتُمْ حِينَئِذٍ تَنْظُرُونَ",
            "96": "وَنَحْنُ أَقْرَبُ إِلَيْهِ مِنْكُمْ وَلَٰكِنْ لَا تُبْصِرُونَ",
            "97": "فَلَوْلَا إِنْ كُنْتُمْ غَيْرَ مَدِينِينَ",
            "98": "تَرْجِعُونَهَا إِنْ كُنْتُمْ صَادِقِينَ",
            "99": "فَأَمَّا إِنْ كَانَ مِنَ الْمُقَرَّبِينَ",
            "100": "فَرَوْحٌ وَرَيْحَانٌ وَجَنَّتُ نَعِيمٍ",
            "101": "وَأَمَّا إِنْ كَانَ مِنْ أَصْحَابِ الْيَمِينِ",
            "102": "فَسَلَامٌ لَكَ مِنْ أَصْحَابِ الْيَمِينِ",
            "103": "وَأَمَّا إِنْ كَانَ مِنَ الْمُكَذِّبِينَ الضَّالِّينَ",
            "104": "فَنُزُلٌ مِنْ حَمِيمٍ",
            "105": "وَتَصْلِيَةُ جَحِيمٍ",
            "106": "إِنَّ هَٰذَا لَهُوَ حَقُّ الْيَقِينِ",
            "107": "فَسَبِّحْ بِاسْمِ رَبِّكَ الْعَظِيمِ"
        },
        "farsi": {
            "12": "هنگامی که حادثۀ [بسیار مهمِ قیامت] رخ دهد",
            "13": " که در رخ دادنش هیچ دروغی در کار نیست ",
            "14": " پَست کنندۀ [کافران] و بالابرنده [مؤمنان] است ",
            "15": " چون [همۀ] زمین را به شدت بلرزانند ",
            "16": " و کوه ها را درهم کوبیده و متلاشی کنند",
            "17": " در نتیجه چون غباری پراکنده گردند ",
            "18": " شما [در آن روز] سه گروه خواهید بود ",
            "19": " سعادتمندان، چه بلندمرتبه اند سعادتمندان!",
            "20": " نگون بختان، چه دون پایه اند نگون بختان!",
            "21": " پیشتازان [به همۀ خیرات]، که پیشتازان [به پاداشِ بی نهایت]ند",
            "22": " اینان مقرّبانِ [پیشگاه پروردگار]ند ",
            "23": " در بهشت های پُر از نعمت [جای دارند] ",
            "24": " گروهی بسیار از پیشینیان ",
            "25": " و اندکی از پسینیان ",
            "26": " بر تخت هایی جواهرنشان [قرار دارند ]",
            "27": " درحالی که روبه روی یکدیگر بر آن ها تکیه زده اند ",
            "28": " پسرانی همیشه نوجوان [همواره برای پذیرایی] گرداگردشان می گردند ",
            "29": " با قدح ها و کوزه ها و جام هایی از بادۀ روان و پاک ",
            "30": "که از [نوشیدن] آن نه سردرد می گیرند، و نه مست و بی عقل می شوند ",
            "31": " با [انواع] میوه هایی که انتخاب کنند ",
            "32": " و گوشت پرندگان از هرگونه ای که بخواهند ",
            "33": " و حوریانی زیباچشم ",
            "34": " چون لؤلؤِ نهفته [در صدف ]",
            "35": " پاداشی است [ارزشمند] در برابر اعمال نیکی که همواره انجام می دادند ",
            "36": " در آن جا نه [سخن] بیهوده ای و نه نسبت های ناروا و دروغ می شنوند",
            "37": " مگر سخنی سلام و درود پی درپی است ",
            "38": " سعادتمندان، چه بلندمرتبه اند سعادتمندان!",
            "39": " [گشت و گذارشان] در میان [درختانِ] سِدر بی خار [است] ",
            "40": "و درختان موزی که میوه هایش خوشه خوشه روی هم چیده شده ",
            "41": " و سایه ای گسترده [و پایدار] ",
            "42": " و آبی همیشه ریزان ",
            "43": " و انواع میوه های فراوان ",
            "44": " که نه پایان می پذیرد، و نه ممنوع می شود ",
            "45": " [دارای] همسرانی بلندمرتبه[ اند]،",
            "46": " که آنان را به صورتِ آفرینشی ویژه به وجود آورده ایم ",
            "47": "و [همواره] دوشیزه قرارشان داده ایم ",
            "48": " عشق ورزانی [به شوهران، و] هم  سنّ و سال [با آنان] ",
            "49": " [همۀ این نعمت ها] برای سعادتمندان [است] ",
            "50": " [که] گروهی بسیار از پیشینیان ",
            "51": " و گروهی بسیار از پسینیان [هستند] ",
            "52": "و نگون بختان، چه دون پایه اند نگون بختان!",
            "53": " [جایگاهشان] در میان بادِ سوزانِ [دوزخ]، و آبی بسیار داغ [است] ",
            "54": " و سایه ای از دودهای متراکمِ سیاه ",
            "55": " که نه خنک است و نه سودمند ",
            "56": "زیرا اینان پیش از این، خوش گذرانانی هوسران [و ستمگر به مردم] بودند ",
            "57": " و همواره پافشاری بر گناهان بزرگ داشتند ",
            "58": " و پیوسته می گفتند: آیا زمانی که مُردیم و خاک و استخوان شدیم حتماً برانگیخته می شویم؟",
            "59": " آیا پدرانِ گذشتۀ ما [نیز برانگیخته می شوند]؟",
            "60": " بگو: مسلّماً اولین و آخرین ",
            "61": " در وعده گاهِ روزی معین جمعشان خواهند کرد ",
            "62": " سپس شما ای منحرفانِ منکر [حقایق]!",
            "63": " حتماً از درختی که از جنس زَقّوم است [و مایعی بسیار داغ و بدمزه از آن بیرون می آید] می خورید ",
            "64": " و شکم ها را از آن پُر می کنید",
            "65": " و روی آن از آب بسیار داغ می نوشید ",
            "66": " چون نوشیدنِ شترانِ تشنه",
            "67": " این است پذیرایی آنان در روز جزا!",
            "68": " ما شما را آفریدیم، پس چرا [آفرینشِ دوبارۀ خود را پس از مرگ] باور نمی کنید؟!",
            "69": " به من خبر دهید نطفه ای که [در رحِم] می ریزید، [چه نقشی در رشد و پرورش و تبدیل کردنش به انسانی معتدل و عاقل دارید؟]",
            "70": " به راستی آفریننده اش شمایید یا ما آفریننده ایم؟",
            "71": " ما مرگ را میان شما مقدّر کردیم، و ما [در جاری کردنِ مرگ بر شما] مغلوبِ [چیزی] نیستیم",
            "72": " [تقدیر ما در مورد مرگِ شما] برای این است که امثال شما را جایگزینتان کنیم، و شما را [پس از مرگ] به کیفیتی که نمی دانید [در آفرینشی جدید] درآوریم ",
            "73": "مسلّماًشما آفرینش نخستین [خود] را شناختید، پس چرا [آفرینش خود را در جهانِ دیگر] دقت و توجه نمی کنید؟",
            "74": " مرا خبر دهید آنچه را می کارید ",
            "75": " آیا شما آن را [از دل خاک] می رویانید، یا ما رویاننده ایم؟",
            "76": " اگر بخواهیم آن را خس و خاشاک می کنیم، پس شما شگفت زده می شوید",
            "77": " [از شدت اندوه می گویید :] همانا ما خسارت زده ایم",
            "78": " بلکه [از خوراک و خرید و فروش و تأمین نیازهایمان] دچار محرومیت شدیم ",
            "79": " به من خبر دهید این آبی که می نوشید ",
            "80": " آیا شما آن را از ابرِ باران زا فرود آورده اید، یا ما فرودآورنده ایم؟",
            "81": " اگر اراده کنیم شور و تلخش می کنیم، پس چرا شکر [نعمت های بی شمار مرا] به جا نمی آورید؟",
            "82": " به من خبر دهید آتشی که می افروزید ",
            "83": " آیا درخت [آتش زنه ] آن را شما پدید آورده اید، یا ما پدیدآورنده ایم؟",
            "84": " ما آن را مایۀ هشیاری شما [نسبت به قدرت و ربوبیت خود،] و وسیلۀ استفادۀ مسافران و بیابانگردان قرار داده ایم ",
            "85": " پس [با توجه به همۀ آن حقایق که شمّه ای از ربوبیت و حکمت اوست،] به نام پروردگار بزرگت [او را به پاک بودن از هر عیب و نقصی] ستایش کن",
            "86": " به جایگاه ستارگان سوگند می خورم !",
            "87": " که اگر بدانید مسلماً آن سوگندی بس بزرگ است ",
            "88": " به راستی این قرآنی ارجمند و گرانمایه است",
            "89": "که در کتابی [مصون از هر دگرگونی چون لوح محفوظ] جای دارد",
            "90": " جز پاکان [که روح و عقل و قلبشان پیراسته از هر آلودگی است] به [حقایق و لطایف و اَسرار] آن نمی رسند ",
            "91": " نازل شدۀ از سوی پروردگار جهانیان است ",
            "92": " [با این اوصافی که قرآن دارد] آیا شما این کلام جدید و بی سابقه را سبُک شمرده، به استهزا می گیرید؟!",
            "93": " و سهم خود را این قرار می دهید که به شدت [آن را] انکار کنید؟!",
            "94": " [اگر انکارتان دربارۀ قیامت و آیاتِ خبردهندۀ از آن درست است، و مرگ را امری اتفاقی و خارج از ارادۀ خدا می دانید] پس چرا هنگامی که [جان] به گلو می رسد",
            "95": " و شما در آن لحظۀ [هولناک] تماشاگرِ [جان  کندنِ محتضر] هستید ",
            "96": " درحالی که ما از شما به او نزدیک تریم، ولی شما [این حقیقت را] نمی بینید ",
            "97": " اگر بنده نبودید [و از خود قدرت و سلطنتی داشتید]",
            "98": " چنانچه راست می گویید چرا [جان را به بدنِ محتضر] برنمی گردانید [تا عمرش پایان نیابد و به زندگی بازگردد]؟!",
            "99": " پس اگر [محتضر] از مقرّبان باشد ",
            "100": " [برای او] راحتی و عطایی ویژه و بهشت پُرنعمت [است] ",
            "101": " و اگر از سعادتمندان باشد ",
            "102": " [به او گویند:] بر تو از سوی سعادتمندان درود و سلام باد !",
            "103": " و اما اگر از انکارکنندگانِ منحرف باشد ",
            "104": " پذیرایی [از او] با آبی بسیار داغ ",
            "105": " و واردشدن به دوزخ است ",
            "106": " بی تردید این [اموری که در آیات این سوره بیان شد] واقعیتی یقینی [و غیرقابل تردید] است ",
            "107": " پس به نام پروردگار بزرگت [او را به پاک بودن از هر عیب و نقصی] ستایش کن !"
        },
        "tozih": {
            "1": ""
        }
    }
}