{
  "2": {
    "number": 2,
        "title": "سورة الحديد",
      "bab": 4,
      "delay": 20,
      "arabic": {
        "21": "سَبَّحَ لِلَّهِ مَا فِي السَّمَاوَاتِ وَالْأَرْضِ ۖ وَهُوَ الْعَزِيزُ الْحَكِيمُ",
            "22": "لَهُ مُلْكُ السَّمَاوَاتِ وَالْأَرْضِ ۖ يُحْيِي وَيُمِيتُ ۖ وَهُوَ عَلَىٰ كُلِّ شَيْءٍ قَدِيرٌ",
            "23": "هُوَ الْأَوَّلُ وَالْآخِرُ وَالظَّاهِرُ وَالْبَاطِنُ ۖ وَهُوَ بِكُلِّ شَيْءٍ عَلِيمٌ",
            "24": "هُوَ الَّذِي خَلَقَ السَّمَاوَاتِ وَالْأَرْضَ فِي سِتَّةِ أَيَّامٍ ثُمَّ اسْتَوَىٰ عَلَى الْعَرْشِ ۚ يَعْلَمُ مَا يَلِجُ فِي الْأَرْضِ وَمَا يَخْرُجُ مِنْهَا وَمَا يَنْزِلُ مِنَ السَّمَاءِ وَمَا يَعْرُجُ فِيهَا ۖ وَهُوَ مَعَكُمْ أَيْنَ مَا كُنْتُمْ ۚ وَاللَّهُ بِمَا تَعْمَلُونَ بَصِيرٌ",
            "25": "لَهُ مُلْكُ السَّمَاوَاتِ وَالْأَرْضِ ۚ وَإِلَى اللَّهِ تُرْجَعُ الْأُمُورُ",
            "26": "يُولِجُ اللَّيْلَ فِي النَّهَارِ وَيُولِجُ النَّهَارَ فِي اللَّيْلِ ۚ وَهُوَ عَلِيمٌ بِذَاتِ الصُّدُورِ",
            "27": "آمِنُوا بِاللَّهِ وَرَسُولِهِ وَأَنْفِقُوا مِمَّا جَعَلَكُمْ مُسْتَخْلَفِينَ فِيهِ ۖ فَالَّذِينَ آمَنُوا مِنْكُمْ وَأَنْفَقُوا لَهُمْ أَجْرٌ كَبِيرٌ",
            "28": "وَمَا لَكُمْ لَا تُؤْمِنُونَ بِاللَّهِ ۙ وَالرَّسُولُ يَدْعُوكُمْ لِتُؤْمِنُوا بِرَبِّكُمْ وَقَدْ أَخَذَ مِيثَاقَكُمْ إِنْ كُنْتُمْ مُؤْمِنِينَ",
            "29": "هُوَ الَّذِي يُنَزِّلُ عَلَىٰ عَبْدِهِ آيَاتٍ بَيِّنَاتٍ لِيُخْرِجَكُمْ مِنَ الظُّلُمَاتِ إِلَى النُّورِ ۚ وَإِنَّ اللَّهَ بِكُمْ لَرَءُوفٌ رَحِيمٌ",
            "30": "وَمَا لَكُمْ أَلَّا تُنْفِقُوا فِي سَبِيلِ اللَّهِ وَلِلَّهِ مِيرَاثُ السَّمَاوَاتِ وَالْأَرْضِ ۚ لَا يَسْتَوِي مِنْكُمْ مَنْ أَنْفَقَ مِنْ قَبْلِ الْفَتْحِ وَقَاتَلَ ۚ أُولَٰئِكَ أَعْظَمُ دَرَجَةً مِنَ الَّذِينَ أَنْفَقُوا مِنْ بَعْدُ وَقَاتَلُوا ۚ وَكُلًّا وَعَدَ اللَّهُ الْحُسْنَىٰ ۚ وَاللَّهُ بِمَا تَعْمَلُونَ خَبِيرٌ",
            "31": "مَنْ ذَا الَّذِي يُقْرِضُ اللَّهَ قَرْضًا حَسَنًا فَيُضَاعِفَهُ لَهُ وَلَهُ أَجْرٌ كَرِيمٌ",
            "32": "يَوْمَ تَرَى الْمُؤْمِنِينَ وَالْمُؤْمِنَاتِ يَسْعَىٰ نُورُهُمْ بَيْنَ أَيْدِيهِمْ وَبِأَيْمَانِهِمْ بُشْرَاكُمُ الْيَوْمَ جَنَّاتٌ تَجْرِي مِنْ تَحْتِهَا الْأَنْهَارُ خَالِدِينَ فِيهَا ۚ ذَٰلِكَ هُوَ الْفَوْزُ الْعَظِيمُ",
            "33": "يَوْمَ يَقُولُ الْمُنَافِقُونَ وَالْمُنَافِقَاتُ لِلَّذِينَ آمَنُوا انْظُرُونَا نَقْتَبِسْ مِنْ نُورِكُمْ قِيلَ ارْجِعُوا وَرَاءَكُمْ فَالْتَمِسُوا نُورًا فَضُرِبَ بَيْنَهُمْ بِسُورٍ لَهُ بَابٌ بَاطِنُهُ فِيهِ الرَّحْمَةُ وَظَاهِرُهُ مِنْ قِبَلِهِ الْعَذَابُ",
            "34": "يُنَادُونَهُمْ أَلَمْ نَكُنْ مَعَكُمْ ۖ قَالُوا بَلَىٰ وَلَٰكِنَّكُمْ فَتَنْتُمْ أَنْفُسَكُمْ وَتَرَبَّصْتُمْ وَارْتَبْتُمْ وَغَرَّتْكُمُ الْأَمَانِيُّ حَتَّىٰ جَاءَ أَمْرُ اللَّهِ وَغَرَّكُمْ بِاللَّهِ الْغَرُورُ",
            "35": "فَالْيَوْمَ لَا يُؤْخَذُ مِنْكُمْ فِدْيَةٌ وَلَا مِنَ الَّذِينَ كَفَرُوا ۚ مَأْوَاكُمُ النَّارُ ۖ هِيَ مَوْلَاكُمْ ۖ وَبِئْسَ الْمَصِيرُ",
            "36": "أَلَمْ يَأْنِ لِلَّذِينَ آمَنُوا أَنْ تَخْشَعَ قُلُوبُهُمْ لِذِكْرِ اللَّهِ وَمَا نَزَلَ مِنَ الْحَقِّ وَلَا يَكُونُوا كَالَّذِينَ أُوتُوا الْكِتَابَ مِنْ قَبْلُ فَطَالَ عَلَيْهِمُ الْأَمَدُ فَقَسَتْ قُلُوبُهُمْ ۖ وَكَثِيرٌ مِنْهُمْ فَاسِقُونَ",
            "37": "اعْلَمُوا أَنَّ اللَّهَ يُحْيِي الْأَرْضَ بَعْدَ مَوْتِهَا ۚ قَدْ بَيَّنَّا لَكُمُ الْآيَاتِ لَعَلَّكُمْ تَعْقِلُونَ",
            "38": "إِنَّ الْمُصَّدِّقِينَ وَالْمُصَّدِّقَاتِ وَأَقْرَضُوا اللَّهَ قَرْضًا حَسَنًا يُضَاعَفُ لَهُمْ وَلَهُمْ أَجْرٌ كَرِيمٌ",
            "39": "وَالَّذِينَ آمَنُوا بِاللَّهِ وَرُسُلِهِ أُولَٰئِكَ هُمُ الصِّدِّيقُونَ ۖ وَالشُّهَدَاءُ عِنْدَ رَبِّهِمْ لَهُمْ أَجْرُهُمْ وَنُورُهُمْ ۖ وَالَّذِينَ كَفَرُوا وَكَذَّبُوا بِآيَاتِنَا أُولَٰئِكَ أَصْحَابُ الْجَحِيمِ",
            "40": "اعْلَمُوا أَنَّمَا الْحَيَاةُ الدُّنْيَا لَعِبٌ وَلَهْوٌ وَزِينَةٌ وَتَفَاخُرٌ بَيْنَكُمْ وَتَكَاثُرٌ فِي الْأَمْوَالِ وَالْأَوْلَادِ ۖ كَمَثَلِ غَيْثٍ أَعْجَبَ الْكُفَّارَ نَبَاتُهُ ثُمَّ يَهِيجُ فَتَرَاهُ مُصْفَرًّا ثُمَّ يَكُونُ حُطَامًا ۖ وَفِي الْآخِرَةِ عَذَابٌ شَدِيدٌ وَمَغْفِرَةٌ مِنَ اللَّهِ وَرِضْوَانٌ ۚ وَمَا الْحَيَاةُ الدُّنْيَا إِلَّا مَتَاعُ الْغُرُورِ",
            "41": "سَابِقُوا إِلَىٰ مَغْفِرَةٍ مِنْ رَبِّكُمْ وَجَنَّةٍ عَرْضُهَا كَعَرْضِ السَّمَاءِ وَالْأَرْضِ أُعِدَّتْ لِلَّذِينَ آمَنُوا بِاللَّهِ وَرُسُلِهِ ۚ ذَٰلِكَ فَضْلُ اللَّهِ يُؤْتِيهِ مَنْ يَشَاءُ ۚ وَاللَّهُ ذُو الْفَضْلِ الْعَظِيمِ",
            "42": "مَا أَصَابَ مِنْ مُصِيبَةٍ فِي الْأَرْضِ وَلَا فِي أَنْفُسِكُمْ إِلَّا فِي كِتَابٍ مِنْ قَبْلِ أَنْ نَبْرَأَهَا ۚ إِنَّ ذَٰلِكَ عَلَى اللَّهِ يَسِيرٌ",
            "43": "لِكَيْلَا تَأْسَوْا عَلَىٰ مَا فَاتَكُمْ وَلَا تَفْرَحُوا بِمَا آتَاكُمْ ۗ وَاللَّهُ لَا يُحِبُّ كُلَّ مُخْتَالٍ فَخُورٍ",
            "44": "الَّذِينَ يَبْخَلُونَ وَيَأْمُرُونَ النَّاسَ بِالْبُخْلِ ۗ وَمَنْ يَتَوَلَّ فَإِنَّ اللَّهَ هُوَ الْغَنِيُّ الْحَمِيدُ",
            "45": "لَقَدْ أَرْسَلْنَا رُسُلَنَا بِالْبَيِّنَاتِ وَأَنْزَلْنَا مَعَهُمُ الْكِتَابَ وَالْمِيزَانَ لِيَقُومَ النَّاسُ بِالْقِسْطِ ۖ وَأَنْزَلْنَا الْحَدِيدَ فِيهِ بَأْسٌ شَدِيدٌ وَمَنَافِعُ لِلنَّاسِ وَلِيَعْلَمَ اللَّهُ مَنْ يَنْصُرُهُ وَرُسُلَهُ بِالْغَيْبِ ۚ إِنَّ اللَّهَ قَوِيٌّ عَزِيزٌ",
            "46": "وَلَقَدْ أَرْسَلْنَا نُوحًا وَإِبْرَاهِيمَ وَجَعَلْنَا فِي ذُرِّيَّتِهِمَا النُّبُوَّةَ وَالْكِتَابَ ۖ فَمِنْهُمْ مُهْتَدٍ ۖ وَكَثِيرٌ مِنْهُمْ فَاسِقُونَ",
            "47": "ثُمَّ قَفَّيْنَا عَلَىٰ آثَارِهِمْ بِرُسُلِنَا وَقَفَّيْنَا بِعِيسَى ابْنِ مَرْيَمَ وَآتَيْنَاهُ الْإِنْجِيلَ وَجَعَلْنَا فِي قُلُوبِ الَّذِينَ اتَّبَعُوهُ رَأْفَةً وَرَحْمَةً وَرَهْبَانِيَّةً ابْتَدَعُوهَا مَا كَتَبْنَاهَا عَلَيْهِمْ إِلَّا ابْتِغَاءَ رِضْوَانِ اللَّهِ فَمَا رَعَوْهَا حَقَّ رِعَايَتِهَا ۖ فَآتَيْنَا الَّذِينَ آمَنُوا مِنْهُمْ أَجْرَهُمْ ۖ وَكَثِيرٌ مِنْهُمْ فَاسِقُونَ",
            "48": "يَا أَيُّهَا الَّذِينَ آمَنُوا اتَّقُوا اللَّهَ وَآمِنُوا بِرَسُولِهِ يُؤْتِكُمْ كِفْلَيْنِ مِنْ رَحْمَتِهِ وَيَجْعَلْ لَكُمْ نُورًا تَمْشُونَ بِهِ وَيَغْفِرْ لَكُمْ ۚ وَاللَّهُ غَفُورٌ رَحِيمٌ",
            "49": "لِئَلَّا يَعْلَمَ أَهْلُ الْكِتَابِ أَلَّا يَقْدِرُونَ عَلَىٰ شَيْءٍ مِنْ فَضْلِ اللَّهِ ۙ وَأَنَّ الْفَضْلَ بِيَدِ اللَّهِ يُؤْتِيهِ مَنْ يَشَاءُ ۚ وَاللَّهُ ذُو الْفَضْلِ الْعَظِيمِ"
        },
        "farsi": {
         "21": "\nآنچه در آسمان ها و زمین است خداوند را [به پاک بودن از هر عیب و نقصی] می ستاید، او توانای شکست ناپذیر و حکیم است ",
            "22": " مالکیت و فرمانروایی آسمان ها و زمین فقط در سیطرۀ اوست، زنده می کند و می میراند، او بر هرکاری تواناست ",
            "23": " اول و آخر و ظاهر و باطن [تنها] اوست، و او به همه چیز داناست ",
            "24": "\n \nاوست که آسمان ها و زمین را در شش دوره آفرید، آن گاه بر فرمانروایی [و تدبیر امور آفرینش] چیره شد، آنچه در زمین فرومی رود و آنچه از آن بیرون می آید، و آنچه از آسمان فرود می آید و آنچه در آن بالا می رود [همه] را می داند، او با شماست هرجا که باشید، و خداوند به آنچه انجام می دهید بیناست ",
            "25": " مالکیت و فرمانروایی آسمان ها و زمین فقط در سیطرۀ اوست، همۀ امور به خدا بازگردانده می شود ",
            "26": " شب را در روز درمی آورد، و روز را در شب وارد می کند، و او به اسرار و نیات باطن ها آگاه است",
            "27": " به خداوند و پیامبرش ایمان آورید، و از اموالی که خداوند شما را در آن جانشین [خود] قرار داده انفاق کنید، پس برای کسانی از شما که ایمان آورده، و انفاق کرده اند پاداش بزرگی است ",
            "28": " شما را چه شده که به خداوند ایمان نمی آورید؟ درحالی که پیامبر دعوتتان می کند تا به پروردگارتان ایمان آورید، همانا [خداوند] از [طریق فطرت و عقل بر ایمان آوردن] شما پیمان گرفته، اگر [این حقیقت را] باور دارید ",
            "29": " اوست که بر بنده اش آیات روشنی نازل می کند تا شما را از تاریکی ها [ی فرهنگ های ابلیسی] به سوی نورِ [ایمان و اخلاق نیکو و عمل صالح] بیرون ببرد، به راستی خداوند به شما بسیار مهرورز و مهربان است ",
            "30": " شما را چه شده که در راه خدا انفاق نمی کنید؟ درحالی که میراث آسمان ها و زمین ویژۀ خداست، [و اَحدی مالک حقیقی چیزی نیست،] کسانی از شما که پیش از فتح انفاق و جنگ کردند [با انفاق کنندگان و رزمندگانِ پس از فتح] برابر نیستند، آنان از جهت [منزلت و] درجه از کسانی که پس از فتح انفاق و جنگ کردند بلندپایه ترند، خداوند به هریک [از دو گروه] وعدۀ نیک داده، خدا به آنچه انجام می دهید آگاه است ",
            "31": " کیست که برای [جلب خشنودی] خدا [به نیازمندان] وامی نیکو دهد تا [خداوند] آن را به سود او دوچندان کند، و او را پاداشی با ارزش باشد ؟",
            "32": "\n \nدر روزی که مردان و زنان مؤمن را می بینی که نورشان پیشاپیشِ آنان و از طرف راستشان به سرعت حرکت می کند، [تا در پرتوِ آن به مقصدشان راه یابند، گفته می شود:] امروز شما را به بهشت هایی که از زیر [درختان] آن نهرها جاری است مژده باد، در آن ها جاودانه اید، این است آن کامیابی بزرگ !",
            "33": " روزی که مردان و زنان منافق به مؤمنان می گویند: به ما مهلت دهید تا پرتوی از نورتان برگیریم. [به آنان] گفته می شود: به پشتِ سرتان، [دنیا] بازگردید و [از آن جا] نوری به دست آورید؛ [زیرا امروز فقط روز حساب و پاداش است.] پس میانشان حصاری بلند کشیده می شود که دارای دری است، درونش رحمت و از ناحیۀ بیرونش عذاب است ",
            "34": " [این تیره بختان،] مؤمنان را ندا می دهند: مگر ما [در دنیا] با شما نبودیم؟ می گویند: آری [بودید]، ولی خود را [به سبب نفاق، استهزای آیات، خدعه با مؤمنان و همدستی مخفیانه با دشمن] به هلاکت انداختید، شما به انتظار [خاموش شدنِ چراغ اسلام و شکستِ مؤمنان] نشستید، و [نسبت به وحی] در تردید بودید، و آرزوها شما را فریفت، تا فرمان خدا [که مرگتان بود] رسید، و [در هر صورت] شیطانِ فریبنده شما را دربارۀ خدا فریفت [و گفت او رحیم و غفور است؛ پس از گناه باک نداشته باشید]",
            "35": " پس امروز نه از شما عوضی [در برابر نجات از عذاب] می گیرند، و نه از کسانی که کافر شده اند، جایگاهتان آتش است، فقط آتشْ یار و سزاوار شماست، و [آتش] بدعاقبتی است !",
            "36": " آیا برای مؤمنان وقت آن نرسیده که دل هایشان به یاد خدا و [قرآنِ] حقی که نازل شده فروتن و نرم شود؟ و مانند کسانی نباشند که پیش از این کتاب آسمانی به آنان عطا شد، سپس روزگار [بی تفاوتی به کتاب [آسمانی] و سرگرم بودن به دنیا و هوسرانی] بر آنان طولانی شد، در نتیجه قلب هایشان [در برابر حق] سخت [و غیرقابل انعطاف] گردید، و بسیاری از آنان منحرف و نافرمان بودند ",
            "37": " بدانید که خداوند زمین را پس از مردنش زنده می کند، همانا ما نشانه ها[ی قدرت و ربوبیت خود] را برای شما بیان کردیم تا بیندیشید ",
            "38": " بی تردید مردان و زنانی که انفاق کردند، و برای [جلب خشنودی] خداوند [به نیازمندان] وامی نیکو دادند، [پاداش وامشان] به سود آنان دوچندان می شود، و آنان را پاداشِ با ارزشی است ",
            "39": "\n \nآنان که به خدا و رسولش ایمان آوردند نزد پروردگارشان همان صدّیقان و گواهانِ [اعمال] هستند، پاداششان و نورشان ویژۀ خود آنان است، کفرپیشگانی که منکر آیات ما شدند اهل دوزخند ",
            "40": " بدانید که زندگی دنیا جز بازی و سرگرمی و آرایش و زینت، و فخرفروشی به یکدیگر و فزون طلبی در اموال و اولاد نیست، [چنین دنیایی که دارنده اش فاقد ارتباط با خدا و قیامت است] مانند بارانی است که محصول [سرسبز و خوش منظره ] آن کشاورزان را شگفت زده کند، سپس خشک شود به گونه ای که آن را زردرنگ ببینی، آن گاه [ریزریز و] خاشاک گردد! [چنین دنیایی برای بی دینان] عذاب سختی در آخرت است، و [برای مؤمنان] آمرزش و رضایتی [از سوی خدا] است، زندگی دنیا [بدون ایمان] جز کالای فریبنده نیست ",
            "41": "به سوی آمرزش ویژه از ناحیۀ پروردگارتان، و بهشتی که وسعت و فراخی اش چون وسعت و فراخی آسمان و زمین است [با به کارگرفتنِ تلاش و سرعتی مضاعف، از یکدیگر] پیشی گیرید، [این بهشت] برای کسانی که به خدا و رسولانش ایمان آورده اند آماده شده است، این احسان خداست که آن را به هرکس بخواهد عطا می کند، و خداوند دارای احسان بزرگ است ",
            "42": " هیچ حادثۀ ناگواری نه در زمین [چون زلزله، سیل و قحطی] و نه در وجودتان [چون بیماری، نقص بدنی و جراحت] روی نمی دهد مگر پیش از آن که آن را به وجود آوریم در کتابی [چون لوح محفوظ، ثبت] است، به راستی [تحقق] این [حوادث] بر خداوند آسان است ",
            "43": " [این امور تقدیر حکیمانۀ خداست] تا بر آنچه از دستتان رفته غمگین نشوید، و به آنچه به شما عطا کرده مغرورانه شادمان نگردید، خداوند هیچ خودپسندِ فخرفروشی را دوست ندارد ",
            "44": " هم آنان که همواره بخل می ورزند و مردم را به بخل فرمان می دهند، کسی که [از انفاق] رویگردان است [زیانی به خدا نمی زند؛ زیرا] خداوند بی نیاز و ستوده خصال است ",
            "45": "\n \nهمانا ما رسولان خود را با دلایل روشن فرستادیم، و با آنان کتاب و میزانِ [سنجشِ حق از باطل] نازل کردیم تا مردم [در همۀ امورشان] به عدالت برخیزند، و آهن را که در آن نیرویی سخت و سودهایی برای مردم است پدید آوردیم تا خدا مشخص کند چه کسی او را که غایب از دیده است و رسولانش را در نبود آنان یاری می دهد، به راستی خداوند قوی و توانای شکست ناپذیر است ",
            "46": "همانا ما نوح و ابراهیم را فرستادیم و در نسل هر دو نبوت و کتاب قرار دادیم، پس [همه مردم از نعمت عظیمِ کتاب و نبوت بهره نگرفتند،] برخی از آنان هدایت یافتند و بسیاری منحرف و نافرمان شدند ",
            "47": " آن گاه در پی ایشان رسولان خود را [بر پایۀ آیین توحیدی، یکی پس از دیگری] فرستادیم، و پس از آنان عیسی پسر مریم را [به رسالت] برانگیختیم و به او انجیل دادیم، و در دلِ کسانی که [براساس حقیقت و درستی] از او پیروی کردند مهرورزی و مهربانی نهادیم، و [البته] گوشه نشینی [و ترک دنیایی] که ابداع کردند ما بر آنان مقرر نکرده بودیم، نیتشان از ابداع آن تحصیل خشنودی خدا بود، ولی [حدود] آن را آن گونه که سزاوار بود رعایت نکردند، نهایتاً پاداش مؤمنان [واقعی] آنان را عطا کردیم، و بسیاری از آنان منحرف و نافرمانند ",
            "48": " ای مؤمنان! از خداوند [اطاعت کرده و از محرّماتش] بپرهیزید، و [آن گونه که شایسته است] به رسولش ایمان بیاورید تا دو بهره از رحمتش را نصیب شما کند، و برایتان نوری قرار دهد که به وسیلۀ آن [مسیر زندگی را حتی در سخت ترین شرایط سالم و درست] طی کنید، و شما را بیامرزد، و خداوند بسیار آمرزنده و مهربان است ",
            "49": " [این دو بهره از رحمت و نیز نور و آمرزش را برای شما قرار دادیم] تا اهل کتاب بدانند که [با همۀ ادعایشان] بر چیزی از احسان خدا قدرت ندارند [تا آن را به دست آورند؛ زیرا] بدون تردید همۀ احسان به دست [اراده و قدرت] خداست، آن را به هرکه بخواهد عطا می کند، و خداوند دارای احسان بزرگ است "
        }
    }
}