{
    "2": {
        "number": 2,
        "title": "سورة المجادلة",
        "bab": 4,
        "delay": 0,
        "arabic": {
            "1": " قَدْ سَمِعَ اللَّهُ قَوْلَ الَّتِي تُجَادِلُكَ فِي زَوْجِهَا وَتَشْتَكِي إِلَى اللَّهِ وَاللَّهُ يَسْمَعُ تَحَاوُرَكُمَا ۚ إِنَّ اللَّهَ سَمِيعٌ بَصِيرٌ",
            "2": "الَّذِينَ يُظَاهِرُونَ مِنْكُمْ مِنْ نِسَائِهِمْ مَا هُنَّ أُمَّهَاتِهِمْ ۖ إِنْ أُمَّهَاتُهُمْ إِلَّا اللَّائِي وَلَدْنَهُمْ ۚ وَإِنَّهُمْ لَيَقُولُونَ مُنْكَرًا مِنَ الْقَوْلِ وَزُورًا ۚ وَإِنَّ اللَّهَ لَعَفُوٌّ غَفُورٌ",
            "3": "وَالَّذِينَ يُظَاهِرُونَ مِنْ نِسَائِهِمْ ثُمَّ يَعُودُونَ لِمَا قَالُوا فَتَحْرِيرُ رَقَبَةٍ مِنْ قَبْلِ أَنْ يَتَمَاسَّا ۚ ذَٰلِكُمْ تُوعَظُونَ بِهِ ۚ وَاللَّهُ بِمَا تَعْمَلُونَ خَبِيرٌ",
            "4": "فَمَنْ لَمْ يَجِدْ فَصِيَامُ شَهْرَيْنِ مُتَتَابِعَيْنِ مِنْ قَبْلِ أَنْ يَتَمَاسَّا ۖ فَمَنْ لَمْ يَسْتَطِعْ فَإِطْعَامُ سِتِّينَ مِسْكِينًا ۚ ذَٰلِكَ لِتُؤْمِنُوا بِاللَّهِ وَرَسُولِهِ ۚ وَتِلْكَ حُدُودُ اللَّهِ ۗ وَلِلْكَافِرِينَ عَذَابٌ أَلِيمٌ",
            "5": "إِنَّ الَّذِينَ يُحَادُّونَ اللَّهَ وَرَسُولَهُ كُبِتُوا كَمَا كُبِتَ الَّذِينَ مِنْ قَبْلِهِمْ ۚ وَقَدْ أَنْزَلْنَا آيَاتٍ بَيِّنَاتٍ ۚ وَلِلْكَافِرِينَ عَذَابٌ مُهِينٌ",
            "6": "يَوْمَ يَبْعَثُهُمُ اللَّهُ جَمِيعًا فَيُنَبِّئُهُمْ بِمَا عَمِلُوا ۚ أَحْصَاهُ اللَّهُ وَنَسُوهُ ۚ وَاللَّهُ عَلَىٰ كُلِّ شَيْءٍ شَهِيدٌ",
            "7": "أَلَمْ تَرَ أَنَّ اللَّهَ يَعْلَمُ مَا فِي السَّمَاوَاتِ وَمَا فِي الْأَرْضِ ۖ مَا يَكُونُ مِنْ نَجْوَىٰ ثَلَاثَةٍ إِلَّا هُوَ رَابِعُهُمْ وَلَا خَمْسَةٍ إِلَّا هُوَ سَادِسُهُمْ وَلَا أَدْنَىٰ مِنْ ذَٰلِكَ وَلَا أَكْثَرَ إِلَّا هُوَ مَعَهُمْ أَيْنَ مَا كَانُوا ۖ ثُمَّ يُنَبِّئُهُمْ بِمَا عَمِلُوا يَوْمَ الْقِيَامَةِ ۚ إِنَّ اللَّهَ بِكُلِّ شَيْءٍ عَلِيمٌ",
            "8": "أَلَمْ تَرَ إِلَى الَّذِينَ نُهُوا عَنِ النَّجْوَىٰ ثُمَّ يَعُودُونَ لِمَا نُهُوا عَنْهُ وَيَتَنَاجَوْنَ بِالْإِثْمِ وَالْعُدْوَانِ وَمَعْصِيَتِ الرَّسُولِ وَإِذَا جَاءُوكَ حَيَّوْكَ بِمَا لَمْ يُحَيِّكَ بِهِ اللَّهُ وَيَقُولُونَ فِي أَنْفُسِهِمْ لَوْلَا يُعَذِّبُنَا اللَّهُ بِمَا نَقُولُ ۚ حَسْبُهُمْ جَهَنَّمُ يَصْلَوْنَهَا ۖ فَبِئْسَ الْمَصِيرُ",
            "9": "يَا أَيُّهَا الَّذِينَ آمَنُوا إِذَا تَنَاجَيْتُمْ فَلَا تَتَنَاجَوْا بِالْإِثْمِ وَالْعُدْوَانِ وَمَعْصِيَتِ الرَّسُولِ وَتَنَاجَوْا بِالْبِرِّ وَالتَّقْوَىٰ ۖ وَاتَّقُوا اللَّهَ الَّذِي إِلَيْهِ تُحْشَرُونَ",
            "10": "إِنَّمَا النَّجْوَىٰ مِنَ الشَّيْطَانِ لِيَحْزُنَ الَّذِينَ آمَنُوا وَلَيْسَ بِضَارِّهِمْ شَيْئًا إِلَّا بِإِذْنِ اللَّهِ ۚ وَعَلَى اللَّهِ فَلْيَتَوَكَّلِ الْمُؤْمِنُونَ",
            "11": "يَا أَيُّهَا الَّذِينَ آمَنُوا إِذَا قِيلَ لَكُمْ تَفَسَّحُوا فِي الْمَجَالِسِ فَافْسَحُوا يَفْسَحِ اللَّهُ لَكُمْ ۖ وَإِذَا قِيلَ انْشُزُوا فَانْشُزُوا يَرْفَعِ اللَّهُ الَّذِينَ آمَنُوا مِنْكُمْ وَالَّذِينَ أُوتُوا الْعِلْمَ دَرَجَاتٍ ۚ وَاللَّهُ بِمَا تَعْمَلُونَ خَبِيرٌ",
            "12": "يَا أَيُّهَا الَّذِينَ آمَنُوا إِذَا نَاجَيْتُمُ الرَّسُولَ فَقَدِّمُوا بَيْنَ يَدَيْ نَجْوَاكُمْ صَدَقَةً ۚ ذَٰلِكَ خَيْرٌ لَكُمْ وَأَطْهَرُ ۚ فَإِنْ لَمْ تَجِدُوا فَإِنَّ اللَّهَ غَفُورٌ رَحِيمٌ",
            "13": "أَأَشْفَقْتُمْ أَنْ تُقَدِّمُوا بَيْنَ يَدَيْ نَجْوَاكُمْ صَدَقَاتٍ ۚ فَإِذْ لَمْ تَفْعَلُوا وَتَابَ اللَّهُ عَلَيْكُمْ فَأَقِيمُوا الصَّلَاةَ وَآتُوا الزَّكَاةَ وَأَطِيعُوا اللَّهَ وَرَسُولَهُ ۚ وَاللَّهُ خَبِيرٌ بِمَا تَعْمَلُونَ",
            "14": "أَلَمْ تَرَ إِلَى الَّذِينَ تَوَلَّوْا قَوْمًا غَضِبَ اللَّهُ عَلَيْهِمْ مَا هُمْ مِنْكُمْ وَلَا مِنْهُمْ وَيَحْلِفُونَ عَلَى الْكَذِبِ وَهُمْ يَعْلَمُونَ",
            "15": "أَعَدَّ اللَّهُ لَهُمْ عَذَابًا شَدِيدًا ۖ إِنَّهُمْ سَاءَ مَا كَانُوا يَعْمَلُونَ",
            "16": "اتَّخَذُوا أَيْمَانَهُمْ جُنَّةً فَصَدُّوا عَنْ سَبِيلِ اللَّهِ فَلَهُمْ عَذَابٌ مُهِينٌ",
            "17": "لَنْ تُغْنِيَ عَنْهُمْ أَمْوَالُهُمْ وَلَا أَوْلَادُهُمْ مِنَ اللَّهِ شَيْئًا ۚ أُولَٰئِكَ أَصْحَابُ النَّارِ ۖ هُمْ فِيهَا خَالِدُونَ",
            "18": "يَوْمَ يَبْعَثُهُمُ اللَّهُ جَمِيعًا فَيَحْلِفُونَ لَهُ كَمَا يَحْلِفُونَ لَكُمْ ۖ وَيَحْسَبُونَ أَنَّهُمْ عَلَىٰ شَيْءٍ ۚ أَلَا إِنَّهُمْ هُمُ الْكَاذِبُونَ",
            "19": "اسْتَحْوَذَ عَلَيْهِمُ الشَّيْطَانُ فَأَنْسَاهُمْ ذِكْرَ اللَّهِ ۚ أُولَٰئِكَ حِزْبُ الشَّيْطَانِ ۚ أَلَا إِنَّ حِزْبَ الشَّيْطَانِ هُمُ الْخَاسِرُونَ",
            "20": "إِنَّ الَّذِينَ يُحَادُّونَ اللَّهَ وَرَسُولَهُ أُولَٰئِكَ فِي الْأَذَلِّينَ",
            "21": "كَتَبَ اللَّهُ لَأَغْلِبَنَّ أَنَا وَرُسُلِي ۚ إِنَّ اللَّهَ قَوِيٌّ عَزِيزٌ",
            "22": "لَا تَجِدُ قَوْمًا يُؤْمِنُونَ بِاللَّهِ وَالْيَوْمِ الْآخِرِ يُوَادُّونَ مَنْ حَادَّ اللَّهَ وَرَسُولَهُ وَلَوْ كَانُوا آبَاءَهُمْ أَوْ أَبْنَاءَهُمْ أَوْ إِخْوَانَهُمْ أَوْ عَشِيرَتَهُمْ ۚ أُولَٰئِكَ كَتَبَ فِي قُلُوبِهِمُ الْإِيمَانَ وَأَيَّدَهُمْ بِرُوحٍ مِنْهُ ۖ وَيُدْخِلُهُمْ جَنَّاتٍ تَجْرِي مِنْ تَحْتِهَا الْأَنْهَارُ خَالِدِينَ فِيهَا ۚ رَضِيَ اللَّهُ عَنْهُمْ وَرَضُوا عَنْهُ ۚ أُولَٰئِكَ حِزْبُ اللَّهِ ۚ أَلَا إِنَّ حِزْبَ اللَّهِ هُمُ الْمُفْلِحُونَ"
        },
        "farsi": {
            "1": "\nهمانا خداوند درخواستِ آن زن را که دربارۀ همسرش با تو بحث می کرد و به خداوند [از حادثۀ پیش آمده] شکایت داشت اجابت کرد، آری، خداوند گفت وگوی شما را می شنود؛ زیرا خدا شنوا و بیناست ",
            "2": " از شما کسانی که با زنان خود «ظِهار» می کنند، [یعنی به رسم جاهلیت، زنانشان را نوعی طلاق می دهند و آنان را چون مادرانشان بر خود حرام می کنند، بدانند که] همسرانشان یقیناً [در حکم] مادرانشان نیستند، بلکه مادرانشان فقط زنانی هستند که آنان را زاییده اند، [با خواندن چنین صیغۀ طلاقی] در حقیقت سخن زشت و باطلی می گویند، همانا خداوند بسیار باگذشت و بسیار آمرزنده است ",
            "3": " کسانی که با زنانشان ظِهار می کنند، سپس از آنچه گفته اند پشیمان می شوند باید پیش از آمیزش با زنانشان، برده ای آزاد کنند، این [قانونی] است که شما به آن سفارش می شوید، خداوند بر آنچه انجام می دهید آگاه است ",
            "4": " کسی که [برده ای] نیافت پیش از آمیزش دو ماه روزۀ پی درپی [بر عهدۀ اوست]، و هرکه قدرت [بر آن را] ندارد باید شصت مسکین را طعام دهد، [این احکام] برای این [است] که به خداوند و رسولش [آن گونه که سزاوار است] مؤمن شوید [و با فرهنگ جاهلی قطع رابطه کنید،] این ها حدود خداوند است، و برای کافران [که از آن رویگردان هستند] عذابی دردناک است ",
            "5": "مسلّماً کسانی که با خداوند و رسولش دشمنی می کنند، خوار و سرنگون می شوند، همان گونه که [دشمنان] پیش از اینان خوار و سرنگون شدند، بی گمان ما [برای هدایت مردم] آیات روشنی فرستادیم، و برای کفرپیشگان عذابی خوارکننده است ",
            "6": " [آن عذاب در] روزی [است] که خداوند همۀ آنان را برمی انگیزد و به اعمالی که انجام داده اند آگاهشان می کند؛ [اعمالی که] خداوند [شمارۀ] آن ها را محفوظ داشته، ولی آنان فراموشش کرده اند! خداوند بر هرچیزی ناظر و حاضر است ",
            "7": "\n \n[ای انسان!] آیا ندانسته ای که خداوند آنچه را در آسمان ها و آنچه را در زمین است می داند، هیچ گفت وگوی محرمانه ای میان سه نفر نیست مگر آن که او چهارمی آنان است، و نه میان پنج نفر مگر آن که او ششمی آنان است، و نه کمتر از آن و نه بیشتر مگر آن که او هرجا که باشند با آنان است، سپس روز قیامت آنان را به اعمالی که انجام داده اند آگاه می کند؛ زیرا خداوند به هرچیزی داناست ",
            "8": " آیا کسانی را که از گفت وگوی محرمانه نهی شده بودند ندیدی، که باز به آنچه از آن نهی شده بودند برمی گردند! و با یکدیگر دربارۀ ارتکاب گناه [چون شراب خواری، هوس بازی، شهوت رانی]،تجاوز [به حقوق مردم] و سرپیچی از [دستورهای] پیامبر گفت وگوی محرمانه می کنند؟ چون نزد تو آیند آن گونه درودت می گویند که خداوند آن گونه به تو درود نگفته، و در دلشان می گویند: [اگر خبری هست] چرا خداوند ما را در برابر آنچه می گوییم عذاب نمی کند؟! دوزخ برای آنان بس است، در آن وارد می شوند [و می سوزند]، و [دوزخ] عاقبت بدی است ",
            "9": " ای مؤمنان! هنگامی که با یکدیگر گفت وگوی محرمانه می کنید، برای [ارتکاب] گناه و تجاوز [به حقوق مردم] و سرپیچی از [دستورهای] پیامبر گفت وگوی محرمانه نکنید! بلکه بر پایۀ [تشویق یکدیگر به] نیکی و سفارش به تقوا گفت وگوی محرمانه داشته باشید، و از خداوندی که به پیشگاه او محشور می شوید پروا کنید !",
            "10": " جز این نیست که گفت وگوی محرمانه [دربارۀ گناه و تجاوز و سرپیچی از دستوهای پیامبر] محصول [القائات] شیطان است تا مؤمنان را ناراحت و اندوهگین کند، درحالی که جز به مشیت خدا نمی تواند هیچ زیانی به آنان بزند، پس مؤمنان فقط باید بر خدا توکل کنند ",
            "11": " ای مؤمنان! هنگامی که به شما گویند در مجالس [برای حضور دیگر برادرانتان] جا باز کنید، پس [با رغبت و شوق جا] باز کنید تا خداوند به شما [در دنیا و آخرت] گشایش دهد، و چون به شما گویند برخیزید [و جای خود را به برادران مؤمنتان واگذارید] بی درنگ برخیزید تا خداوند مؤمنان از شما را به درجه ای، و دانشمندانتان را به درجاتی رفعت دهد، خداوند به آنچه انجام می دهید آگاه است ",
            "12": "\n \nای مؤمنان! چون [خواستید] با پیامبر گفت وگوی محرمانه کنید پیش از گفتگویتان صدقه دهید، این برای شما بهتر و برای [نفوس و دلهایتان] پاکیزه تر است، و اگر [برای دادن صدقه] توانایی مالی ندارید [مجاز به گفت وگوی محرمانه با پیامبر هستید؛] زیرا خداوند بسیار آمرزنده و مهربان است ",
            "13": " آیا ترسیدید که اگر پیش از [هر] گفتار محرمانۀ خود صدقه ای بپردازید [تهیدست شوید]؟ اکنون که [این صدقه دادن را] انجام ندادید و خدا شما را [از صدقه دادن] معاف کرد [بدانید که در مورد تکالیفِ اساسی معافیتی در کار نیست؛] بنابراین نماز را [با شرایط ویژه اش] بخوانید و زکات بپردازید، و از خدا و رسولش اطاعت کنید، و خداوند به آنچه انجام می دهید آگاه است ",
            "14": " آیا کسانی که گروه مورد خشم خداوند را به سرپرستی [و حاکمیت] انتخاب کرده اند ندیدی؟ اینان نه از شمایند و نه از آنان، به دروغ سوگند می خورند [که از شمایند] و خود می دانند [که خلاف واقع می گویند]",
            "15": " خداوند برای آنان عذاب سختی آماده کرده است، همانا بد است آنچه را همواره انجام می دهند !",
            "16": " آنان سوگندهایشان را سپری [برای پنهان ماندنِ نفاقشان] قرار داده اند و [با این حیله مردم را] از راه خدا بازداشتند، پس برای آنان عذابی خوارکننده است ",
            "17": " هرگز اموال و اولادشان چیزی از [عذاب] خدا را از آنان برطرف نمی کند، آنان اهل آتشند و در آن جاودانه اند ",
            "18": " روزی که خداوند همۀ آنان را برمی انگیزد پس آن گونه که برای شما سوگند [دروغ] می خوردند برای خداوند [هم سوگند] دروغ می خورند، و گمان می کنند [با این سوگند دروغ] بر تکیه گاه استواری [متکی] هستند! آگاه باشید که اینان دروغ پیشه اند [و وجودشان خالی از صِدق و راستی است] !",
            "19": " شیطان بر آنان چیره شده و یاد خدا را از خاطرشان برده، آنان حزب شیطانند، آگاه باشید که حزب شیطان زیان کارانِ [واقعی] اند !",
            "20": " بی تردید کسانی که با خدا و رسولش دشمنی می کنند در زمرۀ خوارترین [مردم]ند ",
            "21": " خداوند مقرر و قطعی کرده که: یقینا من و پیامبرانم پیروزیم. به راستی خداوند نیرومند و توانای شکست ناپذیر است ",
            "22": "\n \nهیچ قومی را که از ایمانِ [ریشه داری] به خدا و روز قیامت برخوردار باشند نمی یابی که با دشمنانِ خدا و پیامبرش دوستی ورزند؛ گرچه آنان پدرانشان یا فرزندانشان یا برادرانشان یا خویشانشان باشند، اینانند که [خدا] ایمان را در دل هایشان پایدار کرده، و از جانب خود با حیاتی [معنوی] نیرومندشان ساخته، آنان را در بهشت هایی که از زیر [درختان] آن نهرها جاری است وارد می کند که در آن ها جاودانه اند، خدا از آنان خشنود است آنان هم از خدا خشنودند، اینان حزب خدایند، آگاه باشید! که فقط حزب خدا [بر همۀ موانع راه سعادت] پیروزند "
        }
    }
}