{
    "2": {
        "number": 2,
        "title": "سورة الحشر",
        "bab": 4,
        "delay": 1,
        "arabic": {
            "2": "سَبَّحَ لِلَّهِ مَا فِي السَّمَاوَاتِ وَمَا فِي الْأَرْضِ ۖ وَهُوَ الْعَزِيزُ الْحَكِيمُ",
            "3": "هُوَ الَّذِي أَخْرَجَ الَّذِينَ كَفَرُوا مِنْ أَهْلِ الْكِتَابِ مِنْ دِيَارِهِمْ لِأَوَّلِ الْحَشْرِ ۚ مَا ظَنَنْتُمْ أَنْ يَخْرُجُوا ۖ وَظَنُّوا أَنَّهُمْ مَانِعَتُهُمْ حُصُونُهُمْ مِنَ اللَّهِ فَأَتَاهُمُ اللَّهُ مِنْ حَيْثُ لَمْ يَحْتَسِبُوا ۖ وَقَذَفَ فِي قُلُوبِهِمُ الرُّعْبَ ۚ يُخْرِبُونَ بُيُوتَهُمْ بِأَيْدِيهِمْ وَأَيْدِي الْمُؤْمِنِينَ فَاعْتَبِرُوا يَا أُولِي الْأَبْصَارِ",
            "4": "وَلَوْلَا أَنْ كَتَبَ اللَّهُ عَلَيْهِمُ الْجَلَاءَ لَعَذَّبَهُمْ فِي الدُّنْيَا ۖ وَلَهُمْ فِي الْآخِرَةِ عَذَابُ النَّارِ",
            "5": "ذَٰلِكَ بِأَنَّهُمْ شَاقُّوا اللَّهَ وَرَسُولَهُ ۖ وَمَنْ يُشَاقِّ اللَّهَ فَإِنَّ اللَّهَ شَدِيدُ الْعِقَابِ",
            "6": "مَا قَطَعْتُمْ مِنْ لِينَةٍ أَوْ تَرَكْتُمُوهَا قَائِمَةً عَلَىٰ أُصُولِهَا فَبِإِذْنِ اللَّهِ وَلِيُخْزِيَ الْفَاسِقِينَ",
            "7": "وَمَا أَفَاءَ اللَّهُ عَلَىٰ رَسُولِهِ مِنْهُمْ فَمَا أَوْجَفْتُمْ عَلَيْهِ مِنْ خَيْلٍ وَلَا رِكَابٍ وَلَٰكِنَّ اللَّهَ يُسَلِّطُ رُسُلَهُ عَلَىٰ مَنْ يَشَاءُ ۚ وَاللَّهُ عَلَىٰ كُلِّ شَيْءٍ قَدِيرٌ",
            "8": "مَا أَفَاءَ اللَّهُ عَلَىٰ رَسُولِهِ مِنْ أَهْلِ الْقُرَىٰ فَلِلَّهِ وَلِلرَّسُولِ وَلِذِي الْقُرْبَىٰ وَالْيَتَامَىٰ وَالْمَسَاكِينِ وَابْنِ السَّبِيلِ كَيْ لَا يَكُونَ دُولَةً بَيْنَ الْأَغْنِيَاءِ مِنْكُمْ ۚ وَمَا آتَاكُمُ الرَّسُولُ فَخُذُوهُ وَمَا نَهَاكُمْ عَنْهُ فَانْتَهُوا ۚ وَاتَّقُوا اللَّهَ ۖ إِنَّ اللَّهَ شَدِيدُ الْعِقَابِ",
            "9": "لِلْفُقَرَاءِ الْمُهَاجِرِينَ الَّذِينَ أُخْرِجُوا مِنْ دِيَارِهِمْ وَأَمْوَالِهِمْ يَبْتَغُونَ فَضْلًا مِنَ اللَّهِ وَرِضْوَانًا وَيَنْصُرُونَ اللَّهَ وَرَسُولَهُ ۚ أُولَٰئِكَ هُمُ الصَّادِقُونَ",
            "10": "وَالَّذِينَ تَبَوَّءُوا الدَّارَ وَالْإِيمَانَ مِنْ قَبْلِهِمْ يُحِبُّونَ مَنْ هَاجَرَ إِلَيْهِمْ وَلَا يَجِدُونَ فِي صُدُورِهِمْ حَاجَةً مِمَّا أُوتُوا وَيُؤْثِرُونَ عَلَىٰ أَنْفُسِهِمْ وَلَوْ كَانَ بِهِمْ خَصَاصَةٌ ۚ وَمَنْ يُوقَ شُحَّ نَفْسِهِ فَأُولَٰئِكَ هُمُ الْمُفْلِحُونَ",
            "11": "وَالَّذِينَ جَاءُوا مِنْ بَعْدِهِمْ يَقُولُونَ رَبَّنَا اغْفِرْ لَنَا وَلِإِخْوَانِنَا الَّذِينَ سَبَقُونَا بِالْإِيمَانِ وَلَا تَجْعَلْ فِي قُلُوبِنَا غِلًّا لِلَّذِينَ آمَنُوا رَبَّنَا إِنَّكَ رَءُوفٌ رَحِيمٌ",
            "12": "أَلَمْ تَرَ إِلَى الَّذِينَ نَافَقُوا يَقُولُونَ لِإِخْوَانِهِمُ الَّذِينَ كَفَرُوا مِنْ أَهْلِ الْكِتَابِ لَئِنْ أُخْرِجْتُمْ لَنَخْرُجَنَّ مَعَكُمْ وَلَا نُطِيعُ فِيكُمْ أَحَدًا أَبَدًا وَإِنْ قُوتِلْتُمْ لَنَنْصُرَنَّكُمْ وَاللَّهُ يَشْهَدُ إِنَّهُمْ لَكَاذِبُونَ",
            "13": "لَئِنْ أُخْرِجُوا لَا يَخْرُجُونَ مَعَهُمْ وَلَئِنْ قُوتِلُوا لَا يَنْصُرُونَهُمْ وَلَئِنْ نَصَرُوهُمْ لَيُوَلُّنَّ الْأَدْبَارَ ثُمَّ لَا يُنْصَرُونَ",
            "14": "لَأَنْتُمْ أَشَدُّ رَهْبَةً فِي صُدُورِهِمْ مِنَ اللَّهِ ۚ ذَٰلِكَ بِأَنَّهُمْ قَوْمٌ لَا يَفْقَهُونَ",
            "15": "لَا يُقَاتِلُونَكُمْ جَمِيعًا إِلَّا فِي قُرًى مُحَصَّنَةٍ أَوْ مِنْ وَرَاءِ جُدُرٍ ۚ بَأْسُهُمْ بَيْنَهُمْ شَدِيدٌ ۚ تَحْسَبُهُمْ جَمِيعًا وَقُلُوبُهُمْ شَتَّىٰ ۚ ذَٰلِكَ بِأَنَّهُمْ قَوْمٌ لَا يَعْقِلُونَ",
            "16": "كَمَثَلِ الَّذِينَ مِنْ قَبْلِهِمْ قَرِيبًا ۖ ذَاقُوا وَبَالَ أَمْرِهِمْ وَلَهُمْ عَذَابٌ أَلِيمٌ",
            "17": "كَمَثَلِ الشَّيْطَانِ إِذْ قَالَ لِلْإِنْسَانِ اكْفُرْ فَلَمَّا كَفَرَ قَالَ إِنِّي بَرِيءٌ مِنْكَ إِنِّي أَخَافُ اللَّهَ رَبَّ الْعَالَمِينَ",
            "18": "فَكَانَ عَاقِبَتَهُمَا أَنَّهُمَا فِي النَّارِ خَالِدَيْنِ فِيهَا ۚ وَذَٰلِكَ جَزَاءُ الظَّالِمِينَ",
            "19": "يَا أَيُّهَا الَّذِينَ آمَنُوا اتَّقُوا اللَّهَ وَلْتَنْظُرْ نَفْسٌ مَا قَدَّمَتْ لِغَدٍ ۖ وَاتَّقُوا اللَّهَ ۚ إِنَّ اللَّهَ خَبِيرٌ بِمَا تَعْمَلُونَ",
            "20": "وَلَا تَكُونُوا كَالَّذِينَ نَسُوا اللَّهَ فَأَنْسَاهُمْ أَنْفُسَهُمْ ۚ أُولَٰئِكَ هُمُ الْفَاسِقُونَ",
            "21": "لَا يَسْتَوِي أَصْحَابُ النَّارِ وَأَصْحَابُ الْجَنَّةِ ۚ أَصْحَابُ الْجَنَّةِ هُمُ الْفَائِزُونَ",
            "22": "لَوْ أَنْزَلْنَا هَٰذَا الْقُرْآنَ عَلَىٰ جَبَلٍ لَرَأَيْتَهُ خَاشِعًا مُتَصَدِّعًا مِنْ خَشْيَةِ اللَّهِ ۚ وَتِلْكَ الْأَمْثَالُ نَضْرِبُهَا لِلنَّاسِ لَعَلَّهُمْ يَتَفَكَّرُونَ",
            "23": "هُوَ اللَّهُ الَّذِي لَا إِلَٰهَ إِلَّا هُوَ ۖ عَالِمُ الْغَيْبِ وَالشَّهَادَةِ ۖ هُوَ الرَّحْمَٰنُ الرَّحِيمُ",
            "24": "هُوَ اللَّهُ الَّذِي لَا إِلَٰهَ إِلَّا هُوَ الْمَلِكُ الْقُدُّوسُ السَّلَامُ الْمُؤْمِنُ الْمُهَيْمِنُ الْعَزِيزُ الْجَبَّارُ الْمُتَكَبِّرُ ۚ سُبْحَانَ اللَّهِ عَمَّا يُشْرِكُونَ",
            "25": "هُوَ اللَّهُ الْخَالِقُ الْبَارِئُ الْمُصَوِّرُ ۖ لَهُ الْأَسْمَاءُ الْحُسْنَىٰ ۚ يُسَبِّحُ لَهُ مَا فِي السَّمَاوَاتِ وَالْأَرْضِ ۖ وَهُوَ الْعَزِيزُ الْحَكِيمُ"
        },
        "farsi": {
            "2": "\nآنچه در آسمان ها و زمین است خداوند را [به پاک بودن از هر عیب و نقصی] می ستایند، و او توانای شکست ناپذیر و حکیم است ",
            "3": " او کسی است که کافران از اهل کتاب را در اولین کوچ [دسته جمعی] از دیارشان بیرون راند، شما [با قدرتی که آنان داشتند] رفتنشان را [به این صورت] احتمال نمی دادید، [خودشان] گمان می کردند دژهای استوارشان آنان را از [عذاب] خدا مصون می دارد، ولی [خشم کوبندۀ] خداوند از جایی که خیال نمی کردند به سراغشان آمد، و در دل هایشان [چنان] ترسی انداخت [که] خانه هایشان را به دست خود و به دست مؤمنان ویران کردند، پس ای صاحبان فهم و بینش! عبرت بگیرید! ",
            "4": " اگر خداوند ترک وطن را بر آنان مقرر نکرده بود یقیناً در همین دنیا [با جنگی سخت که همه را در کام مرگ اندازد] عذابشان می کرد، البته برای آنان در آخرت عذاب آتش خواهد بود ",
            "5": "\n \nاین [آوارگی و تبعید] برای این است که آنان با خداوند و رسولش دشمنی کردند، [آری] هرکس با خدا دشمنی کند بداند که خداوند سخت کیفر است ،",
            "6": " هر درخت خرمایی که [از این دشمنانِ غدّار] بُریدید، یا بر ریشه اش پابرجا باقی گذاشتید به فرمان خداوند بود تا منحرفان نافرمان را خوار و رسوا کند ،",
            "7": " آنچه [از اموال و زمین ها] را که خداوند از آن شیطان صفتان [گرفت و] به پیامبرش بازگرداند، شما برای [به دست آوردن] آن اسب و شتری نتاختید [که مالک آن شوید]، ولی خداوند پیامبرانش را بر هرکه بخواهد چیره می کند، و خدا بر هر کاری تواناست ،",
            "8": " آنچه خداوند از اهل [آن] آبادی ها به پیامبرش بازگرداند ویژه خدا و پیامبر و اهل بیت [او]، و یتیمان و بیچارگان و درراه ماندۀ بی زادوتوشه است تا میان ثروتمندانِ [مرفهِ] شما دست به دست نگردد، آنچه را پیامبر [از اموال و احکام] در اختیارتان می گذارد [با میل و رغبت] دریافت کنید، و از آنچه شما را منع می کند بازایستید [و مطالبه نکنید]، و از [مخالفت با] خدا بپرهیزید که خداوند سخت کیفر است ،",
            "9": " [از اموال بازگردانده شده به پیامبر، سهمی] برای مهاجرانِ [نیازمندی] است که از خانه ها و اموالشان بیرونشان انداختند، و [اکنون] در طلب رزق خدا و خشنودی اویند، و [در عین سختی و تنگدستی،] خدا و پیامبرش را یاری می کنند، اینان [در ادعای ایمان] راست گویند ،",
            "10": " و [نیز برای] کسانی [از انصار است] که پیش از مهاجران در مدینه و در [حصن] ایمان جای داشتند، و مهاجران به سوی خود را دوست دارند، و در دلِ خود از آنچه به مهاجران داده شده نیاز و چشم داشتی احساس نمی کنند، و [آنان را] بر خود ترجیح می دهند گرچه آنان را نیاز شدیدی باشد، و کسانی که از بخل و حرصشان مصون داشته اند [بر همۀ موانع راه سعادت] پیروزند،",
            "11": "\n \nو [نیز برای] کسانی [است] که پس از انصار و مهاجران آمده [به مسلمانان می پیوندند]، و [خاضعانه به پیشگاه حق] عرضه می دارند: پروردگارا! ما و برادرانمان را که در ایمان آوردن بر ما پیشی گرفتند بیامرز! و در دل هایمان نسبت به مؤمنان کینه قرار مده! پروردگارا! یقیناً تو بسیار مهرورز و مهربانی ",
            "12": " آیا منافقان را ندیدی که به برادران کافرشان از اهل کتاب می گویند: اگر [از خانه و دیارتان] اخراج شدید ما هم با شما خارج می شویم و هرگز بر ضد شما از اَحدی فرمان نمی بریم، و اگر با شما جنگیدند حتماً شما را یاری می دهیم. خداوند شاهد است که آنان دروغ می گویند ",
            "13": " اگر [کافران از اهل کتاب] اخراج شوند با آنان خارج نمی شوند و اگر با آنان جنگ شود یاری شان نمی دهند، و اگر به یاری آنان آیند [در گرماگرم جنگ] پا به فرار می گذارند، در نهایت یاری نمی شوند ",
            "14": "همانا شما [مؤمنان] در دل های منافقان بیش از خدا مایۀ ترس و وحشت هستید، برای این که آنان مردمی هستند که [قدرت و عظمت خداوند را] نمی فهمند ",
            "15": " آنان به صورت دسته جمعی و متحد با شما نمی جنگند مگر در قریه هایی که دژهای مستحکمی دارد، یا از پشت دیوارهایی [که بتوانند از آن سنگر بگیرند]، دلاوری آنان میان خودشان شدید است [ولی در رویارویی با شما بُزدلند]، آنان را متحد می پنداری درحالی که دل هایشان [نسبت به یکدیگر] دچار تفرقه و پراکندگی است، این [پراکندگی دل و اعتمادشان به اتحادِ ظاهری] نشانۀ آن است که اهل اندیشه نیستند ",
            "16": " [وضع و حال اینان در عهدشکنی، تفرقۀ دل ها و دلگرمی به وعدۀ منافقان] مانند کسانی [است] که در زمانی نزدیک پیش از اینان [در مدینه] بودند، که پیامد تلخ و شوم کارشان را چشیدند و برای آنان عذاب دردناک است ",
            "17": " [داستان منافقانی که کافرانِ اهل کتاب را با وعدۀ دروغ فریفتند] چون داستان شیطان [است]، که به انسان گفت: کافر شو! وقتی کافر شد، [شیطان] گفت: من از تو بیزارم، [و کفرت را برعهده نمی گیرم؛ زیرا] من از خدا پروردگار جهانیان می ترسم!",
            "18": "\n \nسرانجام آن دو این شد که هر دو جاودانه در آتش اند، و این است کیفر ستمکاران ",
            "19": " ای مؤمنان! از خدا [اطاعت کنید و از محرّماتش] بپرهیزید، هرکسی باید با دقت بنگرد که برای فردایش چه چیزی پیش فرستاده، از خداوند پروا کنید! هرآینه خدا به آنچه انجام می دهید آگاه است ",
            "20": "و مانند کسانی نباشید که خدا را فراموش کردند، پس او هم [به کیفر خدافراموشی] آنان را دچار خودفراموشی کرد، اینان منحرف و نافرمانند ",
            "21": " دوزخیان و بهشتیان یکسان نیستند، بهشتیان کامیابند ",
            "22": " اگر این قرآن را بر کوهی نازل می کردیم مسلّماً آن را از ترس خدا فروتن و ازهم پاشیده می دیدی، این مَثَل ها را برای مردم می زنیم تا [در عظمت آیات قرآن و مفاهیمش] بیندیشند ",
            "23": " اوست خدایی که جز او هیچ معبودی نیست، به هر نهان و آشکاری آگاه است، [و] او رحمان و رحیم است ",
            "24": " اوست خدایی که هیچ معبودی جز او نیست، حاکم و فرمانروای مطلق، بسیار پاک، منزّه از زیان رسانی، ایمنی بخش، چیره و مسلط [بر هرچیز]، شکست ناپذیر، دارای ارادۀ نافذ [بر همۀ موجودات]، صاحب کبریایی و عظمت، و منزّه از آنچه شریک [او قرار] می دهند ",
            "25": " اوست ذات دارای همۀ صفات کمال، آفرینندۀ، نوآفرینِ بدون ابزار و الگو، صورتگر، که نام های نیکوتر ویژۀ اوست، آنچه در آسمان ها و زمین است خداوند را [به پاک بودن از هر عیب و نقصی] می ستایند، و او توانای شکست ناپذیر و حکیم است "
        }
    }
}