{
    "2": {
        "number": 2,
        "title": "سورة  الممتحنة",
        "bab": 4,
        "delay": 0,
        "arabic": {
            "1": "يَا أَيُّهَا الَّذِينَ آمَنُوا لَا تَتَّخِذُوا عَدُوِّي وَعَدُوَّكُمْ أَوْلِيَاءَ تُلْقُونَ إِلَيْهِمْ بِالْمَوَدَّةِ وَقَدْ كَفَرُوا بِمَا جَاءَكُمْ مِنَ الْحَقِّ يُخْرِجُونَ الرَّسُولَ وَإِيَّاكُمْ ۙ أَنْ تُؤْمِنُوا بِاللَّهِ رَبِّكُمْ إِنْ كُنْتُمْ خَرَجْتُمْ جِهَادًا فِي سَبِيلِي وَابْتِغَاءَ مَرْضَاتِي ۚ تُسِرُّونَ إِلَيْهِمْ بِالْمَوَدَّةِ وَأَنَا أَعْلَمُ بِمَا أَخْفَيْتُمْ وَمَا أَعْلَنْتُمْ ۚ وَمَنْ يَفْعَلْهُ مِنْكُمْ فَقَدْ ضَلَّ سَوَاءَ السَّبِيلِ",
            "2": "إِنْ يَثْقَفُوكُمْ يَكُونُوا لَكُمْ أَعْدَاءً وَيَبْسُطُوا إِلَيْكُمْ أَيْدِيَهُمْ وَأَلْسِنَتَهُمْ بِالسُّوءِ وَوَدُّوا لَوْ تَكْفُرُونَ",
            "3": "لَنْ تَنْفَعَكُمْ أَرْحَامُكُمْ وَلَا أَوْلَادُكُمْ ۚ يَوْمَ الْقِيَامَةِ يَفْصِلُ بَيْنَكُمْ ۚ وَاللَّهُ بِمَا تَعْمَلُونَ بَصِيرٌ",
            "4": "قَدْ كَانَتْ لَكُمْ أُسْوَةٌ حَسَنَةٌ فِي إِبْرَاهِيمَ وَالَّذِينَ مَعَهُ إِذْ قَالُوا لِقَوْمِهِمْ إِنَّا بُرَآءُ مِنْكُمْ وَمِمَّا تَعْبُدُونَ مِنْ دُونِ اللَّهِ كَفَرْنَا بِكُمْ وَبَدَا بَيْنَنَا وَبَيْنَكُمُ الْعَدَاوَةُ وَالْبَغْضَاءُ أَبَدًا حَتَّىٰ تُؤْمِنُوا بِاللَّهِ وَحْدَهُ إِلَّا قَوْلَ إِبْرَاهِيمَ لِأَبِيهِ لَأَسْتَغْفِرَنَّ لَكَ وَمَا أَمْلِكُ لَكَ مِنَ اللَّهِ مِنْ شَيْءٍ ۖ رَبَّنَا عَلَيْكَ تَوَكَّلْنَا وَإِلَيْكَ أَنَبْنَا وَإِلَيْكَ الْمَصِيرُ",
            "5": "رَبَّنَا لَا تَجْعَلْنَا فِتْنَةً لِلَّذِينَ كَفَرُوا وَاغْفِرْ لَنَا رَبَّنَا ۖ إِنَّكَ أَنْتَ الْعَزِيزُ الْحَكِيمُ",
            "6": "لَقَدْ كَانَ لَكُمْ فِيهِمْ أُسْوَةٌ حَسَنَةٌ لِمَنْ كَانَ يَرْجُو اللَّهَ وَالْيَوْمَ الْآخِرَ ۚ وَمَنْ يَتَوَلَّ فَإِنَّ اللَّهَ هُوَ الْغَنِيُّ الْحَمِيدُ",
            "7": "عَسَى اللَّهُ أَنْ يَجْعَلَ بَيْنَكُمْ وَبَيْنَ الَّذِينَ عَادَيْتُمْ مِنْهُمْ مَوَدَّةً ۚ وَاللَّهُ قَدِيرٌ ۚ وَاللَّهُ غَفُورٌ رَحِيمٌ",
            "8": "لَا يَنْهَاكُمُ اللَّهُ عَنِ الَّذِينَ لَمْ يُقَاتِلُوكُمْ فِي الدِّينِ وَلَمْ يُخْرِجُوكُمْ مِنْ دِيَارِكُمْ أَنْ تَبَرُّوهُمْ وَتُقْسِطُوا إِلَيْهِمْ ۚ إِنَّ اللَّهَ يُحِبُّ الْمُقْسِطِينَ",
            "9": "إِنَّمَا يَنْهَاكُمُ اللَّهُ عَنِ الَّذِينَ قَاتَلُوكُمْ فِي الدِّينِ وَأَخْرَجُوكُمْ مِنْ دِيَارِكُمْ وَظَاهَرُوا عَلَىٰ إِخْرَاجِكُمْ أَنْ تَوَلَّوْهُمْ ۚ وَمَنْ يَتَوَلَّهُمْ فَأُولَٰئِكَ هُمُ الظَّالِمُونَ",
            "10": "يَا أَيُّهَا الَّذِينَ آمَنُوا إِذَا جَاءَكُمُ الْمُؤْمِنَاتُ مُهَاجِرَاتٍ فَامْتَحِنُوهُنَّ ۖ اللَّهُ أَعْلَمُ بِإِيمَانِهِنَّ ۖ فَإِنْ عَلِمْتُمُوهُنَّ مُؤْمِنَاتٍ فَلَا تَرْجِعُوهُنَّ إِلَى الْكُفَّارِ ۖ لَا هُنَّ حِلٌّ لَهُمْ وَلَا هُمْ يَحِلُّونَ لَهُنَّ ۖ وَآتُوهُمْ مَا أَنْفَقُوا ۚ وَلَا جُنَاحَ عَلَيْكُمْ أَنْ تَنْكِحُوهُنَّ إِذَا آتَيْتُمُوهُنَّ أُجُورَهُنَّ ۚ وَلَا تُمْسِكُوا بِعِصَمِ الْكَوَافِرِ وَاسْأَلُوا مَا أَنْفَقْتُمْ وَلْيَسْأَلُوا مَا أَنْفَقُوا ۚ ذَٰلِكُمْ حُكْمُ اللَّهِ ۖ يَحْكُمُ بَيْنَكُمْ ۚ وَاللَّهُ عَلِيمٌ حَكِيمٌ",
            "11": "وَإِنْ فَاتَكُمْ شَيْءٌ مِنْ أَزْوَاجِكُمْ إِلَى الْكُفَّارِ فَعَاقَبْتُمْ فَآتُوا الَّذِينَ ذَهَبَتْ أَزْوَاجُهُمْ مِثْلَ مَا أَنْفَقُوا ۚ وَاتَّقُوا اللَّهَ الَّذِي أَنْتُمْ بِهِ مُؤْمِنُونَ",
            "12": "يَا أَيُّهَا النَّبِيُّ إِذَا جَاءَكَ الْمُؤْمِنَاتُ يُبَايِعْنَكَ عَلَىٰ أَنْ لَا يُشْرِكْنَ بِاللَّهِ شَيْئًا وَلَا يَسْرِقْنَ وَلَا يَزْنِينَ وَلَا يَقْتُلْنَ أَوْلَادَهُنَّ وَلَا يَأْتِينَ بِبُهْتَانٍ يَفْتَرِينَهُ بَيْنَ أَيْدِيهِنَّ وَأَرْجُلِهِنَّ وَلَا يَعْصِينَكَ فِي مَعْرُوفٍ ۙ فَبَايِعْهُنَّ وَاسْتَغْفِرْ لَهُنَّ اللَّهَ ۖ إِنَّ اللَّهَ غَفُورٌ رَحِيمٌ",
            "13": "يَا أَيُّهَا الَّذِينَ آمَنُوا لَا تَتَوَلَّوْا قَوْمًا غَضِبَ اللَّهُ عَلَيْهِمْ قَدْ يَئِسُوا مِنَ الْآخِرَةِ كَمَا يَئِسَ الْكُفَّارُ مِنْ أَصْحَابِ الْقُبُورِ"
        },
        "farsi": {
            "1": "\nای مؤمنان! دشمنان من و دشمنان خود را به حاکمیت و دوستی انتخاب نکنید، شما به آنان از در دوستی و محبت برمی آیید درحالی که آنان به قرآنی که به سویتان آمده کافرند، پیامبر و شما را به خاطر ایمانتان به خداوندی که پروردگارتان است از وطن بیرون می کنند، چنانچه برای جهاد در راه من و طلب خشنودی ام هجرت کرده اید چرا پنهانی برای آنان پیام دوستی می فرستید؟ درحالی  که من به آنچه پنهان داشتید و آنچه آشکار کردید آگاه ترم، از شما هرکس چنین کند [و با دشمن رابطۀ ولایت و دوستی برقرار کند] مسلّماً از راه راست منحرف شده است ",
            "2": " چنانچه بر شما دست یابند حتماً دشمنان شما خواهند بود، دست هایشان [را برای کشتن و اسارت و آزارتان،] و زبان هایشان را برای بدگویی و تحقیر شما خواهند گشود، و آرزو می کنند که ای کاش شما هم کافر شوید !",
            "3": " روز قیامت [که کیفرِ دوستی با دشمنان را می دهند] هرگز خویشان و فرزندانتان سودی به حال شما ندارند، [خداوند] بین شما و آنان جدایی می اندازد، و خداوند به آنچه انجام می دهید بیناست ",
            "4": " همانا در [سرگذشت و حالات] ابراهیم و کسانی که با او بودند برای شما سرمشقی نیکوست، آنان به قومشان [که از دشمنان خدا و مؤمنان بودند] گفتند: ما از شما و آنچه به جای خدا می پرستید بیزاریم، منکر [همۀ روش ها و آیین] شما هستیم، و بین ما و شما دشمنی و کینۀ دائمی پدیدار است تا زمانی که به خداوند یکتا ایمان آورید. [آنان غیر از اِعلام بیزاری سخنی با مشرکان نداشتند] جز وعدۀ ابراهیم به پدر[خواندۀ] خود [که گفت:] من برایت درخواست آمرزش خواهم کرد، [آمرزش خواهی کاری است در طاقت من،] اما در برابر خداوند اختیار هیچ چیزی را به سود تو ندارم، پروردگارا! بر تو توکل کردیم، و [با توجه و اخلاص] به سوی تو بازگشتیم، و بازگشت فقط به سوی توست ",
            "5": " پروردگارا! ما را در معرض سلطه و آزار کافران قرار مده! پروردگارا! ما را بیامرز! که یقیناً تو توانای شکست ناپذیر و حکیمی ",
            "6": "\n \nبی تردید برای شما در [روش] آنان سرمشقی نیکوست، [این سرمشقِ نیکو] برای کسی [است] که به خدا و روز قیامت امیدوار است، و هرکس [از اقتدای به آنان] روی برتابد [زیانی به خدا نمی رسد؛ زیرا] خداوند بی نیاز و ستوده خصال است ",
            "7": " امید است خداوند بین شما و کافرانی که با آنان دشمن هستید، [با اسلام آوردنشان] پیوند دوستی برقرار کند، خداوند تواناست، و خداوند بسیار آمرزنده و مهربان است ",
            "8": " خداوند شما را از نیکی کردن و عدالت ورزیدن با کسانی که بر سرِ دین با شما نجنگیدند و از دیارتان بیرون نکردند نهی نمی کند؛ زیرا خداوند عدالت پیشگان را دوست دارد ",
            "9": " خداوند فقط شما را از دوستی [و مسالمت] با کسانی نهی می کند که با شما بر سرِ دین جنگیدند و از دیارتان بیرون کردند، و در بیرون راندتان دست به دست هم داده به یکدیگر کمک کردند، کسانی که با آنان پیوند دوستی برقرار کنند [به دین خدا و مؤمنان] ستمکارند ",
            "10": " ای مؤمنان! هنگامی که زنان باایمان هجرت کنان به سوی شما آیند آنان را [از جهت ملاک های ظاهری ایمان] بیازمایید، [البته] خداوند به ایمان [قلبی] آنان داناتر است، اگر تشخیص دادید که [در حد لازم] از ایمان برخوردارند آنان را به سوی کافران بازنگردانید؛ زیرا نه اینان بر کافران حلالند و نه کافران بر اینان، و مَهریه ای که [همسرانِ کافرشان] به آنان پرداخته اند به آن کافران بپردازید، بر شما در ازدواج با آنان درصورتی که مَهرشان را بدهید گناهی نیست، و به عقد نکاح زنان کافر[تان که به کفار پیوسته اند] پای بند نباشید [که آن عقد نکاح باطل شده و وظیفۀ شما رهاکردن آنان است]، [اگر به همسری کافران درآیند] حق دارید مَهریۀ پرداختی [به آنان] را [از همسرانِ کافرشان] مطالبه کنید، [چنان که] آنان هم [حق دارند] مَهریۀ پرداختی [به زنان خود] را [که مؤمن شده و به همسری شما درآمده اند از شما] بخواهند، این حکم خداست که بین شما [براساس آن] داوری می کند، خداوند دانا و حکیم است ",
            "11": " اگر کسی از همسران شما به کافران پیوست، و شما [در جنگ با آنان] غنیمتی به دست آوردید، به کسانی که همسرانشان را [به خاطر پیوستن به کفار] از دست داده اند معادل مَهریه ای که به آنان پرداخته اند [از غنایم] بپردازید، و از خداوندی که به او ایمان دارید [نسبت به ادای حقوق دیگران] پروا کنید ",
            "12": "\n \nای پیامبر! چون زنان باایمان نزد تو آیند تا بر پایۀ این شرایط با تو بیعت کنند که؛ چیزی را شریک خدا قرار ندهند، دزدی نکنند، مرتکب زِنا نشوند، فرزندانشان را نکشند، از نسبت دادن فرزندی که از طریق نامشروع حامله شده اند به شوهرانشان بپرهیزند، و در هیچ کار پسندیده ای از تو روی برنتابند، بیعتشان را بپذیر! و از خداوند برای آنان آمرزش بخواه؛ زیرا خداوند بسیار آمرزنده و مهربان است ",
            "13": " ای مؤمنان! هرگز قومی را که خداوند بر آنان خشم گرفته به حکومت و دوستی انتخاب نکنید! همانا آنان به گونه ای از آخرت مأیوسند که کافران از [بازگشت] خفتگان در قبر مأیوسند "
        }
    }
}