{
    "2": {
        "number": 2,
        "title": "سورة الصف",
        "bab": 4,
        "delay": 2,
        "arabic": {
             "3": "سَبَّحَ لِلَّهِ مَا فِي السَّمَاوَاتِ وَمَا فِي الْأَرْضِ ۖ وَهُوَ الْعَزِيزُ الْحَكِيمُ",
            "4": "يَا أَيُّهَا الَّذِينَ آمَنُوا لِمَ تَقُولُونَ مَا لَا تَفْعَلُونَ",
            "5": "كَبُرَ مَقْتًا عِنْدَ اللَّهِ أَنْ تَقُولُوا مَا لَا تَفْعَلُونَ",
            "6": "إِنَّ اللَّهَ يُحِبُّ الَّذِينَ يُقَاتِلُونَ فِي سَبِيلِهِ صَفًّا كَأَنَّهُمْ بُنْيَانٌ مَرْصُوصٌ",
            "7": "وَإِذْ قَالَ مُوسَىٰ لِقَوْمِهِ يَا قَوْمِ لِمَ تُؤْذُونَنِي وَقَدْ تَعْلَمُونَ أَنِّي رَسُولُ اللَّهِ إِلَيْكُمْ ۖ فَلَمَّا زَاغُوا أَزَاغَ اللَّهُ قُلُوبَهُمْ ۚ وَاللَّهُ لَا يَهْدِي الْقَوْمَ الْفَاسِقِينَ",
            "8": "وَإِذْ قَالَ عِيسَى ابْنُ مَرْيَمَ يَا بَنِي إِسْرَائِيلَ إِنِّي رَسُولُ اللَّهِ إِلَيْكُمْ مُصَدِّقًا لِمَا بَيْنَ يَدَيَّ مِنَ التَّوْرَاةِ وَمُبَشِّرًا بِرَسُولٍ يَأْتِي مِنْ بَعْدِي اسْمُهُ أَحْمَدُ ۖ فَلَمَّا جَاءَهُمْ بِالْبَيِّنَاتِ قَالُوا هَٰذَا سِحْرٌ مُبِينٌ",
            "9": "وَمَنْ أَظْلَمُ مِمَّنِ افْتَرَىٰ عَلَى اللَّهِ الْكَذِبَ وَهُوَ يُدْعَىٰ إِلَى الْإِسْلَامِ ۚ وَاللَّهُ لَا يَهْدِي الْقَوْمَ الظَّالِمِينَ",
            "10": "يُرِيدُونَ لِيُطْفِئُوا نُورَ اللَّهِ بِأَفْوَاهِهِمْ وَاللَّهُ مُتِمُّ نُورِهِ وَلَوْ كَرِهَ الْكَافِرُونَ",
            "11": "هُوَ الَّذِي أَرْسَلَ رَسُولَهُ بِالْهُدَىٰ وَدِينِ الْحَقِّ لِيُظْهِرَهُ عَلَى الدِّينِ كُلِّهِ وَلَوْ كَرِهَ الْمُشْرِكُونَ",
            "12": "يَا أَيُّهَا الَّذِينَ آمَنُوا هَلْ أَدُلُّكُمْ عَلَىٰ تِجَارَةٍ تُنْجِيكُمْ مِنْ عَذَابٍ أَلِيمٍ",
            "13": "تُؤْمِنُونَ بِاللَّهِ وَرَسُولِهِ وَتُجَاهِدُونَ فِي سَبِيلِ اللَّهِ بِأَمْوَالِكُمْ وَأَنْفُسِكُمْ ۚ ذَٰلِكُمْ خَيْرٌ لَكُمْ إِنْ كُنْتُمْ تَعْلَمُونَ",
            "14": "يَغْفِرْ لَكُمْ ذُنُوبَكُمْ وَيُدْخِلْكُمْ جَنَّاتٍ تَجْرِي مِنْ تَحْتِهَا الْأَنْهَارُ وَمَسَاكِنَ طَيِّبَةً فِي جَنَّاتِ عَدْنٍ ۚ ذَٰلِكَ الْفَوْزُ الْعَظِيمُ",
            "15": "وَأُخْرَىٰ تُحِبُّونَهَا ۖ نَصْرٌ مِنَ اللَّهِ وَفَتْحٌ قَرِيبٌ ۗ وَبَشِّرِ الْمُؤْمِنِينَ",
            "16": "يَا أَيُّهَا الَّذِينَ آمَنُوا كُونُوا أَنْصَارَ اللَّهِ كَمَا قَالَ عِيسَى ابْنُ مَرْيَمَ لِلْحَوَارِيِّينَ مَنْ أَنْصَارِي إِلَى اللَّهِ ۖ قَالَ الْحَوَارِيُّونَ نَحْنُ أَنْصَارُ اللَّهِ ۖ فَآمَنَتْ طَائِفَةٌ مِنْ بَنِي إِسْرَائِيلَ وَكَفَرَتْ طَائِفَةٌ ۖ فَأَيَّدْنَا الَّذِينَ آمَنُوا عَلَىٰ عَدُوِّهِمْ فَأَصْبَحُوا ظَاهِرِينَ"
        },
        "farsi": {
             "3": "\nآنچه در آسمان ها و زمین است خداوند را [به پاک بودن از هر عیب و نقصی] می ستایند و او توانای شکست ناپذیر و حکیم است",
            "4": " ای مؤمنان! چرا چیزی را می گویید که خود عمل نمی کنید؟!",
            "5": " به شدت نزد خدا مورد خشم است که چیزی را بگویید که خود انجام نمی دهید ",
            "6": " بی تردید خداوند کسانی را که در صفوفی [منظم] در راه او جهاد می کنند آن گونه که گویی بنایی پولادین و نفوذناپذیرند دوست دارد ",
            "7": " [یاد کنید از] زمانی که موسی به قومش گفت: ای قومِ من! چرا مرا آزار می دهید درحالی که یقین دارید من فرستادۀ خداوند به سوی شمایم؟! چون [به دنبال آزار مستمرشان نسبت به موسی] از راه مستقیم منحرف شدند خداوند هم دل هایشان را [از حق] منحرف کرد، خداوند مردم منحرف و نافرمان را هدایت نمی کند ",
            "8": "\n \n[یاد کنید] چون عیسی بن مریم گفت: ای بنی اسرائیل! مسلّماً من فرستادۀ خداوند به سوی شمایم، [حقانیت] تورات را که پیش از من بود تصدیق می کنم، شما را به پیامبری که پس از من می آید و نامش احمد [صلی الله علیه وآله] است مژده می دهم، ولی هنگامی که [احمد صلی الله علیه وآله] دلایل روشن برای آنان آورد، گفتند: این جادویی است آشکار!",
            "9": " ستمکارتر از کسی که به اسلام دعوت می شود ولی به خداوند دروغ می بندد [و اسلام را از ناحیۀ او نمی داند] کیست؟ خداوند ستمکاران [به آئینش] را هدایت نمی کند ",
            "10": " می خواهند نور خدا را با دهان هایشان [که پُر از یاوه گویی و حرف پوچ است] خاموش کنند، درحالی که خداوند کامل کنندۀ نورِ خود است؛ گرچه کافران خوش نداشته باشند ",
            "11": " اوست که پیامبرش را با [در دست داشتنِ مشعل] هدایت و دینی درست و حکیمانه فرستاد تا آن را بر همۀ ادیان پیروز کند؛ گرچه مشرکان خوش نداشته باشند ",
            "12": " ای مؤمنان! آیا شما را به تجارتی که از عذابی دردناک نجاتتان دهد راهنمایی کنم؟",
            "13": " به خداوند و پیامبرش ایمان بیاورید! و با اموال و جان هایتان در راه خدا جهاد کنید! این [ایمان و جهاد] از هرچیزی برای شما بهتر است اگر [به منافع دنیایی و آخرتی اش] آگاه بودید ",
            "14": " [بر این مسلک قرار بگیرید تا] گناهانتان را بیامرزد، و در بهشت هایی که از زیر [درختان] آن نهرها جاری است و مسکن های دلپذیر در بهشت های جاویدان واردتان کند، این است کامیابی بزرگ !",
            "15": " و [کامیابی] دیگری که دوست دارید، نصرتی ویژه از سوی خدا و فتحی نزدیک است [که عطایتان کند، ای پیامبر!] مؤمنان را [به آن نصرت و فتحِ نزدیک] مژده ده !",
            "16": " ای مؤمنان! همواره یاران خدا باشید! همان گونه که عیسی بن مریم به حواریونِ [خود] گفت: چه کسانی در راه خدا یاران من هستند؟ حواریون گفتند: ما یاران خداییم. پس گروهی از بنی اسرائیل ایمان آوردند و گروهی کافر شدند، در نتیجه آنان را که ایمان آوردند در برابر دشمنانشان تقویت کردیم تا پیروز شدند "
        }
    }
}