{
    "62": {
        "number": 62,"bab": 4,
        "title": "سوره جمعه", "delay": 0,
        "arabic": {
            "1": "يُسَبِّحُ لِلَّهِ مَا فِي السَّمَاوَاتِ وَمَا فِي الْأَرْضِ الْمَلِكِ الْقُدُّوسِ الْعَزِيزِ الْحَكِيمِ",
            "2": "هُوَ الَّذِي بَعَثَ فِي الْأُمِّيِّينَ رَسُولًا مِنْهُمْ يَتْلُو عَلَيْهِمْ آيَاتِهِ وَيُزَكِّيهِمْ وَيُعَلِّمُهُمُ الْكِتَابَ وَالْحِكْمَةَ وَإِنْ كَانُوا مِنْ قَبْلُ لَفِي ضَلَالٍ مُبِينٍ",
            "3": "وَآخَرِينَ مِنْهُمْ لَمَّا يَلْحَقُوا بِهِمْ ۚ وَهُوَ الْعَزِيزُ الْحَكِيمُ",
            "4": "ذَٰلِكَ فَضْلُ اللَّهِ يُؤْتِيهِ مَنْ يَشَاءُ ۚ وَاللَّهُ ذُو الْفَضْلِ الْعَظِيمِ",
            "5": "مَثَلُ الَّذِينَ حُمِّلُوا التَّوْرَاةَ ثُمَّ لَمْ يَحْمِلُوهَا كَمَثَلِ الْحِمَارِ يَحْمِلُ أَسْفَارًا ۚ بِئْسَ مَثَلُ الْقَوْمِ الَّذِينَ كَذَّبُوا بِآيَاتِ اللَّهِ ۚ وَاللَّهُ لَا يَهْدِي الْقَوْمَ الظَّالِمِينَ",
            "6": "قُلْ يَا أَيُّهَا الَّذِينَ هَادُوا إِنْ زَعَمْتُمْ أَنَّكُمْ أَوْلِيَاءُ لِلَّهِ مِنْ دُونِ النَّاسِ فَتَمَنَّوُا الْمَوْتَ إِنْ كُنْتُمْ صَادِقِينَ",
            "7": "وَلَا يَتَمَنَّوْنَهُ أَبَدًا بِمَا قَدَّمَتْ أَيْدِيهِمْ ۚ وَاللَّهُ عَلِيمٌ بِالظَّالِمِينَ",
            "8": "قُلْ إِنَّ الْمَوْتَ الَّذِي تَفِرُّونَ مِنْهُ فَإِنَّهُ مُلَاقِيكُمْ ۖ ثُمَّ تُرَدُّونَ إِلَىٰ عَالِمِ الْغَيْبِ وَالشَّهَادَةِ فَيُنَبِّئُكُمْ بِمَا كُنْتُمْ تَعْمَلُونَ",
            "9": "يَا أَيُّهَا الَّذِينَ آمَنُوا إِذَا نُودِيَ لِلصَّلَاةِ مِنْ يَوْمِ الْجُمُعَةِ فَاسْعَوْا إِلَىٰ ذِكْرِ اللَّهِ وَذَرُوا الْبَيْعَ ۚ ذَٰلِكُمْ خَيْرٌ لَكُمْ إِنْ كُنْتُمْ تَعْلَمُونَ",
            "10": "فَإِذَا قُضِيَتِ الصَّلَاةُ فَانْتَشِرُوا فِي الْأَرْضِ وَابْتَغُوا مِنْ فَضْلِ اللَّهِ وَاذْكُرُوا اللَّهَ كَثِيرًا لَعَلَّكُمْ تُفْلِحُونَ",
            "11": "وَإِذَا رَأَوْا تِجَارَةً أَوْ لَهْوًا انْفَضُّوا إِلَيْهَا وَتَرَكُوكَ قَائِمًا ۚ قُلْ مَا عِنْدَ اللَّهِ خَيْرٌ مِنَ اللَّهْوِ وَمِنَ التِّجَارَةِ ۚ وَاللَّهُ خَيْرُ الرَّازِقِينَ"
        },
        "farsi": {
            "1": "آنچه در آسمان ها و زمین است خداوند را که فرمانروا[ی هستی]، و بسیار باقداست و توانای شکست ناپذیر است، [به پاک بودن از هر عیب و نقصی] می ستایند ",
            "2": " اوست که در بین مردمِ درس نخوانده پیامبری از خودشان برانگیخت تا آیاتش را بر آنان بخواند، و [از هر نوع آلودگی] پاکشان سازد و کتاب و معارف استوار و سودمند به آنان بیاموزد، مسلّماً آنان پیش از این در گمراهی آشکاری بودند ",
            "3": " و [نیز او را بر] مردمی دیگر که هنوز به آنان نپیوسته اند [و به تدریج تا قیامت به وجود می آیند برانگیخت]، او توانای شکست ناپذیر و حکیم است ",
            "4": " این [موهبت عظیمِ نبوت]، احسان خداوند است که آن را به هرکه بخواهد عطا می کند، و خداوند دارای احسان بزرگ است ",
            "5": "مَثَل کسانی که [عمل کردن به] تورات به آنان تکلیف شده، سپس به آن عمل نکردند مانند خری است که کتاب هایی را [بر پشت خود] حمل می کند، بد است سرگذشت مردمی که آیات خدا را انکار کردند! خداوند کسانی را که [به آیاتِ او ونبوتِ پیامبران و به مردم] ستم روامی دارند هدایت نمی کند ",
            "6": " بگو: ای یهودیان! اگر گمان می کنید که فقط شما دوستان خدایید نه [دیگر] مردم، چنانچه [در این ادعا] راست گویید [همچون عاشقانِ واقعی خدا] آرزوی مرگ کنید! ",
            "7": " ولی آنان به سبب گناهانی که همواره مرتکب شده اند هرگز آرزوی مرگ نمی کنند، خداوند به [وضع و حال و نیت] ستمکاران آگاه است ",
            "8": " بگو: بی تردید مرگی که از آن می گریزید سرانجام با شما ملاقات خواهد کرد، سپس به سوی دانای نهان و آشکار بازگردانده می شوید، و به اعمالی که همواره انجام می دادید آگاهتان می کند",
            "9": " ای مؤمنان! چون روز جمعه برای نماز ندا دهند پس به سوی ذکر خدا بشتابید، و خرید و فروش را رها کنید! این [رهاکردنِ خریدوفروش و اقامۀ نماز جمعه] اگر [منافع دنیایی و آخرتی اش را] بدانید برای شما بهتر [از هر کار دیگری] است ",
            "10": " چون نماز پایان گرفت در زمین پراکنده شوید و جویای احسان و روزی خدا شوید! و خدا را بسیار یاد کنید تا [بر موانع راه سعادت] پیروز گردید ",
            "11": " چون تجارت یا [سرگرمی و] لَهوی را ببینند [از صف نماز] به سوی آن متفرق می شوند، و تو را درحالی که [برای خواندنِ خطبه ] ایستاده ای رها می کنند! بگو: آنچه نزد خداست از لَهو و تجارت بهتر است، و خداوند بهترین روزی دهندگان است "
        },
        "tozih": {
            "1": ""
        }
    }
}