{
  "2": {
    "number": 2,
        "title": "سورة المنافقون",
      "bab": 4,
      "delay": 3,
      "arabic": {
          "4": " إِذَا جَاءَكَ الْمُنَافِقُونَ قَالُوا نَشْهَدُ إِنَّكَ لَرَسُولُ اللَّهِ ۗ وَاللَّهُ يَعْلَمُ إِنَّكَ لَرَسُولُهُ وَاللَّهُ يَشْهَدُ إِنَّ الْمُنَافِقِينَ لَكَاذِبُونَ",
            "5": "اتَّخَذُوا أَيْمَانَهُمْ جُنَّةً فَصَدُّوا عَنْ سَبِيلِ اللَّهِ ۚ إِنَّهُمْ سَاءَ مَا كَانُوا يَعْمَلُونَ",
            "6": "ذَٰلِكَ بِأَنَّهُمْ آمَنُوا ثُمَّ كَفَرُوا فَطُبِعَ عَلَىٰ قُلُوبِهِمْ فَهُمْ لَا يَفْقَهُونَ",
            "7": "وَإِذَا رَأَيْتَهُمْ تُعْجِبُكَ أَجْسَامُهُمْ ۖ وَإِنْ يَقُولُوا تَسْمَعْ لِقَوْلِهِمْ ۖ كَأَنَّهُمْ خُشُبٌ مُسَنَّدَةٌ ۖ يَحْسَبُونَ كُلَّ صَيْحَةٍ عَلَيْهِمْ ۚ هُمُ الْعَدُوُّ فَاحْذَرْهُمْ ۚ قَاتَلَهُمُ اللَّهُ ۖ أَنَّىٰ يُؤْفَكُونَ",
            "8": "وَإِذَا قِيلَ لَهُمْ تَعَالَوْا يَسْتَغْفِرْ لَكُمْ رَسُولُ اللَّهِ لَوَّوْا رُءُوسَهُمْ وَرَأَيْتَهُمْ يَصُدُّونَ وَهُمْ مُسْتَكْبِرُونَ",
            "9": "سَوَاءٌ عَلَيْهِمْ أَسْتَغْفَرْتَ لَهُمْ أَمْ لَمْ تَسْتَغْفِرْ لَهُمْ لَنْ يَغْفِرَ اللَّهُ لَهُمْ ۚ إِنَّ اللَّهَ لَا يَهْدِي الْقَوْمَ الْفَاسِقِينَ",
            "10": "هُمُ الَّذِينَ يَقُولُونَ لَا تُنْفِقُوا عَلَىٰ مَنْ عِنْدَ رَسُولِ اللَّهِ حَتَّىٰ يَنْفَضُّوا ۗ وَلِلَّهِ خَزَائِنُ السَّمَاوَاتِ وَالْأَرْضِ وَلَٰكِنَّ الْمُنَافِقِينَ لَا يَفْقَهُونَ",
            "11": "يَقُولُونَ لَئِنْ رَجَعْنَا إِلَى الْمَدِينَةِ لَيُخْرِجَنَّ الْأَعَزُّ مِنْهَا الْأَذَلَّ ۚ وَلِلَّهِ الْعِزَّةُ وَلِرَسُولِهِ وَلِلْمُؤْمِنِينَ وَلَٰكِنَّ الْمُنَافِقِينَ لَا يَعْلَمُونَ",
            "12": "يَا أَيُّهَا الَّذِينَ آمَنُوا لَا تُلْهِكُمْ أَمْوَالُكُمْ وَلَا أَوْلَادُكُمْ عَنْ ذِكْرِ اللَّهِ ۚ وَمَنْ يَفْعَلْ ذَٰلِكَ فَأُولَٰئِكَ هُمُ الْخَاسِرُونَ",
            "13": "وَأَنْفِقُوا مِنْ مَا رَزَقْنَاكُمْ مِنْ قَبْلِ أَنْ يَأْتِيَ أَحَدَكُمُ الْمَوْتُ فَيَقُولَ رَبِّ لَوْلَا أَخَّرْتَنِي إِلَىٰ أَجَلٍ قَرِيبٍ فَأَصَّدَّقَ وَأَكُنْ مِنَ الصَّالِحِينَ",
            "14": "وَلَنْ يُؤَخِّرَ اللَّهُ نَفْسًا إِذَا جَاءَ أَجَلُهَا ۚ وَاللَّهُ خَبِيرٌ بِمَا تَعْمَلُونَ"
        },
        "farsi": {
            "4": "\nچون منافقان نزد تو آیند می گویند: گواهی می دهیم که تو یقیناً فرستادۀ خدایی. خداوند می داند تو فرستادۀ او هستی ولی خداوند گواهی می دهد که مسلّماً منافقان [در ادعایشان] دروغگویند ",
            "5": " سوگندهایشان را سپری [برای پنهان ماندنِ نفاقشان] قرار داده اند و [به وسیلۀ این حیله مردم را] از راه خدا بازداشتند، بد است آنچه را همواره انجام می دهند !",
            "6": " این [اعمال و رفتارشان] بدان سبب است که [نخست] ایمان آوردند سپس کافر شدند، در نتیجه بر دل هایشان مُهر [عدم فهم حقایق] زده شد، نهایتاً [فرجام شومشان را] نمی فهمند ",
            "7": " چون آنان را ببینی اندام [و شکل ظاهر]شان [از جاه و جلالی که به خود بسته اند] تو را شگفت زده می کند، و اگر سخن بگویند [به علت شیرینی و جذابیت در گفتار] به سخنانشان گوش می دهی، درحالی که گویی [از بی خاصیتی و قابل استفاده نبودن] چوب های خشکی هستند که [به دیوار] تکیه داده شده اند، هر فریادی را به زیان خود می پندارند، اینان دشمن [واقعی] اند، از آنان برحذر باش! خدا آنان را بکشد! چگونه آنان را [با آشکاربودنِ این همه حقایق] منحرف می کنند ",
            "8": "\n \nچون به آنان گویند: بیایید تا رسول خدا برایتان آمرزش بخواهد. [مغرورانه] سرهایشان را برمی گردانند، و آنان را می بینی که متکبّرانه [از این خواستۀ به حق] اعراض می کنند ",
            "9": " چه برای آنان آمرزش بخواهی چه نخواهی برای آنان یکسان است، [چون سودی به حالشان ندارد،] خدا هرگز آنان را نمی آمرزد، مسلّماً خداوند مردم منحرف و نافرمان را نمی آمرزد ",
            "10": " اینانند که می گویند: به کسانی که در کنار پیامبرند انفاق نکنید تا [از پیرامونش] پراکنده شوند، و حال آن که خزانه های آسمان ها و زمین در سیطرۀ خداست ولی منافقان [این حقیقت را] نمی فهمند ",
            "11": " می گویند: اگر به مدینه بازگردیم یقیناً کسی که [از جهت امکانات] نیرومندتر است [عبداللّه بن اُبَی] آن را که خوارتر است [محمّد صلی الله علیه وآله] از آن جا بیرون می کند! درحالی که نیرومندی و توانایی غیرقابل شکست برای خدا و پیامبرش و مؤمنان است، ولی منافقانِ [کوردل به این واقعیت] آگاه نیستند ",
            "12": " ای مؤمنان! مبادا اموال و اولادتان شما را از یاد خدا غافل کند! آنان که غافل می شوند تباه کنندگان [سرمایه های وجودی خود] هستند",
            "13": " از آنچه روزی شما کرده ایم انفاق کنید پیش از آن که هریک از شما را مرگ دررسد و بگوید: پروردگارا! چرا تا مدتی کوتاه [مرگ] مرا به تأخیر نیانداختی [و مهلتم ندادی] تا انفاق کنم و از درست کاران باشم ؟",
            "14": " خداوند [مرگ] کسی را چون پایان عمرش فرا رسد به تأخیر نمی اندازد، و خداوند به اعمالی که انجام می دهید آگاه است "
        }
    }
}