{
    "2": {
        "number": 2,
        "title": "سورة التغابن",
        "bab": 4,
        "delay": 0,
        "arabic": {
            "1": " يُسَبِّحُ لِلَّهِ مَا فِي السَّمَاوَاتِ وَمَا فِي الْأَرْضِ ۖ لَهُ الْمُلْكُ وَلَهُ الْحَمْدُ ۖ وَهُوَ عَلَىٰ كُلِّ شَيْءٍ قَدِيرٌ",
            "2": "هُوَ الَّذِي خَلَقَكُمْ فَمِنْكُمْ كَافِرٌ وَمِنْكُمْ مُؤْمِنٌ ۚ وَاللَّهُ بِمَا تَعْمَلُونَ بَصِيرٌ",
            "3": "خَلَقَ السَّمَاوَاتِ وَالْأَرْضَ بِالْحَقِّ وَصَوَّرَكُمْ فَأَحْسَنَ صُوَرَكُمْ ۖ وَإِلَيْهِ الْمَصِيرُ",
            "4": "يَعْلَمُ مَا فِي السَّمَاوَاتِ وَالْأَرْضِ وَيَعْلَمُ مَا تُسِرُّونَ وَمَا تُعْلِنُونَ ۚ وَاللَّهُ عَلِيمٌ بِذَاتِ الصُّدُورِ",
            "5": "أَلَمْ يَأْتِكُمْ نَبَأُ الَّذِينَ كَفَرُوا مِنْ قَبْلُ فَذَاقُوا وَبَالَ أَمْرِهِمْ وَلَهُمْ عَذَابٌ أَلِيمٌ",
            "6": "ذَٰلِكَ بِأَنَّهُ كَانَتْ تَأْتِيهِمْ رُسُلُهُمْ بِالْبَيِّنَاتِ فَقَالُوا أَبَشَرٌ يَهْدُونَنَا فَكَفَرُوا وَتَوَلَّوْا ۚ وَاسْتَغْنَى اللَّهُ ۚ وَاللَّهُ غَنِيٌّ حَمِيدٌ",
            "7": "زَعَمَ الَّذِينَ كَفَرُوا أَنْ لَنْ يُبْعَثُوا ۚ قُلْ بَلَىٰ وَرَبِّي لَتُبْعَثُنَّ ثُمَّ لَتُنَبَّؤُنَّ بِمَا عَمِلْتُمْ ۚ وَذَٰلِكَ عَلَى اللَّهِ يَسِيرٌ",
            "8": "فَآمِنُوا بِاللَّهِ وَرَسُولِهِ وَالنُّورِ الَّذِي أَنْزَلْنَا ۚ وَاللَّهُ بِمَا تَعْمَلُونَ خَبِيرٌ",
            "9": "يَوْمَ يَجْمَعُكُمْ لِيَوْمِ الْجَمْعِ ۖ ذَٰلِكَ يَوْمُ التَّغَابُنِ ۗ وَمَنْ يُؤْمِنْ بِاللَّهِ وَيَعْمَلْ صَالِحًا يُكَفِّرْ عَنْهُ سَيِّئَاتِهِ وَيُدْخِلْهُ جَنَّاتٍ تَجْرِي مِنْ تَحْتِهَا الْأَنْهَارُ خَالِدِينَ فِيهَا أَبَدًا ۚ ذَٰلِكَ الْفَوْزُ الْعَظِيمُ",
            "10": "وَالَّذِينَ كَفَرُوا وَكَذَّبُوا بِآيَاتِنَا أُولَٰئِكَ أَصْحَابُ النَّارِ خَالِدِينَ فِيهَا ۖ وَبِئْسَ الْمَصِيرُ",
            "11": "مَا أَصَابَ مِنْ مُصِيبَةٍ إِلَّا بِإِذْنِ اللَّهِ ۗ وَمَنْ يُؤْمِنْ بِاللَّهِ يَهْدِ قَلْبَهُ ۚ وَاللَّهُ بِكُلِّ شَيْءٍ عَلِيمٌ",
            "12": "وَأَطِيعُوا اللَّهَ وَأَطِيعُوا الرَّسُولَ ۚ فَإِنْ تَوَلَّيْتُمْ فَإِنَّمَا عَلَىٰ رَسُولِنَا الْبَلَاغُ الْمُبِينُ",
            "13": "اللَّهُ لَا إِلَٰهَ إِلَّا هُوَ ۚ وَعَلَى اللَّهِ فَلْيَتَوَكَّلِ الْمُؤْمِنُونَ",
            "14": "يَا أَيُّهَا الَّذِينَ آمَنُوا إِنَّ مِنْ أَزْوَاجِكُمْ وَأَوْلَادِكُمْ عَدُوًّا لَكُمْ فَاحْذَرُوهُمْ ۚ وَإِنْ تَعْفُوا وَتَصْفَحُوا وَتَغْفِرُوا فَإِنَّ اللَّهَ غَفُورٌ رَحِيمٌ",
            "15": "إِنَّمَا أَمْوَالُكُمْ وَأَوْلَادُكُمْ فِتْنَةٌ ۚ وَاللَّهُ عِنْدَهُ أَجْرٌ عَظِيمٌ",
            "16": "فَاتَّقُوا اللَّهَ مَا اسْتَطَعْتُمْ وَاسْمَعُوا وَأَطِيعُوا وَأَنْفِقُوا خَيْرًا لِأَنْفُسِكُمْ ۗ وَمَنْ يُوقَ شُحَّ نَفْسِهِ فَأُولَٰئِكَ هُمُ الْمُفْلِحُونَ",
            "17": "إِنْ تُقْرِضُوا اللَّهَ قَرْضًا حَسَنًا يُضَاعِفْهُ لَكُمْ وَيَغْفِرْ لَكُمْ ۚ وَاللَّهُ شَكُورٌ حَلِيمٌ",
            "18": "عَالِمُ الْغَيْبِ وَالشَّهَادَةِ الْعَزِيزُ الْحَكِيمُ"
        },
        "farsi": {
            "1": "\nآنچه در آسمان ها و زمین است خداوند را [به پاک بودن از هر عیب و نقصی] می ستایند، فرمانروایی ویژۀ اوست، همۀ ستایش ها برای اوست، او بر هر کاری تواناست ",
            "2": " اوست که شما را [آزاد و مختار] آفرید، گروهی از شما کافرند و گروهی مؤمن، و خداوند به آنچه انجام می دهید بیناست ",
            "3": " آسمان ها و زمین را به حق آفرید، و شما را صورت گری کرد و صورت هایتان را نیکو ساخت، و بازگشت به سوی اوست ",
            "4": " آنچه را در آسمان ها و زمین است می داند، و به آنچه که پنهان می دارید و آنچه که آشکار می سازید آگاه است، خداوند به اسرار و نیات باطن ها آگاه است",
            "5": " آیا خبرِ کسانی که پیش از این کافر شدند و پیامد تلخ و شوم کارشان را چشیدند، و برای آنان [در قیامت] عذابی دردناک است به شما نرسیده است؟",
            "6": " آن [عقوبتِ دنیایی و آخرتی] برای آن است که پیامبرانشان همواره دلایل روشن به سویشان آوردند، ولی [آن ها اهمیتی ندادند و] گفتند: آیا بشری ما را هدایت می کند؟! پس به کفر گراییدند و روی [از حق] برتافتند، درصورتی که خداوند [از آنان] بی نیاز است؛ بی نیازی ستوده خصال ",
            "7": " کافران گمانشان این است که هرگز [پس از مرگ] برانگیخته نخواهند شد، بگو: آری، سوگند به پروردگارم که مسلّماً برانگیخته خواهید شد، سپس به آنچه انجام داده اید آگاهتان می کنند، این [برانگیختنِ شما] بر خداوند آسان است ",
            "8": " پس به خدا و پیامبرش و نوری[چون قرآن] که فرستادیم ایمان بیاورید، خداوند به آنچه انجام می دهید آگاه است ",
            "9": " روزی [می رسد] که [خداوند] شما را در «یومُ الجَمع» [که روز قیامت است] جمع می کند، آن [روز]، روز ظهور خسارت است، آنان که مؤمن به خدایند و کار شایسته انجام می دهند [خداوند] گناهانشان را از آنان محو می کند، و به بهشت هایی که از زیر [درختان] آن نهرها جاری است درمی آورد در آن جا همواره جاودانه اند، این است کامیابی بزرگ!",
            "10": "\n \nآنان که کافر شدند و آیات ما را انکار کردند اهل آتش اند و در آن جاودانه اند، و آتش عاقبت بدی است! ",
            "11": " هیچ مصیبتی [به کسی] جز به مشیت خدا نمی رسد، هرکس به خداوند ایمان بیاورد [خدا] دلش را [به حقایق] هدایت می کند، خداوند به همه چیز داناست ",
            "12": " از خداوند اطاعت کنید! و از پیامبر فرمان ببرید! اگر روی برتابید [زیانی به خدا و پیامبر نمی رسد]، برعهدۀ پیامبر فقط رساندن آشکار [پیام وحی] است ",
            "13": " خداست که هیچ معبودی جز او نیست، پس مؤمنان فقط باید بر او توکل کنند ",
            "14": " ای مؤمنان! همانا برخی از همسران و فرزندانتان دشمن شمایند، [دشمنی آنان به این است که می خواهند شما را از هر کار خیری بازدارند؛] بنابراین از [اجرای خواسته های نامشروع] آنان برحذر باشید! اگر [از آزاری که به شما می دهند و نیز از خطاهایشان] چشم پوشی کنید و [از سرزنش کردنِ آنان] بگذرید و [بدی هایشان را] بپوشانید، [خداوند هم شما را مورد رحمت و مغفرتش قرار می دهد؛ زیرا] خداوند بسیار آمرزنده و مهربان است ",
            "15": " اموال و فرزندانتان فقط [وسیلۀ] آزمایشند، خداوند است که پاداشی بزرگ نزد اوست ",
            "16": " تاجایی که می توانید از خداوند پروا کنید، و [به سفارشات خدا و پیامبر] گوش فرادهید! و مطیع [حق] باشید و انفاق کنید که برای شما [چنین روشی] بهتر است، و کسانی که خود را از بخل بازدارند [بر موانع راه سعادت] پیروزند ",
            "17": " اگر برای [جلب خشنودی] خداوند [به نیازمندان] وام نیکو دهید [خدا] آن را برای شما دوچندان می کند و شما را می آمرزد، خداوند عطاکنندۀ پاداشِ فراوان در برابر عملِ اندک است، و بسیار بردبار است ",
            "18": "او دانای نهان و آشکار، و توانای شکست ناپذیر و حکیم است "
        }
    }
}