{
    "2": {
        "number": 2,
        "title": "سورة الطلاق",
        "bab": 4,
        "delay": 0,
        "arabic": {
            "1": " يَا أَيُّهَا النَّبِيُّ إِذَا طَلَّقْتُمُ النِّسَاءَ فَطَلِّقُوهُنَّ لِعِدَّتِهِنَّ وَأَحْصُوا الْعِدَّةَ ۖ وَاتَّقُوا اللَّهَ رَبَّكُمْ ۖ لَا تُخْرِجُوهُنَّ مِنْ بُيُوتِهِنَّ وَلَا يَخْرُجْنَ إِلَّا أَنْ يَأْتِينَ بِفَاحِشَةٍ مُبَيِّنَةٍ ۚ وَتِلْكَ حُدُودُ اللَّهِ ۚ وَمَنْ يَتَعَدَّ حُدُودَ اللَّهِ فَقَدْ ظَلَمَ نَفْسَهُ ۚ لَا تَدْرِي لَعَلَّ اللَّهَ يُحْدِثُ بَعْدَ ذَٰلِكَ أَمْرًا",
            "2": "فَإِذَا بَلَغْنَ أَجَلَهُنَّ فَأَمْسِكُوهُنَّ بِمَعْرُوفٍ أَوْ فَارِقُوهُنَّ بِمَعْرُوفٍ وَأَشْهِدُوا ذَوَيْ عَدْلٍ مِنْكُمْ وَأَقِيمُوا الشَّهَادَةَ لِلَّهِ ۚ ذَٰلِكُمْ يُوعَظُ بِهِ مَنْ كَانَ يُؤْمِنُ بِاللَّهِ وَالْيَوْمِ الْآخِرِ ۚ وَمَنْ يَتَّقِ اللَّهَ يَجْعَلْ لَهُ مَخْرَجًا",
            "3": "وَيَرْزُقْهُ مِنْ حَيْثُ لَا يَحْتَسِبُ ۚ وَمَنْ يَتَوَكَّلْ عَلَى اللَّهِ فَهُوَ حَسْبُهُ ۚ إِنَّ اللَّهَ بَالِغُ أَمْرِهِ ۚ قَدْ جَعَلَ اللَّهُ لِكُلِّ شَيْءٍ قَدْرًا",
            "4": "وَاللَّائِي يَئِسْنَ مِنَ الْمَحِيضِ مِنْ نِسَائِكُمْ إِنِ ارْتَبْتُمْ فَعِدَّتُهُنَّ ثَلَاثَةُ أَشْهُرٍ وَاللَّائِي لَمْ يَحِضْنَ ۚ وَأُولَاتُ الْأَحْمَالِ أَجَلُهُنَّ أَنْ يَضَعْنَ حَمْلَهُنَّ ۚ وَمَنْ يَتَّقِ اللَّهَ يَجْعَلْ لَهُ مِنْ أَمْرِهِ يُسْرًا",
            "5": "ذَٰلِكَ أَمْرُ اللَّهِ أَنْزَلَهُ إِلَيْكُمْ ۚ وَمَنْ يَتَّقِ اللَّهَ يُكَفِّرْ عَنْهُ سَيِّئَاتِهِ وَيُعْظِمْ لَهُ أَجْرًا",
            "6": "أَسْكِنُوهُنَّ مِنْ حَيْثُ سَكَنْتُمْ مِنْ وُجْدِكُمْ وَلَا تُضَارُّوهُنَّ لِتُضَيِّقُوا عَلَيْهِنَّ ۚ وَإِنْ كُنَّ أُولَاتِ حَمْلٍ فَأَنْفِقُوا عَلَيْهِنَّ حَتَّىٰ يَضَعْنَ حَمْلَهُنَّ ۚ فَإِنْ أَرْضَعْنَ لَكُمْ فَآتُوهُنَّ أُجُورَهُنَّ ۖ وَأْتَمِرُوا بَيْنَكُمْ بِمَعْرُوفٍ ۖ وَإِنْ تَعَاسَرْتُمْ فَسَتُرْضِعُ لَهُ أُخْرَىٰ",
            "7": "لِيُنْفِقْ ذُو سَعَةٍ مِنْ سَعَتِهِ ۖ وَمَنْ قُدِرَ عَلَيْهِ رِزْقُهُ فَلْيُنْفِقْ مِمَّا آتَاهُ اللَّهُ ۚ لَا يُكَلِّفُ اللَّهُ نَفْسًا إِلَّا مَا آتَاهَا ۚ سَيَجْعَلُ اللَّهُ بَعْدَ عُسْرٍ يُسْرًا",
            "8": "وَكَأَيِّنْ مِنْ قَرْيَةٍ عَتَتْ عَنْ أَمْرِ رَبِّهَا وَرُسُلِهِ فَحَاسَبْنَاهَا حِسَابًا شَدِيدًا وَعَذَّبْنَاهَا عَذَابًا نُكْرًا",
            "9": "فَذَاقَتْ وَبَالَ أَمْرِهَا وَكَانَ عَاقِبَةُ أَمْرِهَا خُسْرًا",
            "10": "أَعَدَّ اللَّهُ لَهُمْ عَذَابًا شَدِيدًا ۖ فَاتَّقُوا اللَّهَ يَا أُولِي الْأَلْبَابِ الَّذِينَ آمَنُوا ۚ قَدْ أَنْزَلَ اللَّهُ إِلَيْكُمْ ذِكْرًا",
            "11": "رَسُولًا يَتْلُو عَلَيْكُمْ آيَاتِ اللَّهِ مُبَيِّنَاتٍ لِيُخْرِجَ الَّذِينَ آمَنُوا وَعَمِلُوا الصَّالِحَاتِ مِنَ الظُّلُمَاتِ إِلَى النُّورِ ۚ وَمَنْ يُؤْمِنْ بِاللَّهِ وَيَعْمَلْ صَالِحًا يُدْخِلْهُ جَنَّاتٍ تَجْرِي مِنْ تَحْتِهَا الْأَنْهَارُ خَالِدِينَ فِيهَا أَبَدًا ۖ قَدْ أَحْسَنَ اللَّهُ لَهُ رِزْقًا",
            "12": "اللَّهُ الَّذِي خَلَقَ سَبْعَ سَمَاوَاتٍ وَمِنَ الْأَرْضِ مِثْلَهُنَّ يَتَنَزَّلُ الْأَمْرُ بَيْنَهُنَّ لِتَعْلَمُوا أَنَّ اللَّهَ عَلَىٰ كُلِّ شَيْءٍ قَدِيرٌ وَأَنَّ اللَّهَ قَدْ أَحَاطَ بِكُلِّ شَيْءٍ عِلْمًا"
        },
        "farsi": {
            "1": "\nای پیامبر [و ای مسلمانان]! چون [خواستید] زنان را طلاق دهید، هنگام پایان عده [یعنی پس از پاک شدن از عادتِ ماهانه و پیش از آمیزش با آنان] طلاقشان دهید، و حساب دقیق عِدّۀ [طلاق] را نگه دارید، و از خداوند که پروردگار شماست [در مورد طلاقِ همسرانتان و رعایت حقوقشان] پروا کنید، آنان را [در زمان عِدّه] از خانه هایشان بیرون نکنید و خودشان هم نباید [از خانه] بیرون روند، مگر این که عمل بسیار زشتِ آشکاری از آنان سر زند [که دراین صورت بیرون کردنشان بی مانع است]، این ها حدود خداست و هرکس از حدود خدا تجاوز کند به خود ستم کرده، تو نمی دانی، امید است خداوند پس از این [طلاق و پیش از پایان عِدّه] وضع جدیدی پیش آورد [تا زمینۀ صلح و ادامۀ زندگی هر دو فراهم آید]",
            "2": " چون زنانتان به پایان زمان [عدّۀ طلاق] خود نزدیک شدند آنان را [با رجوع به مسئله زوجیت] به صورتی شایسته [که رعایت همۀ حقوق همسرداری است] نگاه دارید، یا با روشی پسندیده [که پرداختِ همۀ حقوق شرعی است] از آنان جدا شوید، و [هنگام اجرای صیغۀ طلاق] دو شاهدِ عادل از بین خودتان [بر طلاق] گواه بگیرید، و [شما ای گواهان!] برای خدا [و بدون ملاحظۀ هیچ مسئله ای] گواهی دهید، به وسیلۀ این [حقایق] به کسی که مؤمن به خداوند و روز قیامت است اندرز داده می شود، کسی که از خداوند [اطاعت کند و از محرّماتش] بپرهیزد خداوند برای او راهی [جهت بیرون رفتن از مشکلات و تنگناها] قرار می دهد ",
            "3": " و او را از جایی که گمان نمی برد روزی می دهد، کسی که بر خدا توکل کند خداوند او را بس است، همانا خداوند [با قدرت بی نهایتش] کارش را [به انجام] می رساند، مسلّماً او برای هرچیزی اندازه ای قرار داده است ",
            "4": " از زنان [طلاق دادۀ] شما آنان که از دیدن حیض مأیوسند چنانچه [در بارداری یا رسیدنشان به سنّی که حیض در آن منتفی است] شک دارید عدّۀ آنان [از لحظۀ طلاق] سه ماه است، و [نیز] زنانی که حیض ندیده اند [گرچه در سنّ حیض دیدن باشند عدّۀ طلاقشان سه ماه است]، و پایان [عدّۀ] زنان باردار روزی است که وضع حمل کنند، کسی که از خداوند [اطاعت کند و از محرّماتش] بپرهیزد خداوند در کارش برای او آسانی پدید می آورد ",
            "5": " این ها احکام خداست که به سوی شما فرستاده، کسی که از خداوند [اطاعت کند و از محرّماتش] بپرهیزد گناهانش را از او محو، و پاداشش را بزرگ می کند ",
            "6": "\n \nزنان مطلّقه را در حد توانایی خویش در خانه ای که خود سکونت دارید سکونت دهید، و [در نفقه و مسکن و برخوردها] آزارشان ندهید تا [زندگی را] بر آنان تنگ کنید [که مجبور به ترک خانه و نفقه شوند]، چنانچه حامله باشند هزینۀ آنان را تا زمانی که وضع حمل کنند بپردازید، اگر کودک شما را شیر دهند اجرت [شیردادن]شان را بدهید، و [در مورد شیردادنِ به کودک و طریقۀ نگهداری اش] با یکدیگر به صورتی پسندیده مشورت کنید، چنانچه کارتان به مشکل [و عدم توافق] رسید زنی دیگر [با هزینۀ پدر]، کودک را شیر دهد ",
            "7": " بر توانگر است که [همسر مطلّقۀ بچه دارش را] از توانگری اش هزینۀ [مناسب] دهد، و کسی که دچار تنگدستی شده از آنچه خدا به او عطا کرده [هزینه] بپردازد، خداوند کسی را جز به [اندازۀ] رزقی که به او داده تکلیف نمی کند، همانا خداوند پس از سختی آسانی قرار می دهد ",
            "8": " چه بسیار آبادی هایی که [اهلش] از فرمان پروردگار و رسولانش سرپیچی کردند، پس ما آنان را به حساب سختی محاسبه کردیم و به عذاب بسیار شدیدی دچار ساختیم",
            "9": " آنان پیامد تلخ و شوم کارشان را چشیدند، و عاقبتِ کارشان خسارتِ [سنگینی] بود ",
            "10": " خداوند برای آنان [در آخرت] عذابی سخت آماده کرده است، پس ای خردمندانِ مؤمن! از خدا [اطاعت کنید و از محرّماتش] بپرهیزید، به راستی خداوند [برای تأمین سعادت دنیا و آخرتتان] به سوی شما مایۀ تذکر و بیداری فرستاده است ",
            "11": " [و آن] پیامبری [است] که آیات روشنگر خداوند را بر شما می خواند تا مؤمنانی را که کارهای شایسته انجام داده اند از تاریکی ها به سوی نور ببرد، آری کسانی را که به خداوند ایمان بیاورند و کار شایسته انجام دهند در بهشت هایی که از زیر [درختان] آن نهرها جاری است وارد می کند، درحالی که در آن جا همواره جاودانه اند، همانا خداوند رزق [بهشت] را برای آنان نیکو قرار داده است ",
            "12": " خداست که هفت آسمان را آفرید، و از زمین همانند آن ها را [پدید آورد]، همواره فرمان [او] در میان آن ها نازل می شود تا بدانید که خداوند بر هر کاری تواناست، و این که علم خداوند بر هرچیزی احاطه دارد "
        }
    }
}