{
    "67": {
        "number": 67,"bab": 4,
        "title": "سوره ملك", "delay": 0,
        "arabic": {
            "1": "تَبَارَكَ الَّذِي بِيَدِهِ الْمُلْكُ وَهُوَ عَلَىٰ كُلِّ شَيْءٍ قَدِيرٌ",
            "2": "الَّذِي خَلَقَ الْمَوْتَ وَالْحَيَاةَ لِيَبْلُوَكُمْ أَيُّكُمْ أَحْسَنُ عَمَلًا ۚ وَهُوَ الْعَزِيزُ الْغَفُورُ",
            "3": "الَّذِي خَلَقَ سَبْعَ سَمَاوَاتٍ طِبَاقًا ۖ مَا تَرَىٰ فِي خَلْقِ الرَّحْمَٰنِ مِنْ تَفَاوُتٍ ۖ فَارْجِعِ الْبَصَرَ هَلْ تَرَىٰ مِنْ فُطُورٍ",
            "4": "ثُمَّ ارْجِعِ الْبَصَرَ كَرَّتَيْنِ يَنْقَلِبْ إِلَيْكَ الْبَصَرُ خَاسِئًا وَهُوَ حَسِيرٌ",
            "5": "وَلَقَدْ زَيَّنَّا السَّمَاءَ الدُّنْيَا بِمَصَابِيحَ وَجَعَلْنَاهَا رُجُومًا لِلشَّيَاطِينِ ۖ وَأَعْتَدْنَا لَهُمْ عَذَابَ السَّعِيرِ",
            "6": "وَلِلَّذِينَ كَفَرُوا بِرَبِّهِمْ عَذَابُ جَهَنَّمَ ۖ وَبِئْسَ الْمَصِيرُ",
            "7": "إِذَا أُلْقُوا فِيهَا سَمِعُوا لَهَا شَهِيقًا وَهِيَ تَفُورُ",
            "8": "تَكَادُ تَمَيَّزُ مِنَ الْغَيْظِ ۖ كُلَّمَا أُلْقِيَ فِيهَا فَوْجٌ سَأَلَهُمْ خَزَنَتُهَا أَلَمْ يَأْتِكُمْ نَذِيرٌ",
            "9": "قَالُوا بَلَىٰ قَدْ جَاءَنَا نَذِيرٌ فَكَذَّبْنَا وَقُلْنَا مَا نَزَّلَ اللَّهُ مِنْ شَيْءٍ إِنْ أَنْتُمْ إِلَّا فِي ضَلَالٍ كَبِيرٍ",
            "10": "وَقَالُوا لَوْ كُنَّا نَسْمَعُ أَوْ نَعْقِلُ مَا كُنَّا فِي أَصْحَابِ السَّعِيرِ",
            "11": "فَاعْتَرَفُوا بِذَنْبِهِمْ فَسُحْقًا لِأَصْحَابِ السَّعِيرِ",
            "12": "إِنَّ الَّذِينَ يَخْشَوْنَ رَبَّهُمْ بِالْغَيْبِ لَهُمْ مَغْفِرَةٌ وَأَجْرٌ كَبِيرٌ",
            "13": "وَأَسِرُّوا قَوْلَكُمْ أَوِ اجْهَرُوا بِهِ ۖ إِنَّهُ عَلِيمٌ بِذَاتِ الصُّدُورِ",
            "14": "أَلَا يَعْلَمُ مَنْ خَلَقَ وَهُوَ اللَّطِيفُ الْخَبِيرُ",
            "15": "هُوَ الَّذِي جَعَلَ لَكُمُ الْأَرْضَ ذَلُولًا فَامْشُوا فِي مَنَاكِبِهَا وَكُلُوا مِنْ رِزْقِهِ ۖ وَإِلَيْهِ النُّشُورُ",
            "16": "أَأَمِنْتُمْ مَنْ فِي السَّمَاءِ أَنْ يَخْسِفَ بِكُمُ الْأَرْضَ فَإِذَا هِيَ تَمُورُ",
            "17": "أَمْ أَمِنْتُمْ مَنْ فِي السَّمَاءِ أَنْ يُرْسِلَ عَلَيْكُمْ حَاصِبًا ۖ فَسَتَعْلَمُونَ كَيْفَ نَذِيرِ",
            "18": "وَلَقَدْ كَذَّبَ الَّذِينَ مِنْ قَبْلِهِمْ فَكَيْفَ كَانَ نَكِيرِ",
            "19": "أَوَلَمْ يَرَوْا إِلَى الطَّيْرِ فَوْقَهُمْ صَافَّاتٍ وَيَقْبِضْنَ ۚ مَا يُمْسِكُهُنَّ إِلَّا الرَّحْمَٰنُ ۚ إِنَّهُ بِكُلِّ شَيْءٍ بَصِيرٌ",
            "20": "أَمَّنْ هَٰذَا الَّذِي هُوَ جُنْدٌ لَكُمْ يَنْصُرُكُمْ مِنْ دُونِ الرَّحْمَٰنِ ۚ إِنِ الْكَافِرُونَ إِلَّا فِي غُرُورٍ",
            "21": "أَمَّنْ هَٰذَا الَّذِي يَرْزُقُكُمْ إِنْ أَمْسَكَ رِزْقَهُ ۚ بَلْ لَجُّوا فِي عُتُوٍّ وَنُفُورٍ",
            "22": "أَفَمَنْ يَمْشِي مُكِبًّا عَلَىٰ وَجْهِهِ أَهْدَىٰ أَمَّنْ يَمْشِي سَوِيًّا عَلَىٰ صِرَاطٍ مُسْتَقِيمٍ",
            "23": "قُلْ هُوَ الَّذِي أَنْشَأَكُمْ وَجَعَلَ لَكُمُ السَّمْعَ وَالْأَبْصَارَ وَالْأَفْئِدَةَ ۖ قَلِيلًا مَا تَشْكُرُونَ",
            "24": "قُلْ هُوَ الَّذِي ذَرَأَكُمْ فِي الْأَرْضِ وَإِلَيْهِ تُحْشَرُونَ",
            "25": "وَيَقُولُونَ مَتَىٰ هَٰذَا الْوَعْدُ إِنْ كُنْتُمْ صَادِقِينَ",
            "26": "قُلْ إِنَّمَا الْعِلْمُ عِنْدَ اللَّهِ وَإِنَّمَا أَنَا نَذِيرٌ مُبِينٌ",
            "27": "فَلَمَّا رَأَوْهُ زُلْفَةً سِيئَتْ وُجُوهُ الَّذِينَ كَفَرُوا وَقِيلَ هَٰذَا الَّذِي كُنْتُمْ بِهِ تَدَّعُونَ",
            "28": "قُلْ أَرَأَيْتُمْ إِنْ أَهْلَكَنِيَ اللَّهُ وَمَنْ مَعِيَ أَوْ رَحِمَنَا فَمَنْ يُجِيرُ الْكَافِرِينَ مِنْ عَذَابٍ أَلِيمٍ",
            "29": "قُلْ هُوَ الرَّحْمَٰنُ آمَنَّا بِهِ وَعَلَيْهِ تَوَكَّلْنَا ۖ فَسَتَعْلَمُونَ مَنْ هُوَ فِي ضَلَالٍ مُبِينٍ",
            "30": "قُلْ أَرَأَيْتُمْ إِنْ أَصْبَحَ مَاؤُكُمْ غَوْرًا فَمَنْ يَأْتِيكُمْ بِمَاءٍ مَعِينٍ"
        },
        "farsi": {
            "1": "خجسته و پُرخیر است آن که فرمانروایی [بر همۀ هستی] به دست [قدرت] اوست، و فقط او بر هر کاری تواناست ",
            "2": " آن که مرگ و حیات را آفرید تا شما را بیازماید که کدامتان نیکوکارترید، فقط او توانای شکست ناپذیر و بسیار آمرزنده است ",
            "3": "هم او که هفت آسمان را بر فراز یکدیگر آفریده است، در آفرینش خدای رحمان هیچ ناهماهنگی نمی بینی، بار دیگر نگاهی [عمیق] بینداز! آیا هیچ خللی مشاهده می کنی؟",
            "4": " باز هم به طور مکرّر نگاهی [عمیق] بینداز! تا [نهایتاً] نگاهت خسته و درمانده [از یافتن خلل در آفرینشِ حق] به سویت بازگردد ",
            "5": " ما نزدیک ترین آسمان را با چراغ هایی [چون ستارگان] آراستیم، و آن ها را وسیلۀ راندنِ شیاطین قرار دادیم [تا نتوانند از عالم بالا خبر بگیرند،] و آتشی افروخته برای آنان آماده کرده ایم ",
            "6": " برای کسانی که به پروردگارشان کافر شدند عذاب دوزخ است، و [دوزخ] عاقبت بدی است !",
            "7": " چون در آن افکنده شوند درحالی که در فوران است صدایی هولناک از آن می شنوند ",
            "8": " گویا نزدیک است [دوزخ] از شدت خشم پاره پاره شود، هر زمان گروهی را در آن بیندازند نگهبانانش از آنان می پرسند: آیا برای شما هشداردهنده ای [به این عذاب دردناک] نیامد؟",
            "9": " می گویند: آری، البته هشداردهنده آمد، ولی انکار کردیم و گفتیم: خداوند هیچ [حکم و موعظه ای] نازل نکرده، شما [هشداردهندگان] جز در گمراهی بزرگ نیستید",
            "10": " و می گویند: اگر ما [دعوت سعادت بخش انبیاء را به گوشِ قبول] شنیده بودیم، یا [در آنچه برای ما آوردند] اندیشه می کردیم در زمرۀ اهل آتش سوزان نبودیم ",
            "11": " به این صورت به گناهشان اعتراف می کنند، پس دوری [از رحمت خدا] بر اهل آتشِ سوزنده باد !",
            "12": " بی تردید برای کسانی که در پنهان از پرورگارشان می ترسند آمرزش و پاداش بزرگی است ",
            "13": " گفتارتان را پنهان کنیدیا آشکار، [برای خدا تفاوت نمی کند؛ زیرا] او بی گمان به اسرار و نیات باطن ها آگاه است ",
            "14": " آیا کسی که آفریننده است [اوضاع و احوال آفریدۀ خود را] نمی داند؟! و حال آنکه بسیار دقیق نگر و آگاه است ",
            "15": " اوست که زمین را به سود شما رام و مطیع [و قابل بهره برداری] قرار داد، پس در اطراف و اکنافش گام بردارید، و از رزق خداوند بخورید که برانگیخته شدن به سوی اوست ",
            "16": " آیا از کسی که [فرمانروایی و حاکمیتش] در عوالم بالا [حتمی] است [چه رسد در زمین]، در امان هستید از این که با شکافتن زمین، درحالی که به شدت می لرزد شما را در آن فروبَرَد؟",
            "17": " یا از کسی که [فرمانروایی و حاکمیتش] در عوالم بالا [مسلّم] است [چه رسد در زمین]، در امان هستید که توفانی از سنگریزه بر شما فرستد؟ به زودی خواهید دانست که هشدارِ من چگونه است؟!",
            "18": "همانا کسانی که پیش از اینان بودند [آیات من و پیامبران را] انکار کردند، پس [بنگر که] مجازات من چگونه بود؟!",
            "19": " آیا ندانسته اند که پرندگانِ بالای سرشان را درحالی که بال وپَر می گشایند فقط خداوند رحمان [از سقوط] نگه می دارد؟ به راستی او بر همه چیز بیناست ",
            "20": "یا گروهی که بتوان سپاهی برای شما باشد تا شما را در برابر خداوند رحمان [به وقت نزول عذاب] یاری دهد کدام گروه است؟! کافران جز در غرور نیستند ",
            "21": " یا کیست آن که اگر [خداوند] روزی اش را [از شما] بازدارد به شما روزی دهد؟ [نه این که به حقایق توجه ندارند،] بلکه در تجاوز [از حدود الهی] و گریز[شان از حق] پافشاری و لجاجت می ورزند!",
            "22": " آیا کسی که [در راهی لغزنده و ناهموار] حرکت می کند و پی درپی به صورت درمی افتد هدایت یافته تر است، یا آن که راست قامت به راهی مستقیم می رود؟",
            "23": " بگو: اوست که شما را پدید آورد، و برای شما گوش و چشم و دل قرار داد، ولی اندکی سپاس گزارِ [نعمت های حق] هستید ",
            "24": " بگو: اوست که شما را در زمین آفرید، و به سوی او محشورتان می کنند ",
            "25": " [کافران از روی تمسخر] می گویند: اگر راستگویید این وعدۀ [قیامت و عذاب] کی خواهد بود؟",
            "26": " بگو: دانشِ [زمان وقوع قیامت] فقط نزد خداست، و من تنها هشداردهنده ای آشکارم ",
            "27": " و چون آن [وعدۀ برحق] را نزدیک ببیند چهرۀ کافران [از شدت ناراحتی] زشت و کریه شود، [به آنان] گویند: این است آنچه همواره [از روی تمسخر] می خواستید ",
            "28": " بگو: به من خبر دهید چنانچه خداوند [به خواست شما] مرا و هرکه را با من است هلاک کند یا [به مشیت خویش] مورد رحمت قرارمان دهد، پس چه کسی کافران را از عذاب دردناک پناه خواهد داد؟",
            "29": " بگو: او خدای رحمان است، به او ایمان آوردیم و بر او توکل کرده ایم، پس به زودی خواهید دانست چه کسی در گمراهی آشکار است !",
            "30": " بگو: به من خبر دهید اگر آب های [مورد بهره وری] شما [چون آب چشمه ها، رودها، سدها و چاه ها] در زمین فرو رود، [به گونه ای که از دسترستان خارج شود] کیست که [بتواند] آب گوارا و روان برایتان بیاورد؟"
        },
        "tozih": {
            "1": ""
        }
    }
}