{
  "2": {
    "number": 2,
        "title": "سورة القلم",
      "bab": 4,
      "delay": 4,
      "arabic": {
            "5": "ن ۚ وَالْقَلَمِ وَمَا يَسْطُرُونَ",
            "6": "مَا أَنْتَ بِنِعْمَةِ رَبِّكَ بِمَجْنُونٍ",
            "7": "وَإِنَّ لَكَ لَأَجْرًا غَيْرَ مَمْنُونٍ",
            "8": "وَإِنَّكَ لَعَلَىٰ خُلُقٍ عَظِيمٍ",
            "9": "فَسَتُبْصِرُ وَيُبْصِرُونَ",
            "10": "بِأَيْيِكُمُ الْمَفْتُونُ",
            "11": "إِنَّ رَبَّكَ هُوَ أَعْلَمُ بِمَنْ ضَلَّ عَنْ سَبِيلِهِ وَهُوَ أَعْلَمُ بِالْمُهْتَدِينَ",
            "12": "فَلَا تُطِعِ الْمُكَذِّبِينَ",
            "13": "وَدُّوا لَوْ تُدْهِنُ فَيُدْهِنُونَ",
            "14": "وَلَا تُطِعْ كُلَّ حَلَّافٍ مَهِينٍ",
            "15": "هَمَّازٍ مَشَّاءٍ بِنَمِيمٍ",
            "16": "مَنَّاعٍ لِلْخَيْرِ مُعْتَدٍ أَثِيمٍ",
            "17": "عُتُلٍّ بَعْدَ ذَٰلِكَ زَنِيمٍ",
            "18": "أَنْ كَانَ ذَا مَالٍ وَبَنِينَ",
            "19": "إِذَا تُتْلَىٰ عَلَيْهِ آيَاتُنَا قَالَ أَسَاطِيرُ الْأَوَّلِينَ",
            "20": "سَنَسِمُهُ عَلَى الْخُرْطُومِ",
            "21": "إِنَّا بَلَوْنَاهُمْ كَمَا بَلَوْنَا أَصْحَابَ الْجَنَّةِ إِذْ أَقْسَمُوا لَيَصْرِمُنَّهَا مُصْبِحِينَ",
            "22": "وَلَا يَسْتَثْنُونَ",
            "23": "فَطَافَ عَلَيْهَا طَائِفٌ مِنْ رَبِّكَ وَهُمْ نَائِمُونَ",
            "24": "فَأَصْبَحَتْ كَالصَّرِيمِ",
            "25": "فَتَنَادَوْا مُصْبِحِينَ",
            "26": "أَنِ اغْدُوا عَلَىٰ حَرْثِكُمْ إِنْ كُنْتُمْ صَارِمِينَ",
            "27": "فَانْطَلَقُوا وَهُمْ يَتَخَافَتُونَ",
            "28": "أَنْ لَا يَدْخُلَنَّهَا الْيَوْمَ عَلَيْكُمْ مِسْكِينٌ",
            "29": "وَغَدَوْا عَلَىٰ حَرْدٍ قَادِرِينَ",
            "30": "فَلَمَّا رَأَوْهَا قَالُوا إِنَّا لَضَالُّونَ",
            "31": "بَلْ نَحْنُ مَحْرُومُونَ",
            "32": "قَالَ أَوْسَطُهُمْ أَلَمْ أَقُلْ لَكُمْ لَوْلَا تُسَبِّحُونَ",
            "33": "قَالُوا سُبْحَانَ رَبِّنَا إِنَّا كُنَّا ظَالِمِينَ",
            "34": "فَأَقْبَلَ بَعْضُهُمْ عَلَىٰ بَعْضٍ يَتَلَاوَمُونَ",
            "35": "قَالُوا يَا وَيْلَنَا إِنَّا كُنَّا طَاغِينَ",
            "36": "عَسَىٰ رَبُّنَا أَنْ يُبْدِلَنَا خَيْرًا مِنْهَا إِنَّا إِلَىٰ رَبِّنَا رَاغِبُونَ",
            "37": "كَذَٰلِكَ الْعَذَابُ ۖ وَلَعَذَابُ الْآخِرَةِ أَكْبَرُ ۚ لَوْ كَانُوا يَعْلَمُونَ",
            "38": "إِنَّ لِلْمُتَّقِينَ عِنْدَ رَبِّهِمْ جَنَّاتِ النَّعِيمِ",
            "39": "أَفَنَجْعَلُ الْمُسْلِمِينَ كَالْمُجْرِمِينَ",
            "40": "مَا لَكُمْ كَيْفَ تَحْكُمُونَ",
            "41": "أَمْ لَكُمْ كِتَابٌ فِيهِ تَدْرُسُونَ",
            "42": "إِنَّ لَكُمْ فِيهِ لَمَا تَخَيَّرُونَ",
            "43": "أَمْ لَكُمْ أَيْمَانٌ عَلَيْنَا بَالِغَةٌ إِلَىٰ يَوْمِ الْقِيَامَةِ ۙ إِنَّ لَكُمْ لَمَا تَحْكُمُونَ",
            "44": "سَلْهُمْ أَيُّهُمْ بِذَٰلِكَ زَعِيمٌ",
            "45": "أَمْ لَهُمْ شُرَكَاءُ فَلْيَأْتُوا بِشُرَكَائِهِمْ إِنْ كَانُوا صَادِقِينَ",
            "46": "يَوْمَ يُكْشَفُ عَنْ سَاقٍ وَيُدْعَوْنَ إِلَى السُّجُودِ فَلَا يَسْتَطِيعُونَ",
            "47": "خَاشِعَةً أَبْصَارُهُمْ تَرْهَقُهُمْ ذِلَّةٌ ۖ وَقَدْ كَانُوا يُدْعَوْنَ إِلَى السُّجُودِ وَهُمْ سَالِمُونَ",
            "48": "فَذَرْنِي وَمَنْ يُكَذِّبُ بِهَٰذَا الْحَدِيثِ ۖ سَنَسْتَدْرِجُهُمْ مِنْ حَيْثُ لَا يَعْلَمُونَ",
            "49": "وَأُمْلِي لَهُمْ ۚ إِنَّ كَيْدِي مَتِينٌ",
            "50": "أَمْ تَسْأَلُهُمْ أَجْرًا فَهُمْ مِنْ مَغْرَمٍ مُثْقَلُونَ",
            "51": "أَمْ عِنْدَهُمُ الْغَيْبُ فَهُمْ يَكْتُبُونَ",
            "52": "فَاصْبِرْ لِحُكْمِ رَبِّكَ وَلَا تَكُنْ كَصَاحِبِ الْحُوتِ إِذْ نَادَىٰ وَهُوَ مَكْظُومٌ",
            "53": "لَوْلَا أَنْ تَدَارَكَهُ نِعْمَةٌ مِنْ رَبِّهِ لَنُبِذَ بِالْعَرَاءِ وَهُوَ مَذْمُومٌ",
            "54": "فَاجْتَبَاهُ رَبُّهُ فَجَعَلَهُ مِنَ الصَّالِحِينَ",
            "55": "وَإِنْ يَكَادُ الَّذِينَ كَفَرُوا لَيُزْلِقُونَكَ بِأَبْصَارِهِمْ لَمَّا سَمِعُوا الذِّكْرَ وَيَقُولُونَ إِنَّهُ لَمَجْنُونٌ",
            "56": "وَمَا هُوَ إِلَّا ذِكْرٌ لِلْعَالَمِينَ"
        },
        "farsi": {
          "5": "\nنون. سوگند به قلم، و آنچه [با آن] می نویسند !",
            "6": " که تو به سبب نعمت پروردگارت [عقل، نبوت، بصیرت، دانش، ایمان و سلامتِ روح] مجنون نیستی ",
            "7": " بی تردید برای تو پاداشی بزرگ و همیشگی است ",
            "8": "به راستی تو بر بلندای سجایای اخلاقی عظیمی قرار داری ",
            "9": " بنابراین به زودی می بینی و [دشمنان هم] می بینند ",
            "10": " که کدامتان دچار جنون است!",
            "11": " بی تردید پروردگارت داناتر است که چه کسی از راهش منحرف شده، و نیز به راهیافتگان آگاه تر است ",
            "12": " از منکران [قرآن و نبوت] پیروی نکن !",
            "13": "آنان دوست دارند که تو سازش و نرمی نشان دهی تا آن ها هم سازش و نرمی کنند ",
            "14": " از هر سوگندخورندۀ فرومایه و پَست فرمان مبر !",
            "15": " [آن که] بسیار عیب جو، و برای سخن چینی همواره در رفت وآمد است ",
            "16": " به شدت بازدارنده از [کار] خیر، و متجاوز و گناه پیشه است ",
            "17": " علاوه بر این ها درشت خوی و بی اصل و نسب است ",
            "18": " این [اوصافِ زشت و یاغی گری اش] محصول [مغروربودن به] داشتن ثروت و فرزندانِ [توان مند] است ",
            "19": " چون آیات ما بر او خوانده شود، می گوید: افسانۀ پیشینیان است ",
            "20": "\n \nبه زودی بر بینی [پُر باد و خرطوم مانند]ش داغ رسوایی و خواری می نهیم",
            "21": " ما اینان را [که در این شهر مکه با تو دشمنی می کنند با مال و اولادشان] در معرض آزمایش قرار داده ایم، همان گونه که صاحبان آن باغ را [در حومۀ یمن] آزمودیم، آن گاه که سوگند خوردند حتماً صبحگاهان [میوۀ] باغ را بچینند ",
            "22": " و [سهم تهیدستان را] جدا نکنند ",
            "23": " پس درحالی که صاحبان باغ خواب بودند عذابی از جانب پروردگارت [همۀ محدودۀ] باغ را دور زده، [و آن را از بیخ و بن سوزاند ]",
            "24": " پس مانند شبِ سیاه شد ",
            "25": " هنگام صبح یکدیگر را صدا زدند ",
            "26": " که اگر قصد چیدن [میوه] دارید در [همین] وقت صبح به باغ روید ",
            "27": " پس به راه افتادند درحالی که آهسته به یکدیگر می گفتند :",
            "28": " امروز نباید نیازمندی در این باغ بر شما وارد شود!",
            "29": " و بامدادان به قصد این که تهیدستان را محروم گذارند [به سوی باغ] روان شدند ",
            "30": " چون باغ را [نابودشده] دیدند گفتند: بی تردید ما منحرف بودیم ",
            "31": " بلکه خود ما [هم از همۀ محصولات باغ] محروم شده ایم ",
            "32": " عاقل ترینشان گفت: آیا به شما نگفتم چرا [خداوند را به پاک بودن از هر عیب و نقصی] ستایش نمی کنید؟ [آیا در فکر خود، او را از انتقام گرفتن درمانده می دانستید؟!]",
            "33": " گفتند: پروردگارِ ما [از هر عیب و نقصی] پاک و منزّه است، مسلّماً ما ستمکار بودیم ",
            "34": " پس با روکردن به هم درحالی که یکدیگر را سرزنش می کردند ",
            "35": " گفتند: وای بر ما که یقیناً طغیانگر بودیم !",
            "36": " امید است پروردگارمان بهتر از آن را برای ما جایگزین کند که ما [از هرچیزی قطع امید کرده]، به پروردگارمان دل می بندیم ",
            "37": " چنین است عذاب [دنیا]، و هرآینه عذاب آخرت اگر آگاه بودند بزرگ تر است ",
            "38": " برای آنان که [از خداوند اطاعت کرده و از محرّماتش] پرهیز داشتند، نزد پروردگارشان بهشت های پُرنعمت است ",
            "39": " آیا ما تسلیم شدگان [به فرمان های حق] را چون گنه پیشگان قرار می دهیم؟",
            "40": " [اگر به فکر شما چنین است] شما را چه شده؟ چگونه داوری می کنید؟!",
            "41": " یا مگر شما کتابی [آسمانی] دارید که در آن می خوانید :",
            "42": " که هرچه را [بدون ایمان و عمل] بخواهید و انخاب کنید برای شما خواهد بود؟!",
            "43": " یا شما را برعهدۀ ما تا روز قیامت پیمان های استواری است که هرچه [را به سود خود] حکم کنید ویژۀ شما باشد [و ما هم بپذیریم]؟!",
            "44": " از آنان بپرس کدامشان ضامن این [ادعا] است [که مسلمان و مجرم نزد خدا یکسانند]؟",
            "45": " یا شریکانی [در ربوبیت خداوند] دارند [که با شفاعتشان پاداش اینان و مسلمانان یکسان شود]؟ اگر راست می گویند شریکان خود را [برای تحقق این ادعا] بیاورند",
            "46": " [یاد کن از] روزی که کار بر مشرکان بسیار دشوار شود، [آن روز که جای هیچ تکلیفی نیست] به سجده کردن دعوتشان کنند ولی از عهده برنیایند",
            "47": "\n \nدیدگانشان [از ترس] فروافتاده، خواری رسواکننده ای آنان را فرامی گیرد؛ زیرا اینان را در دنیا درحالی که در سلامت بودند به سجده دعوتشان کردند [ولی متکبّرانه روی برتافتند] ",
            "48": " پس مرا با کسانی که این قرآنِ [حکیم] را انکار می کنند واگذار! ما آنان را به تدریج از جایی که نمی دانند [چه بلایی به سرشان می آید، به سوی رفاه و خوشی که مایۀ عذابشان خواهد بود] می کشانیم ",
            "49": " آنان را مهلت می دهیم [زیرا از دسترس ما بیرون نمی روند]، بی تردید نقشۀ من استوار است ",
            "50": " [این که دعوتت را نمی پذیرند،] مگر از آنان [در برابر ابلاغ پیام وحی] پاداش می خواهی که از زیانش سنگین بارند؟",
            "51": " یا مگر غیب میدانند که [از روی آن] می نویسند، [سپس به مردم اِعلام می کنند که آیینشان براساس دانشِ غیب درست است]؟!",
            "52": " پس در برابر فرمان پروردگارت شکیبا باش! و مانند صاحب ماهی [یونس پیامبر] مباش! [که در آمدنِ عذاب برای قومش شتاب داشت]، آن گاه که [در شکم ماهی] با دلی پُر از اندوه [خدا را] خواند ",
            "53": " چنانچه رحمتی [ویژه] از سوی پروردگارش او را درنمی یافت، درحالی که سزاوار سرزنش بود به بیابانی بی آب و گیاه افکنده می شد ",
            "54": " پس پروردگارش او را برگزید، و از شایستگانش قرار داد ",
            "55": " کافران چون قرآن را شنیدند نزدیک بود تو را با چشمِ [کینه توزانه] از جای بلغزانند [تا از پای درآیی]، می گویند: همانا او دیوانه است!",
            "56": " درحالی که قرآن جز وسیلۀ هشیاری و مایۀ تذکر برای جهانیان نیست "
        }
    }
}