{
  "2": {
    "number": 2,
        "title": "سورة  الحاقة",
      "bab": 4,
      "delay": 10,
      "arabic": {
            "11": "الْحَاقَّةُ",
            "12": "مَا الْحَاقَّةُ",
            "13": "وَمَا أَدْرَاكَ مَا الْحَاقَّةُ",
            "14": "كَذَّبَتْ ثَمُودُ وَعَادٌ بِالْقَارِعَةِ",
            "15": "فَأَمَّا ثَمُودُ فَأُهْلِكُوا بِالطَّاغِيَةِ",
            "16": "وَأَمَّا عَادٌ فَأُهْلِكُوا بِرِيحٍ صَرْصَرٍ عَاتِيَةٍ",
            "17": "سَخَّرَهَا عَلَيْهِمْ سَبْعَ لَيَالٍ وَثَمَانِيَةَ أَيَّامٍ حُسُومًا فَتَرَى الْقَوْمَ فِيهَا صَرْعَىٰ كَأَنَّهُمْ أَعْجَازُ نَخْلٍ خَاوِيَةٍ",
            "18": "فَهَلْ تَرَىٰ لَهُمْ مِنْ بَاقِيَةٍ",
            "19": "وَجَاءَ فِرْعَوْنُ وَمَنْ قَبْلَهُ وَالْمُؤْتَفِكَاتُ بِالْخَاطِئَةِ",
            "20": "فَعَصَوْا رَسُولَ رَبِّهِمْ فَأَخَذَهُمْ أَخْذَةً رَابِيَةً",
            "21": "إِنَّا لَمَّا طَغَى الْمَاءُ حَمَلْنَاكُمْ فِي الْجَارِيَةِ",
            "22": "لِنَجْعَلَهَا لَكُمْ تَذْكِرَةً وَتَعِيَهَا أُذُنٌ وَاعِيَةٌ",
            "23": "فَإِذَا نُفِخَ فِي الصُّورِ نَفْخَةٌ وَاحِدَةٌ",
            "24": "وَحُمِلَتِ الْأَرْضُ وَالْجِبَالُ فَدُكَّتَا دَكَّةً وَاحِدَةً",
            "25": "فَيَوْمَئِذٍ وَقَعَتِ الْوَاقِعَةُ",
            "26": "وَانْشَقَّتِ السَّمَاءُ فَهِيَ يَوْمَئِذٍ وَاهِيَةٌ",
            "27": "وَالْمَلَكُ عَلَىٰ أَرْجَائِهَا ۚ وَيَحْمِلُ عَرْشَ رَبِّكَ فَوْقَهُمْ يَوْمَئِذٍ ثَمَانِيَةٌ",
            "28": "يَوْمَئِذٍ تُعْرَضُونَ لَا تَخْفَىٰ مِنْكُمْ خَافِيَةٌ",
            "29": "فَأَمَّا مَنْ أُوتِيَ كِتَابَهُ بِيَمِينِهِ فَيَقُولُ هَاؤُمُ اقْرَءُوا كِتَابِيَهْ",
            "30": "إِنِّي ظَنَنْتُ أَنِّي مُلَاقٍ حِسَابِيَهْ",
            "31": "فَهُوَ فِي عِيشَةٍ رَاضِيَةٍ",
            "32": "فِي جَنَّةٍ عَالِيَةٍ",
            "33": "قُطُوفُهَا دَانِيَةٌ",
            "34": "كُلُوا وَاشْرَبُوا هَنِيئًا بِمَا أَسْلَفْتُمْ فِي الْأَيَّامِ الْخَالِيَةِ",
            "35": "وَأَمَّا مَنْ أُوتِيَ كِتَابَهُ بِشِمَالِهِ فَيَقُولُ يَا لَيْتَنِي لَمْ أُوتَ كِتَابِيَهْ",
            "36": "وَلَمْ أَدْرِ مَا حِسَابِيَهْ",
            "37": "يَا لَيْتَهَا كَانَتِ الْقَاضِيَةَ",
            "38": "مَا أَغْنَىٰ عَنِّي مَالِيَهْ ۜ",
            "39": "هَلَكَ عَنِّي سُلْطَانِيَهْ",
            "40": "خُذُوهُ فَغُلُّوهُ",
            "41": "ثُمَّ الْجَحِيمَ صَلُّوهُ",
            "42": "ثُمَّ فِي سِلْسِلَةٍ ذَرْعُهَا سَبْعُونَ ذِرَاعًا فَاسْلُكُوهُ",
            "43": "إِنَّهُ كَانَ لَا يُؤْمِنُ بِاللَّهِ الْعَظِيمِ",
            "44": "وَلَا يَحُضُّ عَلَىٰ طَعَامِ الْمِسْكِينِ",
            "45": "فَلَيْسَ لَهُ الْيَوْمَ هَاهُنَا حَمِيمٌ",
            "46": "وَلَا طَعَامٌ إِلَّا مِنْ غِسْلِينٍ",
            "47": "لَا يَأْكُلُهُ إِلَّا الْخَاطِئُونَ",
            "48": "فَلَا أُقْسِمُ بِمَا تُبْصِرُونَ",
            "49": "وَمَا لَا تُبْصِرُونَ",
            "50": "إِنَّهُ لَقَوْلُ رَسُولٍ كَرِيمٍ",
            "51": "وَمَا هُوَ بِقَوْلِ شَاعِرٍ ۚ قَلِيلًا مَا تُؤْمِنُونَ",
            "52": "وَلَا بِقَوْلِ كَاهِنٍ ۚ قَلِيلًا مَا تَذَكَّرُونَ",
            "53": "تَنْزِيلٌ مِنْ رَبِّ الْعَالَمِينَ",
            "54": "وَلَوْ تَقَوَّلَ عَلَيْنَا بَعْضَ الْأَقَاوِيلِ",
            "55": "لَأَخَذْنَا مِنْهُ بِالْيَمِينِ",
            "56": "ثُمَّ لَقَطَعْنَا مِنْهُ الْوَتِينَ",
            "57": "فَمَا مِنْكُمْ مِنْ أَحَدٍ عَنْهُ حَاجِزِينَ",
            "58": "وَإِنَّهُ لَتَذْكِرَةٌ لِلْمُتَّقِينَ",
            "59": "وَإِنَّا لَنَعْلَمُ أَنَّ مِنْكُمْ مُكَذِّبِينَ",
            "60": "وَإِنَّهُ لَحَسْرَةٌ عَلَى الْكَافِرِينَ",
            "61": "وَإِنَّهُ لَحَقُّ الْيَقِينِ",
            "62": "فَسَبِّحْ بِاسْمِ رَبِّكَ الْعَظِيمِ"
        },
        "farsi": {
           "11": "\nآن حادثۀ حق [که وقوعش حتمی است] !",
            "12": " چه حادثۀ حقی؟!",
            "13": " تو چه می دانی آن حادثۀ حق چیست؟!",
            "14": " ثمودیان و عادیان آن حادثۀ کوبنده را انکار کردند ",
            "15": " اما ثمودیان به وسیلۀ صاعقۀ سرکش هلاک شدند ",
            "16": " اما عادیان با تندبادی بسیار سرد و طغیانگر از بین رفتند ",
            "17": " [خداوند] آن را هفت شب و هشت روز پی درپی بر آنان چیره ساخت، [اگر آن جا بودی] مردم را می دیدی که بر زمین افتاده اند گویا تنه های پوک و پوسیدۀ درختانِ خرما هستند ",
            "18": " آیا از آنان هیچ بازمانده ای می بینی؟",
            "19": "\n \nفرعون و آنان که پیش از او بودند و [مردم] شهرهای زیروروشدۀ [قوم لوط] مرتکب گناهان بزرگ شدند ",
            "20": " فرستادۀ پروردگارشان را نافرمانی کردند، خداوند هم آنان را به عذابی سخت گرفتار کرد ",
            "21": " ما [گذشتگان مؤمنِ] شما را وقتی آب طغیان کرد سوار در آن کشتی روان کردیم ",
            "22": " تا آن را برای شما مایۀ تذکر [و بیداری] قرار دهیم، و گوش های شنوا آن را [به عنوان مایۀ پند و عبرت] فراگیرند",
            "23": " چون در صور بدمند، یک دمیدن !",
            "24": " و زمین و کوه ها [از جای خود] برداشته شوند، و هر دوی آن ها را در هم کوبند، یک دَر هم کوبیدن !",
            "25": " در آن روز آن واقعۀ بزرگ واقع می شود !",
            "26": "و آسمان بشکافد، و در آن روز است که [نظام] آسمان سست [ شده و متلاشی] می گردد ",
            "27": "و فرشتگان [برای انجام مأموریت هایشان] در نواحی و اطراف آن قرار می گیرند، در آن روز هشت فرشته، [نظام تدبیر و] فرمانروایی پروردگارت را بر فراز همۀ آن ها حمل می کنند ",
            "28": " آن روز همۀ شما را [برای حسابرسی] در معرض [پروردگارتان] قرار می دهند درحالی که هیچ [نیت و عمل] پنهانِ شما پوشیده نمی ماند ",
            "29": " اما کسی که پرونده اش را به دست راستش دهند [از خوش حالی] فریاد می زند: ای مردم! پرونده ام را بگیرید و بخوانید ",
            "30": " من یقین داشتم که با حسابرسی اعمالم روبه رو خواهم شد، [به این سبب اعمالم را هماهنگ با احکام خدا انجام دادم و بدی هایم را اصلاح کردم ]",
            "31": " پس او در زندگی خوش و پسندیده ای قرار خواهد گرفت ",
            "32": " در بهشتی برین ",
            "33": " که همۀ میوه هایش به آسانی در دسترس است ",
            "34": " [به آنان گویند:] به پاداش اعمالی که در گذشته انجام دادید بخورید و بیاشامید! گوارایتان باد !",
            "35": " و اما کسی که پروندۀ اعمالش را به دست چپش دهند، می گوید: ای کاش پرونده ام را به من نمی دادند !",
            "36": " و نمی دانستم حساب من چیست",
            "37": " ای کاش همان مرگ اول [که مرا از دنیا به آخرت انتقال داد] کارم را یکسره می کرد [و در نیستی ابد قرارم می داد].",
            "38": " ثروتم [عذابم را] از من برطرف نکرد ",
            "39": " قدرتم از دستم رفت ",
            "40": " [فرمان رسد:] او را بگیرید و در غُل و زنجیرش ببندید !",
            "41": "سپس او را در آتش فروزان بسوزانید  !",
            "42": "آن گاه او را در زنجیری که طولش هفتاد زراع است ببندید !",
            "43": " زیرا او به خدای بزرگ ایمان نمی آورْ د ",
            "44": " و [مردم را] بر طعام دادن نیازمندان تشویق نمی کرد ",
            "45": "\n \nپس امروز او را در این جا یار مهربانِ حمایتگری نیست ",
            "46": " و نه طعامی مگر چرک و خونابۀ بدن های اهل دوزخ",
            "47": " که آن را جز خطاکاران نمی خورند ",
            "48": " پس سوگند می خورم به آنچه [از محسوسات] می بینید !",
            "49": "و آنچه [از غیر محسوسات] نمی بینید !",
            "50": " بی تردید این [قرآن که وحی خداست] گفتار [راستینِ] فرستاده ای بزرگوار [برای هدایت شما] است ",
            "51": "مسلّماً گفتار یک شاعر نیست، [ولی] اندکی ایمان می آورند ",
            "52": " و گفتارکاهنی هم نیست، [ولی] اندکی متذکر [و بیدار] می شوند ",
            "53": " [بلکه] نازل شدۀ از سوی پروردگار جهانیان است ",
            "54": " اگر [این رسولِ بزرگوار] پاره ای از گفته های ساختگی را به ما نسبت می داد ",
            "55": " یقیناً او را با قدرت می گرفتیم ",
            "56": " سپس رگِ قلبش را قطع می کردیم ",
            "57": " در آن صورت هیچ کدام از شما مانع از [عذاب] او نبود ید",
            "58": " به راستی این [قرآن] وسیلۀ تذکر [و بیداری] برای پرهیزگاران است ",
            "59": " ما یقیناً می دانیم که برخی از شما انکارکنندگانِ [آن] هستید ",
            "60": " بی تردید این [انکار] برای منکران مایۀ افسوس است ",
            "61": "مسلّماً این [قرآن] حق یقینی است ",
            "62": " پس به نام پروردگار بزرگت او را با تسبیح گفتن [از هر عیب و نقصی] پاک و منزّه بدار "
        }
    }
}