{
  "2": {
    "number": 2,
        "title": "سورة المعارج",
      "bab": 4,
      "delay": 18,
      "arabic": {
           "19": "سَأَلَ سَائِلٌ بِعَذَابٍ وَاقِعٍ",
            "20": "لِلْكَافِرِينَ لَيْسَ لَهُ دَافِعٌ",
            "21": "مِنَ اللَّهِ ذِي الْمَعَارِجِ",
            "22": "تَعْرُجُ الْمَلَائِكَةُ وَالرُّوحُ إِلَيْهِ فِي يَوْمٍ كَانَ مِقْدَارُهُ خَمْسِينَ أَلْفَ سَنَةٍ",
            "23": "فَاصْبِرْ صَبْرًا جَمِيلًا",
            "24": "إِنَّهُمْ يَرَوْنَهُ بَعِيدًا",
            "25": "وَنَرَاهُ قَرِيبًا",
            "26": "يَوْمَ تَكُونُ السَّمَاءُ كَالْمُهْلِ",
            "27": "وَتَكُونُ الْجِبَالُ كَالْعِهْنِ",
            "28": "وَلَا يَسْأَلُ حَمِيمٌ حَمِيمًا",
            "29": "يُبَصَّرُونَهُمْ ۚ يَوَدُّ الْمُجْرِمُ لَوْ يَفْتَدِي مِنْ عَذَابِ يَوْمِئِذٍ بِبَنِيهِ",
            "30": "وَصَاحِبَتِهِ وَأَخِيهِ",
            "31": "وَفَصِيلَتِهِ الَّتِي تُؤْوِيهِ",
            "32": "وَمَنْ فِي الْأَرْضِ جَمِيعًا ثُمَّ يُنْجِيهِ",
            "33": "كَلَّا ۖ إِنَّهَا لَظَىٰ",
            "34": "نَزَّاعَةً لِلشَّوَىٰ",
            "35": "تَدْعُو مَنْ أَدْبَرَ وَتَوَلَّىٰ",
            "36": "وَجَمَعَ فَأَوْعَىٰ",
            "37": "إِنَّ الْإِنْسَانَ خُلِقَ هَلُوعًا",
            "38": "إِذَا مَسَّهُ الشَّرُّ جَزُوعًا",
            "39": "وَإِذَا مَسَّهُ الْخَيْرُ مَنُوعًا",
            "40": "إِلَّا الْمُصَلِّينَ",
            "41": "الَّذِينَ هُمْ عَلَىٰ صَلَاتِهِمْ دَائِمُونَ",
            "42": "وَالَّذِينَ فِي أَمْوَالِهِمْ حَقٌّ مَعْلُومٌ",
            "43": "لِلسَّائِلِ وَالْمَحْرُومِ",
            "44": "وَالَّذِينَ يُصَدِّقُونَ بِيَوْمِ الدِّينِ",
            "45": "وَالَّذِينَ هُمْ مِنْ عَذَابِ رَبِّهِمْ مُشْفِقُونَ",
            "46": "إِنَّ عَذَابَ رَبِّهِمْ غَيْرُ مَأْمُونٍ",
            "47": "وَالَّذِينَ هُمْ لِفُرُوجِهِمْ حَافِظُونَ",
            "48": "إِلَّا عَلَىٰ أَزْوَاجِهِمْ أَوْ مَا مَلَكَتْ أَيْمَانُهُمْ فَإِنَّهُمْ غَيْرُ مَلُومِينَ",
            "49": "فَمَنِ ابْتَغَىٰ وَرَاءَ ذَٰلِكَ فَأُولَٰئِكَ هُمُ الْعَادُونَ",
            "50": "وَالَّذِينَ هُمْ لِأَمَانَاتِهِمْ وَعَهْدِهِمْ رَاعُونَ",
            "51": "وَالَّذِينَ هُمْ بِشَهَادَاتِهِمْ قَائِمُونَ",
            "52": "وَالَّذِينَ هُمْ عَلَىٰ صَلَاتِهِمْ يُحَافِظُونَ",
            "53": "أُولَٰئِكَ فِي جَنَّاتٍ مُكْرَمُونَ",
            "54": "فَمَالِ الَّذِينَ كَفَرُوا قِبَلَكَ مُهْطِعِينَ",
            "55": "عَنِ الْيَمِينِ وَعَنِ الشِّمَالِ عِزِينَ",
            "56": "أَيَطْمَعُ كُلُّ امْرِئٍ مِنْهُمْ أَنْ يُدْخَلَ جَنَّةَ نَعِيمٍ",
            "57": "كَلَّا ۖ إِنَّا خَلَقْنَاهُمْ مِمَّا يَعْلَمُونَ",
            "58": "فَلَا أُقْسِمُ بِرَبِّ الْمَشَارِقِ وَالْمَغَارِبِ إِنَّا لَقَادِرُونَ",
            "59": "عَلَىٰ أَنْ نُبَدِّلَ خَيْرًا مِنْهُمْ وَمَا نَحْنُ بِمَسْبُوقِينَ",
            "60": "فَذَرْهُمْ يَخُوضُوا وَيَلْعَبُوا حَتَّىٰ يُلَاقُوا يَوْمَهُمُ الَّذِي يُوعَدُونَ",
            "61": "يَوْمَ يَخْرُجُونَ مِنَ الْأَجْدَاثِ سِرَاعًا كَأَنَّهُمْ إِلَىٰ نُصُبٍ يُوفِضُونَ",
            "62": "خَاشِعَةً أَبْصَارُهُمْ تَرْهَقُهُمْ ذِلَّةٌ ۚ ذَٰلِكَ الْيَوْمُ الَّذِي كَانُوا يُوعَدُونَ"
        },
        "farsi": {
         "19": "\nدرخواست کننده ای عذاب شدید واقع شدنی را درخواست کرد ",
            "20": " عذابی که ویژۀ کافران است، و آن را بازدارنده ای نیست ",
            "21": " [این عذاب که کیفر کفر کافران می باشد] از سوی خداوندِ صاحبِ درجات است ",
            "22": " فرشتگان و روح در روزی که مقدارش پنجاه هزار سال است به سوی او بالا می روند ",
            "23": " پس [در برابر آزار دشمنان] صبر کن؛ صبری نیکو !",
            "24": "کافران آن [عذاب] را دور می بینند ",
            "25": " و ما آن را نزدیک می بینیم ",
            "26": " روزی که آسمان چون فلزِ گداخته گردد ",
            "27": " و کوه ها مانند پشمِ رنگینِ حلاجی شده گردد",
            "28": " و هیچ خویشاوندی از [اوضاع و احوالِ] خویشاوند نپرسد ",
            "29": "\n \nخویشان را به یکدیگر نشان می دهند [ولی به خاطر دل مشغولی به آنان توجه نکنند]، گناه پیشه آرزو می کند ای کاش می توانست فرزندانش را در برابر [نجات از] عذابِ آن روز عوض بدهد!",
            "30": " و همسر و برادرش را",
            "31": " و خویشانِ نزدیکش را که به او پناه می دادند",
            "32": " و نیز همۀ کسانی که در زمینند، تا او را [از عذاب] نجات دهد",
            "33": " چنین نیست [که راه نجاتی برایش باشد]، همانا آتش سوزنده زبانه می کشد",
            "34": " درحالی که اعضا و پوستِ سر را برمی کنَد",
            "35": " [آتش] هرکه را [به اسلام] پشت کرده و [از دعوت پروردگار] روی برتافته [به سوی خود] می خوانَد ",
            "36": " و [نیز] آن را که [ثروت فراوانی] جمع کرده و ذخیره ساخته است",
            "37": " همانا انسان بی طاقت و حریص آفریده شده",
            "38": " چون آسیبی به او رسد بیتابی می کند",
            "39": " و هنگامی که خیری [مثل امکاناتِ مادّی] نصیب او شود بخل می ورزد",
            "40": "به جز نمازگزاران [که از برکت نماز، پُرطاقت و قانع و اهل سخاوتند]",
            "41": " آنان که همواره بر نمازشان مداومت دارند ",
            "42": " و در اموالشان حقی معلوم است",
            "43": " برای درخواست کنندۀ [نیازمند] و محروم [از معیشت روزمرّه]",
            "44": " و آنان که پیوسته روز پاداش را از عمق قلب باور دارند ",
            "45": "و از عذاب پروردگارشان می ترسند ",
            "46": " زیرا از عذاب پروردگارشان ایمنی نیست",
            "47": "و آنان که دامنشان را [از آلوده شدن به شهواتِ حرام] حفظ می کنند ",
            "48": " جز در کام جویی از همسران و کنیزانشان که در این زمینه بی تردید مورد سرزنش نیستند ",
            "49": " پس کسانی که [در بهره گیری جنسی] راهی غیر از این می جویند متجاوز [از حدود حق]ند",
            "50": " و آنان که امانت ها و پیمان های خود را رعایت می کنند",
            "51": "و آنان که بر ادای شهادت های خود [برای رساندن مظلوم به حقش] پای بندند",
            "52": " و همواره بر [اوقات و شرایط ظاهری و معنوی] نمازهایشان مراقبت دارند ",
            "53": " اینان را در بهشت ها گرامی میدارند",
            "54": " کافران را چه شده که با گردن های کشیده به سویت می شتابند؟",
            "55": " از راست و چپ، گروه گروه",
            "56": " آیا هریک از آنان طمع دارد که او را در بهشتِ پُرنعمت درآورند؟",
            "57": "هرگز! [به سبب کفرشان ورود به بهشت غیر ممکن است.] ما آنان را از آنچه می دانند [یعنی آبی پَست و بی مقدار] آفریدیم ",
            "58": "\n \nبه پروردگار مشرق ها و مغرب ها سوگند که ما مسلّماً تواناییم ",
            "59": " بر این که بهتر از اینان را بیاوریم، و چیزی [در هیچ زمینه ای] مغلوب کنندۀ ما نیست ",
            "60": " پس آنان را واگذار که [در سخنان باطلشان] غوطه ور شوند، و سرگرم بازیگری باشند تا آن روزشان را که به آن تهدید شده اند دیدار کنند ",
            "61": " روزی که شتابان از گورها بیرون می آیند، گویی به سوی نشانه های نصب شده می دوند ",
            "62": " درحالی که دیدگانشان [از شدت ترس] فروافتاده، و خواری شکننده ای آنان را فرامی گیرد، این همان روزی است که همواره به آن تهدید می شدند "
        }
    }
}