{
  "2": {
    "number": 2,
        "title": "سورة نوح",
      "bab": 4,
      "delay": 5,
      "arabic": {
           "6": " إِنَّا أَرْسَلْنَا نُوحًا إِلَىٰ قَوْمِهِ أَنْ أَنْذِرْ قَوْمَكَ مِنْ قَبْلِ أَنْ يَأْتِيَهُمْ عَذَابٌ أَلِيمٌ",
            "7": "قَالَ يَا قَوْمِ إِنِّي لَكُمْ نَذِيرٌ مُبِينٌ",
            "8": "أَنِ اعْبُدُوا اللَّهَ وَاتَّقُوهُ وَأَطِيعُونِ",
            "9": "يَغْفِرْ لَكُمْ مِنْ ذُنُوبِكُمْ وَيُؤَخِّرْكُمْ إِلَىٰ أَجَلٍ مُسَمًّى ۚ إِنَّ أَجَلَ اللَّهِ إِذَا جَاءَ لَا يُؤَخَّرُ ۖ لَوْ كُنْتُمْ تَعْلَمُونَ",
            "10": "قَالَ رَبِّ إِنِّي دَعَوْتُ قَوْمِي لَيْلًا وَنَهَارًا",
            "11": "فَلَمْ يَزِدْهُمْ دُعَائِي إِلَّا فِرَارًا",
            "12": "وَإِنِّي كُلَّمَا دَعَوْتُهُمْ لِتَغْفِرَ لَهُمْ جَعَلُوا أَصَابِعَهُمْ فِي آذَانِهِمْ وَاسْتَغْشَوْا ثِيَابَهُمْ وَأَصَرُّوا وَاسْتَكْبَرُوا اسْتِكْبَارًا",
            "13": "ثُمَّ إِنِّي دَعَوْتُهُمْ جِهَارًا",
            "14": "ثُمَّ إِنِّي أَعْلَنْتُ لَهُمْ وَأَسْرَرْتُ لَهُمْ إِسْرَارًا",
            "15": "فَقُلْتُ اسْتَغْفِرُوا رَبَّكُمْ إِنَّهُ كَانَ غَفَّارًا",
            "16": "يُرْسِلِ السَّمَاءَ عَلَيْكُمْ مِدْرَارًا",
            "17": "وَيُمْدِدْكُمْ بِأَمْوَالٍ وَبَنِينَ وَيَجْعَلْ لَكُمْ جَنَّاتٍ وَيَجْعَلْ لَكُمْ أَنْهَارًا",
            "18": "مَا لَكُمْ لَا تَرْجُونَ لِلَّهِ وَقَارًا",
            "19": "وَقَدْ خَلَقَكُمْ أَطْوَارًا",
            "20": "أَلَمْ تَرَوْا كَيْفَ خَلَقَ اللَّهُ سَبْعَ سَمَاوَاتٍ طِبَاقًا",
            "21": "وَجَعَلَ الْقَمَرَ فِيهِنَّ نُورًا وَجَعَلَ الشَّمْسَ سِرَاجًا",
            "22": "وَاللَّهُ أَنْبَتَكُمْ مِنَ الْأَرْضِ نَبَاتًا",
            "23": "ثُمَّ يُعِيدُكُمْ فِيهَا وَيُخْرِجُكُمْ إِخْرَاجًا",
            "24": "وَاللَّهُ جَعَلَ لَكُمُ الْأَرْضَ بِسَاطًا",
            "25": "لِتَسْلُكُوا مِنْهَا سُبُلًا فِجَاجًا",
            "26": "قَالَ نُوحٌ رَبِّ إِنَّهُمْ عَصَوْنِي وَاتَّبَعُوا مَنْ لَمْ يَزِدْهُ مَالُهُ وَوَلَدُهُ إِلَّا خَسَارًا",
            "27": "وَمَكَرُوا مَكْرًا كُبَّارًا",
            "28": "وَقَالُوا لَا تَذَرُنَّ آلِهَتَكُمْ وَلَا تَذَرُنَّ وَدًّا وَلَا سُوَاعًا وَلَا يَغُوثَ وَيَعُوقَ وَنَسْرًا",
            "29": "وَقَدْ أَضَلُّوا كَثِيرًا ۖ وَلَا تَزِدِ الظَّالِمِينَ إِلَّا ضَلَالًا",
            "30": "مِمَّا خَطِيئَاتِهِمْ أُغْرِقُوا فَأُدْخِلُوا نَارًا فَلَمْ يَجِدُوا لَهُمْ مِنْ دُونِ اللَّهِ أَنْصَارًا",
            "31": "وَقَالَ نُوحٌ رَبِّ لَا تَذَرْ عَلَى الْأَرْضِ مِنَ الْكَافِرِينَ دَيَّارًا",
            "32": "إِنَّكَ إِنْ تَذَرْهُمْ يُضِلُّوا عِبَادَكَ وَلَا يَلِدُوا إِلَّا فَاجِرًا كَفَّارًا",
            "33": "رَبِّ اغْفِرْ لِي وَلِوَالِدَيَّ وَلِمَنْ دَخَلَ بَيْتِيَ مُؤْمِنًا وَلِلْمُؤْمِنِينَ وَالْمُؤْمِنَاتِ وَلَا تَزِدِ الظَّالِمِينَ إِلَّا تَبَارًا"
        },
        "farsi": {
         "6": "\nما نوح را به سوی قومش فرستادیم که قومت را پیش از آن که عذابی دردناک به آنان رسد هشدار ده !",
            "7": " گفت: ای قومِ من! قطعاً من برای شما هشداردهنده ای آشکارم ",
            "8": " [هشدارم این است] که: خدا را بپرستید! و از او در برابر ارتکاب محرّمات پروا کنید! و مطیع من باشید [که من جز خیر شما را نمی خواهم!]",
            "9": " تا [خداوند] گناهانتان را بیامرزد، و تا سرآمدی معین مهلتتان دهد، بی تردید وقتی اجل مقررشدۀ خدا فرارسد به تأخیر نخواهد افتاد، اگر [به این حقایق] آگاه بودید [دست از طغیان می کشیدید] ",
            "10": " گفت: پروردگارا! من قومم را شب و روز [به آیین توحید] دعوت کردم ",
            "11": "ولی دعوتم جز بر گریزشان نیفزود ",
            "12": " هرگاه دعوتشان کردم تا آنان را بیامرزی انگشتان خود را در گوش هایشان نهادند و جامه هایشان را بر سر کشیدند، و [بر طغیانشان] پافشاری کرده و [نسبت به حق] به شدت تکبّر ورزیدند!",
            "13": " آن گاه آشکارا دعوتشان کردم",
            "14": " سپس آشکار و پنهان [حقایق آیین توحید را] برای آنان توضیح دادم",
            "15": " پس [از آن] گفتم: از پروردگارتان آمرزش بخواهید که او همواره بسیار آمرزنده است ",
            "16": "\n \nتا بر شما باران پی درپی و پُرریزش بفرستد",
            "17": " و شما را با اموال و فرزندانتان یاری دهد [تا از آن دو بهرۀ کامل ببرید،] و برایتان باغ ها و نهرها پدید آورد",
            "18": " شما را چه شده که عظمت خداوند را باور ندارید؟",
            "19": " درحالی که شما را مرحله به مرحله [از خاک، نطفه، عَلَقه، مُضغه، گوشت و استخوان] آفریده است",
            "20": " آیا ندانسته اید که خداوند هفت آسمان را چگونه بر فراز یکدیگر آفرید؟",
            "21": " و ماه را در آن ها روشنی بخش، و خورشید را چراغِ فروزان قرار داد",
            "22": " و شما را به گونه ای اعجاب آور از زمین رویانید!",
            "23": " آن گاه شما را به آن بازمی گردانَد، و [در محشر] چنان که باید بیرون می آورَد",
            "24": " خداوند زمین را به نفع شما گسترده و پهناور قرار داد",
            "25": " تا از راه ها و جاده های فراخِ آن [به هرجایش خواستید] بروید ",
            "26": " نوح [پس از اینهمه روشنگری و دلسوزی] گفت: پروردگارا! آن ها از من سرپیچی کردند و دنبال کسانی رفتند که مال و فرزندانشان جز خسارت بر آنان نیفزود ",
            "27": " و [بر ضد من و آیینم] نیرنگی بسیار بزرگ [که در تودۀ مردم اثرگذار بود] به کار گرفتند",
            "28": " [به مردم] گفتند: هرگز معبودانتان را رها نکنید، و دست از بُت های «وَدّ»، «سُواع»، «یغوث»، «یعوق» و «نَسر» برندارید",
            "29": "و بی تردید بسیاری را [با نیرنگ زدن] گمراه کردند، [پروردگارا!] بر ستمکاران جز گمراهی نیفزای!",
            "30": " نهایتاً به سبب گناهانشان غرق شدند، و [پس از مرگ در برزخ] به آتشی شکننده واردشان کردند که در برابر خدا برای [نجات] آنان یاورانی نیافتند ",
            "31": " [این ها پس از آن بود که] نوح گفت: پروردگارا! هیچ یک از این کافران را بر روی زمین باقی مگذار!",
            "32": " که اگر باقی گذاری بندگانت را منحرف می کنند و جز نسلی بدکار و ناسپاس نمی زایند",
            "33": " پروردگارا! مرا و پدر و مادرم، و هرکس را درحالی که مؤمن است به خانه ام درآید، و همۀ مردان و زنان مؤمن را [در همۀ اعصار و زمان ها تا قیامت] بیامرز! و ستمکاران را جز هلاکت میفزای !"
        }
    }
}