{
    "2": {
        "number": 2,
        "title": "سورة الجن",
        "bab": 4,
        "delay": 0,
        "arabic": {
            "1": " قُلْ أُوحِيَ إِلَيَّ أَنَّهُ اسْتَمَعَ نَفَرٌ مِنَ الْجِنِّ فَقَالُوا إِنَّا سَمِعْنَا قُرْآنًا عَجَبًا",
            "2": "يَهْدِي إِلَى الرُّشْدِ فَآمَنَّا بِهِ ۖ وَلَنْ نُشْرِكَ بِرَبِّنَا أَحَدًا",
            "3": "وَأَنَّهُ تَعَالَىٰ جَدُّ رَبِّنَا مَا اتَّخَذَ صَاحِبَةً وَلَا وَلَدًا",
            "4": "وَأَنَّهُ كَانَ يَقُولُ سَفِيهُنَا عَلَى اللَّهِ شَطَطًا",
            "5": "وَأَنَّا ظَنَنَّا أَنْ لَنْ تَقُولَ الْإِنْسُ وَالْجِنُّ عَلَى اللَّهِ كَذِبًا",
            "6": "وَأَنَّهُ كَانَ رِجَالٌ مِنَ الْإِنْسِ يَعُوذُونَ بِرِجَالٍ مِنَ الْجِنِّ فَزَادُوهُمْ رَهَقًا",
            "7": "وَأَنَّهُمْ ظَنُّوا كَمَا ظَنَنْتُمْ أَنْ لَنْ يَبْعَثَ اللَّهُ أَحَدًا",
            "8": "وَأَنَّا لَمَسْنَا السَّمَاءَ فَوَجَدْنَاهَا مُلِئَتْ حَرَسًا شَدِيدًا وَشُهُبًا",
            "9": "وَأَنَّا كُنَّا نَقْعُدُ مِنْهَا مَقَاعِدَ لِلسَّمْعِ ۖ فَمَنْ يَسْتَمِعِ الْآنَ يَجِدْ لَهُ شِهَابًا رَصَدًا",
            "10": "وَأَنَّا لَا نَدْرِي أَشَرٌّ أُرِيدَ بِمَنْ فِي الْأَرْضِ أَمْ أَرَادَ بِهِمْ رَبُّهُمْ رَشَدًا",
            "11": "وَأَنَّا مِنَّا الصَّالِحُونَ وَمِنَّا دُونَ ذَٰلِكَ ۖ كُنَّا طَرَائِقَ قِدَدًا",
            "12": "وَأَنَّا ظَنَنَّا أَنْ لَنْ نُعْجِزَ اللَّهَ فِي الْأَرْضِ وَلَنْ نُعْجِزَهُ هَرَبًا",
            "13": "وَأَنَّا لَمَّا سَمِعْنَا الْهُدَىٰ آمَنَّا بِهِ ۖ فَمَنْ يُؤْمِنْ بِرَبِّهِ فَلَا يَخَافُ بَخْسًا وَلَا رَهَقًا",
            "14": "وَأَنَّا مِنَّا الْمُسْلِمُونَ وَمِنَّا الْقَاسِطُونَ ۖ فَمَنْ أَسْلَمَ فَأُولَٰئِكَ تَحَرَّوْا رَشَدًا",
            "15": "وَأَمَّا الْقَاسِطُونَ فَكَانُوا لِجَهَنَّمَ حَطَبًا",
            "16": "وَأَنْ لَوِ اسْتَقَامُوا عَلَى الطَّرِيقَةِ لَأَسْقَيْنَاهُمْ مَاءً غَدَقًا",
            "17": "لِنَفْتِنَهُمْ فِيهِ ۚ وَمَنْ يُعْرِضْ عَنْ ذِكْرِ رَبِّهِ يَسْلُكْهُ عَذَابًا صَعَدًا",
            "18": "وَأَنَّ الْمَسَاجِدَ لِلَّهِ فَلَا تَدْعُوا مَعَ اللَّهِ أَحَدًا",
            "19": "وَأَنَّهُ لَمَّا قَامَ عَبْدُ اللَّهِ يَدْعُوهُ كَادُوا يَكُونُونَ عَلَيْهِ لِبَدًا",
            "20": "قُلْ إِنَّمَا أَدْعُو رَبِّي وَلَا أُشْرِكُ بِهِ أَحَدًا",
            "21": "قُلْ إِنِّي لَا أَمْلِكُ لَكُمْ ضَرًّا وَلَا رَشَدًا",
            "22": "قُلْ إِنِّي لَنْ يُجِيرَنِي مِنَ اللَّهِ أَحَدٌ وَلَنْ أَجِدَ مِنْ دُونِهِ مُلْتَحَدًا",
            "23": "إِلَّا بَلَاغًا مِنَ اللَّهِ وَرِسَالَاتِهِ ۚ وَمَنْ يَعْصِ اللَّهَ وَرَسُولَهُ فَإِنَّ لَهُ نَارَ جَهَنَّمَ خَالِدِينَ فِيهَا أَبَدًا",
            "24": "حَتَّىٰ إِذَا رَأَوْا مَا يُوعَدُونَ فَسَيَعْلَمُونَ مَنْ أَضْعَفُ نَاصِرًا وَأَقَلُّ عَدَدًا",
            "25": "قُلْ إِنْ أَدْرِي أَقَرِيبٌ مَا تُوعَدُونَ أَمْ يَجْعَلُ لَهُ رَبِّي أَمَدًا",
            "26": "عَالِمُ الْغَيْبِ فَلَا يُظْهِرُ عَلَىٰ غَيْبِهِ أَحَدًا",
            "27": "إِلَّا مَنِ ارْتَضَىٰ مِنْ رَسُولٍ فَإِنَّهُ يَسْلُكُ مِنْ بَيْنِ يَدَيْهِ وَمِنْ خَلْفِهِ رَصَدًا",
            "28": "لِيَعْلَمَ أَنْ قَدْ أَبْلَغُوا رِسَالَاتِ رَبِّهِمْ وَأَحَاطَ بِمَا لَدَيْهِمْ وَأَحْصَىٰ كُلَّ شَيْءٍ عَدَدًا"
        },
        "farsi": {
            "1": "\nبگو: به من وحی شده که گروهی از جنّیان [به قرآن خواندنِ من] گوش داده و گفته اند: ما قرآنِ شگفت آوری شنیدیم",
            "2": " که به سوی خیر و صلاح راهنمایی می کند، به این علت به آن مؤمن شدیم، و هرگز اَحدی را شریک پروردگارمان قرار نخواهیم داد ",
            "3": " و [از روی یقین اعتراف می کنیم به] این که: عظمت و جلال پروردگارمان والا و بلند است، نه همسری برای خود گرفته و نه فرزندی",
            "4": " و این که سبُک مغزِ ما دربارۀ خداوند سخنی ناروا و دور از حق، [مبنی بر همسر و فرزندداشتنِ او] می گفت",
            "5": "و این که یقین داشتیم هرگز انس و جنّ بر خدا دروغ نمی بندند!",
            "6": " و ما مردانی از آدمیان به مردانی از جنّ [برای رفع مشکلاتشان] پناه می بردند، ولی [مردان جنّ] بر طغیان و تباهی آنان افزودند!",
            "7": " و مردانی از آدمیان پنداشتند ـ چنان که شما جنّیان پنداشتید ـ که خداوند هرگز کسی را [به نبوت] مبعوث نمی کند",
            "8": " و ما [برای کسب خبر] به آسمان نزدیک شدیم، اما آن را پُر از نگهبانِ نیرومند و شهاب ها[ی دفع کننده] یافتیم",
            "9": " و ما پیش از این در نشستگاه هایی در عالم بالا برای استراقِ سمع می نشستیم، اما اکنون هرکه بخواهد استراق سمع کند شهابی را در کمین خود می یابد",
            "10": " و ما نمی دانیم آیا دربارۀ کسانی که در زمینند شرّی اراده شده، یا پروردگارشان برای آنان خیر و صلاح خواسته است",
            "11": " و برخی از ما شایسته اند و برخی غیر آنند، ما بر آیین های گوناگونی هستیم",
            "12": " و ما یقین داریم که هرگز نمی توانیم در زمین خدا را ناتوان سازیم [و در برابر خواست او بایستیم] و هرگز قدرت نداریم از [دسترس حاکمیت] او بگریزیم",
            "13": " و ما چون [هدایتگری] قرآن را شنیدیم به آن مؤمن شدیم، و کسی که به پروردگارش ایمان آورَد، نه از کاسته شدن [پاداشش] می ترسد، و نه از ستم دیدن [در مجازات خود]",
            "14": "\n \nو یقیناً گروهی از ما تسلیم حق، و گروهی منحرفند، پس کسانی که تسلیم حقند در جست وجوی خیر و صلاحند",
            "15": " ولی منحرفان نهایتاً هیزم دوزخ اند",
            "16": " [ای پیامبر! بگو: به من وحی شده که؛] اگر [انس و جنّ] بر راه خدا [که تنها آیین حق است] پایداری کنند از نعمت فراوان و پُرخیری بهره مندشان کنیم",
            "17": " تا در زمینۀ [فراوانی] نعمت امتحانشان کنیم، کسی که [با غرق شدن در نعمتِ فراوان] از یاد پروردگارش غفلت کند، او را در عذابی سخت و روزافزون وارد می کند",
            "18": " و مسلّماً مساجد [جایگاه عبادت] برای خداست، پس هیچ کس را با خدا نپرستید ",
            "19": " و این که چون بندۀ خدا [محمّد صلی الله علیه وآله] به عبادت پروردگار برمی خاست نزدیک بود [جنّیانِ مؤمن به خاطر جذابیتِ عبادتش] بر او ازدحام کنند",
            "20": " بگو: من فقط پروردگارم را می پرستم، و هیچ کس را شریک او قرار نمی دهم",
            "21": " بگو: من قدرت رساندنِ زیان و سود [و هدایت و انحرافی] را به شما ندارم",
            "22": " بگو: [اگر از او روی برتابم] هرگز اَحدی در برابر [عذاب] خدا به من پناه نمی دهد، و هرگز پناه گاهی جز او نمی یابم ",
            "23": " [من مسئولیتی ندارم] جز تبلیغ [احکام و معارف] و رساندن پیام های الهی از جانب خدا، کسانی که از خدا و پیامبرش نافرمانی کنند حتماً آتش دوزخ سزاوار آنان است درحالی که در آن همواره جاودانه اند",
            "24": " [کافران، شما را ناتوان و نفراتتان را اندک می بینند] تا زمانی که آنچه را [از عذاب] به آن تهدید شده اند ببینند، به زودی آگاه می شوند که چه کسی یاورش ناتوان تر، و نفراتش کمتر است؟",
            "25": " بگو: نمی دانم آیا آنچه را به آن تهدید می شوید نزدیک است، یا پروردگارم برای واقع شدنش زمانی طولانی قرار خواهد داد؟",
            "26": " او دانای غیب است و اَحدی را بر غیب خود آگاه نمی کند",
            "27": " مگر رسولانی را که [برای فراگرفتن غیب] پسندیده است، پس نگهبانانی [از فرشتگان برای حفاظت وحی، این دانشِ ویژۀ غیبی از دستبرد نامحرمان] پیش رو و پشت سرشان می گمارد ",
            "28": " تا مشخص کند که پیام های پروردگارشان را به طورکامل [به مردم] رسانده اند، او به آنچه [از وحی] نزد آنان است احاطۀ همه جانبه دارد، و همه چیز را [در جهان هستی] از جهت عدد شماره کرده است "
        }
    }
}