{
    "2": {
        "number": 2,
        "title": "سورة المزمل",
        "bab": 4,
        "delay": 0,
        "arabic": {
            "1": " يَا أَيُّهَا الْمُزَّمِّلُ",
            "2": "قُمِ اللَّيْلَ إِلَّا قَلِيلًا",
            "3": "نِصْفَهُ أَوِ انْقُصْ مِنْهُ قَلِيلًا",
            "4": "أَوْ زِدْ عَلَيْهِ وَرَتِّلِ الْقُرْآنَ تَرْتِيلًا",
            "5": "إِنَّا سَنُلْقِي عَلَيْكَ قَوْلًا ثَقِيلًا",
            "6": "إِنَّ نَاشِئَةَ اللَّيْلِ هِيَ أَشَدُّ وَطْئًا وَأَقْوَمُ قِيلًا",
            "7": "إِنَّ لَكَ فِي النَّهَارِ سَبْحًا طَوِيلًا",
            "8": "وَاذْكُرِ اسْمَ رَبِّكَ وَتَبَتَّلْ إِلَيْهِ تَبْتِيلًا",
            "9": "رَبُّ الْمَشْرِقِ وَالْمَغْرِبِ لَا إِلَٰهَ إِلَّا هُوَ فَاتَّخِذْهُ وَكِيلًا",
            "10": "وَاصْبِرْ عَلَىٰ مَا يَقُولُونَ وَاهْجُرْهُمْ هَجْرًا جَمِيلًا",
            "11": "وَذَرْنِي وَالْمُكَذِّبِينَ أُولِي النَّعْمَةِ وَمَهِّلْهُمْ قَلِيلًا",
            "12": "إِنَّ لَدَيْنَا أَنْكَالًا وَجَحِيمًا",
            "13": "وَطَعَامًا ذَا غُصَّةٍ وَعَذَابًا أَلِيمًا",
            "14": "يَوْمَ تَرْجُفُ الْأَرْضُ وَالْجِبَالُ وَكَانَتِ الْجِبَالُ كَثِيبًا مَهِيلًا",
            "15": "إِنَّا أَرْسَلْنَا إِلَيْكُمْ رَسُولًا شَاهِدًا عَلَيْكُمْ كَمَا أَرْسَلْنَا إِلَىٰ فِرْعَوْنَ رَسُولًا",
            "16": "فَعَصَىٰ فِرْعَوْنُ الرَّسُولَ فَأَخَذْنَاهُ أَخْذًا وَبِيلًا",
            "17": "فَكَيْفَ تَتَّقُونَ إِنْ كَفَرْتُمْ يَوْمًا يَجْعَلُ الْوِلْدَانَ شِيبًا",
            "18": "السَّمَاءُ مُنْفَطِرٌ بِهِ ۚ كَانَ وَعْدُهُ مَفْعُولًا",
            "19": "إِنَّ هَٰذِهِ تَذْكِرَةٌ ۖ فَمَنْ شَاءَ اتَّخَذَ إِلَىٰ رَبِّهِ سَبِيلًا",
            "20": "إِنَّ رَبَّكَ يَعْلَمُ أَنَّكَ تَقُومُ أَدْنَىٰ مِنْ ثُلُثَيِ اللَّيْلِ وَنِصْفَهُ وَثُلُثَهُ وَطَائِفَةٌ مِنَ الَّذِينَ مَعَكَ ۚ وَاللَّهُ يُقَدِّرُ اللَّيْلَ وَالنَّهَارَ ۚ عَلِمَ أَنْ لَنْ تُحْصُوهُ فَتَابَ عَلَيْكُمْ ۖ فَاقْرَءُوا مَا تَيَسَّرَ مِنَ الْقُرْآنِ ۚ عَلِمَ أَنْ سَيَكُونُ مِنْكُمْ مَرْضَىٰ ۙ وَآخَرُونَ يَضْرِبُونَ فِي الْأَرْضِ يَبْتَغُونَ مِنْ فَضْلِ اللَّهِ ۙ وَآخَرُونَ يُقَاتِلُونَ فِي سَبِيلِ اللَّهِ ۖ فَاقْرَءُوا مَا تَيَسَّرَ مِنْهُ ۚ وَأَقِيمُوا الصَّلَاةَ وَآتُوا الزَّكَاةَ وَأَقْرِضُوا اللَّهَ قَرْضًا حَسَنًا ۚ وَمَا تُقَدِّمُوا لِأَنْفُسِكُمْ مِنْ خَيْرٍ تَجِدُوهُ عِنْدَ اللَّهِ هُوَ خَيْرًا وَأَعْظَمَ أَجْرًا ۚ وَاسْتَغْفِرُوا اللَّهَ ۖ إِنَّ اللَّهَ غَفُورٌ رَحِيمٌ"
        },
        "farsi": {
            "1": "\nای جامه بر خود پیچیده!",
            "2": " شب را جز اندک وقتی از آن [برای عبادت و تهجّد] برخیز !",
            "3": " نصف [همۀ ساعات] شب را [عبادت کن]! یا اندکی از نصف کم کن!",
            "4": " یا [مقداری] بر نصف بیفزای! و قرآن را آرام و شمرده بخوان!",
            "5": " یقیناً ما سخنی سنگین [چون قرآن و همۀ مفاهیمش] را به تو القاء خواهیم کرد ",
            "6": " [آری شب را به عبادت قیام کن!] مسلّماً شب خیزی [برای عبادت در پیشگاه حضرتش] استوارتر، و از جهت سخن [گفتن با خدای متعال] پایدارتر است ",
            "7": " همانا تو را در روز تلاشی طولانی تر است، [پس ساعات شب برای عبادت فرصتی بهتر است] ",
            "8": " نام پروردگارت را [همراه با توجهِ قلبی] یاد کن! و [با انقطاعِ کامل از دیگران] همۀ وجودت را [با عبادتِ خالصانه] به سوی او بدار !",
            "9": "همان که پروردگار مشرق و مغرب است و هیچ معبودی جز او نیست، پس او را کارساز خود انتخاب کن !",
            "10": "و بر [آزار و] گفتار مشرکان شکیبا باش! و از آنان به شیوه ای پسندیده دوری کن! ",
            "11": " مرا با منکرانِ توانگر [و رفاه طلب] واگذار! و به آنان اندکی مهلت ده!",
            "12": " که بی تردید نزد ما [به کیفر اعمالشان] زنجیرهای گران و آتشی شعله ور است",
            "13": "و نیز غذایی گلوگیر و عذابی دردناک",
            "14": " در روزی که زمین و کوه ها به لرزه درآیند، و کوه ها به صورت توده هایی از شن روان گردند ",
            "15": " ما پیامبری که گواه بر [همۀ اعمال و حرکات] شماست به سویتان فرستادیم، همان گونه که به سوی فرعون رسولی فرستادیم ",
            "16": " ولی فرعون از آن رسول نافرمانی کرد، در نتیجه او را به عذابی سخت و سنگین دچار کردیم ",
            "17": " اگر [امروز] منکر [حقایق] شوید پس چگونه خود را از [عذابِ] روزی که کودکان را پیر می کند حفظ می کنید؟!",
            "18": " آسمان به خاطر [کوبندگی] آن [روز] می شکافد، همانا وعدۀ خدا شدنی است ",
            "19": " به راستی این قرآن مایۀ تذکر و بیداری است، پس هرکس[سعادت دنیا و آخرت را] بخواهد [با عمل به قرآن] راهی به سوی پروردگارش برگیرد ",
            "20": "\n \nپروردگارت آگاه است که تو و گروهی از کسانی که [در خط ایمان و عبادت] همراه تواَند نزدیک به دو سوم از شب، و [گاهی] نیمی از آن، و [زمانی] یک سومش را [برای تهجّد] برمی خیزید، خداوند شب و روز را دقیق و منظم اندازه گیری می کند، و برای او مشخص است که شما نمی توانید [به علت اختلاف ساعت های شب و روز در طول فصول،] به اندازه گیری دقیق [دوسوم و نصف و یک سوم] شب برسید، بنابراین [اندازه گیری دقیق را] به شما بخشید، پس آنچه از قرآن برای شما میسّر است بخوانید! او می داند که به زودی برخی از شما بیمار می شوند، و گروهی برای طلب روزی خدا در زمین سفر می کنند، و بعضی در راه خدا می جنگند، نهایتاً آنچه شما را به زحمت نمی اندازد از آن [قرآن] قرائت کنید! و نماز را [با شرایط ویژه اش] بخوانید، و زکات بپردازید! و برای [جلب خشنودی] خدا [به نیازمندان] وامی نیکو دهید! و آنچه از عمل خیر برای خود پیش می فرستید آن را نزد خداوند نیکوتر و با پاداشی بزرگ تر می یابید، از خداوند آمرزش بخواهید؛ زیرا خداوند بسیار آمرزنده و مهربان است "
        }
    }
}