{
    "2": {
        "number": 2,
        "title": "سورة  المدثر",
        "bab": 4,
        "delay": 1,
        "arabic": {
            "2": " يَا أَيُّهَا الْمُدَّثِّرُ",
            "3": "قُمْ فَأَنْذِرْ",
            "4": "وَرَبَّكَ فَكَبِّرْ",
            "5": "وَثِيَابَكَ فَطَهِّرْ",
            "6": "وَالرُّجْزَ فَاهْجُرْ",
            "7": "وَلَا تَمْنُنْ تَسْتَكْثِرُ",
            "8": "وَلِرَبِّكَ فَاصْبِرْ",
            "9": "فَإِذَا نُقِرَ فِي النَّاقُورِ",
            "10": "فَذَٰلِكَ يَوْمَئِذٍ يَوْمٌ عَسِيرٌ",
            "11": "عَلَى الْكَافِرِينَ غَيْرُ يَسِيرٍ",
            "12": "ذَرْنِي وَمَنْ خَلَقْتُ وَحِيدًا",
            "13": "وَجَعَلْتُ لَهُ مَالًا مَمْدُودًا",
            "14": "وَبَنِينَ شُهُودًا",
            "15": "وَمَهَّدْتُ لَهُ تَمْهِيدًا",
            "16": "ثُمَّ يَطْمَعُ أَنْ أَزِيدَ",
            "17": "كَلَّا ۖ إِنَّهُ كَانَ لِآيَاتِنَا عَنِيدًا",
            "18": "سَأُرْهِقُهُ صَعُودًا",
            "19": "إِنَّهُ فَكَّرَ وَقَدَّرَ",
            "20": "فَقُتِلَ كَيْفَ قَدَّرَ",
            "21": "ثُمَّ قُتِلَ كَيْفَ قَدَّرَ",
            "22": "ثُمَّ نَظَرَ",
            "23": "ثُمَّ عَبَسَ وَبَسَرَ",
            "24": "ثُمَّ أَدْبَرَ وَاسْتَكْبَرَ",
            "25": "فَقَالَ إِنْ هَٰذَا إِلَّا سِحْرٌ يُؤْثَرُ",
            "26": "إِنْ هَٰذَا إِلَّا قَوْلُ الْبَشَرِ",
            "27": "سَأُصْلِيهِ سَقَرَ",
            "28": "وَمَا أَدْرَاكَ مَا سَقَرُ",
            "29": "لَا تُبْقِي وَلَا تَذَرُ",
            "30": "لَوَّاحَةٌ لِلْبَشَرِ",
            "31": "عَلَيْهَا تِسْعَةَ عَشَرَ",
            "32": "وَمَا جَعَلْنَا أَصْحَابَ النَّارِ إِلَّا مَلَائِكَةً ۙ وَمَا جَعَلْنَا عِدَّتَهُمْ إِلَّا فِتْنَةً لِلَّذِينَ كَفَرُوا لِيَسْتَيْقِنَ الَّذِينَ أُوتُوا الْكِتَابَ وَيَزْدَادَ الَّذِينَ آمَنُوا إِيمَانًا ۙ وَلَا يَرْتَابَ الَّذِينَ أُوتُوا الْكِتَابَ وَالْمُؤْمِنُونَ ۙ وَلِيَقُولَ الَّذِينَ فِي قُلُوبِهِمْ مَرَضٌ وَالْكَافِرُونَ مَاذَا أَرَادَ اللَّهُ بِهَٰذَا مَثَلًا ۚ كَذَٰلِكَ يُضِلُّ اللَّهُ مَنْ يَشَاءُ وَيَهْدِي مَنْ يَشَاءُ ۚ وَمَا يَعْلَمُ جُنُودَ رَبِّكَ إِلَّا هُوَ ۚ وَمَا هِيَ إِلَّا ذِكْرَىٰ لِلْبَشَرِ",
            "33": "كَلَّا وَالْقَمَرِ",
            "34": "وَاللَّيْلِ إِذْ أَدْبَرَ",
            "35": "وَالصُّبْحِ إِذَا أَسْفَرَ",
            "36": "إِنَّهَا لَإِحْدَى الْكُبَرِ",
            "37": "نَذِيرًا لِلْبَشَرِ",
            "38": "لِمَنْ شَاءَ مِنْكُمْ أَنْ يَتَقَدَّمَ أَوْ يَتَأَخَّرَ",
            "39": "كُلُّ نَفْسٍ بِمَا كَسَبَتْ رَهِينَةٌ",
            "40": "إِلَّا أَصْحَابَ الْيَمِينِ",
            "41": "فِي جَنَّاتٍ يَتَسَاءَلُونَ",
            "42": "عَنِ الْمُجْرِمِينَ",
            "43": "مَا سَلَكَكُمْ فِي سَقَرَ",
            "44": "قَالُوا لَمْ نَكُ مِنَ الْمُصَلِّينَ",
            "45": "وَلَمْ نَكُ نُطْعِمُ الْمِسْكِينَ",
            "46": "وَكُنَّا نَخُوضُ مَعَ الْخَائِضِينَ",
            "47": "وَكُنَّا نُكَذِّبُ بِيَوْمِ الدِّينِ",
            "48": "حَتَّىٰ أَتَانَا الْيَقِينُ",
            "49": "فَمَا تَنْفَعُهُمْ شَفَاعَةُ الشَّافِعِينَ",
            "50": "فَمَا لَهُمْ عَنِ التَّذْكِرَةِ مُعْرِضِينَ",
            "51": "كَأَنَّهُمْ حُمُرٌ مُسْتَنْفِرَةٌ",
            "52": "فَرَّتْ مِنْ قَسْوَرَةٍ",
            "53": "بَلْ يُرِيدُ كُلُّ امْرِئٍ مِنْهُمْ أَنْ يُؤْتَىٰ صُحُفًا مُنَشَّرَةً",
            "54": "كَلَّا ۖ بَلْ لَا يَخَافُونَ الْآخِرَةَ",
            "55": "كَلَّا إِنَّهُ تَذْكِرَةٌ",
            "56": "فَمَنْ شَاءَ ذَكَرَهُ",
            "57": "وَمَا يَذْكُرُونَ إِلَّا أَنْ يَشَاءَ اللَّهُ ۚ هُوَ أَهْلُ التَّقْوَىٰ وَأَهْلُ الْمَغْفِرَةِ"
        },
        "farsi": {
            "2": "\nای جامه بر خود پیچیده!",
            "3": " برخیز و هشدار ده!",
            "4": " و پروردگارت را بزرگ بشمار!",
            "5": " و جامه ات را پاکیزه بدار!",
            "6": " و از ناپاکی [شرک] دوری کن!",
            "7": "بخششی [به دیگران] مکن که توقّع [عوض] بیشتر داشته باشی",
            "8": " برای پروردگارت [بر مشکلات راه تبلیغ و آزار دشمنان] شکیبا باش! ",
            "9": " چون در صور بدمند",
            "10": " آن روز، روز بسیار سختی است",
            "11": "[هرگز] بر کافران آسان نیست",
            "12": " مرا با کسی که او را تنها آفریدم واگذار!",
            "13": " و برایش ثروتی همواره در حال زیادشدن قرار دادم",
            "14": " و فرزندانی که [نزدش] حاضرند",
            "15": " و چنان که باید [امکانات فراوانی] برایش آماده کردم",
            "16": " باز هم حرص می زند که [بر آن] بیفزایم ",
            "17": " چنین نیست [که به آرزوهایش برسد]، او همواره دشمنِ آیات ماست ",
            "18": " به زودی او را به بالا رفتن از گردنۀ عذابی بسیار سخت مجبور می کنم",
            "19": "\n \nزیرا او [برای مبارزه و مخالفت با قرآن] اندیشید و [طریقۀ مبارزه را] سنجید",
            "20": " نهایتاً [از رحمت خدا] دور باشد! به چه حسابی سنجید؟",
            "21": " باز هم [از رحمت خدا] دور باشد! با چه حسابی سنجید؟",
            "22": " سپس [برای مبارزه با قرآن] دقت کرد",
            "23": " آن گاه روی درهم کشید، و شتابان دست به کار شد",
            "24": " نهایتاً [به آیات الهی] پشت کرد، و متکبّرانه [از قبولش] خودداری کرد",
            "25": " پس گفت: این [قرآن] چیزی جز سِحری که [از ساحرانِ پیشین] نقل شده نیست!",
            "26": " این [سخنی] بیش از سخن بشر نیست!",
            "27": " به زودی او را در «سَقَر» وارد می کنیم",
            "28": " تو چه می دانی سَقَر چیست؟",
            "29": " [آتشی است که] نه [در سوزاندن، چیزی از ظاهر و باطن را] وامی گذارد، و نه رها می کند",
            "30": " پوست [بدن] را به شدت تغییر می دهد ",
            "31": " نوزده نفر بر آن [نگهبان]ند",
            "32": " ما نگهبانان آتش را جز فرشتگان قرار نداده ایم، و تعداد آنان را جز مایۀ آزمایش برای کافران مقرر نکرده ایم [که آیا تمسخر می کنند یا تسلیم حق می شوند، و نیز اِعلام این تعداد] برای این [است] که اهل کتاب [با توجه به هماهنگی قرآن با تورات و انجیل، به اوضاع آخرت] یقین پیدا کنند و بر ایمان مؤمنان بیفزاید، و [پس از آن] اهل کتاب و مؤمنان دچار تردید نشوند، و نهایتاً بیماردلان و کافران [درونشان را از پرده برون اندازند و] بگویند: خداوند از این [توصیف نگهبانان آتش به نوزده نفر] چه هدفی دارد؟ خداوند این گونه هرکه را بخواهد [پس از بیان حقیقت] در گمراهی وامی نهد و هرکه را بخواهد هدایت می کند، البته سپاهیان پروردگارت را جز خود او کسی نمی داند، این [قرآن] جز مایۀ تذکر و بیداری برای بشر نیست ",
            "33": " چنین نیست [که کافران دربارۀ قرآن می پندارند که این سِحر است.] سوگند به ماه!",
            "34": " سوگند به شب! هنگامی که [برای رسیدنِ سَحر] روی برمی تابد",
            "35": " سوگند به صبح! زمانی که [برای روشنی بخشیدن] نقاب از رخ برگیرد",
            "36": " که بی تردید آیات قرآن از بزرگ ترین پدیده هاست ",
            "37": " هشداردهنده به بشر است",
            "38": " برای هرکس از شما هرکه بخواهد [با عمل به آن] پیش افتد، یا [با تخلّف از آن] پس مانَد ",
            "39": " هرکسی در گروِ دستاورد های خود است",
            "40": " جز سعادتمندان",
            "41": " که در بهشت ها از یکدیگر می پرسند",
            "42": " از [وضع و حال] گنه پیشگان",
            "43": " [که:] چه چیز شما را به دوزخ کشانید؟",
            "44": " می گویند: ما از نمازگزاران نبودیم",
            "45": " و به بیچارگان طعام نمی دادیم",
            "46": " و با فرورفتگان [در باطل به باطل] فرومی رفتیم",
            "47": "و همواره روز جزا را انکار می کردیم",
            "48": " تا آنکه مرگ به سراغ ما آمد",
            "49": "\n \nپس شفاعت شفیعان سودی به آنان نمی دهد",
            "50": " آنان را چه شده که از تذکر و هشدار رویگردانند؟",
            "51": " گویی چون گورخرانی رمیده اند",
            "52": " که از چنگال شیری ژیان گریخته اند",
            "53": " بلکه هریک از آنان انتظار دارد نامه هایی سرگشاده [از سوی خداوند] به او بدهند!",
            "54": " [سبب فرارشان عدم دریافت نامه های سرگشاده نیست،] بلکه از آخرت نمی ترسند ",
            "55": " آن گونه [که دربارۀ قرآن نظر می دهند] نیست، بلکه به راستی این [قرآن] مایۀ پند و هشدار [برای تأمین سعادت همۀ جهانیان] است ",
            "56": " پس هرکه تمایل دارد از آن پند بگیرد",
            "57": " و [از آن] پند نمی گیرند مگر آن که خدا بخواهد، او سزاوار است که از او [اطاعت کنند، و از محرّماتش] بپرهیزند، و شایسته است که به آمرزشش امید بندند "
        }
    }
}