{
 "2": {
  "number": 2,
        "title": "سورة القيامة",
     "bab": 4,
     "delay": 9,
     "arabic": {
           "10": " لَا أُقْسِمُ بِيَوْمِ الْقِيَامَةِ",
            "11": "وَلَا أُقْسِمُ بِالنَّفْسِ اللَّوَّامَةِ",
            "12": "أَيَحْسَبُ الْإِنْسَانُ أَلَّنْ نَجْمَعَ عِظَامَهُ",
            "13": "بَلَىٰ قَادِرِينَ عَلَىٰ أَنْ نُسَوِّيَ بَنَانَهُ",
            "14": "بَلْ يُرِيدُ الْإِنْسَانُ لِيَفْجُرَ أَمَامَهُ",
            "15": "يَسْأَلُ أَيَّانَ يَوْمُ الْقِيَامَةِ",
            "16": "فَإِذَا بَرِقَ الْبَصَرُ",
            "17": "وَخَسَفَ الْقَمَرُ",
            "18": "وَجُمِعَ الشَّمْسُ وَالْقَمَرُ",
            "19": "يَقُولُ الْإِنْسَانُ يَوْمَئِذٍ أَيْنَ الْمَفَرُّ",
            "20": "كَلَّا لَا وَزَرَ",
            "21": "إِلَىٰ رَبِّكَ يَوْمَئِذٍ الْمُسْتَقَرُّ",
            "22": "يُنَبَّأُ الْإِنْسَانُ يَوْمَئِذٍ بِمَا قَدَّمَ وَأَخَّرَ",
            "23": "بَلِ الْإِنْسَانُ عَلَىٰ نَفْسِهِ بَصِيرَةٌ",
            "24": "وَلَوْ أَلْقَىٰ مَعَاذِيرَهُ",
            "25": "لَا تُحَرِّكْ بِهِ لِسَانَكَ لِتَعْجَلَ بِهِ",
            "26": "إِنَّ عَلَيْنَا جَمْعَهُ وَقُرْآنَهُ",
            "27": "فَإِذَا قَرَأْنَاهُ فَاتَّبِعْ قُرْآنَهُ",
            "28": "ثُمَّ إِنَّ عَلَيْنَا بَيَانَهُ",
            "29": "كَلَّا بَلْ تُحِبُّونَ الْعَاجِلَةَ",
            "30": "وَتَذَرُونَ الْآخِرَةَ",
            "31": "وُجُوهٌ يَوْمَئِذٍ نَاضِرَةٌ",
            "32": "إِلَىٰ رَبِّهَا نَاظِرَةٌ",
            "33": "وَوُجُوهٌ يَوْمَئِذٍ بَاسِرَةٌ",
            "34": "تَظُنُّ أَنْ يُفْعَلَ بِهَا فَاقِرَةٌ",
            "35": "كَلَّا إِذَا بَلَغَتِ التَّرَاقِيَ",
            "36": "وَقِيلَ مَنْ ۜ رَاقٍ",
            "37": "وَظَنَّ أَنَّهُ الْفِرَاقُ",
            "38": "وَالْتَفَّتِ السَّاقُ بِالسَّاقِ",
            "39": "إِلَىٰ رَبِّكَ يَوْمَئِذٍ الْمَسَاقُ",
            "40": "فَلَا صَدَّقَ وَلَا صَلَّىٰ",
            "41": "وَلَٰكِنْ كَذَّبَ وَتَوَلَّىٰ",
            "42": "ثُمَّ ذَهَبَ إِلَىٰ أَهْلِهِ يَتَمَطَّىٰ",
            "43": "أَوْلَىٰ لَكَ فَأَوْلَىٰ",
            "44": "ثُمَّ أَوْلَىٰ لَكَ فَأَوْلَىٰ",
            "45": "أَيَحْسَبُ الْإِنْسَانُ أَنْ يُتْرَكَ سُدًى",
            "46": "أَلَمْ يَكُ نُطْفَةً مِنْ مَنِيٍّ يُمْنَىٰ",
            "47": "ثُمَّ كَانَ عَلَقَةً فَخَلَقَ فَسَوَّىٰ",
            "48": "فَجَعَلَ مِنْهُ الزَّوْجَيْنِ الذَّكَرَ وَالْأُنْثَىٰ",
            "49": "أَلَيْسَ ذَٰلِكَ بِقَادِرٍ عَلَىٰ أَنْ يُحْيِيَ الْمَوْتَىٰ"
        },
        "farsi": {
           "10": "\nبه قیامت سوگند!",
            "11": "و به نفْس ملامتگر قسم! [که وقوع قیامت حتمی است]",
            "12": " آیا انسان گمان می کند که هرگز استخوان هایش را جمع نخواهیم کرد؟",
            "13": " آری [جمع خواهیم کرد]، درحالی که تواناییم سرانگشتانش را [به صورتی که در دنیا بود] درست و موزون [بازسازی] کنیم",
            "14": "[انسان در انکار قیامت هیچ دلیلی ندارد،] بلکه می خواهد [با قانع کردن خویش به وسیلۀ انکارش] هرگونه فسق و فجوری را در آینده ادامه دهد!",
            "15": " [با تمسخر و حالتی ناباورانه] می پرسد: روز قیامت چه زمانی است؟",
            "16": " چون چشم ها [از عظمت و هولناکی اش] خیره شود",
            "17": " و ماه بی نور گردد",
            "18": " و خورشید و ماه یکجا جمع شوند",
            "19": " آن روز انسان گوید: گریزگاه کجاست؟",
            "20": " این گونه نیست؛ هیچ پناهگاهی [در آن روز] وجود ندارد",
            "21": " آن روز قرارگاه فقط به سوی پروردگار توست",
            "22": " آن روز انسان را از آنچه پیش فرستاده، و [آثار خیر و شرّی که] از او به جا مانده آگاه می کنند",
            "23": " بلکه [آگاه کردنش هم لازم نیست، زیرا] انسان به [وضع] خویش بیناست ",
            "24": " هرچند [برای توجیه گناهانش] عذرهای خود بیاورد",
            "25": " [پیش از پایانِ وحی به وسیلۀ جبرئیل،] زبانت را برای شتاب در [خواندن] آن حرکت مده!",
            "26": " بی تردید تنظیم [آیات و سوره های] آن، و [چگونگی] قرائتش برعهدۀ ماست",
            "27": " پس هنگامی که آن را [به طور کامل] خواندیم [به همان صورت] خواندنش را دنبال کن!",
            "28": " سپس بیان و توضیحش نیز برعهدۀ ماست ",
            "29": "\n \n[اینکه می پندارید قیامتی در کار نیست] چنین نیست، بلکه شما عاشق این دنیای زودگذر هستید",
            "30": " و همواره آخرت را واگذاشته، [به فراموشی می سپارید]",
            "31": " در آن روز چهره هایی شادابند ",
            "32": " و به سوی پروردگارشان توجه کامل دارند",
            "33": " و چهره هایی درهم کشیده اند",
            "34": " [زیرا] آگاهند که آنان را دچار عذاب کمرشکنی خواهند کرد",
            "35": " چنین نیست [که عشق به دنیا و رهاکردنِ آخرت کار درستی باشد؛ زیرا] چون جان به گلوگاه رسد",
            "36": " گفته شود: درمان کنندۀ [این بیماری] کیست؟",
            "37": " و [بیمارِ محتضر] یقین کند که زمان جدایی [از معشوقانی چون دنیا و زن و فرزند] فرارسیده است ",
            "38": " [از سختی جان کندن و احاطۀ شداید و ورود پی درپی آلامِ آخرتی] ساق ها[ی پا] را به هم می پیچد!",
            "39": " آن روز انسان به سوی پروردگارت رانده می شود",
            "40": " [انسانِ انکارکننده قیامت] نه [آیات الهی را] تصدیق کرد، و نه نماز خواند",
            "41": " بلکه انکار کرد، و روی برتافت",
            "42": " سپس با تکبّر و خرامان به سوی خانواده اش رفت",
            "43": " [سختی جان کندن، و عذاب] برای تو [که انکار می کنی] شایسته تر است، شایسته تر!",
            "44": " باز هم شایسته تر است، شایسته تر!",
            "45": " آیا انسانِ [انکارکننده قیامت] گمان می کند بیهوده و بی هدف رهایش می کنند، [و هیچ تکلیف و مسئولیتی برعهده اش نیست]؟!",
            "46": " آیا قطره ای از مَنی نبود که [در رحِم] ریخته شد؟",
            "47": " سپس به صورت خون بسته درآمد، پس [خداوند او را] آفرید، و [اندامش را] درست و موزون ساخت",
            "48": " و از همین [قطرۀ مَنی] دو جنس، یکی مرد و یکی زن پدید آورد",
            "49": " آیا این[چنین آفریننده ای] توانایی ندارد که مردگان را زنده کند؟!"
        }
    }
}