{
    "76": {
        "number": 76,"bab": 4,
        "title": "سوره انسان", "delay": 21,
        "arabic": {
         "22": "هَلْ أَتَىٰ عَلَى الْإِنْسَانِ حِينٌ مِنَ الدَّهْرِ لَمْ يَكُنْ شَيْئًا مَذْكُورًا",
            "23": "إِنَّا خَلَقْنَا الْإِنْسَانَ مِنْ نُطْفَةٍ أَمْشَاجٍ نَبْتَلِيهِ فَجَعَلْنَاهُ سَمِيعًا بَصِيرًا",
            "24": "إِنَّا هَدَيْنَاهُ السَّبِيلَ إِمَّا شَاكِرًا وَإِمَّا كَفُورًا",
            "25": "إِنَّا أَعْتَدْنَا لِلْكَافِرِينَ سَلَاسِلَ وَأَغْلَالًا وَسَعِيرًا",
            "26": "إِنَّ الْأَبْرَارَ يَشْرَبُونَ مِنْ كَأْسٍ كَانَ مِزَاجُهَا كَافُورًا",
            "27": "عَيْنًا يَشْرَبُ بِهَا عِبَادُ اللَّهِ يُفَجِّرُونَهَا تَفْجِيرًا",
            "28": "يُوفُونَ بِالنَّذْرِ وَيَخَافُونَ يَوْمًا كَانَ شَرُّهُ مُسْتَطِيرًا",
            "29": "وَيُطْعِمُونَ الطَّعَامَ عَلَىٰ حُبِّهِ مِسْكِينًا وَيَتِيمًا وَأَسِيرًا",
            "30": "إِنَّمَا نُطْعِمُكُمْ لِوَجْهِ اللَّهِ لَا نُرِيدُ مِنْكُمْ جَزَاءً وَلَا شُكُورًا",
            "31": "إِنَّا نَخَافُ مِنْ رَبِّنَا يَوْمًا عَبُوسًا قَمْطَرِيرًا",
            "32": "فَوَقَاهُمُ اللَّهُ شَرَّ ذَٰلِكَ الْيَوْمِ وَلَقَّاهُمْ نَضْرَةً وَسُرُورًا",
            "33": "وَجَزَاهُمْ بِمَا صَبَرُوا جَنَّةً وَحَرِيرًا",
            "34": "مُتَّكِئِينَ فِيهَا عَلَى الْأَرَائِكِ ۖ لَا يَرَوْنَ فِيهَا شَمْسًا وَلَا زَمْهَرِيرًا",
            "35": "وَدَانِيَةً عَلَيْهِمْ ظِلَالُهَا وَذُلِّلَتْ قُطُوفُهَا تَذْلِيلًا",
            "36": "وَيُطَافُ عَلَيْهِمْ بِآنِيَةٍ مِنْ فِضَّةٍ وَأَكْوَابٍ كَانَتْ قَوَارِيرَا",
            "37": "قَوَارِيرَ مِنْ فِضَّةٍ قَدَّرُوهَا تَقْدِيرًا",
            "38": "وَيُسْقَوْنَ فِيهَا كَأْسًا كَانَ مِزَاجُهَا زَنْجَبِيلًا",
            "39": "عَيْنًا فِيهَا تُسَمَّىٰ سَلْسَبِيلًا",
            "40": "وَيَطُوفُ عَلَيْهِمْ وِلْدَانٌ مُخَلَّدُونَ إِذَا رَأَيْتَهُمْ حَسِبْتَهُمْ لُؤْلُؤًا مَنْثُورًا",
            "41": "وَإِذَا رَأَيْتَ ثَمَّ رَأَيْتَ نَعِيمًا وَمُلْكًا كَبِيرًا",
            "42": "عَالِيَهُمْ ثِيَابُ سُنْدُسٍ خُضْرٌ وَإِسْتَبْرَقٌ ۖ وَحُلُّوا أَسَاوِرَ مِنْ فِضَّةٍ وَسَقَاهُمْ رَبُّهُمْ شَرَابًا طَهُورًا",
            "43": "إِنَّ هَٰذَا كَانَ لَكُمْ جَزَاءً وَكَانَ سَعْيُكُمْ مَشْكُورًا",
            "44": "إِنَّا نَحْنُ نَزَّلْنَا عَلَيْكَ الْقُرْآنَ تَنْزِيلًا",
            "45": "فَاصْبِرْ لِحُكْمِ رَبِّكَ وَلَا تُطِعْ مِنْهُمْ آثِمًا أَوْ كَفُورًا",
            "46": "وَاذْكُرِ اسْمَ رَبِّكَ بُكْرَةً وَأَصِيلًا",
            "47": "وَمِنَ اللَّيْلِ فَاسْجُدْ لَهُ وَسَبِّحْهُ لَيْلًا طَوِيلًا",
            "48": "إِنَّ هَٰؤُلَاءِ يُحِبُّونَ الْعَاجِلَةَ وَيَذَرُونَ وَرَاءَهُمْ يَوْمًا ثَقِيلًا",
            "49": "نَحْنُ خَلَقْنَاهُمْ وَشَدَدْنَا أَسْرَهُمْ ۖ وَإِذَا شِئْنَا بَدَّلْنَا أَمْثَالَهُمْ تَبْدِيلًا",
            "50": "إِنَّ هَٰذِهِ تَذْكِرَةٌ ۖ فَمَنْ شَاءَ اتَّخَذَ إِلَىٰ رَبِّهِ سَبِيلًا",
            "51": "وَمَا تَشَاءُونَ إِلَّا أَنْ يَشَاءَ اللَّهُ ۚ إِنَّ اللَّهَ كَانَ عَلِيمًا حَكِيمًا",
            "52": "يُدْخِلُ مَنْ يَشَاءُ فِي رَحْمَتِهِ ۚ وَالظَّالِمِينَ أَعَدَّ لَهُمْ عَذَابًا أَلِيمًا"
        },
        "farsi": {
            "22": "آیا [جز این است که] روزگاری طولانی بر انسان گذشت که چیزی درخور ذکر نبود؟",
            "23": " ما انسان را از نطفه ای آمیخته [از عناصر گوناگون] آفریدیم، و او را [در همۀ امور] در معرض آزمایش می گذاریم، و به این سبب او را شنوا و بینا قرار دادیم ",
            "24": " به راستی ما راه را به او نشان دادیم، حال یا سپاس گزار است، یا بسیار کفران کننده",
            "25": "همانا ما برای کفران کنندگان زنجیرها و غُل ها و آتشی فروزان آماده کرده ایم ",
            "26": " البته نیکان همواره از جامی می نوشند که [نوشیدنی اش] مخلوط به کافور [، آن مادّۀ سپید و معطر] است ",
            "27": " [آن نوشیدنی از] چشمه ای [است] که همواره بندگان خاص خداوند از آن می نوشند، و آن را به دلخواهشان [هرگونه و هرجا که بخواهند] جاری می سازند",
            "28": " [هم آنان که] پیوسته به نذرشان وفا می کنند، و از روزی که آسیبش فراگیر است می ترسند ",
            "29": " و طعام را با این که [جهت نیاز خود] دوست دارند به بیچاره و یتیم و اسیر می خورانند،",
            "30": " [و می گویند:] ما شما را فقط برای خشنودی خداوند اطعام می کنیم، نه هیچ پاداشی از شما می خواهیم، و نه سپاسی",
            "31": " ما از پروردگارمان روزی را که عبوس و بسیار هولناک است می ترسیم",
            "32": " خداوند آنان را از آسیب آن روز حفظ می کند، و زیبایی و [جمالِ صورت، و قلبی سرشار از] سرور و شادی عطایشان می کند",
            "33": " و آنان را به خاطر صبری که [در انجام تکالیف و پرهیز از گناهان و حوادث تلخ] داشتند بهشتی [ویژه] و لباسی ابریشمین پاداش می دهد ",
            "34": " در آن بهشت بر تخت ها تکیه می زنند درحالی که در آن جا نه آفتابی [سوزان] می بینند، و نه سرمایی سخت",
            "35": " سایه های درختانش بر فرازشان به آنان نزدیک، و میوه هایش به آسانی در دسترس است ",
            "36": " ظرف هایی نقره فام و تُنگ هایی بلورین [که پُر از غذای مطبوع و نوشیدنی است] پیرامونشان می گردانند",
            "37": " بلورهایی که [در زیبایی و صافی] چون نقره اند که آن ها را در اندازه های دقیق و متناسب اندازه گیری کرده اند",
            "38": " در آن جا از جامی که [نوشیدنی اش] مخلوط با زنجبیل است به آنان می نوشانند ",
            "39": " از چشمه ای در آنجا که سلسبیل نامیده شود",
            "40": " پیرامونشان پسرانی همیشه جوان [برای پذیرایی] می گردند که چون آنان را ببینی پنداری مرواریدی پراکنده اند ",
            "41": " چون آن جا را بنگری نعمتی فراوان، و حکمرانی و اقتدار بزرگی می بینی",
            "42": " بر اندامشان جامه هایی از ابریشم نازک سبزرنگ و دیبای ستبر است، و با دستبندهایی از نقره آراسته شده اند، و پروردگارشان بادۀ طَهور به آنان می نوشاند ",
            "43": " [به آنان گویند:] یقیناً این [نعمت ها] پاداش شماست، و تلاشتان را پذیرفته اند",
            "44": " ما قرآن را به تدریج بر تو نازل کردیم ",
            "45": " پس در برابر فرمان پروردگارت [نسبت به تبلیغ آن] شکیبا باش! و از آنان از هیچ گنهکار یا ناسپاسی اطاعت مکن !",
            "46": " و صبح و شام نام پروردگارت را یاد کن !",
            "47": "  پاره ای از شب را برای او سجده کن! و او را در شبِ طولانی با تسبیح گفتن [از هر عیب و نقصی] پاک و منزّه بدار !",
            "48": " بی تردید اینان [که گنهکار و ناسپاسند] دنیای زودگذر را دوست دارند، و روز هولناک و سختی را که پیش رو دارند وامی گذارند ",
            "49": " ما آنان را آفریدیم و ترکیب اندامشان را استوار نمودیم، و هرگاه بخواهیم مانندشان را چنان که شایسته است جایگزین آنان می کنیم ",
            "50": " به راستی این [قرآن] مایۀ تذکر و بیداری است، پس هرکس [سعادت دنیا و آخرت را] بخواهد [با عمل به آن] راهی به سوی پروردگار خود پیش گیرد ",
            "51": " شما [راهِ به سوی پروردگار را] نمی خواهید مگر این که خداوند [برایتان] بخواهد، همانا خداوند همواره دانا و حکیم است ",
            "52": " هرکس را بخواهد در رحمتش درآورد، و برای ستمکاران عذابی دردناک آماده کرده است "
        },
      "tozih": {
        "1": ""
      }
    }
}