{
  "2": {
    "number": 2,
        "title": "سورة المرسلات",
      "bab": 4,
      "delay": 6,
      "arabic": {
           "7": "وَالْمُرْسَلَاتِ عُرْفًا",
            "8": "فَالْعَاصِفَاتِ عَصْفًا",
            "9": "وَالنَّاشِرَاتِ نَشْرًا",
            "10": "فَالْفَارِقَاتِ فَرْقًا",
            "11": "فَالْمُلْقِيَاتِ ذِكْرًا",
            "12": "عُذْرًا أَوْ نُذْرًا",
            "13": "إِنَّمَا تُوعَدُونَ لَوَاقِعٌ",
            "14": "فَإِذَا النُّجُومُ طُمِسَتْ",
            "15": "وَإِذَا السَّمَاءُ فُرِجَتْ",
            "16": "وَإِذَا الْجِبَالُ نُسِفَتْ",
            "17": "وَإِذَا الرُّسُلُ أُقِّتَتْ",
            "18": "لِأَيِّ يَوْمٍ أُجِّلَتْ",
            "19": "لِيَوْمِ الْفَصْلِ",
            "20": "وَمَا أَدْرَاكَ مَا يَوْمُ الْفَصْلِ",
            "21": "وَيْلٌ يَوْمَئِذٍ لِلْمُكَذِّبِينَ",
            "22": "أَلَمْ نُهْلِكِ الْأَوَّلِينَ",
            "23": "ثُمَّ نُتْبِعُهُمُ الْآخِرِينَ",
            "24": "كَذَٰلِكَ نَفْعَلُ بِالْمُجْرِمِينَ",
            "25": "وَيْلٌ يَوْمَئِذٍ لِلْمُكَذِّبِينَ",
            "26": "أَلَمْ نَخْلُقْكُمْ مِنْ مَاءٍ مَهِينٍ",
            "27": "فَجَعَلْنَاهُ فِي قَرَارٍ مَكِينٍ",
            "28": "إِلَىٰ قَدَرٍ مَعْلُومٍ",
            "29": "فَقَدَرْنَا فَنِعْمَ الْقَادِرُونَ",
            "30": "وَيْلٌ يَوْمَئِذٍ لِلْمُكَذِّبِينَ",
            "31": "أَلَمْ نَجْعَلِ الْأَرْضَ كِفَاتًا",
            "32": "أَحْيَاءً وَأَمْوَاتًا",
            "33": "وَجَعَلْنَا فِيهَا رَوَاسِيَ شَامِخَاتٍ وَأَسْقَيْنَاكُمْ مَاءً فُرَاتًا",
            "34": "وَيْلٌ يَوْمَئِذٍ لِلْمُكَذِّبِينَ",
            "35": "انْطَلِقُوا إِلَىٰ مَا كُنْتُمْ بِهِ تُكَذِّبُونَ",
            "36": "انْطَلِقُوا إِلَىٰ ظِلٍّ ذِي ثَلَاثِ شُعَبٍ",
            "37": "لَا ظَلِيلٍ وَلَا يُغْنِي مِنَ اللَّهَبِ",
            "38": "إِنَّهَا تَرْمِي بِشَرَرٍ كَالْقَصْرِ",
            "39": "كَأَنَّهُ جِمَالَتٌ صُفْرٌ",
            "40": "وَيْلٌ يَوْمَئِذٍ لِلْمُكَذِّبِينَ",
            "41": "هَٰذَا يَوْمُ لَا يَنْطِقُونَ",
            "42": "وَلَا يُؤْذَنُ لَهُمْ فَيَعْتَذِرُونَ",
            "43": "وَيْلٌ يَوْمَئِذٍ لِلْمُكَذِّبِينَ",
            "44": "هَٰذَا يَوْمُ الْفَصْلِ ۖ جَمَعْنَاكُمْ وَالْأَوَّلِينَ",
            "45": "فَإِنْ كَانَ لَكُمْ كَيْدٌ فَكِيدُونِ",
            "46": "وَيْلٌ يَوْمَئِذٍ لِلْمُكَذِّبِينَ",
            "47": "إِنَّ الْمُتَّقِينَ فِي ظِلَالٍ وَعُيُونٍ",
            "48": "وَفَوَاكِهَ مِمَّا يَشْتَهُونَ",
            "49": "كُلُوا وَاشْرَبُوا هَنِيئًا بِمَا كُنْتُمْ تَعْمَلُونَ",
            "50": "إِنَّا كَذَٰلِكَ نَجْزِي الْمُحْسِنِينَ",
            "51": "وَيْلٌ يَوْمَئِذٍ لِلْمُكَذِّبِينَ",
            "52": "كُلُوا وَتَمَتَّعُوا قَلِيلًا إِنَّكُمْ مُجْرِمُونَ",
            "53": "وَيْلٌ يَوْمَئِذٍ لِلْمُكَذِّبِينَ",
            "54": "وَإِذَا قِيلَ لَهُمُ ارْكَعُوا لَا يَرْكَعُونَ",
            "55": "وَيْلٌ يَوْمَئِذٍ لِلْمُكَذِّبِينَ",
            "56": "فَبِأَيِّ حَدِيثٍ بَعْدَهُ يُؤْمِنُونَ"
        },
        "farsi": {
          "7": "\nسوگند به فرشتگانی که پی درپی [برای انجام مأموریت] فرستاده می شوند !",
            "8": " و به فرشتگانی که [برای آوردنِ وحی] در سرعتِ حرکت چون تندبادند !",
            "9": " و به فرشتگانی که [صحیفه های وحی را] چنان که شایسته است می گشایند !",
            "10": "و به فرشتگانی که جداکنندۀ حق از باطلند !",
            "11": " و به فرشتگانی که وحی را [به پیامبران] القا می کنند !",
            "12": " تا [برای مؤمنان] حجت و [برای کافران] هشدار باشد ",
            "13": " [آری به این حقایق سوگند] که آنچه [از قیامت و امورش] به شما وعده می دهند حتماً واقع شدنی است ",
            "14": " آن گاه که نور ستارگان از بین برود ",
            "15": " و زمانی که آسمان بشکافد",
            "16": " و وقتی که کوه ها از بیخ وبُن کنده شوند",
            "17": " و هنگامی که وقتِ [حضور] پیامبران [در عرصۀ محشر برای گواهی دادن بر اعمال امت ها] مشخص گردد ",
            "18": " [این امور] برای چه روزی به تأخیر افتاده؟",
            "19": " برای روز داوری [بین مردم، و جداسازی حق از باطل] ",
            "20": " توچه می دانی روز داوری چیست؟",
            "21": " در آن روز وای بر انکار کنندگان !",
            "22": " آیا پیشینیان را [به خاطر انکارشان] هلاک نکردیم؟",
            "23": " سپس به دنبال آنان پسینیان را نیز [به سبب انکارشان] هلاک می کنیم ",
            "24": " این گونه با گنه پیشگان رفتار می کنیم ",
            "25": " آن روز وای بر انکار کنندگان !",
            "26": "\n \nآیا شما را از آبی پَست و بی ارزش نیافریدیم؟",
            "27": " پس آن را در جایگاهی استوار قرار دادیم",
            "28": " تا زمانی معین",
            "29": " آری توانا بودیم، و چه نیکو تواناییم",
            "30": " آن روز وای بر انکار کنندگان !",
            "31": " آیا زمین را دربرگیرندۀ [انسان ها و دیگر موجودات، و حافظ آنان از پرتاب شدن در فضا] قرار ندادیم؟",
            "32": " هم در حال حیاتشان و هم زمان مرگشان",
            "33": " و در آن کوه های استوار و بلند پدید آوردیم، و به شما آبی گوارا نوشاندیم ",
            "34": " در آن روز وای بر انکار کنندگان !",
            "35": " [آن روز به آنان می گویند:] به سوی آنچه همواره انکارش می کردید بروید",
            "36": " به سوی سایه ای [از دودِ متراکم] که دارای سه شاخه است ",
            "37": " که نه خنک و آرام بخش است، و نه مانع از رسیدن شعلۀ آتش [به شما ]",
            "38": " آن آتش شراره هایی چون ساختمانی بلند پرتاب می کند!",
            "39": " گویی آن شراره ها مانند شتران زرد رنگند ",
            "40": " در آن روز وای بر انکار کنندگان !",
            "41": " این روزی است که [منکران از شدت ترس در دفاع از خود] سخن نمی گویند ",
            "42": " و به آنان اجازۀ عذرخواهی نمی دهند ",
            "43": " در آن روز وای بر انکار کنندگان !",
            "44": " امروز، روز داوری [و جداسازی بین سعادتمندان و شقاوتمندان] است، که شما و پیشینیان را [در آن] جمع کرده ایم ",
            "45": " پس اگر [برای فرار از عذاب،] تدبیر و چاره ای دارید به کار گیرید!",
            "46": " در آن روز وای بر انکار کنندگان !",
            "47": " یقیناً آنان که [از خداوند اطاعت کرده، از محرّماتش] پرهیز داشتند در [زیر] سایه ها و [کنار] چشمه سارهایند ",
            "48": " و [بهره مند از] میوه های فراوان از آنچه همواره بخواهند ",
            "49": " [به آنان گویند:] به پاداش اعمالی که پیوسته انجام می دادید بخورید و بیاشامید! گوارایتان باد !",
            "50": " ما نیکوکاران را این گونه پاداش می دهیم ",
            "51": " در آن روز وای بر انکار کنندگان !",
            "52": " [ای منحرفان! در این دنیای زودگذر] بخورید! و اندک زمانی [از امور مادّی] برخوردار باشید که شما گناه پیشه اید [و در آخرت از خوردنی ها و نوشیدنی های بهشت محرومید ]",
            "53": " در آن روز وای بر انکار کنندگان !",
            "54": " چون به آنان گویند: در برابر خداوند رکوع کنید. رکوع نمی کنند ",
            "55": " در آن روز وای بر انکار کنندگان !",
            "56": " [چنانچه به قرآن ایمان نیاورند،] پس بعد از آن به کدام سخن [که مانند قرآن دارای استواری و استحکامِ معارف باشد] ایمان می آورند؟!"
        }
    }
}