{
    "78": {
        "number": 78,"bab": 4,
        "title": "سوره نبأ", "delay": 0,
        "arabic": {
            "1": "عَمَّ يَتَسَاءَلُونَ",
            "2": "عَنِ النَّبَإِ الْعَظِيمِ",
            "3": "الَّذِي هُمْ فِيهِ مُخْتَلِفُونَ",
            "4": "كَلَّا سَيَعْلَمُونَ",
            "5": "ثُمَّ كَلَّا سَيَعْلَمُونَ",
            "6": "أَلَمْ نَجْعَلِ الْأَرْضَ مِهَادًا",
            "7": "وَالْجِبَالَ أَوْتَادًا",
            "8": "وَخَلَقْنَاكُمْ أَزْوَاجًا",
            "9": "وَجَعَلْنَا نَوْمَكُمْ سُبَاتًا",
            "10": "وَجَعَلْنَا اللَّيْلَ لِبَاسًا",
            "11": "وَجَعَلْنَا النَّهَارَ مَعَاشًا",
            "12": "وَبَنَيْنَا فَوْقَكُمْ سَبْعًا شِدَادًا",
            "13": "وَجَعَلْنَا سِرَاجًا وَهَّاجًا",
            "14": "وَأَنْزَلْنَا مِنَ الْمُعْصِرَاتِ مَاءً ثَجَّاجًا",
            "15": "لِنُخْرِجَ بِهِ حَبًّا وَنَبَاتًا",
            "16": "وَجَنَّاتٍ أَلْفَافًا",
            "17": "إِنَّ يَوْمَ الْفَصْلِ كَانَ مِيقَاتًا",
            "18": "يَوْمَ يُنْفَخُ فِي الصُّورِ فَتَأْتُونَ أَفْوَاجًا",
            "19": "وَفُتِحَتِ السَّمَاءُ فَكَانَتْ أَبْوَابًا",
            "20": "وَسُيِّرَتِ الْجِبَالُ فَكَانَتْ سَرَابًا",
            "21": "إِنَّ جَهَنَّمَ كَانَتْ مِرْصَادًا",
            "22": "لِلطَّاغِينَ مَآبًا",
            "23": "لَابِثِينَ فِيهَا أَحْقَابًا",
            "24": "لَا يَذُوقُونَ فِيهَا بَرْدًا وَلَا شَرَابًا",
            "25": "إِلَّا حَمِيمًا وَغَسَّاقًا",
            "26": "جَزَاءً وِفَاقًا",
            "27": "إِنَّهُمْ كَانُوا لَا يَرْجُونَ حِسَابًا",
            "28": "وَكَذَّبُوا بِآيَاتِنَا كِذَّابًا",
            "29": "وَكُلَّ شَيْءٍ أَحْصَيْنَاهُ كِتَابًا",
            "30": "فَذُوقُوا فَلَنْ نَزِيدَكُمْ إِلَّا عَذَابًا",
            "31": "إِنَّ لِلْمُتَّقِينَ مَفَازًا",
            "32": "حَدَائِقَ وَأَعْنَابًا",
            "33": "وَكَوَاعِبَ أَتْرَابًا",
            "34": "وَكَأْسًا دِهَاقًا",
            "35": "لَا يَسْمَعُونَ فِيهَا لَغْوًا وَلَا كِذَّابًا",
            "36": "جَزَاءً مِنْ رَبِّكَ عَطَاءً حِسَابًا",
            "37": "رَبِّ السَّمَاوَاتِ وَالْأَرْضِ وَمَا بَيْنَهُمَا الرَّحْمَٰنِ ۖ لَا يَمْلِكُونَ مِنْهُ خِطَابًا",
            "38": "يَوْمَ يَقُومُ الرُّوحُ وَالْمَلَائِكَةُ صَفًّا ۖ لَا يَتَكَلَّمُونَ إِلَّا مَنْ أَذِنَ لَهُ الرَّحْمَٰنُ وَقَالَ صَوَابًا",
            "39": "ذَٰلِكَ الْيَوْمُ الْحَقُّ ۖ فَمَنْ شَاءَ اتَّخَذَ إِلَىٰ رَبِّهِ مَآبًا",
            "40": "إِنَّا أَنْذَرْنَاكُمْ عَذَابًا قَرِيبًا يَوْمَ يَنْظُرُ الْمَرْءُ مَا قَدَّمَتْ يَدَاهُ وَيَقُولُ الْكَافِرُ يَا لَيْتَنِي كُنْتُ تُرَابًا"
        },
        "farsi": {
            "1": "[مردم] دربارۀ چه چیز از یکدیگر می پرسند؟",
            "2": " از آن خبر بزرگ [می پرسند]؟",
            "3": " همان خبری که دربارۀ [وقوع یا عدم وقوع] آن با یکدیگر اختلاف دارند ",
            "4": " نه، [اختلافشان بی مورد است،] به زودی [به حتمی بودنِ وقوعش] آگاه می شوند ",
            "5": " آری [اختلافشان بی مورد است،] به زودی [به حتمی بودنِ وقوعش] آگاه می شوند ",
            "6": " آیا زمین را بستر آرامش قرار نداده ایم؟",
            "7": " و کوه ها را میخ هایی [برای حفظ آن از متلاشی شدن]؟",
            "8": " و شما را به صورت دو جنس [مرد و زن] آفریدیم ",
            "9": " و خوابتان را سبب راحت و آرامش ساختیم",
            "10": " و شب را پوشش ",
            "11": " و روز را [عرصۀ] گذران امور زندگی قرار دادیم ",
            "12": "و بر فرازتان هفت [آسمانِ] استوار بنا کردیم ",
            "13": " و چراغی فروزان و حرارت بخش پدید آوردیم ",
            "14": " و از ابرهای متراکم باران زا آبی ریزان فرستادیم ",
            "15": " تا به وسیلۀ آن دانه و گیاه برویانیم ",
            "16": " و باغ هایی [از درختان] انبوه و به هم پیچیده [بیرون آوردیم] ",
            "17": " یقیناً روز جداسازی [حق از باطل] وعده گاه است ",
            "18": " روزی که در صور دمیده شود، و شما گروه گروه [به عرصۀ محشر] می آیید ",
            "19": " و آسمان را می گشایند، پس [برای عبور عرشی صفتان به سوی بهشت،] به صورت درهایی [باز] می گردد ",
            "20": " و کوه ها را [از جای خود] روان می کنند، پس مانند سراب می شوند ",
            "21": " بی تردید دوزخ کمین گاه است ",
            "22": " بازگشت گاهی است برای طغیان گران ",
            "23": " سالیانی پی درپی و پایان ناپذیر در آن ماندگارند ",
            "24": " در آن جا نه چیز خنکی می چشند، و نه آشامیدنی [لذت بخشی] ",
            "25": " جز آبِ بسیار داغ، و چرکاب و خونابه",
            "26": " کیفری [است] هماهنگ [با عقاید و اخلاق و اعمالشان]",
            "27": " اینان انتظار هیچ حسابی را [در مورد خود] نداشتند ",
            "28": " و [بر این اساس] آیات ما را به شدت انکار کردند",
            "29": " ما همه چیز را برشمرده و ضبط کرده ایم ",
            "30": " پس [از حسابرسی اعمالِ ضبط شده به آنان گوییم: به ناچار نتیجۀ اعمالتان را] بچشید! که هرگز جز عذاب بر شما نیفزاییم ",
            "31": " یقیناً برای کسانی که [از خداوند اطاعت کرده، از محرّماتش] پرهیز داشتند کامیابی بزرگی است:",
            "32": " باغ هایی ویژه، و تاکستان هایی مخصوص ",
            "33": " و حوریانی نو رسیده و همسال",
            "34": " و جام هایی لبریز [از بادۀ طَهور] ",
            "35": " در آن جا نه [سخن] بیهوده ای می شنوند، و نه دروغی ",
            "36": " پاداشی است از سوی پروردگارت، و عطایی کافی [که تأمین کنندۀ همۀ خواسته های بهشتیان است] ",
            "37": " [همان] پروردگار آسمان ها و زمین و آنچه بین آن هاست، آن مهربانی که هیچ کس اختیار چون و چرا با او را [دربارۀ قیامت و شفاعت و بهشتیان و دوزخیان] ندارد ",
            "38": " روزی که روح و فرشتگان در یک صف [برای انجام مأموریت] می ایستند، و سخن نمی گویند مگر کسی که خداوند مهربان به او اجازه دهد، او هم [پس از اجازه،] سخنِ حق و درست خواهد گفت ",
            "39": " آن روز، روزی [به تمام معنا] حق است؛ بنابراین هرکه بخواهد راه بازگشتی به سوی پروردگارش انتخاب کند، [تا در آن روز به خیر و سعادت برسد]",
            "40": " ما شما را در مورد عذابی نزدیک هشدار دادیم، [عذابِ] آن روزی که انسان آنچه را پیش فرستاده با دقت بنگرد، و کافر می گوید: ای کاش خاک بودم، [و آفریده نمی شدم تا این روز هولناک را ببینم!]"
        },
        "tozih": {
            "1": ""
        }
    }
}