{
  "2": {
    "number": 2,
        "title": "سورة  النازعات",
      "bab": 4,
      "delay": 10,
      "arabic": {
            "11": "وَالنَّازِعَاتِ غَرْقًا",
            "12": "وَالنَّاشِطَاتِ نَشْطًا",
            "13": "وَالسَّابِحَاتِ سَبْحًا",
            "14": "فَالسَّابِقَاتِ سَبْقًا",
            "15": "فَالْمُدَبِّرَاتِ أَمْرًا",
            "16": "يَوْمَ تَرْجُفُ الرَّاجِفَةُ",
            "17": "تَتْبَعُهَا الرَّادِفَةُ",
            "18": "قُلُوبٌ يَوْمَئِذٍ وَاجِفَةٌ",
            "19": "أَبْصَارُهَا خَاشِعَةٌ",
            "20": "يَقُولُونَ أَإِنَّا لَمَرْدُودُونَ فِي الْحَافِرَةِ",
            "21": "أَإِذَا كُنَّا عِظَامًا نَخِرَةً",
            "22": "قَالُوا تِلْكَ إِذًا كَرَّةٌ خَاسِرَةٌ",
            "23": "فَإِنَّمَا هِيَ زَجْرَةٌ وَاحِدَةٌ",
            "24": "فَإِذَا هُمْ بِالسَّاهِرَةِ",
            "25": "هَلْ أَتَاكَ حَدِيثُ مُوسَىٰ",
            "26": "إِذْ نَادَاهُ رَبُّهُ بِالْوَادِ الْمُقَدَّسِ طُوًى",
            "27": "اذْهَبْ إِلَىٰ فِرْعَوْنَ إِنَّهُ طَغَىٰ",
            "28": "فَقُلْ هَلْ لَكَ إِلَىٰ أَنْ تَزَكَّىٰ",
            "29": "وَأَهْدِيَكَ إِلَىٰ رَبِّكَ فَتَخْشَىٰ",
            "30": "فَأَرَاهُ الْآيَةَ الْكُبْرَىٰ",
            "31": "فَكَذَّبَ وَعَصَىٰ",
            "32": "ثُمَّ أَدْبَرَ يَسْعَىٰ",
            "33": "فَحَشَرَ فَنَادَىٰ",
            "34": "فَقَالَ أَنَا رَبُّكُمُ الْأَعْلَىٰ",
            "35": "فَأَخَذَهُ اللَّهُ نَكَالَ الْآخِرَةِ وَالْأُولَىٰ",
            "36": "إِنَّ فِي ذَٰلِكَ لَعِبْرَةً لِمَنْ يَخْشَىٰ",
            "37": "أَأَنْتُمْ أَشَدُّ خَلْقًا أَمِ السَّمَاءُ ۚ بَنَاهَا",
            "38": "رَفَعَ سَمْكَهَا فَسَوَّاهَا",
            "39": "وَأَغْطَشَ لَيْلَهَا وَأَخْرَجَ ضُحَاهَا",
            "40": "وَالْأَرْضَ بَعْدَ ذَٰلِكَ دَحَاهَا",
            "41": "أَخْرَجَ مِنْهَا مَاءَهَا وَمَرْعَاهَا",
            "42": "وَالْجِبَالَ أَرْسَاهَا",
            "43": "مَتَاعًا لَكُمْ وَلِأَنْعَامِكُمْ",
            "44": "فَإِذَا جَاءَتِ الطَّامَّةُ الْكُبْرَىٰ",
            "45": "يَوْمَ يَتَذَكَّرُ الْإِنْسَانُ مَا سَعَىٰ",
            "46": "وَبُرِّزَتِ الْجَحِيمُ لِمَنْ يَرَىٰ",
            "47": "فَأَمَّا مَنْ طَغَىٰ",
            "48": "وَآثَرَ الْحَيَاةَ الدُّنْيَا",
            "49": "فَإِنَّ الْجَحِيمَ هِيَ الْمَأْوَىٰ",
            "50": "وَأَمَّا مَنْ خَافَ مَقَامَ رَبِّهِ وَنَهَى النَّفْسَ عَنِ الْهَوَىٰ",
            "51": "فَإِنَّ الْجَنَّةَ هِيَ الْمَأْوَىٰ",
            "52": "يَسْأَلُونَكَ عَنِ السَّاعَةِ أَيَّانَ مُرْسَاهَا",
            "53": "فِيمَ أَنْتَ مِنْ ذِكْرَاهَا",
            "54": "إِلَىٰ رَبِّكَ مُنْتَهَاهَا",
            "55": "إِنَّمَا أَنْتَ مُنْذِرُ مَنْ يَخْشَاهَا",
            "56": "كَأَنَّهُمْ يَوْمَ يَرَوْنَهَا لَمْ يَلْبَثُوا إِلَّا عَشِيَّةً أَوْ ضُحَاهَا"
        },
        "farsi": {
         "11": "\nسوگند به فرشتگانی که [روح بدکاران را از بدن هایشان] به شدت برمی کنَند!",
            "12": " و به فرشتگان پُرنشاطی که [روح مؤمنان را به آرامی] می ستانند!",
            "13": " و به فرشتگانی که [برای انجام مأموریت] به سرعت در حرکتند !",
            "14": " و به فرشتگانی که با جنب وجوشی ویژه [برای رسیدن به ارزش ها] بر یکدیگر پیشی می گیرند!",
            "15": " و به فرشتگانی که [به فرمان خداوند] امور [آفرینش] را تدبیر می کنند",
            "16": " [که همۀ شما برانگیخته می شوید،] روزی که لرزاننده [همه چیز را] بلرزاند",
            "17": " درحالی که [لرزانندۀ] دیگری به دنبال آن درآید ",
            "18": " در آن روز دل هایی به شدت مضطرب گردد ",
            "19": " چشمان [صاحبان] آن دل ها [از ترس اوضاع قیامت] فرو می افتد",
            "20": " [این منکران اکنون که در دنیا هستند] می گویند: آیا ما را [پس از مرگ] به همان حیاتی که در دنیا داشتیم بازمی گردانند؟",
            "21": " [شگفتا!] آیا وقتی استخوان های پوسیده و ریزریز شدیم [به حیاتی مجدد برمی گردیم]؟!",
            "22": " [از روی تمسخر] می گویند: بازگشت دوباره در آن زمان بازگشتی زیان بار است",
            "23": " [آری بازتان می گردانند،] و آن بازگشت فقط با یک بانگ عظیم است [و بس] ",
            "24": " ناگهان همه بر زمین صاف و هموار [صحرای قیامت] حاضر می شوند ",
            "25": " آیا سرگذشت موسی به تو رسیده است؟",
            "26": " هنگامی که پروردگارش او را در وادی مقدس «طُوی» ندا داد :",
            "27": "\n \n به سوی فرعون برو! زیرا او طغیان کرده، [و باکی از خدا و قیامت ندارد]",
            "28": " پس [به او] بگو: آیا می خواهی [از آلودگی ها] پاک و پاکیزه شوی؟",
            "29": " من تو را به سوی پروردگارت راهنمایی می کنم تا [با شناخت او، از عظمتش] هراسان گردی [و در نتیجه از طغیان پاک شوی ]",
            "30": " پس موسی [برای گشودن راه هدایت به روی فرعون] بزرگ ترین معجزۀ [خود] را به او نشان داد",
            "31": " ولی [آن معجزه را] دروغ و بی پایه انگاشت و [از دعوت موسی] روی برتافت",
            "32": " سپس متکبّرانه پشت [به حق] کرد و [برای نابودی موسی] دست به تلاشی همه جانبه زد",
            "33": " آن گاه [مردم را] جمع کرد و ندا داد",
            "34": "و گفت: من برترین پروردگار شما هستم ",
            "35": " خداوند هم [به کیفر این ادعای نابه جا] او را به عذاب دنیا و آخرت دچار کرد",
            "36": " یقیناً در این [سرگذشت] برای کسی که [از عاقبت دنیا و آخرتش] بترسد عبرتی [بسیار آموزنده] است ",
            "37": " آیا آفرینشِ [دوبارۀ] شما [برای خدا] دشوارتر است یا آسمانی که آن را بنا کرد؟",
            "38": " سقفش را برافراشت، و آن را درست و معتدل قرار داد",
            "39": " شبش را تاریک، و روزش را روشن ساخت",
            "40": " و زمین را بعد از [آفرینشِ] آسمان گسترش داد",
            "41": " و از آن، آب [فراوان و گوارای]ش را بیرون آورد، و چراگاهش را رویانید ",
            "42": " و کوه ها را استوار ساخت",
            "43": " تا وسیلۀ بهره مندی شما و دام هایتان باشد",
            "44": " چون آن بزرگ ترین حادثه فرارسد",
            "45": " در آن روز انسان آنچه تلاش کرده به یاد می آورد",
            "46": " و دوزخ را برای هر بیننده آشکار کنند ",
            "47": " اما کسی که سر به طغیان برداشت",
            "48": "و زندگی زودگذر دنیا را [بر زندگی جاویدِ آخرت] ترجیح داد",
            "49": "مسلّماً تنها جایگاه او دوزخ است",
            "50": " اما کسی که از [ایستادن در] پیشگاه پروردگارش [برای محاسبۀ اعمالش] ترسید، و نفْس خود را از [پاسخ به] خواسته ها[ی نامشروعش] بازداشت",
            "51": " بی تردید جایگاهش فقط بهشت است ",
            "52": " همواره دربارۀ قیامت از تو می پرسند که فرارسیدنش چه زمانی است؟",
            "53": " تو از بسیار یادکردنش چه چیزی به دست می آوری؟",
            "54": " نهایتش به سوی پروردگار توست [و جز خدا کسی کیفیت برپاشدن و زمان وقوع و اوصافش را نمی داند]",
            "55": " وظیفۀ تو فقط هشداردادن به کسانی است که همواره از آن می ترسند ",
            "56": " روزی که قیامت را ببینند گویی [در دنیا] جز شام گاهی یا صبح گاهی درنگ نداشتند !"
        }
    }
}