{
    "2": {
        "number": 2,
        "title": "سورة عبس",
        "bab": 4,
        "delay": 0,
        "arabic": {
            "1": "عَبَسَ وَتَوَلَّىٰ",
            "2": "أَنْ جَاءَهُ الْأَعْمَىٰ",
            "3": "وَمَا يُدْرِيكَ لَعَلَّهُ يَزَّكَّىٰ",
            "4": "أَوْ يَذَّكَّرُ فَتَنْفَعَهُ الذِّكْرَىٰ",
            "5": "أَمَّا مَنِ اسْتَغْنَىٰ",
            "6": "فَأَنْتَ لَهُ تَصَدَّىٰ",
            "7": "وَمَا عَلَيْكَ أَلَّا يَزَّكَّىٰ",
            "8": "وَأَمَّا مَنْ جَاءَكَ يَسْعَىٰ",
            "9": "وَهُوَ يَخْشَىٰ",
            "10": "فَأَنْتَ عَنْهُ تَلَهَّىٰ",
            "11": "كَلَّا إِنَّهَا تَذْكِرَةٌ",
            "12": "فَمَنْ شَاءَ ذَكَرَهُ",
            "13": "فِي صُحُفٍ مُكَرَّمَةٍ",
            "14": "مَرْفُوعَةٍ مُطَهَّرَةٍ",
            "15": "بِأَيْدِي سَفَرَةٍ",
            "16": "كِرَامٍ بَرَرَةٍ",
            "17": "قُتِلَ الْإِنْسَانُ مَا أَكْفَرَهُ",
            "18": "مِنْ أَيِّ شَيْءٍ خَلَقَهُ",
            "19": "مِنْ نُطْفَةٍ خَلَقَهُ فَقَدَّرَهُ",
            "20": "ثُمَّ السَّبِيلَ يَسَّرَهُ",
            "21": "ثُمَّ أَمَاتَهُ فَأَقْبَرَهُ",
            "22": "ثُمَّ إِذَا شَاءَ أَنْشَرَهُ",
            "23": "كَلَّا لَمَّا يَقْضِ مَا أَمَرَهُ",
            "24": "فَلْيَنْظُرِ الْإِنْسَانُ إِلَىٰ طَعَامِهِ",
            "25": "أَنَّا صَبَبْنَا الْمَاءَ صَبًّا",
            "26": "ثُمَّ شَقَقْنَا الْأَرْضَ شَقًّا",
            "27": "فَأَنْبَتْنَا فِيهَا حَبًّا",
            "28": "وَعِنَبًا وَقَضْبًا",
            "29": "وَزَيْتُونًا وَنَخْلًا",
            "30": "وَحَدَائِقَ غُلْبًا",
            "31": "وَفَاكِهَةً وَأَبًّا",
            "32": "مَتَاعًا لَكُمْ وَلِأَنْعَامِكُمْ",
            "33": "فَإِذَا جَاءَتِ الصَّاخَّةُ",
            "34": "يَوْمَ يَفِرُّ الْمَرْءُ مِنْ أَخِيهِ",
            "35": "وَأُمِّهِ وَأَبِيهِ",
            "36": "وَصَاحِبَتِهِ وَبَنِيهِ",
            "37": "لِكُلِّ امْرِئٍ مِنْهُمْ يَوْمَئِذٍ شَأْنٌ يُغْنِيهِ",
            "38": "وُجُوهٌ يَوْمَئِذٍ مُسْفِرَةٌ",
            "39": "ضَاحِكَةٌ مُسْتَبْشِرَةٌ",
            "40": "وَوُجُوهٌ يَوْمَئِذٍ عَلَيْهَا غَبَرَةٌ",
            "41": "تَرْهَقُهَا قَتَرَةٌ",
            "42": "أُولَٰئِكَ هُمُ الْكَفَرَةُ الْفَجَرَةُ"
        },
        "farsi": {
            "1": "\nچهره درهم کشید و روی برگردانْد ",
            "2": " از این که آن نابینا نزد او آمد",
            "3": " تو چه می دانی؟ امید است او [با شنیدنِ تعالیم اسلام] راه تزکیۀ نفس را بپیماید",
            "4": "یا متذکرِ [معارف الهی] شود و تذکر سودش دهد",
            "5": " اما کسی که خود را [به سبب امکانات فراوان] بی نیاز می داند",
            "6": " تو به شدت متوجه او شده ای [که هدایتش کنی]",
            "7": " درحالی که اگر نخواهد [خود را از آلودگی های باطنی و روحی پاک کند،] وظیفه ای [برای هدایتش] برعهده تو نیست",
            "8": " اما کسی که [برای شنیدن حقایق الهی] شتابان به نزدت آمد",
            "9": " درحالی که [از عظمت پروردگارش] هراس دارد ",
            "10": " از او غفلت کرده، به کاری دیگر می پردازی",
            "11": " اینچنین [برخوردی شایسته] نیست، یقیناً [آیات] قرآن مایۀ تذکر و بیداری است",
            "12": " پس هرکه مایل باشد با [یادگیری] آن متذکر می شود",
            "13": " [این آیات] در صحیفه هایی پُرارزش،",
            "14": " که بلندمرتبه و پاکیزه [از هر امر ناروا و باطلی] است",
            "15": " در دست سفیرانی است",
            "16": " که بزرگوار و نیکوکارند",
            "17": " [از رحمت خدا] دور باشد این انسان [مغرور]! که [به نعمت های معنوی و مادّی] چه ناسپاس است!",
            "18": " خدا او را از چه چیز آفریده است؟",
            "19": " از نطفه ای آفریده، و به او [در جسم و جان و اندام] اندازۀ دقیق عطا کرده است ",
            "20": " سپس راه [طاعت و سعادت] را برایش آسان ساخته",
            "21": " آن گاه او را میرانَد و در گورش نَهَد",
            "22": "و هنگامی که بخواهد او را زنده می کند",
            "23": "شگفتا که [با اینهمه تذکر و پند و وسایل هدایت،] هنوز آنچه را به او فرمان داده اند انجام نداده!",
            "24": " انسان باید با دقت به [همۀ جوانب] خوراکش بنگرد",
            "25": " که ما از آسمان آب فراوانی فرو ریختیم",
            "26": " سپس زمین را به صورتی سودمند شکافتیم",
            "27": " و در آن دانه های گوناگون و در حد بسیار زیاد رویاندیم",
            "28": " و نیز انگور و سبزیجات",
            "29": " و درخت زیتون و خرما",
            "30": " و باغ هایی پُر از درخت تناور",
            "31": "و میوه های فراوان و چراگاه",
            "32": " تا وسیلۀ بهره مندی شما و دام هایتان باشد",
            "33": " هنگامی که آن صدای مهیبِ کرکننده دررسد ",
            "34": " روزی که آدمی از برادرش می گریزد",
            "35": " و از مادر و پدرش",
            "36": " و از همسر و فرزندانش",
            "37": " در آن روز هرکس از آنان را گرفتاری و کاری است که برای او [از اینکه نتواند به کار دیگر بپردازد] بس است",
            "38": "در آن روز چهره هایی درخشان و نورانی است",
            "39": " خندان و خوش حال",
            "40": " و چهره هایی در آن روز غبار [تیره بختی] بر آن ها نشسته",
            "41": " سیاهی ذلّت باری آن ها را پوشانده",
            "42": "آنان همان کافران بدکارند"
        }
    }
}