{
    "2": {
        "number": 2,
        "title": "سورة التكوير",
        "bab": 4,
        "delay": 0,
        "arabic": {
            "1": "إِذَا الشَّمْسُ كُوِّرَتْ",
            "2": "وَإِذَا النُّجُومُ انْكَدَرَتْ",
            "3": "وَإِذَا الْجِبَالُ سُيِّرَتْ",
            "4": "وَإِذَا الْعِشَارُ عُطِّلَتْ",
            "5": "وَإِذَا الْوُحُوشُ حُشِرَتْ",
            "6": "وَإِذَا الْبِحَارُ سُجِّرَتْ",
            "7": "وَإِذَا النُّفُوسُ زُوِّجَتْ",
            "8": "وَإِذَا الْمَوْءُودَةُ سُئِلَتْ",
            "9": "بِأَيِّ ذَنْبٍ قُتِلَتْ",
            "10": "وَإِذَا الصُّحُفُ نُشِرَتْ",
            "11": "وَإِذَا السَّمَاءُ كُشِطَتْ",
            "12": "وَإِذَا الْجَحِيمُ سُعِّرَتْ",
            "13": "وَإِذَا الْجَنَّةُ أُزْلِفَتْ",
            "14": "عَلِمَتْ نَفْسٌ مَا أَحْضَرَتْ",
            "15": "فَلَا أُقْسِمُ بِالْخُنَّسِ",
            "16": "الْجَوَارِ الْكُنَّسِ",
            "17": "وَاللَّيْلِ إِذَا عَسْعَسَ",
            "18": "وَالصُّبْحِ إِذَا تَنَفَّسَ",
            "19": "إِنَّهُ لَقَوْلُ رَسُولٍ كَرِيمٍ",
            "20": "ذِي قُوَّةٍ عِنْدَ ذِي الْعَرْشِ مَكِينٍ",
            "21": "مُطَاعٍ ثَمَّ أَمِينٍ",
            "22": "وَمَا صَاحِبُكُمْ بِمَجْنُونٍ",
            "23": "وَلَقَدْ رَآهُ بِالْأُفُقِ الْمُبِينِ",
            "24": "وَمَا هُوَ عَلَى الْغَيْبِ بِضَنِينٍ",
            "25": "وَمَا هُوَ بِقَوْلِ شَيْطَانٍ رَجِيمٍ",
            "26": "فَأَيْنَ تَذْهَبُونَ",
            "27": "إِنْ هُوَ إِلَّا ذِكْرٌ لِلْعَالَمِينَ",
            "28": "لِمَنْ شَاءَ مِنْكُمْ أَنْ يَسْتَقِيمَ",
            "29": "وَمَا تَشَاءُونَ إِلَّا أَنْ يَشَاءَ اللَّهُ رَبُّ الْعَالَمِينَ"
        },
        "farsi": {
            "1": "\nهنگامی که خورشید را درهم پیچند",
            "2": " و ستارگان تیره و بی نور شوند",
            "3": " و کوه ها را [از جا برکنَند و] به حرکت آرند",
            "4": " و اموال با ارزش رها و بی صاحب شود",
            "5": " و حیوانات وحشی را گرد آورند",
            "6": " و دریاها مشتعل و برافروخته گردند",
            "7": " و هرکس با همسان خود جفت شود، [خوب با خوب، بد با بد]",
            "8": " و از دخترِ زنده به گورشده بپرسند،",
            "9": "که به کدام گناه کشته شده است؟!",
            "10": " آن زمان که نامه های اعمال را بگشایند ",
            "11": " و آسمان را برکنَند و برچینند",
            "12": "و دوزخ افروخته شود",
            "13": " و بهشت را نزدیک آرند",
            "14": " [در چنان هنگامه هایی] هرکس به آنچه [از عمل] آماده کرده آگاه شود ",
            "15": "سوگند به ستارگانی که [پس از غایب شدنشان در روز به نقطۀ معینشان در شب] بازمی گردند!",
            "16": " ستارگانی که به سرعت می روند و پنهان می شوند",
            "17": "و سوگند به شب! چون با سیاهی اش پشت کرده، رو به صبح می رود",
            "18": "و سوگند به صبح! هنگامی که می د مد",
            "19": " که این [قرآن]، کلام فرستاده ای ارجمند، است",
            "20": " نیرومندی که نزد صاحبِ عرش دارای مقامی بلند است",
            "21": " [در عالم بالا] مورد اطاعت [فرشتگان]، و امین است",
            "22": " [ای مردم مکه!] در همنشین شما [محمّد صلی الله علیه وآله] هیچ نوع دیوانگی نیست",
            "23": " او بی تردید آن [فرستادۀ ارجمند] را در افق روشن دیده است",
            "24": "و او در ابلاغ معارف قرآن [که از عالم غیب به او وحی شده] بخیل نیست",
            "25": " قرآن [برخلاف پندار برخی از شما] کلام شیطانِ رانده شده نیست",
            "26": " پس [با روی برتافتن از قرآن] به کجا می روید؟!",
            "27": " قرآن فقط وسیلۀ تذکر و بیداری برای جهانیان است",
            "28": " برای هرکدام از شما که بخواهد راه مستقیم را [که راه اطاعت از خداوند و اجتناب از گناهان است] بپیماید",
            "29": "و شما [پیمودن راه مستقیم را] نخواهید خواست مگر آن که پروردگار جهانیان بخواهد "
        }
    }
}