{
    "2": {
        "number": 2,
        "title": "سورة الانفطار",
        "bab": 4,
        "delay": 0,
        "arabic": {
            "1": "إِذَا السَّمَاءُ انْفَطَرَتْ",
            "2": "وَإِذَا الْكَوَاكِبُ انْتَثَرَتْ",
            "3": "وَإِذَا الْبِحَارُ فُجِّرَتْ",
            "4": "وَإِذَا الْقُبُورُ بُعْثِرَتْ",
            "5": "عَلِمَتْ نَفْسٌ مَا قَدَّمَتْ وَأَخَّرَتْ",
            "6": "يَا أَيُّهَا الْإِنْسَانُ مَا غَرَّكَ بِرَبِّكَ الْكَرِيمِ",
            "7": "الَّذِي خَلَقَكَ فَسَوَّاكَ فَعَدَلَكَ",
            "8": "فِي أَيِّ صُورَةٍ مَا شَاءَ رَكَّبَكَ",
            "9": "كَلَّا بَلْ تُكَذِّبُونَ بِالدِّينِ",
            "10": "وَإِنَّ عَلَيْكُمْ لَحَافِظِينَ",
            "11": "كِرَامًا كَاتِبِينَ",
            "12": "يَعْلَمُونَ مَا تَفْعَلُونَ",
            "13": "إِنَّ الْأَبْرَارَ لَفِي نَعِيمٍ",
            "14": "وَإِنَّ الْفُجَّارَ لَفِي جَحِيمٍ",
            "15": "يَصْلَوْنَهَا يَوْمَ الدِّينِ",
            "16": "وَمَا هُمْ عَنْهَا بِغَائِبِينَ",
            "17": "وَمَا أَدْرَاكَ مَا يَوْمُ الدِّينِ",
            "18": "ثُمَّ مَا أَدْرَاكَ مَا يَوْمُ الدِّينِ",
            "19": "يَوْمَ لَا تَمْلِكُ نَفْسٌ لِنَفْسٍ شَيْئًا ۖ وَالْأَمْرُ يَوْمَئِذٍ لِلَّهِ"

        },
        "farsi": {
            "1": "\nهنگامی که آسمان بشکافد",
            "2": " و ستارگان پراکنده شوند",
            "3": " و دریاها به هم بپیوندند",
            "4": " و گورها زیرورو گردند",
            "5": " هرکسی به آنچه [از خیر و شرّ] پیش فرستاده، و [به آثاری که از خود] باقی گذاشته آگاه می شود",
            "6": " ای انسان! چه چیز تو را به پروردگار بزرگوارت مغرور کرده است؟",
            "7": " همان کسی که تو را آفریده، و اندامت را درست و متناسب، و معتدل ساخته ",
            "8": " و تو را در هر شکلی که خواست صورت بندی کرده",
            "9": " [چنین نیست که برای ارتکاب گناه توجیه درستی داشته باشید،] بلکه روز جزا را انکار می کنید [و در فضای انکار، خود را از فرجام شوم گناه مصون می پندارید]",
            "10": " بی تردید بر شما نگهبانانی گماشته اند",
            "11": " بزرگوارانی نویسنده",
            "12": " که آنچه را انجام می دهید می دانند [و ثبت می کنند]",
            "13": "به راستی نیکان در نعمت فراوانی قرار دارند",
            "14": " و بی گمان گناه کاران در دوزخند",
            "15": " که روز جزا [با رنجی طاقت فرسا] در آن خواهند سوخت",
            "16": " و هرگز از آن بیرون نخواهند آمد",
            "17": " تو چه می دانی روز جزا چیست؟",
            "18": " باز هم تو چه می دانی روز جزا چیست؟",
            "19": " روزی که کسی از کسی چیزی [از عذاب] را دفع نمی کند، در آن روز حکومت و فرمانروایی ویژۀ خداست "
        }
    }
}