{
    "2": {
        "number": 2,
        "title": "سورة الانشقاق",
        "bab": 4,
        "delay": 2,
        "arabic": {
            "3": " إِذَا السَّمَاءُ انْشَقَّتْ",
            "4": "وَأَذِنَتْ لِرَبِّهَا وَحُقَّتْ",
            "5": "وَإِذَا الْأَرْضُ مُدَّتْ",
            "6": "وَأَلْقَتْ مَا فِيهَا وَتَخَلَّتْ",
            "7": "وَأَذِنَتْ لِرَبِّهَا وَحُقَّتْ",
            "8": "يَا أَيُّهَا الْإِنْسَانُ إِنَّكَ كَادِحٌ إِلَىٰ رَبِّكَ كَدْحًا فَمُلَاقِيهِ",
            "9": "فَأَمَّا مَنْ أُوتِيَ كِتَابَهُ بِيَمِينِهِ",
            "10": "فَسَوْفَ يُحَاسَبُ حِسَابًا يَسِيرًا",
            "11": "وَيَنْقَلِبُ إِلَىٰ أَهْلِهِ مَسْرُورًا",
            "12": "وَأَمَّا مَنْ أُوتِيَ كِتَابَهُ وَرَاءَ ظَهْرِهِ",
            "13": "فَسَوْفَ يَدْعُو ثُبُورًا",
            "14": "وَيَصْلَىٰ سَعِيرًا",
            "15": "إِنَّهُ كَانَ فِي أَهْلِهِ مَسْرُورًا",
            "16": "إِنَّهُ ظَنَّ أَنْ لَنْ يَحُورَ",
            "17": "بَلَىٰ إِنَّ رَبَّهُ كَانَ بِهِ بَصِيرًا",
            "18": "فَلَا أُقْسِمُ بِالشَّفَقِ",
            "19": "وَاللَّيْلِ وَمَا وَسَقَ",
            "20": "وَالْقَمَرِ إِذَا اتَّسَقَ",
            "21": "لَتَرْكَبُنَّ طَبَقًا عَنْ طَبَقٍ",
            "22": "فَمَا لَهُمْ لَا يُؤْمِنُونَ",
            "23": "وَإِذَا قُرِئَ عَلَيْهِمُ الْقُرْآنُ لَا يَسْجُدُونَ ۩",
            "24": "بَلِ الَّذِينَ كَفَرُوا يُكَذِّبُونَ",
            "25": "وَاللَّهُ أَعْلَمُ بِمَا يُوعُونَ",
            "26": "فَبَشِّرْهُمْ بِعَذَابٍ أَلِيمٍ",
            "27": "إِلَّا الَّذِينَ آمَنُوا وَعَمِلُوا الصَّالِحَاتِ لَهُمْ أَجْرٌ غَيْرُ مَمْنُونٍ"


        },
        "farsi": {
            "1": "\n \nبر تخت های زینت شده [مناظر زیبای بهشت و نعمت ها را] می نگرند",
            "2": " آیا کافران به کیفر آنچه همواره انجام می دادند رسیده اند؟!",
            "3": "\nهنگامی که آسمان بشکافد",
            "4": " و [فرمان] پروردگارش را اطاعت کند، و شایسته است که چنین باشد",
            "5": "و هنگامی که زمین گسترده شود",
            "6": " و آنچه را در درون دارد بیرون اندازد، و کاملاً تخلیه گردد",
            "7": " و [فرمان] پروردگارش را اطاعت کند، و شایسته است که چنین باشد",
            "8": " ای انسان! تو با کوششی طاقت فرسا در حرکت به سوی پروردگارت هستی و در نهایت به لقایش می رسی ",
            "9": "پس کسی که نامۀ اعمالش را به دست راستش دهند",
            "10": " با حسابگری آسانی به حسابش بپردازند",
            "11": " و خوش حال به سوی اهلش [که در بهشتند] بازگردد",
            "12": "و کسی که نامۀ اعمالش را از پشت سرش به او دهند",
            "13": " همواره [با حالتی اندوهبار] نابودی [خود] را درخواست می کند",
            "14": " و به آتشی افروخته درآید",
            "15": " زیرا در میان خانواده اش [به سبب بی دینی و ثروت غرورآورش] همواره شاد بود",
            "16": " او می پنداشت که هرگز [پس از مرگش به حیات دوباره] بازنمی گردد",
            "17": " آری [حتماً بازگشتی بود]، بی شک پروردگارش به او بیناست",
            "18": " سوگند به سرخی کنار افق [هنگام غروب خورشید]!",
            "19": " سوگند به شب و آنچه را [از موجودات پراکنده در خانه ها و لانه ها] جمع می کند!",
            "20": " سوگند به ماه! چون بَدر کامل می شود",
            "21": " که شما بی تردید از مرحله ای به مرحلۀ دیگر انتقال می یابید [؛ از حیات به مرگ، از مرگ به برزخ، از برزخ به قیامت، و از قیامت به جنّت یا دوزخ]",
            "22": " پس اینان را چه شده که ایمان نمی آورند؟",
            "23": " چون قرآن را بر آنان بخوانند به پرستش خداوند روی نمی آورند،",
            "24": " بلکه کافران همواره به انکار [آن] می پردازند،",
            "25": " خداوند به آنچه [از نفاق، کینه، حسد، بخل و خشم] در دلِ خود جمع می کنند داناتر است ",
            "26": " پس آنان را به عذابی دردناک خبر ده ",
            "27": " ولی برای مؤمنانی که کارهای شایسته انجام داده اند پاداشی جاودانه و بی منّت است "
        }
    }
}