{
    "2": {
        "number": 2,
        "title": "سورة  البروج",
        "bab": 4,
        "delay": 0,
        "arabic": {
            "1": " وَالسَّمَاءِ ذَاتِ الْبُرُوجِ",
            "2": "وَالْيَوْمِ الْمَوْعُودِ",
            "3": "وَشَاهِدٍ وَمَشْهُودٍ",
            "4": "قُتِلَ أَصْحَابُ الْأُخْدُودِ",
            "5": "النَّارِ ذَاتِ الْوَقُودِ",
            "6": "إِذْ هُمْ عَلَيْهَا قُعُودٌ",
            "7": "وَهُمْ عَلَىٰ مَا يَفْعَلُونَ بِالْمُؤْمِنِينَ شُهُودٌ",
            "8": "وَمَا نَقَمُوا مِنْهُمْ إِلَّا أَنْ يُؤْمِنُوا بِاللَّهِ الْعَزِيزِ الْحَمِيدِ",
            "9": "الَّذِي لَهُ مُلْكُ السَّمَاوَاتِ وَالْأَرْضِ ۚ وَاللَّهُ عَلَىٰ كُلِّ شَيْءٍ شَهِيدٌ",
            "10": "إِنَّ الَّذِينَ فَتَنُوا الْمُؤْمِنِينَ وَالْمُؤْمِنَاتِ ثُمَّ لَمْ يَتُوبُوا فَلَهُمْ عَذَابُ جَهَنَّمَ وَلَهُمْ عَذَابُ الْحَرِيقِ",
            "11": "إِنَّ الَّذِينَ آمَنُوا وَعَمِلُوا الصَّالِحَاتِ لَهُمْ جَنَّاتٌ تَجْرِي مِنْ تَحْتِهَا الْأَنْهَارُ ۚ ذَٰلِكَ الْفَوْزُ الْكَبِيرُ",
            "12": "إِنَّ بَطْشَ رَبِّكَ لَشَدِيدٌ",
            "13": "إِنَّهُ هُوَ يُبْدِئُ وَيُعِيدُ",
            "14": "وَهُوَ الْغَفُورُ الْوَدُودُ",
            "15": "ذُو الْعَرْشِ الْمَجِيدُ",
            "16": "فَعَّالٌ لِمَا يُرِيدُ",
            "17": "هَلْ أَتَاكَ حَدِيثُ الْجُنُودِ",
            "18": "فِرْعَوْنَ وَثَمُودَ",
            "19": "بَلِ الَّذِينَ كَفَرُوا فِي تَكْذِيبٍ",
            "20": "وَاللَّهُ مِنْ وَرَائِهِمْ مُحِيطٌ",
            "21": "بَلْ هُوَ قُرْآنٌ مَجِيدٌ",
            "22": "فِي لَوْحٍ مَحْفُوظٍ"
        },
        "farsi": {
            "1": "\nسوگند به آسمان که دارای برج هاست !",
            "2": " سوگند به روزی که [برای حسابرسی اعمال] وعده داده شده!",
            "3": " سوگند به شاهد! [که پیامبر است،] و مورد مشاهده! [که اعمال امت است]",
            "4": " از رحمت [خدا] دور باشند اصحاب «اُخدود»! [صاحبان خندقِ پُر از آتش]",
            "5": " آن آتشی که آتش گیره اش فراوان بود",
            "6": " هنگامی که در کنارش نشسته بودند",
            "7": " و [در کمال بی رحمی] سوزاندن مؤمنان را [در خندقِ آتش] نظاره گر بودند",
            "8": " و چیزی از مؤمنان ناپسندشان نبود مگر این که به خداوند توانای شکست ناپذیرِ ستوده ایمان داشتند!",
            "9": " خداوندی که مالکیت و فرمانروایی آسمان ها و زمین در سیطرۀ اوست، و بر هرچیزی حاضر و شاهد است",
            "10": " کسانی که مردان و زنان باایمان را مورد شکنجه قرار دادند [؛ شکنجه ای چون زنده زنده سوزاندن،] سپس توبه نکردند عذاب دوزخ و آتش سوزان برای آنان حتمی است",
            "11": " بی تردید مؤمنانی که کارهای شایسته انجام داده اند، برای آنان بهشت هایی است که از زیر [درختان] آن نهرها جاری است، این است کامیابی بزرگ !",
            "12": "بی تردیدکیفر پروردگارت بسیار شدید است",
            "13": " اوست که [آفرینش را] آغاز می کند، و [پس از فروپاشیدنش] بازمی گرداند",
            "14": " او بسیار آمرزنده و دوستدار [مؤمنان] است ",
            "15": " صاحبِ عرش و بلندمرتبه است",
            "16": " آنچه را بخواهد انجام می دهد",
            "17": " آیا خبر آن سپاهیان به تو رسیده است؟",
            "18": " [سپاهیان] فرعون و ثمود",
            "19": " [فقط آنان انکارکننده نبودند،] بلکه کافرانِ [قوم تو] در انکاری سخت ترند",
            "20": " البته خداوند از هر سو به آنان احاطه دارد",
            "21": " [پندار کافران دربارۀ قرآن پنداری یاوه و موهوم است،] بلکه این قرآن پنداری پُرفایده و بلندمرتبه است",
            "22": " که در لوح محفوظ قرار دارد "
        }
    }
}