{
    "2": {
        "number": 2,
        "title": "سورة الطارق",
        "bab": 4,
        "delay": 0,
        "arabic": {
            "1": " وَالسَّمَاءِ وَالطَّارِقِ",
            "2": "وَمَا أَدْرَاكَ مَا الطَّارِقُ",
            "3": "النَّجْمُ الثَّاقِبُ",
            "4": "إِنْ كُلُّ نَفْسٍ لَمَّا عَلَيْهَا حَافِظٌ",
            "5": "فَلْيَنْظُرِ الْإِنْسَانُ مِمَّ خُلِقَ",
            "6": "خُلِقَ مِنْ مَاءٍ دَافِقٍ",
            "7": "يَخْرُجُ مِنْ بَيْنِ الصُّلْبِ وَالتَّرَائِبِ",
            "8": "إِنَّهُ عَلَىٰ رَجْعِهِ لَقَادِرٌ",
            "9": "يَوْمَ تُبْلَى السَّرَائِرُ",
            "10": "فَمَا لَهُ مِنْ قُوَّةٍ وَلَا نَاصِرٍ",
            "11": "وَالسَّمَاءِ ذَاتِ الرَّجْعِ",
            "12": "وَالْأَرْضِ ذَاتِ الصَّدْعِ",
            "13": "إِنَّهُ لَقَوْلٌ فَصْلٌ",
            "14": "وَمَا هُوَ بِالْهَزْلِ",
            "15": "إِنَّهُمْ يَكِيدُونَ كَيْدًا",
            "16": "وَأَكِيدُ كَيْدًا",
            "17": "فَمَهِّلِ الْكَافِرِينَ أَمْهِلْهُمْ رُوَيْدًا"

        },
        "farsi": {
            "1": "\nسوگند به آسمان و پدیدارشونده در شب!",
            "2": " تو چه می دانی پدیدارشونده در شب چیست؟",
            "3": " ستارۀ درخشانی است که [پردۀ تاریکی را] می شکافد",
            "4": " که هیچ کس نیست مگر این که بر او نگهبانی هست",
            "5": " پس انسان باید با دقت بنگرد که از چه چیز آفریده شده است؟",
            "6": " از آبی جهنده آفریده شده",
            "7": " که از میان پشتِ کمر و استخوان های پیشِ رو بیرون می آید",
            "8": " به یقین خداوند [که انسان را از آبی جهنده و بی مقدار آفریده،] بر بازگرداندنِ او [به حیات دوباره پس از مرگش] تواناست ",
            "9": " روزی که باطن ها آشکار شده، [و مورد محاسبه قرار می گیرند]",
            "10": " پس انسان را [برای دفع کیفر] نه قدرتی است، و نه یاوری ",
            "11": " سوگند به آسمان که دارای باران پی درپی و پُرریزش است!",
            "12": " و سوگند به زمین که دارای شکاف و شیار [برای جوشیدن چشمه سارها و رویش گیاهان] است!",
            "13": " به راستی این قرآن سخنی است که مشخص کنندۀ [حق از باطل] است",
            "14": " و هرگز شوخی و بی پایه نیست",
            "15": " آنان [برای نابودی حق] نیرنگ می زنند",
            "16": " و من نیز [در برابر آنان] آن گونه که باید چاره و تدبیر می کنم",
            "17": " پس کافران را مدتی اندک مهلت ده! [تا در نهایت به کیفر اعمالشان برسند] "
    }
    }
}