{
    "87": {
        "number": 87,"bab": 4,
        "title": "سوره اعلی", "delay": 0,
        "arabic": {
              "1": "سَبِّحِ اسْمَ رَبِّكَ الْأَعْلَى",
            "2": "الَّذِي خَلَقَ فَسَوَّىٰ",
            "3": "وَالَّذِي قَدَّرَ فَهَدَىٰ",
            "4": "وَالَّذِي أَخْرَجَ الْمَرْعَىٰ",
            "5": "فَجَعَلَهُ غُثَاءً أَحْوَىٰ",
            "6": "سَنُقْرِئُكَ فَلَا تَنْسَىٰ",
            "7": "إِلَّا مَا شَاءَ اللَّهُ ۚ إِنَّهُ يَعْلَمُ الْجَهْرَ وَمَا يَخْفَىٰ",
            "8": "وَنُيَسِّرُكَ لِلْيُسْرَىٰ",
            "9": "فَذَكِّرْ إِنْ نَفَعَتِ الذِّكْرَىٰ",
            "10": "سَيَذَّكَّرُ مَنْ يَخْشَىٰ",
            "11": "وَيَتَجَنَّبُهَا الْأَشْقَى",
            "12": "الَّذِي يَصْلَى النَّارَ الْكُبْرَىٰ",
            "13": "ثُمَّ لَا يَمُوتُ فِيهَا وَلَا يَحْيَىٰ",
            "14": "قَدْ أَفْلَحَ مَنْ تَزَكَّىٰ",
            "15": "وَذَكَرَ اسْمَ رَبِّهِ فَصَلَّىٰ",
            "16": "بَلْ تُؤْثِرُونَ الْحَيَاةَ الدُّنْيَا",
            "17": "وَالْآخِرَةُ خَيْرٌ وَأَبْقَىٰ",
            "18": "إِنَّ هَٰذَا لَفِي الصُّحُفِ الْأُولَىٰ",
            "19": "صُحُفِ إِبْرَاهِيمَ وَمُوسَىٰ"
        },
        "farsi": {
             "1": "نام پروردگار بلندمرتبه ات را [به پاک بودن از هر عیب و نقصی] ستایش کن!",
            "2": " آن که آفرید، و [آفریده اش را] درست و معتدل قرار داد",
            "3": " و آن که [به هرچیزی] اندازۀ دقیق داد، و [به مسیر مناسبش] هدایت کرد",
            "4": " و آن که [گیاهانِ] چراگاه را رویانید",
            "5": "پس آن را خاشاکی تیره رنگ ساخت",
            "6": " ما [قرآن را] همواره بر زبانت جاری می کنیم، و هرگز [آن را] فراموش نخواهی کرد",
            "7": " جز آنچه را خدا بخواهد، که هرآینه او آنچه را آشکار و پنهان است می داند",
            "8": " تو را بر [عمل و ابلاغِ] آسان ترین راه [که شریعتِ سَمحه و سَهله است] توفیق می دهیم",
            "9": "پس [مردم را] اندرز ده! اگر اندرز [به حال اندرزگیرنده] سودمند باشد",
            "10": " کسی که [از خدا] می ترسد به راستی اندرز را می پذیرد",
            "11": " و بدبخت ترین [مردم] از آن کناره می گیرد",
            "12": " همان کسی که در بزرگ ترین و سوزان ترین آتشِ [جاودانه] گرفتار می شود",
            "13": " آن گاه در آن جا نه می میرد، و نه حیات [قابل قبولی] خواهد داشت",
            "14": " بی گمان کسی که [خود را از زشتی ها و عیوبِ باطنی] پاکیزه کرد [بر موانع راه سعادت] پیروز است",
            "15": "همان که نام پروردگارش را [با توجه قلبی] به زبان آورد، و نماز خواند",
            "16": " [شما منکرانِ متکبّر بر روش پاکان نیستند،] بلکه زندگی زودگذرِ دنیا را [بر آخرتِ پُرنعمتِ جاویدان] ترجیح می دهید",
            "17": " درحالی که آخرت بهتر و پاینده تر است",
            "18": " این [حقایقِ بیان شده] در کتاب های آسمانی پیشین نیز آمده است",
            "19": " کتاب های ابراهیم و موسی "

        },
        "tozih": {
            "1": ""
        }
    }
}