{
  "2": {
    "number": 2,
        "title": "سورة الغاشية",
      "bab": 4,
      "delay": 4,
      "arabic": {
         "5": " هَلْ أَتَاكَ حَدِيثُ الْغَاشِيَةِ",
            "6": "وُجُوهٌ يَوْمَئِذٍ خَاشِعَةٌ",
            "7": "عَامِلَةٌ نَاصِبَةٌ",
            "8": "تَصْلَىٰ نَارًا حَامِيَةً",
            "9": "تُسْقَىٰ مِنْ عَيْنٍ آنِيَةٍ",
            "10": "لَيْسَ لَهُمْ طَعَامٌ إِلَّا مِنْ ضَرِيعٍ",
            "11": "لَا يُسْمِنُ وَلَا يُغْنِي مِنْ جُوعٍ",
            "12": "وُجُوهٌ يَوْمَئِذٍ نَاعِمَةٌ",
            "13": "لِسَعْيِهَا رَاضِيَةٌ",
            "14": "فِي جَنَّةٍ عَالِيَةٍ",
            "15": "لَا تَسْمَعُ فِيهَا لَاغِيَةً",
            "16": "فِيهَا عَيْنٌ جَارِيَةٌ",
            "17": "فِيهَا سُرُرٌ مَرْفُوعَةٌ",
            "18": "وَأَكْوَابٌ مَوْضُوعَةٌ",
            "19": "وَنَمَارِقُ مَصْفُوفَةٌ",
            "20": "وَزَرَابِيُّ مَبْثُوثَةٌ",
            "21": "أَفَلَا يَنْظُرُونَ إِلَى الْإِبِلِ كَيْفَ خُلِقَتْ",
            "22": "وَإِلَى السَّمَاءِ كَيْفَ رُفِعَتْ",
            "23": "وَإِلَى الْجِبَالِ كَيْفَ نُصِبَتْ",
            "24": "وَإِلَى الْأَرْضِ كَيْفَ سُطِحَتْ",
            "25": "فَذَكِّرْ إِنَّمَا أَنْتَ مُذَكِّرٌ",
            "26": "لَسْتَ عَلَيْهِمْ بِمُصَيْطِرٍ",
            "27": "إِلَّا مَنْ تَوَلَّىٰ وَكَفَرَ",
            "28": "فَيُعَذِّبُهُ اللَّهُ الْعَذَابَ الْأَكْبَرَ",
            "29": "إِنَّ إِلَيْنَا إِيَابَهُمْ",
            "30": "ثُمَّ إِنَّ عَلَيْنَا حِسَابَهُمْ"
        },
        "farsi": {
          "5": "\nآیا خبر آن حادثۀ هولناک فراگیر به تو رسیده است؟",
            "6": " چهره هایی در آن روز شکسته و خوارند",
            "7": " آنان که [در دنیا] تلاش پُرزحمت داشتند، و از آن [در قیامت] به طورکامل بی بهره اند",
            "8": " در آتشی سوزان درآیند",
            "9": " آنان را از چشمه ای بسیار داغ می نوشانند",
            "10": " خوراکی جز خارِ خشک و زهرآگین ندارند",
            "11": " که [آن خارِ خشک] نه فربه می کند، و نه گرسنگی را برطرف می سازد",
            "12": " در آن روز چهره هایی شادابند",
            "13": " از تلاششان راضی و خشنودند",
            "14": " در بهشتی بَرین جای دارند",
            "15": " در آن جا [سخنی] بیهوده نمی شنوند",
            "16": " چشمه ای روان در آن است،",
            "17": " تخت هایی با ارزش و برافراشته در آن جاست",
            "18": " و [در کنار چشمه ] جام هایی نهاده اند",
            "19": " و بالش هایی ردیفِ هم چیده اند",
            "20": "و در آن جا فرش هایی زربافت گسترده اند [تا بهشتیان از نشستن روی آن ها بهره مند شوند]",
            "21": " آیا [منکران توحید و معاد] با دقت به شتر نظر نمی کنند که چگونه آفریده شده است؟",
            "22": "و به آسمان نمی نگرند که چگونه برافراشته شده است؟",
            "23": " و به کوه ها، که چگونه برپا داشته شده اند؟",
            "24": "و به زمین، که چگونه گسترده شده است؟",
            "25": " پس [آنان را به این حقایق] تذکر ده! که تو فقط تذکردهنده ای",
            "26": " بر آنان مسلط نیستی [که به قبولِ توحید و معاد مجبورشان کنی]",
            "27": "[و تذکر برای همه سودمند است] مگر کسی که [بعد از تذکراتِ پی درپی] روی برگردانَد، و به کفرورزی اش ادامه دهد",
            "28": " نهایتاً خداوند او را به عذاب بزرگ تر عذاب می کند",
            "29": "همانا بازگشت آنان به سوی ماست",
            "30": " آن گاه حسابشان برعهدۀ ماست"
        }
    }
}