{
    "2": {
        "number": 2,
        "title": "سورة الفجر",
        "bab": 4,
        "delay": 0,
        "arabic": {
            "1": " وَالْفَجْرِ",
            "2": "وَلَيَالٍ عَشْرٍ",
            "3": "وَالشَّفْعِ وَالْوَتْرِ",
            "4": "وَاللَّيْلِ إِذَا يَسْرِ",
            "5": "هَلْ فِي ذَٰلِكَ قَسَمٌ لِذِي حِجْرٍ",
            "6": "أَلَمْ تَرَ كَيْفَ فَعَلَ رَبُّكَ بِعَادٍ",
            "7": "إِرَمَ ذَاتِ الْعِمَادِ",
            "8": "الَّتِي لَمْ يُخْلَقْ مِثْلُهَا فِي الْبِلَادِ",
            "9": "وَثَمُودَ الَّذِينَ جَابُوا الصَّخْرَ بِالْوَادِ",
            "10": "وَفِرْعَوْنَ ذِي الْأَوْتَادِ",
            "11": "الَّذِينَ طَغَوْا فِي الْبِلَادِ",
            "12": "فَأَكْثَرُوا فِيهَا الْفَسَادَ",
            "13": "فَصَبَّ عَلَيْهِمْ رَبُّكَ سَوْطَ عَذَابٍ",
            "14": "إِنَّ رَبَّكَ لَبِالْمِرْصَادِ",
            "15": "فَأَمَّا الْإِنْسَانُ إِذَا مَا ابْتَلَاهُ رَبُّهُ فَأَكْرَمَهُ وَنَعَّمَهُ فَيَقُولُ رَبِّي أَكْرَمَنِ",
            "16": "وَأَمَّا إِذَا مَا ابْتَلَاهُ فَقَدَرَ عَلَيْهِ رِزْقَهُ فَيَقُولُ رَبِّي أَهَانَنِ",
            "17": "كَلَّا ۖ بَلْ لَا تُكْرِمُونَ الْيَتِيمَ",
            "18": "وَلَا تَحَاضُّونَ عَلَىٰ طَعَامِ الْمِسْكِينِ",
            "19": "وَتَأْكُلُونَ التُّرَاثَ أَكْلًا لَمًّا",
            "20": "وَتُحِبُّونَ الْمَالَ حُبًّا جَمًّا",
            "21": "كَلَّا إِذَا دُكَّتِ الْأَرْضُ دَكًّا دَكًّا",
            "22": "وَجَاءَ رَبُّكَ وَالْمَلَكُ صَفًّا صَفًّا",
            "23": "وَجِيءَ يَوْمَئِذٍ بِجَهَنَّمَ ۚ يَوْمَئِذٍ يَتَذَكَّرُ الْإِنْسَانُ وَأَنَّىٰ لَهُ الذِّكْرَىٰ",
            "24": "يَقُولُ يَا لَيْتَنِي قَدَّمْتُ لِحَيَاتِي",
            "25": "فَيَوْمَئِذٍ لَا يُعَذِّبُ عَذَابَهُ أَحَدٌ",
            "26": "وَلَا يُوثِقُ وَثَاقَهُ أَحَدٌ",
            "27": "يَا أَيَّتُهَا النَّفْسُ الْمُطْمَئِنَّةُ",
            "28": "ارْجِعِي إِلَىٰ رَبِّكِ رَاضِيَةً مَرْضِيَّةً",
            "29": "فَادْخُلِي فِي عِبَادِي",
            "30": "وَادْخُلِي جَنَّتِي"
        },
        "farsi": {
            "1": "\nسوگند به سپیده دم!",
            "2": " و به شب های ده گانه!",
            "3": " و به زوج و فرد!",
            "4": " و به شب! هنگامی که می رود",
            "5": " آیا در این سوگندها سوگندی [سزاوار و اطمینان بخش] برای شخصِ خردمند هست؟",
            "6": " آیا ندانسته ای که پروردگارت با عادیان چه کرد؟",
            "7": " [و با شهر] «اِرَم» که دارای ساختمان های بلند و مستحکم بود [چه رفتاری داشت]؟",
            "8": " همان شهری که مانندش در سرزمین ها ساخته نشده بود",
            "9": " و [با] ثمودیان، که در سرزمینشان تخته سنگ های سخت و بزرگ را [برای ساختن ساختمان های مصون از زلزله و توفان] می بریدند [چه کرد]؟",
            "10": " و [با] فرعونِ بسیار قدرتمند و شکنجه گر [چگونه رفتار نمود]؟",
            "11": " همان عادیان و ثمودیان و فرعونیان که در شهرها طغیان کردند",
            "12": " و در آن ها تبهکاری و فتنۀ زیادی به بار آوردند",
            "13": " پس پروردگارت عذاب پیاپی و شدیدی را بر آنان فروبارید",
            "14": "بی تردید پروردگارت در کمین [همۀ انسان ها] است، [به این علت راه فراری از عذابِ او ندارند]",
            "15": " اما انسان، چون پروردگارش در جهت آزمایشِ او، با حفظ شخصیتش سودی به او رسانَد، [و رفاه و راحتی نصیب او کند،] می گوید: پروردگارم [به خاطر لیاقتم به من سود و رفاه بخشید، و] گرامی ام داشت",
            "16": " و اما زمانی که در جهت آزمایش او رزقش را بر او تنگ بگیرد، می گوید: پروردگارم مرا خوار کرده است!",
            "17": " چنین نیست [که دربارۀ کار خدا ارزیابی می کنند؛] بلکه [سببِ خواری شما این است که] یتیم را اِکرام نمی کنید",
            "18": " و یکدیگر را بر طعام دادن به بیچارگان تشویق نمی کنید",
            "19": "و میراث [دیگران] را [ضمیمۀ ثروت خود کرده،] یکجا می خورید",
            "20": " و بسیار عاشق و دلباختۀ ثروت هستید",
            "21": " چنین نیست [که می گویید مورد اهانت خدا قرار گرفته اید]، هنگامی که زمین به شدت دَر هم کوبیده شود",
            "22": " و [فرمان] پروردگارت [مبنی بر انجام امور قیامت] دررسد، و فرشتگان صف به صف [برای اجرای مأموریتشان بیایند ]",
            "23": " در آن روز، دوزخ را [در برابر دیدگان همه] حاضر کنند، [آن وقت است که] انسان متذکرِ [همۀ امور] می شود، ولی این متذکرشدن چه سودی برای او دارد؟!",
            "24": "\n \nمی گوید: ای کاش از پیش برای این زندگی [آخرتی] ام [عبادت و کار نیک و توشۀ مناسب] فرستاده بودم!",
            "25": " پس در آن روز هیچ کس چون عذابِ خدا عذاب نمی کند",
            "26": " و اَحدی چون به بندکشیدنِ او به بند نمی کشد!",
            "27": " [آن گاه خداوند به بندگانِ باایمانش خطاب می کند:] ای روح آرام یافته!",
            "28": " به سوی پروردگارت بازگرد! درحالی که [تو از او] خشنودی و [او هم از تو] خشنود است",
            "29": " پس در بین بندگان راستینم در آی!",
            "30": " و در بهشت ویژه ام وارد شو!"
        }
    }
}