{
    "2": {
        "number": 2,
        "title": "سورة التوبة",
        "bab": 4,
        "delay": 0,
        "arabic": {
            "1": "بَرَاءَةٌ مِنَ اللَّهِ وَرَسُولِهِ إِلَى الَّذِينَ عَاهَدْتُمْ مِنَ الْمُشْرِكِينَ",
            "2": "فَسِيحُوا فِي الْأَرْضِ أَرْبَعَةَ أَشْهُرٍ وَاعْلَمُوا أَنَّكُمْ غَيْرُ مُعْجِزِي اللَّهِ ۙ وَأَنَّ اللَّهَ مُخْزِي الْكَافِرِينَ",
            "3": "وَأَذَانٌ مِنَ اللَّهِ وَرَسُولِهِ إِلَى النَّاسِ يَوْمَ الْحَجِّ الْأَكْبَرِ أَنَّ اللَّهَ بَرِيءٌ مِنَ الْمُشْرِكِينَ ۙ وَرَسُولُهُ ۚ فَإِنْ تُبْتُمْ فَهُوَ خَيْرٌ لَكُمْ ۖ وَإِنْ تَوَلَّيْتُمْ فَاعْلَمُوا أَنَّكُمْ غَيْرُ مُعْجِزِي اللَّهِ ۗ وَبَشِّرِ الَّذِينَ كَفَرُوا بِعَذَابٍ أَلِيمٍ",
            "4": "إِلَّا الَّذِينَ عَاهَدْتُمْ مِنَ الْمُشْرِكِينَ ثُمَّ لَمْ يَنْقُصُوكُمْ شَيْئًا وَلَمْ يُظَاهِرُوا عَلَيْكُمْ أَحَدًا فَأَتِمُّوا إِلَيْهِمْ عَهْدَهُمْ إِلَىٰ مُدَّتِهِمْ ۚ إِنَّ اللَّهَ يُحِبُّ الْمُتَّقِينَ",
            "5": "فَإِذَا انْسَلَخَ الْأَشْهُرُ الْحُرُمُ فَاقْتُلُوا الْمُشْرِكِينَ حَيْثُ وَجَدْتُمُوهُمْ وَخُذُوهُمْ وَاحْصُرُوهُمْ وَاقْعُدُوا لَهُمْ كُلَّ مَرْصَدٍ ۚ فَإِنْ تَابُوا وَأَقَامُوا الصَّلَاةَ وَآتَوُا الزَّكَاةَ فَخَلُّوا سَبِيلَهُمْ ۚ إِنَّ اللَّهَ غَفُورٌ رَحِيمٌ",
            "6": "وَإِنْ أَحَدٌ مِنَ الْمُشْرِكِينَ اسْتَجَارَكَ فَأَجِرْهُ حَتَّىٰ يَسْمَعَ كَلَامَ اللَّهِ ثُمَّ أَبْلِغْهُ مَأْمَنَهُ ۚ ذَٰلِكَ بِأَنَّهُمْ قَوْمٌ لَا يَعْلَمُونَ",
            "7": "كَيْفَ يَكُونُ لِلْمُشْرِكِينَ عَهْدٌ عِنْدَ اللَّهِ وَعِنْدَ رَسُولِهِ إِلَّا الَّذِينَ عَاهَدْتُمْ عِنْدَ الْمَسْجِدِ الْحَرَامِ ۖ فَمَا اسْتَقَامُوا لَكُمْ فَاسْتَقِيمُوا لَهُمْ ۚ إِنَّ اللَّهَ يُحِبُّ الْمُتَّقِينَ",
            "8": "كَيْفَ وَإِنْ يَظْهَرُوا عَلَيْكُمْ لَا يَرْقُبُوا فِيكُمْ إِلًّا وَلَا ذِمَّةً ۚ يُرْضُونَكُمْ بِأَفْوَاهِهِمْ وَتَأْبَىٰ قُلُوبُهُمْ وَأَكْثَرُهُمْ فَاسِقُونَ",
            "9": "اشْتَرَوْا بِآيَاتِ اللَّهِ ثَمَنًا قَلِيلًا فَصَدُّوا عَنْ سَبِيلِهِ ۚ إِنَّهُمْ سَاءَ مَا كَانُوا يَعْمَلُونَ",
            "10": "لَا يَرْقُبُونَ فِي مُؤْمِنٍ إِلًّا وَلَا ذِمَّةً ۚ وَأُولَٰئِكَ هُمُ الْمُعْتَدُونَ",
            "11": "فَإِنْ تَابُوا وَأَقَامُوا الصَّلَاةَ وَآتَوُا الزَّكَاةَ فَإِخْوَانُكُمْ فِي الدِّينِ ۗ وَنُفَصِّلُ الْآيَاتِ لِقَوْمٍ يَعْلَمُونَ",
            "12": "وَإِنْ نَكَثُوا أَيْمَانَهُمْ مِنْ بَعْدِ عَهْدِهِمْ وَطَعَنُوا فِي دِينِكُمْ فَقَاتِلُوا أَئِمَّةَ الْكُفْرِ ۙ إِنَّهُمْ لَا أَيْمَانَ لَهُمْ لَعَلَّهُمْ يَنْتَهُونَ",
            "13": "أَلَا تُقَاتِلُونَ قَوْمًا نَكَثُوا أَيْمَانَهُمْ وَهَمُّوا بِإِخْرَاجِ الرَّسُولِ وَهُمْ بَدَءُوكُمْ أَوَّلَ مَرَّةٍ ۚ أَتَخْشَوْنَهُمْ ۚ فَاللَّهُ أَحَقُّ أَنْ تَخْشَوْهُ إِنْ كُنْتُمْ مُؤْمِنِينَ",
            "14": "قَاتِلُوهُمْ يُعَذِّبْهُمُ اللَّهُ بِأَيْدِيكُمْ وَيُخْزِهِمْ وَيَنْصُرْكُمْ عَلَيْهِمْ وَيَشْفِ صُدُورَ قَوْمٍ مُؤْمِنِينَ",
            "15": "وَيُذْهِبْ غَيْظَ قُلُوبِهِمْ ۗ وَيَتُوبُ اللَّهُ عَلَىٰ مَنْ يَشَاءُ ۗ وَاللَّهُ عَلِيمٌ حَكِيمٌ",
            "16": "أَمْ حَسِبْتُمْ أَنْ تُتْرَكُوا وَلَمَّا يَعْلَمِ اللَّهُ الَّذِينَ جَاهَدُوا مِنْكُمْ وَلَمْ يَتَّخِذُوا مِنْ دُونِ اللَّهِ وَلَا رَسُولِهِ وَلَا الْمُؤْمِنِينَ وَلِيجَةً ۚ وَاللَّهُ خَبِيرٌ بِمَا تَعْمَلُونَ",
            "17": "مَا كَانَ لِلْمُشْرِكِينَ أَنْ يَعْمُرُوا مَسَاجِدَ اللَّهِ شَاهِدِينَ عَلَىٰ أَنْفُسِهِمْ بِالْكُفْرِ ۚ أُولَٰئِكَ حَبِطَتْ أَعْمَالُهُمْ وَفِي النَّارِ هُمْ خَالِدُونَ",
            "18": "إِنَّمَا يَعْمُرُ مَسَاجِدَ اللَّهِ مَنْ آمَنَ بِاللَّهِ وَالْيَوْمِ الْآخِرِ وَأَقَامَ الصَّلَاةَ وَآتَى الزَّكَاةَ وَلَمْ يَخْشَ إِلَّا اللَّهَ ۖ فَعَسَىٰ أُولَٰئِكَ أَنْ يَكُونُوا مِنَ الْمُهْتَدِينَ",
            "19": "أَجَعَلْتُمْ سِقَايَةَ الْحَاجِّ وَعِمَارَةَ الْمَسْجِدِ الْحَرَامِ كَمَنْ آمَنَ بِاللَّهِ وَالْيَوْمِ الْآخِرِ وَجَاهَدَ فِي سَبِيلِ اللَّهِ ۚ لَا يَسْتَوُونَ عِنْدَ اللَّهِ ۗ وَاللَّهُ لَا يَهْدِي الْقَوْمَ الظَّالِمِينَ",
            "20": "الَّذِينَ آمَنُوا وَهَاجَرُوا وَجَاهَدُوا فِي سَبِيلِ اللَّهِ بِأَمْوَالِهِمْ وَأَنْفُسِهِمْ أَعْظَمُ دَرَجَةً عِنْدَ اللَّهِ ۚ وَأُولَٰئِكَ هُمُ الْفَائِزُونَ",
            "21": "يُبَشِّرُهُمْ رَبُّهُمْ بِرَحْمَةٍ مِنْهُ وَرِضْوَانٍ وَجَنَّاتٍ لَهُمْ فِيهَا نَعِيمٌ مُقِيمٌ",
            "22": "خَالِدِينَ فِيهَا أَبَدًا ۚ إِنَّ اللَّهَ عِنْدَهُ أَجْرٌ عَظِيمٌ",
            "23": "يَا أَيُّهَا الَّذِينَ آمَنُوا لَا تَتَّخِذُوا آبَاءَكُمْ وَإِخْوَانَكُمْ أَوْلِيَاءَ إِنِ اسْتَحَبُّوا الْكُفْرَ عَلَى الْإِيمَانِ ۚ وَمَنْ يَتَوَلَّهُمْ مِنْكُمْ فَأُولَٰئِكَ هُمُ الظَّالِمُونَ",
            "24": "قُلْ إِنْ كَانَ آبَاؤُكُمْ وَأَبْنَاؤُكُمْ وَإِخْوَانُكُمْ وَأَزْوَاجُكُمْ وَعَشِيرَتُكُمْ وَأَمْوَالٌ اقْتَرَفْتُمُوهَا وَتِجَارَةٌ تَخْشَوْنَ كَسَادَهَا وَمَسَاكِنُ تَرْضَوْنَهَا أَحَبَّ إِلَيْكُمْ مِنَ اللَّهِ وَرَسُولِهِ وَجِهَادٍ فِي سَبِيلِهِ فَتَرَبَّصُوا حَتَّىٰ يَأْتِيَ اللَّهُ بِأَمْرِهِ ۗ وَاللَّهُ لَا يَهْدِي الْقَوْمَ الْفَاسِقِينَ",
            "25": "لَقَدْ نَصَرَكُمُ اللَّهُ فِي مَوَاطِنَ كَثِيرَةٍ ۙ وَيَوْمَ حُنَيْنٍ ۙ إِذْ أَعْجَبَتْكُمْ كَثْرَتُكُمْ فَلَمْ تُغْنِ عَنْكُمْ شَيْئًا وَضَاقَتْ عَلَيْكُمُ الْأَرْضُ بِمَا رَحُبَتْ ثُمَّ وَلَّيْتُمْ مُدْبِرِينَ",
            "26": "ثُمَّ أَنْزَلَ اللَّهُ سَكِينَتَهُ عَلَىٰ رَسُولِهِ وَعَلَى الْمُؤْمِنِينَ وَأَنْزَلَ جُنُودًا لَمْ تَرَوْهَا وَعَذَّبَ الَّذِينَ كَفَرُوا ۚ وَذَٰلِكَ جَزَاءُ الْكَافِرِينَ",
            "27": "ثُمَّ يَتُوبُ اللَّهُ مِنْ بَعْدِ ذَٰلِكَ عَلَىٰ مَنْ يَشَاءُ ۗ وَاللَّهُ غَفُورٌ رَحِيمٌ",
            "28": "يَا أَيُّهَا الَّذِينَ آمَنُوا إِنَّمَا الْمُشْرِكُونَ نَجَسٌ فَلَا يَقْرَبُوا الْمَسْجِدَ الْحَرَامَ بَعْدَ عَامِهِمْ هَٰذَا ۚ وَإِنْ خِفْتُمْ عَيْلَةً فَسَوْفَ يُغْنِيكُمُ اللَّهُ مِنْ فَضْلِهِ إِنْ شَاءَ ۚ إِنَّ اللَّهَ عَلِيمٌ حَكِيمٌ",
            "29": "قَاتِلُوا الَّذِينَ لَا يُؤْمِنُونَ بِاللَّهِ وَلَا بِالْيَوْمِ الْآخِرِ وَلَا يُحَرِّمُونَ مَا حَرَّمَ اللَّهُ وَرَسُولُهُ وَلَا يَدِينُونَ دِينَ الْحَقِّ مِنَ الَّذِينَ أُوتُوا الْكِتَابَ حَتَّىٰ يُعْطُوا الْجِزْيَةَ عَنْ يَدٍ وَهُمْ صَاغِرُونَ",
            "30": "وَقَالَتِ الْيَهُودُ عُزَيْرٌ ابْنُ اللَّهِ وَقَالَتِ النَّصَارَى الْمَسِيحُ ابْنُ اللَّهِ ۖ ذَٰلِكَ قَوْلُهُمْ بِأَفْوَاهِهِمْ ۖ يُضَاهِئُونَ قَوْلَ الَّذِينَ كَفَرُوا مِنْ قَبْلُ ۚ قَاتَلَهُمُ اللَّهُ ۚ أَنَّىٰ يُؤْفَكُونَ",
            "31": "اتَّخَذُوا أَحْبَارَهُمْ وَرُهْبَانَهُمْ أَرْبَابًا مِنْ دُونِ اللَّهِ وَالْمَسِيحَ ابْنَ مَرْيَمَ وَمَا أُمِرُوا إِلَّا لِيَعْبُدُوا إِلَٰهًا وَاحِدًا ۖ لَا إِلَٰهَ إِلَّا هُوَ ۚ سُبْحَانَهُ عَمَّا يُشْرِكُونَ",
            "32": "يُرِيدُونَ أَنْ يُطْفِئُوا نُورَ اللَّهِ بِأَفْوَاهِهِمْ وَيَأْبَى اللَّهُ إِلَّا أَنْ يُتِمَّ نُورَهُ وَلَوْ كَرِهَ الْكَافِرُونَ",
            "33": "هُوَ الَّذِي أَرْسَلَ رَسُولَهُ بِالْهُدَىٰ وَدِينِ الْحَقِّ لِيُظْهِرَهُ عَلَى الدِّينِ كُلِّهِ وَلَوْ كَرِهَ الْمُشْرِكُونَ",
            "34": "يَا أَيُّهَا الَّذِينَ آمَنُوا إِنَّ كَثِيرًا مِنَ الْأَحْبَارِ وَالرُّهْبَانِ لَيَأْكُلُونَ أَمْوَالَ النَّاسِ بِالْبَاطِلِ وَيَصُدُّونَ عَنْ سَبِيلِ اللَّهِ ۗ وَالَّذِينَ يَكْنِزُونَ الذَّهَبَ وَالْفِضَّةَ وَلَا يُنْفِقُونَهَا فِي سَبِيلِ اللَّهِ فَبَشِّرْهُمْ بِعَذَابٍ أَلِيمٍ",
            "35": "يَوْمَ يُحْمَىٰ عَلَيْهَا فِي نَارِ جَهَنَّمَ فَتُكْوَىٰ بِهَا جِبَاهُهُمْ وَجُنُوبُهُمْ وَظُهُورُهُمْ ۖ هَٰذَا مَا كَنَزْتُمْ لِأَنْفُسِكُمْ فَذُوقُوا مَا كُنْتُمْ تَكْنِزُونَ",
            "36": "إِنَّ عِدَّةَ الشُّهُورِ عِنْدَ اللَّهِ اثْنَا عَشَرَ شَهْرًا فِي كِتَابِ اللَّهِ يَوْمَ خَلَقَ السَّمَاوَاتِ وَالْأَرْضَ مِنْهَا أَرْبَعَةٌ حُرُمٌ ۚ ذَٰلِكَ الدِّينُ الْقَيِّمُ ۚ فَلَا تَظْلِمُوا فِيهِنَّ أَنْفُسَكُمْ ۚ وَقَاتِلُوا الْمُشْرِكِينَ كَافَّةً كَمَا يُقَاتِلُونَكُمْ كَافَّةً ۚ وَاعْلَمُوا أَنَّ اللَّهَ مَعَ الْمُتَّقِينَ",
            "37": "إِنَّمَا النَّسِيءُ زِيَادَةٌ فِي الْكُفْرِ ۖ يُضَلُّ بِهِ الَّذِينَ كَفَرُوا يُحِلُّونَهُ عَامًا وَيُحَرِّمُونَهُ عَامًا لِيُوَاطِئُوا عِدَّةَ مَا حَرَّمَ اللَّهُ فَيُحِلُّوا مَا حَرَّمَ اللَّهُ ۚ زُيِّنَ لَهُمْ سُوءُ أَعْمَالِهِمْ ۗ وَاللَّهُ لَا يَهْدِي الْقَوْمَ الْكَافِرِينَ",
            "38": "يَا أَيُّهَا الَّذِينَ آمَنُوا مَا لَكُمْ إِذَا قِيلَ لَكُمُ انْفِرُوا فِي سَبِيلِ اللَّهِ اثَّاقَلْتُمْ إِلَى الْأَرْضِ ۚ أَرَضِيتُمْ بِالْحَيَاةِ الدُّنْيَا مِنَ الْآخِرَةِ ۚ فَمَا مَتَاعُ الْحَيَاةِ الدُّنْيَا فِي الْآخِرَةِ إِلَّا قَلِيلٌ",
            "39": "إِلَّا تَنْفِرُوا يُعَذِّبْكُمْ عَذَابًا أَلِيمًا وَيَسْتَبْدِلْ قَوْمًا غَيْرَكُمْ وَلَا تَضُرُّوهُ شَيْئًا ۗ وَاللَّهُ عَلَىٰ كُلِّ شَيْءٍ قَدِيرٌ",
            "40": "إِلَّا تَنْصُرُوهُ فَقَدْ نَصَرَهُ اللَّهُ إِذْ أَخْرَجَهُ الَّذِينَ كَفَرُوا ثَانِيَ اثْنَيْنِ إِذْ هُمَا فِي الْغَارِ إِذْ يَقُولُ لِصَاحِبِهِ لَا تَحْزَنْ إِنَّ اللَّهَ مَعَنَا ۖ فَأَنْزَلَ اللَّهُ سَكِينَتَهُ عَلَيْهِ وَأَيَّدَهُ بِجُنُودٍ لَمْ تَرَوْهَا وَجَعَلَ كَلِمَةَ الَّذِينَ كَفَرُوا السُّفْلَىٰ ۗ وَكَلِمَةُ اللَّهِ هِيَ الْعُلْيَا ۗ وَاللَّهُ عَزِيزٌ حَكِيمٌ",
            "41": "انْفِرُوا خِفَافًا وَثِقَالًا وَجَاهِدُوا بِأَمْوَالِكُمْ وَأَنْفُسِكُمْ فِي سَبِيلِ اللَّهِ ۚ ذَٰلِكُمْ خَيْرٌ لَكُمْ إِنْ كُنْتُمْ تَعْلَمُونَ",
            "42": "لَوْ كَانَ عَرَضًا قَرِيبًا وَسَفَرًا قَاصِدًا لَاتَّبَعُوكَ وَلَٰكِنْ بَعُدَتْ عَلَيْهِمُ الشُّقَّةُ ۚ وَسَيَحْلِفُونَ بِاللَّهِ لَوِ اسْتَطَعْنَا لَخَرَجْنَا مَعَكُمْ يُهْلِكُونَ أَنْفُسَهُمْ وَاللَّهُ يَعْلَمُ إِنَّهُمْ لَكَاذِبُونَ",
            "43": "عَفَا اللَّهُ عَنْكَ لِمَ أَذِنْتَ لَهُمْ حَتَّىٰ يَتَبَيَّنَ لَكَ الَّذِينَ صَدَقُوا وَتَعْلَمَ الْكَاذِبِينَ",
            "44": "لَا يَسْتَأْذِنُكَ الَّذِينَ يُؤْمِنُونَ بِاللَّهِ وَالْيَوْمِ الْآخِرِ أَنْ يُجَاهِدُوا بِأَمْوَالِهِمْ وَأَنْفُسِهِمْ ۗ وَاللَّهُ عَلِيمٌ بِالْمُتَّقِينَ",
            "45": "إِنَّمَا يَسْتَأْذِنُكَ الَّذِينَ لَا يُؤْمِنُونَ بِاللَّهِ وَالْيَوْمِ الْآخِرِ وَارْتَابَتْ قُلُوبُهُمْ فَهُمْ فِي رَيْبِهِمْ يَتَرَدَّدُونَ",
            "46": "وَلَوْ أَرَادُوا الْخُرُوجَ لَأَعَدُّوا لَهُ عُدَّةً وَلَٰكِنْ كَرِهَ اللَّهُ انْبِعَاثَهُمْ فَثَبَّطَهُمْ وَقِيلَ اقْعُدُوا مَعَ الْقَاعِدِينَ",
            "47": "لَوْ خَرَجُوا فِيكُمْ مَا زَادُوكُمْ إِلَّا خَبَالًا وَلَأَوْضَعُوا خِلَالَكُمْ يَبْغُونَكُمُ الْفِتْنَةَ وَفِيكُمْ سَمَّاعُونَ لَهُمْ ۗ وَاللَّهُ عَلِيمٌ بِالظَّالِمِينَ",
            "48": "لَقَدِ ابْتَغَوُا الْفِتْنَةَ مِنْ قَبْلُ وَقَلَّبُوا لَكَ الْأُمُورَ حَتَّىٰ جَاءَ الْحَقُّ وَظَهَرَ أَمْرُ اللَّهِ وَهُمْ كَارِهُونَ",
            "49": "وَمِنْهُمْ مَنْ يَقُولُ ائْذَنْ لِي وَلَا تَفْتِنِّي ۚ أَلَا فِي الْفِتْنَةِ سَقَطُوا ۗ وَإِنَّ جَهَنَّمَ لَمُحِيطَةٌ بِالْكَافِرِينَ",
            "50": "إِنْ تُصِبْكَ حَسَنَةٌ تَسُؤْهُمْ ۖ وَإِنْ تُصِبْكَ مُصِيبَةٌ يَقُولُوا قَدْ أَخَذْنَا أَمْرَنَا مِنْ قَبْلُ وَيَتَوَلَّوْا وَهُمْ فَرِحُونَ",
            "51": "قُلْ لَنْ يُصِيبَنَا إِلَّا مَا كَتَبَ اللَّهُ لَنَا هُوَ مَوْلَانَا ۚ وَعَلَى اللَّهِ فَلْيَتَوَكَّلِ الْمُؤْمِنُونَ",
            "52": "قُلْ هَلْ تَرَبَّصُونَ بِنَا إِلَّا إِحْدَى الْحُسْنَيَيْنِ ۖ وَنَحْنُ نَتَرَبَّصُ بِكُمْ أَنْ يُصِيبَكُمُ اللَّهُ بِعَذَابٍ مِنْ عِنْدِهِ أَوْ بِأَيْدِينَا ۖ فَتَرَبَّصُوا إِنَّا مَعَكُمْ مُتَرَبِّصُونَ",
            "53": "قُلْ أَنْفِقُوا طَوْعًا أَوْ كَرْهًا لَنْ يُتَقَبَّلَ مِنْكُمْ ۖ إِنَّكُمْ كُنْتُمْ قَوْمًا فَاسِقِينَ",
            "54": "وَمَا مَنَعَهُمْ أَنْ تُقْبَلَ مِنْهُمْ نَفَقَاتُهُمْ إِلَّا أَنَّهُمْ كَفَرُوا بِاللَّهِ وَبِرَسُولِهِ وَلَا يَأْتُونَ الصَّلَاةَ إِلَّا وَهُمْ كُسَالَىٰ وَلَا يُنْفِقُونَ إِلَّا وَهُمْ كَارِهُونَ",
            "55": "فَلَا تُعْجِبْكَ أَمْوَالُهُمْ وَلَا أَوْلَادُهُمْ ۚ إِنَّمَا يُرِيدُ اللَّهُ لِيُعَذِّبَهُمْ بِهَا فِي الْحَيَاةِ الدُّنْيَا وَتَزْهَقَ أَنْفُسُهُمْ وَهُمْ كَافِرُونَ",
            "56": "وَيَحْلِفُونَ بِاللَّهِ إِنَّهُمْ لَمِنْكُمْ وَمَا هُمْ مِنْكُمْ وَلَٰكِنَّهُمْ قَوْمٌ يَفْرَقُونَ",
            "57": "لَوْ يَجِدُونَ مَلْجَأً أَوْ مَغَارَاتٍ أَوْ مُدَّخَلًا لَوَلَّوْا إِلَيْهِ وَهُمْ يَجْمَحُونَ",
            "58": "وَمِنْهُمْ مَنْ يَلْمِزُكَ فِي الصَّدَقَاتِ فَإِنْ أُعْطُوا مِنْهَا رَضُوا وَإِنْ لَمْ يُعْطَوْا مِنْهَا إِذَا هُمْ يَسْخَطُونَ",
            "59": "وَلَوْ أَنَّهُمْ رَضُوا مَا آتَاهُمُ اللَّهُ وَرَسُولُهُ وَقَالُوا حَسْبُنَا اللَّهُ سَيُؤْتِينَا اللَّهُ مِنْ فَضْلِهِ وَرَسُولُهُ إِنَّا إِلَى اللَّهِ رَاغِبُونَ",
            "60": "إِنَّمَا الصَّدَقَاتُ لِلْفُقَرَاءِ وَالْمَسَاكِينِ وَالْعَامِلِينَ عَلَيْهَا وَالْمُؤَلَّفَةِ قُلُوبُهُمْ وَفِي الرِّقَابِ وَالْغَارِمِينَ وَفِي سَبِيلِ اللَّهِ وَابْنِ السَّبِيلِ ۖ فَرِيضَةً مِنَ اللَّهِ ۗ وَاللَّهُ عَلِيمٌ حَكِيمٌ",
            "61": "وَمِنْهُمُ الَّذِينَ يُؤْذُونَ النَّبِيَّ وَيَقُولُونَ هُوَ أُذُنٌ ۚ قُلْ أُذُنُ خَيْرٍ لَكُمْ يُؤْمِنُ بِاللَّهِ وَيُؤْمِنُ لِلْمُؤْمِنِينَ وَرَحْمَةٌ لِلَّذِينَ آمَنُوا مِنْكُمْ ۚ وَالَّذِينَ يُؤْذُونَ رَسُولَ اللَّهِ لَهُمْ عَذَابٌ أَلِيمٌ",
            "62": "يَحْلِفُونَ بِاللَّهِ لَكُمْ لِيُرْضُوكُمْ وَاللَّهُ وَرَسُولُهُ أَحَقُّ أَنْ يُرْضُوهُ إِنْ كَانُوا مُؤْمِنِينَ",
            "63": "أَلَمْ يَعْلَمُوا أَنَّهُ مَنْ يُحَادِدِ اللَّهَ وَرَسُولَهُ فَأَنَّ لَهُ نَارَ جَهَنَّمَ خَالِدًا فِيهَا ۚ ذَٰلِكَ الْخِزْيُ الْعَظِيمُ",
            "64": "يَحْذَرُ الْمُنَافِقُونَ أَنْ تُنَزَّلَ عَلَيْهِمْ سُورَةٌ تُنَبِّئُهُمْ بِمَا فِي قُلُوبِهِمْ ۚ قُلِ اسْتَهْزِئُوا إِنَّ اللَّهَ مُخْرِجٌ مَا تَحْذَرُونَ",
            "65": "وَلَئِنْ سَأَلْتَهُمْ لَيَقُولُنَّ إِنَّمَا كُنَّا نَخُوضُ وَنَلْعَبُ ۚ قُلْ أَبِاللَّهِ وَآيَاتِهِ وَرَسُولِهِ كُنْتُمْ تَسْتَهْزِئُونَ",
            "66": "لَا تَعْتَذِرُوا قَدْ كَفَرْتُمْ بَعْدَ إِيمَانِكُمْ ۚ إِنْ نَعْفُ عَنْ طَائِفَةٍ مِنْكُمْ نُعَذِّبْ طَائِفَةً بِأَنَّهُمْ كَانُوا مُجْرِمِينَ",
            "67": "الْمُنَافِقُونَ وَالْمُنَافِقَاتُ بَعْضُهُمْ مِنْ بَعْضٍ ۚ يَأْمُرُونَ بِالْمُنْكَرِ وَيَنْهَوْنَ عَنِ الْمَعْرُوفِ وَيَقْبِضُونَ أَيْدِيَهُمْ ۚ نَسُوا اللَّهَ فَنَسِيَهُمْ ۗ إِنَّ الْمُنَافِقِينَ هُمُ الْفَاسِقُونَ",
            "68": "وَعَدَ اللَّهُ الْمُنَافِقِينَ وَالْمُنَافِقَاتِ وَالْكُفَّارَ نَارَ جَهَنَّمَ خَالِدِينَ فِيهَا ۚ هِيَ حَسْبُهُمْ ۚ وَلَعَنَهُمُ اللَّهُ ۖ وَلَهُمْ عَذَابٌ مُقِيمٌ",
            "69": "كَالَّذِينَ مِنْ قَبْلِكُمْ كَانُوا أَشَدَّ مِنْكُمْ قُوَّةً وَأَكْثَرَ أَمْوَالًا وَأَوْلَادًا فَاسْتَمْتَعُوا بِخَلَاقِهِمْ فَاسْتَمْتَعْتُمْ بِخَلَاقِكُمْ كَمَا اسْتَمْتَعَ الَّذِينَ مِنْ قَبْلِكُمْ بِخَلَاقِهِمْ وَخُضْتُمْ كَالَّذِي خَاضُوا ۚ أُولَٰئِكَ حَبِطَتْ أَعْمَالُهُمْ فِي الدُّنْيَا وَالْآخِرَةِ ۖ وَأُولَٰئِكَ هُمُ الْخَاسِرُونَ",
            "70": "أَلَمْ يَأْتِهِمْ نَبَأُ الَّذِينَ مِنْ قَبْلِهِمْ قَوْمِ نُوحٍ وَعَادٍ وَثَمُودَ وَقَوْمِ إِبْرَاهِيمَ وَأَصْحَابِ مَدْيَنَ وَالْمُؤْتَفِكَاتِ ۚ أَتَتْهُمْ رُسُلُهُمْ بِالْبَيِّنَاتِ ۖ فَمَا كَانَ اللَّهُ لِيَظْلِمَهُمْ وَلَٰكِنْ كَانُوا أَنْفُسَهُمْ يَظْلِمُونَ",
            "71": "وَالْمُؤْمِنُونَ وَالْمُؤْمِنَاتُ بَعْضُهُمْ أَوْلِيَاءُ بَعْضٍ ۚ يَأْمُرُونَ بِالْمَعْرُوفِ وَيَنْهَوْنَ عَنِ الْمُنْكَرِ وَيُقِيمُونَ الصَّلَاةَ وَيُؤْتُونَ الزَّكَاةَ وَيُطِيعُونَ اللَّهَ وَرَسُولَهُ ۚ أُولَٰئِكَ سَيَرْحَمُهُمُ اللَّهُ ۗ إِنَّ اللَّهَ عَزِيزٌ حَكِيمٌ",
            "72": "وَعَدَ اللَّهُ الْمُؤْمِنِينَ وَالْمُؤْمِنَاتِ جَنَّاتٍ تَجْرِي مِنْ تَحْتِهَا الْأَنْهَارُ خَالِدِينَ فِيهَا وَمَسَاكِنَ طَيِّبَةً فِي جَنَّاتِ عَدْنٍ ۚ وَرِضْوَانٌ مِنَ اللَّهِ أَكْبَرُ ۚ ذَٰلِكَ هُوَ الْفَوْزُ الْعَظِيمُ",
            "73": "يَا أَيُّهَا النَّبِيُّ جَاهِدِ الْكُفَّارَ وَالْمُنَافِقِينَ وَاغْلُظْ عَلَيْهِمْ ۚ وَمَأْوَاهُمْ جَهَنَّمُ ۖ وَبِئْسَ الْمَصِيرُ",
            "74": "يَحْلِفُونَ بِاللَّهِ مَا قَالُوا وَلَقَدْ قَالُوا كَلِمَةَ الْكُفْرِ وَكَفَرُوا بَعْدَ إِسْلَامِهِمْ وَهَمُّوا بِمَا لَمْ يَنَالُوا ۚ وَمَا نَقَمُوا إِلَّا أَنْ أَغْنَاهُمُ اللَّهُ وَرَسُولُهُ مِنْ فَضْلِهِ ۚ فَإِنْ يَتُوبُوا يَكُ خَيْرًا لَهُمْ ۖ وَإِنْ يَتَوَلَّوْا يُعَذِّبْهُمُ اللَّهُ عَذَابًا أَلِيمًا فِي الدُّنْيَا وَالْآخِرَةِ ۚ وَمَا لَهُمْ فِي الْأَرْضِ مِنْ وَلِيٍّ وَلَا نَصِيرٍ",
            "75": "وَمِنْهُمْ مَنْ عَاهَدَ اللَّهَ لَئِنْ آتَانَا مِنْ فَضْلِهِ لَنَصَّدَّقَنَّ وَلَنَكُونَنَّ مِنَ الصَّالِحِينَ",
            "76": "فَلَمَّا آتَاهُمْ مِنْ فَضْلِهِ بَخِلُوا بِهِ وَتَوَلَّوْا وَهُمْ مُعْرِضُونَ",
            "77": "فَأَعْقَبَهُمْ نِفَاقًا فِي قُلُوبِهِمْ إِلَىٰ يَوْمِ يَلْقَوْنَهُ بِمَا أَخْلَفُوا اللَّهَ مَا وَعَدُوهُ وَبِمَا كَانُوا يَكْذِبُونَ",
            "78": "أَلَمْ يَعْلَمُوا أَنَّ اللَّهَ يَعْلَمُ سِرَّهُمْ وَنَجْوَاهُمْ وَأَنَّ اللَّهَ عَلَّامُ الْغُيُوبِ",
            "79": "الَّذِينَ يَلْمِزُونَ الْمُطَّوِّعِينَ مِنَ الْمُؤْمِنِينَ فِي الصَّدَقَاتِ وَالَّذِينَ لَا يَجِدُونَ إِلَّا جُهْدَهُمْ فَيَسْخَرُونَ مِنْهُمْ ۙ سَخِرَ اللَّهُ مِنْهُمْ وَلَهُمْ عَذَابٌ أَلِيمٌ",
            "80": "اسْتَغْفِرْ لَهُمْ أَوْ لَا تَسْتَغْفِرْ لَهُمْ إِنْ تَسْتَغْفِرْ لَهُمْ سَبْعِينَ مَرَّةً فَلَنْ يَغْفِرَ اللَّهُ لَهُمْ ۚ ذَٰلِكَ بِأَنَّهُمْ كَفَرُوا بِاللَّهِ وَرَسُولِهِ ۗ وَاللَّهُ لَا يَهْدِي الْقَوْمَ الْفَاسِقِينَ",
            "81": "فَرِحَ الْمُخَلَّفُونَ بِمَقْعَدِهِمْ خِلَافَ رَسُولِ اللَّهِ وَكَرِهُوا أَنْ يُجَاهِدُوا بِأَمْوَالِهِمْ وَأَنْفُسِهِمْ فِي سَبِيلِ اللَّهِ وَقَالُوا لَا تَنْفِرُوا فِي الْحَرِّ ۗ قُلْ نَارُ جَهَنَّمَ أَشَدُّ حَرًّا ۚ لَوْ كَانُوا يَفْقَهُونَ",
            "82": "فَلْيَضْحَكُوا قَلِيلًا وَلْيَبْكُوا كَثِيرًا جَزَاءً بِمَا كَانُوا يَكْسِبُونَ",
            "83": "فَإِنْ رَجَعَكَ اللَّهُ إِلَىٰ طَائِفَةٍ مِنْهُمْ فَاسْتَأْذَنُوكَ لِلْخُرُوجِ فَقُلْ لَنْ تَخْرُجُوا مَعِيَ أَبَدًا وَلَنْ تُقَاتِلُوا مَعِيَ عَدُوًّا ۖ إِنَّكُمْ رَضِيتُمْ بِالْقُعُودِ أَوَّلَ مَرَّةٍ فَاقْعُدُوا مَعَ الْخَالِفِينَ",
            "84": "وَلَا تُصَلِّ عَلَىٰ أَحَدٍ مِنْهُمْ مَاتَ أَبَدًا وَلَا تَقُمْ عَلَىٰ قَبْرِهِ ۖ إِنَّهُمْ كَفَرُوا بِاللَّهِ وَرَسُولِهِ وَمَاتُوا وَهُمْ فَاسِقُونَ",
            "85": "وَلَا تُعْجِبْكَ أَمْوَالُهُمْ وَأَوْلَادُهُمْ ۚ إِنَّمَا يُرِيدُ اللَّهُ أَنْ يُعَذِّبَهُمْ بِهَا فِي الدُّنْيَا وَتَزْهَقَ أَنْفُسُهُمْ وَهُمْ كَافِرُونَ",
            "86": "وَإِذَا أُنْزِلَتْ سُورَةٌ أَنْ آمِنُوا بِاللَّهِ وَجَاهِدُوا مَعَ رَسُولِهِ اسْتَأْذَنَكَ أُولُو الطَّوْلِ مِنْهُمْ وَقَالُوا ذَرْنَا نَكُنْ مَعَ الْقَاعِدِينَ",
            "87": "رَضُوا بِأَنْ يَكُونُوا مَعَ الْخَوَالِفِ وَطُبِعَ عَلَىٰ قُلُوبِهِمْ فَهُمْ لَا يَفْقَهُونَ",
            "88": "لَٰكِنِ الرَّسُولُ وَالَّذِينَ آمَنُوا مَعَهُ جَاهَدُوا بِأَمْوَالِهِمْ وَأَنْفُسِهِمْ ۚ وَأُولَٰئِكَ لَهُمُ الْخَيْرَاتُ ۖ وَأُولَٰئِكَ هُمُ الْمُفْلِحُونَ",
            "89": "أَعَدَّ اللَّهُ لَهُمْ جَنَّاتٍ تَجْرِي مِنْ تَحْتِهَا الْأَنْهَارُ خَالِدِينَ فِيهَا ۚ ذَٰلِكَ الْفَوْزُ الْعَظِيمُ",
            "90": "وَجَاءَ الْمُعَذِّرُونَ مِنَ الْأَعْرَابِ لِيُؤْذَنَ لَهُمْ وَقَعَدَ الَّذِينَ كَذَبُوا اللَّهَ وَرَسُولَهُ ۚ سَيُصِيبُ الَّذِينَ كَفَرُوا مِنْهُمْ عَذَابٌ أَلِيمٌ",
            "91": "لَيْسَ عَلَى الضُّعَفَاءِ وَلَا عَلَى الْمَرْضَىٰ وَلَا عَلَى الَّذِينَ لَا يَجِدُونَ مَا يُنْفِقُونَ حَرَجٌ إِذَا نَصَحُوا لِلَّهِ وَرَسُولِهِ ۚ مَا عَلَى الْمُحْسِنِينَ مِنْ سَبِيلٍ ۚ وَاللَّهُ غَفُورٌ رَحِيمٌ",
            "92": "وَلَا عَلَى الَّذِينَ إِذَا مَا أَتَوْكَ لِتَحْمِلَهُمْ قُلْتَ لَا أَجِدُ مَا أَحْمِلُكُمْ عَلَيْهِ تَوَلَّوْا وَأَعْيُنُهُمْ تَفِيضُ مِنَ الدَّمْعِ حَزَنًا أَلَّا يَجِدُوا مَا يُنْفِقُونَ",
            "93": "إِنَّمَا السَّبِيلُ عَلَى الَّذِينَ يَسْتَأْذِنُونَكَ وَهُمْ أَغْنِيَاءُ ۚ رَضُوا بِأَنْ يَكُونُوا مَعَ الْخَوَالِفِ وَطَبَعَ اللَّهُ عَلَىٰ قُلُوبِهِمْ فَهُمْ لَا يَعْلَمُونَ",
            "94": "يَعْتَذِرُونَ إِلَيْكُمْ إِذَا رَجَعْتُمْ إِلَيْهِمْ ۚ قُلْ لَا تَعْتَذِرُوا لَنْ نُؤْمِنَ لَكُمْ قَدْ نَبَّأَنَا اللَّهُ مِنْ أَخْبَارِكُمْ ۚ وَسَيَرَى اللَّهُ عَمَلَكُمْ وَرَسُولُهُ ثُمَّ تُرَدُّونَ إِلَىٰ عَالِمِ الْغَيْبِ وَالشَّهَادَةِ فَيُنَبِّئُكُمْ بِمَا كُنْتُمْ تَعْمَلُونَ",
            "95": "سَيَحْلِفُونَ بِاللَّهِ لَكُمْ إِذَا انْقَلَبْتُمْ إِلَيْهِمْ لِتُعْرِضُوا عَنْهُمْ ۖ فَأَعْرِضُوا عَنْهُمْ ۖ إِنَّهُمْ رِجْسٌ ۖ وَمَأْوَاهُمْ جَهَنَّمُ جَزَاءً بِمَا كَانُوا يَكْسِبُونَ",
            "96": "يَحْلِفُونَ لَكُمْ لِتَرْضَوْا عَنْهُمْ ۖ فَإِنْ تَرْضَوْا عَنْهُمْ فَإِنَّ اللَّهَ لَا يَرْضَىٰ عَنِ الْقَوْمِ الْفَاسِقِينَ",
            "97": "الْأَعْرَابُ أَشَدُّ كُفْرًا وَنِفَاقًا وَأَجْدَرُ أَلَّا يَعْلَمُوا حُدُودَ مَا أَنْزَلَ اللَّهُ عَلَىٰ رَسُولِهِ ۗ وَاللَّهُ عَلِيمٌ حَكِيمٌ",
            "98": "وَمِنَ الْأَعْرَابِ مَنْ يَتَّخِذُ مَا يُنْفِقُ مَغْرَمًا وَيَتَرَبَّصُ بِكُمُ الدَّوَائِرَ ۚ عَلَيْهِمْ دَائِرَةُ السَّوْءِ ۗ وَاللَّهُ سَمِيعٌ عَلِيمٌ",
            "99": "وَمِنَ الْأَعْرَابِ مَنْ يُؤْمِنُ بِاللَّهِ وَالْيَوْمِ الْآخِرِ وَيَتَّخِذُ مَا يُنْفِقُ قُرُبَاتٍ عِنْدَ اللَّهِ وَصَلَوَاتِ الرَّسُولِ ۚ أَلَا إِنَّهَا قُرْبَةٌ لَهُمْ ۚ سَيُدْخِلُهُمُ اللَّهُ فِي رَحْمَتِهِ ۗ إِنَّ اللَّهَ غَفُورٌ رَحِيمٌ",
            "100": "وَالسَّابِقُونَ الْأَوَّلُونَ مِنَ الْمُهَاجِرِينَ وَالْأَنْصَارِ وَالَّذِينَ اتَّبَعُوهُمْ بِإِحْسَانٍ رَضِيَ اللَّهُ عَنْهُمْ وَرَضُوا عَنْهُ وَأَعَدَّ لَهُمْ جَنَّاتٍ تَجْرِي تَحْتَهَا الْأَنْهَارُ خَالِدِينَ فِيهَا أَبَدًا ۚ ذَٰلِكَ الْفَوْزُ الْعَظِيمُ",
            "101": "وَمِمَّنْ حَوْلَكُمْ مِنَ الْأَعْرَابِ مُنَافِقُونَ ۖ وَمِنْ أَهْلِ الْمَدِينَةِ ۖ مَرَدُوا عَلَى النِّفَاقِ لَا تَعْلَمُهُمْ ۖ نَحْنُ نَعْلَمُهُمْ ۚ سَنُعَذِّبُهُمْ مَرَّتَيْنِ ثُمَّ يُرَدُّونَ إِلَىٰ عَذَابٍ عَظِيمٍ",
            "102": "وَآخَرُونَ اعْتَرَفُوا بِذُنُوبِهِمْ خَلَطُوا عَمَلًا صَالِحًا وَآخَرَ سَيِّئًا عَسَى اللَّهُ أَنْ يَتُوبَ عَلَيْهِمْ ۚ إِنَّ اللَّهَ غَفُورٌ رَحِيمٌ",
            "103": "خُذْ مِنْ أَمْوَالِهِمْ صَدَقَةً تُطَهِّرُهُمْ وَتُزَكِّيهِمْ بِهَا وَصَلِّ عَلَيْهِمْ ۖ إِنَّ صَلَاتَكَ سَكَنٌ لَهُمْ ۗ وَاللَّهُ سَمِيعٌ عَلِيمٌ",
            "104": "أَلَمْ يَعْلَمُوا أَنَّ اللَّهَ هُوَ يَقْبَلُ التَّوْبَةَ عَنْ عِبَادِهِ وَيَأْخُذُ الصَّدَقَاتِ وَأَنَّ اللَّهَ هُوَ التَّوَّابُ الرَّحِيمُ",
            "105": "وَقُلِ اعْمَلُوا فَسَيَرَى اللَّهُ عَمَلَكُمْ وَرَسُولُهُ وَالْمُؤْمِنُونَ ۖ وَسَتُرَدُّونَ إِلَىٰ عَالِمِ الْغَيْبِ وَالشَّهَادَةِ فَيُنَبِّئُكُمْ بِمَا كُنْتُمْ تَعْمَلُونَ",
            "106": "وَآخَرُونَ مُرْجَوْنَ لِأَمْرِ اللَّهِ إِمَّا يُعَذِّبُهُمْ وَإِمَّا يَتُوبُ عَلَيْهِمْ ۗ وَاللَّهُ عَلِيمٌ حَكِيمٌ",
            "107": "وَالَّذِينَ اتَّخَذُوا مَسْجِدًا ضِرَارًا وَكُفْرًا وَتَفْرِيقًا بَيْنَ الْمُؤْمِنِينَ وَإِرْصَادًا لِمَنْ حَارَبَ اللَّهَ وَرَسُولَهُ مِنْ قَبْلُ ۚ وَلَيَحْلِفُنَّ إِنْ أَرَدْنَا إِلَّا الْحُسْنَىٰ ۖ وَاللَّهُ يَشْهَدُ إِنَّهُمْ لَكَاذِبُونَ",
            "108": "لَا تَقُمْ فِيهِ أَبَدًا ۚ لَمَسْجِدٌ أُسِّسَ عَلَى التَّقْوَىٰ مِنْ أَوَّلِ يَوْمٍ أَحَقُّ أَنْ تَقُومَ فِيهِ ۚ فِيهِ رِجَالٌ يُحِبُّونَ أَنْ يَتَطَهَّرُوا ۚ وَاللَّهُ يُحِبُّ الْمُطَّهِّرِينَ",
            "109": "أَفَمَنْ أَسَّسَ بُنْيَانَهُ عَلَىٰ تَقْوَىٰ مِنَ اللَّهِ وَرِضْوَانٍ خَيْرٌ أَمْ مَنْ أَسَّسَ بُنْيَانَهُ عَلَىٰ شَفَا جُرُفٍ هَارٍ فَانْهَارَ بِهِ فِي نَارِ جَهَنَّمَ ۗ وَاللَّهُ لَا يَهْدِي الْقَوْمَ الظَّالِمِينَ",
            "110": "لَا يَزَالُ بُنْيَانُهُمُ الَّذِي بَنَوْا رِيبَةً فِي قُلُوبِهِمْ إِلَّا أَنْ تَقَطَّعَ قُلُوبُهُمْ ۗ وَاللَّهُ عَلِيمٌ حَكِيمٌ",
            "111": "إِنَّ اللَّهَ اشْتَرَىٰ مِنَ الْمُؤْمِنِينَ أَنْفُسَهُمْ وَأَمْوَالَهُمْ بِأَنَّ لَهُمُ الْجَنَّةَ ۚ يُقَاتِلُونَ فِي سَبِيلِ اللَّهِ فَيَقْتُلُونَ وَيُقْتَلُونَ ۖ وَعْدًا عَلَيْهِ حَقًّا فِي التَّوْرَاةِ وَالْإِنْجِيلِ وَالْقُرْآنِ ۚ وَمَنْ أَوْفَىٰ بِعَهْدِهِ مِنَ اللَّهِ ۚ فَاسْتَبْشِرُوا بِبَيْعِكُمُ الَّذِي بَايَعْتُمْ بِهِ ۚ وَذَٰلِكَ هُوَ الْفَوْزُ الْعَظِيمُ",
            "112": "التَّائِبُونَ الْعَابِدُونَ الْحَامِدُونَ السَّائِحُونَ الرَّاكِعُونَ السَّاجِدُونَ الْآمِرُونَ بِالْمَعْرُوفِ وَالنَّاهُونَ عَنِ الْمُنْكَرِ وَالْحَافِظُونَ لِحُدُودِ اللَّهِ ۗ وَبَشِّرِ الْمُؤْمِنِينَ",
            "113": "مَا كَانَ لِلنَّبِيِّ وَالَّذِينَ آمَنُوا أَنْ يَسْتَغْفِرُوا لِلْمُشْرِكِينَ وَلَوْ كَانُوا أُولِي قُرْبَىٰ مِنْ بَعْدِ مَا تَبَيَّنَ لَهُمْ أَنَّهُمْ أَصْحَابُ الْجَحِيمِ",
            "114": "وَمَا كَانَ اسْتِغْفَارُ إِبْرَاهِيمَ لِأَبِيهِ إِلَّا عَنْ مَوْعِدَةٍ وَعَدَهَا إِيَّاهُ فَلَمَّا تَبَيَّنَ لَهُ أَنَّهُ عَدُوٌّ لِلَّهِ تَبَرَّأَ مِنْهُ ۚ إِنَّ إِبْرَاهِيمَ لَأَوَّاهٌ حَلِيمٌ",
            "115": "وَمَا كَانَ اللَّهُ لِيُضِلَّ قَوْمًا بَعْدَ إِذْ هَدَاهُمْ حَتَّىٰ يُبَيِّنَ لَهُمْ مَا يَتَّقُونَ ۚ إِنَّ اللَّهَ بِكُلِّ شَيْءٍ عَلِيمٌ",
            "116": "إِنَّ اللَّهَ لَهُ مُلْكُ السَّمَاوَاتِ وَالْأَرْضِ ۖ يُحْيِي وَيُمِيتُ ۚ وَمَا لَكُمْ مِنْ دُونِ اللَّهِ مِنْ وَلِيٍّ وَلَا نَصِيرٍ",
            "117": "لَقَدْ تَابَ اللَّهُ عَلَى النَّبِيِّ وَالْمُهَاجِرِينَ وَالْأَنْصَارِ الَّذِينَ اتَّبَعُوهُ فِي سَاعَةِ الْعُسْرَةِ مِنْ بَعْدِ مَا كَادَ يَزِيغُ قُلُوبُ فَرِيقٍ مِنْهُمْ ثُمَّ تَابَ عَلَيْهِمْ ۚ إِنَّهُ بِهِمْ رَءُوفٌ رَحِيمٌ",
            "118": "وَعَلَى الثَّلَاثَةِ الَّذِينَ خُلِّفُوا حَتَّىٰ إِذَا ضَاقَتْ عَلَيْهِمُ الْأَرْضُ بِمَا رَحُبَتْ وَضَاقَتْ عَلَيْهِمْ أَنْفُسُهُمْ وَظَنُّوا أَنْ لَا مَلْجَأَ مِنَ اللَّهِ إِلَّا إِلَيْهِ ثُمَّ تَابَ عَلَيْهِمْ لِيَتُوبُوا ۚ إِنَّ اللَّهَ هُوَ التَّوَّابُ الرَّحِيمُ",
            "119": "يَا أَيُّهَا الَّذِينَ آمَنُوا اتَّقُوا اللَّهَ وَكُونُوا مَعَ الصَّادِقِينَ",
            "120": "مَا كَانَ لِأَهْلِ الْمَدِينَةِ وَمَنْ حَوْلَهُمْ مِنَ الْأَعْرَابِ أَنْ يَتَخَلَّفُوا عَنْ رَسُولِ اللَّهِ وَلَا يَرْغَبُوا بِأَنْفُسِهِمْ عَنْ نَفْسِهِ ۚ ذَٰلِكَ بِأَنَّهُمْ لَا يُصِيبُهُمْ ظَمَأٌ وَلَا نَصَبٌ وَلَا مَخْمَصَةٌ فِي سَبِيلِ اللَّهِ وَلَا يَطَئُونَ مَوْطِئًا يَغِيظُ الْكُفَّارَ وَلَا يَنَالُونَ مِنْ عَدُوٍّ نَيْلًا إِلَّا كُتِبَ لَهُمْ بِهِ عَمَلٌ صَالِحٌ ۚ إِنَّ اللَّهَ لَا يُضِيعُ أَجْرَ الْمُحْسِنِينَ",
            "121": "وَلَا يُنْفِقُونَ نَفَقَةً صَغِيرَةً وَلَا كَبِيرَةً وَلَا يَقْطَعُونَ وَادِيًا إِلَّا كُتِبَ لَهُمْ لِيَجْزِيَهُمُ اللَّهُ أَحْسَنَ مَا كَانُوا يَعْمَلُونَ",
            "122": "وَمَا كَانَ الْمُؤْمِنُونَ لِيَنْفِرُوا كَافَّةً ۚ فَلَوْلَا نَفَرَ مِنْ كُلِّ فِرْقَةٍ مِنْهُمْ طَائِفَةٌ لِيَتَفَقَّهُوا فِي الدِّينِ وَلِيُنْذِرُوا قَوْمَهُمْ إِذَا رَجَعُوا إِلَيْهِمْ لَعَلَّهُمْ يَحْذَرُونَ",
            "123": "يَا أَيُّهَا الَّذِينَ آمَنُوا قَاتِلُوا الَّذِينَ يَلُونَكُمْ مِنَ الْكُفَّارِ وَلْيَجِدُوا فِيكُمْ غِلْظَةً ۚ وَاعْلَمُوا أَنَّ اللَّهَ مَعَ الْمُتَّقِينَ",
            "124": "وَإِذَا مَا أُنْزِلَتْ سُورَةٌ فَمِنْهُمْ مَنْ يَقُولُ أَيُّكُمْ زَادَتْهُ هَٰذِهِ إِيمَانًا ۚ فَأَمَّا الَّذِينَ آمَنُوا فَزَادَتْهُمْ إِيمَانًا وَهُمْ يَسْتَبْشِرُونَ",
            "125": "وَأَمَّا الَّذِينَ فِي قُلُوبِهِمْ مَرَضٌ فَزَادَتْهُمْ رِجْسًا إِلَىٰ رِجْسِهِمْ وَمَاتُوا وَهُمْ كَافِرُونَ",
            "126": "أَوَلَا يَرَوْنَ أَنَّهُمْ يُفْتَنُونَ فِي كُلِّ عَامٍ مَرَّةً أَوْ مَرَّتَيْنِ ثُمَّ لَا يَتُوبُونَ وَلَا هُمْ يَذَّكَّرُونَ",
            "127": "وَإِذَا مَا أُنْزِلَتْ سُورَةٌ نَظَرَ بَعْضُهُمْ إِلَىٰ بَعْضٍ هَلْ يَرَاكُمْ مِنْ أَحَدٍ ثُمَّ انْصَرَفُوا ۚ صَرَفَ اللَّهُ قُلُوبَهُمْ بِأَنَّهُمْ قَوْمٌ لَا يَفْقَهُونَ",
            "128": "لَقَدْ جَاءَكُمْ رَسُولٌ مِنْ أَنْفُسِكُمْ عَزِيزٌ عَلَيْهِ مَا عَنِتُّمْ حَرِيصٌ عَلَيْكُمْ بِالْمُؤْمِنِينَ رَءُوفٌ رَحِيمٌ",
            "129": "فَإِنْ تَوَلَّوْا فَقُلْ حَسْبِيَ اللَّهُ لَا إِلَٰهَ إِلَّا هُوَ ۖ عَلَيْهِ تَوَكَّلْتُ ۖ وَهُوَ رَبُّ الْعَرْشِ الْعَظِيمِ"
        },
        "farsi": {
            "1": " \n[این] اِعلامِ لغوِ پیمان از سوی خدا و رسولش به مشرکانی است که با آنان پیمان بسته اید، [ولی آنان خائنانه پیمان شکستند ]",
            "2": " پس [شما ای پیمان شکنان!] چهار ماهِ [حرام] را [با آزادی و امنیت] در زمین بگردید، و بدانید عاجزکنندۀ خدا نیستند [تا بتوانید از دسترس قدرتش بیرون روید]، یقیناً خداوند خوارکنندۀ کافران است ",
            "3": " لازم است از سوی خدا و رسولش به همۀ مشرکان در روز حجِ اکبر اِعلام شود که؛ قطعاً خدا و پیامبرش از مشرکان بیزارند، [و هیچ تعهدی در مورد آنان ندارند. ای مشرکان!] اگر [از پیمان شکنی و خیانت] توبه کنید [و از شرک به توحید بازگردید] برای شما بهتر است، و چنانچه [از دعوت خدا و پیامبر] سرپیچی کنید بدانید عاجزکنندۀ خدا نیستید [تا بتوانید از دسترس قدرتش بیرون روید]. و کافران را به عذاب دردناکی خبر ده !",
            "4": " مگر مشرکانی که با آنان پیمان بسته اید، سپس چیزی [از شرایط پیمان] را از شما نکاستند، و هیچ کس را بر ضد شما یاری ندادند؛ بنابراین به پیمانشان تا پایان مدتشان پایبند باشید! زیرا خداوند پرهیزکنندگان [از پیمان شکنی] را دوست دارد ",
            "5": " پس هنگامی که ماه های حرام به پایان رسید، مشرکان را هرکجا یافتید بکشید، و اسیر کنید، و به محاصره درآورید، و در هر کمین گاهی به کمین آنان بنشینید! چنانچه توبه کردند و نماز را [با شرایط ویژه اش] خواندند و زکات پرداختند آزادشان گذارید! زیرا خداوند بسیار آمرزنده و مهربان است ",
            "6": " اگر یکی از مشرکان از تو پناه خواست، پناهش بده تا سخن خدا را بشنود! آن گاه او را به جایگاه امنش برسان، این [فرمانِ پناه دهی] به سبب آن است که مشرکان مردمی جاهل [به حقایق]اند، [باشد که از برکت این پناه دهی و شنیدنِ سخن خدا از شرک به توحید بازگردند] ",
            "7": "\n \nچگونه برای مشرکانِ [پیمان شکن] نزد خداوند و رسولش تعهدی [در پای بندی به پیمان] باشد؟ جز کسانی که با آنان در کنار مسجدالحرام پیمان بسته اید، پس تا زمانی که با شما [بر سر پیمان] پایبند باشند شما هم [به پیمانتان] با آنان پایبند باشید! زیرا خداوند پرهیزکنندگان [از پیمان شکنی] را دوست دارد ",
            "8": " چگونه [می توان به پیمان آنان اعتماد کرد]؟ درصورتی که اگر بر شما چیره شوند نه [پیوندِ] خویشی را در حق شما رعایت می کنند، و نه پیمانی [دیگر] را، شما را با زبانشان خشنود می کنند، ولی دل هایشان [از خشنودکردنِ شما] امتناع دارد، بیشترشان منحرف و نافرمانند ",
            "9": " آیات خدا را با بهایی اندک فروختند، و [مردم را] از راه خدا بازداشتند، همانا بد است آنچه را همواره انجام می دادند ",
            "10": " در حق هیچ مؤمنی نه [پیوند] خویشی را رعایت می کنند، و نه پیمانی [دیگر] را، اینان متجاوزند ",
            "11": " چنانچه [از تجاوز و پیمان شکنی و دیگر گناهان] بازگردند و نماز را [با شرایط ویژه اش] بخوانند و زکات بپردازند برادران دینی شمایند، ما آیات خود را برای مردم دانا به صورت صریح و روشن بیان می کنیم",
            "12": " اگر پیمان هایشان را پس از تعهدشان شکستند و در دینتان زبان به ناسزاگویی گشودند، پس بر شماست که با پیشوایان کفر که هیچ تعهدی ندارند بجنگید تا [از پیمان شکنی و ناسزاگویی] بازایستند ",
            "13": " چرا با گروهی که پیمان هایشان را شکستند و عزمشان را بر اخراج پیامبر [از وطنش] جزم کردند، و نخستین بار از طرف آنان جنگ بر شما تحمیل شد نمی جنگید؟ آیا از آنان می ترسید؟ با این که اگر مؤمن هستید خداوند شایسته تر است که از او بترسید ",
            "14": "\n \nبا آنان بجنگید! تا خدا به دست شما عذابشان کند و رسوایشان سازد، و بر آنان پیروزتان گرداند، و سینۀ [جریحه دار و غمناک] مردمِ مؤمن را درمان بخشد ",
            "15": " و خشم دل هایشان را از بین ببرد. خداوند توبۀ هرکس را بخواهد می پذیرد، و خداوند دانا و حکیم است ",
            "16": " آیا گمان کرده اید که شما را [بدون امتحان] رها می کنند؟! درحالی که خداوند [هنوز] کسانی از شما را که جهاد کردند و جز خدا و رسولش و مؤمنان مَحرم اَسراری برنگزیده اند مشخص نکرده است، مسلّماً خداوند به آنچه انجام می دهید آگاه است ",
            "17": " مشرکان درحالی که آشکارا بر کافربودنشان گواهی می دهند شایستگی آبادکردنِ مساجد خدا را ندارند، اینان اعمالشان تباه و بی اثر است، و در آتش جاودانه اند ",
            "18": " آبادکردنِ مساجد شایستۀ کسانی است که به خدا و روز قیامت مؤمنند، و نماز را [با شرایط ویژه اش] خوانده، و زکات پرداخته، و از کسی جز خدا نترسیده اند، پس به راستی اینان از هدایت یافتگانند ",
            "19": " آیا آب دادن به حاجیان، و آبادکردنِ مسجدالحرام را [از نظر ارزش] مانند [عمل] کسی قرار داده اید که به خداوند و روز قیامت ایمان دارد، و در راه خدا جهاد کرده است؟ [ارزش این دو] نزد خداوند یکسان نیست؛ خداوند مردم ستمکار را هدایت نمی کند ",
            "20": " آنان که ایمان آوردند و هجرت کردند و با اموال و جان هایشان در راه خدا به جهاد برخاستند مقامشان در پیشگاه خداوند والاتر است، و اینان کامیابند ",
            "21": "\n \nپروردگارشان آنان را از نزد خود به رحمتی ویژه و خشنودی و بهشت هایی که در آن ها نعمت های فراوان و ابدی است مژده می دهد ",
            "22": " در آن جا همواره جاودانه اند، همانا خداست که پاداشی بزرگ نزد اوست ",
            "23": " ای مؤمنان! اگر پدران و برادرانتان کفر را بر ایمان ترجیح می دهند آنان را به دوستی و سرپرستی انتخاب نکنید! از شما کسانی که آنان را به دوستی و سرپرستی خود برگزینند ستمکارند ",
            "24": " بگو: اگر پدران، فرزندان، برادران، همسران و خویشانتان، و اموالی که به دست آورده اید، و تجارتی که از کسادی اش بیم دارید و خانه هایی که به آن دل خوش کرده اید نزد شما از خدا و پیامبرش و جهاد در راهش محبوب ترند، پس منتظر باشید تا خداوند عذاب [دنیا و آخرت] خود را بیاورد، خداوند گروه منحرف نافرمان را هدایت نمی کند ",
            "25": " همانا خداوند شما را در بسیاری از عرصه ها[ی جنگ] یاری داد، به ویژه روز [نبردِ] حُنین که فزونی افرادتان شما را مغرور و شگفت زده کرد، ولی فزونی افراد، چیزی [از خطر] را از شما برطرف نکرد، و زمین با همۀ فراخی اش بر شما تنگ شد، آن گاه پشت کُنان از عرصۀ نبرد گریختید ",
            "26": " سپس خداوند [نعمت] آرامش خود را بر پیامبرش و مؤمنان نازل کرد، و لشگریانی که آنان را نمی دیدید [برای یاری شما] فرستاد، و کافران را [به دست شما] به عذاب سختی مجازات کرد، این است کیفر کافران",
            "27": "\n \nآن گاه خداوند بعد از این [گناه فرار از جبهه]، توبۀ هرکس را بخواهد می پذیرد، خداوند بسیار آمرزنده و مهربان است ",
            "28": " ای مؤمنان! جز این نیست که مشرکان پلیدند، پس نباید بعد از امسال به مسجدالحرام نزدیک شوند، اگر [به سبب ممنوعیتِ رفت وآمدِ مشرکان به مسجدالحرام، و مختل شدنِ دادو ستد] از تنگدستی می ترسید، [این ترسی واهی است،] خداوند اگر بخواهد شما را به زودی از احسانش [به سبب تعطیلی خریدوفروش با آنان] بی نیاز می کند؛ زیرا خداوند دانا و حکیم است ",
            "29": " با اهل کتاب که [بر اساس قرآن] به خدا و روز قیامت مؤمن نمی شوند، و آنچه را خداوند و پیامبرش حرام کرده اند حرام نمی شمارند، و دین حق را نمی پذیرند بجنگید! تا با دست خود با نهایتِ فروتنی جزیه بپردازند ",
            "30": " یهودیان گفتند: عُزَیر پسر خداست. و مسیحیان گفتند: مسیح پسر خداست. این است گفتار [بی دلیل] آنان که بر زبانشان [جاری] است، [درحالی که] این شبیه به گفتار [بیهودۀ] کسانی است که پیش از این کافر بودند، خداوند مرگشان دهد! چگونه [از حق به باطل] منحرفشان می کنند؟!",
            "31": " [اهل کتاب] دانشمندان و راهبانشان را، و مسیح پسر مریم را در برابر خداوند، مالک و مدبّر خود انتخاب کردند [تا بی چون و چرا از آنان اطاعت کنند]، درحالی که مأمور بودند فقط معبود یگانه را که جز او هیچ معبودی نیست بپرستند، خداوند از آنچه شریک او قرار می دهند منزّه و پاک است ",
            "32": "\n \nهمواره می خواهند نور خدا را با سخنان [بی دلیل و تبلیغات بی اساس] خود خاموش کنند، ولی خداوند جز این که نور خود را کامل کند چیزی نمی خواهد؛ هرچند کافران خوش نداشته باشند ",
            "33": " او کسی است که پیامبرش را با هدایت و دین درست فرستاد تا آن را بر همۀ ادیان پیروز گرداند؛ هرچند مورد پسند مشرکان نباشد ",
            "34": " ای مؤمنان! همانا بسیاری از عالِمان یهود و راهبان، اموال مردم را به ناحق و از طریق نامشروع می خورند، و [آنان را با تبلیغات سوء] از راه خداوند بازمی دارند، و کسانی که طلا و نقره می اندوزند و آن را در راه خداوند هزینه نمی کنند به عذابی دردناک خبر ده !",
            "35": " روزی که در آتش دوزخ آن [طلاها و نقره ها] را حرارت شدید داده، و پیشانی و پهلو و پشت آنان را با آن [فلزات گداخته شده] داغ می کنند، [و نهیبشان می زنند که:] این [ثروتی] است که برای خود اندوختید، پس [کیفر] زراندوزی خویش را بچشید! ",
            "36": " مسلّماً شمارۀ ماه ها نزد خداوند از روزی که آسمان ها و زمین را آفریده در کتاب [علمِ] الهی دوازده ماه است، از آن ها چهار ماهش حرام است، این آیینی پابرجاست؛ بنابراین در این چهار ماه [با جنگ و خون ریزی] به خود ستم نکنید! ولی با همۀ مشرکان [درصورتی که حُرمت این چهار ماه را رعایت نکردند] بجنگید! همان گونه که آنان با همۀ شما می جنگند، و بدانید که خداوند با اهل طاعت و دوری کننده از محرّمات است ",
            "37": "\n \nبی تردید به تأخیرانداختن [ماه های حرام به دیگر ماه ها] فزونی در کفر است، [این بدعتی است که سردمدارانِ کفر،] کافرانِ [در مورد حُرمت ماه های حرام] گمراه می شوند، یک  سال ماه حرام را حلال می شمارند و در دیگر سال آن را حرام اِعلام می کنند تا با شمارۀ ماه هایی که خداوند حرام کرده مطابق سازند، [در نتیجه آنچه را خدا حرام کرده از پیشِ خود حلال می کنند،] زشتی کارهایشان در نظرشان آراسته [و درست] آمده، خداوند مردم کافر را هدایت نمی کند ",
            "38": " ای مؤمنان! شما را چه شده، هنگامی که به شما می گویند: شتابان [برای نبرد] در راه خدا کوچ کنید، میل به ماندن در شهر و دیار بر شما حاکم می شود؟ آیا به زندگی [زودگذر] دنیا به جای آخرت دلخوش شده اید؟ کالای زندگی دنیا در برابر آخرت جز کالایی اندک نیست ",
            "39": " اگر شتابان [به سوی جهاد] بیرون نروید خداوند به عذابی دردناک کیفرتان می دهد، و گروه دیگری را به جای شما می آورد، و شما [با نرفتن به جهاد] هیچ زیانی به خداوند نمی رسانید، خداوند بر هر کاری تواناست ",
            "40": " اگر پیامبر را یاری ندهید [بی یار نخواهد ماند؛ زیرا] خداوند او را زمانی که کافران از مکه بیرونش کردند درحالی که یکی از دو تَن بود [و یاوری نداشت] یاری داد، زمانی که هر دو در غار بودند، همان وقت که به همراهش گفت: اندوه به خود راه مده، خداوند با ماست! پس خدا [نعمت] آرامشِ خود را بر پیامبر نازل کرد و او را با لشگریانی که شما نمی دیدید نیرومند ساخت، و شعار کافران را پَست کرد، و شعار خداست که برترین و والاترین است، خداوند توانای شکست ناپذیر و حکیم است ",
            "41": "\n \n با تجهیزات سبُک و سنگین شتابان [به سوی میدان نبرد] حرکت کنید، و با اموال و جان هایتان در راه خدا به جهاد برخیزید! این برای شما بهتر است اگر دانا[ی به آثار سودمند جهاد] باشید ",
            "42": " چنانچه [برای مسلمانانِ راحت طلب] غنیمتی در دسترس قرار داشت و راه سفر آسان بود مسلّماً از پی تو می آمدند، ولی پیمودن راه طولانی پرمشقّت به نظرشان طاقت فرسا آمد، به زودی [پس از بازگشتِ پیروزمندانۀ شما] به خدا سوگند می خورند که: اگر قدرت داشتیم حتماً با شما بیرون می آمدیم. آنان خود را [با سوگند دروغشان] به هلاکت می اندازند، خداوند می داند که آنان بی تردید دروغگویند ",
            "43": " خدایت ببخشاید، چرا پیش از آن که [راستی] راست گویان برای تو مشخص شود و دروغ گویان را بشناسی به آنان اجازۀ [ترک جنگ] دادی؟",
            "44": " آنان که به خدا و قیامت مؤمن هستند از تو برای بازایستادن از جهاد با اموال و جان هایشان اجازه نمی گیرند، [بلکه مشتاقانه به جهاد می شتابند،] خداوند به پرهیزگاران داناست ",
            "45": " فقط کسانی از تو اجازۀ [ترک جهاد] می خواهند که به خدا و روز قیامت مؤمن نیستند، و دل هایشان [در انجام دستورهای حق] دچار تردید است، و پیوسته در تردیدشان سرگردانند ",
            "46": " اگر برای بیرون رفتن [به سوی جنگ] عزم جدی داشتند قطعاً برای آن تجهیزات آماده می کردند، ولی خداوند برانگیختنِ [اجباری] آنان را [به سوی جهاد] خوش نداشت، به این علت آنان را [از حرکت] بازداشت، و گفته شد: با کوتاهی کنندگانِ [از خدمت به اسلام، در خانه ها] بنشینید !",
            "47": " اگر [هم] با شما بیرون می آمدند جز فساد و تباهی به شما نمی افزودند، و شتابان بین شما نفوذ کرده، فتنه جویی می کردند، برای آنان بین شما جاسوسانی است [که به نفع آنان و به زیان شما خبرچینی می کنند]، و خداوند به [وضع حال] ستمکاران داناست ",
            "48": "\n \nهمانا پیش از این هم فتنه جویی می کردند، و کار ها [و حیله های خود] را برای تو وارونه جلوه می دادند [تا همۀ امورت مختل شود و اسلام از پیشرفت متوقف گردد،] تا آن که حق [که حمایت و یاری خداست به سویت] آمد و دین خدا پیروز شد درحالی که فتنه گران خوش نداشتند",
            "49": " برخی از منافقان [در شروع جنگ] می گویند: به ما اجازۀ [ترک جهاد] ده، و ما را دچار فتنه [مشکلات و مصائب جنگ] مکن! آگاه باش که آنان در فتنه [نفاق و امیال مادّی] سقوط کرده اند، و یقیناً دوزخ بر کافران احاطه دارد ",
            "50": " اگر پیروزی و غنیمتی به تو رسد غمگینشان می کند، و اگر شکست و زیانی به تو رسد می گویند: ما پیش از [شعله ورشدنِ آتش] جنگ جانب احتیاط را گرفته بودیم. نهایتاً با خوش حالی آمیخته به غرور باز می گردند ",
            "51": " بگو: هرگز به ما جز آنچه خداوند مقرر کرده نخواهد رسید، او سرپرست و یار ماست، مؤمنان فقط باید بر خدا توکل کنند ",
            "52": " بگو: آیا دربارۀ ما جز یکی از دو نیکی را [که پیروزی یا شهادت است] انتظار می برید؟ درحالی که ما دربارۀ شما انتظار می بریم که خداوند از سوی خود یا به دست ما عذابی [سخت] به شما برساند، پس انتظار برید که ما هم با شما منتظریم ",
            "53": " [به آنان] بگو: چه از روی رغبت، چه از روی بی میلی انفاق کنید هرگز از شما نمی پذیرند؛ همانا شما همواره مردمی منحرف و نافرمان هستید ",
            "54": " چیزی مانع پذیرفته شدن انفاق هایشان نشد جز این که به خدا و رسول او کافرند، و نماز را جز از روی کسالت و بی حالی به جا نمی آورند، و جز از روی بی رغبتی انفاق نمی کنند ",
            "55": "\n \nاموال و فرزندانشان شگفت زده ات نکند! خداوند می خواهد آنان را در دنیا به سبب [دل مشغولی شدیدشان به] اموال و اولاد عذاب کند، و درحالی که کافرند جانشان درآید",
            "56": " به خداوند سوگند می خورند که از شمایند درحالی که از شما نیستند، بلکه اینان گروهی [هستند که به علت تهی بودنِ درونشان از ایمان،] وحشت زده و ترسویند ",
            "57": " اگر [برای فرار از جنگ و تن ندادن به فرمان های خدا و پیامبر،] مأمنی یا غارهایی یا پناهگاهی می یافتند [چون اسب چموش] شتابان به سویش می تاختند!",
            "58": " برخی از منافقان دربارۀ [تقسیم] انواع زکات بر تو عیب می گیرند، اگر از زکاتها به آنان بپردازند خشنود می شوند و اگر نپردازند ناگهان به خشم می آیند ",
            "59": " اگر به آنچه خدا و رسولش به آنان عطا کرده اند خشنود می شدند [برای آنان بهتر بود،] و [به همه] می گفتند: خداوند ما را بس است، و [ما یقین داریم که] خدا و پیامبرش به زودی از احسان خود به ما می بخشند، [و] ما فقط به سوی خداوند رغبت داریم",
            "60": " زکات اموال فقط به این موارد اختصاص دارد: نیازمندان، بیچارگان، کارگزارانِ آن، کسانی که [با گرفتنش] دل هایشان [به اسلام و مسلمانان] الفت می پذیرد، [آزادی] بردگان، [پرداخت دیون] بدهکاران، و [انجام هر کار خیری] در راه خدا و در راه ماندۀ بی زادو توشه، [زکات] فریضه ای [مهم] از سوی خداست، و خداوند دانا و حکیم است ",
            "61": " برخی از منافقان همواره پیامبر را آزار می دهند و می گویند: او [در برابر همه سراپا] گوش است، [و هر سخنی را باور می کند!] بگو: [او] در جهت [مصلحت] شما گوشِ خوبی است، به [کلام] خداوند و مؤمنانِ [واقعی] اعتماد دارد، و برای کسانی از شما که ایمان آورده اند رحمت است، و آنان که همواره رسول خدا را آزار می دهند برایشان عذاب دردناکی است ",
            "62": "\n \nآنان برای شما [به دلیل معذور نشان دادنِ خود به سبب خلاف کاری هایشان] به خداوند سوگند می خورند تا شما را خشنود سازند، درصورتی که اگر مؤمن بودند شایسته تر این است که خدا و رسولش را خشنود کنند ",
            "63": " آیا ندانسته اند که هرکس با خدا و رسولش دشمنی کند قطعاً آتش دوزخ برای اوست و در آن جاودانه است؟ این است رسوایی بزرگ! ",
            "64": " منافقان از این می ترسند که سوره ای بر ضدشان نازل شود که آنان را از آنچه [از حالات شیطانی و نیت های شومی] که در دل هایشان دارند خبر دهد، بگو: مسخره کنید! خداوند آنچه را [از آن] می ترسید آشکار خواهد کرد ",
            "65": " اگر از آنان بپرسی [چرا آیات قرآن و نبوت را به مسخره گرفتید؟] مسلّماً می گویند: ما فقط به شوخی و بازی مطلبی را می گفتیم، بگو: آیا [شما نیستید که] خدا و آیات او و رسولش را مسخره می کردید؟!",
            "66": " [بگو: برای گفتار و اعمال خائنانۀ خود] عذرخواهی نکنید! [این روش شما نشان می دهد که] حتماً پس از ایمانتان کافر شدید، اگر از گروهی از شما [که به نفاقشان ادامه ندادند] گذشت کنیم گروه دیگر را [که دست از نفاقشان برنداشتند] بدان جهت که همواره گنه پیشه بودند به شدت عذاب می کنیم ",
            "67": " مردان و زنان منافق همه با هم و از یکدیگرند، [برای ترویج زشتی ها] امر به منکر می کنند، و [برای محقق نشدن نیکی ها] از کارهای پسندیده بازمی دارند، از هزینه کردنِ [مال در امور خیر] امتناع دارند، خدا را واگذاشتند، خدا هم آنان را [افسارگسیخته] واگذاشت، همانا منافقان منحرف و نافرمانند ",
            "68": " خداوند آتش دوزخ را به مردان و زنان منافق و کافران وعدۀ قطعی داده که در آن جاودانه اند، همان برای آنان بس است، خداوند آنان را [از رحمتش] طرد کرده، و برای آنان عذابی پایدار است ",
            "69": "\n \n[شما منافقان در گفتار و کردار خائنانه خود] مانند پیشینیان خود [هستید]، آنان از شما نیرومندتر و اموال و اولادشان بیشتر بود، نهایتا از سهم [مادّی] خود [در دنیا] بهره بردند، شما هم همان گونه که آنان بهره بردند از سهم خود بهره مند شدید، و [در مادّیات و لجنزار شهوات] فرورفتید به گونه ای که آنان فرورفتند، آنان اعمالشان در دنیا و آخرت تباه و بی اثر شد، و آنانند که نابودکنندگان [همۀ سرمایه های وجودی خود] هستند",
            "70": " آیا خبر گذشتگانشان به اینان نرسیده [تا عبرت گیرند]؟ قوم نوح، عاد، ثمود، قوم ابراهیم، اصحاب مَدین و شهرهای زیر و رو شدۀ [قوم لوط] که پیامبرانشان برای آنان دلایل روشن آوردند [ولی نپذیرفتند]، خداوند بر آن نبود که به آنان ستم کند، ولی آنان بودند که همواره به خود ستم می ورزیدند ",
            "71": " مردان و زنان باایمان دوست و یار یکدیگرند، [مردم را برای ترویج نیکی ها] به کارهای شایسته فرمان می دهند، و [برای برچیده شدنِ فساد و فتنه] از کارهای زشت بازمی دارند، نماز را [با شرایط ویژه اش] می خوانند و زکات می پردازند و مطیع خدا و رسولش هستند، یقیناً خداوند آنان را مورد رحمت قرار می دهد؛ زیرا خدا توانای شکست ناپذیر و حکیم است ",
            "72": " خداوند به مردان و زنان باایمان بهشت هایی را وعدۀ قطعی داده که از زیر [درختان] آن نهرها جاری است درحالی که در آن جاودانه اند، و [برای آنان] در بهشت های جاویدان مسکن های دلپذیر[ی است]، و نیز رضایتی ویژه از سوی خداوند که [از همۀ آن نعمت ها] برتر است، این همان کامیابی بزرگ است !",
            "73": "\n \nای پیامبر! با کافران و منافقان جهاد کن! و با آنان [که لیاقت ترحّم ندارند] با خشونت رفتار کن! جایگاهشان دوزخ است، و [دوزخ] عاقبت بدی است !",
            "74": " [منافقان] همواره سوگند می خورند که [بر ضد پیامبر سخنان ناروا] نگفته اند درصورتی که سخنان کفرآمیز گفته اند، و بعد از اسلامشان کافر شدند و تصمیم خطرناکی [بر ضد پیامبر] گرفتند که به آن دست نیافتند، و زبان به عیب جویی بر پیامبر نگشودند مگر پس از آن که خداوند و پیامبرش آنان را از احسان خود توانگر ساختند، [اما به شدت نمک به حرامی کردند!] پس اگر توبه کنند برای آنان بهتر است، و اگر [از خدا و رسولش] رویگردان شوند خداوند آنان را در دنیا و آخرت به عذاب دردناکی مجازات خواهد کرد، و آنان را در زمین هیچ دوست و یاوری [که از عذابِ نابودکننده نجاتشان دهد] نخواهد بود ",
            "75": " بعضی از منافقان با خداوند پیمان بستند که اگر از احسانش به ما عطا کند قطعاً زکات خواهیم داد، و یقیناً از نیکوکاران خواهیم شد ",
            "76": " چون خداوند از احسانش به آنان عطا کرد از پرداخت زکات بخل ورزیدند و [از پیمانشان] برگشته، [از وفای به آن] روی گرداندند ",
            "77": " پس به سبب این که به وعده هایشان با خداوند وفا نکردند، و همواره دروغ می گفتند نفاقی ریشه دار و مزمن در دل هایشان جای داد تا روزی که به لقای خدا برسند",
            "78": " آیا ندانستند که خداوند اَسرار و گفته های محرمانۀ آنان را می داند؟ یقیناً خداوند دانای به همۀ نهان هاست ",
            "79": " آنان که از مؤمنانِ توانگر که با رغبت زکات می پردازند عیب جویی می کنند، و کسانی را که جز به اندازۀ توانشان چیزی [برای زکات دادن] نمی یابند به مسخره می گیرند، خدا کیفر مسخره کردنشان را می دهد، و عذاب دردناکی خواهند داشت ",
            "80": "\n \nبرای آنان چه آمرزش بخواهی چه نخواهی، [حتی] اگر هفتاد بار برای آنان آمرزش بخواهی هرگز خداوند آنان را نمی آمرزد؛ زیرا این گروه به خدا و پیامبرش کافر شدند، و خداوند منحرفان نافرمان را هدایت نمی کند ",
            "81": " رویگردانان [از جنگ] به سبب خانه نشینی خود که بر خلاف رسول خدا بود خوش حال شدند، خوش نداشتند که با اموال و جان هایشان در راه خدا جهاد کنند، و [به دیگران که مشتاقانه آمادۀ رفتن بودند] گفتند: در [این] گرما[ی سختِ تابستان] کوچ نکنید! بگو: اگر می فهمیدند آتش جهنم از نظر گرما بسیار شدیدتر است ",
            "82": " پس به کیفر تخلّفاتی که همواره [از دستورهای خدا و پیامبر] مرتکب شدند باید کمتر بخندند و بسیار بگریند!",
            "83": " چون خداوند تو را [از عرصۀ نبرد] به سوی گروهی از آنان [به مدینه] بازگردانید، و آنان برای بیرون آمدن [به سوی جنگی دیگر] از تو اجازه خواستند، [با توجه به روحیۀ تخلّفشان و دلِ پُرنفاقشان به آنان] بگو: هرگز با من بیرون نمی آیید، و با هیچ دشمنی نمی جنگید؛ زیرا شما نخستین بار به نشستن در خانه، [و ماندن در مدینه] خوش حال شدید، اکنون هم با معاف شدگان [از جنگ] در خانه بنشینید ",
            "84": " هیچ گاه بر مُردۀ اَحدی از آنان نماز [میت] نخوان، و بر گورش [برای دعا] نایست! زیرا آنان به خدا و رسولش کافر شدند، و درحالی که منحرف و نافرمان بودند به کام مرگ افتادند ",
            "85": " اموال و فرزندانشان شگفت زده ات نکند، خداوند می خواهد آنان را در دنیا [به سبب دل مشغولی شدیدشان] به اموال و اولاد عذاب کند، و درحالی که کافرند جانشان درآید ",
            "86": " چون سوره ای نازل شود [و در آن از آنان خواسته شود] که به خداوند مؤمن شوید و همراه پیامبرش به جهاد بروید، توان مندانِ [منافق کیش] از تو اجازه می خواهند [که در جنگ شرکت نکنند] و می گویند: بگذار ما با خانه نشینانِ [معذورِ از جهاد] باشیم ",
            "87": "\n \nراضی شده اند با خانه نشینانِ [معاف از جهاد] باشند! بر دل هایشان مُهرِ [عدم فهم حقایق] زده شده، بدین سبب [منافع دنیایی و آخرتی جهاد را] نمی فهمند ",
            "88": " ولی پیامبر و کسانی که با او ایمان آورده اند با اموال و جان هایشان جهاد کردند، اینانند که همۀ خیرات [دنیا و آخرت] برای آنان است، و اینانند که [بر همۀ موانع راه سعادت] پیروزند ",
            "89": " خداوند برای آنان بهشت هایی آماده کرده که از زیر [درختان] آن نهرها جاری است، در آن جا جاودانه اند، این است کامیابی بزرگ! ",
            "90": " عذرتراشان بادیه نشین [نزد تو] آمدند تا به آنان اجازۀ [ترک جنگ] داده شود، و کسانی که [معذوریتِ خود را] به خدا و رسولش دروغ گفتند در خانه نشستند، به زودی به کسانی از آنان که کافرند عذاب دردناکی خواهد رسید ",
            "91": " بر ناتوانان و بیماران و آنان که چیزی برای هزینه کردن [در راه جهاد] نمی یابند درصورتی که [در پشت جبهه با گفتار و اعمالشان] خیرخواه خدا و رسولش باشند باکی نیست [که به میدان جنگ نیایند]، [آری] بر نیکوکارانِ [معذور] هیچ راهِ [مؤاخذه ای] نیست، خداوند بسیار آمرزنده و مهربان است ،",
            "92": " و نیز بر کسانی که چون نزد تو آمدند تا به آنان مَرکبی دهی، گفتی: مَرکبی ندارم [تا شما را به جهاد ببرم]. باکی نیست [که به جهاد نیایند]، آنان [از نزد تو] بازگشتند درحالی که به سبب اندوه شدید از دیدگانشان اشک می ریخت که چرا چیزی نمی یابند تا [در راه جهاد] هزینه کنند",
            "93": " راه [مؤاخذه] فقط به روی کسانی باز است که در عین توانگری، [برای نرفتن به جهاد] از تو اجازه می خواهند، آنان راضی شدند که با معاف شدگان [از جنگ] در خانه بنشینند، خدا بر دل هایشان مُهرِ [عدم فهم حقایق] زده، بدین سبب [به منافع دنیایی و آخرتی جهاد] آگاه نیستند ",
            "94": "\n \nچون به سوی آنان بازگردید از شما [به سبب ترک جهاد] عذرخواهی می کنند، بگو: عذرخواهی نکنید! ما هرگز شما [را در معذوربودنتان] باور نداریم، خداوند ما را از اخبار [خیانت های] شما آگاه ساخت، به یقین خدا و رسولش اعمال شما را می بینند، سپس شما [پس از پایان مهلتی که در دنیا دارید] به سوی دانای نهان و آشکار بازگردانده می شوید، و پروردگار شما را به خیانت هایی که همواره مرتکب می شدید آگاه خواهد کرد ",
            "95": " زمانی که به سویشان بازگردید برای شما [جهت معذور نشان دادن خود] قاطعانه سوگند یاد می کنند تا از آنان چشم پوشی کنید، ولی از آنان روی برگردانید! زیرا آن ها پلیدند و جایگاهشان به کیفر خیانت هایی که همواره مرتکب می شدند دوزخ است ",
            "96": " سوگندی که برای شما می خورند برای این است که از آنان راضی شوید، اگر شما از آنان راضی شوید مسلّماً خداوند از مردمِ منحرف نافرمان راضی نمی شود ",
            "97": " بادیه نشینان [عرب] [به سبب دوری از دانش و فرهنگ و صفات انسانی،] کفر و نفاقشان شدیدتر، و به جاهل بودن به حدودِ احکام و معارفی که خداوند بر رسولش نازل کرده سزاوارترند، خداوند دانا و حکیم است ",
            "98": " گروهی از بادیه نشینان آنچه را انفاق می کنند خسارت مالی و باج دهی به حساب می آورند، و برای شما پیش آمدهای بدی را انتظار می کشند، پیش آمدهای بد بر خودشان باد! خداوند شنوا و داناست ",
            "99": " گروهی از بادیه نشینان به خدا و روز قیامت ایمان دارند و آنچه را [در راه خدا] هزینه می کنند مایۀ قُرب به خدا و دعاهای پیامبر می دانند، آگاه باشید! هزینه کردنشان برای آنان وسیلۀ تقرّب است، به زودی خداوند آنان را در رحمتش درآورَد؛ زیرا خداوند بسیار آمرزنده و مهربان است ",
            "100": "\n \nخداوند از همۀ پیشگامان نخستین، از مهاجران و انصار و کسانی که به نیکی و درستی از آنان پیروی کردند خشنود است، و آنان هم از خداوند خشنودند، برای ایشان بهشت هایی آماده کرده که [از] زیر [درختان] آن نهرها جاری است، در آن جا همواره جاودانه اند، این است کامیابی بزرگ !",
            "101": " گروهی از بادیه نشینانی که پیرامونتان هستند منافقند، و نیز گروهی از اهل مدینه به شدت با نفاق خو گرفته اند، تو آنان را نمی شناسی، ما آنان را می شناسیم، به زودی آنان را دو بار عذاب می کنیم، [یکبار در دنیا و دیگر بار در برزخ،] سپس آنان را به سوی عذابی بزرگ بازمی گردانند ",
            "102": " دیگرانی نیز هستند که به گناهانشان [در پیشگاه حق] اعتراف کردند، [و] اعمال خوب را با بد درآمیختند، امید است خداوند توبۀ آنان را بپذیرد؛ زیرا خداوند بسیار آمرزنده و مهربان است ",
            "103": " از اموالشان زکات دریافت کن! تا بدین وسیله آنان را [از آلودگی بخل] پاک کنی، و [نفوس] آنان را رشد و تکامل بخشی، [به هنگام دریافت زکات،] آنان را دعا کن که دعای تو مایۀ آرامش آنان است، و خداوند شنوا و داناست ",
            "104": " آیا ندانسته اند که فقط خداست که از بندگانش توبه را می پذیرد، و زکات [اموال] را می ستاند، یقیناً خداست که بسیار توبه پذیر و مهربان است ",
            "105": " بگو: عمل کنید! مسلّماً خدا و پیامبرش، و مؤمنان [که امامان معصوم هستند] اعمال شما را می بینند، و به زودی به سوی دانای نهان و آشکار بازگردانده می شوید، و او به آنچه همواره انجام می دادید آگاهتان می کند ",
            "106": " و گروهی دیگر کارشان متوقف به مشیت خداست، یا آنان را عذاب می کند، یا توبۀ آنان را می پذیرد، خداوند دانا و حکیم است ",
            "107": "\n \nو گروهی [از منافقان] مسجدی ساختند برای ضربه زدن به اسلام، و برای [تقویت و ترویج] کفر، و تفرقه افکنی بین مؤمنان، و کمین گاهی برای کسی که پیش از این با خدا و رسولش به جنگ برخاسته بود ، سوگندِ سخت می خورند که ما [با ساختنِ آن] جز نیکی [و خدمت] قصدی نداشتیم، ولی خداوند گواهی می دهد که اینان بی تردید [در همۀ ادعاهایشان] دروغگویند ",
            "108": " هرگز در آن مسجد [برای عبادت] نایست! قطعاً مسجدی که از نخستین روز بر پایۀ تقوا بنا شده شایسته تر است که در آن [به عبادت] بایستی، در آن مردانی هستند که خواهان پاکی [جسم و جان و اندیشه ]اند، و خداوند پاکی خواهان را دوست دارد ",
            "109": " آیا کسی که بنای [کار]ش را بر پایۀ مستحکمِ تقوا و رضای الهی نهاده بهتر است، یا کسی که بنای [کار]ش را بر لب سراشیبی تُند نهاده که [زیرش] سست و فروریختنی است، و بنا و بناکننده اش در دوزخ سقوط کرده؟ خداوند مردم ستمکار را هدایت نمی کند ",
            "110": " همواره ساختمانی که بناکرده اند در دل هایشان مایۀ شک و تردید است، تا زمانی که دل هایشان [به سبب مرگ] پاره پاره شود، خداوند دانا و حکیم است ",
            "111": " مسلّماً خداوند از مؤمنان جان ها و اموالشان را به بهای این که بهشت برای آنان باشد خریده، [مؤمنانی که] همواره در راه خدا نبرد می کنند، [دشمن را] می کشند و [خود] کشته می شوند، خداوند برعهدۀ خود در تورات و انجیل و قرآن به آنان وعدۀ بهشت داده؛ وعده ای ثابت و درست، چه کسی به عهدش از خدا وفادارتر است؟ پس [ای مؤمنان!] به [این] دادوستدی که با خداوند داشته اید خوش حال باشید، این است کامیابی بزرگ! ",
            "112": "\n \n[مؤمنان همان] توبه کنندگان، عبادت کنندگان، ستایش گران، روزه داران، رکوع کنندگان، سجده کنندگان، آمرانِ به معروف، ناهیانِ از منکر و پاسدارانِ حدودِ خداوند[ند]، و مؤمنان را [به مغفرت و رحمت و بهشت و رضوان] مژده ده !",
            "113": " شایستۀ پیامبر و مؤمنان نیست که برای مشرکان پس از آن که معلوم [و مسلّم شد] اهل دوزخند درخواست آمرزش کنند؛ هرچند از خویشان باشند ",
            "114": " آمرزش خواهی ابراهیم برای پدر[خوانده ا]ش جز به سبب وعده ای که به او داده بود صورت نگرفت، ولی هنگامی که برای او معلوم [و مسلّم] شد که وی دشمن خداست از او بیزاری جست، بی تردید ابراهیم بسیار مهربان و بردبار بود ",
            "115": " خداوند بر آن نیست که قومی را پس از آن که هدایت کرد گمراه سازد، مگر بعد از بیان اموری که باید از آن بپرهیزند [و آنان سرپیچی کنند]، یقیناً خداوند به همه چیز داناست ",
            "116": " یقیناً خداست که مالکیت و فرمانروایی آسمان ها و زمین در سیطرۀ اوست، زنده می کند و می میراند، و شما را جز خدا هیچ سرپرست و یاوری نیست ",
            "117": " بی تردید خداوند رحمت ویژه اش را بر پیامبر و مهاجران و انصار که در زمان [کمبود تدارکات و] سختی [مسیر جنگِ تَبوک] از او پیروی کردند ارزانی داشت، پس از آن که نزدیک بود دل های گروهی از آنان [از ادامۀ حرکت به سوی جنگ] منحرف شود [و به مدینه بازگردند]، آن گاه [خداوند] توبۀ آنان را [از گناهِ تصمیم به بازگشت] پذیرفت؛ زیرا خداوند به آنان بسیار مهرورز و مهربان است ",
            "118": "\n \nو [نیز توفیق توبه را] به آن سه نفری که [منافقان با وسوسه و فریب، از جنگ] بازشان داشتند [ارزانی داشت]، [اینان کارشان پس از بازگشتِ مؤمنان و قطع رابطه با آنان به جایی رسید] که زمین با همۀ فراخی اش بر آنان تنگ شد، و [از شدت اندوه و مشکلِ تنهایی،] درونشان در مضیقه [و عذابِ وجدان] قرار گرفت، و یقین کردند که هیچ پناهگاهی از خدا جز به سوی او نیست، پس خداوند با رحمتش به آنان توجه کرد تا به عرصۀ توبه راه یابند، [و نهایتاً توبۀ قابل پذیرش نصیبشان شد؛ زیرا] خداوند بسیار توبه پذیر و مهربان است ",
            "119": " ای اهل ایمان! از خداوند [اطاعت کرده، و از محرّماتش] بپرهیزید، و با صادقان [که انبیاء و اهل بیت علیهم السلام و اولیای خاصِ خدایند] همراه باشید !",
            "120": " شایسته نیست که اهل مدینه و بادیه نشینانِ پیرامون آن از رسول خدا تخلّف کنند، و [سزاوار نیست که] به سبب [دل مشغولی به] خود، از [حفظ جان] او [در برابر حوادث] دریغ ورزند؛ زیرا در راه خدا هیچ تشنگی و رنج و گرسنگی به آنان نمی رسد، و در هیچ مکانی که کافران را به خشم می اندازد وارد نمی شوند، و از هیچ دشمنی کشته و اسیر نمی گیرند مگر آن که به پاداش [هرکدام از] آن ها عمل صالحی برای آنان [در پروندۀ اعمالشان] ثبت می شود، یقیناً خداوند پاداش نیکوکاران را تباه نمی کند ",
            "121": " و هیچ مالِ اندک و یا فراوانی را [در راه حق] هزینه نمی کنند، و هیچ سرزمینی را [برای نبرد با دشمن یا انجام کاری پسندیده] نمی پیمایند مگر آن که برای آنان [در پروندۀ اعمالشان] نوشته می شود، تا خداوند [با معیار قراردادنِ] بهترین عملی که همواره انجام می دادند پاداششان دهد ",
            "122": " شایسته نیست همۀ مؤمنان [به سوی نبرد با دشمن] کوچ کنند، [مباد آن که دیگر امور متوقف شود،] چرا از هر جمعیتی گروهی [به سوی پیامبر و امامان و عالِمان ربّانی وارسته] کوچ نمی کنند تا دین و احکام و معارفش را بشناسند، و قوم خود را هنگامی که به سوی آنان بازمی گردند هشدار دهند تا [از مخالفت با خدا و پیامبر و فرجامِ شوم گناه] بپرهیزند ",
            "123": "\n \nای مؤمنان! با کافرانی که همجوار شما هستند بجنگید! آنان باید در شما سرسختی و صلابت احساس کنند. بدانید که خداوند با تقواپیشگان است ",
            "124": " هنگامی که سوره ای نازل شود برخی از منافقان [به مؤمنان] می گویند: این [سوره]، ایمانِ کدامیک از شما را افزود؟ ولی این سوره بر ایمان مؤمنان می افزاید، و [بدین سبب] احساس شادمانی می کنند ",
            "125": " اما کسانی که در دل هایشان بیماری [شدید نفاق] است پلیدی بر پلیدی هایشان می افزاید، و درحالی که کافرند به کام مرگ می افتند ",
            "126": " آیا نمی بینند که در هر سال یکبار یا دوبار [با جهاد و پیش آمدهای دیگر] آزمایش می شوند؟ سپس نه [از رویگردانی از تکالیف] توبه می کنند، و نه [از آثار حوادث] پند می گیرند ",
            "127": " چون سوره ای نازل شود برخی از منافقان به برخی دیگر نگاهِ [مرموزانه] می کنند، [و به سبب نگرانی از برملاشدنِ نفاقشان که به طور عام در سورۀ نازل شده مطرح است می گویند:] آیا کسی [از مؤمنان، خروج مخفیانۀ] شما را [از جمع] می بیند؟ سپس [از نزد پیامبر] بازمی گردند، خداوند دل هایشان را [از حق] منحرف می کند؛ زیرا آنان گروهی هستند که [حقایق را] نمی فهمند ",
            "128": " یقیناً پیامبری از جنس خودتان به سویتان آمد که آنچه از رنج ها و ناملایمات به شما می رسد بر او سخت است، اشتیاق شدیدی به [هدایت] شما دارد، و به مؤمنان بسیار مهرورز و مهربان است ",
            "129": " پس اگر منافقان [از حق] روی گرداندند، بگو: خداوند مرا [در همۀ امور] بس است، هیچ معبودی جز او نیست، فقط بر او توکل کردم، و او پروردگار عرش بزرگ است "
        }
    }
}