{
    "2": {
        "number": 2,
        "title": "سورة البلد",
        "bab": 4,
        "delay": 7,
        "arabic": {
        "8": " لَا أُقْسِمُ بِهَٰذَا الْبَلَدِ",
            "9": "وَأَنْتَ حِلٌّ بِهَٰذَا الْبَلَدِ",
            "10": "وَوَالِدٍ وَمَا وَلَدَ",
            "11": "لَقَدْ خَلَقْنَا الْإِنْسَانَ فِي كَبَدٍ",
            "12": "أَيَحْسَبُ أَنْ لَنْ يَقْدِرَ عَلَيْهِ أَحَدٌ",
            "13": "يَقُولُ أَهْلَكْتُ مَالًا لُبَدًا",
            "14": "أَيَحْسَبُ أَنْ لَمْ يَرَهُ أَحَدٌ",
            "15": "أَلَمْ نَجْعَلْ لَهُ عَيْنَيْنِ",
            "16": "وَلِسَانًا وَشَفَتَيْنِ",
            "17": "وَهَدَيْنَاهُ النَّجْدَيْنِ",
            "18": "فَلَا اقْتَحَمَ الْعَقَبَةَ",
            "19": "وَمَا أَدْرَاكَ مَا الْعَقَبَةُ",
            "20": "فَكُّ رَقَبَةٍ",
            "21": "أَوْ إِطْعَامٌ فِي يَوْمٍ ذِي مَسْغَبَةٍ",
            "22": "يَتِيمًا ذَا مَقْرَبَةٍ",
            "23": "أَوْ مِسْكِينًا ذَا مَتْرَبَةٍ",
            "24": "ثُمَّ كَانَ مِنَ الَّذِينَ آمَنُوا وَتَوَاصَوْا بِالصَّبْرِ وَتَوَاصَوْا بِالْمَرْحَمَةِ",
            "25": "أُولَٰئِكَ أَصْحَابُ الْمَيْمَنَةِ",
            "26": "وَالَّذِينَ كَفَرُوا بِآيَاتِنَا هُمْ أَصْحَابُ الْمَشْأَمَةِ",
            "27": "عَلَيْهِمْ نَارٌ مُؤْصَدَةٌ"
        },
        "farsi": {
            "8": "\nسوگند به این شهر مکه!",
            "9": "درحالی که تو در آن سکونت داری ",
            "10": " و سوگند به پدری ارجمند [چون ابراهیم،] و فرزندی که پدید آورده است [چون اسماعیل]!",
            "11": " همانا ما انسان را فرورفته در رنج و سختی آفریدیم",
            "12": " آیا می پندارد که هرگز کسی بر او دست نیابد؟",
            "13": "[از روی گردنکشی و فخرفروشی] می گوید: ثروت فراوانی را [در کارهای بزرگی] هزینه کرده ام",
            "14": " آیا [در این هزینه کردنِ مال] پندارش این است که اَحدی او را ندیده است [که آنچه را انجام داده ثبت کند]؟",
            "15": " آیا برای او دو چشم قرار ندادیم؟",
            "16": " و یک زبان و دو لب",
            "17": " و او را به دو راه [خیر و شرّ] هدایت نکردیم [تا خیر را برگزیده، و از شرّ دوری جوید]؟",
            "18": " پس او در آن گردنه وارد نشد",
            "19": "و تو چه می دانی که آن گردنه چیست؟",
            "20": " آزادکردنِ برده",
            "21": " یا طعام دادن در روز گرسنگی و قحطی",
            "22": " به یتیمی خویشاوند",
            "23": " یا بیچاره ای خاک نشین",
            "24": " [گذشته از این تکالیف،] از کسانی باشند که ایمان آورده ، و یکدیگر را به صبر و مهربانی توصیه کرده اند",
            "25": " اینان [که دارندگانِ همۀ این ویژگی ها هستند] سعادتمندانِ دنیا و آخرتند",
            "26": " و کسانی که آیات ما را انکار کردند شقاوتمندانِ [دو سرا] هستند",
            "27": " که آتشی دربسته بر آنان احاطه دارد [؛ آتشی که هیچ راه گریزی از آن ندارند]"
        }
    }
}