{
    "91": {
        "number": 91,"bab": 4,
        "title": "سوره شمس", "delay": 0,
        "arabic": {
            "1": "وَالشَّمْسِ وَضُحَاهَا",
            "2": "وَالْقَمَرِ إِذَا تَلَاهَا",
            "3": "وَالنَّهَارِ إِذَا جَلَّاهَا",
            "4": "وَاللَّيْلِ إِذَا يَغْشَاهَا",
            "5": "وَالسَّمَاءِ وَمَا بَنَاهَا",
            "6": "وَالْأَرْضِ وَمَا طَحَاهَا",
            "7": "وَنَفْسٍ وَمَا سَوَّاهَا",
            "8": "فَأَلْهَمَهَا فُجُورَهَا وَتَقْوَاهَا",
            "9": "قَدْ أَفْلَحَ مَنْ زَكَّاهَا",
            "10": "وَقَدْ خَابَ مَنْ دَسَّاهَا",
            "11": "كَذَّبَتْ ثَمُودُ بِطَغْوَاهَا",
            "12": "إِذِ انْبَعَثَ أَشْقَاهَا",
            "13": "فَقَالَ لَهُمْ رَسُولُ اللَّهِ نَاقَةَ اللَّهِ وَسُقْيَاهَا",
            "14": "فَكَذَّبُوهُ فَعَقَرُوهَا فَدَمْدَمَ عَلَيْهِمْ رَبُّهُمْ بِذَنْبِهِمْ فَسَوَّاهَا",
            "15": "وَلَا يَخَافُ عُقْبَاهَا"
            
        },
        "farsi": {
            "1": "سوگند به خورشید، و نورش! چون بتابد",
            "2": " و به ماه! چون به دنبالش برآید",
            "3": " و به روز! چون زمین را جلوه گر می کند",
            "4": " و به شب! وقتی که تاریکی اش زمین را می پوشاند",
            "5": " و به آسمان و کسی که آن را بنا کرد!",
            "6": "و به زمین، و کسی که آن را گسترش داد!",
            "7": " و به نفْس آدمی و کسی که آن را درست و معتدل ساخت!",
            "8": " پس زشت کاری و طریقۀ خودنگهداری از آن را به نفْس شناساند",
            "9": "به راستی کسی که نفْس را [از زشت کاری] پاک کرد [تا به رشد لایقش برسد]، [بر موانع راه سعادت] پیروز شد",
            "10": " و کسی که آن را [به زشت کاری] آلود بی گمان [از رشد و کمال و رحمت حق] محروم شد",
            "11": " ثمودیان به سبب طغیانشان [پیامبرشان را] انکار کردند",
            "12": " زمانی که بدبخت ترینِ آن ها [برای پی کردنِ ناقه] تحریک شد",
            "13": " پس فرستادۀ خداوند به آنان گفت: از حمله به ناقۀ خدا، و منع کردنش از خوردنِ آب بپرهیزید",
            "14": " ولی او را انکار کردند، و ناقه را به هلاکت رساندند، در نتیجه پروردگارشان آنان را به کیفر گناهشان به عذابی فراگیر دچار ساخت، و همۀ [ثمودیان و دیارشان] را با خاک یکسان کرد",
            "15": " و از سرانجام این امور [برای هیچکس و هیچ ملتی] پروایی ندارد "
            
        },
        "tozih": {
            "1": ""
        }
    }
}