{
    "2": {
        "number": 2,
        "title": "سورة اللیل",
        "bab": 4,
        "delay": 15,
        "arabic": {
            "16": " وَاللَّيْلِ إِذَا يَغْشَىٰ",
            "17": "وَالنَّهَارِ إِذَا تَجَلَّىٰ",
            "18": "وَمَا خَلَقَ الذَّكَرَ وَالْأُنْثَىٰ",
            "19": "إِنَّ سَعْيَكُمْ لَشَتَّىٰ",
            "20": "فَأَمَّا مَنْ أَعْطَىٰ وَاتَّقَىٰ",
            "21": "وَصَدَّقَ بِالْحُسْنَىٰ",
            "22": "فَسَنُيَسِّرُهُ لِلْيُسْرَىٰ",
            "23": "وَأَمَّا مَنْ بَخِلَ وَاسْتَغْنَىٰ",
            "24": "وَكَذَّبَ بِالْحُسْنَىٰ",
            "25": "فَسَنُيَسِّرُهُ لِلْعُسْرَىٰ",
            "26": "وَمَا يُغْنِي عَنْهُ مَالُهُ إِذَا تَرَدَّىٰ",
            "27": "إِنَّ عَلَيْنَا لَلْهُدَىٰ",
            "28": "وَإِنَّ لَنَا لَلْآخِرَةَ وَالْأُولَىٰ",
            "29": "فَأَنْذَرْتُكُمْ نَارًا تَلَظَّىٰ",
            "30": "لَا يَصْلَاهَا إِلَّا الْأَشْقَى",
            "31": "الَّذِي كَذَّبَ وَتَوَلَّىٰ",
            "32": "وَسَيُجَنَّبُهَا الْأَتْقَى",
            "33": "الَّذِي يُؤْتِي مَالَهُ يَتَزَكَّىٰ",
            "34": "وَمَا لِأَحَدٍ عِنْدَهُ مِنْ نِعْمَةٍ تُجْزَىٰ",
            "35": "إِلَّا ابْتِغَاءَ وَجْهِ رَبِّهِ الْأَعْلَىٰ",
            "36": "وَلَسَوْفَ يَرْضَىٰ"
        },
        "farsi": {
            "16": "\nسوگند به شب! آن گاه که [تاریکی اش زمین را] می پوشاند",
            "17": " و به روز! هنگامی که جلوه گر می شود",
            "18": " و به آن که [جنس] نر و ماده را آفرید!",
            "19": " که تلاشتان گوناگون است",
            "20": " اما کسی که [از ثروتش در راه خدا] بخشش کرد، و خود را [از ثروت اندوزی و بخل] نگه داشت",
            "21": " و نیکوترین [پاداشِ حق] را تصدیق کرد",
            "22": " پس او را برای [حرکت در] آسان ترین راه [که صراط مستقیم است] آماده می کنیم",
            "23": " اما کسی که [از هزینه کردنِ ثروت] بخل ورزید، و [نسبت به نیکوترین پاداشِ حق] احساس بی نیازی کرد",
            "24": " و بلکه نیکوترین [پاداش] را انکار کرد",
            "25": " پس او را برای راهی سخت [که مسیر دوزخ است] آماده می سازیم",
            "26": "و چون در [چاهِ سقوط] و هلاکت افتد ثروتش چیزی [از عذاب] را از او برطرف نمی کند",
            "27": " همانا هدایتگری [در مورد خیر و شرّ، و فرجام هر دو] فقط بر عهدۀ ماست",
            "28": "و هرآینه دنیا و آخرت [نیز] در سیطرۀ مالکیت ماست",
            "29": " در نتیجه شما را از آتشی که زبانه می کشد هشدار می دهم",
            "30": "\n \nکه جز بدبخت ترین [مردم] در آن نمی سوزند",
            "31": "همان که [حقایق را] انکار کرد، و [از آن ها] روی برتافت",
            "32": "البته به زودی باتقواترین [مردم] را از آن دور می دارند",
            "33": "همان که از ثروتش انفاق می کند، و خواهان پاکی [و رشد نفْس] است",
            "34": " برای اَحدی نزد خداوند [حقِ] نعمتی نیست که [بابت مالی که انفاق کرده] پاداشش دهند",
            "35": " [تقواپیشۀ مخلص] جز برای به دست آوردنِ خشنودی پروردگارِ بلندمرتبه اش [انفاق نمی کند]",
            "36": " او در آینده [با به دست آوردنِ رحمت و پاداشِ بی نهایتِ خداوند] خشنود خواهد شد "
          
        }
    }
}