{
    "2": {
        "number": 2,
        "title": "سورة الضحى",
        "bab": 4,
        "delay": 7,
        "arabic": {

            "8": " وَالضُّحَىٰ",
            "9": "وَاللَّيْلِ إِذَا سَجَىٰ",
            "10": "مَا وَدَّعَكَ رَبُّكَ وَمَا قَلَىٰ",
            "11": "وَلَلْآخِرَةُ خَيْرٌ لَكَ مِنَ الْأُولَىٰ",
            "12": "وَلَسَوْفَ يُعْطِيكَ رَبُّكَ فَتَرْضَىٰ",
            "13": "أَلَمْ يَجِدْكَ يَتِيمًا فَآوَىٰ",
            "14": "وَوَجَدَكَ ضَالًّا فَهَدَىٰ",
            "15": "وَوَجَدَكَ عَائِلًا فَأَغْنَىٰ",
            "16": "فَأَمَّا الْيَتِيمَ فَلَا تَقْهَرْ",
            "17": "وَأَمَّا السَّائِلَ فَلَا تَنْهَرْ",
            "18": "وَأَمَّا بِنِعْمَةِ رَبِّكَ فَحَدِّثْ"

        },
        "farsi": {
              "8": "\n[ای پیامبر!] سوگند به ابتدای روز!",
            "9": " و به شب! آن گاه که آرام گیرد",
            "10": " که پروردگارت تو را وانگذاشته، و [بر تو] خشم نگرفته",
            "11": " بی تردید آخرت برایت از دنیا بهتر است",
            "12": " به زودی پروردگارت [به اندازه ای] عطایت می کند تا خشنود شوی",
            "13": " آیا یتیمت نیافت، پس [تو را] پناه داد؟",
            "14": " و تو را گم گشته یافت پس [تو را] راهنمایی کرد؟",
            "15": " و [از مال دنیا] تنگدستت دید، و [تو را] بی نیاز کرد؟",
            "16": " پس بر یتیم سلطه مجوی! [که به حقارت و خواری دچار شود]",
            "17": " و گدای درخواست کننده را با خشونت از خود مران!",
            "18": " و نعمت های پروردگارت را [برای خانواده ات و مردم] بازگو کن!"
}
    }
}