{
    "2": {
        "number": 2,
        "title": "سورة الشرح ",
        "bab": 4,
        "delay": 18,
        "arabic": {

            "19": " أَلَمْ نَشْرَحْ لَكَ صَدْرَكَ",
            "20": "وَوَضَعْنَا عَنْكَ وِزْرَكَ",
            "21": "الَّذِي أَنْقَضَ ظَهْرَكَ",
            "22": "وَرَفَعْنَا لَكَ ذِكْرَكَ",
            "23": "فَإِنَّ مَعَ الْعُسْرِ يُسْرًا",
            "24": "إِنَّ مَعَ الْعُسْرِ يُسْرًا",
            "25": "فَإِذَا فَرَغْتَ فَانْصَبْ",
            "26": "وَإِلَىٰ رَبِّكَ فَارْغَبْ"
        },
        "farsi": {
            "19": "\n[ای پیامبر!] آیا سینه ات را [برای تحمّل وحی، و هرگونه حادثه ای در برابر ابلاغ آن] گشایش ندادیم؟",
            "20": " و بارِ گرانت را [که در ابتدای رسالتت برعهده ات بود] فرو ننهادیم؟",
            "21": " همان [باری] که [برایت سخت بود و] پشتت را شکست",
            "22": "و آوازه ات را بلند نکردیم؟",
            "23": "پس به راستی با هر دشواری آسانی است",
            "24": " آری بی شک با هر دشواری آسانی است",
            "25": " هنگامی که [از تکالیف سنگین] آرامش یافتی باز خود را [به تکالیف مهم دیگری] وادار !",
            "26": " و مشتاقانه به سوی پروردگارت توجه کن!"
        }
    }
}