{
    "2": {
        "number": 2,
        "title": "سورة التين",
        "bab": 4,
        "delay": 0,
        "arabic": {
            "1": " وَالتِّينِ وَالزَّيْتُونِ",
            "2": "وَطُورِ سِينِينَ",
            "3": "وَهَٰذَا الْبَلَدِ الْأَمِينِ",
            "4": "لَقَدْ خَلَقْنَا الْإِنْسَانَ فِي أَحْسَنِ تَقْوِيمٍ",
            "5": "ثُمَّ رَدَدْنَاهُ أَسْفَلَ سَافِلِينَ",
            "6": "إِلَّا الَّذِينَ آمَنُوا وَعَمِلُوا الصَّالِحَاتِ فَلَهُمْ أَجْرٌ غَيْرُ مَمْنُونٍ",
            "7": "فَمَا يُكَذِّبُكَ بَعْدُ بِالدِّينِ",
            "8": "أَلَيْسَ اللَّهُ بِأَحْكَمِ الْحَاكِمِينَ"

        },
        "farsi": {
            "1": "\nسوگند به انجیر و زیتون!",
            "2": " سوگند به طور سینا!",
            "3": " سوگند به [مکه] این شهر امن!",
            "4": " که ما انسان را در نیکوترین نظم و اعتدال آفریدیم",
            "5": " سپس او را [به سبب گناهانش و اصرار بر آن ها] به پَست ترین پَست ها بازگرداندیم",
            "6": "به جز مؤمنانی که کارهای شایسته انجام داده اند که آنان را پاداشی پایان ناپذیر و بی منّت است",
            "7": " پس [ای انسان!] چه چیز تو را [بعد از دلایل روشنگر] به انکار دین و روز جزا وادار می کند؟!",
            "8": " آیا خداوند [در داوری] بهترین داوران نیست؟"
        }
    }
}