{
    "2": {
        "number": 2,
        "title": "سورة العلق ",
        "bab": 4,
        "delay": 8,
        "arabic": {
            "9": "اقْرَأْ بِاسْمِ رَبِّكَ الَّذِي خَلَقَ",
            "10": "خَلَقَ الْإِنْسَانَ مِنْ عَلَقٍ",
            "11": "اقْرَأْ وَرَبُّكَ الْأَكْرَمُ",
            "12": "الَّذِي عَلَّمَ بِالْقَلَمِ",
            "13": "عَلَّمَ الْإِنْسَانَ مَا لَمْ يَعْلَمْ",
            "14": "كَلَّا إِنَّ الْإِنْسَانَ لَيَطْغَىٰ",
            "15": "أَنْ رَآهُ اسْتَغْنَىٰ",
            "16": "إِنَّ إِلَىٰ رَبِّكَ الرُّجْعَىٰ",
            "17": "أَرَأَيْتَ الَّذِي يَنْهَىٰ",
            "18": "عَبْدًا إِذَا صَلَّىٰ",
            "19": "أَرَأَيْتَ إِنْ كَانَ عَلَى الْهُدَىٰ",
            "20": "أَوْ أَمَرَ بِالتَّقْوَىٰ",
            "21": "أَرَأَيْتَ إِنْ كَذَّبَ وَتَوَلَّىٰ",
            "22": "أَلَمْ يَعْلَمْ بِأَنَّ اللَّهَ يَرَىٰ",
            "23": "كَلَّا لَئِنْ لَمْ يَنْتَهِ لَنَسْفَعًا بِالنَّاصِيَةِ",
            "24": "نَاصِيَةٍ كَاذِبَةٍ خَاطِئَةٍ",
            "25": "فَلْيَدْعُ نَادِيَهُ",
            "26": "سَنَدْعُ الزَّبَانِيَةَ",
            "27": "كَلَّا لَا تُطِعْهُ وَاسْجُدْ وَاقْتَرِبْ ۩"
        },
        "farsi": {
            "9": "\nبخوان به نام پروردگارت! که [جهان و موجوداتش را] آفرید",
            "10": " انسان را از خون لخته به وجود آورد",
            "11": " بخوان! درحالی که پروردگارت کریم ترینِ [کریمان] است",
            "12": "همان که به وسیلۀ قلم، [نوشتن و ثبت کردن را] آموخت",
            "13": " [و] به انسان آنچه را که نمی دانست آموخت",
            "14": " چنین نیست [که همۀ انسان ها اهل سپاس باشند،] بلکه انسان [در برابر نعمتِ آفریده شدنِ خود، و قلم و دانش] طغیانگر است",
            "15": " برای این که [با تکیه بر دلخوشی های واهی،] خود را [از عنایات خداوند] بی نیاز می داند",
            "16": "مسلّماً بازگشت [همه] فقط به سوی پروردگار توست",
            "17": " مرا خبر ده آن کس که بازمی دارد",
            "18": " بنده ای را چون نماز می خواند، [آیا سزاوارِ کیفر نیست؟]",
            "19": " مرا خبر ده گرچه [این بندۀ نمازگزار] بر هدایت باشد",
            "20": "یا به اطاعت از خداوند و پرهیز از محرّماتش فرمان دهد، [به راستی کیفر آن بازدارنده چیست]؟",
            "21": " مرا خبر ده چنانچه [آن بازدارنده حقایق را] انکار کند، و [از فرمان حق] روی برتابد، [آیا درخور مجازاتِ کوبنده نیست؟]",
            "22": " آیا ندانسته که مسلّماً خداوند [همۀ کارهایش را] می بیند؟",
            "23": " چنین نیست [که می پندارد]، چنانچه [از اعمال زشتش] بازنایستد، موی جلوی سرش را به قهر می گیریم [و به دوزخش می کشانیم]",
            "24": " همان موی جلوی سرِ دروغگوی خطاپیشه را",
            "25": " [آن جاست که] باید اهل محفلش را [به یاری] بخواند",
            "26": " ما [نیز] مأموران سرسختِ آتش را خواهیم خواند",
            "27": " چنین نیست [که بتواند برای نجات خود کاری کند] از او هرگز اطاعت مکن! و سجده بجای آر! و [به پروردگارت] تقرّب جوی !"
        }
    }
}