{
    "97": {
        "number": 97,"bab": 4,
        "title": "سوره قدر", "delay": 0,
        "arabic": {
            "1": "إِنَّا أَنْزَلْنَاهُ فِي لَيْلَةِ الْقَدْرِ",
            "2": "وَمَا أَدْرَاكَ مَا لَيْلَةُ الْقَدْرِ",
            "3": "لَيْلَةُ الْقَدْرِ خَيْرٌ مِنْ أَلْفِ شَهْرٍ",
            "4": "تَنَزَّلُ الْمَلَائِكَةُ وَالرُّوحُ فِيهَا بِإِذْنِ رَبِّهِمْ مِنْ كُلِّ أَمْرٍ",
            "5": "سَلَامٌ هِيَ حَتَّىٰ مَطْلَعِ الْفَجْرِ"
             },
        "farsi": {
            "1": "همانا ما قرآن را در شب قدر نازل کردیم",
            "2": "و تو چه می دانی شب قدر چیست؟",
            "3": " شب قدر از هزار ماه بهتر است",
            "4": " در آن شب فرشتگان و روح به اِذن پروردگارشان برای [تنظیم و تقدیر] هر کاری نازل می شوند",
            "5": " آن شب تا برآمدن سپیده سرشار از سلامت است"
            },
        "tozih": {
            "1": ""
        }
    }
}