{
    "2": {
        "number": 2,
        "title": "سورة البینه ",
        "bab": 4,
        "delay": 5,
        "arabic": {
             "6": " لَمْ يَكُنِ الَّذِينَ كَفَرُوا مِنْ أَهْلِ الْكِتَابِ وَالْمُشْرِكِينَ مُنْفَكِّينَ حَتَّىٰ تَأْتِيَهُمُ الْبَيِّنَةُ",
            "7": "رَسُولٌ مِنَ اللَّهِ يَتْلُو صُحُفًا مُطَهَّرَةً",
            "8": "فِيهَا كُتُبٌ قَيِّمَةٌ",
            "9": "وَمَا تَفَرَّقَ الَّذِينَ أُوتُوا الْكِتَابَ إِلَّا مِنْ بَعْدِ مَا جَاءَتْهُمُ الْبَيِّنَةُ",
            "10": "وَمَا أُمِرُوا إِلَّا لِيَعْبُدُوا اللَّهَ مُخْلِصِينَ لَهُ الدِّينَ حُنَفَاءَ وَيُقِيمُوا الصَّلَاةَ وَيُؤْتُوا الزَّكَاةَ ۚ وَذَٰلِكَ دِينُ الْقَيِّمَةِ",
            "11": "إِنَّ الَّذِينَ كَفَرُوا مِنْ أَهْلِ الْكِتَابِ وَالْمُشْرِكِينَ فِي نَارِ جَهَنَّمَ خَالِدِينَ فِيهَا ۚ أُولَٰئِكَ هُمْ شَرُّ الْبَرِيَّةِ",
            "12": "إِنَّ الَّذِينَ آمَنُوا وَعَمِلُوا الصَّالِحَاتِ أُولَٰئِكَ هُمْ خَيْرُ الْبَرِيَّةِ",
            "13": "جَزَاؤُهُمْ عِنْدَ رَبِّهِمْ جَنَّاتُ عَدْنٍ تَجْرِي مِنْ تَحْتِهَا الْأَنْهَارُ خَالِدِينَ فِيهَا أَبَدًا ۖ رَضِيَ اللَّهُ عَنْهُمْ وَرَضُوا عَنْهُ ۚ ذَٰلِكَ لِمَنْ خَشِيَ رَبَّهُ"

        },
        "farsi": {

             "6": "\nکافران از اهل کتاب و مشرکان بر این نبوده اند که [از آیینشان] جدا شوند، تا آن دلیل روشن برای آنان بیاید",
            "7": "[دلیل روشن همان] فرستادۀ [باعظمت و بی نظیر] از سوی خدا [محمّد بن عبداللّه صلی الله علیه وآله] است که صحیفه های پاک [و پیراسته از هر باطلی] را [بر مردم] می خوانَد",
            "8": " در آن ها نوشته هایی استوار و بی شائبه است",
            "9": " اهل کتاب [در هر عصر و زمانی] گروه گروه [و دارای عقاید و آیین های گوناگون] نشدند مگر پس از آن که دلیل روشنِ [الهی] برای آنان آمد",
            "10": " درحالی که فرمان نیافته بودند جز آن که خدا را بپرستند، درحالی که ایمان و عبادت را برای او [از شرک] خالص کرده، و حق گرا باشند، و نماز را [با شرایط ویژه اش] بخوانند، و زکات بپردازند؛ این است دین مستقیم و قوام بخش [به زندگی ]",
            "11": " همانا کافران از اهل کتاب و مشرکان در آتش دوزخ جاودانه اند، اینان بدترین مخلوقاتند",
            "12": "بی تردید کسانی که مؤمنند و کارهای شایسته انجام داده اند بهترین مخلوقاتند",
            "13": "\n \nپاداششان نزد پروردگارشان بهشت های پاینده ای است که از زیر [درختان] آن نهرها جاری است، در آن همواره جاودانه اند، خداوند از آنان خشنود است، آنان هم از خداوند خشنودند، این [پاداش] ویژۀ کسی است که از پروردگارش هراسان است "

        }
    }
}