{
    "99": {
        "number": 99,"bab": 4,
        "title": "سوره زلزله", "delay": 1,
        "arabic": {
            "2": "إِذَا زُلْزِلَتِ الْأَرْضُ زِلْزَالَهَا",
            "3": "وَأَخْرَجَتِ الْأَرْضُ أَثْقَالَهَا",
            "4": "وَقَالَ الْإِنْسَانُ مَا لَهَا",
            "5": "يَوْمَئِذٍ تُحَدِّثُ أَخْبَارَهَا",
            "6": "بِأَنَّ رَبَّكَ أَوْحَىٰ لَهَا",
            "7": "يَوْمَئِذٍ يَصْدُرُ النَّاسُ أَشْتَاتًا لِيُرَوْا أَعْمَالَهُمْ",
            "8": "فَمَنْ يَعْمَلْ مِثْقَالَ ذَرَّةٍ خَيْرًا يَرَهُ",
            "9": "وَمَنْ يَعْمَلْ مِثْقَالَ ذَرَّةٍ شَرًّا يَرَهُ"
            
        },
        "farsi": {
            "2": "چون زمین را با شدیدترین لرزشش بلرزانند",
            "3": " و زمین بارهای گرانش را بیرون اندازد",
            "4": " و انسان بگوید: زمین را چه شده است؟",
            "5": " آن روز زمین اخبارش را می گوید",
            "6": " زیرا پروردگارت به او وحی کرده است",
            "7": "در آن روز مردم گروه گروه بازمی گردند تا اعمال [تجسّم یافته] شان [به صورت نعمتِ بهشت یا عذابِ دوزخ] به آن ها نشان داده شود",
            "8": " پس هرکس هموزن ذرّه ای نیکی کند، آن را می بیند",
            "9": " و [نیز] هرکس هموزن ذرّه ای بدی کند، آن را می بیند "
            },
        "tozih": {
            "1": ""
        }
    }
}