{
    "1": {
        "number": 1,
        "bab": 1,
        "title": "مقدمه باب اول",
        "arabic": {
            "1": "",
            "2": "",
            "3": "",
            "4": "",
            "5": "",
            "6": "",
            "7": "",
            "8": "",
            "9": ""
        },
        "farsi": {
            "1": "",
            "2": "",
            "3": "",
            "4": "",
            "5": "",
            "6": "",
            "7": "",
            "8": "",
            "9": ""
        },
        "tozih": {
            "1": "باب اوّل در بیان تعقیب نمازها و دعاهاى روزهاى هفته، و اعمال شب و روز جمعه، و پاره‌اى از دعاهاى مشهور و مناجات‌ «خمس عشر» و جز اینها، در این باب چند فصل است. ",
            "2": "فصل اول در تعقیبات مشترک ",
            "3": "فصل دوم در تعقیبات مخصوص به هر یک از نمازها ",
            "4": "فصل سوم در دعاهای ایام هفته‌ نقل از ملحقات صحیفه سجادیه  ",
            "5": "فصل چهارم در فضیلت و اعمال شب و روز جمعه ",
            "6": "فصل پنجم در زیارات معصومین(ع) در ایام هفته ",
            "7": "فصل ششم در بیان بعضی از دعاهای مشهور  ",
            "8": "فصل هفتم در بعضی آیات و دعاهای نافعه‌ی مختصره ",
            "9": "فصل هشتم در بیان مناجات ‌ها "
        }
    }
}