{
    "100": {
        "number": 100,
        "bab": 1,
        "title": "زیارت امیرالمومنین حضرت علی(ع) در روز یک‌شنبه ",
        "arabic": {
            "1": "السَّلامُ عَلَى الشَّجَرَةِ النَّبَوِيَّةِ ، وَالدَّوْحَةِ الْهَاشِمِيَّةِ ، الْمُضِيئَةِ الْمُثْمِرَةِ بِالنُّبُوَّةِ الْمُونِقَةِ بِالْإِمَامَةِ ، وَعَلىٰ ضَجِيعَيْكَ آدَمَ وَنُوحٍ عَلَيْهِمَا السَّلامُ . السَّلامُ عَلَيْكَ وَعَلَىٰ أَهْلِ بَيْتِكَ الطَّيِّبِينَ الطَّاهِرِينَ ، السَّلامُ عَلَيْكَ وَعَلَى الْمَلائِكَةِ الْمُحْدِقِينَ بِكَ وَالْحَافِّينَ بِقَبْرِكَ ، يَا مَوْلاىَ يَا أَمِيرَالْمُؤْمِنِينَ ، هَذاَ يَوْمُ الْأَحَدِ وَهُوَ يَوْمُكَ وَبِاسْمِكَ ، وَأَنَا ضَيْفُكَ فِيهِ وَجارُكَ ، فَأَضِفْنِى يَا مَوْلاىَ وَأَجِرْنِى ، فَإِنَّكَ كَرِيمٌ تُحِبُّ الضِّيافَةَ ، وَمَأْمُورٌ بِالْإِجارَةِ ، فَافْعَلْ مَا رَغِبْتُ إِلَيْكَ فِيهِ ، وَرَجَوْتُهُ مِنْكَ ، بِمَنْزِلَتِكَ وَآلِ بَيْتِكَ عِنْدَاللّٰهِ ، وَمَنْزِلَتِهِ عِنْدَكُمْ ، وَبِحَقِّ ابْنِ عَمِّكَ رَسُولِ‌اللّٰهِ صَلَّى‌اللّٰهُ‌عَلَيْهِ‌وَآلِهِ  وَسَلَّمَ وَعَلَيْهِمْ أَجْمَعِينَ."
        },
        "farsi": {
            "1": "سلام بر شجره نبوت و درخت تنومند هاشمی، درخت تابان و بارور به برکت نبوّت و خرّم و سرسبز به حرمت امامت و بر دو آرمیده در کنارت آدم و نوح (درود بر آن‌ها باد). سلام بر تو و بر اهل‌بیت پاک و پاکیزه‌ات، سلام بر تو و بر فرشتگان حلقه‌زننده بر دورت و گردآمده بر قبرت، ای مولای من، ای امیرمؤمنان، امروز روز یکشنبه و روز تو و به نام توست و من در این روز میهمان و پناهنده به توأم، ای مولای من، از من پذیرایی کن و مرا پناه ده، چه همانا تو کریمی و مهمان‌نوازی را دوست می‌داری و از سوی خدا مأمور به پناه دادنی، پس برآور خواهشی را که برای آن در این روز بسوی تو میل نمودم و آن را از تو امید دارم، به حق مقام والای خود و جایگاه بلند اهل‌بیتت نزد خدا و مقام خدا نزد شما و به‌حق پسر عمویت رسول خدا که خدا بر او و خاندانش، همه و همه درود و سلام فرستد. "
        },
        "tozih": {
            "1": "این زیارت به روایت کسی است که امام زمان (عج) را در بیداری مشاهده کرده بود، در حالی که آن حضرت امیرالمؤمنین(علیه‌السلام) را در روز یکشنبه که روز آن حضرت است با این عبارات زیارت می‌کرد: "
        }
    }
}