{
    "102": {
        "number": 102,
        "bab": 1,
        "title": "زیارت امام حسن مجتبی(ع) در روز دوشنبه ",
        "arabic": {
            "1": "السَّلامُ عَلَيْكَ يَا ابْنَ رَسُولِ رَبِّ الْعَالَمِينَ ، السَّلامُ عَلَيْكَ يَا ابْنَ أَمِيرِالْمُؤْمِنِينَ ، السَّلامُ عَلَيْكَ يَا ابْنَ فاطِمَةَ الزَّهْرَاءِ ، السَّلامُ عَلَيْكَ يَا حَبِيبَ اللّٰهِ ، السَّلامُ عَلَيْكَ يَا صِفْوَةَ اللّٰهِ ، السَّلامُ عَلَيْكَ يَا أَمِينَ اللّٰهِ ، السَّلامُ عَلَيْكَ يَا حُجَّةَ اللّٰهِ ، السَّلامُ عَلَيْكَ يَا نُورَ اللّٰهِ ، السَّلامُ عَلَيْكَ يَا صِرَاطَ اللّٰهِ ، السَّلامُ عَلَيْكَ يَا بَيَانَ حُكْمِ اللّٰهِ ، السَّلامُ عَلَيْكَ يَا نَاصِرَ دِينِ اللّٰهِ ، السَّلامُ عَلَيْكَ أَيُّهَا السَّيِّدُ الزَّكِىُّ؛",
            "2": "السَّلامُ عَلَيْكَ أَيُّهَا الْبَرُّ الْوَفِىُّ ، السَّلامُ عَلَيْكَ أَيُّهَا الْقَائِمُ الْأَمِينُ ، السَّلامُ عَلَيْكَ أَيُّهَا الْعَالِمُ بِالتَّأْوِيلِ ، السَّلامُ عَلَيْكَ أَيُّهَا الْهَادِى الْمَهْدِىُّ ، السَّلامُ عَلَيْكَ أَيُّهَا الطَّاهِرُ الزَّكِىُّ ، السَّلامُ عَلَيْكَ أَيُّهَا التَّقِىُّ النَّقِىُّ ، السَّلامُ عَلَيْكَ أَيُّهَا الْحَقُّ الْحَقِيقُ ، السَّلامُ عَلَيْكَ أَيُّهَا الشَّهِيدُ الصِّدِّيقُ ، السَّلامُ عَلَيْكَ يَا أَبَا مُحَمَّدٍ الْحَسَنَ بْنَ عَلِيٍّ وَرَحْمَةُ اللّٰهِ وَبَرَكاتُهُ."
        },
        "farsi": {
            "1": " سلام بر تو ای فرزند فرستاده پروردگار جهانیان، سلام بر تو ای فرزند امیرمؤمنان، سلام بر تو ای فرزند فاطمه زهرا، سلام بر تو ای محبوب خدا، سلام بر تو ای برگزیده‌ی خدا، سلام بر تو ای امین خدا، سلام بر تو ای برهان حکم خدا، سلام بر تو ای نور خدا، سلام بر تو ای راه خدا، سلام بر تو ای بیان حکم خدا، سلام بر تو ای یار دین خدا، سلام بر تو ای سرور پاک‌نهاد؛",
            "2": "سلام بر تو ای نیکوکردار وفادار، سلام بر تو ای قیام‌کننده‌ی امین، سلام بر تو ای آگاه به تأویل، سلام بر تو ای راهنمای راه‌یافته، سلام بر تو ای پاک و پاکیزه، سلام بر تو ای پرهیزگار پاک‌دامن، سلام بر تو ای حقیقت راستین و آشکار، سلام بر تو ای شهید راست‌کردار، سلام بر تو ای ابا محمّد حسن بن علی و رحمت و برکات خدا بر تو باد. "
        },
        "tozih": {
            "1": " روز دوشنبه روز امام حسن(علیه‌السلام) و امام حسین(علیه‌السلام) است، در زیارت حضرت امام حسن(علیه‌السلام) میگویی:  "
        }
    }
}