{
    "105": {
        "number": 105,
        "bab": 1,
        "title": "زیارت امام موسی کاظم، امام رضا، امام جواد و امام هادی(ع) در روز چهارشنبه",
        "arabic": {
            "1": "السَّلامُ عَلَيْكُمْ يَا أَوْ لِيَاءَاللّٰهِ ، السَّلامُ عَلَيْكُمْ يَا حُجَجَ اللّٰهِ ، السَّلامُ عَلَيْكُمْ يَا نُورَ اللّٰهِ فِى ظُلُمَاتِ الْأَرْضِ ، السَّلامُ عَلَيْكُمْ ، صَلَواتُ اللّٰهِ عَلَيْكُمْ وَعَلَىٰ آلِ بَيْتِكُمُ الطَّيِّبِينَ الطَّاهِرِينَ ، بِأَبِى أَنْتُمْ وَأُمِّى ، لَقَدْ عَبَدْتُمُ اللّٰهَ مُخْلِصِينَ ، وَجَاهَدْتُمْ فِى اللّٰهِ حَقَّ جِهَادِهِ حَتَّىٰ أَتاكُمُ الْيَقِينُ ، فَلَعَنَ اللّٰهُ أَعْداءَكُمْ مِنَ الْجِنِّ وَالْإِنْسِ أَجْمَعِينَ ، وَأَنَا أَبْرَأُ إِلَى اللّٰهِ وَ إِلَيْكُمْ مِنْهُمْ ، يَا مَوْلاىَ يَا أَبا إِبْراهِيمَ مُوسَى بْنَ جَعْفَرٍ، يَا مَوْلاىَ يَا أَبَا الْحَسَنِ عَلِىَّ بْنَ مُوسىٰ، يَا مَوْلاىَ يَا أبا جَعْفَرٍ مُحَمَّدَ بْنَ عَلِيٍّ ، يَا مَوْلاىَ يَا أَبَا الْحَسَنِ عَلِىَّ بْنَ مُحَمَّدٍ ، أَنَا مَوْلىً لَكُمْ، مُؤْمِنٌ بِسِرِّكُمْ وَجَهْرِكُمْ ، مُتَضَيِّفٌ بِكُمْ فِى يَوْمِكُمْ هٰذَا وَهُوَ يَوْمُ الْأَرْبَعاءِ، وَمُسْتَجِيرٌ بِكُمْ، فَأَضِيفُونِى وَأَجِيرُونِى بِآلِ بَيْتِكُمُ الطَّيِّبِينَ الطَّاهِرِينَ."
        },
        "farsi": {
            "1": "سلام بر شما ای دوستان خدا، سلام بر شما ای حجت‌های خدا، سلام بر شما ای نور خدا در تاریکی‌های زمین، سلام بر شما، درودهای خدا بر شما و بر خاندان پاکیزه و پاکتان، پدر و مادرم فدایتان، به‌راستی خدا را خالصانه پرستیدید و در راه خدا آن‌چنان‌که شایسته بود جهاد نمودید تا مرگ شما را در بر گرفت، لعنت خدا بر دشمنانتان از تمام پریان و آدمیان، من به‌سوی خدا و به‌سوی شما از دشمنانتان بیزاری می‌جویم، ای سرور من یا ابا ابراهیم موسی بن جعفر، ای سرور من یا ابا الحسن علی بن موسی، ای سرور من یا ابا جعفر محمّد بن علی، ای سرور من یا ابا الحسن علی بن محمّد، من دل‌بسته شما هستم، ایمان دارم به نهان و آشکار شما، در این روز شما که روز چهارشنبه است از شما درخواست پذیرایی دارم و به بارگاه شما پناه می‌جویم، پس مرا پذیرا باشید و پناهم دهید، به حقّ خاندان پاکیزه و پاکتان. "
        },
        "tozih": {
            "1": " روز چهارشنبه به نام حضرت موسی بن جعفر و حضرت رضا و حضرت جواد و حضرت هادی(علیهم‌السلام) است. در زیارت آن بزرگواران بگو: "
        }
    }
}