{
    "109": {
        "number": 109,
        "bab": 1,
        "title": " دعای صباح",
        "arabic": {
            "1": "بِسْمِ اللّهِ الرَّحْمَنِ الرَّحِيمِ اللّٰهُمَّ يَا مَنْ دَلَعَ لِسانَ الصَّباحِ بِنُطْقِ تَبَلُّجِهِ ، وَسَرَّحَ قِطَعَ اللَّيْلِ الْمُظْلِمِ بِغَيَاهِبِ تَلَجْلُجِهِ ، وَأَتْقَنَ صُنْعَ الْفَلَكِ الدَّوَّارِ فِى مَقَادِيرِ تَبَرُّجِهِ ، وَشَعْشَعَ ضِيَاءَ الشَّمْسِ بِنُورِ تَأَجُّجِهِ ، يَا مَنْ دَلَّ عَلَىٰ ذَاتِهِ بِذَاتِهِ ، وَتَنَزَّهَ عَنْ مُجَانَسَةِ مَخْلُوقَاتِهِ ، وَجَلَّ عَنْ مُلائَمَةِ كَيْفِيَّاتِهِ ، يَا مَنْ قَرُبَ مِنْ خَطَراتِ الظُّنُونِ ، وَبَعُدَ عَنْ لَحَظَاتِ الْعُيُونِ ، وَعَلِمَ بِمَا كَانَ قَبْلَ أَنْ يَكُونَ ، يَا مَنْ أَرْقَدَنِى فِى مِهَادِ أَمْنِهِ وَأَمَانِهِ ، وَأَيْقَظَنِى إِلىٰ مَا مَنَحَنِى بِهِ مِنْ مِنَنِهِ وَ إِحْسَانِهِ ، وَكَفَّ أَكُفَّ السُّوءِ عَنِّى بِيَدِهِ وَسُلْطَانِهِ؛",
            "2": "صَلِّ اللّٰهُمَّ عَلَى الدَّلِيلِ إِلَيْكَ فِى اللَّيْلِ الْأَلْيَلِ ، وَالْمَاسِكِ مِنْ أَسْبَابِكَ بِحَبْلِ الشَّرَفِ الْأَطْوَلِ ، وَالنَّاصِعِ الْحَسَبِ فِى ذِرْوَةِ الْكَاهِلِ الْأَعْبَلِ ، وَالثَّابِتِ الْقَدَمِ عَلَىٰ زَحالِيفِها فِى الزَّمَنِ الْأَوَّلِ ، وَعَلَىٰ آلِهِ الْأَخْيَارِ الْمُصْطَفَيْنَ الْأَبْرارِ ، وَافْتَحِ اللّٰهُمَّ لَنَا مَصَارِيعَ الصَّباحِ بِمَفَاتِيحِ الرَّحْمَةِ وَالْفَلَاحِ ، وَأَلْبِسْنِى اللّٰهُمَّ مِنْ أَفْضَلِ خِلَعِ الْهِدَايَةِ وَالصَّلَاحِ ، وَأَغْرِسِ اللّٰهُمَّ بِعَظَمَتِكَ فِى شِرْبِ جَنانِى يَنَابِيعَ الْخُشُوعِ ، وَأَجْرِ اللّٰهُمَّ لِهَيْبَتِكَ مِنْ آمَاقِى زَفَرَاتِ الدُّمُوعِ ، وَأَدِّبِ اللّٰهُمَّ نَزَقَ الْخُرْقِ مِنِّى بِأَزِمَّةِ الْقُنُوعِ؛",
            "3": "إِلٰهِى إِنْ لَمْ تَبْتَدِئْنِى الرَّحْمَةُ مِنْكَ بِحُسْنِ التَّوْفِيقِ ، فَمَنِ السَّالِكُ بِى إِلَيْكَ فِى واضِحِ الطَّرِيقِ ؟ وَ إِنْ أَسْلَمَتْنِى أَنَاتُكَ لِقائِدِ الْأَمَلِ وَالْمُنَىٰ فَمَنِ الْمُقِيلُ عَثَرَاتِى مِنْ كَبَوَاتِ الْهَوىٰ ؟ وَ إِنْ خَذَلَنِى نَصْرُكَ عِنْدَ مُحارَبَةِ النَّفْسِ وَالشَّيْطانِ ، فَقَدْ وَكَلَنِى خِذْلانُكَ إِلىٰ حَيْثُ النَّصَبِ وَالْحِرْمانِ؛",
            "4": "إِلٰهِى أَتَرَانِى مَا أَتَيْتُكَ إِلّا مِنْ حَيْثُ الْآمالِ، أَمْ عَلِقْتُ بِأَطْرَافِ حِبَالِكَ إِلّا حِينَ باعَدَتْنِى ذُنُوبِى عَنْ دَارِ الْوِصَالِ ، فَبِئْسَ الْمَطِيَّةُ الَّتِى امْتَطَتْ نَفْسِى مِنْ هَوَاها ، فَوَاهاً لَهَا لِمَا سَوَّلَتْ لَهَا ظُنُونُها وَمُنَاها ، وَتَبّاً لَها لِجُرْأَتِها عَلَىٰ سَيِّدِها وَمَوْلاها . إِلٰهِى قَرَعْتُ بَابَ رَحْمَتِكَ بِيَدِ رَجَائِى ، وَهَرَبْتُ إِلَيْكَ لَاٰجِئاً مِنْ فَرْطِ أَهْوَائِى ، وَعَلَّقْتُ بِأَطْرَافِ حِبَالِكَ أَنامِلَ وَلَاٰئِى ، فَاصْفَحِ اللّٰهُمَّ عَمَّا كُنْتُ أَجْرَمْتُهُ مِنْ زَلَلِى وَخَطَائِى ، وَأَقِلْنِى مِنْ صَرْعَةِ رِدَائِى ، فَإِنَّكَ سَيِّدِى وَمَوْلاىَ وَمُعْتَمَدِى وَرَجَائِى؛",
            "5": "وَأَنْتَ غايَةُ مَطْلُوبِى وَمُنَاىَ فِى مُنْقَلَبِى وَمَثْوَاىَ . إِلٰهِى كَيْفَ تَطْرُدُ مِسْكِيناً الْتَجَأَ إِلَيْكَ مِنَ الذُّنُوبِ هارِبَاً ؟ أَمْ كَيْفَ تُخَيِّبُ مُسْتَرْشِداً قَصَدَ إِلَىٰ جَنَابِكَ سَاعِياً ؟ أَمْ كَيْفَ تَرُدُّ ظَمْآناً وَرَدَ إِلىٰ حِيَاضِكَ شَارِباً ؟ كَلَّا وَحِيَاضُكَ مُتْرَعَةٌ فِى ضَنْكِ الْمُحُولِ، وَبَابُكَ مَفْتُوحٌ لِلطَّلَبِ وَالْوُغُولِ ، وَأَنْتَ غايَةُ الْمَسْؤُولِ وَنِهَايَةُ الْمَأْمُولِ . إِلٰهِى هَذِهِ أَزِمَّةُ نَفْسِى عَقَلْتُها بِعِقَالِ مَشِيَّتِكَ ، وَهٰذِهِ أَعْبَاءُ ذُنُوبِى دَرَأْتُها بِعَفْوِكَ وَرَحْمَتِكَ ، وَهَذِهِ أَهْوَائِىَ الْمُضِلَّةُ وَكَلْتُها إِلَىٰ جَنَابِ لُطْفِكَ وَرَأْفَتِكَ؛",
            "6": " فَاجْعَلِ اللّٰهُمَّ صَبَاحِى هٰذا نَازِلاً عَلَىَّ بِضِيَاءِ الْهُدىٰ ، وَبِالسَّلامَةِ فِى الدِّينِ وَالدُّنْيا ، وَمَسَائِى جُنَّةً مِنْ كَيْدِ الْعِدَىٰ وَوِقايَةً مِنْ مُرْدِياتِ الْهَوَىٰ ، إِنَّكَ قادِرٌ عَلَىٰ ما تَشاءُ ، ﴿تُؤْتِى الْمُلْكَ مَنْ تَشاءُ ، وَتَنْزِعُ الْمُلْكَ مِمَّنْ تَشاءُ ، وَتُعِزُّ مَنْ تَشاءُ ، وَتُذِلُّ مَنْ تَشاءُ ، بِيَدِكَ الْخَيْرُ إِنَّكَ عَلَىٰ كُلِّ شَىْءٍ قَدِيرٌ ، تُولِجُ اللَّيْلَ فِى النَّهارِ ، وَتُولِجُ النَّهارَ فِى اللَّيْلِ ، وَتُخْرِجُ الْحَىَّ مِنَ الْمَيِّتِ ، وَتُخْرِجُ الْمَيِّتَ مِنَ الْحَيِّ ، وَتَرْزُقُ مَنْ تَشاءُ بِغَيْرِ حِسَابٍ ﴾، لَاإِلٰهَ إِلّا أَنْتَ سُبْحانَكَ اللّٰهُمَّ وَبِحَمْدِكَ ، مَنْ ذَا يَعْرِفُ قَدْرَكَ فَلَا يَخافُكَ، وَمَنْ ذَا يَعْلَمُ مَا أَنْتَ فَلَا يَهابُكَ؛ ",
            "7": " أَلَّفْتَ بِقُدْرَتِكَ الْفِرَقَ ، وَفَلَقْتَ بِلُطْفِكَ الْفَلَقَ ، وَأَنَرْتَ بِكَرَمِكَ دَياجِىَ الْغَسَقِ ، وَأَنْهَرْتَ الْمِيَاهَ مِنَ الصُّمِّ الصَّياخِيدِ عَذْباً وَأُجَاجاً ، وَأَنْزَلْتَ مِنَ الْمُعْصِراتِ ماءً ثَجَّاجاً ، وَجَعَلْتَ الشَّمْسَ وَالْقَمَرَ لِلْبَرِيَّةِ سِراجاً وَهَّاجاً ، مِنْ غَيْرِ أَنْ تُمَارِسَ فِيَما ابْتَدَأْتَ بِهِ لُغُوباً وَلَا عِلاجاً ، فَيا مَنْ تَوَحَّدَ بِالْعِزِّ وَالْبَقَاءِ ، وَقَهَرَ عِبَادَهُ بِالْمَوْتِ وَالْفَناءِ ، صَلِّ عَلىٰ مُحَمَّدٍ وَآلِهِ الْأَتْقِيَاءِ ، وَاسْمَعْ نِدَائِى؛",
            "8": "وَاسْتَجِبْ دُعَائِى ، وَحَقِّقْ بِفَضْلِكَ أَمَلِى وَرَجَائِى ، يَا خَيْرَ مَنْ دُعِىَ لِكَشْفِ الضُّرِّ ، وَالْمَأْمُولِ لِكُلِّ  عُسْرٍ وَيُسْرٍ ، بِكَ أَنْزَلْتُ حاجَتِى فَلَا تَرُدَّنِى مِنْ سَنِيِّ مَوَاهِبِكَ خائِباً ، يَا كَرِيمُ يَا كَرِيمُ يَا كَرِيمُ ، بِرَحْمَتِكَ يَا أَرْحَمَ الرَّاحِمِينَ ، وَصَلَّى اللّٰهُ عَلىٰ خَيْرِ خَلْقِهِ مُحَمَّدٍ وَآلِهِ أَجْمَعِينَ.",
            "9": "إِلٰهِى قَلْبِى مَحْجُوبٌ ، وَنَفْسِى مَعْيُوبٌ ، وَعَقْلِى مَغْلُوبٌ ، وَهَوَائِى غَالِبٌ ، وَطَاعَتِى قَلِيلٌ ، وَمَعْصِيَتِى كَثِيرٌ ، وَ لِسَانِى مُقِرٌّ بِالذُّنُوبِ ، فَكَيْفَ حِيلَتِى يَا سَتَّارَ الْعُيُوبِ ، وَيَا عَلَّامَ الْغُيُوبِ ، وَيَا كَاشِفَ الْكُرُوبِ ؟ اغْفِرْ ذُنُوبِى كُلَّها بِحُرْمَةِ مُحَمَّدٍ وَآلِ مُحَمَّدٍ ، يَا غَفَّارُ يَا غَفَّارُ يَا غَفَّارُ ، بِرَحْمَتِكَ يَا أَرْحَمَ الرَّاحِمِينَ.  "
        },
        "farsi": {
            "1": " به نام خدا که رحمتش بسیار و مهربانی‌اش همیشگی است؛ خدایا، ای آن‌که زبان صبح را به گویایی تابش و روشنایی‌اش برآورد و قطعه‌های شب تار را با تیرگی‌های شدید به‌هم پیچیده‌اش به اطراف جهان فرستاد و ساختمان سپهر گردون را در اندازه‌های زیبایش محکم نمود و پرتو خورشید را به روشنایی شعله‌ورش در همه‌جا برافروخت، ای آن‌که بر ذاتش دلیل است و از شباهت و همگونگی با آفریدگانش منزّه است و شأنش از سازگاری با کیفیات مخلوقاتش برتر است، ای آن‌که به باورهای گذرا بر دل نزدیک و از چشم‌انداز دیدگان سر دور است و آنچه را هستی یافت پیش از آنکه پدید آید می‌داند، ای آن‌که در گاهواره امن و امانش خوابانید مرا و به‌جانب آنچه از نعمت‌ها و احسانش که بی‌دریغ به من بخشید، بیدارم کرد و دست‌های حوادث و آفات را با دست لطف و قدرتش از من بازداشت؛ ",
            "2": "خدایا، درود فرست به آن راهنمای به سویت در شب تیره و تار جاهلیت و آن چنگ زننده از میان ریسمان‌هایت به بلندترین رشته‌ی شرف و آن دارنده‌ی حسب پاک و ناب که برگرده استوارترین روش شرافت قرار دارد و آن ثابت قدم در لغزشگاه‌های دوران پیش از بعثت و نیز بر خاندان او که بهترین انتخاب‌شدگان و برگزیدگان و نیکانند. خدایا! درهای روز را با کلیدهای رحمت و رستگاری به روی ما بگشا و بر من از بهترین لباس‌های هدایت و صلاح بپوشان، به عظمتت در آبشخور قلبم چشمه‌های فروتنی را بجوشان و در برابر هیبتت از گوشه‌های دیدگانم رودهای اشک سوزان جاری ساز و مرا از بی‌پروایی و نادانی به مهارهای قناعت و خواری ادب فرما؛ ",
            "3": "خدایا اگر رحمت تو با توفیق نیکو از ابتدا شامل حال من نبود چه کسی رهنمای من به سویت در این راه روشن می‌بود؟ و اگر مهلتت مرا تسلیم آمال و آرزوهای باطل کند، آنگاه چه کسی لغزش‌هایم را از فروافتادن در هوای نفس جبران می‌کند؟ و اگر به هنگام جنگ با نفس و شیطان یاریت مرا واگذارد، این یاری نکردنت مرا در آغوش رنج و محرومیت اندازد؛ ",
            "4": " خدای من، می‌بینی که به پیشگاهت نیامدم مگر از جهتی که نسبت به رحمتت آرزوها داشتم، یا چنگ نزدم به اطراف رشته‌ی استوارت مگر آنگاه‌ که گناهانم مرا از خانه وصال تو دور ساخت، پس چه بد مرکبی است مرکب خواسته‌های باطل که نفسم بر آن سوار شده، وای بر این نفس که گمان‌های بی‌مورد و آرزوهای نابجایش با همه زشتی در برابرش زیبا جلوه کرده! و مرگ بر او که به سرور و مولایش جرأت نموده! خدایا با دست امید در رحمتت را کوبیدم و از کثرت هوسرانی‌ام به پناهندگی به سویت گریختم و به کناره‌های رشته استوارت انگشتان محبّتم را آویختم. بار خدایا ازآنچه در گذشته مرتکب شدم، از لغزش و خطایم چشم‌پوشی کن و از درافتادن به جامه تنگ گناه رهایم ساز که به یقین تویی سرور و مولا و پشتیبان و امید من؛ ",
            "5": "و تویی منتهای خواسته و آرزوی من، در دنیا و آخرت، خدای من چسان درمانده‌ای را که در حال گریز از گناهان خویش به تو پناه جسته از خود می‌رانی؟ یا چگونه ره‌جویی را که شتابان قصد آستانت نموده ناامید می‌کنی؟ یا چگونه تشنه‌ای را باز می‌گردانی که وارد حوض‌هایت شده؟ البته که چنین نخواهی کرد زیرا حوض‌های رحمتت در سخت‌ترین خشک‌سالی‌ها لبریز و درگاه لطفت همواره برای درخواست وارد شدن باز است، تویی منتهای خواسته و نهایت آرزو.\r\nخدای من، این مهار نفس من است که به پایبند مشیتت بستم و این بارهای سنگین گناهان من است که به پیشگاه عفو و رحمتت انداختم و این هوس‌های گمراه‌کننده‌ی من است که به درگاه لطف و مهرت واگذاشتم؛ ",
            "6": " بار خدایا! این صبح مرا آن‌گونه آغاز کن که با پرتو هدایت و با سلامت دین و دنیا همراه باشد و شبم را سپری ساز از نیرنگ دشمنان و نگاهبانی گردان از هلاکت‌های هوای نفس که به یقین تو به هر چه بخواهی توانایی، فرمانروایی را به هر که بخواهی عنایت می‌کنی و از هر که بخواهی بازمی‌ستانی و به هرکه بخواهی عزت می‌بخشی و هرکه را اراده کنی به ذلت می‌نشانی، خوبی به دست توست، همانا تو بر همه‌چیز توانایی، شب را در روز درمی‌آوری و روز را در شب، زنده را از مرده بیرون می‌آوری و مرده را از زنده و هر که را بخواهی بی‌حساب روزی می‌دهی. معبودی جز تو نیست. بار خدایا! تنها تو را منزّه می‌دارم و سپاس و ستایش می‌گویم، کیست که قدر تو را بشناسد و از مقام تو نترسد؟ و کیست که بداند تو کیستی آنگاه از تو نهراسد؟ ",
            "7": "با قدرت خود پراکنده را الفت بخشیدی و با مهربانی‌ات سپیده‌دم را شکافتی و با کرمت تاریکی‌های شب را روشن نمودی و آب‌های شیرین و شور را از دل سنگ‌های سخت و خارا جاری کردی و از ابرهای گران بارانی فراوان فروریختی و خورشید و ماه را برای مردمان چراغی فروزان قرار دادی، بی‌آنکه در آنچه آغازگر پیدایشش بودی دچار خستگی و ناتوانی و چاره‌جویی شوی، ای آن‌که در عزت و بقا یگانه است و بندگانش را به مرگ و فنا مقهور خود ساخته است، درود فرست بر محمّد و خاندان پرهیزگارش و ندای مرا بشنو؛ ",
            "8": " دعایم را اجابت گو به فضل خود و آرزو و امیدم را محقّق فرما، ای بهترین کسی که برای برطرف ساختن هر بدحالی خوانده و برای هر سختی و آسانی آرزو شدی، نیازم را به پیشگاه تو فرود آوردم، پس از موهبت‌های بلندپایه خود ناامیدانه ردّم مکن ای بزرگوار، ای بزرگوار، ای بزرگوار، به رحمتت ای مهربان‌ترین مهربانان و درود خدا بر بهترین آفریده‌اش محمّد و اهل‌بیت او همه. ",
            "9": "خدای من، دلم در پرده‌های ظلمت پوشیده شده و جانم دچار کاستی گشته و عقلم مغلوب هوای نفسم شده و هوای نفسم بر من چیره آمده و طاعتم اندک و نافرمانیم بسیار و زبانم اقرارکننده به گناهان است، چاره من چیست ای پرده‌پوش عیب‌ها؟ ای دانای نهان‌ها، ای برطرف‌کننده غم‌ها، همه گناهان مرا بیامرز، به احترام محمّد و خاندان محمّد، ای آمرزنده، ای آمرزنده، ای آمرزنده به مهربانی‌ات، ای مهربان‌ترین مهربانان. "
        },
        "tozih": {
            "1": "",
            "2": "",
            "3": "",
            "4": "",
            "5": "",
            "6": "",
            "7": "",
            "8": "",
            "9": " آنگاه به سجده رود و بگوید: ",
            "10": " مؤلف گوید: علاّمه مجلسی این دعا را در «کتاب دعای» بحار و در «کتاب صلات» آن همراه با توضیح ذکر کرده و فرموده: این دعا از دعاهای مشهور است ولی من آن را در کتاب‌های معتبر جز در کتاب «مصباح» سید ابن باقی(رحمة‌الله‌علیه) نیافتم؛\n\nو نیز فرموده است: مشهور خواندن این دعا پس از نماز صبح است درحالی‌که سید ابن باقی خواندن آن را پس از «نافله صبح» روایت نموده است؛ و به هر کدام عمل شود مناسب است. "
        }
    }
}