{
    "1110": {
        "number": 1110,
        "bab": 1,
        "title": "دعای کمیل",
        "arabic": {
            "1": "اللّٰهُمَّ إِنِّى أَسْأَلُكَ بِرَحْمَتِكَ الَّتِى وَسِعَتْ كُلَّ شَىْءٍ، ",
            "2": "وَبِقُوَّتِكَ الَّتِى قَهَرْتَ بِها كُلَّ شَىْءٍ، وَخَضَعَ لَها كُلُّ شَىْءٍ، ",
            "3": "وَذَلَّ لَها كُلُّ شَىْءٍ، وَبِجَبَرُوتِكَ الَّتِى غَلَبْتَ بِها كُلَّ شَىْءٍ، ",
            "4": "وَبِعِزَّتِكَ الَّتِى لَايَقُومُ لَها شَىْءٌ، وَ بِعَظَمَتِكَ الَّتِى مَلَأَتْ كُلَّ شَىْءٍ، ",
            "5": "وَ بِسُلْطانِكَ الَّذِى عَلَا كُلَّ شَىْءٍ، وَ بِوَجْهِكَ الْباقِى بَعْدَ فَنَاءِ كُلِّ شَىْءٍ، ",
            "6": "وَبِأَسْمَائِكَ الَّتِى مَلَأَتْ أَرْكَانَ كُلِّ شَىْءٍ، وَبِعِلْمِكَ الَّذِى أَحَاطَ بِكُلِّ شَىْءٍ، ",
            "7": "وَبِنُورِ وَجْهِكَ الَّذِى أَضَاءَ لَهُ كُلُّ شَىْءٍ؛ ",
            "8": "يَا نُورُ يَا قُدُّوسُ، يَا أَوَّلَ الْأَوَّلِينَ، وَيَا آخِرَ الْآخِرِينَ . ",
            "9": "اللّٰهُمَّ اغْفِرْ لِىَ الذُّنُوبَ الَّتِى تَهْتِكُ الْعِصَمَ . ",
            "10": "اللّٰهُمَّ اغْفِرْ لِىَ الذُّنُوبَ الَّتِى تُنْزِلُ النِّقَمَ",
            "11": " . اللّٰهُمَّ اغْفِرْ لِىَ الذُّنُوبَ الَّتِى تُغَيِّرُ النِّعَمَ",
            "12": " . اللّٰهُمَّ اغْفِرْ لِىَ الذُّنُوبَ الَّتِى تَحْبِسُ الدُّعَاءَ . ",
            "13": "اللّٰهُمَّ اغْفِرْ لِىَ الذُّنُوبَ الَّتِى تُنْزِلُ الْبَلَاءَ؛ ",
            "14": "اللّٰهُمَّ اغْفِرْ لِى كُلَّ ذَنْبٍ أَذْنَبْتُهُ، وَكُلَّ خَطِيئَةٍ أَخْطَأْتُها . ",
            "15": "اللّٰهُمَّ إِنِّى أَتَقَرَّبُ إِلَيْكَ بِذِكْرِكَ، وَأَسْتَشْفِعُ بِكَ إِلَىٰ نَفْسِكَ، ",
            "16": "وَأَسْأَلُكَ بِجُودِكَ أَنْ تُدْنِيَنِى مِنْ قُرْبِكَ، ",
            "17": "وَأَنْ تُوزِعَنِى شُكْرَكَ، وَأَنْ تُلْهِمَنِى ذِكْرَكَ . ",
            "18": "اللّٰهُمَّ إِنِّى أَسْأَلُكَ سُؤَالَ خَاضِعٍ مُتَذَلِّلٍ خَاشِعٍ، أ",
            "19": "َنْ تُسامِحَنِى وَتَرْحَمَنِى، وَتَجْعَلَنِى بِقَِسْمِكَ رَاضِياً قانِعاً، ",
            "20": "وَفِى جَمِيعِ الْأَحْوَالِ مُتَواضِعاً؛ ",
            "21": "اللّٰهُمَّ وَأَسْأَلُكَ سُؤَالَ مَنِ اشْتَدَّتْ فَاقَتُهُ، ",
            "22": "وَأَنْزَلَ بِكَ عِنْدَ الشَّدائِدِ حَاجَتَهُ، وَعَظُمَ فِيَما عِنْدَكَ رَغْبَتُهُ . ",
            "23": "اللّٰهُمَّ عَظُمَ سُلْطَانُكَ، وَعَلَا مَكَانُكَ، وَخَفِىَ مَكْرُكَ، وَظَهَرَ أَمْرُكَ، ",
            "24": "وَغَلَبَ قَهْرُكَ، وَجَرَتْ قُدْرَتُكَ، وَلَا يُمْكِنُ الْفِرارُ مِنْ حُكُومَتِكَ؛ ",
            "25": "اللّٰهُمَّ لَاأَجِدُ لِذُنُوبِى غَافِراً، وَلَا لِقَبائِحِى سَاتِراً، ",
            "26": "وَلَا لِشَىْءٍ مِنْ عَمَلِىَ الْقَبِيحِ بِالْحَسَنِ مُبَدِّلاً غَيْرَكَ، ",
            "27": "لَاإِلٰهَ إِلّا أَنْتَ سُبْحَانَكَ وَبِحَمْدِكَ، ظَلَمْتُ نَفْسِى، ",
            "28": "وَتَجَرَّأْتُ بِجَهْلِى، وَسَكَنْتُ إِلَىٰ قَدِيمِ ذِكْرِكَ لِى وَمَنِّكَ عَلَىَّ . ",
            "29": "اللّٰهُمَّ مَوْلَاىَ كَمْ مِنْ قَبِيحٍ سَتَرْتَهُ، وَكَمْ مِنْ فَادِحٍ مِنَ الْبَلَاءِ أَقَلْتَهُ ، ",
            "30": "وَكَمْ مِنْ عِثَارٍ وَقَيْتَهُ، وَكَمْ مِنْ مَكْرُوهٍ دَفَعْتَهُ، ",
            "31": "وَكَمْ مِنْ ثَنَاءٍ جَمِيلٍ لَسْتُ أَهْلاً لَهُ نَشَرْتَهُ؛ ",
            "32": "اللّٰهُمَّ عَظُمَ بَلَائِى، وَأَفْرَطَ بِى سُوءُ حالِى، وَقَصُرَتْ بِى أَعْمالِى، ",
            "33": "وَقَعَدَتْ بِى أَغْلالِى، وَحَبَسَنِى عَنْ نَفْعِى بُعْدُ أَمَلِى، ",
            "34": "وَخَدَعَتْنِى الدُّنْيا بِغُرُورِها، وَنَفْسِى بِجِنايَتِها وَمِطالِى ،",
            "35": " يَا سَيِّدِى فَأَسْأَلُكَ بِعِزَّتِكَ أَنْ لَايَحْجُبَ عَنْكَ دُعائِى ",
            "36": "سُوءُ عَمَلِى وَفِعالِى، وَلَا تَفْضَحْنِى بِخَفِيِّ مَا اطَّلَعْتَ عَلَيْهِ مِنْ سِرِّى، ",
            "37": "وَلَا تُعاجِلْنِى بِالْعُقُوبَةِ عَلىٰ مَا عَمِلْتُهُ فِى خَلَواتِى ",
            "38": "مِنْ سُوءِ فِعْلِى وَ إِساءَتِى، وَدَوامِ تَفْرِيطِى وَجَهالَتِى، ",
            "39": "وَكَثْرَةِ شَهَواتِى وَغَفْلَتِى؛ وَ كُنِ اللّٰهُمَّ بِعِزَّتِكَ لِى فِى كُلِّ الْأَحْوالِ رَؤُوفاً، ",
            "40": "وَعَلَىَّ فِى جَمِيعِ الْأُمُورِ عَطُوفاً، إِلٰهِى وَرَبِّى مَنْ لِى غَيْرُكَ، ",
            "41": "أَسْأَلُهُ كَشْفَ ضُرِّى، وَالنَّظَرَ فِى أَمْرِى؛ ",
            "42": "إِلٰهِى وَمَوْلاىَ أَجْرَيْتَ عَلَىَّ حُكْماً اتَّبَعْتُ فِيهِ هَوىٰ نَفْسِى، ",
            "43": "وَلَمْ أَحْتَرِسْ فِيهِ مِنْ تَزْيِينِ عَدُوِّى، فَغَرَّنِى بِمَا أَهْوىٰ ",
            "44": "وَأَسْعَدَهُ عَلَىٰ ذٰلِكَ الْقَضاءُ، فَتَجاوَزْتُ بِما جَرىٰ ",
            "45": "عَلَىَّ مِنْ ذٰلِكَ بَعْضَ حُدُودِكَ ، وَخالَفْتُ بَعْضَ أَوامِرِكَ، ",
            "46": "فَلَكَ الحَمْدُ عَلَىَّ فِى جَمِيعِ ذٰلِكَ؛ ",
            "47": "وَلَا حُجَّةَ لِى فِيما جَرىٰ عَلَىَّ فِيهِ قَضَاؤُكَ، ",
            "48": "وَأَلْزَمَنِى حُكْمُكَ وَبَلٰاؤُكَ، وَقَدْ أَتَيْتُكَ ",
            "49": "يَا إِلٰهِى بَعْدَ تَقْصِيرِى وَ إِسْرافِى عَلىٰ نَفْسِى، ",
            "50": "مُعْتَذِراً نادِماً مُنْكَسِراً مُسْتَقِيلاً مُسْتَغْفِراً مُنِيباً ",
            "51": "مُقِرّاً مُذْعِناً مُعْتَرِفاً، لَاأَجِدُ مَفَرّاً مِمَّا كَانَ مِنِّى ",
            "52": "وَلَا مَفْزَعاً أَتَوَجَّهُ إِلَيْهِ فِى أَمْرِى، غَيْرَ قَبُو لِكَ عُذْرِى ",
            "53": "وَ إِدْخالِكَ إِيَّاىَ فِى سَعَةِ رَحْمَتِكَ . اللّٰهُمَّ فَاقْبَلْ عُذْرِى، ",
            "54": "وَارْحَمْ شِدَّةَ ضُرِّى، وَفُكَّنِى مِنْ شَدِّ وَثاقِى؛ ",
            "55": "يَا رَبِّ ارْحَمْ ضَعْفَ بَدَنِى، وَرِقَّةَ جِلْدِى، وَدِقَّةَ عَظْمِى، ",
            "56": "يَا مَنْ بَدَأَ خَلْقِى وَذِكْرِى وَتَرْبِيَتِى وَبِرِّى وَتَغْذِيَتِى، ",
            "57": "هَبْنِى لِابْتِداءِ كَرَمِكَ وَسالِفِ بِرِّكَ بِى . ",
            "58": "يَا إِلٰهِى وَسَيِّدِى وَرَبِّى، أَتُراكَ مُعَذِّبِى بِنَارِكَ بَعْدَ تَوْحِيدِكَ، ",
            "59": "وَبَعْدَ مَا انْطَوىٰ عَلَيْهِ قَلْبِى مِنْ مَعْرِفَتِكَ، ",
            "60": "وَلَهِجَ بِهِ لِسَانِى مِنْ ذِكْرِكَ، وَاعْتَقَدَهُ ضَمِيرِى مِنْ حُبِّكَ، ",
            "61": "وَبَعْدَ صِدْقِ اعْتِرافِى وَدُعَائِى خَاضِعاً لِرُبُوبِيَّتِكَ؛ ",
            "62": "هَيْهاتَ أَنْتَ أَكْرَمُ مِنْ أَنْ تُضَيِّعَ مَنْ رَبَّيْتَهُ، أَوْ تُبَعِّدَ [تُبْعِدَ] مَنْ أَدْنَيْتَهُ، ",
            "63": "أَوْ تُشَرِّدَ مَنْ آوَيْتَهُ، أَوْ تُسَلِّمَ إِلَى الْبَلَاءِ مَنْ كَفَيْتَهُ وَرَحِمْتَهُ، ",
            "64": "وَلَيْتَ شِعْرِى يَا سَيِّدِى وَ إِلٰهِى وَمَوْلاىَ، ",
            "65": "أَتُسَلِّطُ النَّارَ عَلَىٰ وُجُوهٍ خَرَّتْ لِعَظَمَتِكَ سَاجِدَةً، ",
            "66": "وَعَلَىٰ أَلْسُنٍ نَطَقَتْ بِتَوْحِيدِكَ صَادِقَةً، وَبِشُكْرِكَ مَادِحَةً، ",
            "67": "وَعَلَىٰ قُلُوبٍ اعْتَرَفَتْ بِإِلٰهِيَّتِكَ مُحَقِّقَةً؛ ",
            "68": "وَعَلَىٰ ضَمَائِرَ حَوَتْ مِنَ الْعِلْمِ بِكَ حَتَّىٰ صَارَتْ خَاشِعَةً، ",
            "69": "وَعَلَىٰ جَوارِحَ سَعَتْ إِلَىٰ أَوْطانِ تَعَبُّدِكَ طَائِعَةً، ",
            "70": "وَ أَشارَتْ بِاسْتِغْفارِكَ مُذْعِنَةً، مَا هَكَذَا الظَّنُّ بِكَ،",
            "71": "وَلَا أُخْبِرْنا بِفَضْلِكَ عَنْكَ يَا كَرِيمُ، يَا رَبِّ ",
            "72": "وَأَنْتَ تَعْلَمُ ضَعْفِى عَنْ قَلِيلٍ مِنْ بَلاءِ الدُّنْيا وَعُقُوباتِها، ",
            "73": "وَمَا يَجْرِى فِيها مِنَ الْمَكَارِهِ عَلَىٰ أَهْلِها، ",
            "74": "عَلىٰ أَنَّ ذٰلِكَ بَلاءٌ وَمَكْرُوهٌ قَلِيلٌ مَكْثُهُ، يَسِيرٌ بَقاؤُهُ، ",
            "75": "قَصِيرٌ مُدَّتُهُ؛ فَكَيْفَ احْتِمالِى لِبَلاءِ الْآخِرَةِ ",
            "76": "وَجَلِيلِ وُقُوعِ الْمَكَارِهِ فِيها ؟ وَهُوَ بَلاءٌ تَطُولُ مُدَّتُهُ، ",
            "77": "وَيَدُومُ مَقامُهُ، وَلَا يُخَفَّفُ عَنْ أَهْلِهِ، ",
            "78": "لِأَنَّهُ لَايَكُونُ إِلّا عَنْ غَضَبِكَ وَانْتِقامِكَ وَسَخَطِكَ، ",
            "79": "وَهٰذا ما لَاتَقُومُ لَهُ السَّماواتُ وَالْأَرْضُ، ",
            "80": "يَا سَيِّدِى فَكَيْفَ لِى وَأَنَا عَبْدُكَ الضَّعِيفُ الذَّلِيلُ الْحَقِيرُ الْمِسْكِينُ الْمُسْتَكِينُ؛ ",
            "81": "يا إِلٰهِى وَرَبِّى وَسَيِّدِى وَمَوْلاىَ، لِأَيِّ الْأُمُورِ إِلَيْكَ أَشْكُو، ",
            "82": "وَ لِمَا مِنْها أَضِجُّ وَأَبْكِى، لِأَلِيمِ الْعَذابِ وَشِدَّتِهِ، ",
            "83": "أَمْ لِطُولِ الْبَلَاءِ وَمُدَّتِهِ . فَلَئِنْ صَيَّرْتَنِى لِلْعُقُوبَاتِ مَعَ أَعْدائِكَ، ",
            "84": "وَجَمَعْتَ بَيْنِى وَبَيْنَ أَهْلِ بَلَائِكَ، ",
            "85": "وَفَرَّقْتَ بَيْنِى وَبَيْنَ أَحِبَّائِكَ وَأَوْلِيائِكَ، ",
            "86": "فَهَبْنِى يَا إِلٰهِى وَسَيِّدِى وَمَوْلاىَ وَرَبِّى، ",
            "87": "صَبَرْتُ عَلَىٰ عَذابِكَ، فَكَيْفَ أَصْبِرُ عَلَىٰ فِراقِكَ، ",
            "88": "وَهَبْنِى صَبَرْتُ عَلىٰ حَرِّ نَارِكَ، فَكَيْفَ أَصْبِرُ عَنِ النَّظَرِ إِلَىٰ كَرامَتِكَ ؟ ",
            "89": "أَمْ كَيْفَ أَسْكُنُ فِى النَّارِ وَرَجائِى عَفْوُكَ؟ ",
            "90": "فَبِعِزَّتِكَ يَا سَيِّدِى وَمَوْلاىَ أُقْسِمُ صَادِقاً، لَئِنْ تَرَكْتَنِى نَاطِقاً ",
            "91": "لَأَضِجَّنَّ إِلَيْكَ بَيْنَ أَهْلِها ضَجِيجَ الْآمِلِينَ، ",
            "92": "وَلَأَصْرُخَنَّ إِلَيْكَ صُراخَ الْمُسْتَصْرِخِينَ، ",
            "93": "وَلَأَبْكِيَنَّ عَلَيْكَ بُكَاءَ الْفَاقِدِينَ، وَلَأُنادِيَنَّكَ أَيْنَ كُنْتَ يَا وَلِىَّ الْمُؤْمِنِينَ، ",
            "94": "يَا غَايَةَ آمالِ الْعارِفِينَ، يَا غِياثَ الْمُسْتَغِيثِينَ، ",
            "95": "يَا حَبِيبَ قُلُوبِ الصَّادِقِينَ، وَيَا إِلٰهَ الْعالَمِينَ؛ ",
            "96": "أَفَتُراكَ سُبْحَانَكَ يَا إِلٰهِى وَبِحَمْدِكَ ",
            "97": "تَسْمَعُ فِيها صَوْتَ عَبْدٍ مُسْلِمٍ سُجِنَ فِيها بِمُخالَفَتِهِ، ",
            "98": "وَذاقَ طَعْمَ عَذابِها بِمَعْصِيَتِهِ، وَحُبِسَ بَيْنَ أَطْباقِها بِجُرْمِهِ وَجَرِيرَتِهِ، ",
            "99": "وَهُوَ يَضِجُّ إِلَيْكَ ضَجِيجَ مُؤَمِّلٍ لِرَحْمَتِكَ، ",
            "100": "وَيُنادِيكَ بِلِسانِ أَهْلِ تَوْحِيدِكَ، وَيَتَوَسَّلُ إِلَيْكَ بِرُبُوبِيَّتِكَ ؟ ",
            "101": "يَا مَوْلاىَ فَكَيْفَ يَبْقىٰ فِى الْعَذابِ وَهُوَ يَرْجُو مَا سَلَفَ مِنْ حِلْمِكَ ؟ ",
            "102": "أَمْ كَيْفَ تُؤْلِمُهُ النَّارُ وَهُوَ يَأْمُلُ فَضْلَكَ وَرَحْمَتَكَ ؟ ",
            "103": "! أَمْ كَيْفَ يُحْرِقُهُ لَهِيبُها وَأَنْتَ تَسْمَعُ صَوْتَهُ وَتَرىٰ مَكانَهُ ؟ ",
            "104": "أَمْ كَيْفَ يَشْتَمِلُ عَلَيْهِ زَفِيرُها وَأَنْتَ تَعْلَمُ ضَعْفَهُ ؟ ",
            "105": "أَمْ كَيْفَ يَتَقَلْقَلُ بَيْنَ أَطْباقِها وَأَنْتَ تَعْلَمُ صِدْقَهُ ؟ ",
            "106": "أَمْ كَيْفَ تَزْجُرُهُ زَبانِيَتُها وَهُوَ يُنادِيكَ يَا رَبَّهُ ؟ ",
            "107": "أَمْ كَيْفَ يَرْجُو فَضْلَكَ فِى عِتْقِهِ مِنْها فَتَتْرُكُهُ فِيها، ",
            "108": "هَيْهاتَ ما ذٰلِكَ الظَّنُ بِكَ، وَلَا الْمَعْرُوفُ مِنْ فَضْلِكَ، ",
            "109": "وَلَا مُشْبِهٌ لِمَا عَامَلْتَ بِهِ الْمُوَحِّدِينَ مِنْ بِرِّكَ وَ إِحْسانِكَ؛ ",
            "110": "فَبِالْيَقِينِ أَقْطَعُ، لَوْلَا مَا حَكَمْتَ بِهِ مِنْ تَعْذِيبِ جَاحِدِيكَ، ",
            "111": "وَقَضَيْتَ بِهِ مِنْ إِخْلادِ مُعانِدِيكَ، لَجَعَلْتَ النَّارَ كُلَّها بَرْداً وَسَلاماً، ",
            "112": "وَمَا كانَ لِأَحَدٍ فِيها مَقَرّاً وَلَا مُقاماً، لَكِنَّكَ تَقَدَّسَتْ أَسْماؤُكَ ",
            "113": "أَقْسَمْتَ أَنْ تَمْلَأَها مِنَ الْكَافِرِينَ، مِنَ الْجِنَّةِ وَالنَّاسِ أَجْمَعِينَ، ",
            "114": "وَأَنْ تُخَلِّدَ فِيهَا الْمُعانِدِينَ، وَأَنْتَ جَلَّ ثَناؤُكَ قُلْتَ مُبْتَدِئاً، ",
            "115": "وَتَطَوَّلْتَ بِالْإِنْعامِ مُتَكَرِّماً، ﴿أَفَمَنْ كَانَ مُؤْمِناً كَمَنْ كَانَ فَاسِقاً لَا يَسْتَوُونَ﴾؛ ",
            "116": " إِلٰهِى وَسَيِّدِى، فَأَسْأَلُكَ بِالْقُدْرَةِ الَّتِى قَدَّرْتَها، ",
            "117": "وَبِالْقَضِيَّةِ الَّتِى حَتَمْتَها وَحَكَمْتَها، وَغَلَبْتَ مَنْ عَلَيْهِ أَجْرَيْتَها، ",
            "118": "أَنْ تَهَبَ لِى فِى هَذِهِ اللَّيْلَةِ وَفِى هَذِهِ السَّاعَةِ، كُلَّ جُرْمٍ أَجْرَمْتُهُ، ",
            "119": "وَكُلَّ ذَنْبٍ أَذْنَبْتُهُ، وَكُلَّ قَبِيحٍ أَسْرَرْتُهُ، وَكُلَّ جَهْلٍ عَمِلْتُهُ، ",
            "120": "كَتَمْتُهُ أَوْ أَعْلَنْتُهُ، أَخْفَيْتُهُ أَوْ أَظْهَرْتُهُ، ",
            "121": "وَكُلَّ سَيِّئَةٍ أَمَرْتَ بِإِثْباتِهَا الْكِرامَ الْكاتِبِينَ؛ ",
            "122": "الَّذِينَ وَكَّلْتَهُمْ بِحِفْظِ مَا يَكُونُ مِنِّى، ",
            "123": "وَجَعَلْتَهُمْ شُهُوداً عَلَىَّ مَعَ جَوارِحِى، ",
            "124": "وَكُنْتَ أَنْتَ الرَّقِيبَ عَلَىَّ مِنْ وَرائِهِمْ، ",
            "125": "وَالشَّاهِدَ لِما خَفِىَ عَنْهُمْ، وَبِرَحْمَتِكَ أَخْفَيْتَهُ، ",
            "126": "وَبِفَضْلِكَ سَتَرْتَهُ، وَأَنْ تُوَفِّرَ حَظِّى، مِنْ كُلِّ خَيْرٍ أَنْزَلْتَهُ، ",
            "127": "أَوْ إِحْسَانٍ فَضَّلْتَه، أَوْ بِرٍّ نَشَرْتَهُ، أَوْ رِزْقٍ بَسَطْتَهُ ، ",
            "128": "أَوْ ذَنْبٍ تَغْفِرُهُ، أَوْ خَطَاً تَسْتُرُهُ، يَا رَبِّ يَا رَبِّ يَا رَبِّ؛ ",
            "129": "! يَا إِلٰهِى وَسَيِّدِى وَمَوْلاىَ وَمالِكَ رِقِّى، ",
            "130": "يَا مَنْ بِيَدِهِ نَاصِيَتِى، يَا عَلِيماً بِضُرِّى وَمَسْكَنَتِى، ",
            "131": "يَا خَبِيراً بِفَقْرِى وَفاقَتِى، يَا رَبِّ يَا رَبِّ يَا رَبِّ، ",
            "132": "أَسْأَلُكَ بِحَقِّكَ وَقُدْسِكَ وَأَعْظَمِ صِفاتِكَ وَأَسْمائِكَ، ",
            "133": "أَنْ تَجْعَلَ أَوْقاتِى مِنَ اللَّيْلِ وَالنَّهارِ بِذِكْرِكَ مَعْمُورَةً، ",
            "134": "وَبِخِدْمَتِكَ مَوْصُولَةً؛ وَأَعْمالِى عِنْدَكَ مَقْبُولَةً، ",
            "135": "حَتَّىٰ تَكُونَ أَعْمالِى وَأَوْرادِى كُلُّها وِرْداً وَاحِداً، ",
            "136": "وَحالِى فِى خِدْمَتِكَ سَرْمَداً يَا سَيِّدِى يَا مَنْ عَلَيْهِ مُعَوَّلِى،",
            "137": "يَا مَنْ إِلَيْهِ شَكَوْتُ أَحْوالِى، يَا رَبِّ يَا رَبِّ يَا رَبِّ، ",
            "138": "قَوِّ عَلىٰ خِدْمَتِكَ جَوارِحِى، وَاشْدُدْ عَلَى الْعَزِيمَةِ جَوانِحِى، ",
            "139": "وَهَبْ لِىَ الْجِدَّ فِى خَشْيَتِكَ، وَالدَّوامَ فِى الاتِّصالِ بِخِدْمَتِكَ، ",
            "140": "حَتّىٰ أَسْرَحَ إِلَيْكَ فِى مَيادِينِ السَّابِقِينَ؛ وَأُسْرِعَ إِلَيْكَ فِى البَارِزِينَ، ",
            "141": "وَأَشْتاقَ إِلىٰ قُرْبِكَ فِى الْمُشْتاقِينَ، وَأَدْنُوَ مِنْكَ دُنُوَّ الْمُخْلِصِينَ، ",
            "142": "وَأَخافَكَ مَخافَةَ الْمُوقِنِينَ، وَأَجْتَمِعَ فِى جِوارِكَ مَعَ الْمُؤْمِنِينَ . ",
            "143": "اللّٰهُمَّ وَمَنْ أَرادَنِى بِسُوءٍ فَأَرِدْهُ، ",
            "144": "وَمَنْ كادَنِى فَكِدْهُ، وَاجْعَلْنِى مِنْ أَحْسَنِ عَبِيدِكَ نَصِيباً عِنْدَكَ، ",
            "145": "وَأَقْرَبِهِمْ مَنْزِلَةً مِنْكَ، وَأَخَصِّهِمْ زُلْفَةً لَدَيْكَ، ",
            "146": "فَإِنَّهُ لَايُنالُ ذٰلِكَ إِلّا بِفَضْلِكَ، وَجُدْ لِى بِجُودِكَ، ",
            "147": "وَاعْطِفْ عَلَىَّ بِمَجْدِكَ؛ وَاحْفَظْنِى بِرَحْمَتِكَ، ",
            "148": "وَاجْعَلْ لِسانِى بِذِكْرِكَ لَهِجاً، وَقَلْبِى بِحُبِّكَ مُتَيَّماً، ",
            "149": "وَمُنَّ عَلَىَّ بِحُسْنِ إِجابَتِكَ، وَأَقِلْنِى عَثْرَتِى، ",
            "150": "وَاغْفِرْ زَلَّتِى، فَإِنَّكَ قَضَيْتَ عَلىٰ عِبادِكَ بِعِبادَتِكَ، ",
            "151": "وَأَمَرْتَهُمْ بِدُعائِكَ، وَضَمِنْتَ لَهُمُ الْإِجابَةَ، ",
            "152": "فَإِلَيْكَ يارَبِّ نَصَبْتُ وَجْهِى، وَ إِلَيْكَ يَا رَبِّ مَدَدْتُ يَدِى، ",
            "153": "فَبِعِزَّتِكَ اسْتَجِبْ لِى دُعائِى، وَبَلِّغْنِى مُناىَ، ",
            "154": "وَلَا تَقْطَعْ مِنْ فَضْلِكَ رَجائِى، وَاكْفِنِى شَرَّ الْجِنِّ وَالْإِنْسِ مِنْ أَعْدائِى؛ ",
            "155": "يَا سَرِيعَ الرِّضا، اغْفِرْ لِمَنْ لَايَمْلِكُ إِلّا الدُّعاءَ، ",
            "156": "فَإِنَّكَ فَعَّالٌ لِما تَشَاءُ، يَا مَنِ اسْمُهُ دَوَاءٌ، وَذِكْرُهُ شِفاءٌ، ",
            "157": "وَطَاعَتُهُ غِنىً، ارْحَمْ مَنْ رَأْسُ مالِهِ الرَّجاءُ، وَسِلاحُهُ الْبُكَاءُ، ",
            "158": "يَا سَابِغَ النِّعَمِ، يَا دَافِعَ النِّقَمِ، يَا نُورَ الْمُسْتَوْحِشِينَ فِى الظُّلَمِ، ",
            "159": "يَا عَالِماً لَايُعَلَّمُ، صَلِّ عَلَىٰ مُحَمَّدٍ وَآلِ مُحَمَّدٍ،",
            "160": "وَافْعَلْ بِى مَا أَنْتَ أَهْلُهُ، وَصَلَّى اللّٰهُ عَلىٰ رَسُو لِهِ ",
            "161": "وَالْأَئِمَّةِ الْمَيامِينَ مِنْ آلِهِ وَسَلَّمَ تَسْلِيماً كَثِيراً. ",
            "162": ""



        },
        "farsi": {
            "1": "خدایا از تو درخواست می\u200Cکنم، به رحمتت که همه\u200Cچیز را فراگرفته ",
            "2": "و به نیرویت که با آن بر هر چیز چیره گشتی و در برابر آن هر چیز فروتنی کرده ",
            "3": "و همه\u200Cچیز خوار شده و به نیروی مطلقت که با آن بر همه\u200Cچیزی برتری یافتی ",
            "4": "و به توانایی\u200Cات که چیزی در برابرش تاب نیاورد و به بزرگی\u200Cات که همه\u200Cچیز را پر کرده ",
            "5": "و به پادشاهی\u200Cات که برتر از همه\u200Cچیز قرار گرفته و به ذاتت که پس از نابودی همه\u200Cچیز باقی است ",
            "6": "و به نام\u200Cهایت که پایه\u200Cهای همه\u200Cچیز را انباشته و به دانشت که بر همه\u200Cچیز احاطه کرده ",
            "7": "و به نور ذاتت که همه\u200Cچیز در پرتو آن تابنده شده؛ ",
            "8": "ای نور، ای پاک از هر عیب، ای آغاز هر آغاز و ای پایان هر پایان، ",
            "9": "خدایا! بیامرز برایم آن گناهانی را که پرده مصونیتم می\u200Cدرد، ",
            "10": "خدایا! بیامرز برایم آن گناهانی را که کیفرها را فرو می\u200Cبارند، ",
            "11": "خدایا! بیامرز برایم آن گناهانی که نعمت\u200Cها را دگرگون می\u200Cسازند، ",
            "12": "خدایا! بیامرز برایم آن گناهانی را که دعا را از اجابت بازمی\u200Cدارند، ",
            "13": "خدایا! بیامرز برایم آن گناهانی که بلا را نازل می\u200Cکند؛ ",
            "14": "خدایا! بیامرز برایم همه گناهانی را که مرتکب شدم و تمام خطاهایی که به آن\u200Cها آلوده گشتم، ",
            "15": "خدایا! با یاد تو به\u200Cسویت نزدیکی می\u200Cجویم و از ناخشنودی تو به درگاه خودت شفاعت می\u200Cطلبم ",
            "16": "و از تو می\u200Cخواهم به بخشندگی\u200Cات مرا به بارگاه قرب خویش نزدیک گردانی ",
            "17": "و سپاس خود را در دلم اندازی و یادت را به من الهام کنی، ",
            "18": "خدایا! از تو درخواست می\u200Cکنم، درخواست بنده\u200Cای فروتن، خوار و افتاده ",
            "19": "که با من مدارا نمایی و به من رحم کنی و به آنچه روزی\u200Cام نموده\u200Cای خشنود و قانع بداری ",
            "20": "و در تمام حالات در عرصه\u200Cی فروتنی\u200Cام قراردهی؛ ",
            "21": "خدایا! از تو درخواست می\u200Cکنم درخواست کسی که سخت تهیدست شده ",
            "22": "و بار نیازش را به هنگام گرفتاری\u200Cها به آستان تو فرود آورده و میلش به آنچه نزد توست فزونی یافته، ",
            "23": "خدایا! فرمانروایی\u200Cات بس بزرگ و مقامت والا و تدبیرت پنهان و فرمانت آشکار ",
            "24": "و کوبندگی\u200Cات چیره و قدرتت جاری و روان و گریز از حکومتت نشدنی است؛ ",
            "25": "خدایا! آمرزنده\u200Cای برای گناهانم و پرده\u200Cپوشی برای زشتکاری\u200Cهایم ",
            "26": "و تغییر دهنده\u200Cای برای کار زشتم به زیبایی، جز تو نمی\u200Cیابم،",
            "27": " معبودی جز تو نیست، پاک و منزّهی و به ستایشت برخاسته\u200Cام، به خود ستم کردم ",
            "28": "و از روی نادانی جسارت و دلیری کردم و به یاد دیرینه\u200Cات از من و بخششت بر من به آرامش نشستم، ",
            "29": "خدایا! ای سرور من چه بسیار زشتی مرا پوشاندی و چه بسیار بلاهای سنگین و بزرگی که از من معاف کردی ",
            "30": "و چه بسیار لغزشی که مرا از آن نگهداشتی و چه بسیار ناپسندی که از من دور کردی ",
            "31": "و چه بسیار ستایش نیکویی که شایسته آن نبودم و تو در میان مردم پخش کردی؛ ",
            "32": "خدایا! بلایم بزرگ شده و زشتی حالم از حدّ گذشته و کردارم بی\u200Cلیاقت و بی\u200Cخبرم ساخته ",
            "33": "و زنجیرهای گناه مرا زمین\u200Cگیر کرده و دوری آرزوهایم مرا زندانی ساخته",
            "34": " و دنیا با غرورش و نفسم با جنایتش و امروز و فردا کردنم مرا نسبت به تو فریفته، ",
            "35": "ای سرورم از تو درخواست می\u200Cکنم به توانمندی\u200Cات که مانع نشود از اجابت دعایم به درگاهت، ",
            "36": "بدی عمل و زشتی کردارم و مرا با آنچه از اسرار نهانم می\u200Cدانی رسوا مسازی ",
            "37": "و در کیفر آنچه در خلوت\u200Cهایم انجام دادم، ",
            "38": "از زشتی کردار و بدی رفتار و تداوم کوتاهی\u200Cام در وظایف و نادانی ",
            "39": "و بسیاری شهواتم و بی\u200Cخبری\u200Cام، شتاب نکنی؛ خدایا! با من در همه احوال مهر ورز باش ",
            "40": "و بر من در هر کارم به دیده لطف بنگر. خدایا، پروردگارا، جز تو که را دارم؟ ",
            "41": "تا برطرف شدن ناراحتی و نظر لطف در کارم را از او درخواست کنم؛ ",
            "42": "خدای من و سرور من، حکمی را بر من جاری ساختی که هوای نفسم را در آن پیروی کردم ",
            "43": "و از فریبکاری آرایش دشمنم نهراسیدم، پس مرا به خواهش دل فریفت ",
            "44": "و بر این امر اختیار و اراده\u200Cام یاریش کرد، پس بدین\u200Cسان و بر پایه گذشته\u200Cهایم ",
            "45": "از حدودت گذشتم و با برخی از دستوراتت مخالفت کردم، ",
            "46": "پس حجت در همه این\u200Cها فقط برای توست؛ ",
            "47": "و مرا هیچ دلیل و حجتی نیست در آنچه بر من از سوی قضایت جاری شده ",
            "48": "و فرمان و آزمایشت ملزمم نموده، ",
            "49": "ای خدای من، اینک به پیشگاهت آمدم، پس از کوتاهی در عبادت و زیاده\u200Cروی در خواهش\u200Cهای نفس ",
            "50": "عذرخواه، پشیمان، شکسته\u200Cدل، جویای گذشت، طالب آمرزش، ",
            "51": "بازگشت کنان با حالت اقرار و اذعان و اعتراف به گناه، بی\u200Cآنکه گریزگاهی از آنچه از من سرزده بیابم ",
            "52": "و نه پناهگاهی که به آن روی آورم پیدا کنم، جز اینکه پذیرای عذرم باشی ",
            "53": "و مرا در رحمت فراگیرت بگنجانی. خدایا! پس عذرم را بپذیر ",
            "54": "و به بدحالی\u200Cام رحم کن و از بند محکم گناه رهایم ساز؛ ",
            "55": "پروردگارا! بر ناتوانی جسمم و نازکی پوستم و نرمی استخوانم رحم کن. ",
            "56": "ای که آغازگر آفرینش و یاد و پرورش و نیکی بر من و تغذیه\u200Cام بوده\u200Cای، ",
            "57": "اکنون مرا ببخش به همان بزرگواری نخستت و پیشینه احسانت بر من، ",
            "58": "ای خدای من و سرور و پروردگارم، آیا مرا به آتش دوزخ عذاب کنی، پس از اقرار به یگانگی\u200Cات ",
            "59": "و پس از آنکه دلم از نور شناخت تو روشنی گرفت ",
            "60": "و زبانم در پرتو آن به ذکرت گویا گشت و پس از آنکه درونم از باور به تو لبریز شد ",
            "61": "و پس از مخلص بودنم در اعتراف و درخواست متواضعانه\u200Cام در برابر پروردگاری\u200Cات؟ ",
            "62": "باور نمی\u200Cکنم چه آن بسیار بعید است و تو بزرگوارتر از آن هستی که پرورده\u200Cات را تباه کنی یا آن را که به خود نزدیک کرده\u200Cای دور کنی ",
            "63": "یا آن را که پناه دادی از خود برانی یا آن را که خود کفایت نموده\u200Cای و به او رحم کردی به موج بلا واگذاری! ",
            "64": "ای کاش می\u200Cدانستم ای سرورم و معبودم و مولایم، ",
            "65": "آیا آتش را بر صورت\u200Cهایی که برای عظمتت سجده\u200Cکنان بر زمین نهاده شده چیره می\u200Cکنی ",
            "66": "و نیز بر زبان\u200Cهایی که صادقانه به توحیدت و به سپاست مدح\u200Cکنان گویا شده ",
            "67": "و هم بر دل\u200Cهایی که بر پایه تحقیق به خداوندیت اعتراف کرده؛ ",
            "68": "و بر نهادهایی که معرفت به تو آن\u200Cها را فراگرفته تا آنجا که در پیشگاهت افتادگی کرده ",
            "69": "و به اعضایی که مشتاقانه به\u200Cسوی پرستشگاه\u200Cهایت شتافته\u200Cاند ",
            "70": "و اقرار کنان جویای آمرزش تو بوده\u200Cاند، شگفتا این همه را به آتش می\u200Cسوزانی! هرگز چنین گمانی به تو نیست ",
            "71": "و از فضل و احسان تو چنین خبری داده نشده، ای بزرگوار، ای پروردگار ",
            "72": "و تو از ناتوانی\u200Cام در برابر اندکی از غم و اندوه دنیا و کیفرهای آن ",
            "73": "و آنچه از ناگواری\u200Cها بر اهلش می\u200Cگذرد آگاهی، ",
            "74": "با آنکه این غم و اندوه و ناگواری درنگش کم، بقایش اندک و مدّتش کوتاه است؛ ",
            "75": "پس چگونه خواهد بود تاب و توانم در برابر بلای آخرت ",
            "76": "و فرود آمدن ناگواری\u200Cها در آن جهان بر جسم و جانم و حال آنکه زمانش طولانی ",
            "77": "و جایگاهش ابدی است و تخفیفی برای اهل آن بلا نخواهد بود، ",
            "78": "چراکه مایه آن بلا جز از خشم و انتقام و ناخشنودی تو نیست ",
            "79": "و این چیزی است که در برابرش آسمان\u200Cها و زمین تاب نیاورند، ",
            "80": "ای سرور من تا چه رسد به من؟ و حال آنکه من بنده ناتوان، خوار و کوچک، زمین\u200Cگیر و درمانده توأم؛ ",
            "81": "ای خدای من و پروردگار و سرور و مولایم، برای کدامیک از دردهایم به حضرتت شکایت کنم ",
            "82": "و برای کدامین گرفتاریم به درگاهت بنالم و اشک بریزم. آیا برای دردناکی عذاب و سختی\u200Cاش، ",
            "83": "یا برای طولانی شدن بلا و زمانش، پس اگر مرا در عقوبت و مجازات با دشمنانت قرار دهی ",
            "84": "و بین من و اهل عذابت جمع کنی ",
            "85": "و میان من و عاشقان و دوستانت جدایی اندازی، ",
            "86": "ای خدا و آقا و مولا و پروردگارم، ",
            "87": "بر فرض که بر عذابت شکیبایی ورزم، ولی بر فراقت چگونه صبر کنم ",
            "88": "و گیرم ای خدای من بر سوزندگی آتشت شکیبایی کنم، اما چگونه چشم\u200C انداختن به بزرگ\u200Cمنشی و سخاوتت را تاب آورم ",
            "89": "یا چگونه در آتش، سکونت گزینم و حال آنکه امید من گذشت و چشم\u200Cپوشی توست؟! ",
            "90": "پس به توانمندی\u200Cات ای آقا و مولایم سوگند صادقانه می\u200Cخورم، اگر مرا در سخن گفتن آزاد بگذاری ",
            "91": "در میان اهل دوزخ به پیشگاهت سخت ناله سر دهم، همانند ناله\u200Cی آرزومندان ",
            "92": "و به درگاهت بانگ بردارم، همچون بانگ آنان\u200Cکه خواهان دادرسی هستند ",
            "93": "و هر آینه به آستانت گریه می\u200Cکنم چو آنان\u200Cکه مبتلا به فقدان عزیزی می\u200Cباشند و هر آینه صدایت می\u200Cزنم: کجایی\u200C ای سرپرست مؤمنان، ",
            "94": "آری کجایی\u200C ای نهایت آرزوی عارفان، ای فریادرس خواهندگان فریادرس، ",
            "95": "ای محبوب دل\u200Cهای راستان و ای معبود جهانیان؛ ",
            "96": "آیا این چنین است، ای خدای منزّه و ستوده ",
            "97": "که در دوزخ بشنوی صدای بنده مسلمانی که برای مخالفتش با دستورات تو زندانی شده ",
            "98": "و مزه عذابش را به خاطر نافرمانی چشیده و میان درکات دوزخ به علّت جرم و جنایتش محبوس شده ",
            "99": "و حال آنکه در درگاهت سخت ناله می\u200Cزند، همچون ناله آن\u200Cکه آرزومند رحمت توست ",
            "100": "و با زبان اهل توحیدت تو را می\u200Cخواند و به ربوبیتت به پیشگاهت توسّل می\u200Cجوید، ",
            "101": "ای مولای من، چگونه در عذاب بماند و حال آنکه امید به بردباری گذشته\u200Cات دارد",
            "102": " یا آتش چگونه او را به درد آورد درحالی\u200Cکه بخشش و رحمت تو را آرزو دارد؟",
            "103": "یا چگونه شعله آتش او را بسوزاند درحالی\u200Cکه فریادش را می\u200Cشنوی و جایش را می\u200Cبینی ",
            "104": "یا چگونه آتش او را دربر بگیرد و حال آنکه از ناتوانی\u200Cاش خبرداری، ",
            "105": "یا چگونه در طبقات دوزخ به این سو و آن سو کشانده شود درحالی که راست\u200Cگویی\u200Cاش را می\u200Cدانی، ",
            "106": "یا چگونه فرشته\u200Cهای عذاب او را با خشم برانند و حال آنکه تو را به پروردگاری\u200Cات می\u200Cخواند، ",
            "107": "یا چگونه ممکن است بخششت را در آزادی از دوزخ امید داشته باشد و تو او را در آنجا به همان حال واگذاری؟ ",
            "108": "همه این امور از بنده\u200Cنوازی تو بس دور است، هرگز گمان ما به تو این نیست ",
            "109": "و نه از فضل تو چنین گویند و نه به آنچه از خوبی و احسانت با اهل توحید رفتار کرده\u200Cای شباهتی دارد؛ ",
            "110": "پس به یقین می\u200Cدانم که اگر فرمانت در به عذاب کشیدن منکرانت نبود ",
            "111": "و دستورت به همیشگی بودن دشمنانت در آتش صادر نمی\u200Cشد، هر آینه سرتاسر دوزخ را سرد و سلامت می\u200Cکردی ",
            "112": "و برای احدی در آنجا قرار و جایگاهی نبود، امّا تو که نام\u200Cهایت مقدّس است، ",
            "113": "سوگند یاد کردی که دوزخ را از همه\u200Cی کافران چه پری و چه آدمی پر سازی ",
            "114": "و ستیزه\u200Cجویان را در آنجا همیشگی و جاودانه بداری و هم تو ـ که ثنایت برجسته و والا است ـ به این گفته ابتدا کردی ",
            "115": "و با نیکی و محبت و لطف، بزرگ\u200Cمنشی فرمودی که « آیا مؤمنانِ [اهل عبادت] مانند کسانی هستند که منحرف و نافرمانند؟ [نه، هرگز این دو گروه] مساوی نیستند»؛",
            "116": "ای خدا و سرور من، از تو خواستارم به قدرتی که مقدّر کردی ",
            "117": "و به فرمانی که حتمیتش دادی و استوارش ساختی و بر کسی که بر او اجرایش کردی چیره کردی ",
            "118": "که در این شب و در این ساعت بر من ببخشی هر جرمی که مرتکب شدم ",
            "119": "و هر گناهی که به آن آلوده گشتم و هر کار زشتی را که پنهان ساختم و هر نادانی و جهلی که آن را بکار گرفتم، ",
            "120": "خواه پنهان کردم یا آشکار، نهان ساختم یا عیان ",
            "121": "و هر کار زشتی که دستور ثبت آن را به نویسندگان بزرگوار دادی؛ ",
            "122": "آنان که بر ضبط آنچه از من سر زند گماشتی ",
            "123": "و آنان را نیز گواهانی بر من قراردادی علاوه بر اعضایم ",
            "124": "و خود فراتر از آن\u200Cها مراقب من بودی",
            "125": " و شاهد بر آنچه از آنان پنهان ماند و به یقین با رحمتت پنهان ساختی ",
            "126": "و با احسانت پوشاندی و اینکه از تو می\u200Cخواهم از هرچیزی\u200Cکه نازل کردی ",
            "127": "یا احسانی که مرحمت نمودی یا برّ و نیکی که گستردی یا رزقی که گسترش دادی ",
            "128": "یا گناهی که بیامرزی یا خطایی که بپوشانی، پروردگارا، پروردگارا، پروردگارا",
            "129": "ای خدای من، ای سرور من، ای مولای من و اختیاردارم،",
            "130": " ای کسی که مهارم به دست اوست، ای آگاه از پریشانی و ناتوانی\u200Cام، ",
            "131": "ای دانای تهیدستی و ناداری\u200Cام، پروردگارا! پروردگارا! پروردگارا! ",
            "132": "از تو درخواست می\u200Cکنم به حقّت و قداست و پاکی\u200Cات و بزرگ\u200Cترین صفات و نام\u200Cهایت",
            "133": " که همه اوقاتم را از شب و روز به یادت آباد کنی ",
            "134": "و به خدمتگزاری\u200Cات پیوسته بداری؛ و اعمالم را در پیشگاهت پذیرفته قراردهی ",
            "135": "تا آنکه اعمال و اورادم هماهنگ و همسو و همه ورد واحدی باشد ",
            "136": "و حالم در خدمت تو پاینده گردد، ای سرور من، ای آن\u200Cکه بر او تکیه دارم،",
            "137": "ای آن\u200Cکه شکایت حالم را تنها به\u200Cسوی او برم، ",
            "138": "ای پروردگارم، ای پروردگارم، ای پروردگارم، اعضایم را در راه خدمتت نیرو بخش و دلم را بر عزم و همّتت محکم کن ",
            "139": "و کوشش در راستای پروایت و دوام در پیوستن به خدمتت را به من ارزانی دار ",
            "140": "تا به\u200Cسویت در میدان\u200Cهای پیشتازان برانم؛ و به\u200Cسویت در میان شتابندگان بشتابم ",
            "141": "و مشتاقانه به سوی قربت در میان مشتاقان قرار گیرم و همانند مخلصان به تو نزدیک شوم ",
            "142": "و چون یقین آوردگان از جاه و عظمت تو بهراسم و با اهل ایمان در جوارت گرد آیم. ",
            "143": "خدایا! هرکس مرا به بدی قصد کند تو قصدش کن ",
            "144": "وهرکس با من مکر ورزد تو نسیت به او چاره\u200Cسازی کن و مرا از بهره\u200Cمندترین بندگانت نزد خود ",
            "145": "و نزدیک\u200Cترینشان در منزلت به تو و ویژه\u200Cترینشان در رتبه به پیشگاهت بگردان، ",
            "146": "زیرا این همه به دست نیاید جز به فضل و احسان تو، خدایا! با جودت به من جود کن ",
            "147": "و با بزرگواری\u200Cات به من نظر انداز؛ و با رحمتت مرا نگاهدار ",
            "148": "و زبانم را به ذکرت گویا کن و دلم را به محبتت شیفته و شیدا فرما ",
            "149": "و بر من منّت گذار با پاسخ نیکویت و لغزشم را نادیده انگار ",
            "150": "و گناهم را ببخش، زیرا تو بندگانت را به بندگی فرمان دادی ",
            "151": "و به دعا و درخواست از خود دستور دادی و اجابت دعا را برای آنان ضامن شدی، ",
            "152": "پس ای پروردگار من فقط روی به\u200Cسوی تو نهادم و دستم را تنها به جانب تو دراز کردم، ",
            "153": "پس تو را به عزّتت سوگند می\u200Cدهم که دعایم را مستجاب کنی و مرا به آرزویم برسانی ",
            "154": "و امیدم را از احسان و فضلت ناامید نکنی و شرّ دشمنانم را از پری و آدمی از من بازداری؛ ",
            "155": "ای خدایی که به سرعت از بنده\u200Cات خشنود می\u200Cشوی، بیامرز آن را که جز دعا مالک چیزی نیست، ",
            "156": "همانا تو هرچه بخواهی انجام می\u200Cدهی، ای آن\u200Cکه نامش دوا و یادش درمان ",
            "157": "و طاعتش توانگری است، رحم کن به کسی که سرمایه\u200Cاش امید و سازوبرگش اشک\u200Cریزان است، ",
            "158": "ای گسترش دهنده نعمت\u200Cها، ای دورکننده\u200Cی بلاها، ای روشنی\u200Cبخش وحشت زدگان در تاریکی\u200Cها، ",
            "159": "ای دانای ناآموخته، بر محمّد و خاندان محمّد درود فرست ",
            "160": "و با من چنان کن که شایسته\u200Cاش هستی و درود و سلام فراوان خدا بر پیامبرش ",
            "161": "و بر امامان خجسته از خاندانش.",
            "162": ""
        },
        "tozih": {
            "1": "دعای کمیل از دعا های بسیار معروف حضرت علی علیه السلام است که  آن را به کمیل که از خواصّ اصحاب آن حضرت بود آموخت . باشد این زیارت را به نیابت از امیرالمؤمنین علیه السلام برای سلامتی امام زمان عج الله تعالی فرجه الشریف بخوانیم: ",
            "2": "",
            "3": "",
            "4": "",
            "5": "",
            "6": "",
            "7": "",
            "8": "",
            "9": "",
            "10": "",
            "11": "",
            "12": "",
            "13": "",
            "14": "",
            "15": "",
            "16": "",
            "17": "",
            "18": "",
            "19": "",
            "20": "",
            "21": "",
            "22": "",
            "23": "",
            "24": "",
            "25": "",
            "26": "",
            "27": "",
            "28": "",
            "29": "",
            "30": "",
            "31": "",
            "32": "",
            "33": "",
            "34": "",
            "35": "",
            "36": "",
            "37": "",
            "38": "",
            "39": "",
            "40": "",
            "41": "",
            "42": "",
            "43": "",
            "44": "",
            "45": "",
            "46": "",
            "47": "",
            "48": "",
            "49": "",
            "50": "",
            "51": "",
            "52": "",
            "53": "",
            "54": "",
            "55": "",
            "56": "",
            "57": "",
            "58": "",
            "59": "",
            "60": "",
            "61": "",
            "62": "",
            "63": "",
            "64": "",
            "65": "",
            "66": "",
            "67": "",
            "68": "",
            "69": "",
            "70": "",
            "71": "",
            "72": "",
            "73": "",
            "74": "",
            "75": "",
            "76": "",
            "77": "",
            "78": "",
            "79": "",
            "80": "",
            "81": "",
            "82": "",
            "83": "",
            "84": "",
            "85": "",
            "86": "",
            "87": "",
            "88": "",
            "89": "",
            "90": "",
            "91": "",
            "92": "",
            "93": "",
            "94": "",
            "95": "",
            "96": "",
            "97": "",
            "98": "",
            "99": "",
            "100": "",
            "101": "",
            "102": "",
            "103": "",
            "104": "",
            "105": "",
            "106": "",
            "107": "",
            "108": "",
            "109": "",
            "110": "",
            "111": "",
            "112": "",
            "113": "",
            "114": "",
            "115": "",
            "116": "",
            "117": "",
            "118": "",
            "119": "",
            "120": "",
            "121": "",
            "122": "",
            "123": "",
            "124": "",
            "125": "",
            "126": "",
            "127": "",
            "128": "",
            "129": "",
            "130": "",
            "131": "",
            "132": "",
            "133": "",
            "134": "",
            "135": "",
            "136": "",
            "137": "",
            "138": "",
            "139": "",
            "140": "",
            "141": "",
            "142": "",
            "143": "",
            "144": "",
            "145": "",
            "146": "",
            "147": "",
            "148": "",
            "149": "",
            "150": "",
            "151": "",
            "152": "",
            "153": "",
            "154": "",
            "155": "",
            "156": "",
            "157": "",
            "158": "",
            "159": "",
            "160": "",
            "161": "",
            "162": ""




        }
    }
}