{
    "1": {
        "number": 1,
        "bab": 1,
        "title": "حدیث کساء",
        "arabic": {
            "1": "بِسْمِ اللَّهِ الرَّحْمَنِ الرَّحِيمِ",
            "2": "عَنْ فاطِمَةَ الزَّهْراءِ عَلَيهَا السَّلامُ بِنْتِ رَسُولِ اللَّهِ صَلَّي اللَّهُ عَلَيهِ وَآلِهِ ",
            "3": "قالَ سَمِعْتُ فاطِمَةَ اَنَّها قالَتْ ",
            "4": "دَخَلَ عَلَيَّ اَبي رَسُولُ اللَّهِ في بَعْضِ الْأَيَّامِ، ",
            "5": "فَقالَ السَّلامُ عَلَيْكِ يا فاطِمَةُ، فَقُلْتُ عَلَيْكَ السَّلامُ ",
            "6": "قالَ اِنّي اَجِدُ في بَدَني ضُعْفاً، ",
            "7": "فَقُلْتُ لَهُ اُعيذُكَ بِاللَّهِ يا اَبَتاهُ مِنَ الضُّعْفِ، ",
            "8": "فَقَالَ يا فاطِمَةُ ايتيني بِالْكِسآءِ الْيَماني فَغَطّيني بِهِ، ",
            "9": "فَاَتَيْتُهُ بِالْكِسآءِ الْيَماني فَغَطَّيْتُهُ بِهِ، وَصِرْتُ اَنْظُرُ اِلَيْهِ، ",
            "10": "وَاِذا وَجْهُهُ يَتَلَأْلَؤُ كَاَنَّهُ الْبَدْرُ في لَيْلَةِ تَمامِهِ وَكَمالِهِ ",
            "11": "فَما كانَتْ اِلاَّ ساعَةً وَاِذا بِوَلَدِيَ الْحَسَنِ قَدْ اَقْبَلَ، وَقالَ السَّلامُ عَلَيْكِ يا اُمَّاهُ، ",
            "12": "فَقُلْتُ وَعَلَيْكَ السَّلامُ يا قُرَّةَ عَيْني وَثَمَرَةَ فُؤادي، ",
            "13": "فَقالَ يا اُمَّاهُ اِنّي اَشَمُّ عِنْدَكِ رآئِحَةً طَيِّبَةً، ",
            "14": "كَاَنَّها رآئِحَةُ جَدّي رَسُولِ اللَّهِ، فَقُلْتُ نَعَمْ اِنَّ جَدَّكَ تَحْتَ الْكِسآءِ، ",
            "15": "فَاَقْبَلَ الْحَسَنُ نَحْوَ الْكِسآءِ، وَقالَ السَّلامُ عَلَيْكَ يا جَدَّاهُ يا رَسُولَ اللَّهِ، ",
            "16": "اَتَاْذَنُ لي اَنْ اَدْخُلَ مَعَكَ تَحْتَ الْكِسآءِ، ",
            "17": "فَقالَ وَعَلَيْكَ السَّلامُ يا وَلَدي وَيا صاحِبَ حَوْضي، ",
            "18": "قَدْ اَذِنْتُ لَكَ، فَدَخَلَ مَعَهُ تَحْتَ الْكِسآءِ، ",
            "19": "فَما كانَتْ اِلاَّ ساعَةً وَاِذا بِوَلَدِيَ الْحُسَيْنِ قَدْ اَقْبَلَ، ",
            "20": "وَقالَ السَّلامُ عَلَيْكِ يا اُمَّاهُ، ",
            "21": "فَقُلْتُ وَعَلَيْكَ السَّلامُ يا وَلَدي وَيا قُرَّةَ عَيْني وَثَمَرَةَ فُؤادي، ",
            "22": "فَقالَ لي يا اُمَّاهُ اِنّي اَشَمُّ عِنْدَكِ رآئِحَةً طَيِّبَةً، ",
            "23": "كَاَنَّها رآئِحَةُ جَدّي رَسُولِ اللَّهِ صَلَّي اللَّهُ عَلَيْهِ وَآلِهِ ",
            "24": "فَقُلْتُ نَعَمْ اِنَّ جَدَّكَ وَاَخاكَ تَحْتَ الْكِسآءِ، ",
            "25": "فَدَنَي الْحُسَيْنُ نَحْوَ الْكِسآءِ، وَقالَ السَّلامُ عَلَيْكَ يا جَدَّاهُ، ",
            "26": "اَلسَّلامُ عَلَيْكَ يا مَنِ اخْتارَهُ اللَّهُ، اَتَاْذَنُ لي اَنْ اَكُونَ مَعَكُما تَحْتَ الْكِسآءِ، ",
            "27": "فَقالَ وَعَلَيْكَ السَّلامُ يا وَلَدي وَيا شافِعَ اُمَّتي، ",
            "28": "قَدْ اَذِنْتُ لَكَ فَدَخَلَ مَعَهُما تَحْتَ الْكِسآءِ ",
            "29": "فَاَقْبَلَ عِنْدَ ذلِكَ اَبُوالْحَسَنِ عَلِيُّ بْنُ اَبي طالِبٍ، ",
            "30": "وَقالَ السَّلامُ عَلَيْكِ يا بِنْتَ رَسُولِ اللَّهِ، ",
            "31": "فَقُلْتُ وَعَلَيْكَ السَّلامُ يا اَبَا الْحَسَنِ وَ يا اَميرَ الْمُؤْمِنينَ ",
            "32": "فَقالَ يا فاطِمَةُ اِنّي اَشَمُّ عِنْدَكِ رائِحَةً طَيِّبَةً ",
            "33": "كَاَنَّها رآئِحَةُ اَخي وَابْنِ عَمّي رَسُولِ اللَّهِ، ",
            "34": "فَقُلْتُ نَعَمْ ها هُوَ مَعَ وَلَدَيْكَ تَحْتَ الْكِسآءِ، ",
            "35": "فَاَقْبَلَ عَلِيٌّ نَحْوَ الْكِسآءِ، وَقالَ السَّلامُ عَلَيْكَ يا رَسُولَ اللَّهِ، ",
            "36": "اَتَاْذَنُ لي اَنْ اَكُونَ مَعَكُمْ تَحْتَ الْكِسآءِ، ",
            "37": "قالَ لَهُ وَعَلَيْكَ السَّلامُ يا اَخي يا وَصِيّي وَخَليفَتي وَصاحِبَ لِوآئي، ",
            "38": "قَدْ اَذِنْتُ لَكَ فَدَخَلَ عَلِيٌّ تَحْتَ الْكِسآءِ، ",
            "39": ". ثُمَّ اَتَيْتُ نَحْوَ الْكِسآءِ، وَقُلْتُ اَلسَّلامُ عَلَيْكَ يا اَبَتاهُ يا رَسُولَ اللَّهِ، ",
            "40": "اَتَاْذَنُ لي اَن اَكُونَ مَعَكُمْ تَحْتَ الْكِسآءِ، ",
            "41": "قالَ وَعَلَيْكِ السَّلامُ يا بِنْتي وَيا بَضْعَتي قَدْ اَذِنْتُ لَكِ، ",
            "42": "فَدَخَلْتُ تَحْتَ الْكِسآءِ، فَلَمَّا اكْتَمَلْنا جَميعاً تَحْتَ الْكِسآءِ،",
            "43": "اَخَذَ اَبي رَسُولُ اللَّهِ بِطَرَفَيِ الْكِسآءِ، وَاَوْمَئَ بِيَدِهِ الْيُمْني اِلَي السَّمآءِ، وَقالَ ",
            "44": "اَللَّهُمَّ اِنَّ هؤُلاءِ اَهْلُ بَيْتي وَخآصَّتي وَحآمَّتي، لَحْمُهُمْ لَحْمي، ",
            "45": "وَدَمُهُمْ دَمي، يُؤْلِمُني ما يُؤْلِمُهُمْ، ",
            "46": "وَيَحْزُنُني ما يَحْزُنُهُمْ، اَنَا حَرْبٌ لِمَنْ حارَبَهُمْ، ",
            "47": "وَسِلْمٌ لِمَنْ سالَمَهُمْ وَعَدُوٌّ لِمَنْ عاداهُمْ، ",
            "48": "وَمُحِبٌّ لِمَنْ اَحَبَّهُمْ، اِنَّهُمْ مِنّي وَاَ نَا مِنْهُمْ، ",
            "49": "فَاجْعَلْ صَلَواتِكَ وَبَرَكاتِكَ وَرَحْمَتَكَ، ",
            "50": "وَغُفْرانَكَ وَرِضْوانَكَ عَلَيَّ وَعَلَيْهِمْ، ",
            "51": "وَاَذْهِبْ عَنْهُمُ الرِّجْسَ، وَطَهِّرْهُمْ تَطْهيراً، ",
            "52": ". فَقالَ اللَّهُ عَزَّوَجَلَّ يا مَلائِكَتي وَيا سُكَّانَ سَمواتي، ",
            "53": "اِنّي ما خَلَقْتُ سَمآءً مَبْنِيَّةً، وَلا اَرْضاً مَدْحِيَّةً، ",
            "54": "وَلا قَمَراً مُنيراً، وَلا شَمْساً مُضِيئَةً، وَلا فَلَكاً يَدُورُ، ",
            "55": "وَلا بَحْراً يَجْري، وَلا فُلْكاً يَسْري، ",
            "56": "اِلاَّ في مَحَبَّةِ هؤُلاءِ الْخَمْسَةِ الَّذينَ هُمْ تَحْتَ الْكِسآءِ، ",
            "57": "فَقالَ الْأَمينُ جِبْرآئيلُ يا رَبِّ وَمَنْ تَحْتَ الْكِسآءِ، ",
            "58": "فَقالَ عَزَّوَجَلَّ هُمْ اَهْلُ بَيْتِ النُّبُوَّةِ، وَمَعْدِنُ الرِّسالَةِ، ",
            "59": "هُمْ فاطِمَةُ وَاَبُوها وَبَعْلُها وَبَنُوها، ",
            "60": ". فَقالَ جِبْرآئيلُ يا رَبِّ، اَتَاْذَنُ لي اَنْ اَهْبِطَ اِلَي الْأَرْضِ لِأَكُونَ مَعَهُمْ سادِساً، ",
            "61": "فَقالَ اللَّهُ نَعَمْ قَدْ اَذِنْتُ لَكَ، ",
            "62": "فَهَبَطَ الْأَمينُ جِبْرآئيلُ، وَقالَ السَّلامُ عَلَيْكَ يا رَسُولَ اللَّهِ، ",
            "63": "الْعَلِيُ الْأَعْلي يُقْرِئُكَ السَّلامَ، وَيَخُصُّكَ بِالتَّحِيَّةِ وَالْإِكْرامِ، ",
            "64": "وَيَقُولُ لَكَ وَعِزَّتي وَجَلالي اِنّي ما خَلَقْتُ سَمآءً مَبْنِيَّةً، ",
            "65": "وَلا اَرْضاً مَدْحِيَّةً، وَلا قَمَراً مُنيراً، وَلا شَمْساً مُضيئَةً وَلا فَلَكاً يَدُورُ، ",
            "66": "وَلا بَحْراً يَجْري، وَلا فُلْكاً يَسْري، اِلاَّ لِأَجْلِكُمْ وَمَحَبَّتِكُمْ، ",
            "67": "وَقَدْ اَذِنَ لي اَنْ اَدْخُلَ مَعَكُمْ، فَهَلْ تَاْذَنُ لي يا رَسُولَ اللَّهِ، ",
            "68": "فَقالَ رَسُولُ اللَّهِ وَعَلَيْكَ السَّلامُ يا اَمينَ وَحْيِ اللَّهِ، ",
            "69": "اِنَّهُ نَعَمْ قَدْ اَذِنْتُ لَكَ، فَدَخَلَ جِبْرآئيلُ مَعَنا تَحْتَ الْكِسآءِ، ",
            "70": "فَقالَ لِأَبي اِنَّ اللَّهَ قَدْ اَوْحى اِلَيْكُمْ يَقُولُ: ",
            "71": "اِنَّما يُريدُ اللَّهُ لِيُذْهِبَ عَنْكُمُ الرِّجْسَ اَهْلَ الْبَيْتِ، وَيُطَهِّرَكُمْ تَطْهيراً، ",
            "72": " فَقالَ عَلِيٌّ لِأَبي يا رَسُولَ اللَّهِ، ",
            "73": "اَخْبِرْني ما لِجُلُوسِنا هذا تَحْتَ الْكِسآءِ مِنَ الْفَضْلِ عِنْدَ اللَّهِ؟ ",
            "74": "فَقالَ النَّبِيُّ وَالَّذي بَعَثَني بِالْحَقِّ نَبِيّاً، وَاصْطَفاني بِالرِّسالَةِ نَجِيّاً، ",
            "75": "ما ذُكِرَ خَبَرُنا هذا في مَحْفِلٍ مِنْ مَحافِلِ اَهْلِ الْأَرْضِ، ",
            "76": "وَفيهِ جَمْعٌ مِنْ شَيعَتِنا وَمُحِبّينا، ",
            "77": "اِلاَّ وَنَزَلَتْ عَلَيْهِمُ الرَّحْمَةُ وَحَفَّتْ بِهِمُ الْمَلائِكَةُ، ",
            "78": "وَاسْتَغْفَرَتْ لَهُمْ اِلي اَنْ يَتَفَرَّقُوا، ",
            "79": "فَقالَ عَلِيٌّ اِذاً وَاللَّهِ فُزْنا وَفازَ شيعَتُنا وَرَبِّ الْكَعْبَةِ، ",
            "80": "فَقالَ النَّبِيُّ ثانِياً يا عَلِيُّ وَالَّذي بَعَثَني بِالْحَقِّ نَبِيّاً، ",
            "81": "وَاصْطَفاني بِالرِّسالَةِ نَجِيّاً، ",
            "82": "ما ذُكِرَ خَبَرُنا هذا في مَحْفِلٍ مِنْ مَحافِلِ اَهْلِ الْأَرْضِ، ",
            "83": "وَفيهِ جَمْعٌ مِنْ شيعَتِنا وَمُحِبّينا، ",
            "84": "وَفيهِمْ مَهْمُومٌ اِلاَّ وَفَرَّجَ اللَّهُ هَمَّهُ، ",
            "85": "وَلا مَغْمُومٌ اِلاَّ وَكَشَفَ اللَّهُ غَمَّهُ، ",
            "86": "وَلا طالِبُ حاجَةٍ اِلاَّ وَقَضَي اللّهُ حاجَتَهُ، ",
            "87": "فَقالَ عَلِيٌّ اِذاً وَاللَّهِ فُزْنا وَسُعِدْنا، ",
            "88": "وَكَذلِكَ شيعَتُنا فازُوا وَسُعِدُوا فِي الدُّنْيا وَالْأخِرَةِ، وَرَبِّ الْكَعْبَةِ"

        },
        "farsi": {
            "1": "\uFEFFبه نام خدا که رحمتش بی\u200Cاندازه است و مهربانی\u200Cاش همیشگی",
            "2": "از فاطمه زهرا سلام\u200Cاللّه علیها دختر رسول خدا صلی\u200Cاللّه علیه وآله، جابر گوید ",
            "3": "شنیدم از فاطمه زهرا که فرمود: ",
            "4": "وارد شد بر من پدرم رسول خدا در بعضی از روزها ",
            "5": "و فرمود: سلام بر تو ای فاطمه در پاسخش گفتم: بر تو باد سلام ",
            "6": "فرمود: من در بدنم سستی و ضعفی احساس می\u200Cکنم، ",
            "7": "گفتم: پناه می\u200Cدهم تو را به خدا ای پدرجان از سستی و ضعف ",
            "8": "فرمود: ای فاطمه برایم کساء یمانی را بیاور و مرا بدان بپوشان ",
            "9": "من کساء یمانی را برایش آوردم و او را بدان پوشاندم و هم\u200Cچنان بدو می\u200Cنگریستم ",
            "10": "و در آن حال چهره\u200Cاش همانند ماه شب چهارده می\u200Cدرخشید. ",
            "11": "پس ساعتی نگذشت که دیدم فرزندم حسن وارد شد و گفت سلام بر تو ای مادر ",
            "12": "گفتم: بر تو باد سلام ای نور دیده\u200Cام و میوه دلم ",
            "13": "گفت: مادرجان من در نزد تو بوی خوشی استشمام می کنم ",
            "14": "گویا بوی جدم رسول خدا است گفتم: آری همانا جد تو در زیر کساء است ",
            "15": "پس حسن بطرف کساء رفت و گفت: سلام بر تو ای جد بزرگوار ای رسول خدا ",
            "16": "آیا به من اذن می\u200Cدهی که وارد شوم با تو در زیر کساء؟ ",
            "17": "فرمود: بر تو باد سلام ای فرزندم و ای صاحب حوض من ",
            "18": "اذنت دادم پس حسن با آن جناب بزیر کساء رفت. ",
            "19": "ساعتی نگذشت که فرزندم حسین وارد شد ",
            "20": "و گفت: سلام بر تو ای مادر ",
            "21": "گفتم: بر تو باد سلام ای فرزند من و ای نور دیده\u200Cام و میوه دلم ",
            "22": "فرمود: مادرجان من در نزد تو بوی خوشی استشمام می\u200Cکنم ",
            "23": "گویا بوی جدم رسول خدا(ص) است ",
            "24": "گفتم آری همانا جد تو و برادرت در زیر کساء هستند ",
            "25": "حسین نزدیک کساء رفته گفت: سلام بر تو ای جد بزرگوار، ",
            "26": "سلام بر تو ای کسی که خدا او را برگزید آیا به من اذن می\u200Cدهی که داخل شوم با شما در زیر کساء ",
            "27": "فرمود: و بر تو باد سلام ای فرزندم و ای شفاعت\u200Cکننده امتم ",
            "28": "به تو اذن دادم پس او نیز با آن دو در زیر کساء وارد شد. ",
            "29": "در این هنگام ابوالحسن علی بن ابی\u200Cطالب وارد شد ",
            "30": "و فرمود سلام بر تو ای دختر رسول خدا ",
            "31": "گفتم: و بر تو باد سلام ای اباالحسن و ای امیرمؤمنان ",
            "32": "فرمود: ای فاطمه من بوی خوشی نزد تو استشمام می\u200Cکنم ",
            "33": "گویا بوی برادرم و پسرعمویم رسول خدا است ؟ ",
            "34": "گفتم: آری این او است که با دو فرزندت در زیر کساء هستند ",
            "35": "پس علی نیز به طرف کساء رفت و گفت سلام بر تو ای رسول خدا ",
            "36": "آیا اذن می\u200Cدهی که من نیز با شما در زیر کساء باشم ",
            "37": "رسول خدا به او فرمود: و بر تو باد سلام ای برادر من و ای وصی و خلیفه و پرچمدار ",
            "38": "من به تو اذن دادم پس علی نیز وارد در زیر کساء شد",
            "39": "در این هنگام من نیز به طرف کساء رفتم و عرض کردم سلام بر تو ای پدرجان ای رسول خدا ",
            "40": "آیا به من هم اذن می\u200Cدهی که با شما در زیر کساء باشم؟ ",
            "41": "فرمود: و بر تو باد سلام ای دخترم و ای پاره تنم به تو هم اذن دادم، ",
            "42": "پس من نیز به زیر کساء رفتم و چون همگی در زیر کساء جمع شدیم ",
            "43": "پدرم رسول خدا دو طرف کساء را گرفت و با دست راست به سوی آسمان اشاره کرد و فرمود: ",
            "44": "خدایا اینانند خاندان من و خواص و نزدیکانم گوشتشان گوشت من ",
            "45": "و خونشان خون من است می\u200Cآزارد مرا هرچه ایشان را بیازارد ",
            "46": "و به اندوه می\u200Cاندازد مرا هرچه ایشان را به اندوه در آورد من در جنگم با هر که با ایشان بجنگد ",
            "47": "و در صلحم با هر که با ایشان در صلح است و دشمنم با هر کس که با ایشان دشمنی کند ",
            "48": "و دوستم با هر کس که ایشان را دوست دارد اینان از منند و من از ایشانم ",
            "49": "پس بفرست درودهای خود و برکت\u200Cهایت ",
            "50": "و مهرت و آمرزشت و خوشنودیت را بر من و بر ایشان ",
            "51": "و دور کن از ایشان پلیدی را و پاکیزه شان کن به خوبی",
            "52": "پس خدای عزوجل فرمود: ای فرشتگان من و ای ساکنان آسمان\u200Cهایم ",
            "53": "براستی که من نیافریدم آسمان بنا شده و نه زمین گسترده ",
            "54": "و نه ماه تابان و نه مهر درخشان و نه فلک چرخان  ",
            "55": "و نه دریای روان و نه کشتی در جریان را",
            "56": "مگر به خاطر دوستی این پنج تن اینان که در زیر کسایند ",
            "57": "پس جبرئیل امین عرض کرد: پروردگارا کیانند در زیر کساء؟ ",
            "58": "خدای عزوجل فرمود: آنان خاندان نبوت و رسالتند:",
            "59": " آنان فاطمه است و پدرش و شوهر و دو فرزندش",
            "60": "جبرئیل عرض کرد: پروردگارا آیا به من هم اذن می\u200Cدهی که به زمین فرود آیم تا ششمین آنها باشم ",
            "61": "خدا فرمود: آری به تو اذن دادم ",
            "62": "پس جبرئیل امین به زمین آمد و گفت: سلام بر تو ای رسول خدا، ",
            "63": "(پروردگار) علی اعلی سلامت می\u200Cرساند و تو را به تحیت و اکرام مخصوص داشته ",
            "64": "و می\u200Cفرماید: به عزت و جلالم سوگند که من نیافریدم آسمان بنا شده ",
            "65": "و نه زمین گسترده و نه ماه تابان و نه مهر درخشان و نه فلک چرخان",
            "66": " و نه دریای روان و نه کشتی در جریان را مگر برای خاطر شما و محبت و دوستی شما ",
            "67": "و به من نیز اذن داده است که با شما در زیر کساء باشم پس آیا تو هم ای ",
            "68": "رسول خدا اذنم می\u200Cدهی؟ رسول خدا(ص ) فرمود و بر تو باد سلام ای امین وحی خدا ",
            "69": "آری به تو هم اذن دادم پس جبرئیل با ما وارد در زیر کساء شد ",
            "70": "و به پدرم گفت: همانا خداوند بسوی شما وحی کرده و می\u200Cفرماید: ",
            "71": "(حقیقت این است که خدا می\u200Cخواهد پلیدی (و ناپاکی) را از شما خاندان ببرد و پاکیزه کند شما را پاکیزگی کامل)",
            "72": "علی علیه\u200Cالسلام به پدرم گفت: ای رسول خدا به من بگو ",
            "73": "این جلوس (و نشستن) ما در زیر کساء چه فضیلتی (و چه شرافتی) نزد خدا دارد؟",
            "74": " پیغمبر(ص ) فرمود: سوگند بدان خدائی که مرا به حق به پیامبری برانگیخت و به رسالت و نجات دادن (خلق) برگزید ",
            "75": "که ذکر نشود این خبر (و سرگذشت) ما در محفلی از محافل مردم زمین ",
            "76": "که در آن گروهی از شیعیان و دوستان ما باشند ",
            "77": "جز آنکه نازل شود بر ایشان رحمت (حق) و فرا گیرند ایشان را فرشتگان ",
            "78": "و برای آنها آمرزش خواهند تا آنگاه که از دور هم پراکنده شوند، ",
            "79": "علی (که این فضیلت را شنید) فرمود: با این ترتیب به خدا سوگند ما رستگار شدیم و سوگند به پروردگار کعبه که شیعیان ما نیز رستگار شدند. ",
            "80": "دوباره پیغمبر فرمود: ای علی سوگند بدانکه مرا بحق به نبوت برانگیخت ",
            "81": "و به رسالت و نجات دادن (خلق) برگزید ",
            "82": "ذکر نشود این خبر (و سرگذشت) ما در محفلی از محافل مردم زمین ",
            "83": "که در آن گروهی از شیعیان و دوستان ما باشند ",
            "84": "و در میان آنها اندوهناکی باشد جز آنکه خدا اندوهش را برطرف کند ",
            "85": "و نه غمناکی جز آنکه خدا غمش را بگشاید ",
            "86": "و نه حاجت\u200Cخواهی باشد جز آنکه خدا حاجتش را برآورد، ",
            "87": "علی گفت: بدین ترتیب به خدا سوگند ما کامیاب و سعادتمند شدیم ",
            "88": "و هم\u200Cچنین سوگند به پروردگار کعبه که شیعیان ما نیز رستگار شدند."

        },
        "tozih": {
            "1": "حدیث کساء حدیثی قدسی و در فضیلت پیامبراکرم (ص)، امام علی (ع)، حضرت فاطمه(س) و امامان حسن (ع) و حسین(ع) است و سبک زندگی مناسب شیعه را نزد رویش ترسیم می کند.\nباشد که این دعا را به نیابت از  اهل بیت (علیه السلام) برای سلامتی و فرج امام زمان (عج) بخوانیم",
            "2": "",
            "3": "",
            "4": "",
            "5": "",
            "6": "",
            "7": "",
            "8": "",
            "9": "",
            "10": "",
            "11": "",
            "12": "",
            "13": "",
            "14": "",
            "15": "",
            "16": "",
            "17": "",
            "18": "",
            "19": "",
            "20": "",
            "21": "",
            "22": "",
            "23": "",
            "24": "",
            "25": "",
            "26": "",
            "27": "",
            "28": "",
            "29": "",
            "30": "",
            "31": "",
            "32": "",
            "33": "",
            "34": "",
            "35": "",
            "36": "",
            "37": "",
            "38": "",
            "39": "",
            "40": "",
            "41": "",
            "42": "",
            "43": "",
            "44": "",
            "45": "",
            "46": "",
            "47": "",
            "48": "",
            "49": "",
            "50": "",
            "51": "",
            "52": "",
            "53": "",
            "54": "",
            "55": "",
            "56": "",
            "57": "",
            "58": "",
            "59": "",
            "60": "",
            "61": "",
            "62": "",
            "63": "",
            "64": "",
            "65": "",
            "66": "",
            "67": "",
            "68": "",
            "69": "",
            "70": "",
            "71": "",
            "72": "",
            "73": "",
            "74": "",
            "75": "",
            "76": "",
            "77": "",
            "78": "",
            "79": "",
            "80": "",
            "81": "",
            "82": "",
            "83": "",
            "84": "",
            "85": "",
            "86": "",
            "87": "",
            "88": ""

        }
    }
}