{
    "1": {
        "number": 1,
        "bab": 1,
        "title": "دعای توسل",
        "arabic": {
            "1": "اللّٰهُمَّ إِنِّى أَسْأَلُكَ وَأَتَوَجَّهُ إِلَيْكَ بِنَبِيِّكَ نَبِيِّ الرَّحْمَةِ مُحَمَّدٍ صَلَّى اللّٰهُ عَلَيْهِ وَآلِهِ، ",
            "2": "يَا أَبَا الْقاسِمِ، يَا رَسُولَ اللّٰهِ، يَا إِمامَ الرَّحْمَةِ، يَا سَيِّدَنا وَمَوْلَانَا ",
            "3": "إِنَّا تَوَجَّهْنا وَاسْتَشْفَعْنا وَتَوَسَّلْنا بِكَ إِلَى اللّٰهِ ",
            "4": "وَقَدَّمْناكَ بَيْنَ يَدَيْ حَاجاتِنا، يَا وَجِيهاً عِنْدَ اللّٰهِ اشْفَعْ لَنا عِنْدَ اللّٰهِ؛",
            "5": "يَا أَبَا الْحَسَنِ، يَا أَمِيرَ الْمُؤْمِنِينَ، يَا عَلِىَّ بْنَ أَبِى طالِبٍ، ",
            "6": "يَا حُجَّةَ اللّٰهِ عَلىٰ خَلْقِهِ، يَا سَيِّدَنا وَمَوْلانا ",
            "7": "إِنَّا تَوَجَّهْنا وَاسْتَشْفَعْنا وَتَوَسَّلْنا بِكَ إِلَى اللّٰهِ وَقَدَّمْناكَ بَيْنَ يَدَيْ حاجاتِنا، ",
            "8": "يا وَجِيهاً عِنْدَ اللّٰهِ اشْفَعْ لَنا عِنْدَ اللّٰهِ؛ ",
            "9": "يا فاطِمَةُ الزَّهْراءُ، يَا بِنْتَ مُحَمَّدٍ، يَا قُرَّةَ عَيْنِ الرَّسُولِ، ",
            "10": "يَا سَيِّدَتَنا وَمَوْلاتَنا إِنَّا تَوَجَّهْنا وَاسْتَشْفَعْنا ",
            "11": "وَتَوَسَّلْنا بِكِ إِلَى اللّٰهِ وَقَدَّمْناكِ بَيْنَ يَدَيْ حاجاتِنا، ",
            "12": "يَا وَجِيهَةً عِنْدَ اللّٰهِ اشْفَعِي لَنا عِنْدَ اللّٰهِ؛ ",
            "13": "يَا أَبا مُحَمَّدٍ، يَا حَسَنَ بْنَ عَلِيٍّ، أَيُّهَا الْمُجْتَبىٰ، يَا ابْنَ رَسُولِ اللّٰهِ، ",
            "14": "يَا حُجَّةَ اللّٰهِ عَلىٰ خَلْقِهِ، يَا سَيِّدَنا وَمَوْلانا إِنَّا تَوَجَّهْنا وَاسْتَشْفَعْنا ",
            "15": "وَتَوَسَّلْنا بِكَ إِلَى اللّٰهِ وَقَدَّمْناكَ بَيْنَ يَدَيْ حاجاتِنا، ",
            "16": "يَا وَجِيهاً عِنْدَ اللّٰهِ اشْفَعْ لَنا عِنْدَ اللّٰهِ؛ ",
            "17": "يَا أَبا عَبْدِاللّٰهِ، يَا حُسَيْنَ بْنَ عَلِيٍّ، أَيُّهَا الشَّهِيدُ، يَا ابْنَ رَسُولِ اللّٰهِ، ",
            "18": "يَا حُجَّةَ اللّٰهِ عَلىٰ خَلْقِهِ، يَا سَيِّدَنا وَمَوْلانا إِنَّا تَوَجَّهْنا وَاسْتَشْفَعْنا ",
            "19": "وَتَوَسَّلْنا بِكَ إِلَى اللّٰهِ وَقَدَّمْناكَ بَيْنَ يَدَيْ حاجاتِنا، ",
            "20": "يَا وَجِيهاً عِنْدَ اللّٰهِ، اشْفَعْ لَنا عِنْدَ اللّٰهِ؛ ",
            "21": "يا اَبَا الْحَسَنِ، يا عَلِىَّ بْنَ الْحُسَيْنِ، يَا زَيْنَ الْعابِدِينَ، يَا ابْنَ رَسُولِ اللّٰهِ، ",
            "22": "يَا حُجَّةَ اللّٰهِ عَلىٰ خَلْقِهِ، يَا سَيِّدَنا وَمَوْلانا إِنَّا تَوَجَّهْنا وَاسْتَشْفَعْنا ",
            "23": "وَتَوَسَّلْنا بِكَ إِلَى اللّٰهِ وَقَدَّمْناكَ بَيْنَ يَدَيْ حاجاتِنا، ",
            "24": "يَا وَجِيهاً عِنْدَ اللّٰهِ اشْفَعْ لَنا عِنْدَ اللّٰهِ؛ ",
            "25": "يَا أَبا جَعْفَرٍ، يَا مُحَمَّدَ بْنَ عَلِيٍّ، أَيُّهَا الْباقِرُ، يَا ابْنَ رَسُولِ اللّٰهِ، ",
            "26": "يَا حُجَّةَ اللّٰهِ عَلىٰ خَلْقِهِ، يَا سَيِّدَنا وَمَوْلانا ",
            "27": "إِنَّا تَوَجَّهْنا وَاسْتَشْفَعْنا وَتَوَسَّلْنا بِكَ إِلَى اللّٰهِ ",
            "28": "وَقَدَّمْناكَ بَيْنَ يَدَيْ حَاجَاتِنا، يَا وَجِيهاً عِنْدَ اللّٰهِ اشْفَعْ لَنا عِنْدَ اللّٰهِ؛ ",
            "29": "يَا أَبا عَبْدِ اللّٰهِ، يَا جَعْفَرَ بْنَ مُحَمَّدٍ، أَيُّهَا الصَّادِقُ، يَا ابْنَ رَسُولِ اللّٰهِ، ",
            "30": "يَا حُجَّةَ اللّٰهِ عَلىٰ خَلْقِهِ، يَا سَيِّدَنا وَمَوْلانَا ",
            "31": "إِنَّا تَوَجَّهْنا وَاسْتَشْفَعْنا وَتَوَسَّلْنا بِكَ إِلَى اللّٰهِ وَقَدَّمْناكَ بَيْنَ يَدَيْ حاجاتِنا، ",
            "32": "يَا وَجِيهاً عِنْدَ اللّٰهِ اشْفَعْ لَنا عِنْدَ اللّٰهِ؛ ",
            "33": "يَا أَبَا الْحَسَنِ، يَا مُوسَى بْنَ جَعْفَرٍ، أَيُّهَا الْكاظِمُ، يَا ابْنَ رَسُولِ اللّٰهِ، ",
            "34": "يَا حُجَّةَ اللّٰهِ عَلىٰ خَلْقِهِ، يَا سَيِّدَنا وَمَوْلانَا ",
            "35": "إِنَّا تَوَجَّهْنا وَاسْتَشْفَعْنا وَتَوَسَّلْنا بِكَ إِلَى اللّٰهِ وَقَدَّمْناكَ بَيْنَ يَدَيْ حَاجَاتِنا،",
            "36": " يَا وَجِيهاً عِنْدَ اللّٰهِ اشْفَعْ لَنا عِنْدَ اللّٰهِ؛ ",
            "37": "يَا أَبَا الْحَسَنِ يَا عَلِىَّ بْنَ مُوسىٰ، أَيُّهَا الرِّضا، يَا ابْنَ رَسُولِ اللّٰهِ، ",
            "38": "يَا حُجَّةَ اللّٰهِ عَلىٰ خَلْقِهِ، يَا سَيِّدَنا وَمَوْلانا ",
            "39": "إِنَّا تَوَجَّهْنا وَاسْتَشْفَعْنا وَتَوَسَّلْنا بِكَ إِلَى اللّٰهِ وَقَدَّمْناكَ بَيْنَ يَدَيْ حَاجَاتِنا، ",
            "40": "يَا وَجِيهاً عِنْدَ اللّٰهِ اشْفَعْ لَنا عِنْدَ اللّٰهِ؛ ",
            "41": "يَا أَبا جَعْفَرٍ يَا مُحَمَّدَ بْنَ عَلِيٍّ، أَيُّهَا التَّقِىُّ الْجَوادُ، يَا ابْنَ رَسُولِ اللّٰهِ، ",
            "42": "يَا حُجَّةَ اللّٰهِ عَلىٰ خَلْقِهِ، يَا سَيِّدَنا وَمَوْلانَا ",
            "43": "إِنَّا تَوَجَّهْنا وَاسْتَشْفَعْنا وَتَوَسَّلْنا بِكَ إِلَى اللّٰهِ وَقَدَّمْناكَ بَيْنَ يَدَيْ حَاجَاتِنا، ",
            "44": "يَا وَجِيهاً عِنْدَ اللّٰهِ اشْفَعْ لَنا عِنْدَ اللّٰهِ؛ ",
            "45": "يَا أَبَا الْحَسَنِ، يَا عَلِىَّ بْنَ مُحَمَّدٍ، أَيُّهَا الْهادِى النَّقِىُّ، يَا ابْنَ رَسُولِ اللّٰهِ، ",
            "46": "يَا حُجَّةَ اللّٰهِ عَلىٰ خَلْقِهِ، يَا سَيِّدَنا وَمَوْلانا ",
            "47": "إِنَّا تَوَجَّهْنا وَاسْتَشْفَعْنا وَتَوَسَّلْنا بِكَ إِلَى اللّٰهِ وَقَدَّمْناكَ بَيْنَ يَدَيْ حاجاتِنا، ",
            "48": "يَا وَجِيهاً عِنْدَ اللّٰهِ اشْفَعْ لَنا عِنْدَ اللّٰهِ؛ ",
            "49": "يَا أَبا مُحَمَّدٍ، يَا حَسَنَ بْنَ عَلِيٍّ أَيُّهَا الزَّكِىُّ الْعَسْكَرِىُّ ، يَا ابْنَ رَسُولِ اللّٰهِ، ",
            "50": "يَا حُجَّةَ اللّٰهِ عَلىٰ خَلْقِهِ، يَا سَيِّدَنا وَمَوْلانا ",
            "51": "إِنَّا تَوَجَّهْنا وَاسْتَشْفَعْنا وَتَوَسَّلْنا بِكَ إِلَى اللّٰهِ وَقَدَّمْناكَ بَيْنَ يَدَيْ حاجاتِنا، ",
            "52": "يَا وَجِيهاً عِنْدَ اللّٰهِ اشْفَعْ لَنا عِنْدَ اللّٰهِ؛ ",
            "53": "يَا وَصِىَّ الْحَسَنِ، وَالْخَلَفَ الْحُجَّةُ، أَيُّهَا الْقائِمُ الْمُنْتَظَرُ الْمَهْدِىُّ، يَا ابْنَ رَسُولِ اللّٰهِ، ",
            "54": "يَا حُجَّةَ اللّٰهِ عَلىٰ خَلْقِهِ، يَا سَيِّدَنا وَمَوْلانا ",
            "55": "إِنَّا تَوَجَّهْنا وَاسْتَشْفَعْنا وَتَوَسَّلْنا بِكَ إِلَى اللّٰهِ وَقَدَّمْناكَ بَيْنَ يَدَيْ حاجاتِنا،",
            "56": " يَا وَجِيهاً عِنْدَ اللّٰهِ اشْفَعْ لَنا عِنْدَ اللّٰهِ",
            "57": "يَا سادَتِى وَمَوالِىَّ، إِنِّى تَوَجَّهْتُ بِكُمْ أَئِمَّتِى ",
            "58": "وَعُدَّتِى لِيَوْمِ فَقْرِى وَحاجَتِى إِلَى اللّٰهِ، وَتَوَسَّلْتُ بِكُمْ إِلَى اللّٰهِ، ",
            "59": "وَاسْتَشْفَعْتُ بِكُمْ إِلَى اللّٰهِ، فَاشْفَعُوا لِى عِنْدَ اللّٰهِ، ",
            "60": "وَاسْتَنْقِذُونِى مِنْ ذُنُوبِى عِنْدَ اللّٰهِ، فَإِنَّكُمْ وَسِيلَتِى إِلَى اللّٰهِ، ",
            "61": "وَبِحُبِّكُمْ وَبِقُرْبِكُمْ أَرْجُو نَجاةً مِنَ اللّٰهِ، فَكُونُوا عِنْدَ اللّٰهِ رَجائِى، ",
            "62": "يَا سادَتِى يَا أَوْلِياءَ اللّٰهِ، صَلَّى اللّٰهُ عَلَيْهِمْ أَجْمَعِينَ، ",
            "63": "وَلَعَنَ اللّٰهُ أَعْداءَ اللّٰهِ ظالِمِيهِمْ مِنَ الْأَوَّلِينَ وَالْآخِرِينَ، آمِينَ رَبَّ الْعالَمِينَ",
            "64": ""

        },
        "farsi": {
            "1": " خدایا از تو می\u200Cخواهم و به\u200Cسویت روی آوردم به وسیله پیامبرت، پیامبر رحمت محمّد (درود خدا بر او و خاندانش) ",
            "2": "ای ابا القاسم، ای فرستاده خدا، ای پیشوای رحمت، ای آقا و مولای ما، ",
            "3": "به تو رو آوردیم و تو را واسطه قرار دادیم و به سوی خدا به تو متوسل شدیم ",
            "4": "و تو را پیش روی حاجاتمان نهادیم، ای آبرومند نزد خدا، برای ما نزد خدا شفاعت کن؛ ",
            "5": "ای ابا الحسن، ای امیرالمؤمنین، ای علی بن ابیطالب، ",
            "6": "ای حجّت خدا بر بندگان، ای آقا و مولای ما، ",
            "7": "به تو روی آوردیم و تو را واسطه قرار دادیم و به\u200Cسوی خدا به تو متوسل شدیم و تو را پیش روی حاجاتمان نهادیم، ",
            "8": "ای آبرومند نزد خدا، برای ما نزد خدا شفاعت کن؛ ",
            "9": "ای فاطمه زهرا، ای دختر دلبند محمّد، ای نور چشم رسول خدا، ",
            "10": "ای سرور و بانوی ما، به تو روی آوردیم و تو را واسطه قرار دادیم ",
            "11": "و به\u200Cسوی خدا به تو متوسل شدیم و تو را پیش روی حاجاتمان نهادیم، ",
            "12": "ای آبرومند نزد خدا، برای ما نزد خدا شفاعت کن؛ ",
            "13": "ای ابا محمّد، ای حسن بن علی\u200C، ای برگزیده\u200C، ای فرزند فرستاده خدا، ",
            "14": "ای حجّت خدا بر بندگان، ای آقا و مولای ما، به تو روی آوردیم و تو را واسطه قرار دادیم ",
            "15": "و به\u200Cسوی خدا به تو متوسل شدیم و تو را پیش روی حاجاتمان نهادیم، ",
            "16": "ای آبرومند نزد خدا، برای ما نزد خدا شفاعت کن؛ ",
            "17": "ای ابا عبدالله، ای حسین بن علی، ای شهید، ای فرزند فرستاده خدا، ",
            "18": "ای حجّت خدا بر بندگان، ای آقا و مولای ما، به تو روی آوردیم و تو را واسطه قرار دادیم ",
            "19": "و به\u200Cسوی خدا به تو متوسل شدیم و تو را پیش روی حاجاتمان نهادیم، ",
            "20": "ای آبرومند نزد خدا، برای ما نزد خدا شفاعت کن؛ ",
            "21": "ای ابا الحسن، ای علی بن الحسین، ای زین\u200Cالعابدین، ای فرزند فرستاده خدا، ",
            "22": "ای حجّت خدا بر بندگان، ای آقا و مولای ما، به تو روی آوردیم و تو را واسطه قرار دادیم ",
            "23": "و به\u200Cسوی خدا به تو متوسل شدیم و تو را پیش روی حاجاتمان نهادیم، ",
            "24": "ای آبرومند نزد خدا، برای ما نزد خدا شفاعت کن؛ ",
            "25": "ای ابا جعفر، ای محمّد بن علی، ای باقر، ای فرزند فرستاده خدا، ",
            "26": "ای حجّت خدا بر بندگان، ای آقا و مولای ما، ",
            "27": "به تو روی آوردیم و تو را واسطه قرار دادیم و به\u200Cسوی خدا به تو متوسل شدیم ",
            "28": "و تو را پیش روی حاجاتمان نهادیم، ای آبرومند نزد خدا، برای ما نزد خدا شفاعت کن؛ ",
            "29": "ای اباعبدالله، ای جعفر بن محمّد، ای صادق، ای فرزند رسول خدا، ",
            "30": "ای حجّت خدا بر بندگان، ای آقا و مولای ما، ",
            "31": "به تو روی آوردیم و تو را واسطه قرار دادیم و به\u200Cسوی خدا به تو متوسل شدیم و تو را پیش روی حاجاتمان نهادیم، ",
            "32": "ای آبرومند نزد خدا، برای ما نزد خدا شفاعت کن؛ ",
            "33": "ای ابا الحسن، ای موسی بن جعفر، ای کاظم، ای فرزند فرستاده خدا، ",
            "34": "ای حجّت خدا بر بندگان، ای آقا و مولای ما، ",
            "35": "به تو روی آوردیم و تو را واسطه قرار دادیم و به\u200Cسوی خدا به تو متوسل شدیم و تو را پیش روی حاجاتمان نهادیم، ",
            "36": "ای آبرومند نزد خدا، برای ما نزد خدا شفاعت کن؛ ",
            "37": "ای ابا الحسن، ای علی بن موسی، ای رضا، ای فرزند فرستاده خدا، ",
            "38": "ای حجّت خدا بر بندگان، ای آقا و مولای ما، ",
            "39": "به تو روی آوردیم و تو را واسطه قرار دادیم و به\u200Cسوی خدا به تو متوسل شدیم و تو را پیش روی حاجاتمان نهادیم، ",
            "40": "ای آبرومند نزد خدا، برای ما نزد خدا شفاعت کن؛ ",
            "41": "ای ابا جعفر، ای محمّد بن علی\u200C، ای تقی جواد، ای فرزند فرستاده خدا، ",
            "42": "ای حجّت خدا بر بندگان، ای آقا و مولای ما، ",
            "43": "به تو روی آوردیم و تو را واسطه قرار دادیم و به\u200Cسوی خدا به تو متوسل شدیم و تو را پیش روی حاجاتمان نهادیم، ",
            "44": "ای آبرومند نزد خدا، برای ما نزد خدا شفاعت کن؛ ",
            "45": "ای ابا الحسن، ای علی بن محمّد، ای هادی نقی، ای فرزند فرستاده خدا، ",
            "46": "ای حجّت خدا بر بندگان، ای آقا و مولای ما، ",
            "47": "به تو روی آوردیم و تو را واسطه قرار دادیم و به\u200Cسوی خدا به تو متوسل شدیم و تو را پیش روی حاجاتمان نهادیم، ",
            "48": "ای آبرومند نزد خدا، برای ما نزد خدا شفاعت کن؛ ",
            "49": "ای ابا محمّد، ای حسن بن علی، ای پاک\u200Cنهاد عسگری، ای فرزند فرستاده خدا، ",
            "50": "ای حجّت خدا بر بندگان، ای آقا و مولای ما، ",
            "51": "به تو روی آوردیم و تو را واسطه قرار دادیم و به\u200Cسوی خدا به تو متوسل شدیم و تو را پیش روی حاجاتمان نهادیم، ",
            "52": "ای آبرومند نزد خدا، برای ما نزد خدا شفاعت کن؛ ",
            "53": ". ای جانشین حسن، ای یادگار شایسته، ای پایدار مورد امید، ای مهدی\u200C، ای فرزند فرستاده خدا، ",
            "54": "ای حجّت خدا بر بندگان، ای آقا و مولای ما، ",
            "55": "به تو روی آوردیم و تو را واسطه قرار دادیم و به\u200Cسوی خدا به تو متوسل شدیم و تو را پیش روی حاجاتمان نهادیم، ",
            "56": "ای آبرومند نزد خدا، برای ما نزد خدا شفاعت کن. ",
            "57": ". ای آقایان و سرورانم، من به شما پیشوایان ",
            "58": "و توشه\u200Cهایم برای روز تنگدستی روی آوردم و نیازم به\u200Cسوی خداست ",
            "59": "و به\u200C وسیلۀ شما توسّل جستم به\u200Cسوی خدا، پس در نزد خدا واسطه من شوید ",
            "60": "و مرا پیش خدا از گناهانم رهایی بخشید که تنها شما وسیله من به\u200C سوی خدا هستید، ",
            "61": "من با دوستی با شما و نزدیک شدن به شما امیدوار نجات از سوی خدا هستم، پس نزد خدا امید من باشید، ",
            "62": "ای آقایان من و دوستداران خدا، خدایا بر همه آنان درود فرست ",
            "63": "و لعنت خدا بر دشمنان خدا، آن ستمگران به محمّد و خاندان محمّد، از پیشینیان و پسینیان، ای پروردگار جهانیان دعایم را اجابت کن. ",
            "64": ""

        },
        "tozih": {
            "1": "علاّمه مجلسی فرموده است: در بعضی از کتابهای معتبر از محمّد بن بابویه نقل کردهاند که این دعا را از امامان (علیهم السلام) روایت کرده و گفته است: در هیچ امری آن را نخواندم مگر آنکه به زودی اثر اجابت آن را یافتم؛ باشد که این دعا را به نیابت از امام حسین علیه السلام برای سلامتی امام زمان (عج)  بخوانیم:",
            "2": "",
            "3": "",
            "4": "",
            "5": "",
            "6": "",
            "7": "",
            "8": "",
            "9": "",
            "10": "",
            "11": "",
            "12": "",
            "13": "",
            "14": "",
            "15": "",
            "16": "",
            "17": "",
            "18": "",
            "19": "",
            "20": "",
            "21": "",
            "22": "",
            "23": "",
            "24": "",
            "25": "",
            "26": "",
            "27": "",
            "28": "",
            "29": "",
            "30": "",
            "31": "",
            "32": "",
            "33": "",
            "34": "",
            "35": "",
            "36": "",
            "37": "",
            "38": "",
            "39": "",
            "40": "",
            "41": "",
            "42": "",
            "43": "",
            "44": "",
            "45": "",
            "46": "",
            "47": "",
            "48": "",
            "49": "",
            "50": "",
            "51": "",
            "52": "",
            "53": "",
            "54": "",
            "55": "",
            "56": "",
            "57": "پس از خواندن دعا، حاجات خود را بخواهد که به خواست خدا برآورده می‌شود؛\n\nو در روایت دیگری وارد شده است که بعد از خواندن دعا چنین گوید: ",
            "58": "",
            "59": "",
            "60": "",
            "61": "",
            "62": "",
            "63": "",
            "64": "مؤلف گوید: شیخ کفعمی در کتاب «بلدالامین» دعای مفصلی موسوم به دعای فرج نقل کرده که این دعای توسّل در ضمن آن آمده است و به گمان من «دوازده امام» خواجه‌نصیرالدین طوسی همین دعای توسّل است که آن را با صلوات بر حجّت‌های پاک الهی ترکیب کرده‌اند و مجموعه آن در یک خطبه بلیغ و رسا جا گرفته است و کفعمی آن را در بخش‌های آخر کتاب «مصباح» ذکر کرده است. "


        }
    }
}