{
    "118": {
        "number": 118,
        "bab": 1,
        "title": "دعای جوشن صغیر",
        "arabic": {
            "1": "بِسْمِ اللَّهِ الرَّحْمَنِ الرَّحِيمِ إِلٰهِى كَمْ مِنْ عَدُوٍّ انْتَضىٰ عَلَىَّ سَيْفَ عَداوَتِهِ ، وَشَحَذَ لِى ظُبَةَ مِدْيَتِهِ ، وَأَرْهَفَ لِى شَبَا حَدِّهِ ، وَدافَ لِى قَواتِلَ سُمُومِهِ ، وَسَدَّدَ إِلىَّ صَوائِبَ سِهامِهِ ، وَلَمْ تَنَمْ عَنِّى عَيْنُ حِراسَتِهِ ، وَأَضْمَرَ أَنْ يَسُومَنِى الْمَكْرُوهَ ، وَيُجَرِّعَنِى ذُعافَ مَرارَتِهِ؛",
            "2": "فَنَظَرْتَ إِلىٰ ضَعْفِى عَنِ احْتِمالِ الْفَوادِحِ وَعَجْزِى عَنِ الانْتِصارِ مِمَّنْ قَصَدَنِى بِمُحارَبَتِهِ ، وَوَحْدَتِى فِى كَثِيرٍ مِمَّنْ ناوانِى وَأَرْصَدَ لِى فِيما لَمْ أُعْمِلْ فِكْرِى فِى الْإِرْصادِ لَهُمْ بِمِثْلِهِ ، فَأَيَّدْتَنِى بِقُوَّتِكَ ، وَشَدَدْتَ أَزْرِى بِنُصْرَتِكَ ، وَفَلَلْتَ لِى حَدَّهُ ، وَخَذَلْتَهُ بَعْدَ جَمْعِ عَدِيدِهِ وَحَشَْدِهِ ، وَأَعْلَيْتَ كَعْبِى عَلَيْهِ؛ ",
            "3": "وَوَجَّهْتَ ما سَدَّدَ إِلَىَّ مِنْ مَكائِدِهِ إِلَيْهِ ، وَرَدَدْتَهُ عَلَيْهِ ، وَلَمْ يَشْفِ غَلِيلَهُ ، وَلَمْ تَبْرُدْ حَزازاتُ غَيْظِهِ ، وَقَدْ عَضَّ عَلَىَّ أَنامِلَهُ ، وَأَدْبَرَ مُوَلِّياً قَدْ أَخْفَقَتْ سَراياهُ ، فَلَكَ الْحَمْدُ يَا رَبِّ مِنْ مُقْتَدِرٍ لَايُغْلَبُ ، وَذِى أَناةٍ لَايَعْجَلُ ، صَلِّ عَلىٰ مُحَمَّدٍ وَآلِ مُحَمَّدٍ وَاجْعَلْنِى لِنَعْمائِكَ مِنَ الشَّاكِرِينَ ، وَلِآلائِكَ مِنَ الذَّاكِرِينَ؛",
            "4": "إِلٰهِى وَكَمْ مِنْ باغٍ بَغانِى بِمَكائِدِهِ ، وَنَصَبَ لِى أَشْراكَ مَصائِدِهِ ، وَوَكَّلَ بِى تَفَقُّدَ رِعايَتِهِ ، وَأَضْبَأَ إِلَىَّ إِضْباءَ السَّبُعِ لِطَرِيدَتِهِ ، انْتِظاراً لِانْتِهازِ فُرْصَتِهِ ، وَهُوَ يُظْهِرُ بَشاشَةَ الْمَلَقِ ، وَيَبْسُطُ  وَجْهاً غَيْرَ طَلِقٍ ،",
            "5": "  فَلَمّا رَأَيْتَ دَغَلَ سَرِيرَتِهِ ، وَقُبْحَ مَا انْطَوىٰ عَلَيْهِ لِشَرِيكِهِ فِى مِلَّتِهِ ، وَأَصْبَحَ مُجْلِباً لِى فِى بَغْيِهِ أَرْكَسْتَهُ لِأُمِّ رَأْسِهِ ، وَأَتَيْتَ بُنْيانَهُ مِنْ أَساسِهِ ، فَصَرَعْتَهُ فِى زُبْيَتِهِ ، وَرَدَّيْتَهُ فِى مَهْوىٰ حُفْرَتِهِ ، وَجَعَلْتَ خَدَّهُ طَبَقاً لِتُرابِ رِجْلِهِ؛ وَشَغَلْتَهُ فِى بَدَنِهِ وَرِزْقِهِ ، وَرَمَيْتَهُ بِحَجَرِهِ ، وَخَنَقْتَهُ بِوَتَرِهِ، وَذَكَّيْتَهُ بِمَشاقِصِهِ، وَكَبَبْتَهُ لِمَنْخِرِهِ ، وَرَدَدْتَ كَيْدَهُ فِى نَحْرِهِ ، وَرَبَقْتَهُ بِنَدامَتِهِ ، وَفَسَأْتَهُ  بِحَسْرَتِهِ،",
            "6": " فَاسْتَخْذَأَ  وتَضاءَلَ  بَعْدَ نَخْوَتِهِ ، وَانْقَمَعَ بَعْدَ اسْتِطالَتِهِ ذَلِيلاً مَأْسُوراً فِى رِبْقِ حِبالَتِهِ  الَّتِى كانَ يُؤَمِّلُ أَنْ يَرانِى فِيها يَوْمَ سَطْوَتِهِ ، وَقَدْ كِدْتُ يَا رَبِّ لَوْلا رَحْمَتُكَ أَنْ يَحُلَّ بِى ما حَلَّ بِساحَتِهِ ، فَلَكَ الْحَمْدُ يَا رَبِّ مِنْ مُقْتَدِرٍ لَا يُغْلَبُ ، وَذِى أَناةٍ لَايَعْجَلُ ، صَلِّ عَلىٰ مُحَمَّدٍ وَآلِ مُحَمَّدٍ وَاجْعَلْنِى لِنَعْمائِكَ مِنَ الشَّاكِرِينَ ، وَلِآلائِكَ مِنَ الذَّاكِرِينَ؛",
            "7": "إِلٰهِى وَكَمْ مِنْ حاسِدٍ شَرِقَ بِحَسْرَتِهِ  ، وَعَدُوٍّ شَجِىَ بِغَيْظِهِ ، وَسَلَقَنِى بِحَدِّ لِسانِهِ ، وَوَخَزَنِى بِمُوقِ عَيْنِهِ ، وَجَعَلَنِى غَرَضاً  لِمَرامِيهِ ، وَقَلَّدَنِى خِلالاً لَمْ تَزَلْ فِيهِ ؟ ",
            "8": "نادَيْتُكَ  يَا رَبِّ مُسْتَجِيراً بِكَ ، واثِقاً بِسُرْعَةِ إِجابَتِكَ ، مُتَوَكِّلاً عَلىٰ ما لَمْ أَزَلْ أَتَعَرَّفُهُ مِنْ حُسْنِ دِفاعِكَ ، عالِماً أَنَّهُ لَايُضْطَهَدُ مَنْ أَوىٰ إِلىٰ ظِلِّ كَنَفِكَ؛ وَلَنْ تَقْرَعَ الْحَوادِثُ  مَنْ لَجَأَ إِلىٰ مَعْقِلِ الانْتِصارِ بِكَ ، فَحَصَّنْتَنِى مِنْ بَأْسِهِ بِقُدْرَتِكَ ، فَلَكَ الْحَمْدُ يَا رَبِّ مِنْ مُقْتَدِرٍ لَايُغْلَبُ ، وَذِى أَناةٍ لَايَعْجَلُ ، صَلِّ عَلىٰ مُحَمَّدٍ وَآلِ مُحَمَّدٍ وَاجْعَلْنِى لِنَعْمائِكَ مِنَ الشَّاكِرِينَ ، وَلِآلائِكَ مِنَ الذَّاكِرِينَ؛",
            "9": "إِلٰهِى وَكَمْ مِنْ سَحائِبِ مَكْرُوهٍ جَلَّيْتَها ، وَسَماءِ نِعْمَةٍ مَطَرْتَها  ، وَجَداوِلِ كَرامَةٍ أَجْرَيْتَها ، وَأَعْيُنِ أَحْداثٍ طَمَسْتَها ، وَناشِئَةِ رَحْمَةٍ نَشَرْتَها ، وَجُنَّةِ عافِيَةٍ أَلْبَسْتَها ، وَغَوامِرِ كُرُباتٍ كَشَفْتَها ، وَأُمُورٍ جارِيَةٍ قَدَّرْتَها ، لَمْ تُعْجِزْكَ إِذْ طَلَبْتَها ، وَلَمْ تَمْتَنِعْ مِنْكَ إِذْ أَرَدْتَها ، فَلَكَ الْحَمْدُ يَا رَبِّ مِنْ مُقْتَدِرٍ لَايُغْلَبُ ، وَذِى أَناةٍ لَايَعْجَلُ ، صَلِّ عَلىٰ مُحَمَّدٍ وَآلِ مُحَمَّدٍ وَاجْعَلْنِى لِنَعْمائِكَ مِنَ الشَّاكِرِينَ، وَلِآلائِكَ مِنَ الذَّاكِرِينَ؛  ",
            "10": "إِلٰهِى وَكَمْ مِنْ ظَنٍّ حَسَنٍ حَقَّقْتَ ، وَمِنْ كَسْرِ إِمْلاقٍ جَبَرْتَ ، وَمِنْ مَسْكَنَةٍ فادِحَةٍ حَوَّلْتَ ، وَمِنْ صَرْعَةٍ مُهْلِكَةٍ نَعَشْتَ ، وَمِنْ مَشَقَّةٍ أَرَحْتَ ، لَاتُسْأَلُ  عَمَّا تَفْعَلُ وَهُمْ يُسْأَلُونَ ، وَلَا يَنْقُصُكَ ما أَنْفَقْتَ ، ",
            "11": "وَلَقَدْ سُئِلْتَ فَأَعْطَيْتَ ، وَلَمْ تُسْأَلْ فَابْتَدَأْتَ ، وَاسْتُمِيحَ بابُ فَضْلِكَ فَما أَكْدَيْتَ ، أَبَيْتَ إِلّا إِنْعاماً وَامْتِناناً ، وَ إِلّا تَطَوُّلاً يَا رَبِّ وَ إِحْساناً ، وَأَبَيْتُ  إِلّا انْتِهاكاً لِحُرُماتِكَ ، وَاجْتِراءً عَلىٰ مَعاصِيكَ؛ وَتَعَدِيّاً لِحُدُودِكَ ، وَغَفْلَةً عَنْ وَعِيدِكَ ، وَطاعَةً لِعَدُوِّى وَعَدُوِّكَ ، لَمْ يَمْنَعْكَ يَا إِلٰهِى وَناصِرِى إِخْلالِى بِالشُّكْرِ عَنْ إِتْمامِ إِحْسانِكَ، وَلَا حَجَزَنِى ذٰلِكَ عَنِ ارْتِكابِ مَساخِطِكَ؛",
            "12": "اللّٰهُمَّ وَهٰذا  مَقَامُ عَبْدٍ ذَلِيلٍ اعْتَرَفَ لَكَ بِالتَّوْحِيدِ ، وَأَقَرَّ عَلىٰ نَفْسِهِ بِالتَّقْصِيرِ فِى أَداءِ حَقِّكَ ، وَشَهِدَ لَكَ بِسُبُوغِ نِعْمَتِكَ عَلَيْهِ وَجَمِيلِ عادَتِكَ عِنْدَهُ وَ إِحْسانِكَ إِلَيْهِ ، فَهَبْ لِى يَا إِلٰهِى وَسَيِّدِى مِنْ فَضْلِكَ ما أُرِيدُهُ إِلىٰ رَحْمَتِكَ  ، وَأَتَّخِذُهُ سُلَّماً أَعْرُجُ فِيهِ إِلىٰ مَرْضاتِكَ ، وَ آمَنُ بِهِ مِنْ سَخَطِكَ ، بِعِزَّتِكَ وَطَوْلِكَ؛ وَبِحَقِّ نَبِيِّكَ مُحَمَّدٍ صَلَّى اللّٰهُ عَلَيْهِ وَآلِهِ ، ",
            "13": "فَلَكَ الْحَمْدُ يَا رَبِّ مِنْ مُقْتَدِرٍ لَايُغْلَبُ ، وَذِى أَناةٍ لَايَعْجَلُ ، صَلِّ عَلىٰ مُحَمَّدٍ وَآلِ مُحَمَّدٍ وَاجْعَلْنِى لِنَعْمائِكَ مِنَ الشَّاكِرِينَ ، وَلِآلائِكَ مِنَ الذَّاكِرِينَ؛",
            "14": "إِلٰهِى وَكَمْ مِنْ عَبْدٍ أَمْسىٰ وَأَصْبَحَ فِى كَرْبِ الْمَوْتِ ، وَحَشْرَجَةِ الصَّدْرِ ، وَالنَّظَرِ إِلىٰ ما تَقْشَعِرُّ مِنْهُ الْجُلُودُ ، وَتَفْزَعُ لَهُ الْقُلُوبُ ، وَأَنَا فِى عافِيَةٍ مِنْ ذٰلِكَ كُلِّهِ ، فَلَكَ الْحَمْدُ يَا رَبِّ مِنْ مُقْتَدِرٍ لَايُغْلَبُ ، وَذِى أَناةٍ لَايَعْجَلُ ، صَلِّ عَلىٰ مُحَمَّدٍ وَآلِ مُحَمَّدٍ وَاجْعَلْنِى لِنَعْمائِكَ مِنَ الشَّاكِرِينَ ، وَلِآلائِكَ مِنَ الذَّاكِرِينَ؛  ",
            "15": " اِلهى وَكَمْ مِنْ عَبْدٍ أَمْسىٰ وَأَصْبَحَ سَقِيماً مُوجِعاً  فِى أَنَّةٍ وَعَوِيلٍ يَتَقَلَّبُ فِى غَمِّهِ لَا يَجِدُ مَحِيصاً ، وَلَا يُسِيغُ طَعاماً وَلَا شَراباً  ، وَأَنَا فِى صِحَّةٍ مِنَ الْبَدَنِ ، وَسَلامَةٍ مِنَ الْعَيْشِ ، كُلُّ ذٰلِكَ مِنْكَ ، فَلَكَ الْحَمْدُ يَا رَبِّ مِنْ مُقْتَدِرٍ لَايُغْلَبُ ، وَذِى أَناةٍ لَايَعْجَلُ ، صَلِّ عَلىٰ مُحَمَّدٍ وَآلِ مُحَمَّدٍ وَاجْعَلْنِى لِنَعْمائِكَ مِنَ الشَّاكِرِينَ ، وَلِآلائِكَ مِنَ الذَّاكِرِينَ؛",
            "16": "إِلٰهِى وَكَمْ مِنْ عَبْدٍ أَمْسىٰ وَأَصْبَحَ خائِفاً مَرْعُوباً  مُشْفِقاً وَجِلاً هارِباً طَرِيداً مُنْجَحِراً فِى مَضِيقٍ وَمَخْبَأَةٍ مِنَ الْمَخابِىَ قَدْ ضاقَتْ عَلَيْهِ الْأَرْضُ بِرُحْبِها ، لَايَجِدُ حِيلَةً وَلَا مَنْجىٰ وَلَا مَأْوىٰ ، وَأَنَا فِى أَمْنٍ وَطُمَأْنِينَةٍ وَعافِيَةٍ مِنْ ذٰلِكَ كُلِّهِ ، فَلَكَ الْحَمْدُ يَا رَبِّ مِنْ مُقْتَدِرٍ لَا يُغْلَبُ وَذِى أَناةٍ لَايَعْجَلُ ، صَلِّ عَلىٰ مُحَمَّدٍ وَآلِ مُحَمَّدٍ وَاجْعَلْنِى لِنَعْمائِكَ مِنَ الشَّاكِرِينَ ، وَلِآلائِكَ مِنَ الذَّاكِرِينَ؛",
            "17": "إِلٰهِى وَسَيِّدِى وَكَمْ مِنْ عَبْدٍ أَمْسىٰ وَأَصْبَحَ مَغْلُولاً مُكَبَّلاً فِى الْحَدِيدِ بِأَيْدِى الْعُداةِ لَايَرْحَمُونَهُ ، فَقِيداً مِنْ أَهْلِهِ وَوَلَدِهِ ، مُنْقَطِعاً عَنْ إِخْوانِهِ وَبَلَدِهِ ، يَتَوَقَّعُ كُلَّ ساعَةٍ بِأَيِّ قِتْلَةٍ يُقْتَلُ ، وَبِأَيِّ مُثْلَةٍ يُمَثَّلُ بِهِ ، وَأَنَا فِى عافِيَةٍ مِنْ ذٰلِكَ كُلِّهِ ، فَلَكَ الْحَمْدُ يَا رَبِّ مِنْ مُقْتَدِرٍ لَايُغْلَبُ ، وَذِى أَناةٍ لَايَعْجَلُ ، صَلِّ عَلىٰ مُحَمَّدٍ وَآلِ مُحَمَّدٍ وَاجْعَلْنِى لِنَعْمائِكَ مِنَ الشَّاكِرِينَ ، وَلِآلائِكَ مِنَ الذَّاكِرِينَ؛ ",
            "18": "إِلٰهِى وَكَمْ مِنْ عَبْدٍ أَمْسىٰ وَأَصْبَحَ يُقاسِى الْحَرْبَ وَمُباشَرَةَ الْقِتالِ بِنَفْسِهِ قَدْ غَشِيَتْهُ الْأَعْداءُ مِنْ كُلِّ جانِبٍ بِالسُّيُوفِ وَالرِّماحِ وَآلَةِ الْحَرْبِ ، يَتَقَعْقَعُ فِى الْحَدِيدِ قَدْ بَلَغَ مَجْهُودَهُ لَايَعْرِفُ حِيلَةً ، وَلَا يَجِدُ مَهْرَباً ، قَدْ أُدْنِفَ بِالْجِراحَاتِ ، أَوْ مُتَشَحِّطاً بِدَمِهِ تَحْتَ السَّنابِكِ وَالْأَرْجُلِ ،يَتَمَنَّىٰ شَرْبَةً مِنْ ماءٍ أَوْ نَظْرَةً إِلىٰ أَهْلِهِ وَوَلَدِهِ لَا يَقْدِرُ عَلَيْها ، وَأَنَا فِى عافِيَةٍ مِنْ ذٰلِكَ كُلِّهِ ، فَلَكَ الْحَمْدُ يَا رَبِّ مِنْ مُقْتَدِرٍ لَايُغْلَبُ ، وَذِى أَناةٍ لَايَعْجَلُ ، صَلِّ عَلىٰ مُحَمَّدٍ وَآلِ مُحَمَّدٍ وَاجْعَلْنِى لِنَعْمائِكَ مِنَ الشَّاكِرِينَ ، وَلِآلائِكَ مِنَ الذَّاكِرِينَ؛",
            "19": "إِلٰهِى وَكَمْ مِنْ عَبْدٍ أَمْسىٰ وَأَصْبَحَ فِى ظُلُماتِ الْبِحارِ وَعَواصِفِ الرِّياحِ وَالْأَهْوالِ وَالْأَمْواجِ ، يَتَوَقَّعُ الْغَرَقَ وَالْهَلاكَ ، لَايَقْدِرُ عَلىٰ حِيلَةٍ ، أَوْ مُبْتَلىً بِصاعِقَةٍ أَوْ هَدْمٍ أَوْ حَرْقٍ أَوْشَرْقٍ أَوْ خَسْفٍ أَوْ مَسْخٍ أَوْ قَذْفٍ ، وَأَنَا فِى عافِيَةٍ مِنْ ذٰلِكَ كُلِّهِ ، فَلَكَ الْحَمْدُ يَا رَبِّ مِنْ مُقْتَدِرٍ لَايُغْلَبُ ، وَذِى أَناةٍ لَا يَعْجَلُ ، صَلِّ عَلىٰ مُحَمَّدٍ وَآلِ مُحَمَّدٍ وَاجْعَلْنِى لِنَعْمائِكَ مِنَ الشَّاكِرِينَ ، وَلِآلائِكَ مِنَ الذَّاكِرِينَ؛",
            "20": "إِلٰهِى وَكَمْ مِنْ عَبْدٍ أَمْسىٰ وَأَصْبَحَ مُسافِراً شاخِصاً عَنْ أَهْلِهِ وَوَلَدِهِ ، مُتَحَيِّراً فِى الْمَفاوِزِ ، تائِهاً مَعَ الْوُحُوشِ وَالْبَهائِمِ وَالْهَوامِّ، وَحِيداً فَرِيداً لَايَعْرِفُ حِيلَةً وَلَا يَهْتَدِى سَبِيلاً ، أَوْ  مُتَأَذِّياً بِبَرْدٍ أَوْ حَرٍّ أَوْ جُوعٍ أَوْ عُرْيٍ أَوْ غَيْرِهِ مِنَ الشَّدائِدِ مِمَّا أَنَا مِنْهُ خِلْوٌ فِى عافِيَةٍ مِنْ ذٰلِكَ كُلِّهِ ، فَلَكَ الْحَمْدُ يا رَبِّ مِنْ مُقْتَدِرٍ لَايُغْلَبُ ، وَذِى أَناةٍ لَايَعْجَلُ ، صَلِّ عَلىٰ مُحَمَّدٍ وَآلِ مُحَمَّدٍ وَاجْعَلْنِى لِنَعْمائِكَ مِنَ الشَّاكِرِينَ ، وَلِآلائِكَ مِنَ الذَّاكِرِينَ؛",
            "21": "إِلٰهِى وَسَيِّدِى وَكَمْ مِنْ عَبْدٍ أَمْسىٰ وَأَصْبَحَ فَقِيراً عائِلاً عارِياً مُمْلِقاً مُخْفِقاً مَهْجُوراً جائِعاً ظَمْآناً ، يَنْتَظِرُ مَنْ يَعُودُ عَلَيْهِ بِفَضْلٍ ، أَوْ عَبْدٍ وَجِيهٍ عِنْدَكَ هُوَ أَوْجَهُ مِنِّى عِنْدَكَ وَأَشَدُّ عِبادَةً لَكَ ، مَغْلُولاً مَقْهُوراً قَدْ حُمِّلَ ثِقْلاً مِنْ تَعَبِ الْعَناءِ ، وَشِدَّةِ الْعُبُودِيَّةِ ، وَكُلْفَةِ الرِّقِّ ، وَثِقْلِ الضَّرِيبَةِ ، أَوْ مُبْتَلىً بِبَلاءٍ شَدِيدٍ لَاقِبَلَ لَهُ  إِلّا بِمَنِّكَ عَلَيْهِ ، وَأَنَا الْمَخْدُومُ الْمُنَعَّمُ الْمُعافَى الْمُكَرَّمُ فِى عافِيَةٍ مِمَّا هُوَ فِيهِ ، فَلَكَ الْحَمْدُ عَلىٰ ذٰلِكَ كُلِّهِ مِنْ مُقْتَدِرٍ لَايُغْلَبُ ، وَذِى أَناةٍ لَايَعْجَلُ ، صَلِّ عَلىٰ مُحَمَّدٍ وَآلِ مُحَمَّدٍ وَاجْعَلْنِى لِنَعْمائِكَ مِنَ الشَّاكِرِينَ ، وَلِآلائِكَ مِنَ الذَّاكِرِينَ؛",
            "22": "إِلٰهِى وَ سَيِّدِى وَكَمْ مِنْ عَبْدٍ أَمْسَىٰ وَأَصْبَحَ عَلِيلاً مَرِيضاً سَقِيماً مُدْنِفاً عَلىٰ فُرُشِ الْعِلَّةِ وَفِى لِباسِها يَتَقَلَّبُ يَمِيناً وَشِمالاً ، لَايَعْرِفُ شَيْئاً مِنْ لَذَّةِ الطَّعامِ وَلَا مِنْ لَذَّةِ الشَّرابِ ، يَنْظُرُ إِلىٰ نَفْسِهِ حَسْرَةً لَايَسْتَطِيعُ لَها ضَرّاً وَلَا نَفْعاً ، وَأَنَا خِلْوٌ مِنْ ذٰلِكَ كُلِّهِ بِجُودِكَ وَكَرَمِكَ ، فَلا إِلٰهَ إِلّا أَنْتَ سُبْحانَكَ مِنْ مُقْتَدِرٍ لَايُغْلَبُ ، وَذِى أَناةٍ لَايَعْجَلُ ، صَلِّ عَلىٰ مُحَمَّدٍ وَآلِ مُحَمَّدٍ وَاجْعَلْنِى لَكَ مِنَ الْعابِدِينَ ، وَ لِنَعْمائِكَ مِنَ الشَّاكِرِينَ ، وَلِآلائِكَ مِنَ الذَّاكِرِينَ ، وَارْحَمْنِى بِرَحْمَتِكَ يَا أَرْحَمَ الرَّاحِمِينَ؛ ",
            "23": "مَوْلاىَ وَسَيِّدِى وَكَمْ مِنْ عَبْدٍ أَمْسىٰ وَأَصْبَحَ وَقَدْ دَنا يَوْمُهُ مِنْ حَتْفِهِ ، وَأَحْدَقَ بِهِ مَلَكُ الْمَوْتِ فِى أَعْوانِهِ يُعالِجُ سَكَراتِ الْمَوْتِ وَحِياضَهُ ، تَدُورُ عَيْناهُ يَمِيناً وَشِمالاً يَنْظُرُ إِلىٰ أَحِبَّائِهِ وَأَوِدَّائِهِ وَأَخِلَّائِهِ ، قَدْ مُنِعَ مِنَ الْكَلامِ ، وَحُجِبَ عَنِ الْخِطابِ ، يَنْظُرُ إِلىٰ نَفْسِهِ حَسْرَةً لَايَسْتَطِيعُ لَها ضَرّاً وَلَا نَفْعاً ، وَأَنَا خِلْوٌ مِنْ ذٰلِكَ كُلِّهِ بِجُودِكَ وَكَرَمِكَ ، فَلَاٰ إِلٰهَ إِلّا أَنْتَ سُبْحانَكَ مِنْ مُقْتَدِرٍ لَايُغْلَبُ ، وَذِى أَناةٍ لَايَعْجَلُ ، صَلِّ عَلىٰ مُحَمَّدٍ وَآلِ مُحَمَّدٍ وَاجْعَلْنِى لِنَعْمائِكَ مِنَ الشَّاكِرِينَ ، وَلِآلائِكَ مِنَ الذَّاكِرِينَ ، وَارْحَمْنِى بِرَحْمَتِكَ يَا أَرْحَمَ الرّاحِمينَ؛",
            "24": "مَوْلاىَ وَسَيِّدِى وَكَمْ مِنْ عَبْدٍ أَمْسىٰ وَأَصْبَحَ فِى مَضائِقِ الْحُبُوسِ وَالسُّجُونِ وَكُرَبِها وَذُلِّها وَحَدِيدِها تَتَداوَلُهُ أَعْوانُها وَزَبانِيَتُها فَلا يَدْرِى أَىُّ حالٍ يُفْعَلُ بِهِ ، وَأَىُّ مُثْلَةٍ يُمَثَّلُ بِهِ ، فَهُوَ فِى ضُرٍّ مِنَ الْعَيْشِ وَضَنْكٍ مِنَ الْحَياةِ يَنْظُرُ إِلىٰ نَفْسِهِ حَسْرَةً لَايَسْتَطِيعُ لَها ضَرّاً وَلَا نَفْعاً ، وَأَنَا خِلْوٌ مِنْ ذٰلِكَ كُلِّهِ بِجُودِكَ وَكَرمِكَ ، فَلَا إِلٰهَ إِلّا أَنْتَ سُبْحانَكَ مِنْ مُقْتَدِرٍ لَايُغْلَبُ ، وَذِى أَناةٍ لَا يَعْجَلُ ، صَلِّ عَلىٰ مُحَمَّدٍ وَآلِ مُحَمَّدٍ وَاجْعَلْنِى لَكَ مِنَ الْعابِدِينَ ، وَ لِنَعْمائِكَ مِنَ الشَّاكِرِينَ ، وَلِآلائِكَ مِنَ الذَّاكِرِينَ ، وَارْحَمْنِى بِرَحْمَتِكَ يَا أَرْحَمَ الرَّاحِمِينَ؛ ",
            "25": "سَيِّدِى وَمَوْلاىَ وَكَمْ مِنْ عَبْدٍ أَمْسىٰ وَأَصْبَحَ قَدِ اسْتَمَرَّ عَلَيْهِ الْقَضاءُ ، وَأَحْدَقَ بِهِ الْبَلاءُ ، وَفارَقَ أَوِدَّاءَهُ وَأَحِبَّاءَهُ وَأَخِلَّاءَهُ ، وَأَمْسىٰ أَسِيراً حَقِيراً ذَلِيلاً فِى أَيْدِى الْكُفَّارِ وَالْأَعْداءِ يَتَداوَلُونَهُ يَمِيناً وَشِمالاً قَدْ حُصِرَ فِى الْمَطامِيرِ ، وَثُقِّلَ بِالْحَدِيدِ ، لَايَرىٰ شَيْئاً مِنْ ضِياءِ الدُّنْيا وَلَا مِنْ رَوْحِها ، يَنْظُرُ إِلىٰ نَفْسِهِ حَسْرَةً لَا يَسْتَطِيعُ لَها ضَرّاً وَلَا نَفْعاً ، وَأَنَا خِلْوٌ مِنْ ذٰلِكَ كُلِّهِ بِجُودِكَ وَكَرمِكَ ، فَلَا إِلٰهَ إِلّا أَنْتَ ، سُبْحانَكَ مِنْ مُقْتَدِرٍ لَايُغْلَبُ ، وَذِى أَناةٍ لَايَعْجَلُ ، صَلِّ عَلىٰ مُحَمَّدٍ وَآلِ مُحَمَّدٍ وَاجْعَلْنِى لَكَ مِنَ الْعابِدِينَ ، وَ لِنَعْمائِكَ مِنَ الشَّاكِرِينَ ، وَلِآلائِكَ مِنَ الذَّاكِرِينَ ، وَارْحَمْنِى بِرَحْمَتِكَ يَا أَرْحَمَ الرَّاحِمِينَ؛  ",
            "26": "وَعِزَّتِكَ يَا كَرِيمُ لَأَطْلُبَنَّ مِمَّا لَدَيْكَ ، وَلَأُلِحَّنَّ عَلَيْكَ ، وَلَأَمُدَّنَّ يَدِى نَحْوَكَ مَعَ جُرْمِها إِلَيْكَ يَا رَبِّ فَبِمَنْ أَعُوذُ ؟ وَبِمَنْ أَلُوذُ ؟ لَاأَحَدَ لِى إِلّا أَنْتَ ، أَفَتَرُدَّنِى وَأَنْتَ مُعَوَّلِى وَعَلَيْكَ مُتَّكَلِى ، ",
            "27": "أَسْأَلُكَ بِاسْمِكَ الَّذى وَضَعْتَهُ عَلَى السَّماءِ فَاسْتَقَلَّتْ ، وَعَلَى الْأَرْضِ فَاسْتَقَرَّتْ ، وَعَلَى الْجِبالِ فَرَسَتْ ، وَعَلَى اللَّيْلِ فَأَظْلَمَ ، وَعَلَى النَّهارِ فَاسْتَنارَ ، أَنْ تُصَلِّىَ عَلىٰ مُحَمَّدٍ وَآلِ مُحَمَّدٍ وَأَنْ تَقْضِىَ لِى حَوائِجِى كُلَّها ، وَتَغْفِرَ لِى ذُنُوبِى كُلَّها صَغِيرَها وَكَبِيرَها ، وَتُوَسِّعَ عَلَىَّ مِنَ الرِّزْقِ ما تُبَلِّغُنِى بِهِ شَرَفَ الدُّنْيا وَالْآخِرَةِ يَا أَرْحَمَ الرَّاحِمِينَ؛",
            "28": "مَوْلاىَ بِكَ اسْتَعَنْتُ فَصَلِّ عَلىٰ مُحَمَّدٍ وَآلِ مُحَمَّدٍ وَأَعِنِّى ، وَبِكَ اسْتَجَرْتُ فَأَجِرْنِى ، وَأَغْنِنِى بِطاعَتِكَ عَنْ طاعَةِ عِبادِكَ ، وَبِمَسْأَلَتِكَ عَنْ مَسْأَلَةِ خَلْقِكَ ، وَانْقُلْنِى مِنْ ذُلِّ الْفَقْرِ إِلىٰ عِزِّ الْغِنىٰ ، وَمِنْ ذُلِّ الْمَعاصِى إِلىٰ عِزِّ الطَّاعَةِ ، فَقَدْ فَضَّلْتَنِى عَلىٰ كَثِيرٍ مِنْ خَلْقِكَ جُوداً مِنْكَ وَكَرَماً ، لَا بِاسْتِحْقاقٍ مِنِّى . ",
            "29": " إِلٰهِى فَلَكَ الْحَمْدُ عَلىٰ ذٰلِكَ كُلِّهِ ، صَلِّ عَلىٰ مُحَمَّدٍ وَآلِ مُحَمَّدٍ وَاجْعَلْنِى لِنَعْمائِكَ مِنَ الشَّاكِرِينَ ، وَلِآلائِكَ مِنَ الذَّاكِرِينَ.",
            "30": "سَجَدَ وَجْهِىَ الذَّلِيلُ لِوَجْهِكَ الْعَزِيزِ الْجَلِيلِ ، سَجَدَ وَجْهِىَ الْبالِى الْفانِى لِوَجْهِكَ الدَّائِمِ الْباقِى ، سَجَدَ وَجْهِىَ الْفَقِيرُ لِوَجْهِكَ الْغَنِيِّ الْكَبِيرِ ، سَجَدَ وَجْهِى وَسَمْعِى وَبَصَرِى وَلَحْمِى وَدَمِى وَجِلْدِى وَعَظْمِى وَما أَقَلَّتِ الْأَرْضُ مِنِّى لِلّٰهِ رَبِّ الْعالَمِينَ . ",
            "31": "اللّٰهُمَّ عُدْ عَلىٰ جَهْلِى بِحِلْمِكَ ، وَعَلىٰ فَقْرِى بِغِناكَ ، وَعَلىٰ ذُلِّى بِعِزِّكَ وَسُلْطانِكَ ، وَعَلىٰ ضَعْفِى بِقُوَّتِكَ ، وَعَلىٰ خَوْفِى بِأَمْنِكَ ، وَعَلىٰ ذُنُوبِى وَخَطاياىَ بِعَفْوِكَ وَرَحْمَتِكَ يَا رَحْمٰنُ يَا رَحِيمُ؛ ",
            "32": "اللّٰهُمَّ إِنِّى أَدْرَأُ بِكَ فِى نَحْرِ فُلانِ بْنِ فُلان ، وَأَعُوذُ بِكَ مِنْ شَرِّهِ فَاكْفِنِيهِ بِما كَفَيْتَ بِهِ أَنْبِياءَكَ وَأَوْلِياءَكَ مِنْ خَلْقِكَ وَصالِحِى عِبادِكَ مِنْ فَراعِنَةِ خَلْقِكَ ، وَطُغاةِ عُداتِكَ ، وَشَرِّ جَمِيعِ خَلْقِكَ ، بِرَحْمَتِكَ يَا أَرْحَمَ الرّاحِمِينَ ، إِنَّكَ عَلىٰ كُلِّ شَىْءٍ قَدِيرٌ ، وَحَسْبُنَا اللّٰهُ وَنِعْمَ الْوَكِيلُ."
        },
        "farsi": {
            "1": "به نام خدا که رحمتش بسیار و مهربانى‌اش همیشگى است، خدایا چه بسیار دشمنی که شمشیر دشمنی‌اش را به روی من کشید و لبه تیغش را بر من تیز کرد و باریک نمود دَم برنده اسلحه‌اش را و زهرهای کشنده‌اش را برای من درهم آمیخت و تیرهای بی‌خطایش را به‌سوی من نشانه گرفت و چشم نگهبانش از من به خواب نرفت و نهانی بر آن است تا مرا در معرض امور ناخوشایند قرار دهد و به من بچشاند زهر جگر سوزش را؛  ",
            "2": " خدایا به ناتوانی من نگریستی که تاب حوادث بزرگ را ندارم و درماندگی‌ام را از انتقام گرفتن از آنکه با ستیزه‌جویی‌اش قصد من کرده، دیدی و تنهایی‌ام را در برابر بسیاری از آنان‌که آزار مرا اراده نموده‌اند و در کمین من نشستند، مشاهده کردی و در آنچه اندیشه‌ام را علیه آنان برای مقابله به مثل بکار نگرفتم، پس مرا به نیرویت تأیید کردی و پشتم را با یاریت محکم نمودی و تیغ او را به نفع من کند کردی و او را پس از جمع‌آوری نفرات و تجهیزاتش خوار نمودی و مقام و جایگاه مرا بر او برتری دادی؛ ",
            "3": " و آنچه را از نیرنگ‌هایش به‌جانب من هدف گرفته بود به‌سوی خودش بازگرداندی و علیه او به کار بستی، ولی عطش کینه‌اش فرو ننشست و سوزش دل برآمده از خشمش سرد نشد درحالی‌که از غیضش بر من انگشت به دندان گزید و پشت کرده پا به فرار نهاد و سپاه و نفراتش تارومار شد، پس تو را سپاس ای پروردگار از توانایی‌ات که شکست نپذیرد و بردباری‌ات که شتاب نپذیرد، بر محمّد و خاندان محمّد درود فرست و مرا در برابر نعمت‌هایت از شاکران و در برابر عطاهایت از ذاکران قرار ده؛ ",
            "4": " خدایا چه بسیار متجاوزی که با نیرنگ‌هایش به من ستم کرد و دام‌های شکارگیرش را در راهم نهاد و توجه جستجوگرانه‌اش را بر من گماشت و در کمین من نشست، همچون کمین گذاردن درنده‌ای برای شکار خویش برای به دست آوردن فرصت مناسب درحالی‌که خوش‌رویی چاپلوسانه نشان داده و به‌سختی گشاده‌رویی می‌نمود،",
            "5": "  پس چون حیله‌گری نهادش و زشتی پندار نهفته‌اش را آن هم بر زیان هم‌کیشش مشاهده نمودی درحالی‌که سپیده می‌کرد به امید آنکه در ستمش بر من هجوم آورد، پس تو او را سرنگون ساختی و ریشه‌اش را از بیخ‌وبن برکندی و او را در چاهی که برای من کنده بود و در ژرفای گودالش در انداختی و گونه‌اش را همپای خاک پایش قرار دادی؛ و او را به تن و روزی‌اش سرگرم کردی و او را با سنگ خودش زدی و با زه کمان خودش خفه‌اش نمودی و با سر نیزه‌های خودش هلاک کردی و به رو به خاک مذلّت انداختی و حیله‌اش را به گردنش برگرداندی و به بند پشیمانی گرفتارش کردی و به سبب حسرتش به باد فنایش دادی،",
            "6": " ازاین‌رو پس از کبر و نخوتش خوار و کوچک گشت و به دنبال گردن فرازی‌اش خوار و کوبیده شد و در بند دامی که روز گردن‌کشی‌اش آرزو داشت مرا در میان آن ببیند، اسیر شد و چه نزدیک بود پروردگارا اگر رحمتت نبود بر من فرود آید، آنچه دامن زندگی او را فرا گرفت، پس تو را سپاس پروردگارا که توانای شکست ناپذیری و بردبار بدون شتابی، بر محمّد و خاندان محمّد درود فرست و مرا بر نعمت‌هایت از شاکران و در برابر عطاهایت از ذاکران قرار بده؛  ",
            "7": " خدایا چه بسیار حسودی که از روی حسرت برافروخته گشت و دشمنی که به سبب خشمش به‌سختی اندوهناک شد و مرا با نیش زبانش آزرده ساخت و مژگانش را چون نیزه‌ای به بدنم فرو برد و مرا هدف تیرهای سرزنش نمود و کاستی‌هایی را به گردنم انداخت که در خود اوست، ",
            "8": " پروردگارا پناه‌جویانه تو را خواندم، درحالی‌که اطمینان به سرعت اجابت تو داشتم، توکل کنان به آنچه همواره از خوبی دفاعت می‌دانستم، با آگاهی به اینکه هرکه رخت به سایه حمایتت کشد، مورد آزار واقع نگردد؛ و کسی که به قلعه مددجویی تو پناه آورد، هرگز حوادث روزگار او را درهم نکوبد، پس به قدرتت مرا از آزار او حفظ کردی، پس تو را سپاس ای پروردگار که توانای شکست‌ناپذیری و بردباری که هرگز شتاب نکنی، بر محمّد و خاندان محمّد درود فرست و مرا بر نعمت‌هایت از شاکران و در برابر عطاهایت از ذاکران قرار بده؛",
            "9": " خدایا چه بسیار ابرهای ناملایمات که از فضای زندگی‌ام زدودی و آسمان نعمتی که بر من باراندی و نهرهای کرامتی که به‌سوی من روان ساختی و چشمه‌های حوادثی که محو نمودی و نهال رحمتی که گستردی و زره عافیتی که بر من پوشاندی و گرداب‌های گرفتاری که برطرف کردی و امور جاریه‌ای که مقدّر فرمودی، آنگاه که این امور را خواستی، درمانده‌ات نکردند و هر زمان‌که آن‌ها را اراده فرمودی از فرمان‌برداری خودداری ننمودند، پس تو را سپاس ای پروردگار که توانای شکست‌ناپذیری و بردباری که شتاب نورزی، بر محمّد و خاندان محمّد درود فرست و مرا به نعمت‌هایت از شاکران و در برابر عطاهایت از ذاکران قرار بده؛ ",
            "10": "خدایا چه بسیار گمان نیکی که جامه عمل پوشاندی و شکست نداری را که جبران نمودی و بی‌چیزی توان فرسایی که از من گرداندی و سقوط هلاکت‌باری که بلندم کردی و دشواری که آسان نمودی، تو بازخواست نشوی از آنچه انجام می‌دهی و دیگران بازخواست شوند و از آنچه خرج می‌کنی چیزی کاسته نشود، ",
            "11": " هر آینه اگر از تو درخواست شد، عطا کردی و اگر درخواست نشد، آغاز در عطا کردی و از پیشگاه فضلت درخواست احسان شد و تو منع ننمودی و ابا نمودی مگر از نعمت‌بخشی و اصرار بر رساندن عطا و فزون‌بخشی و احسان ای پروردگار و من هم خودداری نمودم مگر از شکستن احترام محرّماتت و جسارت بر گناهانت؛ و تجاوز از قوانینت و غفلت از تهدیدت و فرمان‌بری از دشمنم و دشمنت، ای معبودم و یاورم کوتاهی‌ام در سپاسگزاری‌ات تو را از تمام کردن احسانت بر من باز نداشت و این چشم‌پوشی و بزرگواری، مرا از انجام کارهای مورد خشمت مانع نشد؛ ",
            "12": "خدایا، این است جایگاه بنده‌ی خواری که برای تو به یگانگی اقرار کرد و برای خویش به کوتاهی در ادای حق تو و گواهی داد برای تو به کمال نعمتت بر او و شیوه زیبا و دلنشینت نزد او و احسانت بر او، پس به من ببخش ای خدای من و سرور من از فضلت آنچه را که در راه رسیدن به رحمتت می‌خواهم، تا نردبانش قرار دهم که از آن به‌سوی خشنودی‌ات، بالا روم و با آن از خشمت امان یابم، به حق عزّت و عطای همیشگی‌ات؛ و به حق پیامبرت محمّد (درود خدا بر او و خاندانش)، ",
            "13": " پس تو را سپاس ای پروردگار که توانای شکست‌ناپذیری و بردباری که شتاب نورزی، درود فرست بر محمّد و خاندان محمّد و مرا بر نعمت‌هایت از شاکران و در برابر عطاهایت از ذاکران قرار بده؛  ",
            "14": "خدایا چه بسیار بنده‌ای که شامگاهان و صبحگاهان نمود، در سختی مرگ و به شدت و تنگی نفس‌زنان و با نگاه به آنچه بدن‌ها از دیدنش می‌لرزد و دل‌ها از آن بی‌تاب می‌شود و من از همه این‌ها در عافیت و سلامتی هستم، پس تو را سپاس ای پروردگار، که توانای شکست‌ناپذیری و بردباری که شتاب نورزی، بر محمّد و خاندان محمّد درود فرست و مرا بر نعمت‌هایت از شاکران و در برابر عطاهایت از ذاکران قرار بده؛ ",
            "15": "خدای من چه بسا بنده‌ای که به شامگاهان و صبحگاهان در آمد، بیمار و دردمند، در ناله و فریاد، در اندوهش به خود می‌پیچید و راه گریزی نمی‌یافت و خوردنی و نوشیدنی گوارایی نمی‌خورد و من در تندرستی و سلامت زندگی هستم، همه این‌ها از توست، پس تو را سپاس ای پروردگار توانای شکست‌ناپذیر و بردباری که شتاب نورزی، بر محمّد و خاندان محمّد درود فرست و مرا بر نعمت‌هایت از شاکران و در برابر عطاهایت از ذاکران قرار بده؛ ",
            "16": "خدایا چه بسیار بنده‌ای که به شامگاهان و صبحگاهان درآمد، ترسان و هراسان، پریشان و اندیشناک، فراری و رانده شده، خرابه نشین در تنگنا و مخفیگاهی از مخفیگاه‌ها که زمین با فراخی‌اش بر او تنگ شد، چاره و راه نجات و پناهگاهی نمی‌یابد و من از همه این‌ها در امنیت و آرامش و سلامت کاملم، پس تو را سپاس ای پروردگار توانمند شکست‌ناپذیر و بردباری که شتاب نورزی، بر محمّد و خاندان محمّد درود فرست و مرا بر نعمت‌هایت از شاکران و در برابر عطاهایت از ذاکران قرار بده؛ ",
            "17": " خدای من و آقای من و چه بسیار بنده‌ای که به شامگاه و بامداد درآمد، بسته به زنجیر، پیچیده در آهن آن هم به دست دشمنانش که به او رحم نورزند، دور مانده از زن و فرزند، بریده از برادران و شهر خویش، هر لحظه انتظار دارد که چگونه کشته خواهد شد و چگونه اعضایش بریده خواهد گشت و من از همه این‌ها در سلامت کاملم، پس تو را سپاس ای پروردگار توانای شکست ناپذیر و بردباری که شتاب نورزی، بر محمّد و خاندان محمّد درود فرست و مرا از شاکران و در برابر عطاهایت از ذاکران قرار بده؛ ",
            "18": " خدای من و چه بسیار بنده‌ای که به شامگاه و صبحگاه درآمد، درحالی‌که سختی جنگ و پیکار را با جانش تحمّل می‌کند و دشمنان از هر جانب او را با شمشیرها و نیزه‌ها و ابزار جنگ در محاصره آورده‌اند، در میان آهن تلاش می‌کند، نهایت کوشش را بکار گرفته، راه چاره‌ای نمی‌یابد و گریزگاهی نمی‌یابند، از سختی جراحات بیمار شده، یا در خون خویش زیر سم‌ها و لگدها غلطان گشته، جرعه آبی را آرزو می‌کند، یا یک نگاه به اهل و فرزندش را تمّنا می‌نماید، امّا توانی بر آن را ندارد و من از همه این‌ها در سلامت کاملم، تو را پس سپاس ای پروردگار توانای شکست‌ناپذیر و بردباری که شتاب نورزی، بر محمّد و خاندان محمّد درود فرست و مرا بر نعمت‌هایت از شاکران و در برابر عطاهایت از ذاکران قرار بده؛",
            "19": " خدای من و چه بسیار بنده‌ای که به شامگاه و صبحگاه درآید، در تاریکی‌های دریاها و تندبادها و در دل هراس‌ها و امواج در حالی‌که انتظار غرق شدن و هلاکت را می‌کشد و توان چاره‌اندیشی ندارد، یا گرفتار صاعقه یا آوار یا آتش‌سوزی یا گلوگیر شدن لقمه یا فرو رفتن در زمین یا مسخ شدن یا اتّهام به امر نامشروع است و من از همه این‌ها در سلامت کاملم، پس تو را سپاس ای پروردگار توانای شکست‌ناپذیر و بردباری که شتاب نورزی، بر محمّد و خاندان محمّد درود فرست و مرا بر نعمت‌هایت از شاکران و در برابر عطاهایت از ذاکران قرار ده؛ ",
            "20": "خدای من چه بسیار بنده‌ای که به شامگاه و بامداد در حال مسافرت و دوری از همسر و فرزند، سرگردان در بیشه‌های خشک، سرگشته در میان حیوانات وحشی و چهارپایان و حشرات آن هم بی‌یاور و تنها، چاره‌ای نمی‌یابد و به راهی رهنمون نمی‌گردد، یا در آزار است از سرمایی سرد یا گرمایی سوزان، یا دچار گرسنگی یا برهنگی یا غیر این‌ها از سختی‌ها و گرفتاری‌هایی که من از آن‌ها در امانم و در سلامتی کامل از همه این‌ها بسر می‌برم، پس تو را سپاس ای پروردگار توانای شکست‌ناپذیر و بردباری که شتاب نورزی، بر محمّد و خاندان محمّد درود فرست و مرا بر نعمت‌هایت از شاکران و در برابر عطاهایت از ذاکران قرار بده؛ ",
            "21": "خدای من و آقای من و چه بسیار بنده‌ای که به شامگاه و صبحگاه درآمد درحالی‌که تهیدست، بی‌چیز، عریان، نیازمند، پریشان، دچار هجران، گرسنه، تشنه و انتظار می‌برد که چه کسی به او احسان می‌کند، یا چه‌بسا بنده آبرومندی که نزد تو از من آبرومندتر و عبادتش برای تو بیشتر است و درعین‌حال دچار غل و زنجیر و اسیر دست ستمگر است، بار سنگینی از خستگی و رنج و سختی بیگاری و دشواری بردگی و پرداخت وجه سنگین به اربابش بر او تحمیل شده است، یا شخصی که به بلای سختی گرفتار آمده و توان ایستادگی در برابر آن را جز به فضل تو ندارد، اما من مورد احترام دیگران و در نعمت و تندرستی‌ام و گرامی‌ام داشته‌اند، از آنچه آن درمانده به آن گرفتار است در سلامت کاملم، پس تو را سپاس بر تمام این الطافی که به من بخشیدی ای توانای شکست‌ناپذیر و بردباری که شتاب نورزی، بر محمّد و خاندان محمّد درود فرست و مرا بر نعمت‌هایت از شاکران و در برابر عطاهایت از ذاکران قرار بده؛",
            "22": "خدای من و آقای من و چه بسیار بنده‌ای که به شامگاه و صبحگاه درآمد درحالی‌که علیل، دردمند، بیمار است و در بستر بیماری و لباس ناخوشی افتاده و از درد به راست و چپ می‌غلتد و چیزی از لذّت خوراکی و آشامیدنی را درک نمی‌کند، با حسرت به خود می‌نگرد ولی بر دفع زیان و جلب نفعی توان ندارد و من در سایه جود و کرمت از همه این‌ها در آرامش هستم، پس معبودی جز تو نیست که توانای شکست‌ناپذیر و بردباری که شتاب نورزی، بر محمّد و خاندان محمّد درود فرست و مرا از عبادت‌کنندگان قرار بده و بر نعمت‌هایت از شاکران و در برابر عطاهایت از ذاکران قرار بده و به من مهر ورز به حق رحمتت ای مهربان‌ترین مهربانان؛ ",
            "23": " مولایم و سرورم و چه‌بسا بنده‌ای که به شامگاه و صبحگاه درآمد درحالی‌که به مرگ نزدیک شده و فرشته مرگ در میان یارانش او را محاصره کرده است، در جستجوی درمانی برای سختی‌های جان دادن و گرداب‌های آن است، چشمانش به راست و چپ می‌چرخد، به محبوبان و دوستان و یاران صمیمی‌اش می‌نگرد، از گفتار بازداشته و از خطاب محروم گشته و از روی حسرت بر خود می‌نگرد، بر دفع زیان و جلب سودی توان ندارد و من از همه این‌ها به جود و کرمت در آرامش هستم، پس معبودی جز تو نیست، پاکی تو که توانای شکست‌ناپذیر و بردباری که شتاب نورزی، بر محمّد و خاندان محمّد درود فرست و مرا بر نعمت‌هایت از شاکران و در برابر عطاهایت از ذاکران قرار بده و به حق مهرت بر من مهر ورز ای مهربان‌ترین مهربانان؛ ",
            "24": "خدای من و آقای من، چه بسیار بنده‌ای که به شامگاه و صبحگاه درآمد درحالی‌که در تنگناهای زندان‌ها و محبس‌ها و با ناراحتی و خواری و در غل و زنجیر به سر می‌برد و زندانبان‌ها و دژخیمان او را دست به دست می‌گردانند، پس نمی‌داند با او چگونه رفتار خواهد شد و چگونه اعضایش بریده خواهد گشت، پس او در زندگانی در بدحالی سخت است و در نهایت تنگی و سختی است، با حسرت به خود می‌نگرد، بر دفع زیان و جلب سودی توان ندارد و من به جود و کرمت از همه این‌ها در امان هستم، پس معبودی جز تو نیست، پاکی تو که توانای شکست‌ناپذیر و بردباری که شتاب نورزی، بر محمّد و خاندان محمّد درود فرست و مرا از عبادت‌کنندگان خویش و بر نعمت‌هایت از شاکران و در برابر عطاهایت از ذاکران قرار بده و به حق مهرت بر من مهر آر، ای مهربان‌ترین مهربانان؛ ",
            "25": " آقای من و مولای من، چه بسیار بنده‌ای که به شامگاه و صبحگاه درآمد درحالی‌که سرنوشتش با سختی گره خورده و گرفتاری او را محاصره کرده و از دوستان و محبوبان و یاران صمیمی جدا افتاده است، شام کرد در حال اسارت، حقارت، خواری در دست کافران و دشمنان، او را دست‌به‌دست به راست‌وچپ می‌گردانند، در سیاه‌چال‌ها زندانی شده و با غل‌وزنجیر سنگین گشته، از روشنی دنیا و نسیمش چیزی نمی‌بیند، با حسرت به خود می‌نگرد، بر دفع زیان و جلب سودی توان ندارد و من از همه این‌ها به جود و کرمت در آرامش هستم، پس معبودی جز تو نیست، پاکی تو که توانای شکست‌ناپذیر و بردباری که شتاب نورزی، بر محمّد و خاندان محمّد درود فرست و مرا از عبادت‌کنندگان خویش و بر نعمت‌هایت از شاکران و در برابر عطاهایت از ذاکران قرار بده، به حق مهرت بر من مهر آر، ای مهربان‌ترین مهربانان؛",
            "26": "و به حق عزّتت ای کریم، هر آینه از تو درخواست می‌کنم آنچه از عطایا را که نزد تو است و دراین‌باره بر تو اصرار می‌ورزم و دستم را با جرمی که نسبت به تو دارد، به‌جانب آستانت دراز می‌کنم، پس به که پناه ببرم؟ و به که رو کنم؟ کسی را جز تو ندارم، آیا مرا از درگاهت میرانی درحالی‌که تنها تو تکیه‌گاه منی و توکلّم تنها بر تو است،",
            "27": " از تو درخواست می‌کنم به نامت که چون بر آسمان نهادی پابرجا شد و چون بر زمین گذاردی آرام گرفت و چون بر کوه‌ها گذاشتی استوار گشت و چون بر شب نهادی تاریک شد و چون بر روز قرار دادی روشنی گرفت، [خدای من] از تو می‌خواهم که بر محمّد و خاندان محمّد درود فرستی و همه نیازهای مرا برآورده سازی و همه گناهان کوچک و بزرگم را بیامرزی و روزی‌ام را گسترده سازی، روزی‌ای که مرا با آن به شرف دنیا و آخرت برسانی، ای مهربان‌ترین مهربانان؛",
            "28": " آقای من از تو یاری خواهم، پس بر محمّد و خاندان محمّد درود فرست و مرا یاری ده و به تو پناه جستم پس پناهم ده و مرا با طاعت خود از طاعت بندگانت بی‌نیاز کن و به خواهش خویش از خواهش خلق مستغنی‌ام گردان و از خواری تنگدستی به عزّت توانگری و از ذلت گناه به عزّت طاعت دگرگون ساز، همانا تو مرا بر بسیاری از مردمان برتری دادی، نه از روی شایستگی من، بلکه از روی جود و کرمت، ",
            "29": " خدای من تو را سپاس بر همه این عطاها، بر محمّد و خاندان محمّد درود فرست و مرا قرار بده بر نعمت‌هایت از شاکران و در برابر عطاهایت از ذاکران. ",
            "30": " سجده کرد روی خوارم برای ذات عزیز بزرگت، سجده کرد روی فرسوده فانی‌ام و برای ذات همیشگی ماندگارت، سجده کرد روی پیوسته به تهیدستی‌ام برای ذات بی‌نیاز بزرگت، سجده کرد رویم و گوشم و چشمم و گوشتم و خونم و پوستم و استخوانم و همه آنچه زمین از بار وجود من برداشته در برابر پروردگار جهانیان.  ",
            "31": " خدایا بر نادانی من به بردباری‌ات و بر تهیدستی من به توانگری‌ات و بر خواری من به عزّتت و سلطنتت و بر ناتوانی من به توانایی‌ات و بر ترس من به ایمنی‌ات و بر گناهان و خطاهای من به گذشتت و رحمتت بنگر ای بخشنده‎ی مهربان؛ ",
            "32": " خدایا! من به مدد تو سینه‌ی سخت دشمنم فلان پسر فلان را دفع می‌کنم و از شرّ او به تو پناه می‌آورم، پس مرا از گزند او کفایت کن بدانسان که کفایت کردی پیامبران و اولیا و بندگان شایسته‌ات را از گزند فرعون‌ها و دشمنان سرکشت و از شرّ همه خلقت به مهرت، ای مهربان‌ترین مهربانان، همانا تو بر هر چیز توانایی و خدا ما را بس است و چه نیکو وکیلی است. "
        },
        "tozih": {
            "1": "این دعا در کتاب‌های معتبر به شرحی گسترده‌تر از شرح جوشن‌کبیر نقل‌شده و کفعمی در حاشیه کتاب «بلدالامین» فرموده: که این دعا دعایی است بس بلند و پُر ارج و هنگامی که هادی عبّاسی کشتن حضرت موسی بن جعفر را قصد کرد، آن حضرت این دعا را خواند، در نتیجه جدّش رسول خدا(صلی‌الله‌علیه‌وآله) را در خواب دید که به ایشان فرمود: حق‌تعالی دشمن تو را هلاک خواهد کرد.\n\nاین دعا در کتاب «مهج الدعوات» سید ابن طاووس نیز نقل‌شده ولی بین نسخه کفعمی و سید اختلاف وجود دارد که ما آن را موافق کتاب «بلد الامین» نقل می‌کنیم؛ و آن دعا این است:",
            "2": "",
            "3": "",
            "4": "",
            "5": "",
            "6": "",
            "7": "",
            "8": "",
            "9": "",
            "10": "",
            "11": "",
            "12": "",
            "13": "",
            "14": "",
            "15": "",
            "16": "",
            "17": "",
            "18": "",
            "19": "",
            "20": "",
            "21": "",
            "22": "",
            "23": "",
            "24": "",
            "25": "",
            "26": "",
            "27": "",
            "28": "",
            "29": "",
            "30": " سپس به سجده برو و بگو: ",
            "31": "",
            "32": ""
        }
    }
}