{
    "124": {
        "number": 124,
        "bab": 1,
        "title": "دعای فرج",
        "arabic": {
            "1": " يَا عِمادَ مَنْ لَاعِمادَ لَهُ ، وَيَا ذُخْرَ مَنْ لَاذُخْرَ لَهُ ، وَيَا سَنَدَ مَنْ لَاسَنَدَ لَهُ ، وَيَا حِرْزَ مَنْ لَاحِرْزَ لَهُ ، وَيَا غِياثَ مَنْ لَاغِياثَ لَهُ ، وَيَا كَنْزَ مَنْ لَاكَنْزَ لَهُ ، وَيَا عِزَّ مَنْ لَاعِزَّ لَهُ ، يَا كَرِيمَ الْعَفْوِ ، يَا حَسَنَ التَّجاوُزِ ، يَا عَوْنَ الضُّعَفاءِ ، يَا كَنْزَ الْفُقَراءِ ، يَا عَظِيمَ الرَّجاءِ ، يَا مُنْقِذَ الْغَرْقىٰ ، يَا مُنْجِىَ الْهَلْكىٰ ، يَا مُحْسِنُ يَا مُجْمِلُ يَا مُنْعِمُ يَا مُفْضِلُ؛ ",
            "2": "أَنْتَ الَّذِى سَجَدَ لَكَ سَوادُ اللَّيْلِ وَنُورُ النَّهارِ، وَضَوْءُ الْقَمَرِ وَشُعاعُ الشَّمْسِ، وَحَفِيفُ الشَّجَرِ وَدَوِىُّ الْماءِ، يَا اللّٰهُ يَا اللّٰهُ يَا اللّٰهُ، لَاإِلٰهَ إِلّا أَنْتَ وَحْدَكَ لَاشَرِيكَ لَكَ، يَا رَبَّاهُ يَا اللّٰهُ، صَلِّ عَلَىٰ مُحَمَّدٍ وَآلِ مُحَمَّدٍ وَافْعَلْ بِنَا مَا أَنْتَ أَهْلُهُ.\n",
            "3": " يَا مَنْ يَكْفِي مِنْ كُلِّ شَيْءٍ وَلَا يَكْفِي مِنْهُ شَيْءٌ اكْفِنِي ما أَهَمَّنِي."
        },
        "farsi": {
            "1": " ای تکیه‌گاه آن‌که تکیه‌گاهی ندارد، ای اندوخته آن‌که اندوخته‌ای ندارد، ای پشتیبان آن‌که پشتیبانی ندارد، ای نگاهدار آن‌که نگاهداری ندارد، ای فریادرس آن‌که فریادرسی ندارد، ای گنج آن‌که گنجی ندارد، ای عزّت آن‌که عزّتی ندارد، ای کریمانه درگذرنده، ای نیکو گذشت، ای پشتیبان ناتوانان، ای غنای تهیدستان، ای بزرگ مایه‌ی امید، ای نجات‌دهنده غریقان، ای رهایی بخش هلاک‌شدگان، ای احسان کننده، ای زیبایی‌بخش، ای نعمت‌ده، ای عطابخش؛ ",
            "2": " تویی آن‌که سیاهی شب و روشنی روز و پرتو ماه و شعاع خورشید و وزش باد در درخت و صدای آب برایت سجده کرد، ای خدا، ای خدا، ای خدا، معبودی جز تو نیست، یگانه و بی‌شریکی‌، ای پروردگار، ای خدا، بر محمّد و خاندان محمّد درود فرست و با ما آنچه شایسته آنی انجام ده. ",
            "3": " ای آن‌که از هر چیز کفایت کند و از او چیزی کفایت نکند، کارهای مهمّ مرا کفایت فرما. "
        },
        "tozih": {
            "1": " شیخ کفعمی در کتاب «بلدالامین» دعایی نقل کرده به روایت از حضرت امیرالمؤمنین(علیه‌السلام) که هر سوخته دل و مصیبت‌زده و غمناک و گرفتار آن را بخواند، حق‌تعالی به او گشایش و فرج کرامت فرماید؛\nو آن دعا این است: ",
            "2": "",
            "3": " پس از دعا هرچه حاجت دارى درخواست کن.\n\nمؤلف گوید: و نیز برای گشایش مشکلات و رفع گرفتاری و برطرف‌شدن غم و اندوه، تداوم بر این ذکر که حضرت جواد(علیه‌السلام) تعلیم فرموده بسیار سودمند است: "
        }
    }
}