{
    "126": {
        "number": 126,
        "bab": 1,
        "title": "دعای نور",
        "arabic": {
            "1": " بِسْمِ اللّٰهِ الرَّحْمٰنِ الرَّحِيمِ",
            "2": " بِسْمِ اللّٰهِ النُّورِ ، بِسْمِ اللّٰهِ نُورِ النُّورِ ، بِسْمِ اللّٰهِ نُورٌ عَلىٰ نُورٍ ، بِسْمِ اللّٰهِ الَّذِى هُوَ مُدَبِّرُ الْأُمُورِ ، بِسْمِ اللّٰهِ الَّذِى خَلَقَ النُّورَ مِنَ النُّورِ . الْحَمْدُ لِلّٰهِ الَّذِى خَلَقَ النُّورَ مِنَ النُّورِ ، وَأَنْزَلَ النُّورَ عَلَى الطُّورِ ، فِى كِتابٍ مَسْطُورٍ ، فِى رَقٍّ مَنْشُورٍ ، بِقَدَرٍ مَقْدُورٍ ، عَلىٰ نَبِيٍّ مَحْبُورٍ . الْحَمْدُ لِلّٰهِ الَّذِي هُوَ بِالْعِزِّ مَذْكُورٌ ، وَبِالْفَخْرِ مَشْهُورٌ ، وَعَلَى السَّرَّاءِ وَالضَّرَّاءِ مَشْكُورٌ . وَصَلَّى اللّٰهُ عَلىٰ سَيِّدِنا مُحَمَّدٍ وَآلِهِ الطَّاهِرِينَ . ",
            "3": ""
        },
        "farsi": {
            "1": "به نام خدا که رحمتش بسیار و مهربانی‌اش همیشگی است",
            "2": "به نام خدای نور، به نام خدای نور نور، به نام خدای نور بر نور، به نام خدایی که تدبیرگر امور است، به نام خدایی که نور را از نور آفرید و سپاس خدایی را که نور را از نور آفرید و نور را در کوه طور فرو فرستاد، در کتابی بر نوشته، در ورقه‌ای گشوده، با اندازه‌ای درخور، بر پیامبری آراسته، سپاس خدای را که به عزّت یاد شود و به عظمت مشهور است و بر شادی و بدحالی سپاسگزاری شود، درود خدا بر آقای ما محمّد و خاندان پاکش. ",
            "3": ""
        },
        "tozih": {
            "1": " سید ابن طاووس در کتاب «مهج الدعوات» از سلمان روایتی نقل کرده که در آخر روایت مطلبی آمده به این مضمون: حضرت فاطمه کلامی به من آموخت که از حضرت رسول(صلی‌الله‌علیه‌وآله) فراگرفته بود، ایشان آن را در صبح و شام می‌خواند؛ به من فرمود: اگر می‌خواهی هرگز در دنیا دچار تب نشوی بر آن مداومت کن؛\n\nو آن کلام این است:",
            "2": "",
            "3": "سلمان فرموده: چون آن را از حضرت فاطمه آموختم قسم به خدا آن را به بیش از هزار نفر از مردم مکه و مدینه که دچار تب بودند تعلیم دادم، پس همه آنان به اذن خدای‌تعالی شفا یافتند. "
        }
    }
}