{
    "13": {
        "number":13 ,
        "bab": 1,
        "title": "نماز غفیله ",
        "arabic": {
            "1": "﴿وَ ذَا النُّونِ إِذْ ذَهَبَ مُغٰاضِباً فَظَنَّ أَنْ لَنْ نَقْدِرَ عَلَيْهِ فَنٰادىٰ فِي الظُّلُمٰاتِ أَنْ لاٰ إِلٰهَ إِلاّٰ أَنْتَ سُبْحٰانَكَ إِنِّي كُنْتُ مِنَ الظّٰالِمِينَ، فَاسْتَجَبْنٰا لَهُ وَ نَجَّيْنٰاهُ مِنَ الْغَمِّ وَ كَذٰلِكَ نُنْجِي الْمُؤْمِنِينَ.﴾",
            "2": "﴿وَ عِنْدَهُ مَفٰاتِحُ الْغَيْبِ لاٰ يَعْلَمُهٰا إِلاّٰ هُوَ وَ يَعْلَمُ مٰا فِي الْبَرِّ وَ الْبَحْرِ وَ مٰا تَسْقُطُ مِنْ وَرَقَةٍ إِلاّٰ يَعْلَمُهٰا وَ لاٰ حَبَّةٍ فِي ظُلُمٰاتِ الْأَرْضِ وَ لاٰ رَطْبٍ وَ لاٰ يٰابِسٍ إِلاّٰ فِي كِتٰابٍ مُبِينٍ.﴾",
            "3": "اللّهُمَّ إِنِّي أَسْأَلُكَ بِمَفَاتِحِ الْغَيْبِ، الَّتِي لا يَعْلَمُهَا إِلّا أَنْتَ، أَنْ تُصَلِّيَ عَلَى مُحَمَّدٍ وَ آلِهِ وَ أَنْ تَفْعَلَ بِي كَذَا وَ كَذَا (و به جاى کَذَا وَ کَذَا حاجت خویش را بیان می کنی)\n",
            "4": "اللّهُمَّ أَنْتَ وَلِيُّ نِعْمَتِي، وَ الْقَادِرُ عَلَى طَلِبَتِي، تَعْلَمُ حَاجَتِي، فَأَسْأَلُكَ بِحَقِّ مُحَمَّدٍ وَ آلِهِ عَلَيْهِ وَ عَلَيْهِمُ السَّلامُ، لَمَّا قَضَيْتَهَا لِي.\n",
            "5": ""
        },
        "farsi": {
            "1": "و صاحب ماهی [یونس] را [یاد کن]، هنگامی که خشمگین [از بین قومش] رفت و گمان کرد که ما هرگز بر او تنگ نخواهیم گرفت، پس در تاریکی\u200Cها[ی شب، و عمق آب، و شکم ماهی] ندا داد که: معبودی جز تو نیست، تو [از هر عیب و نقصی] منزّهی، همانا من [به سبب کناره\u200Cگیری از قومم بدون اِذن تو]، از کسانی بودم که به خود جفا روا داشتم، پس دعایش را مستجاب کردیم و از اندوه نجاتش دادیم و مؤمنان را این گونه نجات می دهیم.\n",
            "2": "کلیدهای [خزائن] غیب فقط نزد اوست و کسی جز او آن ها را نمی داند، به آنچه در خشکی و دریاست داناست، هیچ برگی نمی افتد مگر آن که آن را می داند و هیچ دانه ای در تاریکی های زمین و هیچ تَر و خشکی نیست مگر آن که در کتابی روشن [چون لوح محفوظ] ثبت است.\n",
            "3": "خدایا به\u200Cحق کلیدهای غیب که کسی جز تو از آن\u200Cها آگاه نیست، از تو می\u200Cخواهم بر محمد و خاندان او درود فرستی و با من چنین و چنان کنی. (و به جاى کَذَا وَ کَذَا حاجت خویش را بیان کن)\n",
            "4": "خدایا! تو ولی\u200Cنعمت من هستی و بر انجام خواسته من توانایی، حاجتم را می\u200Cدانی، پس به\u200Cحق محمد و خاندان او (درود بر او و ایشان) از تو می\u200Cخواهم که حاجتم را روا سازی.\n",
            "5": ""
        },
        "tozih": {
            "1": "و بین نماز مغرب و عشاء، نماز «غفیله» را می\u200Cخوانى که دو رکعت است؛\nدر رکعت اول بعد از «حمد» می\u200Cخوانى:",
            "2": "و در رکعت دوم پس از «حمد» می\u200Cخوانى:\n",
            "3": "پس دست\u200Cها را به حالت قنوت بلند کن و بگو:\n",
            "4": "و سپس بگو:\n",
            "5": "و حاجت خود را درخواست کن زیرا روایت شده: هرکه این نماز را بخواند و حاجت خود را بخواهد، آنچه را درخواست کند حق\u200Cتعالى به او عطا فرماید.\n"

        }
    }
}