{
    "133": {
        "number": 133,
        "bab": 1,
        "title": "دعای «اللهم ارزقنا توفیق الطاعه و بعد المعصیه» از امام زمان (ع)",
        "arabic": {
            "1": " اللّٰهُمَّ ارْزُقْنا تَوْفِيقَ الطّاعَةِ ، وَبُعْدَ الْمَعْصِيَةِ ، وَصِدْقَ النِّيَّةِ ، وَعِرْفانَ الْحُرْمَةِ ، وَأَكْرِمْنا بِالْهُدىٰ وَالاسْتِقامَةِ ، وَسَدِّدْ أَلْسِنَتَنا بِالصَّوابِ وَالْحِكْمَةِ ، وَامْلَأْ قُلُوبَنا بِالْعِلْمِ وَالْمَعْرِفَةِ ، وَطَهِّرْ بُطُونَنا مِنَ الْحَرامِ وَالشُّبْهَةِ ، وَاكْفُفْ أَيْدِيَنا عَنِ الظُّلْمِ وَالسَّرِقَةِ ، وَاغْضُضْ أَبْصارَنا عَنِ الْفُجُورِ وَالْخِيانَةِ ، وَاسْدُدْ أَسْماعَنا عَنِ اللَّغْوِ وَالْغِيبَةِ ، ",
            "2": " وَتَفَضَّلْ عَلىٰ عُلَمائِنا بِالزُّهْدِ وَالنَّصِيحَةِ ، وَعَلَى الْمُتَعَلِّمِينَ بِالْجُهْدِ وَالرَّغْبَةِ ، وَعَلَى الْمُسْتَمِعِينَ بِالاتِّباعِ وَالْمَوْعِظَةِ ، وَعَلىٰ مَرْضَى الْمُسْلِمِينَ بِالشِّفاءِ وَالرَّاحَةِ ، وَعَلىٰ مَوْتاهُمْ بِالرَّأْفَةِ وَالرَّحْمَةِ؛ وَعَلىٰ مَشايِخِنا بِالْوَقارِ وَالسَّكِينَةِ ، وَعَلَى الشَّبابِ بِالْإِنابَةِ وَالتَّوْبَةِ ، وَعَلَى النِّساءِ بِالْحَياءِ وَالْعِفَّةِ ، وَعَلَى الْأَغْنِياءِ بِالتَّواضُعِ وَالسَّعَةِ ، وَعَلَى الْفُقَراءِ بِالصَّبْرِ وَالْقَناعَةِ، وَعَلَى الْغُزاةِ بِالنَّصْرِ وَالْغَلَبَةِ ، وَعَلَى الْأُسَرَاءِ بِالْخَلاصِ وَالرَّاحَةِ ، وَعَلَى الْأُمَراءِ بِالْعَدْلِ وَالشَّفَقَةِ ، وَعَلَى الرَّعِيَّةِ بِالْإِنْصافِ وَحُسْنِ السِّيرَةِ ، ",
            "3": " وَبارِكْ لِلْحُجَّاجِ وَالزُّوَّارِ فِى الزَّادِ وَالنَّفَقَةِ ، وَاقْضِ ما أَوْجَبْتَ عَلَيْهِمْ مِنَ الْحَجِّ وَالْعُمْرَةِ ، بِفَضْلِكَ وَرَحْمَتِكَ يَا أَرْحَمَ الرَّاحِمِينَ. "
        },
        "farsi": {
            "1": " خدایا، توفیق فرمان‌بری و دوری از نافرمانی و درستی نهاد و شناخت واجبات را روزی ما بدار و ما را به هدایت و پایداری گرامی دار و زبانمان را به راست‌گویی و حکمت استوار ساز و دل‌هایمان را از دانش و بینش پر کن و شکم‌هایمان را از حرام و شبهه پاک فرما و دستانمان را از ستم و دزدی بازدار و دیدگانمان را از ناپاکی و خیانت فرو بند و گوش‌هایمان را از شنیدن بیهوده و غیبت ببند",
            "2": " و بر دانشمندانمان زهد و خیرخواهی و بر دانش‌آموزان تلاش و شوق و بر شنوندگان پیروی و پندآموزی و بر بیماران شفا و آرامش و بر مردگان مهر و رحمت؛ و بر پیران متانت و آرامش و بر جوانان بازگشت و توبه و بر زنان حیا و پاک‌دامنی و بر ثروتمندان فروتنی و گشادگی و بر تنگدستان شکیبایی و قناعت و بر جنگجویان نصرت و پیروزی و بر اسیران آزادی و راحتی و بر حاکمان دادگستری و دلسوزی و بر زیردستان انصاف و خوش‌رفتاری تفضّل فرما ",
            "3": " و حاجیان و زیارت کنندگان را در زاد و خرجی برکت ده و آنچه را بر ایشان از حج و عمره واجب کردی توفیق اتمام عنایت کن، به فضل و رحمتت ای مهربان‌ترین مهربانان. "
        },
        "tozih": {
            "1": "کفعمی در کتاب «مصباح» فرموده است: این دعای حضرت مهدی (عج) است: ",
            "2": "",
            "3": ""
        }
    }
}