{
    "134": {
        "number": 134,
        "bab": 1,
        "title": "دعای «الهی بحق من ناجاک» حضرت حجت (عج)",
        "arabic": {
            "1": " إِلٰهِى بِحَقِّ مَنْ نَاجَاكَ ، وَبِحَقِّ مَنْ دَعَاكَ فِى الْبَرِّ وَالْبَحْرِ صَلِّ عَلَىٰ مُحَمَّدٍ وَآلِهِ وَ تَفَضَّلْ عَلىٰ فُقَراءِ الْمُؤْمِنِينَ وَالْمُؤْمِناتِ بِالْغَناءِ وَالثَّرْوَةِ ، وَعَلىٰ مَرْضَى الْمُؤْمِنِينَ وَالْمُومِناتِ بِالشِّفاءِ وَالصِّحَّةِ ، وَعَلىٰ أَحْياءِ الْمُؤْمِنِينَ وَالْمُؤْمِناتِ بِاللُّطْفِ وَالْكَرَمِ ، وَعَلىٰ أَمْواتِ الْمُؤْمِنِينَ وَالْمُؤْمِناتِ بِالْمَغْفِرَةِ وَالرَّحْمَةِ ، وَعَلىٰ غُرَباءِ الْمُؤْمِنِينَ وَالْمُؤْمِناتِ بِالرَّدِّ إِلىٰ أَوْطانِهِمْ سالِمِينَ غانِمِينَ بِمُحَمَّدٍ وَآلِهِ أَجْمَعِينَ. "
        },
        "farsi": {
            "1": "خدایا! به حق کسی که با تو راز گفت و به حق کسی که در خشکی و دریا تو را خواند، درود فرست بر محمّد و خاندان محمّد و بر تهیدستان از مردان و زنان با ایمان، توانگری و ثروت عطا فرما و بر بیماران اهل ایمان از مردان و زنان، شفا و تندرستی عطا فرما و بر زندگانشان لطف و کرامت و بر مردگان مردان و زنان با ایمان، آمرزش و رحمت و بر غریبان مردان و زنان با ایمان، بازگشت به وطن با سلامتی و بهره‌مندی عنایت فرما، به حق محمّد و همه اهل‌بیت او. "
        },
        "tozih": {
            "1": "در «مهج الدّعوات» ذکر شده است: که این دعا، دعای حضرت حجّت (عج) است:"
        }
    }
}