{
    "137": {
        "number": 137,
        "bab": 1,
        "title": "مناجات خمس عشر",
        "arabic": {
            "1": "",
            "2": "",
            "3": "",
            "4": "",
            "5": "",
            "6": "",
            "7": "",
            "8": "",
            "9": "",
            "10": "",
            "11": "",
            "12": "",
            "13": "",
            "14": "",
            "15": "",
            "16": ""
        },
        "farsi": {},
        "tozih": {
            "1": "مناجات خمس عشرة [یعنی مناجات‌های پانزده‌گانه] از مولای ما علی‌بن‌الحسین(علیه‌السلام) است، علاّمه مجلسی رحمة الله علیه در کتاب «بحار الانوار» فرموده است: من این مناجات را به روایت از آن حضرت در کتاب‌های بعضی از علما (رضوان الله علیهم) یافتم.",
            "2": "مناجات اول: راز و نیاز توبه کنندگان ",
            "3": "مناجات دوم: راز و نیاز شاکیان ",
            "4": "مناجات سوم: راز و نیاز ترسیدگان ",
            "5": "مناجات چهارم: راز و نیاز امیدواران ",
            "6": "مناجات پنجم: راز و نیاز دلدادگان ",
            "7": "مناجات ششم: راز و نیاز شاکران ",
            "8": "مناجات هفتم: راز و نیاز فرمانبران خدا ",
            "9": "مناجات هشتم: راز و نیاز ارادتمندان ",
            "10": "مناجات نهم: راز و نیاز شیفتگان ",
            "11": "مناجات دهم: راز و نیاز توسل جویان ",
            "12": "مناجات یازدهم: راز و نیاز نیازمندان ",
            "13": "مناجات دوازدهم: راز و نیاز عارفان ",
            "14": "مناجات سیزدهم: راز و نیاز ذاکرین ",
            "15": "مناجات چهاردهم: راز و نیاز پناه جویان ",
            "16": "مناجات پانزدهم: راز و نیاز پارسایان  "
        }
    }
}