{
    "138": {
        "number": 138,
        "bab": 1,
        "title": "مناجات اول: راز و نیاز توبه کنندگان / مناجات تائبين ",
        "arabic": {
            "1": "بِسْمِ اللَّهِ الرَّحْمَنِ الرَّحِيمِ\n",
            "2": "إِلٰهِى أَلْبَسَتْنِى الْخَطايا ثَوْبَ مَذَلَّتِى، وَجَلَّلَنِى التَّباعُدُ مِنْكَ لِباسَ مَسْكَنَتِى، وَأَماتَ قَلْبِى عَظِيمُ جِنايَتِى، فَأَحْيِهِ بِتَوْبَةٍ مِنْكَ يَا أَمَلِى وَبُغْيَتِى، وَيَا سُؤْلِى وَمُنْيَتِى، فَوَعِزَّتِكَ ما أَجِدُ لِذُنُوبِى سِواكَ غافِراً، وَلَا أَرَىٰ لِكَسْرِى غَيْرَكَ جابِراً، وَقَدْ خَضَعْتُ بِالْإِنابَةِ إِلَيْكَ، وَعَنَوْتُ بِالاسْتِكانَةِ لَدَيْكَ، فَإِنْ طَرَدْتَنِى مِنْ بابِكَ فَبِمَنْ أَلُوذُ ؟ وَإِنْ رَدَدْتَنِى عَنْ جَنابِكَ فَبِمَنْ أَعُوذُ ؟ فَوا أَسَفاهُ مِنْ خَجْلَتِى وَافْتِضاحِى، وَوا لَهْفاهُ مِنْ سُوءِ عَمَلِى وَاجْتِراحِى .\n",
            "3": "أَسْأَلُكَ يَا غافِرَ الذَّنْبِ الْكَبِيرِ، وَيَا جابِرَ الْعَظْمِ الْكَسِيرِ، أَنْ تَهَبَ لِى مُوبِقاتِ الْجَرائِرِ، وَتَسْتُرَ عَلَىَّ فاضِحاتِ السَّرائِرِ، وَلَا تُخْلِنِى فِى مَشْهَدِ الْقِيامَةِ مِنْ بَرْدِ عَفْوِكَ وَغَفْرِكَ، وَلَا تُعْرِنِى مِنْ جَمِيلِ صَفْحِكَ وَسَتْرِكَ .\n",
            "4": "إِلٰهِى ظَلِّلْ عَلىٰ ذُنُوبِى غَمامَ رَحْمَتِكَ، وَأَرْسِلْ عَلىٰ عُيُوبِى سَحابَ رَأْفَتِكَ؛\n",
            "5": "إِلٰهِى هَلْ يَرْجِعُ الْعَبْدُ الْآبِقُ إِلّا إِلىٰ مَوْلاهُ ؟ أَمْ هَلْ يُجِيرُهُ مِنْ سَخَطِهِ أَحَدٌ سِواهُ ؟ إِلٰهِى إِنْ كانَ النَّدَمُ عَلَى الذَّنْبِ تَوْبَةً فَإِنِّى وَعِزَّتِكَ مِنَ النَّادِمِينَ، وَ إِنْ كانَ الاسْتِغْفارُ مِنَ الْخَطِيئَةِ حِطَّةً فَإِنِّى لَكَ مِنَ الْمُسْتَغْفِرِينَ، لَكَ الْعُتْبَىٰ حَتَّىٰ تَرْضَىٰ .\n",
            "6": "إِلٰهِى بِقُدْرَتِكَ عَلَىَّ تُبْ عَلَىَّ، وَبِحِلْمِكَ عَنِّى اعْفُ عَنِّى، وَبِعِلْمِكَ بِى ارْفَقْ بِى . إِلٰهِى أَنْتَ الَّذِى فَتَحْتَ لِعِبادِكَ بَاباً إِلىٰ عَفْوِكَ سَمَّيْتَهُ التَّوْبَةَ، فَقُلْتَ: ﴿تُوبُوا إِلَى اللّٰهِ تَوْبَةً نَصُوحاً﴾؛ فَمَا عُذْرُ مَنْ أَغْفَلَ دُخُولَ الْبابِ بَعْدَ فَتْحِهِ ؟ إِلٰهِى إِنْ كانَ قَبُحَ الذَّنْبُ مِنْ عَبْدِكَ فَلْيَحْسُنِ الْعَفْوُ مِنْ عِنْدِكَ .\n",
            "7": "إِلٰهِى مَا أَنَا بِأَوَّلِ مَنْ عَصَاكَ فَتُبْتَ عَلَيْهِ، وَتَعَرَّضَ لِمَعْرُوفِكَ فَجُدْتَ عَلَيْهِ، يَا مُجِيبَ الْمُضْطَرِّ، يَا كَاشِفَ الضُّرِّ، يَا عَظِيمَ الْبِرِّ، يَا عَلِيماً بِمَا فِى السِّرِّ، يَا جَمِيلَ السَِّتْرِ، اسْتَشْفَعْتُ بِجُودِكَ وَكَرَمِكَ إِلَيْكَ، وَتَوَسَّلْتُ بِجَنابِكَ وَتَرَحُّمِكَ لَدَيْكَ، فَاسْتَجِبْ دُعائِى، وَلَا تُخَيِّبْ فِيكَ رَجائِى، وَتَقَبَّلْ تَوْبَتِى، وَكَفِّرْ خَطِيئَتِى، بِمَنِّكَ وَرَحْمَتِكَ يَا أَرْحَمَ الرَّاحِمِينَ.\n"

        },
        "farsi": {
            "1": "به نام خدا که رحمتش بسیار و مهربانی\u200Cاش همیشگی است؛\n",
            "2": "خدایا! گناهان بر من لباس خواری پوشانده و دوری از تو جامه درماندگی بر تنم پیچیده و بزرگی جنایتم دلم را میرانده، پس آن را با توبه به درگاهت زنده کن، ای آرزویم و مرادم و خواسته\u200Cام و امیدم، به عزّتت سوگند برای گناهانم آمرزنده\u200Cای جز تو نمی\u200Cیابم و برای دل\u200Cشکستگی\u200Cام جبران\u200Cکننده\u200Cای جز تو نمی\u200Cبینم، به پیشگاهت با توبه و انابه فروتنی کردم و با ذلّت و خواری، به درگاهت تسلیم شدم، اگر مرا از درگاهت برانی به که روی آورم؟ و اگر از آستانت بازم گردانی به که پناه برم؟ در این حال افسوس از شرمندگی و رسوایی\u200Cام و وای از نگرانی\u200Cام از زشتی کردار و مرتکب شدن گناهانم؛\n",
            "3": "ای آمرزنده گناهان بزرگ و ای جبران\u200Cکننده استخوان شکسته، از تو می\u200Cخواهم که گناهان تباه\u200Cکننده\u200Cام را بر من ببخشایی و بر من پنهان\u200Cکاری\u200Cهای رسواکننده\u200Cام را بپوشانی و مرا در عرصه قیامت از نسیم گذشت و آمرزشت بی\u200Cبهره مگذاری و از پوشش زیبای چشم\u200Cپوشی\u200Cات عریان و بی\u200Cپوشش رها نسازی،\n",
            "4": "معبودم سایه رحمتت را بر گناهانم بینداز و ابر مهربانی\u200Cات را به\u200Cسوی عیب\u200Cهایم بفرست؛\n",
            "5": "معبودم! آیا برده فراری جز به\u200Cسوی مولایش باز می\u200Cگردد؟ یا کسی به او از خشم مولایش، جز مولایش پناه می\u200Cدهد؟ معبودم، اگر پشیمانی از گناه توبه است، پس به عزّتت سوگند که من از پشیمانانم و اگر آمرزش طلبی از خطاکاری سبب فروریختن خطاها از پرونده است، من از آمرزش خواهانم، حق رضایت با توست تا راضی شوی،\n",
            "6": "خدایا با توانایی\u200Cات بر من، توبه\u200Cام را بپذیر و با بردباری\u200Cات نسبت به من، از من بگذر و با آگاهی\u200Cات از حال من، با من مدارا کن، معبودم، تویی که به روی بندگانت دری به\u200Cسوی بخششت گشودی و آن را توبه نامیدی و خود فرمودی: «ای مؤمنان! به پیشگاه خداوند توبه کنید، توبه\u200Cای خالص!»؛ پس عذر کسی که از ورود به این در پس از گشوده شدنش غفلت ورزد چه می\u200Cتواند باشد؟ معبودم، اگر نافرمانی و گناه از بنده\u200Cات زشت است، پس گذشت از جانب تو زیباست،\n",
            "7": "خدایا نخستین کسی نیستم که تو را نافرمانی کرده و حضرتت توبه\u200Cاش را پذیرفتی و خود را در معرض احسانت قرار داده و تو مورد احسانش قرار دادی، ای پاسخگوی درماندگان، ای برطرف\u200Cکننده زیان، ای بزرگ نیکی، ای دانای نهان، ای زیبا پرده\u200Cپوش، به جود و بزرگواری\u200Cات از تو درخواست یاری و کمک دارم و به آستانه\u200Cات و رحمت و بخشایشی که نزد توست متوسل شدم پس دعایم را اجابت کن، امیدم را به خود ناامید مساز و توبه\u200Cام را بپذیر و با احسان و مهرت خطاهایم را نادیده گیر، ای مهربان\u200Cترین مهربانان.\n",
            "8": "",
            "9": "",
            "10": "",
            "11": "",
            "12": ""
        },
        "tozih": {
            "1": "مناجات خمس عشرة[يعنى مناجات هاى پانزده ‏گانه]از مولاى ما على بن الحسين عليهما السلام است،علاّمه مجلسى رحمه اللّه عليه در كتاب بحار الانوار فرموده است:من اين مناجات را به روايت از آن حضرت در كتاب هاى بعضى از علما(رضوان اللّه عليهم)يافتم. "
        }
    }
}