{
    "146": {
        "number": 146,
        "bab": 1,
        "title": "مناجات نهم: راز و نیاز شیفتگان و عاشقان / مناجات محبين ",
        "arabic": {
            "1": "بِسْمِ اللَّهِ الرَّحْمَنِ الرَّحِيم\n",
            "2": "إِلٰهِى مَنْ ذَا الَّذِى ذاقَ حَلاوَةَ مَحَبَّتِكَ فَرامَ مِنْكَ بَدَلاً ؟ وَمَنْ ذَا الَّذِى أَنَِسَ بِقُرْبِكَ فَابْتَغَىٰ عَنْكَ حِوَلاً ؟\n",
            "3": "إِلٰهِى فَاجْعَلْنا مِمَّنِ اصْطَفَيْتَهُ لِقُرْبِكَ وَوِلايَتِكَ، وَأَخْلَصْتَهُ لِوُدِّكَ وَمَحَبَّتِكَ، وَشَوَّقْتَهُ إِلَىٰ لِقائِكَ، وَرَضَّيْتَهُ بِقَضَائِكَ، وَمَنَحْتَهُ بِالنَّظَرِ إِلَىٰ وَجْهِكَ، وَحَبَوْتَهُ بِرِضَاكَ، وَأَعَذْتَهُ مِنْ هَجْرِكَ وَقِلَاكَ، وَبَوَّأْتَهُ مَقْعَدَ الصِّدْقِ فِى جِوارِكَ، وَخَصَصْتَهُ بِمَعْرِفَتِكَ، وَأَهَّلْتَهُ لِعِبادَتِكَ، وَهَيَّمْتَ قَلْبَهُ لِإِرادَتِكَ، وَاجْتَبَيْتَهُ لِمُشَاهَدَتِكَ؛ وَأَخْلَيْتَ وَجْهَهُ لَكَ، وَفَرَّغْتَ فُؤادَهُ لِحُبِّكَ، وَرَغَّبْتَهُ فِيما عِنْدَكَ، وَأَلْهَمْتَهُ ذِكْرَكَ، وَأَوْزَعْتَهُ شُكْرَكَ، وَشَغَلْتَهُ بِطَاعَتِكَ، وَصَيَّرْتَهُ مِنْ صَالِحِى بَرِيَّتِكَ، وَاخْتَرْتَهُ لِمُنَاجَاتِكَ، وَقَطَعْتَ عَنْهُ كُلَّ شَىْءٍ يَقْطَعُهُ عَنْكَ .\n",
            "4": "اللّٰهُمَّ اجْعَلْنا مِمَّنْ دَأْبُهُمُ الارْتِياحُ إِلَيْكَ وَالْحَنِينُ، وَدَهْرُهُمُ الزَّفْرَةُ وَالْأَنِينُ، جِباهُهُمْ سَاجِدَةٌ لِعَظَمَتِكَ، وَعُيُونُهُمْ سَاهِرَةٌ فِى خِدْمَتِكَ، وَدُمُوعُهُمْ سَائِلَةٌ مِنْ خَشْيَتِكَ، وَقُلُوبُهُمْ مُتَعَلِّقَةٌ بِمَحَبَّتِكَ، وَأَفْئِدَتُهُمْ مُنْخَلِعَةٌ مِنْ مَهَابَتِكَ؛\n",
            "5": "يَا مَنْ أَنْوارُ قُدْسِهِ لِأَبْصَارِ مُحِبِّيهِ رَائِقَةٌ ، وَسُبُحَاتُ وَجْهِهِ لِقُلُوبِ عَارِفِيهِ شَائِفَةٌ ، يَا مُنَىٰ قُلُوبِ الْمُشْتَاقِينَ، وَيَا غَايَةَ آمَالِ الْمُحِبِّينَ، أَسْأَلُكَ حُبَّكَ، وَحُبَّ مَنْ يُحِبُّكَ، وَحُبَّ كُلِّ عَمَلٍ يُوصِلُنِى إِلَىٰ قُرْبِكَ، وَأَنْ تَجْعَلَكَ أَحَبَّ إِلَىَّ مِمَّا سِوَاكَ، وَأَنْ تَجْعَلَ حُبِّى إِيَّاكَ قائِداً إِلَىٰ رِضْوَانِكَ، وَشَوْقِى إِلَيْكَ ذَائِداً عَنْ عِصْيانِكَ، وَامْنُنْ بِالنَّظَرِ إِلَيْكَ عَلَىَّ، وَانْظُرْ بِعَيْنِ الْوُدِّ وَالْعَطْفِ إِلَىَّ، وَلَا تَصْرِفْ عَنِّى وَجْهَكَ، وَاجْعَلْنِى مِنْ أَهْلِ الْإِسْعادِ وَالْحُِظْوَةِ عِنْدَكَ، يَا مُجِيبُ، يَا أَرْحَمَ الرَّاحِمِينَ.\n",
            "6": "",
            "7": "",
            "8": "",
            "9": "",
            "10": "",
            "11": "",
            "12": ""
        },
        "farsi": {
            "1": "به نام خدا که رحمتش بسیار و مهربانی\u200Cاش همیشگی است؛\n",
            "2": "معبودم، کیست آن\u200Cکه شیرینی محبّتت را چشید پس به\u200Cجای تو دیگری را برگزید؟ و کیست آن\u200Cکه با مقام قرب تو انس یافت پس مایل به روی برتافتن از تو شد؟\n",
            "3": "خدایا، ما را از کسانی قرار ده که برای قرب ولایتت برگزیدی و برای دوستی و محبتت خالص نمودی و برای دیدارت مشتاق کردی و به قضایت راضی ساختی و نعمت نگاه به جمالت را عطایش کردی و به خشنودی\u200Cات از او حمایت کردی و از غم هجران و دوری\u200Cات پناه دادی و در جوارت در جایگاه راستی جای دادی و به شناخت خود مخصوصشان کردی و برای بندگی\u200Cات سزاوارش نمودی و به اراده\u200Cات دلباخته\u200Cاش کردی و برای تماشای جمالت برگزیدی؛ و رویش را برای خود از غیر، پاک کردی و دلش را برای عشقت تهی نمودی و آن را به\u200Cسوی آنچه نزد توست مشتاق فرمودی و یادت را به او الهام کردی و سپاس\u200Cگزاری\u200Cات را نصیبش نمودی و به طاعتت مشغول ساختی و او را از بندگان شایسته\u200Cات گرداندی و برای راز و نیازت انتخاب کردی و جدا کردی از او هرچه که او را از تو جدا می\u200Cکند،\n",
            "4": "خدایا ما را از کسانی قرار ده که شیوه\u200Cهایشان و اشتیاقشان آرام گرفتن به درگاه توست و روزگارشان آه و ناله است و پیشانی\u200Cشان در پیشگاه عظمتت بر سجده و دیدگانشان در خدمتت بی\u200Cخواب و اشکشان از ترس تو روان و دل\u200Cهاشان به عشقت آویخته و قلوبشان از حرمت و ارجمندی\u200Cات از جا کنده است؛\n",
            "5": "ای آن\u200Cکه انوار قدسش برای دیدگان عاشقانش جلوه\u200Cگر است و شکوه و عظمت دانشش برای قلوب عارفانش دیدنی است، ای آرمان دل مشتاقان، ای نهایت آروزهای عاشقان، از تو می\u200Cخواهم دوستی خودت را و دوستی آنان\u200Cکه تو را دوست دارند و دوستی هر کاری که مرا به میدان قرب تو می\u200Cرساند و اینکه خودت را نزد من محبوب\u200Cتر از دیگران قرار دهی و عشقم را به وجودت راهبر به\u200Cسوی خرسندی\u200Cات گردانی و شوقم را به حضرتت بازدارنده از نافرمانی\u200Cات سازی، خدایا تماشای زیبایی وجودت را بر من منّت گذار و به من به دیده عشق و عاطفه بنگر و رویت از من متاب و مرا نزد خود از اهل خوشبختی و بهره\u200Cمندی قرار ده، ای اجابت کننده، ای مهربان\u200Cترین مهربانان.\n",
            "6": "",
            "7": "",
            "8": "",
            "9": "",
            "10": "",
            "11": "",
            "12": ""
        },
        "tozih": {
            "1": "المناجاة التاسعة:مناجاة المحبّين"
        }
    }
}