{
    "148": {
        "number": 148,
        "bab": 1,
        "title": "مناجات یازدهم: راز و نیاز نیازمندان / مناجات مفتقرين ",
        "arabic": {

                "1": "بِسْمِ اللَّهِ الرَّحْمَنِ الرَّحِيمِ",
                "2": "إِلٰهِى كَسْرِى لَايَجْبُرُهُ إِلّا لُطْفُكَ وَحَنانُكَ، وَفَقْرِى لَايُغْنِيهِ إِلّا عَطْفُكَ وَ إِحْسَانُكَ، وَرَوْعَتِى لَايُسَكِّنُها إِلّا أَمانُكَ، وَذِلَّتِى لَايُعِزُّها إِلّا سُلْطانُكَ، وَأُمْنِيَّتِى لَايُبَلِّغُنِيها إِلّا فَضْلُكَ، وَخَلَّتِى لَايَسُدُّها إِلّا طَوْلُكَ، وَحَاجَتِى لَا يَقْضِيها غَيْرُكَ، وَكَرْبِى لَايُفَرِّجُهُ سِوَىٰ رَحْمَتِكَ، وَضُرِّى لَايكْشِفُهُ غَيْرُ رَأْفَتِكَ،",
                "3": "وَغُلَّتِى لَايُبَرِّدُها إِلّا وَصْلُكَ، وَلَوْعَتِى لَايُطْفِيها إِلّا لِقاؤُكَ، وَشَوْقِى إِلَيْكَ لَايَبُلُّهُ إِلّا النَّظَرُ إِلَىٰ وَجْهِكَ، وَقَرارِى لَايَقِرُّ دُونَ دُنُوِّى مِنْكَ؛ وَلَهْفَتِى لَا يَرُدُّها إِلّا رَوْحُكَ، وَسُقْمِى لَايَشْفِيهِ إِلّا طِبُّكَ، وَغَمِّى لَايُزِيلُهُ إِلّا قُرْبُكَ، وَجُرْحِى لَايُبْرِئُهُ إِلّا صَفْحُكَ، وَرَيْنُ قَلْبِى لَايَجْلُوهُ إِلّا عَفْوُكَ، وَوَسْوَاسُ صَدْرِى لَايُزِيحُهُ إِلّا أَمْرُكَ .",
                "4": "فَيَا مُنْتَهىٰ أَمَلِ الْآمِلِينَ، وَيَا غَايَةَ سُؤْلِ السَّائِلِينَ، وَيَا أَقْصَىٰ طَلِبَةِ الطَّالِبِينَ، وَيَا أَعْلَىٰ رَغْبَةِ الرَّاغِبِينَ، وَيَا وَلِىَّ الصَّالِحِينَ، وَيَا أَمانَ الْخَائِفِينَ، وَيَا مُجِيبَ دَعْوَةِ الْمُضْطَرِّينَ، وَيَا ذُخْرَ الْمُعْدِمِينَ، وَيَا كَنْزَ الْبَائِسِينَ، وَيَا غِيَاثَ الْمُسْتَغِيثِينَ؛ وَيَا قَاضِىَ حَوَائِجِ الْفُقَرَاءِ وَالْمَسَاكِينِ، وَيَا أَكْرَمَ الْأَكْرَمِينَ، وَيَا أَرْحَمَ الرَّاحِمِينَ،",
                "5": "لَكَ تَخَضُّعِى وَسُؤالِى، وَ إِلَيْكَ تَضَرُّعِى وَابْتِهالِى، أَسْأَلُكَ أَنْ تُنِيلَنِى مِنْ رَوْحِ رِضْوانِكَ، وَتُدِيمَ عَلَىَّ نِعَمَ امْتِنانِكَ، وَهَا أَنَا بِبابِ كَرَمِكَ واقِفٌ، وَ لِنَفَحاتِ بِرِّكَ مُتَعَرِّضٌ، وَبِحَبْلِكَ الشَّدِيدِ مُعْتَصِمٌ، وَبِعُرْوَتِكَ الْوُثْقىٰ مُتَمَسِّكٌ .",
                "6": "إِلٰهِى ارْحَمْ عَبْدَكَ الذَّلِيلَ، ذَا اللِّسَانِ الْكَلِيلِ، وَالْعَمَلِ الْقَلِيلِ، وَامْنُنْ عَلَيْهِ بِطَوْلِكَ الْجَزِيلِ، وَاكْنُفْهُ تَحْتَ ظِلِّكَ الظَّلِيلِ، يَا كَرِيمُ يَا جَمِيلُ، يَا أَرْحَمَ الرَّاحِمِينَ.",
                "7": "",
                "8": "",
                "9": "",
                "10": "",
                "11": "",
                "12": ""
            },
            "farsi": {
                "1": "به نام خدا که رحمتش بسیار و مهربانی\u200Cاش همیشگی است؛",
                "2": "معبودم، شکستگی\u200Cام را جز لطف و محبتت جبران نکند و تهیدستی\u200Cام را بی\u200Cنیازی نرساند جز مهر و احسانت و هراسم را جز امان تو آرام ننماید و خواری\u200Cام را جز توانایی\u200Cات به عزّت تبدیل نکند و مرا جز احسانت به آرزویم نرساند و شکاف فقرم را جز نیکی و محبتت پر نکند و حاجتم را کسی جز تو بر نیاورد و غم\u200Cزدگی\u200Cام را جز رحمتت برطرف نکند و بدحالی\u200Cام را جز مهرت نگشاید",
                "3": "و سوز سینه\u200Cام را جز وصل تو خنک نکند و آتش درونم را جز دیدارت خاموش نگرداند و بر حرارت شوقم به تو جز نگاه به جمالت آب نریزد و آرامشم بدون نزدیک شدن به حضرتت برقرار نشود؛ و حسرتم را جز نسیم رحمتت برنگرداند و بیماری\u200Cام را جز درمانت شفا ندهد و غمم را جز مقام قربت برطرف نسازد و زخمم را جز چشم\u200Cپوشی\u200Cات التیام ندهد و آلودگی دلم را جز گذشت تو صیقل ندهد و وسواس سینه\u200Cام را جز فرمانت از میان نبرد، ای نهایت آرزوی آرزومندان،",
                "4": "ای هدف خواهش خواهندگان، ای دورترین مطلوب جویندگان، ای والاترین اشتیاق مشتاقان، ای سرپرست شایستگان، ای امان ترسیدگان، ای اجابت کننده دعای بیچارگان، ای ذخیره ناداران، ای گنج بینوایان، ای فریادرس دادخواهان؛ ای برآورنده حاجات تهیدستان و بر خاک\u200Cنشستگان، ای کریم\u200Cترین کریمان، ای مهربان\u200Cترین مهربانان،",
                "5": "فروتنی و خواهشم به پیشگاه توست و زاری و ناله\u200Cام به\u200Cسوی تو، از تو می\u200Cخواهم مرا به نسیم خرسندی\u200Cات برسانی و نعمت\u200Cهای نیکویت را بر من تداوم بخشی، من اینک بر در خانه کرمت ایستاده\u200Cام و در معرض نسیم\u200Cهای نیکی\u200Cات قرار دارم و به رشته محکمت چنگ زده\u200Cام و به دست\u200Cآویز استوارت دست آویختم،",
                "6": "خدایا بر بنده خوارت که زبانش از گفتن ناتوان و عملش اندک است رحم کن و با احسان پیوسته و برجسته\u200Cات بر او منّت گذار و او را زیر سایه بلندت حمایت کن، ای گرامی، ای زیبا، ای مهربان\u200Cترین مهربانان.",
                "7": "",
                "8": "",
                "9": "",
                "10": "",
                "11": "",
                "12": ""

            },
            "tozih": {
            "1": "المناجاة الحادية عشرة:مناجاة المفتقرين"
        }
    }
}