{
    "153": {
        "number": 153,
        "bab": 1,
        "title": "مناجات منظوم منسوب به حضرت امیرالمومنین (ع) ",
        "arabic": {
            "1": " إِلٰهِى كَفىٰ بِى عِزّاً أَنْ أَكُونَ لَكَ عَبْداً ، وَكَفىٰ بِى فَخْراً أَنْ تَكُونَ لِى رَبّاً ، أَنْتَ كَما أُحِبُّ فَاجْعَلْنِى كَما تُحِبُّ. "
        },
        "farsi": {
            "1": "خدایا مرا این عزّت بس است که بنده تو باشم و برایم این افتخار کافی است که تو پروردگار من باشی، تو آنچنانی‌که دوست دارم، مرا هم چنان کن که دوست داری. "
        },
        "tozih": {
            "1": "مناجات منظوم حضرت امیرالمؤمنین(علیه‌السلام) به نقل از «صحیفه علویه»\nبِسْمِ اللَّهِ الرَّحْمَنِ الرَّحِيمِ\nبه نام خدا که رحمتش بسیار و مهربانى‌اش همیشگى است\nلَكَ الْحَمْدُ يَا ذَا الْجُودِ وَالْمَجْدِ وَالْعُلَىٰ‌\nتَبارَكْتَ تُعْطِى مَنْ تَشَاءُ وَتَمْنَعُ\nستایش توراست ای صاحب جود و بزرگواری و برتری\nفرخنده‌ای تو عطا کنی به هرکه خواهی و منع کنی ز هرکه خواهی\nإِلٰهِى وَخَلَّاقِى وَحِرْزِى وَمَوْئِلِى‌\nإِلَيْكَ لَدَى الْإِعْسَارِ وَالْيُسْرِ أَفْزَعُ\nخدایم و آفریدگارم و نگهدارم و پناهم\nبه‌جانب تو در سختی و آسانی پناه می‌آورم\nإِلٰهِى لَئِنْ جَلَّتْ وَجَمَّتْ خَطِيئَتِى‌\nفَعَفْوُكَ عَنْ ذَنْبِى أَجَلُّ وَأَوْسَعُ\nخدایا، اگر خطایم بزرگ و انبوه است\nپس گذشت تو از گناه من بزرگ‌تر و گسترده‌تر است\nإِلٰهِى لَئِنْ أَعْطَيْتُ نَفْسِىَ سُؤْلَها\nفَهَا أَنَا فِى رَوْضِ النَّدَامَةِ أَرْتَعُ\nخدایا، اگر خواهش نفسم را به نفسم واگذاشتم\nاینک در مرغزار پشیمانی می‌گردم\nإِلٰهِى تَرىٰ حَالِى وَفَقْرِى وَفاقَتِى‌\nوَأَنْتَ مُنَاجاتِى الْخَفِيَّةَ تَسْمَعُ\nخدایا، بدحالی و تهیدستی و نیازم را می‌بینی\nو تو مناجات پنهان مرا می‌شنوی\nإِلٰهِى فَلا تَقْطَعْ رَجَائِى وَلا تُزِغْ‌\nفُؤُادِى فَلِى فِى سَيْبِ جُودِكَ مَطْمَعُ\nخدایا، امیدم را قطع مکن و منحرف مساز\nقلبم را، که من به باران جودت طمع دارم\nإِلٰهِى لَئِنْ خَيَّبْتَنِى أَوْ طَرَدْتَنِى‌\nفَمَنْ ذَا الَّذِى أَرْجُو وَمَنْ ذَا أُشَفِّعُ ؟\nخدایا، اگر محرومم کنی یا از پیشگاهت برانی\nپس به چه کسی امیدوار شوم و چه کسی را شفیع گیرم؟\nإِلٰهِى أَجِرْنِى مِنْ عَذَابِكَ إِنَّنِى‌\nأَسِيرٌ ذَلِيلٌ خَائِفٌ لَكَ أَخْضَعُ\nخدایا، از عذابت پناهم ده که من\nاسیر و خوار و ترسانم و برایت فروتنی می‌کنم\nإِلٰهِى فَآنِسْنِى بِتَلْقِينِ حُجَّتِى‌\nإِذَا كَانَ لِى فِى الْقَبْرِ مَثْوَىً وَمَضْجَعُ\nخدایا، با آموزش دلیل راه، همراهم باش\nدر آن زمان که در قبر منزل و خوابگاهم باشد\nإِلٰهِى لَئِنْ عَذَّبْتَنِى أَلْفَ حِجَّةٍ\nفَحَبْلُ رَجَائِى مِنْكَ لَايَتَقَطَّعُ\nخدایا، اگر هزار سال مرا عذاب نمایی\nرشته امید من از تو قطع نمی‌شود\nإِلٰهِى أَذِقْنِى طَعْمَ عَفْوِكَ يَوْمَ لَا\nبَنُونَ وَلَا مالٌ هُنَالِكَ يَنْفَعُ\nخدایا، مزه گذشتت را به من بچشان آنگاه که\nنه فرزندان و نه مال در آن زمان سود نرساند\nإِلٰهِى لَئِنْ لَمْ تَرْعَنِى كُنْتُ ضَائِعاً\nوَ إِنْ كُنْتَ تَرْعَانِى فَلَسْتُ أُضَيَّعُ\nخدایا، اگر مرا رعایت نکنی تباه شده‌ام\nو اگر رعایتم نمایی، تباهی نپذیرم\nإِلٰهِى إِذَا لَمْ تَعْفُ عَنْ غَيْرِ مُحْسِنٍ‌\nفَمَنْ لِمُسِىءٍ بِالْهَوَىٰ يَتَمَتَّعُ\nخدایا، اگر از غیر نیکوکاران نگذری\nپس امید کسی که با هوس کامروایی می‌کند کیست؟\nإِلٰهِى لَئِنْ فَرَّطْتُ فِى طَلَبِ التُّقَىٰ‌\nفَهَا أَنَا إِثْرَ الْعَفْوِ أَقْفُو وَأَتْبَعُ\nخدایا، اگر در طلب پروا کوتاهی نمودم\nپس اینک دنبال گذشت توأم و سراغ آن می‌روم\nإِلٰهِى لَئِنْ أَخْطَأْتُ جَهْلاً فَطَالَمَا\nرَجَوْتُكَ حَتَّىٰ قِيلَ ما هُوَ يَجْزَعُ\nخدایا، اگر از روی جهالت خطا کردم\nتا آنجا به تو امید بستم که درباره‌ام گفته شد باک ندارد\nإِلٰهِى ذُنُوبِى بَذَّتِ الطَّوْدَ وَاعْتَلَتْ‌\nوَصَفْحُكَ عَنْ ذَنْبِى أَجَلُّ وَأَرْفَعُ\nخدایا، گناهم بلندتر و بزرگ‌تر از کوه‌های برافراشته شده\nولی چشم‌پوشی تو از گناه من بزرگ‌تر و برفرازتر است\nإِلٰهِى يُنَحِّى ذِكْرُ طَوْلِكَ لَوْعَتِى\nوَذِكْرُ الْخَطَايَا الْعَيْنَ مِنِّى يُدَمِّعُ\nخدایا، یاد عطای همیشگی‌ات آتش دلم را خنکا می‌بخشد\nو یاد گناهان، دیدگانم را اشک‌بار می‌سازد\nإِلٰهِى أَقِلْنِى عَثْرَتِى وَامْحُ حَوْبَتِى‌\nفَإِنِّى مُقِرٌّ خَائِفٌ مُتَضَرِّعُ\nخدایا، لغزشم را نادیده گیر و گناهم را پاک کن\nمن اقرار به گناه دارم و هراسان و نالانم\nإِلٰهِى أَنِلْنِى مِنْكَ رَوْحاً وَرَاحَةً\nفَلَسْتُ سِوىٰ أَبْوَابِ فَضْلِكَ أَقْرَعُ\nخدایا، از سوی خود آسایش و راحتی به من ده\nکه من جز درهای احسان تو را نمی‌کوبم\nإِلٰهِى لَئِنْ أَقْصَيْتَنِى أَوْ أَهَنْتَنِى‌\nفَمَا حِيلَتِى يَا رَبِّ أَمْ كَيْفَ أَصْنَعُ\nخدایا، اگر مرا دور کنی یا سبکم انگاری\nپس چه چاره کنم ای پروردگار و چه سازم؟\nإِلٰهِى حَلِيفُ الْحُبِّ فِى اللَّيْلِ سَاهِرٌ\nيُناجِى وَيَدْعُو وَالْمُغَفَّلُ يَهْجَعُ\nخدایا، سوگند خورده عشق، در شب بیدار است\nراز و نیاز و دعا می‌کند ولی شخص غافل می‌خوابد\nإِلٰهِى وَهَذَا الْخَلْقُ مَا بَيْنَ نَائِمٍ‌\nوَمُنْتَبِهٍ فِى لَيْلِهِ يَتَضَرَّعُ\nخدایا، از این مردم گروهی در خوابند\nو گروهی دیگر شب‌بیدار و زاری می‌کنند\nوَكُلُّهُمُ يَرْجُو نَوَالَكَ رَاجِياً\nلِرَحْمَتِكَ الْعُظْمىٰ وَفِى الْخُلْدِ يَطْمَعُ\nو همه آنان عطای تو را امید دارند و امیدوار\nرحمت بزرگ تواند و به بهشت تو طمع ورزند\nإِلٰهِى يُمَنِّينِى رَجَائِى سَلامَةً\nوَقُبْحُ خَطِيئاتِى عَلَىَّ يُشَنِّعُ\nخدایا، امید من در دلم آرزوی سلامتی می‌کند\nو زشتی گناهانم مرا به رسوایی تهدید می‌نماید\nإِلٰهِى فَإِنْ تَعْفُو فَعَفْوُكَ مُنْقِذِى\nوَ إِلّا فَبِالذَّنْبِ الْمُدَمِّرِ أُصْرَعُ\nخدایا، اگر بگذری گذشتت نجات‌بخش من است\nور نه با گناهم به عرصه نابودی در افتم\nإِلٰهِى بِحَقِّ الْهَاشِمِيِّ مُحَمَّدٍ\nوَحُرْمَةِ أَطْهارٍ هُمُ لَكَ خُضَّعُ\nخدایا، به‌حق محمّد هاشمی نسب\nو به حرمت پاکانی که نزد تو فروتن‌اند\nإِلٰهِى بِحَقِّ الْمُصْطَفىٰ وَابْنِ عَمِّهِ‌\nوَحُرْمَةِ أَبْرارٍ هُمُ لَكَ خُشَّعُ\nخدایا، به‌حق محمّد مصطفی و پسر عمویش\nو به حرمت نیکوکارانی که برای تو خاشع‌اند\nإِلٰهِى فَأَنْشِرْنِى عَلَىٰ دِينِ أَحْمَدٍ\nمُنِيباً تَقِيّاً قَانِتاً لَكَ أَخْضَعُ\nخدایا، مرا در رستاخیز بر دین احمد برانگیز\nتائب و پرهیزگار و عابد و فروتن در پیشگاهت\nوَلَا تَحْرِمَنِّى يا إِلٰهِى وَسَيِّدِى‌\nشَفاعَتَهُ الْكُبْرىٰ فَذاكَ الْمُشَفَّعُ\nای خدای من و آقای من، مرا محروم مساز\nاز شفاعت بزرگ محمّد که شفاعتش پذیرفته است\nوَصَلِّ عَلَيْهِمْ مَا دَعَاكَ مُوَحِّدٌ\nوَنَاجَاكَ أَخْيارٌ بِبَابِكَ رُكَّعُ\nو بر ایشان درود فرست تا هرگاه که موّحدی تو را بخواند\nو خوبان با تو مناجات کنند و در برابرت به رکوع پردازند\n\nو نیز در «صحیفه علویه» مناجات منظوم دیگری از آن حضرت نقل‌شده که اوّل آن «یا سامِعَ الدُّعاء» است؛ ولی چون مشتمل بر واژه‌های مشکل و لغات ناآشنا بود و ما بنابر اختصار داریم از ذکرش خودداری نمودیم.\n\nثَلاثُ کَلَماتٍ مِنْ مَوْلانا عَلِیٍّ عَلَیْهِ السَّلام فِی الْمُناجاةِ:\nسه جمله از مولایمان علی (درود بر او) در باب مناجات:"
        }
    }
}