{
    "24": {
        "number": 24,
        "bab": 1,
        "title": "ذکرهای سجده شکر",
        "arabic": {
            "1": ""
        },
        "farsi": {
            "1": ""
        },
        "tozih": {
            "1": "و بدان که سجده شکر بعد از نمازها مستحب مؤکد است و دعاها و اذکار بسیارى در آن حال واردشده است.\n\nاز حضرت رضا (علیه‌السّلام) روایت شده: که اگر خواهى در سجده شکر «صد مرتبه» «شُکراً شُکراً» بگو و اگر خواهى «صد مرتبه» «عَفْوَاً عَفْوَاً»\n\nو نیز از آن حضرت نقل شده: کمترین ذکرى که در این سجده گویند، آن است که «سه مرتبه» بگویند: «شُکْرَاً لِلّه». "
        }
    }
}