{
    "33": {
        "number": 33,
        "bab": 1,
        "title": "دعای روز پنجشنبه",
        "arabic": {
            "1": "بِسْمِ اللّهِ الرَّحْمنِ الرَّحِيمِ، الْحَمْدُ لِلّٰهِ الَّذِى أَذْهَبَ اللَّيْلَ مُظْلِماً بِقُدْرَتِهِ ، وَجَاءَ بِالنَّهَارِ مُبْصِراً بِرَحْمَتِهِ ، وَكَسَانِى ضِياءَهُ وَأَنَا فِى نِعْمَتِهِ . اللّٰهُمَّ فَكَمَا أَبْقَيْتَنِى لَهُ فَأَبْقِنِى لِأَمْثالِهِ ، وَصَلِّ عَلَى النَّبِيِّ مُحَمَّدٍ وَآلِهِ ، وَلَا تَفْجَعْنِي فِيهِ وَفِي غَيْرِهِ مِنَ اللَّيالِى وَالْأَيَّامِ ، بِارْتِكَابِ الْمَحَارِمِ ، وَاكْتِسَابِ الْمَآثِمِ ، وَارْزُقْنِى خَيْرَهُ ، وَخَيْرَ مَا فِيهِ ، وَخَيْرَ مَا بَعْدَهُ ، وَاصْرِفْ عَنِّى شَرَّهُ ، وَشَرَّ مَا فِيهِ ، وَشَرَّ مَا بَعْدَهُ ، اللّٰهُمَّ إِنِّى بِذِمَّةِ الْإِسْلامِ أَتَوَسَّلُ إِلَيْكَ ، وَبِحُرْمَةِ الْقُرْآنِ أَعْتَمِدُ عَلَيْكَ ، وَبِمُحَمَّدٍ الْمُصْطَفىٰ صَلَّى اللّٰهُ عَلَيْهِ وَآلِهِ أَسْتَشْفِعُ لَدَيْكَ؛ ",
            "2": "فَاعْرِفِ اللّٰهُمَّ ذِمَّتِىَ الَّتِى رَجَوْتُ بِهَا قَضَاءَ حَاجَتِى ، يَا أَرْحَمَ الرَّاحِمِينَ ، اللّٰهُمَّ اقْضِ لِى‌فِى الْخَمِيسِ خَمْساً لَايَتَّسِعُ لَها إِلّا كَرَمُكَ ، وَلَا يُطِيقُها إِلّا نِعَمُكَ ، سَلَامَةً أَقْوىٰ بِهَا عَلَىٰ طَاعَتِكَ ، وَعِبادَةً أَسْتَحِقُّ بِها جَزِيلَ مَثُوبَتِكَ ، وَسَعَةً فِى الْحَالِ مِنَ الرِّزْقِ الْحَلَالِ ، وَأَن تُؤْمِنَنِى فِى مَوَاقِفِ الْخَوْفِ بِأَمْنِكَ ، وَتَجْعَلَنِى مِنْ طَوَارِقِ الْهُمُومِ وَالْغُمُومِ فِى حِصْنِكَ ، وَ صَلِّ عَلَىٰ مُحَمَّدٍ وَآلِ مُحَمَّدٍ ، وَاجْعَلْ تَوَسُّلِى بِهِ شَافِعاً ، يَوْمَ الْقِيامَةِ نَافِعاً ، إِنَّكَ أَنْتَ أَرْحَمُ الرَّاحِمِينَ."
        },
        "farsi": {
            "1": " به نام خدا که رحمتش بسیار و مهربانی‌اش همیشگی است، سپاس خدای را که شب تاریک را باقدرت خود برد و روز روشن را به رحمتش آورد و لباس پرفروغ آن را درحالی‌که قرین نعمتش بودم بر تن من کرد، خدایا! همچنان که مرا برای این روز نگاه داشتی برای امثال آن نیز پابرجا بدار و بر پیامبر اسلام محمّد و خاندان او درود فرست و مرا در این روز و شب‌ها و روزهای دیگر به فاجعه‌ی انجام گناهان مبتلا مساز، خیر این روز و خیر آنچه در آن است و خیر بعدازاین روز را روزی‌ام گردان و شرّ این روز و شرّ آنچه در آن است و شرّ بعدازآن را از من دور ساز.\r\n خدایا! من با گردن نهادن به دین اسلام به‌سوی تو وسیله می‌جویم و با حرمت نهادن به قرآن بر تو اعتماد می‌کنم و به دوستی محمّد، بنده برگزیده‌ات که (درود خدا بر او و خاندانش باد) نزد تو شفاعت می‌طلبم؛ ",
            "2": " پس بار خدایا پیمانی که روا شدن حاجتم را به آن امید بسته‌ام به حساب آور، ای مهربان‌ترین مهربانان! بار خدایا در روز پنجشنبه پنج حاجت مرا برطرف نما که آن‌ها را جز کرم تو گنجایش و جز نعمت‌های تو طاقت ندارد: سلامتی که با آن برای انجام طاعتت نیرو گیرم و عبادتی که با آن سزاوار پاداش فراوان تو گردم و گشایشی در حال من با روزی حلال و اینکه به من با امن خویش در هنگامه‌های ترس امنیت دهی و از هر غم و اندوه کوبنده در دژ استوار خویش پناهم دهی، بر محمّد و خاندان محمّد درود فرست و چاره‌جویی‌ام را به‌وسیله‌ی او شفیع سودمندی برایم در روز قیامت قرار ده، به‌یقین تو مهربان‌ترین مهربانانی. "
        },
        "tozih": {}
    }
}