{
    "38": {
        "number": 38,
        "bab": 1,
        "title": "ثواب فراوان صلوات در شب و روز جمعه  ",
        "arabic": {
            "1": "اللّٰهُمَّ صَلِّ عَلىٰ مُحَمَّدٍ وَآلِ مُحَمَّدٍ وَعَجِّلْ فَرَجَهُمْ، وَأَهْلِكْ عَدُوَّهُمْ مِنَ الْجِنِّ وَالْإِنْسِ مِنَ الأَوَّلِينَ وَالْآخِرِينَ.\n"
        },
        "farsi": {
            "1": "خدایا بر محمّد و خاندان محمّد درود فرست و در گشایش کار ایشان شتاب کن و دشمنانشان را از جن و انس از اولین و آخرین به هلاکت انداز."

        },
        "tozih": {
            "1": "روایت شده است: که جمعه، شبش تابناک و روزش بس روشن است، پس ذکر «سُبْحانَ اللّٰهِ وَ اللّٰهُ أَکْبَرُ وَ لاٰ إِلٰهَ إِلّا اللّٰهُ» گفته و بر محمّد و آل محمّد بسیار صلوات فرستید؛\nو در روایت دیگر آمده: که کمترین صلوات در این شب، «صد مرتبه» است و هرچه بیشتر باشد بهتر است؛\nو از امام صادق(علیه\u200Cالسلام) روایت شده است: که صلوات بر محمّد و آل محمّد در شب جمعه با هزار کار نیک برابر است و هزار گناه را پاک می\u200Cکند و مقام انسان را هزار درجه بالا می\u200Cبرد و مستحب است که پس از نماز عصر پنجشنبه تا آخر روز جمعه بر محمّد و آل محمّد (صلوات الله علیهم اجمعین) بسیار صلوات فرستند؛\nو با سند صحیح از امام صادق(علیه\u200Cالسلام) روایت شده است: که به هنگام عصر روز پنجشنبه فرشتگان از آسمان با قلم\u200Cهای طلا و صحیفه\u200Cهای نقره فرود می\u200Cآیند و در عصر پنجشنبه و شب\u200C و روز جمعه تا هنگام غروب خورشید جز صلوات بر محمّد و خاندان آن حضرت چیزی ننویسند؛\nو شیخ طوسی فرموده است: در روز پنجشنبه فرستادن هزار صلوات بر محمّد و آل محمّد مستحب است؛ و در آن بگوید:",
            "2": "و گفتن این صلوات «صد مرتبه» از بعد از عصر پنجشنبه تا آخر روز جمعه فضیلت بسیار دارد.\n"

        }
    }
}