{
    "45": {
        "number": 45,
        "bab": 1,
        "title": "فضیلت خواندن سوره «احقاف» در شب و روز جمعه",
        "arabic": {
            "1": "",
            "2": ""

        },
        "farsi": {
            "1": "",
            "2": ""
        },
        "tozih": {
        "1": "از امام صادق(علیه\u200Cالسلام) روایت شده: هرکه در شب جمعه یا روز جمعه سوره «اَحقاف» را بخواند، در دنیا دچار بیم و هراس نشود و در روز قیامت از وحشت و ترس در امان باشد.\n",
        "2": ""}
    }
}