{
    "47": {
        "number": 47,
        "bab": 1,
        "title": "سوره مخصوص امیرالمومنین (علیه‌السلام)",
        "arabic": {
            "1": "",
            "2": ""

        },
        "farsi": {
            "1": "",
            "2": ""
        },
        "tozih": {
        "1": "هرکه در شب جمعه سوره «واقِعَه» را بخواند، خدا او را دوست بدارد و او را محبوب تمام مردم کند و در دنیا دچار بدحالی و تنگدستی نشود و آفتی از آفات دنیا به او نرسد و از دوستان حضرت امیرالمؤمنین(علیه\u200Cالسلام) باشد و این سوره ویژه امیرالمؤمنین(علیه\u200Cالسلام) است.\n",
        "2": ""}
    }
}