{
    "48": {
        "number": 48,
        "bab": 1,
        "title": "فضیلت خواندن سوره «جمعه» در شب جمعه",
        "arabic": {
            "1": "",
            "2": ""

        },
        "farsi": {
            "1": "",
            "2": ""
        },
        "tozih": {
        "1": "روایت شده: هرکه سوره «جُمعه» را در هر شب جمعه تلاوت کند کفّاره اعمال او از این جمعه تا جمعه دیگر خواهد بود؛ و نیز همین فضیلت برای کسی که در هر شب جمعه و بعدازظهر و عصر جمعه سوره «کهف» را بخواند وارد شده است.\n",
        "2": ""}
    }
}