{
    "49": {
        "number": 49,
        "bab": 1,
        "title": "نمازهای مخصوص شب جمعه ",
        "arabic": {
            "1": "",
            "2": ""

        },
        "farsi": {
            "1": "",
            "2": ""
        },
        "tozih": {
        "1": "بدان که برای شب جمعه نمازهای بسیاری وارد شده است.\nاوّل: نماز «حضرت امیرالمؤمنین»(علیه\u200Cالسلام).\nدوّم: دو رکعت نماز که در هر رکعت «حَمد» و «پانزده مرتبه» سوره «زلزال».\nدر روایت است: هرکه این نماز را بجا آورد، خداوند او را از عذاب قبر و هول\u200Cوهراس قیامت ایمنی دهد.\nسوّم: آنکه در شب جمعه در رکعت اوّل نماز مغرب و رکعت اوّل نماز عشاء سوره «جُمعه» و در رکعت دوّم نماز مغرب سوره «توحید» و در رکعت دوم عشا، سوره «اعلى» را بخواند.",
        "2": ""}
    }
}