{
    "50": {
        "number": 50,
        "bab": 1,
        "title": "کراهت خواندن شعر در شب و روز جمعه ",
        "arabic": {
            "1": "",
            "2": ""

        },
        "farsi": {
            "1": "",
            "2": ""
        },
        "tozih": {
        "1": "خواندن شعر را در شب جمعه ترک کند، زیرا در حدیث صحیح از امام صادق(علیه\u200Cالسلام) روایت شده: براى شخص روزه\u200Cدار و شخص مُحرِم و نیز در حرم خدا و در روز جمعه و در شب آن خواندن شعر مکروه است؛ راوى به حضرت عرض کرد: هرچند معناى آن شعر مطلب حقى باشد؟ فرمود: هرچند شعر به\u200Cحق باشد.\nو در حدیث معتبر از امام صادق(علیه\u200Cالسلام) روایت شده: رسول خدا فرمود: هرکه در شب یا روز جمعه یک شعر بخواند، در آن شب و روز بهره\u200Cاى از ثواب به غیر آن نداشته باشد. و بر اساس روایت معتبر دیگر، در آن شب و روز نمازش مورد قبول واقع نشود.\n[از آنجاکه شعر و خواندن آن مورد علاقه مرد و زن، پیر و جوان، عالم و عامى و خلاصه تمام مردم است، شاید اصرار روایات بر ترک خواندن شعر در شب و روز جمعه به خاطر این باشد که اهل ایمان از قرائت قرآن و دعا و مستحبات شب و روز جمعه باز نمانند و ثواب\u200Cهاى عظیم و بهره\u200Cهاى فراوان الهى را از دست ندهند. مترجم].",
        "2": ""}
    }
}