{
    "51": {
        "number": 51,
        "bab": 1,
        "title": "دعاهای مخصوص شب جمعه ",
        "arabic": {
            "1": "اللّٰهُمَّ إِنِّى أَسْأَلُكَ بِوَجْهِكَ الْكَرِيمِ وَاسْمِكَ الْعَظِيمِ، أَنْ تُصَلِّىَ عَلىٰ مُحَمَّدٍ وَآلِ مُحَمَّدٍ، وَأَنْ تَغْفِرَ لِى ذَنْبِىَ الْعَظِيمَ.\n",
            "2": "اللّٰهُمَّ أَنْتَ رَبِّى لَاإِلٰهَ إِلّا أَنْتَ، خَلَقْتَنِى وَأَنَا عَبْدُكَ وَابْنُ أَمَتِكَ، وَفِى قَبْضَتِكَ وَناصِيَتِى بِيَدِكَ، أَمْسَيْتُ عَلَىٰ عَهْدِكَ وَ وَعْدِكَ مَا اسْتَطَعْتُ، أَعُوذُ بِرِضاكَ مِنْ شَرِّ مَا صَنَعْتُ، أَبُوءُ بِنِعْمَتِكَ، وَأَبُوءُ بِذَنْبِى، فَاغْفِرْ لِى ذُنُوبِى إِنَّهُ لَايَغْفِرُ الذُّنُوبَ إِلّا أَنْتَ.\n",
            "3": "اللّٰهُمَّ مَنْ تَعَبَّأَ وَ تَهَيَّأَ وَأَعَدَّ وَاسْتَعَدَّ لِوِفَادَةٍ إِلَىٰ مَخْلُوقٍ رَجَاءَ رِفْدِهِ وَ طَلَبَ نائِلِهِ وَجائِزَتِهِ، فَإِلَيْكَ يَا رَبِّ تَعْبِيَتِى وَاسْتِعْدادِى رَجَاءَ عَفْوِكَ وَطَلَبَ نائِلِكَ وَجَائِزَتِكَ، فَلَا تُخَيِّبْ دُعَائِى يَا مَنْ لَايَخِيبُ عَلَيْهِ سائِلٌ وَلَا يَنْقُصُهُ نائِلٌ، فَإِنِّى لَمْ آتِكَ ثِقَةً بِعَمَلٍ صَالِحٍ عَمِلْتُهُ، وَلَا لِوَفادَةِ مَخْلُوقٍ رَجَوْتُهُ، أَتَيْتُكَ مُقِرّاً عَلَىٰ نَفْسِى بِالْإِساءَةِ وَالظُّلْمِ، مُعْتَرِفاً بِأَنْ لَاحُجَّةَ لِى وَلَا عُذْرَ؛\n",
            "4": "أَتَيْتُكَ أَرْجُو عَظِيمَ عَفْوِكَ الَّذِى عَفَوْتَ بِهِ عَنِ الْخاطِئِينَ، فَلَمْ يَمْنَعْكَ طُولُ عُكُوفِهِمْ عَلىٰ عَظِيمِ الْجُرْمِ أَنْ عُدْتَ عَلَيْهِمْ بِالرَّحْمَةِ، فَيَا مَنْ رَحْمَتُهُ واسِعَةٌ، وَ عَفْوُهُ عَظِيمٌ، يَا عَظِيمُ يَا عَظِيمُ يَا عَظِيمُ، لَايَرُدُّ غَضَبَكَ إِلّا حِلْمُكَ، وَلَا يُنْجِى مِنْ سَخَطِكَ إِلّا التَّضَرُّعُ إِلَيْكَ، فَهَبْ لِى يَا إِلٰهِى فَرَجاً بِالْقُدْرَةِ الَّتِى تُحْيِى بِهَا مَيْتَ الْبِلَادِ؛\n",
            "5": "وَلَا تُهْلِكْنِى غَمّاً حَتَّىٰ تَستَجِيبَ لِى، وَتُعَرِّفَنِى الْإِجابَةَ فِى دُعَائِى، وَأَذِقْنِى طَعْمَ الْعَافِيَةِ إِلَىٰ مُنْتَهىٰ أَجَلِى، وَلَا تُشْمِتْ بِى عَدُوِّى، وَلَا تُسَلِّطْهُ عَلَىَّ، وَلَا تُمَكِّنْهُ مِنْ عُنُقِى، اللّٰهُمَّ إِنْ وَضَعْتَنِى فَمَنْ ذَا الَّذِى يَرْفَعُنِى وَ إِنْ رَفَعْتَنِى فَمَنْ ذَا الَّذِى يَضَعُنِى وَ إِنْ أَهْلَكْتَنِى فَمَنْ ذَا الَّذِى يَعْرِضُ لَكَ فِى عَبْدِكَ أَوْ يَسْأَلُكَ عَنْ أَمْرِهِ؛\n",
            "6": "وَقَدْ عَلِمْتُ أَنَّهُ لَيْسَ فِى حُكْمِكَ ظُلْمٌ، وَلَا فِى نَقِمَتِكَ عَجَلَةٌ، وَ إِنَّمَا يَعْجَلُ مَنْ يَخَافُ الْفَوْتَ، وَ إِنَّمَا يَحْتاجُ إِلَى الظُّلْمِ الضَّعِيفُ، وَقَدْ تَعالَيْتَ يَا إِلٰهِى عَنْ ذٰلِكَ عُلُوّاً كَبِيراً .\n",
            "7": "اللّٰهُمَّ إِنِّى أَعُوذُ بِكَ فَأَعِذْنِى، وَأَسْتَجِيرُ بِكَ فَأَجِرْنِى، وَأَسْتَرْزِقُكَ فَارْزُقْنِى، وَأَتَوَكَّلُ عَلَيْكَ فَاكْفِنِى، وَأَسْتَنْصِرُكَ عَلىٰ عَدُوِّى فَانْصُرْنِى، وَأَسْتَعِينُ بِكَ فَأَعِنِّى، وَأَسْتَغْفِرُكَ يَا إِلٰهِى فَاغْفِرْ لِى، آمِينَ آمِينَ آمِينَ.\n",
            "8": "",
            "9": "",
            "10": "",
            "11": "",
            "12": ""
        },
        "farsi": {
            "1": "خدایا! از تو می\u200Cخواهم به حق ذات بزرگ\u200Cمنش مهمان\u200Cتوازت و نام بزرگت که درود فرستی بر محمّد و خاندان محمّد و از گناهان بزرگم درگذری.\n",
            "2": "خدایا! تویی پروردگار من، شایسته\u200Cی پرستشی جز تو نیست، تو مرا آفریدی و من بنده\u200Cی تو و فرزند کنیز تو و در دست قدرت توأم و زمام زندگی\u200Cام به دست توست، تا توانستم بر عهد و پیمان و وعده تو روز را به شب آوردم؛ از شرّ آنچه انجام دادم به خوش\u200Cبینی و خشنودی تو پناه می\u200Cآورم، به نعمتت اعتراف و به گناهم اقرار کنم پس گناهانم را بیامرز، زیرا گناهان را جز تو نمی\u200Cآمرزد.\n",
            "3": "خدایا! هرکس به امید کمک و درخواست عطا و جود و جایزه مخلوقی، مجهّز و مهیا و آماده دیدار او شود، فقط به\u200Cسوی توست ای پروردگار من استعداد و آمادگی من، به امید گذشت و به دست آوردن عطا و جایزه\u200Cات، پس مرا از خواسته\u200Cام ناامید مکن، ای آن\u200Cکه درخواست کننده\u200Cای از او محروم نگردد و به دست آورده\u200Cای از او نکاهد، من به پشتوانه عمل شایسته\u200Cای که انجام داده باشم و یا به امید آفریده\u200Cای که به او دل\u200Cبسته باشم به پیشگاهت نیامده\u200Cام، به درگاهت آمده\u200Cام با اقرار بر ضد خویش به بدکاری و ستم و با اعتراف به اینکه هیچ دلیل و نه عذری بر بدکاری\u200Cام نیست؛\n",
            "4": "گذشت فراگیرت را که به آن از خطاکاران درمی\u200Cگذری امیدوارم، پس پافشاری بر جرم بزرگشان از اینکه بر آنان دوباره مهرورزی تو را بازنداشت، ای آن\u200Cکه رحمتش فراگیر و گذشتش بس بزرگ است ای بزرگ، ای بزرگ، ای بزرگ، جز بردباری\u200Cات خشم تو را برنگرداند و جز زاری به پیشگاهت از ناخشنودی\u200Cات رهایی نخواهد بود، پس خدایا! با نیرویی که با آن سرزمین\u200Cهای مرده را زنده می\u200Cکنی به من گشایشی بخش؛\n",
            "5": "و از اندوه هلاکم مکن تا آنکه دعایم را مستجاب کنی و مرا به اجابت دعایم آگاه\u200Cسازی و شیرینی سلامت و تندرستی را تا پایان عمر به من بچشان و مرا در معرض سرزنش دشمنم قرار مده و او را بر من چیره مساز و بر وجودم مسلّط مکن؛ خدایا! اگر تو مرا حقیر و پست بداری، پس چه کسی بلندم گرداند و اگر تو مرا بلند گردانی، پس کیست آن\u200Cکه مرا خوار کند و اگر هلاکم کنی، پس کیست آن\u200Cکه درباره\u200Cی بنده\u200Cات در برابر تو خود نمایی نشان دهد یا از کار او از تو پرس\u200Cوجو کند؟\n",
            "6": "با آنکه به\u200Cیقین می\u200Cدانم که نه در حکم تو ستمی است و نه در انتقامت شتابی، چه تنها کسی در انتقام شتاب می\u200Cکند که از دست دادن فرصت را می\u200Cهراسد و فقط کسی نیازمند ستمگری است که ناتوان است و حال آنکه توای خدای من! از این امور بسیار برتری.\n",
            "7": "خدایا به تو پناه می\u200Cآورم، پس پناهم ده و از تو امان می\u200Cجویم پس امانم ده و از تو روزی می\u200Cخواهم پس روزی\u200Cام ده و اعتماد می\u200Cکنم بر تو، پس تو خود مرا کافی باش و برای پیروزی بر دشمنم از تو یاری می\u200Cخواهم پس یاری\u200Cام ده و از تو مدد می\u200Cجویم پس مرا مدد کن، ای خدای من! دعایم را بپذیر، بپذیر، بپذیر.\n",
            "8": "",
            "9": "",
            "10": "",
            "11": "",
            "12": ""
        },
        "tozih": {},
        "1": "آن دعاها بسیار است و ما به ذکر برخی از آن\u200Cها بسنده می\u200Cکنیم.\nبه سند صحیح از امام صادق(علیه\u200Cالسلام) روایت شده: هرکس در شب جمعه در سجده\u200Cی آخر نافله شب این دعا را «هفت بار» بخواند، هنگامی\u200Cکه از آن فارغ شود آمرزیده شده باشد و اگر در هر شب این دعا را در سجده آخر نافله شب بخواند، بهتر است. و آن دعا این است:",
        "2": "از حضرت رسول(صلی\u200Cالله\u200Cعلیه\u200Cوآله) روایت شده: هرکس در شب یا روز جمعه این دعا را «هفت بار» بخواند، اگر در آن شب یا در آن روز از دنیا برود وارد بهشت می\u200Cشود و آن دعا این است:\n",
        "3": "شیخ طوسى و سیّد کفعمى و سیّد ابن باقى (رحمهم اللّه) فرموده\u200Cاند: در شب و روز جمعه و شب و روز عرفه مستحب است دعاى «اَللّهُمَّ مَنْ تَعَبَّأَ...» خوانده شود؛ ما آن را از کتاب «مصباح شیخ» نقل می\u200Cکنیم و آن دعا این است:\n"
    }
}