{
    "56": {
        "number": 56,
        "bab": 1,
        "title": "صلواتی که هر کس آن را بخواند حضرت مهدی را درک می کند",
        "arabic": {
            "1": "اللّٰهُمَّ صَلِّ عَلَىٰ مُحَمَّدٍ وَآلِ مُحَمَّدٍ وَعَجِّلْ فَرَجَهُمْ.\n",
            "2": ""

        },
        "farsi": {
            "1": "خدایا بر محمّد و خاندان محمّد درود فرست و در گشایش کارشان شتاب کن.\n",
            "2": ""
        },
        "tozih": {
        "1": "روایت شده: هرکس در روز جمعه و دیگر روزها پس از نماز ظهر و نماز صبح بگوید:\n",
        "2": "نمیرد تا حضرت قائم(عجّل الله تعالی فرجه الشریف) را دریابد.\nو اگر «صد مرتبه» این صلوات را بخواند، خدا شصت حاجت، سى حاجت از حاجات دنیا و سى حاجت از حاجات آخرتش را برآورده کند.\n"
    }}
}