{
    "57": {
        "number": 57,
        "bab": 1,
        "title": "فضیلت خواندن سوره «احقاف» در شب و روز جمعه ",
        "arabic": {
            "1": "",
            "2": ""

        },
        "farsi": {
            "1": "",
            "2": ""
        },
        "tozih": {
        "1": "از امام صادق(علیه\u200Cالسلام) روایت شده: هرکه در هر شب جمعه یا در هر روز جمعه سوره «احقاف» را بخواند، در دنیا هراسى به دلش راه نیابد و از وحشت بزرگ روز قیامت ایمن گردد.",
        "2": ""
    }}
}