{
    "58": {
        "number": 58,
        "bab": 1,
        "title": "فضیلت خواندن سوره «مومنون» در شب و روز جمعه ",
        "arabic": {
            "1": "",
            "2": ""

        },
        "farsi": {
            "1": "",
            "2": ""
        },
        "tozih": {
        "1": "آن حضرت [امام صادق(علیه\u200Cالسلام)] فرمود: هرکس جمعه\u200Cها بر خواندن سوره «مؤمنون» پشت\u200Cکار داشته باشد، خداى تعالى پایان کارش را نیکبختى و سعادت قرار دهد و جایگاهش در بهشت برین با پیامبران الهى باشد.",
        "2": ""
    }}
}