{
    "59": {
        "number": 59,
        "bab": 1,
        "title": "اهمیت و ثواب غسل جمعه ",
        "arabic": {
            "1": "أَشْهَدُ أَنْ لَاإِلٰهَ إِلّا اللّٰهُ وَحْدَهُ لَاشَرِيكَ لَهُ، وَأَشْهَدُ أَنَّ مُحَمَّداً عَبْدُهُ وَرَسُولُهُ، اللّٰهُمَّ صَلِّ عَلىٰ مُحَمَّدٍ وَآلِ مُحَمَّدٍ وَاجْعَلْنِي مِنَ التَّوَّابِينَ، وَاجْعَلْنِي مِنَ الْمُتَطَهِّرِينَ.\n",
            "2": ""

        },
        "farsi": {
            "1": "گواهی می\u200Cدهم که شایسته\u200Cی پرستشی جز خداوند یکتا نیست، شریک و انبازی ندارد و گواهی می\u200Cدهم که محمّد بنده و فرستاده\u200Cی اوست، خدایا، بر محمّد و خاندان محمّد درود فرست و مرا از آنان\u200Cکه بسیار توبه\u200C می\u200Cکنند و از آنان\u200Cکه پاکی همه جانبه دارند قرار ده..",
            "2": ""
        },
        "tozih": {
        "1": "[غسل جمعه] ازجمله اعمال مستحبی است که بر آن تأکید بسیار شده.\nو در روایت آمده: که حضرت رسول(صلی\u200Cالله\u200Cعلیه\u200Cوآله) به حضرت امیرالمؤمنین(علیه\u200Cالسلام) فرمود: یا علی! در هر جمعه غسل کن، گرچه به خاطر آن غذای خود را برای به دست آوردن آب جهت غسل کردن بفروشی و گرسنه بمانی؛ زیرا هیچ عمل مستحبّی برتر از غسل روز جمعه نیست.\nو از امام صادق(علیه\u200Cالسلام) روایت شده: هرکه در روز جمعه غسل کند و این دعا را بخواند:",
        "2": "برای او تا جمعه آینده حالت پاکی و طهارت پیدا شود؛ یعنی: از گناهان پاک می\u200Cگردد یا آنکه اعمال او با طهارت معنوی انجام می\u200Cگیرد و مورد پذیرش خداوند واقع می\u200Cشود؛\nو به احتیاط نزدیک\u200Cتر آن است که تا جایی که ممکن است، غسل جمعه را ترک نکنند؛ باید دانست وقت غسل جمعه پس از طلوع سپیده\u200Cدم تا زمان ظهر است و هرچه نزدیک\u200Cتر به ظهر انجام شود، بهتر است."
    }}
}