{
    "60": {
        "number": 60,
        "bab": 1,
        "title": "شستن سر با گل ختمی در روز جمعه ",
        "arabic": {
            "1": "",
            "2": ""

        },
        "farsi": {
            "1": "",
            "2": ""
        },
        "tozih": {
        "1": "[از جمله اعمال روز جمعه این است که] سر را با گل ختمی بشوید؛ زیرا که این کار از بیماری پیسی و دیوانگی ایمنی می\u200Cبخشد.",
        "2": ""
    }}
}