{
    "61": {
        "number": 61,
        "bab": 1,
        "title": "آداب و ثواب گرفتن ناخن و موی پشت لب (نوک سبیل) در روز جمعه ",
        "arabic": {
            "1": "بِسْمِ اللّٰهِ وَبِاللّٰهِ وَعَلَىٰ سُنَّةِ مُحَمَّدٍ وَآلِ مُحَمَّدٍ.\n",
            "2": ""

        },
        "farsi": {
            "1": "به نام خدا و به یاد خدا و بر روش محمّد و خاندان محمّد.\n",
            "2": ""
        },
        "tozih": {
        "1": "[از جمله اعمال روز جمعه این است که] ناخن و موی پشت لبش را بچیند زیرا ثواب بسیار دارد و روزی را افزون می\u200Cکند و او را از گناه تا جمعه دیگر دور می\u200Cسازد و از بیماری دیوانگی و جذام و پیسی ایمنی می\u200Cدهد و بهتر است در وقت چیدن ناخن و زدودن موی پشت لب بخواند:\n",
        "2": "و درگرفتن ناخن، از انگشت کوچک دست چپ شروع و به انگشت کوچک دست راست پایان دهد و این شیوه را در گرفتن ناخن\u200Cهای پای خود نیز رعایت کند؛ پس\u200Cازآن ناخن\u200Cهای چیده را دفن کند.\n"
    }
}}