{
    "63": {
        "number": 63,
        "bab": 1,
        "title": "رسیدگی به خانواده در روز جمعه ",
        "arabic": {
            "1": "",
            "2": ""

        },
        "farsi": {
            "1": "",
            "2": ""
        },
        "tozih": {
        "1": "[از جمله اعمال روز جمعه این است که] برای خانواده\u200Cی خود خوردنی\u200Cهای خوب و تازه از قبیل میوه و گوشت تهیه کند تا به آمدن جمعه شاد شوند.\n",
        "2": ""
    }}
}