{
    "64": {
        "number": 64,
        "bab": 1,
        "title": "اهمیت خوردن انار قبل از صبحانه روز جمعه ",
        "arabic": {
            "1": "",
            "2": ""

        },
        "farsi": {
            "1": "",
            "2": ""
        },
        "tozih": {
        "1": "[از جمله اعمال روز جمعه این است که] پیش از خوردن صبحانه انار و پیش از ظهر هفت برگ کاسنی بخورد.\nاز امام موسی بن جعفر(علیه\u200Cالسلام) روایت شده: هرکه در روز جمعه وقتی\u200Cکه ناشتاست یک انار بخورد تا چهل روز دل او را نورانی گرداند؛ و اگر دو انار بخورد تا هشتاد روز و اگر سه انار تا صدوبیست روز، وسوسه شیطان را از او دور کند؛ و هرکس وسوسه شیطان از او دور شود نافرمانی خدا نکند و هرکه نافرمانی خدا نکند وارد بهشت شود.\nشیخ طوسی در کتاب «مصباح» فرموده: در مورد خوردن انار در روز و شب جمعه فضیلت بسیار روایت شده.",
        "2": ""
    }}
}