{
    "66": {
        "number": 66,
        "bab": 1,
        "title": "صلوات، محبوب ترین عبادت در روز جمعه ",
        "arabic": {
            "1": "اَستَغفِرُاللّهَ رَبِّي وَ اَتُوبُ اِلَيهِ.\n",
            "2": "اَللّهُمَّ اجْعَلْ صَلاتَكَ، وَ صَلاةَ مَلائِكَتِكَ وَ رُسُلِكَ، عَلَى مُحَمَّدٍ وَ آلِ مُحَمَّدٍ.\n",
            "3": "اَللّهُمَّ صَلِّ عَلَى مُحَمَّدٍ وَ آلِ مُحَمَّدٍ، وَ عَجِّلْ فَرَجَهُمْ.\n",
            "4": "اَللّهُمَّ صَلِّ عَلَى مُحَمَّدٍ وَ آلِ مُحَمَّدٍ وَ عَجِّلْ فَرَجَهُمْ.\n",
            "5": "صَلَوَاتُ اللّهِ وَ مَلائِكَتِهِ، وَ أَنْبِيَائِهِ وَ رُسُلِهِ، وَ جَمِيعِ خَلْقِهِ، عَلَى مُحَمَّدٍ وَ آلِ مُحَمَّدٍ، وَ السَّلامُ عَلَيْهِ وَ عَلَيْهِمْ، وَ عَلَى أَرْوَاحِهِمْ وَ أَجْسَادِهِمْ، وَ رَحْمَةُ اللَّهِ وَ بَرَكَاتُهُ.\n",
            "6": "اَللّهُمَّ صَلِّ عَلَى مُحَمَّدٍ وَ آلِ مُحَمَّدٍ، الْأَوْصِيَاءِ الْمَرْضِيِّينَ، بِأَفْضَلِ صَلَوَاتِكَ، وَ بَارِكْ عَلَيْهِمْ بِأَفْضَلِ بَرَكَاتِكَ، وَ السَّلامُ عَلَيْهِمْ وَ عَلَى أَرْوَاحِهِمْ وَ أَجْسَادِهِمْ وَ رَحْمَةُ اللّهِ وَ بَرَكَاتُهُ.\n",
            "7": "اَللّهُمَّ صَلِّ عَلَى مُحَمَّدٍ وَ آلِ مُحَمَّدٍ، الْأَوْصِيَاءِ الْمَرْضِيِّينَ، بِأَفْضَلِ صَلَوَاتِكَ، وَ بَارِكْ عَلَيْهِمْ بِأَفْضَلِ بَرَكَاتِكَ، وَ السَّلامُ عَلَيْهِ وَ عَلَيْهِمْ وَ رَحْمَةُ اللَّهِ وَ بَرَكَاتُهُ.\n",
            "8": "",
            "9": "",
            "10": "",
            "11": "",
            "12": ""
        },
        "farsi": {
            "1": "از خدا، پروردگارم آمرزش می\u200Cجویم و به\u200Cسوی او مى\u200Cپویم.\n",
            "2": "خدایا! رحمت بی\u200Cکرانت و درود فرشتگان و فرستادگانت را بر محمّد و خاندان محمّد قرار ده.\n",
            "3": "خدای بر محمّد و خاندان محمّد درود فرست و در گشایش کارشان شتاب کن.\n",
            "4": "خدایا! بر محمّد و خاندانش رحمت فرست و در گشایش کارشان شتاب کن.\n",
            "5": "درود خدا و فرشتگان و پیامبران و همه\u200Cی آفریده\u200Cهایش بر محمّد و خاندان محمّد و سلام بر او و بر ایشان و بر روان\u200Cها و تن\u200Cهایشان و رحمت خدا و برکاتش بر آنان باد.\n",
            "6": "خدایا! درود فرست بر محمّد و خاندان محمّد، آن جانشینان پسندیده او، برترین درودهایت را و از بهترین برکاتت به آنان ارزانی دار و سلام بر ایشان و بر جان\u200Cها و بدن\u200Cهایشان و رحمت و برکات خدا بر آنان باد.\n",
            "7": "خدایا! درود فرست بر محمّد و خاندان محمّد که جانشینان پسندیده اویند، بهترین درودهایت را و بهترین برکاتت را بر آنان ارزانی دار و سلام و رحمت و برکات خدا بر او و بر ایشان باد.\n",
            "8": "",
            "9": "",
            "10": "",
            "11": "",
            "12": ""
        },
        "tozih": {
        "1": "[از جمله اعمال روز جمعه این است که] «هزار مرتبه» صلوات فرستد.\nاز امام باقر(علیه\u200Cالسلام) روایت است: هیچ عبادتی در روز جمعه نزد من محبوب\u200Cتر از صلوات بر محمّد و آل مطهّر او (صَلَّی اللهُ عَلَیهِم اَجمَعین) نیست.\nنویسنده گوید: اگر برای «هزار مرتبه» صلوات فرصت نکرد، دست\u200Cکم «صد مرتبه» را ترک نکند تا در روز قیامت چهره\u200Cاش نورانی گردد؛\nو روایت شده: هرکس روز جمعه «صد مرتبه» صلوات فرستد و «صد مرتبه» بگوید:",
        "2": "و «صد مرتبه» سوره «توحید» را بخواند، آمرزیده خواهد شد.\nو نیز روایت شده: که ثواب صلوات بر محمّد و آل محمّد، بین نماز ظهر و عصر برابر با ثواب هفتاد حج است.\nشیخ طوسی از امام صادق(علیه\u200Cالسلام) روایت نموده است: هر که پس از نماز صبح یا پس از نماز ظهر بگوید:",
        "3": "تا یک سال بر او گناهى نوشته نشود.\nو نیز فرموده: هر که بعد از نماز صبح و نماز ظهر بگوید:",
        "4": "نمیرد تا حضرت قائم (عج) را درک کند.\nنویسنده گوید: اگر دعای پیشین را پس از فریضه ظهر جمعه بخواند تا جمعه دیگر از بلاها در امان باشد؛\nو نیز روایت شده است: هر که بین دو نماز روز جمعه، بر محمّد و آل محمّد صلوات فرستد، پاداش آن برابر پاداش هفتاد رکعت نماز خواهد بود.\nروایت شده است: که بهترین زمان برای فرستادن صلوات در روز جمعه، پس از عصر است؛ بنابراین در آن وقت «صد مرتبه» بگو:",
        "5": "شیخ طوسى فرموده است: روایت شده: مستحب است «صد مرتبه» بگویى:\n",
        "6": "شیخ بزرگوار، ابن ادریس در کتاب «سرائر» از جامع «بزنطی» نقل کرده است: که ابو بصیر گفت: از امام صادق(علیه\u200Cالسلام) شنیدم می\u200Cفرمود: صلوات بر محمّد و آل\u200Cمحمّد در بین ظهر و عصر، برابر با هفتاد رکعت نماز است و کسی که پس از عصر روز جمعه بگوید:\n",
        "7": "راى او همانند پاداش عمل پریان و آدمیان در آن روز خواهد بود.\nنویسنده گوید: این صلوات ارزنده در نوشته\u200Cهای بزرگان حدیث با سندهای بسیار معتبر، با فضیلت\u200Cهای فراوان روایت شده؛ و چنانچه «ده بار» و «هفت بار» خوانده شود بهتر است، زیرا از امام صادق(علیه\u200Cالسلام) روایت شده:\nهرکه پس از نماز عصر روز جمعه، پیش از آنکه از جای خویش برخیزد، این صلوات را «ده بار» بخواند، فرشتگان از این جمعه تا جمعه آینده در همین ساعت بر او صلوات می\u200Cفرستند و نیز از آن حضرت روایت شده: هنگامی\u200Cکه نماز عصر روز جمعه را خواندی «هفت بار» این صلوات را بخوان.\nو شیخ کلینى در کتاب «کافى» روایت کرده: وقتی\u200Cکه در روز جمعه نماز خود را خواندى بگو:",
        "8": "به یقین هر که این صلوات را، پس از نماز عصر بخواند حق\u200Cتعالی برای او صد هزار کار نیک ثبت کند و از او صد هزار گناه را پاک نماید و صد هزار حاجتش را روا کند و صد هزار بار مقامش را در بهشت بلند گرداند؛\nو نیز شیخ کلینی فرموده: روایت شده: هر که این صلوات را «هفت بار» بخواند برای او به تعداد بندگان کار نیک ثبت کنند و عملش در آن روز مورد پذیرش قرار گیرد و در روز قیامت حاضر می\u200Cشود در حالی که بین دو چشم او نور پرفروغی می\u200Cدرخشد؛\nو «صلواتی» در «اعمال روز عرفه» خواهد آمد که هرکس آن را بخواند حضرت محمّد(صلی\u200Cالله\u200Cعلیه\u200Cوآله) و آل\u200Cمحمّد را خشنود سازد.\n",
        "9": "",
        "10": "",
        "11": "",
        "12": ""

    }}
}