{
    "7": {
        "number": 7,
        "bab": 1,
        "title": "دعای بعد از تسبیحات حضرت زهرا",
        "arabic": {
            "1": "اللّٰهُمَّ أَنْتَ السَّلَامُ، وَمِنْكَ السَّلَامُ، وَلَكَ السَّلَامُ، وَ إِلَيْكَ يَعُودُ السَّلَامُ، سُبْحَانَ رَبِّكَ رَبِّ الْعِزَّةِ عَمَّا يَصِفُونَ، وَسَلَامٌ عَلَى الْمُرْسَلِينَ، وَالْحَمْدُ لِلّٰهِ رَبِّ الْعَالَمِينَ . السَّلَامُ عَلَيْكَ أَيُّهَا النَّبِىُّ وَرَحْمَةُ اللّٰهِ وَبَرَكاتُهُ، السَّلامُ عَلَى الْأَئِمَّةِ الْهَادِينَ الْمَهْدِيِّينَ، السَّلَامُ عَلىٰ جَمِيعِ أَنْبِياءِ اللّٰهِ وَرُسُلِهِ وَمَلَائِكَتِهِ، السَّلامُ عَلَيْنا وَعَلَىٰ عِبادِ اللّٰهِ الصَّالِحِينَ؛\n",
            "2": "السَّلامُ عَلَىٰ عَلِيٍّ أَمِيرِ الْمُؤْمِنِينَ، السَّلامُ عَلَى الْحَسَنِ وَالْحُسَيْنِ سَيِّدَيْ شَبَابِ أَهْلِ الْجَنَّةِ أَجْمَعِينَ، السَّلَامُ عَلَىٰ عَلِيِّ بْنِ الْحُسَيْنِ زَيْنِ الْعَابِدِينَ، السَّلامُ عَلىٰ مُحَمَّدِ بْنِ عَلِيٍّ باقِرِ عِلْمِ النَّبِيِّينَ، السَّلامُ عَلَىٰ جَعْفَرِ بْنِ مُحَمَّدٍ الصَّادِقِ، السَّلامُ عَلَىٰ مُوسَى بْنِ جَعْفَرٍ الْكَاظِمِ، السَّلامُ عَلىٰ عَلِيِّ بْنِ مُوسَى الرِّضَا، السَّلامُ عَلىٰ مُحَمَّدِ بْنِ عَلِيٍّ الْجَوادِ، السَّلامُ عَلىٰ عَلِيِّ بْنِ مُحَمَّدٍ الْهادِي، السَّلامُ عَلَى الْحَسَنِ بْنِ عَلِيٍّ الزَّكِيِّ الْعَسْكَرِيِّ، السَّلامُ عَلَى الْحُجَّةِ بْنِ الْحَسَنِ الْقائِمِ الْمَهْدِيِّ، صَلَواتُ اللّٰهِ عَلَيْهِمْ أَجْمَعِينَ.\n"

        },
        "farsi": {
            "1": "خدایا! تویی خدای سلامت [بی\u200Cعیب] و تندرستی تنها از تو سرچشمه می\u200Cگیرد و تنها ویژه توست و به\u200Cسوی تو بازمی\u200Cگردد، منزه است پروردگارت، پروردگار دارنده توانمندی، از صفاتی که مشرکان او را به ان وصف می\u200Cکنند و سلام بر فرستادگان او، ستایش وِیژه خداست پروردگار جهانیان، سلام و برکات خدا بر تو ای پیامبر، سلام بر امامان هدایت\u200Cگر، هدایت یافته، درود و سلام بر همه پیامبران خدا و فرستادگان و فرشتگانش، سلام بر ما و بر بندگان شایسته خدا؛\n",
            "2": "سلام بر علی(علیه\u200Cالسلام) امیر اهل ایمان، سلام بر حسن و حسین دو سرور همه جوانان اهل بهشت، سلام بر علی بن حسین زینت\u200Cبخش عابدان، سلام بر محمد بن علی شکافنده\u200Cی دانش انبیاء، سلام بر جعفر بن محمّد آن امام راست\u200Cگو، سلام بر موسی بن جعفر آن امام فروخورنده خشم، سلام بر علی بن موسی آن امام قانع و خشنود، سلام بر محمد بن علی آن امام بخشنده، سلام بر علی بن محمد آن امام هدایتگر، سلام بر حسن بن علی آن پاکیزه\u200Cی دارنده\u200Cی ارتش ملکوتی، سلام بر حجت بن الحسن آن امام قیام\u200Cکننده\u200Cی هدایت\u200Cشده، درود و سلام خدا بر همه آنان باد.\n"

        },
        "tozih": {
            "1": "از ابن\u200Cبابویه روایت شده است: که فرمود: چون از تسبیح حضرت فاطمه(سلام\u200Cالله\u200Cعلیها) فارغ شدی بگو:\n",
            "2": "آنگاه هر حاجت که دارى از خدا بخواه.\n"

        }
    }
}