{
    "72": {
        "number": 72,
        "bab": 1,
        "title": "نماز امیرالمومنین حضرت علی(ع) ",
        "arabic": {
            "1": "سُبْحَانَ مَنْ لَاتَبِيدُ مَعالِمُهُ، سُبْحانَ مَنْ لَاتَنْقُصُ خَزائِنُهُ، سُبْحَانَ مَنْ لَا اضْمِحْلالَ لِفَخْرِهِ، سُبْحانَ مَنْ لَايَنْفَدُ مَا عِنْدَهُ، سُبْحَانَ مَنْ لَاانْقِطَاعَ لِمُدَّتِهِ، سُبْحَانَ مَنْ لَايُشَارِكُ أَحَداً فِى أَمْرِهِ، سُبْحانَ مَنْ لَا إِلٰهَ غَيْرُهُ.\n",
            "2": "يَا مَنْ عَفَا عَنِ السَّيِّئاتِ وَلَمْ يُجازِ بِهَا ارْحَمْ عَبْدَكَ يَا اللّٰهُ، نَفْسِى نَفْسِى أَنَا عَبْدُكَ يَا سَيِّدَاهُ، أَنَا عَبْدُكَ بَيْنَ يَدَيْكَ أَيَا رَبَّاهُ، إِلٰهِى بِكَيْنُونَتِكَ يَا أَمَلَاهُ، يَا رَحْمَانَاهُ يَا غِيَاثَاهُ، عَبْدُكَ عَبْدُكَ لَاحِيلَةَ لَهُ يَا مُنْتَهىٰ رَغْبَتَاهُ، يَا مُجْرِىَ الدَّمِ فِى عُرُوقِى، يَا سَيِّدَاهُ يَا مَالِكَاهُ، أَيَا هُوَ أَيَا هُوَ، يَا رَبَّاهُ، عَبْدُكَ عَبْدُكَ لَا حِيلَةَ لِى وَلَا غِنىٰ بِى عَنْ نَفْسِى، وَلَا أَسْتَطِيعُ لَهَا ضَرّاً وَلَا نَفْعاً، وَلَا أَجِدُ مَنْ أُصَانِعُهُ، تَقَطَّعَتْ أَسْبَابُ الْخَدَائِعِ عَنِّى، وَ اضْمَحَلَّ كُلُّ مَظْنُونٍ عَنِّى، أَفْرَدَنِى الدَّهْرُ إِلَيْكَ فَقُمْتُ بَيْنَ يَدَيْكَ هٰذَا الْمَقامَ، يَا إِلٰهِى بِعِلْمِكَ كانَ هٰذَا كُلُّهُ فَكَيْفَ أَنْتَ صَانِعٌ بِى؟ وَلَيْتَ شِعْرِى كَيْفَ تَقُولُ لِدُعَائِى؟ أَتَقُولُ نَعَمْ أَمْ تَقُولُ لَا؟\n",
            "3": "فَإنْ قُلْتَ: لَا، فَيَا وَيْلِى يَا وَيْلِى يَا وَيْلِى، يَا عَوْلِى يَا عَوْلِى يَا عَوْلِى، يَا شِقْوَتِى يَا شِقْوَتِى يَا شِقْوَتِى، يَا ذُلِّى يَا ذُلِّى يَا ذُلِّى، إِلَىٰ مَنْ ؟ وَمِمَّنْ ؟ أَوْ عِنْدَ مَنْ ؟ أَوْ كَيْفَ ؟ أَوْ مَاذَا ؟ أَوْ إِلىٰ أَيِّ شَىْءٍ أَلْجَأُ ؟ وَمَنْ أَرْجُو ؟ وَمَنْ يَجُودُ عَلَىَّ بِفَضْلِهِ حِينَ تَرْفُضُنِى يَا وَاسِعَ الْمَغْفِرَةِ ؟ وَ إِنْ قُلْتَ نَعَمْ، كَمَا هُوَ الظَّنُّ بِكَ، وَالرَّجَاءُ لَكَ، فَطُوبَىٰ لِى أَنَا السَّعِيدُ وَ أَنَا الْمَسْعُودُ، فَطُوبَىٰ لِى وَأَنَا الْمَرْحُومُ؛\n",
            "4": "يَا مُتَرَحِّمُ يَا مُتَرَئِّفُ يَا مُتَعَطِّفُ يَا مُتَجَبِّرُ يَا مُتَمَلِّكُ يَا مُقْسِطُ، لَا عَمَلَ لِى أَبْلُغُ بِهِ نَجَاحَ حَاجَتِى، أَسْأَلُكَ بِاسْمِكَ الَّذِى جَعَلْتَهُ فِى مَكْنُونِ غَيْبِكَ وَاسْتَقَرَّ عِنْدَكَ فَلَا يَخْرُجُ مِنْكَ إِلَىٰ شَىْءٍ سِوَاكَ، أَسْأَلُكَ بِهِ وَبِكَ وَبِهِ فَإنَّهُ أَجَلُّ وَأَشْرَفُ أَسْمائِكَ، لَاشَىْءَ لِى غَيْرُ هٰذَا وَلَا أَحَدَ أَعْوَدُ عَلَىَّ مِنْكَ، يَا كَيْنُونُ يَا مُكَوِّنُ، يَا مَنْ عَرَّفَنِى نَفْسَهُ، يَا مَنْ أَمَرَنِى بِطَاعَتِهِ، يَا مَنْ نَهَانِى عَنْ مَعْصِيَتِهِ، وَ يَا مَدْعُوُّ يَا مَسْؤُولُ، يَا مَطْلُوباً إِلَيْهِ رَفَضْتُ وَصِيَّتَكَ الَّتِى أَوْصَيْتَنِى وَلَمْ أُطِعْكَ، وَلَوْ أَطَعْتُكَ فِيَما أَمَرْتَنِى لَكَفَيْتَنِى مَا قُمْتُ إِلَيْكَ فِيهِ، وَأَنَا مَعَ مَعْصِيَتِى لَكَ راجٍ فَلَاٰ تَحُلْ بَيْنِى وَبَيْنَ مَا رَجَوْتُ؛\n",
            "5": "يَا مُتَرَحِّماً لِى أَعِذْنِى مِنْ بَيْنِ يَدَىَّ وَمِنْ خَلْفِى وَمِنْ فَوْقِى وَمِنْ تَحْتِى، وَمِنْ كُلِّ جِهَاتِ الْإِحَاطَةِ بِى . اللّٰهُمَّ بِمُحَمَّدٍ سَيِّدِى، وَبِعَلِيٍّ وَ لِيِّى، وَبِالْأَئِمَّةِ الرَّاشِدِينَ عَلَيْهِمُ السَّلامُ اجْعَلْ عَلَيْنا صَلَواتِكَ وَرَأْفَتَكَ وَرَحْمَتَكَ، وَأَوْسِعْ عَلَيْنَا مِنْ رِزْقِكَ، وَاقْضِ عَنَّا الدَّيْنَ وَجَمِيعَ حَوَائِجِنا يَا اللّٰهُ يَا اللّٰهُ يَا اللّٰهُ، إِنَّكَ عَلَىٰ كُلِّ شَىْءٍ قَدِيرٌ.\n",
            "6": "اللّٰهُمَّ صَلِّ عَلَى النَّبِيِّ الْعَرَبِيِّ وَآلِهِ.\n",
            "7": "",
            "8": "",
            "9": "",
            "10": "",
            "11": "",
            "12": ""
        },
        "farsi": {
            "1": "پاک و منزّه است آن\u200Cکه نشانه\u200Cهای وجودش نابود نشود، پاک و منزّه است آن\u200Cکه از خزانه\u200Cهایش کاسته نگردد، پاک و منزّه است آن\u200Cکه فخرش را فروپاشی نباشد، پاک و منزّه است آن\u200Cکه آنچه نزد اوست پایان نیابد، پاک و منزّه است آن\u200Cکه دورانش به سر نرسد، پاک و منزّه است آن\u200Cکه هیچ\u200Cکس را در کارش شرکت ندهد، پاک و منزّه است آن\u200Cکه شایسته پرستشی جز او نیست.\n",
            "2": "ای آن\u200Cکه از بدی\u200Cها گذشت می\u200Cکنی و به آن\u200Cها کیفر نکنی! ای خدا! بر بنده\u200Cات رحمت آر، وجود مرا دریاب، ای سرور من، من بنده تو هستم، بنده\u200Cای ایستاده در پیشگاه تو، پروردگارا! خدایا به هستی\u200Cات سوگند، ای آرمان من، ای بخشاینده، ای فریادرس، دریاب بنده\u200Cات را! دریاب بنده\u200Cات را! بنده\u200Cات را چاره\u200Cای نیست، ای نهایت آرزو، ای روان کننده خون در رگ\u200Cهایم! ای سرور من! ای مالک من، ای او! ای او! پروردگارا! بنده\u200Cات را دریاب، بنده\u200Cات را دریاب، چاره\u200Cای ندارم، از پیش خود هیچ ندارم (که عین نیازم) قدرت بر سود و زیان خویش را ندارم، کسی را برای یاری نمی\u200Cیابم، چاره\u200Cجویی\u200Cها از من جدا گشته و هر گمان چاره\u200Cای نابود گشته است، روزگار مرا تنها به\u200Cسوی تو روانه ساخته، ازاین\u200Cرو در اینجا در برابر بارگاهت ایستاده\u200Cام، همه\u200Cی این\u200Cها خدایا! با آگاهی تو بوده است، پس چگونه با من رفتار خواهی کرد؟ ای کاش! می\u200Cدانستم پاسخ خواهشم را چگونه خواهی داد؟ آیا خواهی گفت: آری یا می\u200Cگویی نه؟\n",
            "3": "اگر بگویی: نه؛ پس وای بر من! وای بر من! وای بر من! وای از درماندگی\u200Cام! وای از درماندگی\u200Cام! وای از درماندگی\u200Cام! وای از بیچارگی\u200Cام! از بیچارگی\u200Cام! از بیچارگی\u200Cام! وای از خواری\u200Cام! از خواری\u200Cام! از خواری\u200Cام! آنگاه که تو مرا رها کنی؟ به\u200Cسوی که و از طرف که یا نزد که یا چگونه، یا چه چیز یا به\u200Cسوی چه چیزی پناه برم و به چه کسی امید بندم؟ و کیست که با احسان خود با گشاده دستی به من ببخشد؟ ای آن\u200Cکه آمرزشت فراگیر است و اگر بگویی: آری که همان از تو گمان دارم و امید به تو چنین است، پس خوشا به حال من که خوشبختم! و کامروا شده\u200Cام، پس خوشا به حال من که مورد رحمت قرار گرفتم!\n",
            "4": "ای خدای مهربان! ای خدای بنده\u200Cپرور! ای خدای با مهر و عاطفه! ای خدای جبران کننده! ای آن\u200Cکه هستی به دست توست! ای دادگر! مرا کرداری که با مدد آن به برآمدن حاجتم نائل آیم نیست، از تو می\u200Cخواهم به\u200Cحق آن نامت که در پس پرده غیب خود پنهان داشتی و نزد خویش نهادی، پس برای هیچ موجودی جز تو پدیدار نشود؛ به\u200Cحق آن نام و به\u200Cحق هستی نابت و به آنکه برترین و شریف\u200Cترین نام\u200Cهای تو است از تو درخواست می\u200Cکنم مرا چیزی جز این نیست و کسی خیرخواه\u200Cتر از تو به من نیست، ای به خود هستی! ای هستی\u200Cبخش! ای آن\u200Cکه خویش را بشناساند! ای آن\u200Cکه به اطاعتش فرمانم داد، ای آن\u200Cکه مرا از نافرمانی\u200Cاش بازداشت، ای خوانده شده! ای خواسته شده! ای مطلوب! سفارشی که به من کرده بودی وانهادم و فرمانت را نخواندم و اگر تو را در آنچه فرمانم دادی اطاعت می\u200Cکردم هرآینه مرا در آنچه برایش به سویت برخاستم مرا بس بود و من با نافرمانیم، به تو امیدوارم، پس بین من و آنچه به آن امیدوارم جدایی مینداز؛\n",
            "5": "ای مهرورز بر من، از پیش روی و از پشت سر و از بالای سر و از زیر پایم و از همه جهات محیط بر من، پناهم ده. خدایا! به\u200Cحق محمّد(صلى\u200Cاللّه\u200Cعلیه\u200Cو\u200Cآله) و سرور من و به\u200Cحق علی(علیه\u200Cالسلام) مولای من و به\u200Cحق امامان هدایت یافته (که بر ایشان درود باد) لطف و مهر و رحمتت را بر ما بگستر و از روزی خود بر ما فراوان ده و وام ما را بپرداز و همه\u200Cی حاجت\u200Cهای ما را برآور، ای خدا! ای خدا! ای خدا! زیرا تو بر هر کاری توانایی.\n",
            "6": "خدایا! بر پیامبر عرب\u200Cزبان و خانواده او درود فرست.\n",
            "7": "",
            "8": "",
            "9": "",
            "10": "",
            "11": "",
            "12": ""
        },
        "tozih": {
            "1": "از جمله\u200Cی آن نمازها [نمازهای روز جمعه] نماز امیرالمؤمنین (علیه\u200Cالسلام) است.\nشیخ و سید از امام صادق(علیه\u200Cالسلام) روایت کرده\u200Cاند: هرکه از شما نماز امیرالمؤمنین(علیه\u200Cالسلام) را بخواند، از گناهان پاک شود مانند روزی که از مادر زاده شده و حاجاتش در پیشگاه حق برآورده شود.\nاین نماز چهار رکعت است: در هر رکعت یک\u200Cبار سوره «حمد» و پنجاه بار «قُلْ هُوَ اللّٰهُ أَحَدٌ» خوانده شود و چون از نماز فارغ شود این دعا را بخواند که تسبیح آن حضرت است:",
            "2": "پس\u200Cازاین تسبیح، دعا کند و بگوید:\n",
            "3": "",
            "4": "",
            "5": "",
            "6": "پس\u200Cازآن، حضرت فرمود: هرکه این نماز را بجا آورد و این دعا را بخواند، چون از آن فارغ شود، بین او و خداوند گناهی نماند جز آنکه آمرزیده شود.\nنویسنده گوید: احادیث بسیاری در فضیلت خواندن این چهار رکعت نماز، در شب و روز جمعه وارد شده است و اگر پس از نماز بگوید:",
            "7": "",
            "8": "در حدیث آمده است: که گناهان گذشته و آینده او آمرزیده شود و مانند کسی شود که «دوازده مرتبه» قرآن را ختم کرده باشد و حق\u200Cتعالی گرسنگی و تشنگی قیامت را از او بردارد...\n",
            "9": "",
            "10": "",
            "11": "",
            "12": ""
        }
    }
}