{
    "77": {
        "number": 77,
        "bab": 1,
        "title": "نماز امام سجاد، حضرت زین‌العابدین(ع)",
        "arabic": {
            "1": "يَا مَنْ أَظْهَر الْجَمِيلَ، وَسَتَرَ الْقَبِيحَ، يَا مَنْ لَمْ يُؤْاخِذْ بِالْجَرِيرَةِ، وَلَمْ يَهْتِكِ السِّتْرَ، يَا عَظِيمَ الْعَفْوِ، يَا حَسَنَ التَّجَاوُزِ، يَا وَاسِعَ الْمَغْفِرَةِ، يَا بَاسِطَ الْيَدَيْنِ بِالرَّحْمَةِ، يَا صَاحِبَ كُلِّ نَجْوَىٰ، يَا مُنْتَهَىٰ كُلِّ شَكْوَىٰ، يَا كَرِيمَ الصَّفْحِ، يَا عَظِيمَ الرَّجَاءِ، يَا مُبْتَدِئاً بِالنِّعَمِ قَبْلَ اسْتِحْقاقِها، يَا رَبَّنا وَسَيِّدَنا وَمَوْلَانا، يَا غَايَةَ رَغْبَتِنا، أَسْأَلُكَ اللّٰهُمَّ أَنْ تُصَلِّىَ عَلَىٰ مُحَمَّدٍ وَآلِ مُحَمَّدٍ.\n",
            "2": ""

        },
        "farsi": {
            "1": "ای آن\u200Cکه زیبایی را آشکار ساخت و زشتی را پوشاند، ای آن\u200Cکه بر جرم و گناه سرزنش نکرد و پرده حرمت بنده\u200Cاش را ندرید، ای که گذشتت بزرگ و بخششت نیکوست، ای که آمرزگاری\u200Cات دامن\u200Cگستر، ای که دستانت به مهر گشاده است، ای شنوای هر راز پنهان، ای سرانجام هر دادخواهی، ای درگذرنده بزرگوار، ای بزرگ سرچشمه\u200Cی امید، ای آغازگر نعمت\u200Cها پیش از آنکه بندگان سزاوار آن شوند، ای پروردگار و سرور و مولای ما، ای نهایت آرزوی ما، خدایا! از تو می\u200Cخواهم بر محمّد و خاندان محمّد درود فرستی.\n",
            "2": ""
        },
        "tozih": {
        "1": "[بنا بر نقل سید ابن طاووس در کتاب «جمال الاسبوع»] نماز آن حضرت چهار رکعت است که در هر رکعت «یک\u200Cبار» سوره «حَمد» و «صدبار» سوره «توحید» خوانده می\u200Cشود.\nدعاى آن حضرت:",
        "2": ""
    }}
}