{
    "79": {
        "number": 79,
        "bab": 1,
        "title": "نماز حضرت امام جعفر صادق(ع)",
        "arabic": {
            "1": "يَا صَانِعَ كُلِّ مَصْنُوعٍ، يَا جَابِرَ كُلِّ كَسِيرٍ، وَيَا حَاضِرَ كُلِّ مَلَاً، وَيَا شَاهِدَ كُلِّ نَجْوَىٰ، وَيَا عَالِمَ كُلِّ خَفِيَّةٍ، وَيَا شَاهِداً غَيْرَ غَائِبٍ، وَغالِباً غَيْرَ مَغْلُوبٍ، وَيَا قَرِيباً غَيْرَ بَعِيدٍ، وَيَا مُؤنِسَ كُلِّ وَحِيدٍ، وَيَا حَىُّ مُحْيِىَ الْمَوْتَىٰ، وَمُمِيتَ الْأَحْيَاءِ، الْقائِمَ\u200Cُ عَلىٰ كُلِّ نَفْسٍ بِمَا كَسَبَتْ، وَيَا حَيّاً حِينَ لَا حَىَّ، لَاإِلٰهَ إِلّا أَنْتَ صَلِّ عَلىٰ مُحَمَّدٍ وَآلِ مُحَمَّدٍ.\n",
            "2": ""

        },
        "farsi": {
            "1": "ای آفریننده\u200Cی هر آفریده، ای اصلاح\u200Cکنندۀ هر شکسته، ای حاضر در هر جا، ای شاهد هر راز، ای دانای هر نهان، ای هماره حاضر و ای پیروزمند بی\u200Cشکست، ای نزدیک دوری ناپذیر، ای همدم هر تنها، ای زنده حیات\u200Cبخش مردگان و میراننده\u200Cی زندگان، ای که پاداش هرکس را بر وفق کردارش بر پاداری و ای زنده آنگاه که زنده\u200Cای نباشد، شایسته پرستشی جز تو نیست، بر محمّد و خاندان محمّد درود فرست.\n",
            "2": ""
        },
        "tozih": {
        "1": "[بنا بر نقل سید ابن طاووس در کتاب «جمال الاسبوع»] نماز آن حضرت دو رکعت است که در هر رکعت «یک مرتبه» سوره «حمد» و «صد مرتبه» آیه شریفه «شَهِدَ اللَّهُ» [آیه 18 از سوره آل عمران] خوانده می\u200Cشود.\nدعاى آن حضرت:",
        "2": ""
    }}
}