{
    "81": {
        "number": 81,
        "bab": 1,
        "title": "نماز امام هشتم حضرت امام رضا(ع)",
        "arabic": {
            "1": "يَا صَاحِبِى فِى شِدَّتِى، وَيَا وَلِيِّى فِى نِعْمَتِى، وَيَا إِلٰهِى وَ إِلٰهَ إِبْراهِيمَ وَ إِسْمَاعِيلَ وَ إِسْحَاقَ وَيَعْقُوبَ، يَا رَبَّ كهٰيٰعص وَيس وَالْقُرْآنِ الْحَكِيمِ، أَسْأَلُكَ يَا أَحْسَنَ مَنْ سُئِلَ، وَيَا خَيْرَ مَنْ دُعِىَ، وَيَا أَجْوَدَ مَنْ أَعْطَىٰ، وَيَا خَيْرَ مُرْتَجَىٰ، أَسْأَلُكَ أَنْ تُصَلِّىَ عَلىٰ مُحَمَّدٍ وَآلِ مُحَمَّدٍ.\n",
            "2": ""

        },
        "farsi": {
            "1": "ای یار من در سختی\u200Cها و ای سرپرست من در نعمت\u200Cها و ای معبود من و معبود ابراهیم و اسماعیل و اسحاق و یعقوب، ای پروردگار «کهیعص» و «یس و القرآن الحکیم»، از تو درخواست می\u200Cکنم ای بهترین کسی که از او درخواست شود و ای نیکوترین کسی که خوانده شود و ای بخشنده\u200Cترین بخشندگان و ای بهترین مأوای امید بستگان از تو خواستارم که درود فرستی بر محمّد و خاندان محمّد.\n",
            "2": ""
        },
        "tozih": {
        "1": "[بنا بر نقل سید ابن طاووس در کتاب «جمال الاسبوع»] نماز آن بزرگوار شش رکعت است که در هر رکعت «یک مرتبه» سوره «حمد» و «ده مرتبه» سوره «هَلْ أَتىٰ عَلَى الْإِنْسٰانِ» [سوره 76 قرآن] خوانده می\u200Cشود.\nدعاى آن حضرت:",
        "2": ""
    }}
}