{
    "84": {
        "number": 84,
        "bab": 1,
        "title": "نماز حضرت امام حسن عسکری(ع)",
        "arabic": {
            "1": "اللّٰهُمَّ إِنِّى أَسْأَلُكَ بِأَنَّ لَكَ الْحَمْدَ لَاإِلٰهَ إِلّا أَنْتَ الْبَدِىءُ قَبْلَ كُلِّ شَىْءٍ، وَأَنْتَ الْحَىُّ الْقَيُّومُ، وَلَا إِلٰهَ إِلّا أَنْتَ الَّذِى لَايُذِلُّكَ شَىْءٌ، وَأَنْتَ كُلَّ يَوْمٍ فِى شَأْنٍ، لَاإِلٰهَ إِلّا أَنْتَ خالِقُ مَا يُرىٰ وَمَا لَايُرىٰ، الْعالِمُ بِكُلِّ شَىْءٍ بِغَيْرِ تَعْلِيمٍ، أَسْأَلُكَ بِآلآئِكَ وَنَعْمَائِكَ بِأَنَّكَ اللّٰهُ الرَّبُّ الْوَاحِدُ لَاإِلٰهَ إِلّا أَنْتَ الرَّحْمٰنُ الرَّحِيمُ، وَأَسْأَلُكَ بِأَنَّكَ أَنْتَ اللّٰهُ لَاإِلٰهَ إِلّا أَنْتَ الْوِتْرُ الْفَرْدُ، الْأَحَدُ الصَّمَدُ الَّذِى لَمْ يَلِدْ وَلَمْ يُولَدْ وَلَمْ يَكُنْ لَهُ كُفُواً أَحَدٌ؛\n",
            "2": "وَأَسْأَلُكَ بِأَنَّكَ اللّٰهُ لَاإِلٰهَ إِلّا أَنْتَ اللَّطِيفُ الْخَبِيرُ الْقَائِمُ عَلَىٰ كُلِّ نَفْسٍ بِمَا كَسَبَتْ الرَّقِيبُ الْحَفِيظُ، وَأَسْأَلُكَ بِأَنَّكَ اللّٰهُ الْأَوَّلُ قَبْلَ كُلِّ شَىْءٍ، وَالْآخِرُ بَعْدَ كُلِّ شَىْءٍ، وَالْبَاطِنُ دُونَ كُلِّ شَىْءٍ الضَّارُّ النَّافِعُ الْحَكِيمُ الْعَلِيمُ، وَأَسْأَلُكَ بِأَنَّكَ أَنْتَ اللّٰهُ لَاإِلٰهَ إِلّا أَنْتَ الْحَىُّ الْقَيُّومُ الْبَاعِثُ الْوَارِثُ الْحَنَّانُ الْمَنَّانُ بَدِيعُ السَّمَاوَاتِ وَالْأَرْضِ ذُو الْجَلَالِ وَالْإِكْرامِ وَذُو الطَّوْلِ وَ ذُو الْعِزَّةِ وَ ذُو السُّلْطانِ لَاإِلٰهَ إِلّا أَنْتَ أَحَطْتَ بِكُلِّ شَىْءٍ عِلْماً، وَأَحْصَيْتَ كُلَّ شَىْءٍ عَدَداً صَلِّ عَلىٰ مُحَمَّدٍ وَآلِ مُحَمَّدٍ.\n"

        },
        "farsi": {
            "1": "خدایا! از تو می\u200Cخواهم به\u200Cحق ستایشی که فقط ویژه توست، شایسته پرستشی جز تو نیست، تویی سرآغاز هر آنچه هست و تویی زنده، به خود پایدار و شایسته پرستشی جز تو نیست، چیزی خوارت نسازد و تو هر روز در کاری هستی، شایسته پرستشی جز تو نیست، آفریننده هر آنچه به دیده آید و هر آنچه نادیده باشد، دانای به هر چیز بی\u200Cآنکه آموخته باشی، از تو خواستارم به\u200Cحق عطایا و نعمت\u200Cهایت ای آن\u200Cکه تویی خدا و پروردگار جهانیان، یکتایی، شایسته پرستشی جز او نیست بخشایشگر مهربان و از تو می\u200Cخواهم به آنکه تویی خدایی که شایسته پرستشی جز تو نیست، یگانه یکتای بی\u200Cهمتای بی\u200Cنیازی که نه زاده است و نه زاده شده و برای او همتایی نیست؛\n",
            "2": "و از تو می\u200Cخواهم به خدایی\u200Cات که شایسته پرستشی جز تو نیست ای مهرورز دقیق\u200Cنگر و آگاه به آنچه همه زنده\u200Cها فراهم آورده\u200Cاند، ای آن\u200Cکه دیده\u200Cبان و نگاهداری و از تو درخواست می\u200Cکنم به خدایی\u200Cات که سرآغاز است پیش از آنکه چیزی باشد و سرانجام است پس از هر آنچه هست و ای ژرفای هر چه هست و ای زیان رسان، سودبخش و فرزانه\u200Cی دانا و از تو می\u200Cخواهم به خدایی\u200Cات که در پرستش یگانه\u200Cای، زنده و پاینده\u200Cای\u200C، ای برانگیزنده، میراث بر و ای مهرورز، بخشنده نعمت\u200Cها، ای پدیدآورنده\u200Cی آسمان\u200Cها و زمین، صاحب عظمت و رأفت و محبت و ای بخشایشگر عزتمند و دارای سلطنت پایدار، شایسته پرستشی جز تو نیست که دانشت همه چیز را فراگرفته و شماره\u200Cی هر چه را که هست می\u200Cدانی، بر محمّد و خاندان محمّد درود فرست.\n"
        },
        "tozih": {
        "1": "[بنا بر نقل سید ابن طاووس در کتاب «جمال الاسبوع»] نماز آن وجود مبارک چهار رکعت است که در رکعت اوّل پس از سوره «حمد» «پانزده بار» سوره «زلزال» و در رکعت دوّم بعد از «حمد» «پانزده بار» سوره «توحید» خوانده می\u200Cشود.\nدعاى آن حضرت:",
        "2": ""
    }}
}