{
    "96": {
        "number": 96,
        "bab": 1,
        "title": "حرز امام جواد، حضرت امام محمدتقی(ع)",
        "arabic": {
            "1": " يَا نُورُ يَا بُرْهانُ ، يَا مُبِينُ يَا مُنِيرُ ، يَا رَبِّ اكْفِنِي الشُّرُورَ وَآفاتِ الدُّهُورِ ، وَأَسْأَلُكَ النَّجاةَ يَوْمَ يُنْفَخُ فِي الصُّورِ. "
        },
        "farsi": {
            "1": " ای نور، ای برهان، ای روشنگر، ای روشنی بخش، ای پروردگارم، شُرور و آفات روزگاران را از من کفایت کن و از تو می‌خواهم نجات روزی را که در صور دمیده می‌شود."
        },
        "tozih": {
            "1": "معروف ترین حرز برای دفع بلایای زمینی و آسمانی حرز امام جواد (ع) است که توصیه فراوانی برای به همراه داشتن این حرز در همه حالات شده است. این حرز شما را از بلایا حفظ می کند و خواص فراوانی دارد."
        }
    }
}