{
    "98": {
        "number": 98,
        "bab": 1,
        "title": "مقدمه",
        "arabic": {
            "1": "",
            "2": "",
            "3": "",
            "4": "",
            "5": "",
            "6": "",
            "7": "",
            "8": "",
            "9": "",
            "10": "",
            "11": "",
            "12": "",
            "13": "",
            "14": "",
            "15": "",
            "16": "",
            "17": ""
        },
        "farsi": {
            "1": "",
            "2": "",
            "3": "",
            "4": "",
            "5": "",
            "6": "",
            "7": "",
            "8": "",
            "9": "",
            "10": "",
            "11": "",
            "12": "",
            "13": "",
            "14": "",
            "15": "",
            "16": "",
            "17": ""
        },
        "tozih": {
            "1": "سید ابن طاووس (ره) در کتاب «جمال الاسبوع» فرموده است: ابن بابویه با ذکر سند از صَقر بن ابی دُلَف روایت کرده: زمانی که متوکل عباسی حضرت امام هادی(علیه‌السلام) را به شهر [سامرای کنونی] آورد و نزد دربان خود (زراقی) حبس کرد، روزی برای خبر گرفتن از احوال آن حضرت نزد زراقی رفتم.",
            "2": " گفت: چه کاری داری؟ گفتم: برای دیدن شما آمده‌ام. ساعتی باهم نشستیم و از هر دری سخن گفتیم تا زمانی که مردم را متفرّق کرد و مجلس خلوت شد، باز از من پرسید: برای چه پیش من آمده‌ای؟ من به همان صورت اوّل پاسخ گفتم، ولی او گفت: گویا آمده‌ای که خبری از مولای خود، امام هادی(علیه‌السلام) بگیری؟",
            "3": "من ترسیدم، گفتم: مولای من متوکل خلیفه است، گفت: ساکت شو که مولای تو بر حقّ است و من نیز هم‌عقیده توام. گفتم: الْحَمْدُ لِلّٰه؛ سپس گفت: آیا می‌خواهی نزد آن حضرت بروی؟ گفتم: آری. گفت: اندکی بنشین تا پیک از نزد آن حضرت بیرون آید، من نشستم تا زمانی که پیک پیام‌آورنده بیرون شد، پس‌ازآن پسرکی را مأموریت داد تا مرا نزد آن حضرت ببرد.",
            "4": "وقتی به خدمت آن جناب رسیدم، دیدم بر روی حصیری نشسته و در برابرشان قبری آماده کرده‌اند! به وجود مبارکشان سلام کردم، سلامم را جواب دادند، سپس دستور دادند بنشینم، فرمودند: برای چه آمده‌ای؟ گفتم: برای خبر گرفتن از احوال شما آمده‌ام، آنگاه به خاطر دیدن آن قبر گریه کردم. حضرت فرمودند: گریه مکن که در این زمان از جانب ایشان آسیبی به من نمی‌رسد، گفتم: الْحَمْدُ لِلّٰه؛",
            "5": "سپس گفتم: ای سرور من، حدیثی از رسول خدا(صلی‌الله‌علیه‌وآله) روایت شده است که من معنی آن را نمی‌فهمم، فرمودند آن حدیث کدام است؟ عرض کردم: «لا تُعادُوا الْأَیّامَ فَتُعادِیکُمْ؛ با روزها دشمنی مکنید تا آن‌ها با شما دشمنی نورزند».",
            "6": "فرمودند: مراد از روزها تا زمانی که آسمان‌ها و زمین برپاست، ما هستیم.\r\n شنبه: نام رسول خداست؛ \r\nیکشنبه: امیرالمؤمنین(علیه‌السلام)؛ \r\nدوشنبه: حسن و حسین(علیهماالسلام)؛ \r\nسه‌شنبه: علی بن الحسین و محمّد بن علی و جعفر بن محمّد (علیهم‌السلام)؛\r\n چهارشنبه: موسی بن جعفر و علی بن موسی و محمّد بن علی(علیهم‌السلام) و من؛\r\n پنجشنبه: فرزندم حسن(علیه‌السلام)؛\r\n جمعه: فرزند فرزندم که اهل حق بر گردش جمع می‌شوند.",
            "7": " این است معنی ایام، پس در دنیا با ایشان دشمنی مکنید که در آخرت با شما دشمنی خواهند کرد. آنگاه فرمود: با من خداحافظی کن و برو که بر تو ایمن نیستم و می‌ترسم آزاری به تو رسد.",
            "8": " سپس سید این حدیث را به سند دیگر از قطب راوندی نقل کرده، آنگاه فرموده: زیارت حضرت رسول (صلی‌الله‌علیه‌وآله) در روز شنبه این است:",
            "9": " زیارت حضرت رسول (ص) در روز شنبه ",
            "10": "زیارت حضرت امیرالمومنین (ع) در یکشنبه ",
            "11": "زیارت حضرت زهرا (س) در روز یکشنبه ",
            "12": "زیارت امام حسن (ع) در روز دوشنبه ",
            "13": "زیارت امام حسین (ع) در روز دوشنبه",
            "14": "زیارت امام زین العابدین, امام باقر, امام صادق (ع) در روز سه شنبه ",
            "15": "زیارت امام موسی کاظم, امام رضا, امام جواد و امام هادی(ع) در روز چهارشنبه ",
            "16": "زیارت امام حسن عسکری (ع) در روز پنجشنبه",
            "17": "زیارت امام زمان (ع) در روز جمعه "
        }
    }
}