{
    "190": {
        "number": 190,
        "bab":73 ,
        "title": "دعای «یا من اظهر الجمیل»",
        "arabic": {
            "1": "بِسْمِ اللّٰهِ الرَّحْمٰنِ الرَّحِيمِ، يَا مَنْ أَظْهَرَ الْجَمِيلَ وَسَتَرَ الْقَبِيحَ، وَلَمْ يَهْتِكِ السِّتْرَ عَنِّي، يَا كَرِيمَ الْعَفْوِ، يَا حَسَنَ التَّجَاوُزِ، يَا واسِعَ الْمَغْفِرَةِ، وَيَا باسِطَ الْيَدَيْنِ بِالرَّحْمَةِ، يَا صاحِبَ كُلِّ نَجْوَىٰ، وَيَا مُنْتَهىٰ كُلِّ شَكْوَىٰ، يَا كَرِيمَ الصَّفْحِ، يَا عَظِيمَ الْمَنِّ، يَا مُبْتَدِئَ كُلِّ نِعْمَةٍ قَبْلَ اسْتِحْقاقِها، يَا رَبَّاهُ يَا سَيِّداهُ يَا مُوْلَيٰاهُ يَا غايَتَاهُ يَا غِيَاثاهُ، صَلِّ عَلَىٰ مُحَمَّدٍ وَآلِ مُحَمَّدٍ، وَأَسْأَلُكَ أَنْ لَاتَجْعَلَنِي فِي النَّارِ.\n",
            "2": "",
            "3": ""

        },
        "farsi": {
            "1": "به نام خدا که رحمتش بسیار و مهربـانی\u200Cاش همیشگی است، ای که زیبایی را آشکار کنی و زشتی را بپوشانی و از من پرده حرمت را پاره نکنی، ای بزرگوار گذشت، ای نیکو درگذرنده، ای فراخ آمرزش، ای گشاده دو دست به رحمت، ای صاحب هر راز، ای نهایت هر شکایت، ای بزرگوار چشم پوش، ای بزرگ احسان، ای آغاز کننده هر نعمت پیش از لیاقت آن، ای پروردگار، ای آقا، ای مولا، ای نهایت، ای فریادرس، بر محمّد و خاندان محمّد درود فرست و از تو می\u200Cخواهم که مرا در آتش دوزخ قرار ندهی.\n",
            "2": "",
            "3": ""

        },
        "tozih": {
            "1": "این دعای شریف است که از گناهان حفظ می\u200Cکند و دربرگیرنده رستگاری در دنیا و آخرت است:\n",
            "2": "آنگاه از حق\u200Cتعالى هرچه می\u200Cخواهی بطلب.\n",
            "3": ""

        }
    }
}